<?xml version="1.0" encoding="utf-8" ?>
<TEI xml:lang="fr">
<teiHeader>
	<fileDesc>
		<titleStmt>
			<title>PAN ET DORIS, PASTORALE</title>
			<author ISNI="0000 0000 6131 0011">Jean Dumas d' Aigueberre (1692-1755)</author>
		</titleStmt>
		<publicationStmt>
			<editor>Texte établi par Paul FIEVRE, juin 2014</editor>
			<publisher>publié par Paul FIEVRE juillet 2014, revu octobre 2016</publisher>
			<idno>AIGUEBERRE_PANETDORIS</idno>
			<rights>Creative Commons BY-NC-SA</rights>
		</publicationStmt>
		<SourceDesc>
			<genre>Pastorale</genre>
			<inspiration>mythologie</inspiration>
			<structure>Un acte</structure>
			<type>vers</type>
			<periode>1721-1730</periode>
			<taille>0-250</taille>
			<permalien>https://gallica.bnf.fr/ark:/12148/bpt6k5469203b</permalien>
		</SourceDesc>
</fileDesc>
</teiHeader>
<text>
	<front>
		<docTitle>
			<titlePart type="main">PAN ET DORIS</titlePart>
			<titlePart type="main">PASTORALE</titlePart>
			
		</docTitle> 
		<docDate value='1729'>M. DCC. XXIX. AVEC PERMISSION.</docDate>
		<docAuthor id="AIGUEBERRE, Jean Dumas d'"></docAuthor>
		<docImprint>
			<approbation><head>APPROBATION.</head>
				<p>J'ai lu par ordre de Monseigneur le Garde des Sceaux, les Trois Spectacles, Pièce nouvelle en trois actes ; dont j'ai crû que l'impression serait agréable au public.</p>
				<p>FAIT à Paris le 28 Juillet 1729. Signé, GALLYOT.</p>
			</approbation>
			<privilege><head>PRIVILEGE DU ROI</head>
				<p>LOUIS, par la grâce de Dieu, Roi de France et de Navarre : À nos amés et féaux Conseillers les Gens, tenant nos Cours de Parlements, Maîtres des Requêtes ordinaires de nôtre Hôtel, Grand Conseil, Prévôt de Paris, Baillifs, Sénéchaux, leurs Lieutenants Civils et autres nos Justiciers qu'il appartiendra, SALUT. Notre bien amé JEAN FRANÇOIS TABARIE, Libraire à Paris, Nous ayant, fait supplier de lui accorder nos Lettres de Permission pour l'impression des Trois Spectacles, Pièce nouvelle, en trois Actes, par le Sieur du Mas d'Aigueberre, offrant pour cet effet de le faire imprimer en bon papier à beaux caractères suivant la feuille imprimée, et attachée pour modèle sous le contre-scel des présentes. Nous lui avons permis et permettons par ces présentes, de faire imprimer ledit Livre ci-dessus spécifié en un ou plusieurs volumes, conjointement ou séparément, et autant de fois que bon lui semblera, de le vendre, faire vendre et débiter par tout notre Royaume, pendant le temps de trois années consécutives, à compter du jour de la date desdites présentes Faisons défenses à tous Libraires, Imprimeurs et autres Personnes, de quelque qualité et condition qu'elles soient, d'en introduire d'impression étrangère dans aucun lieu de nôtre obéissance ; à la charge que ces présentes seront enregistrées tout au long sur le Registre de la Communauté des Libraires et Imprimeurs de Paris, dans trois mois de la date d'icelles ; que l'impression de ce Livre sera faite dans notre Royaume et non ailleurs, et que l'impétrant se conformera en tout aux Règlements de la Librairie, et notamment à celui du dix Avril 1725 et qu'avant que de l'exposer en vente, le Manuscrit ou Imprimé qui aura servi de copie à l'impression dudit Livre, sera remis au même état où l'Approbation y aura été donnée, ès mains de nôtre très-cher et féal Chevalier Garde des Sceaux de France, le Sieur Chauvelin ; et qu'il en fera ensuite remis deux exemplaires dans notre Bibliothèque Publique, un dans celle de nôtre Château du Louvre, et un dans celle de nôtre très cher et féal Chevalier Garde des Sceaux de France, le Sieur Chauvelin ; le tout à peine de nullité des présentes ; du contenu desquelles vous mandons et enjoignons de faire jouir l'Exposant ou ses ayants causes, pleinement et paisiblement, sans souffrir qu'il leur soit fait aucun trouble ou empêchement. Voulons qu'à la copie desdites présentes, qui sera imprimée tout au long au commencement ou à la fin dudit Livre, foi soit ajoutée comme à l'original. Commandons au premier nôtre Huissier ou Sergent, de faire pour l'exécution d'icelles, tous Actes requis et nécessaires, sans demander autre permission, et nonobstant clameur de Haro, Charte Normande, et Lettres à ce contraires : CAR tel est notre plaisir. Donné à Paris le onzième jour du mois d'Août, l'an de grâce mille sept cent vingt-neuf. Et de nôtre Règne le quatorzième. Par le Roi en son Conseil.</p>
				<p>Signé, DE SAINT HlLAIRE. </p>
				<p>Registre sur le Registre VII. de la Chambre Royale des Libraires et Imprimeurs de Paris, N°409. F°352. conformément aux anciens Règlements, confirmés par celui du 28 Février 1723. À Paris le 17 Août 1729.</p>
				<p>Signé, P. A. LEMERCIER, Syndic.</p>
				<p>À Paris, de l'imprimerie de P. PRAULT.</p>
			</privilege>
			<acheveImprime value=''></acheveImprime>
			<printer id='TABARIE'>À PARIS, Chez TABARIE, sur le Quai de Conti.</printer>
		</docImprint>
		<performance>
			<premiere date='(non représentée)' location='(non représentée)'></premiere>
		</performance>
	<castList><head>ACTEURS du PROLOGUE.</head>
		<castItem><role id="PAN" sex="1" type="H" statut='chevalier' age='A' stat_amour='néant'>PAN</role>.</castItem>
		<castItem><role id="DORIS" sex="1" type="H" statut='commandeur' age='A' stat_amour='néant'>DORIS</role>.</castItem>
		<castItem><role id="PALEMON" sex="1" type="H" statut='vicomte' age='A' stat_amour='néant'>PALEMON</role>.</castItem>
		<castItem><role id="JULIE" sex="2" type="H" statut='servante' age='A' stat_amour='néant'>JULIE</role>.</castItem>
		<castItem><role id="LA MARQUISE" sex="2" type="H" statut='marquis' age='A' stat_amour='néant'>LA MARQUISE</role>.</castItem>
		<castItem><role id="HORTENSE" sex="2" type="H" statut='aristocrate' age='A' stat_amour='néant'>HORTENSE</role>.</castItem>
		<castItem><role id="CÉLIMÈNE" sex="2" type="H" statut='aristocrate' age='A' stat_amour='néant'>CÉLIMÈNE</role>.</castItem>
  </castList>
<set location='Campagne' country='France' periode='XVIIIème' gps="(N/A)">La Scène est à la Maison de Campagne de...</set>
</front>
<body>
<div1 type="act" n='1'><head>PAN ET DORIS.</head>
<div2 type="scene" n='1'><head>SCÈNE PREMIÈRE.</head>
<sp stage="imitate" who='PAN'><speaker>PAN sous la figure de Valémon.</speaker>
	<l id='1'>Amour, le Dieu des Bois implore ta toute puissance :</l>
	<l id='2'>Sauve-moi la douleur de revoir en ces lieux,</l>
	<l id='3'>Un Berger trop fatal au bonheur de mes feux</l>
	<l id='4'>Profitant du dépit qui causa son absence,</l>
	<l id='5'>C'est toi qui pour fléchir l'objet de tous mes voeux,</l>
	<l id='6'>M'as fait de Palémon prendre la ressemblance :</l>
	<l id='7'>Amour, le Dieu des Bois implore ta puissance :</l>
	<l id='8'>Sauve-moi la douleur de revoir en ces lieux</l>
	<l id='9'>Un Berger trop fatal au bonheur de mes feux.</l>
</sp>
</div2>
<div2 type="scene" n='2'><head>SCÈNE II. Pan, Doris.</head>
<sp who='DORIS'><speaker>DORIS.</speaker>
	<l id='10'>Quoi, toujours agité d'une douleur mortelle !</l>
</sp>
<sp who='PAN'><speaker>PAN.</speaker>
	<l id='11'>Peut-on aimer hélas ! Et ne pas ressentir</l>
	<l id='12'>Une crainte toujours nouvelle ?</l>
</sp>
<sp who='DORIS'><speaker>DORIS.</speaker>
	<l id='13'>L'aveu de mon ardeur fidèle</l>
	<l id='14'>D'une injuste frayeur aurait dû vous guérir.</l>
</sp>
<sp who='PAN'><speaker>PAN.</speaker>
	<l id='15'>J'éprouve une peine cruelle,</l>
	<l id='16'>Tout semble m'annoncer que le Ciel en courroux</l>
	<l id='17'>Me prépare un coup terrible :</l>
	<l id='18'>Et je sens que mon coeur ne peut être sensible</l>
	<l id='19'>Qu'au malheur de me voir abandonné de vous.</l>
</sp>
<sp who='DORIS'><speaker>DORIS.</speaker>
	<l id='20'>Si le bonheur de votre vie</l>
	<l id='21'>Dépend de ma fidèle ardeur,</l>
	<l id='22'>Croyez que Doris en son coeur</l>
	<l id='23'>Vous garde un sort digne d'envie.</l>
</sp>
<sp who='PAN'><speaker>PAN.</speaker>
	<l id='24'>Non, vous ne m'aimez pas ; et j'en crois la douleur</l>
	<l id='25'>Qu'éprouve en ce jour ma tendresse.</l>
</sp>
<sp who='DORIS'><speaker>DORIS.</speaker>
	<l id='26'>Pour dissiper un soupçon qui me blesse</l>
	<l id='27'>À de nouveaux serments faut-il avoir recours ?</l>
</sp>
<sp who='PAN'><speaker>PAN.</speaker>
	<l id='28'>Jurez-moi par le Dieu qu'en ces bois on révère</l>
	<l id='29'>Que le Berger qui vous sut plaire</l>
	<l id='30'>Sera toujours l'objet de vos tendres amours.</l>
</sp>
<sp who='DORIS'><speaker>DORIS.</speaker>
	<l id='31'>Je jure par le Dieu qu'en ces bois on révère</l>
	<l id='32'>Que le Berger qui m'a su plaire</l>
	<l id='33'>Sera toujours l'objet de mes tendres amours.</l>
</sp>
<sp who='DORIS'><speaker>DORIS.</speaker>
	<l id='34'>Mais on vient. Terminons un discours trop sincère.</l>
<stage type="exit">Elle sort.</stage>
</sp>
</div2>
<div2 type="scene" n='3'><head>SCÈNE III. Pan, Arcas.</head>
<sp who='ARCAS'><speaker>ARCAS.</speaker>
	<l id='35'>Palémon sur ces bords, vient de frapper mes yeux.</l>
</sp>
<sp who='PAN'><speaker>PAN.</speaker>
	<l id='36'>Que son retour me cause une mortelle peine !</l>
</sp>
<sp who='ARCAS'><speaker>ARCAS.</speaker>
	<l id='37'>Et pourquoi craignez-vous un rival malheureux ?</l>
</sp>
<sp who='PAN'><speaker>PAN.</speaker>
	<l id='38'>Quand Palémon lassé d'une constance vaine</l>
	<l id='39'>Jura de ne plus voir ces lieux</l>
	<l id='40'>Doris à son départ ne fut que trop sensible</l>
	<l id='41'>On vit éclater un amour</l>
	<l id='42'>Que sa rigueur invincible</l>
	<l id='43'>Avait caché jusqu'à ce jour.</l>
</sp>
<sp who='ARCAS'><speaker>ARCAS.</speaker>
	<l id='44'>Du Berger prenant l'apparence,</l>
	<l id='45'>Vous avez triomphé de l'objet de vos feux.</l>
</sp>
<sp who='PAN'><speaker>PAN.</speaker>
	<l id='46'>Et ne prévois-tu pas que cette ressemblance</l>
	<l id='47'>Du Berger à son tour va seconder les voeux ?</l>
</sp>
<sp who='ARCAS'><speaker>ARCAS.</speaker>
	<l id='48'>Tout respecte vos lois en ce séjour champêtre.</l>
	<l id='49'>Il ne vous reste plus qu'à vous faire connaître.</l>
</sp>
<sp who='PAN'><speaker>PAN.</speaker>
	<l id='50'>L'amant le plus glorieux</l>
	<l id='51'>N'est pas toujours le plus aimable ;</l>
	<l id='52'>S'il était moins redoutable</l>
	<l id='53'>Souvent il n'en plairait que mieux.</l>
</sp>
<sp who='ARCAS'><speaker>ARCAS.</speaker>
	<l id='54'>Celui qui plaît davantage</l>
	<l id='55'>N'est pas toujours le mieux traité.</l>
	<l id='56'>Heureux l'amant dont l'hommage</l>
	<l id='57'>Flatte l'orgueil d'une beauté !</l>
	<l id='58'>Heureux l'Amant dont l'hommage</l>
	<l id='59'>Fait triompher la vanité.</l>
</sp>
<sp who='PAN'><speaker>PAN.</speaker>
	<l id='60'>J'aperçois Palémon. Tâche, ami, de t'instruire</l>
	<l id='61'>Du soin qui dans ces lieux l'attire.</l>
<stage type="exit">Il sort.</stage>
</sp>
</div2>
<div2 type="scene" n='4'><head>SCÈNE IV. Palémon, Arcas.</head>
<sp who='ARCAS'><speaker>ARCAS.</speaker>
	<l id='62'>Palémon, est-ce vous qu'en ces lieux je revois ?</l>
	<l id='63'>Vous qui d'une éternelle absence</l>
	<l id='64'>Vous étiez imposé la loi.</l>
</sp>
<sp who='PALÉMON'><speaker>PALÉMON.</speaker>
	<l id='65'>Je viens revoir les lieux où j'ai pris la naissance.</l>
</sp>
<sp who='ARCAS'><speaker>ARCAS.</speaker>
	<l id='66'>Vous y verrez toujours la charmante Doris.</l>
</sp>
<sp who='PALÉMON'><speaker>PALÉMON.</speaker>
	<l id='67'>L'absence a triomphé du pouvoir de ses charmes :</l>
	<l id='68'>Et l'on ne verra plus mes larmes</l>
	<l id='69'>Nourrir son injuste mépris.</l>
	<l id='70'>Heureux mépris qui me dégage</l>
	<l id='71'>Des soins dont j'étais agité !</l>
	<l id='72'>Plus j'ai souffert dans l'esclavage ;</l>
	<l id='73'>Plus je chéris ma liberté.</l>
</sp>
<sp who='ARCAS'><speaker>ARCAS.</speaker>
	<l id='74'>Des plaisirs de l'indifférence</l>
	<l id='75'>Goûtez la charmante douceur :</l>
	<l id='76'>Ceux que promet l'amour n'ont qu'un charme trompeur.</l>
</sp>
<sp stage="together" who='PALÉMON'><speaker>PALÉMON, ARCAS ensemble.</speaker>
	<l id='77'>Des plaisirs de l'indifférence</l>
	<l id='78'>Goûtons la charmante douceur :</l>
	<l id='79'>Ceux que l'Amour promet pour récompense</l>
	<l id='80'>N'ont qu'un charme trompeur.</l>
</sp>
<sp who='ARCAS'><speaker>ARCAS.</speaker>
	<l id='81'>Doris vers nous s'avance ;</l>
	<l id='82'>Fuyons un objet trop charmant.</l>
</sp>
<sp who='PALÉMON'><speaker>PALÉMON.</speaker>
	<l id='83'>Sa présence à mon coeur ne cause point d'alarmes.</l>
</sp>
</div2>
<div2 type="scene" n='5'><head>SCÈNE V. Doris, Palémon, Arcas.</head>
<sp who='DORIS'><speaker>DORIS.</speaker>
	<l id='84'>Bergers, m'est-il permis d'oser pour un moment</l>
	<l id='85'>D'un entretien secret troubler ici les charmes ?</l>
</sp>
<sp who='PALÉMON'><speaker>PALÉMON.</speaker>
	<l id='86'>J'entretenais Arcas des biens pleins de douceur,</l>
	<l id='87'>Qu'un coeur indifférent trouve dans cet asile.</l>
</sp>
<sp who='DORIS'><speaker>DORIS.</speaker>
	<l id='88'>Depuis quand Palémon vante-t-il le bonheur</l>
	<l id='89'>Qu'éprouve un coeur tranquille ?</l>
</sp>
<sp who='PALÉMON'><speaker>PALÉMON.</speaker>
	<l id='90'>Depuis que j'ai perdu jusques au souvenir</l>
	<l id='91'>Des maux qu'Amour me fit souffrir.</l>
	<l id='92'>Malgré ses rigueurs, une ingrate</l>
	<l id='93'>Voudrait qu'on l'adorât toujours :</l>
	<l id='94'>Mais enfin l'orgueil qui la flatte,</l>
	<l id='95'>Écarte à jamais les amours.</l>
</sp>
<sp who='DORIS'><speaker>DORIS.</speaker>
	<l id='96'>Ciel ! Quel est ce discours ? Et que voulez-vous dire ?</l>
</sp>
<sp who='PALÉMON'><speaker>PALÉMON.</speaker>
	<l id='97'>Je dis que sous son Empire</l>
	<l id='98'>Doris n'aura plus le plaisir</l>
	<l id='99'>De me voir vainement soupirer, et gémir.</l>
	<l id='100'>Mais qu'a donc cet aveu qui doive vous surprendre ?</l>
	<l id='101'>Avez-vous dû prétendre</l>
	<l id='102'>Que mon coeur dans vos fers fût toujours arrêté ?</l>
</sp>
<sp who='DORIS'><speaker>DORIS.</speaker>
	<l id='103'>Non, non. J'ai du prévoir que ta légèreté</l>
	<l id='104'>Serait le prix de ma faiblesse :</l>
	<l id='105'>Et que je perdrais ta tendresse</l>
	<l id='106'>Sitôt que mon amour aurait trop éclaté.</l>
</sp>
<sp who='PALÉMON'><speaker>PALÉMON.</speaker>
	<l id='107'>Si les rigueurs des Belles</l>
	<l id='108'>De leur amour sont des preuves fidèles,</l>
	<l id='109'>Jamais amant ne fut plus fortuné que moi.</l>
</sp>
<sp who='DORIS'><speaker>DORIS.</speaker>
	<l id='110'>Il te sied bien de te plaindre</l>
	<l id='111'>Des rigueurs que j'eus pour toi.</l>
	<l id='112'>Ah ! Plutôt à mes yeux, ingrat, cesse de feindre ;</l>
	<l id='113'>Et nomme-moi l'objet qui m'a ravi ta foi.</l>
</sp>
<sp who='PALÉMON'><speaker>PALÉMON.</speaker>
	<l id='114'>L'objet qui m'enchante,</l>
	<l id='115'>Régnera toujours dans mon coeur.</l>
	<l id='116'>Liberté charmante !</l>
	<l id='117'>Vous ferez toujours mon bonheur.</l>
</sp>
<sp who='DORIS'><speaker>DORIS.</speaker>
	<l id='118'>L'Infidèle m'outrage après m'avoir trahie.</l>
	<l id='119'>Ô Ciel ! Punis sa perfidie.</l>
	<l id='120'>Ou plutôt terminant ma honte et mes malheurs,</l>
	<l id='121'>Dieux ! Ôtez-moi la vie :</l>
	<l id='122'>Je ne puis être trop punie</l>
	<l id='123'>D'avoir aimé l'ingrat qui méprise mes pleurs.</l>
</sp>
</div2>
<div2 type="scene" n='6'><head>SCÈNE VI. Pan, Doris, Palémon, Arcas.</head>
<sp stage="closer" who='PAN'><speaker>PAN, sous la figure de Palémon.</speaker>
	<l id='124'>Bergère suspendez vos regrets et vos larmes,</l>
	<l id='125'>Celui qui reçut votre coeur,</l>
	<l id='126'>Brûle toujours pour vous de la plus vive ardeur ;</l>
	<l id='127'>Laissez les soins et les alarmes,</l>
	<l id='128'>À ceux qui vous offrent leurs voeux :</l>
	<l id='129'>Ce n'est point avec tant de charmes,</l>
	<l id='130'>Que l'on voit mépriser ses feux.</l>
</sp>
<sp who='DORIS'><speaker>DORIS.</speaker>
	<l id='131'>Ciel ! Quel est ce prodige ? Et par quelle puissance,</l>
	<l id='132'>Vois-je ici deux bergers m'offrir les mêmes traits ?</l>
</sp>
<sp who='PAN'><speaker>PAN.</speaker>
	<l id='133'>Plus amoureux qu'on ne le fut jamais,</l>
	<l id='134'>De Palémon j'ai pris la ressemblance.</l>
</sp>
<sp who='DORIS'><speaker>DORIS.</speaker>
	<l id='135'>Ce n'est point Palémon qui frappe ici mes yeux !</l>
</sp>
<sp who='PAN'><speaker>PAN.</speaker>
	<l id='136'>Je suis le Dieu des Bois qu'on révère en ces lieux,</l>
	<l id='137'>Soumis à mon pouvoir suprême,</l>
	<l id='138'>Dryades et Sylvains sortez du fond des bois,</l>
	<l id='139'>De la beauté que j'aime,</l>
	<l id='140'>Venez reconnaître les lois.</l>
</sp>
</div2>
<div2 type="scene" n='7'><head>SCÈNE DERNIÈRE. Troupes de Dryades de Satyres et de Bergers.</head> 
<sp who='LE CHOEUR'><speaker>LE CHOEUR.</speaker>
	<l id='141'>Sous votre empire,</l>
	<l id='142'>Nous nous rangeons tous,</l>
	<l id='143'>Le Dieu qui pour vous soupire,</l>
	<l id='144'>Règne sur nous.</l>
</sp>
<sp who='PAN'><speaker>PAN.</speaker>
	<l id='145'>Pardonnez au stratagème,</l>
	<l id='146'>Que vient d'employer mon ardeur,</l>
	<l id='147'>C'est le Dieu d'amour lui-même.</l>
	<l id='148'>Qui sut l'inspirer à mon coeur.</l>
</sp>
<sp who='DORIS'><speaker>DORIS.</speaker>
	<l id='149'>Je pardonne au stratagème,</l>
	<l id='150'>Que vient d'employer votre ardeur ;</l>
	<l id='151'>C'est le Dieu d'Amour lui-même,</l>
	<l id='152'>Qui me fait chérir mon erreur.</l>
</sp>
<sp stage="toward" who='DORIS'><speaker>DORIS, à Palémon.</speaker>
	<l id='153'>D'une constance trop pénible</l>
	<l id='154'>Berger, vous n'avez pu supporter la rigueur,</l>
	<l id='155'>Un Dieu soumis et plus sensible,</l>
	<l id='156'>Par des soins assidus a su gagner mon coeur,</l>
	<l id='157'>Et je consens qu'il jouisse</l>
	<l id='158'>D'un bien qu'il doit moins à son artifice,</l>
	<l id='159'>Qu'à l'excès de son ardeur.</l>
</sp>
<sp who='PALÉMON'><speaker>PALÉMON.</speaker>
	<l id='160'>Bergère, partagez la suprême puissance :</l>
	<l id='161'>D'un amant glorieux ;</l>
	<l id='162'>Mais n'espérez pas que mes yeux,</l>
	<l id='163'>Soient les témoins d'un bonheur qui m'offense.</l>
	<l id='164'>Loin des lieux où l'on vient de ravir votre foi,</l>
	<l id='165'>Je vais pleurer un bien qui n'était dû qu'à moi.</l>
<stage type="exit">Il sort.</stage>
</sp>
<sp who='PAN'><speaker>PAN.</speaker>
	<l id='166'>Redoublons l'ardeur extrême,</l>
	<l id='167'>Qui vient d'assurer mon bonheur,</l>
	<l id='168'>C'est le Dieu d'amour lui-même</l>
	<l id='169'>Qui sut tromper votre rigueur.</l>
</sp>
<sp who='DORIS'><speaker>DORIS.</speaker>
	<l id='170'>Redoublons l'ardeur extrême,</l>
	<l id='171'>Qui vient d'assurer mon bonheur ;</l>
	<l id='172'>C'est le Dieu d'amour lui-même.</l>
	<l id='173'>Qui me fait chérir mon erreur.</l>
</sp>
<sp who='PAN'><speaker>PAN.</speaker>
	<l id='174'>Qu'on applaudisse à ma victoire,</l>
	<l id='175'>Venez, Bergers, accourez tous :</l>
	<l id='176'>D'un triomphe si doux,</l>
	<l id='177'>Vous partagez la gloire.</l>
<stage type="danse">On danse.</stage>
</sp>
<sp who='UNE DRIADE'><speaker>UNE DRIADE.</speaker>
	<l id='178'>Fuyez loin de nous,</l>
	<l id='179'>Coeurs insensibles,</l>
	<l id='180'>Nos réduits paisibles,</l>
	<l id='181'>Sont-ils faits pour vous ?</l>
	<l id='182'>Votre indifférence</l>
	<l id='183'>Nous offense ;</l>
	<l id='184'>Nos ardeurs</l>
	<l id='185'>Condamnent vos froideurs.</l>
	<l id='186'>Si l'amour nous fait verser des larmes,</l>
	<l id='187'>Nos alarmes</l>
	<l id='188'>Ont des charmes</l>
	<l id='189'>Pour nos coeurs,</l>
	<l id='190'>D'un long esclavage</l>
	<l id='191'>Tôt ou tard il dédommage</l>
	<l id='192'>On trouve en ses faveurs</l>
	<l id='193'>Mille douceurs.</l>
</sp>
<sp who='DEUX BERGÈRES'><speaker>DEUX BERGÈRES.</speaker>
	<l id='194'>Que les Dieux, que les Rois</l>
	<l id='195'>Viennent dans nos bois,</l>
	<l id='196'>Chercher des Maîtresses sincères.</l>
	<l id='197'>Ce n'est que par nos bergères,</l>
	<l id='198'>Qu'un coeur bien enflammé,</l>
	<l id='199'>Peut se flatter d'être aimé.</l>
</sp>
<sp who='LE CHOEUR'><speaker>LE CHOEUR.</speaker>
	<l id='200'>Viens, Amour, dans cette retraite ;</l>
<note type="C">Les attributs du Dieu Amour sont un arc, des flèches et un carquois pour les y ranger.</note>
	<l id='201'>Quitte ton arc et ton carquois :</l>
 <note type="L">Houlette : Fig. Poétiquement, l'état, la condition de berger. [L] La houlette est la bâton de berger.</note>
	<l id='202'>Et ne prend plus qu'une houlette,</l>
	<l id='203'>Pour ranger nos coeurs sous tes lois.</l>
<stage type="danse">On danse.</stage>
</sp>
<sp who='UN SATYRE'><speaker>UN SATYRE.</speaker>
	<l id='204'>Vous qui d'une beauté cruelle,</l>
	<l id='205'>Éprouvez l'injuste rigueur,</l>
	<l id='206'>Cherchez quelque ruse nouvelle,</l>
	<l id='207'>Pour faire approuver votre ardeur.</l>
	<l id='208'>Qu'importe comment on parvienne</l>
	<l id='209'>À vaincre une fière beauté,</l>
	<l id='210'>Pourvu que notre amour obtienne</l>
	<l id='211'>Le prix de sa fidélité ?</l>
</sp>
<sp who='UNE DRIADE'><speaker>UNE DRIADE.</speaker>
	<l id='212'>Il n'est point de cruelle ,</l>
	<l id='213'>Il n'est point de rebelle,</l>
	<l id='214'>Qu'un amant fidèle</l>
	<l id='215'>Ne désarme enfin.</l>
	<l id='216'>Tel quitte aujourd'hui sa bergère,</l>
	<l id='217'>Qui peut être le lendemain,</l>
	<l id='218'>Verrait son coeur moins sévère,</l>
	<l id='219'>Payer la flamme sincère,</l>
	<l id='220'>D'un heureux destin.</l>
</sp>
<sp who='UNE BERGÈRE'><speaker>UNE BERGÈRE.</speaker>
	<l id='221'>Telle fait l'insensible,</l>
	<l id='222'>Qui gémir en son coeur</l>
	<l id='223'>D'une fierté pénible,</l>
	<l id='224'>L'Amour qui connaît son ardeur,</l>
	<l id='225'>Se rit de sa rigueur :</l>
	<l id='226'>On la voit fuir sans cesse</l>
	<l id='227'>L'objet de sa tendresse ;</l>
	<l id='228'>Mais son trouble et ses soupirs</l>
	<l id='229'>Trahissent ses désirs.</l>
</sp>
<sp stage="together" who='LE CHOEUR'><speaker>CHOEURS de BERGERS ET DE BERGÈRES.</speaker>
	<l id='230'>Viens Amour dans cette retraite,</l>
	<l id='231'>Quitte ton arc et ton carquois.</l>
	<l id='232'>Et ne prend plus qu'une houlette,</l>
	<l id='233'>Peur ranger nos coeurs sous tes lois.</l>
</sp>
</div2>
</div1>
</body>
</text>
</TEI>