<?xml version="1.0" encoding="utf-8" ?>
<TEI xml:lang="fr">
<teiHeader>
	<fileDesc>
		<titleStmt>
			<title>POLIXÈNE, TRAGÉDIE</title>
			<author born='1692' born_location='' death='1655' death_location='' academie=''>AIGUEBERRE, Jean Dumas d'</author>
		</titleStmt>
		<publicationStmt>
			<editor>Texte établi par Paul FIEVRE, juin 2014</editor>
			<publisher>publié par Paul FIEVRE juillet 2014, revu octobre 2016</publisher>
			<idno>AIGUEBERRE_POLIXENE</idno>
			<rights>Creative Commons BY-NC-SA</rights>
		</publicationStmt>
		<SourceDesc>
			<genre>Comédie</genre>
			<inspiration>mythologie</inspiration>		<structure>Un acte</structure>
			<type>vers</type>
			<periode>1721-1730</periode>
			<taille>250-500</taille>
			<permalien>https://gallica.bnf.fr/ark:/12148/bpt6k5469203b</permalien>
		</SourceDesc>
		<edStmt></edStmt>
</fileDesc>
</teiHeader>
<text>
	<front>
		<docTitle>			
			<titlePart type="main">POLIXÈNE</titlePart>
			<titlePart type="sub">TRAGÉDIE EN UN ACTE</titlePart>
			<titlePart type="sub">dans LES TROIS SPECTACLES</titlePart>
		</docTitle> 
		<docDate value='1729'>M. DCC. XXIX. AVEC PERMISSION.</docDate>
		<docAuthor id="AIGUEBERRE, Jean Dumas d'" bio='aigueberre'></docAuthor>
		<docImprint>
			<approbation><head>APPROBATION.</head>
				<p>J'ai lu par ordre de Monseigneur le Garde des Sceaux, les Trois Spectacles, Pièce nouvelle en trois actes ; dont j'ai crû que l'impression serait agréable au public.</p>
				<p>FAIT à Paris le 28 Juillet 1729. Signé, GALLYOT.</p>
			</approbation>
			<privilege><head>PRIVILÈGE DU ROI</head>
				<p>LOUIS, par la grâce de Dieu, Roi de France et de Navarre : À nos amés et féaux Conseillers les Gens, tenant nos Cours de Parlements, Maîtres des Requêtes ordinaires de nôtre Hôtel, Grand Conseil, Prévôt de Paris, Baillifs, Sénéchaux, leurs Lieutenants Civils et autres nos Justiciers qu'il appartiendra, SALUT. Notre bien amé JEAN FRANÇOIS TABARIE, Libraire à Paris, Nous ayant, fait supplier de lui accorder nos Lettres de Permission pour l'impression des Trois Spectacles, Pièce nouvelle, en trois Actes, par le Sieur du Mas d'Aigueberre, offrant pour cet effet de le faire imprimer en bon papier à beaux caractères suivant la feuille imprimée, et attachée pour modèle sous le contre-scel des présentes. Nous lui avons permis et permettons par ces présentes, de faire imprimer ledit Livre ci-dessus spécifié en un ou plusieurs volumes, conjointement ou séparément, et autant de fois que bon lui semblera, de le vendre, faire vendre et débiter par tout notre Royaume, pendant le temps de trois années consécutives, à compter du jour de la date desdites présentes Faisons défenses à tous Libraires, Imprimeurs et autres Personnes, de quelque qualité et condition qu'elles soient, d'en introduire d'impression étrangère dans aucun lieu de nôtre obéissance ; à la charge que ces présentes seront enregistrées tout au long sur le Registre de la Communauté des Libraires et Imprimeurs de Paris, dans trois mois de la date d'icelles ; que l'impression de ce Livre sera faite dans notre Royaume et non ailleurs, et que l'impétrant se conformera en tout aux Règlements de la Librairie, et notamment à celui du dix Avril 1725 et qu'avant que de l'exposer en vente, le Manuscrit ou Imprimé qui aura servi de copie à l'impression dudit Livre, sera remis au même état où l'Approbation y aura été donnée, ès mains de nôtre très-cher et féal Chevalier Garde des Sceaux de France, le Sieur Chauvelin ; et qu'il en fera ensuite remis deux exemplaires dans notre Bibliothèque Publique, un dans celle de nôtre Château du Louvre, et un dans celle de nôtre très cher et féal Chevalier Garde des Sceaux de France, le Sieur Chauvelin ; le tout à peine de nullité des présentes ; du contenu desquelles vous mandons et enjoignons de faire jouir l'Exposant ou ses ayants causes, pleinement et paisiblement, sans souffrir qu'il leur soit fait aucun trouble ou empêchement. Voulons qu'à la copie desdites présentes, qui sera imprimée tout au long au commencement ou à la fin dudit Livre, foi soit ajoutée comme à l'original. Commandons au premier nôtre Huissier ou Sergent, de faire pour l'exécution d'icelles, tous Actes requis et nécessaires, sans demander autre permission, et nonobstant clameur de Haro, Charte Normande, et Lettres à ce contraires : CAR tel est notre plaisir. Donné à Paris le onzième jour du mois d'Août, l'an de grâce mille sept cent vingt-neuf. Et de nôtre Règne le quatorzième. Par le Roi en son Conseil.</p>
				<p>Signé, DE SAINT HlLAIRE. </p>
				<p>Registre sur le Registre VII. de la Chambre Royale des Libraires et Imprimeurs de Paris, N°409. F°352. conformément aux anciens Règlements, confirmés par celui du 28 Février 1723. À Paris le 17 Août 1729.</p>
				<p>Signé, P. A. LEMERCIER, Syndic.</p>
				<p>À Paris, de l'imprimerie de P. PRAULT.</p>
			</privilege>
			<acheveImprime value=''></acheveImprime>
			<printer id='TABARIE'>À PARIS, Chez TABARIE, sur le Quai de Conti.</printer>
		</docImprint>
		<performance>
			<premiere date='(non représentée)' location='(non représentée)'></premiere>
		</performance>
  <castList><head>ACTEURS DE POLYXENE.</head>
		<castItem><role id="POLIXÈNE" sex="2" type="H" statut='prince' age='J' stat_amour='néant'>POLIXÈNE</role>, fille de Priam Roi de Troie.</castItem>
		<castItem><role id="PYRRHUS" sex="1" type="H" statut='roi' age='J' stat_amour='néant'>PYRRHUS</role>, fils d'Achille Roi d'Epire.</castItem>
		<castItem><role id="AEGINE" sex="2" type="H" statut='confident' age='A' stat_amour='néant'>AEGINE</role> Confidente de Polixène</castItem>
		<castItem><role id="THESSANDRE" sex="1" type="H" statut='capitaine' age='A' stat_amour='néant'>THESSANDRE</role>, Capitaine des Gardes de Pyrrhus.</castItem>
	</castList>
	<set location="Troie" country="Turquie" periode="Temps mythologiques" gps="39.957480, 26.238895">La scène est sur les débris de Troie.</set>
</front>
<body>
<div1 type="act" n='1'><head>POLIXÈNE TRAGÉDIE EN UN ACTE.</head>
<div2 type="scene" n='1'><head>SCÈNE PREMIÈRE. Polixène, AEgine.</head>
<sp who='POLIXÈNE'><speaker>POLIXÈNE.</speaker>
	<l id='1'>Ciel ! À quels affronts m'avez vous destinée.</l>
	<l id='2'>De climats en climats en triomphe amenée,</l>
	<l id='3'>Je verrai mes tyrans à me nuire obstinés,</l>
	<l id='4'>Montrer la soeur d'Hector aux peuples étonnés ;</l>
	<l id='5'>Et pour comble d'horreurs esclave d'un barbare :</l>
	<l id='6'>Ô mort ! Viens m'affranchir des maux qu'on me prépare.</l>
</sp>
<sp who='AEGINE'><speaker>AEGINE.</speaker>
	<l id='7'>Qu'entends-je juste ciel, et quels sont vos souhaits !</l>
</sp>
<sp who='POLIXÈNE'><speaker>POLIXÈNE.</speaker>
	<l id='8'>Vous avez vu grands Dieux ! Les efforts que j'ai faits.</l>
	<l id='9'>Pour étouffer un feu dont l'horreur vous offense :</l>
	<l id='10'>D'un sexe malheureux ils passent la puissance.</l>
</sp>
<sp who='AEGINE'><speaker>AEGINE.</speaker>
	<l id='11'>Ainsi donc votre coeur trompant mon amitié</l>
	<l id='12'>De ses ennuis secrets me cache la moitié.</l>
</sp>
<sp who='POLIXÈNE'><speaker>POLIXÈNE.</speaker>
<note type="C">Flamme : sens métaphorique de passion amoureuse ; celle qu'il eut envers Hélène.</note>
	<l id='13'>Du coupable Pâris les flammes téméraires</l>
	<l id='14'>Viennent de renverser le trône de mes pères</l>
	<l id='15'>AEgine, c'était peu de toutes ces horreurs,</l>
	<l id='16'>Et j'ai dû d'un tel frère imiter les fureurs.</l>
</sp>
<sp who='AEGINE'><speaker>AEGINE.</speaker>
<note type="L">Joug : pièce de bois posé usuellement sur les cous de boeufs et qui sert à composer un attelage tirant une charrue. Métaphoriquement, émotion insupportable causant peine et souffrance.</note>
	<l id='17'>Et quel est cet amour dont le joug vous opprime.</l>
</sp>
<sp who='POLIXÈNE'><speaker>POLIXÈNE.</speaker>
	<l id='18'>Des amours le plus tendre et le moins légitime.</l>
	<l id='19'>Mais pourquoi t'en ferais-je un récit odieux ?</l>
	<l id='20'>AEgine, il me rendrait trop coupable à tes yeux ;</l>
	<l id='21'>Et tu dois redouter ma triste confidence.</l>
</sp>
<sp who='AEGINE'><speaker>AEGINE.</speaker>
	<l id='22'>Non, non, rompez, Madame, un injuste silence,</l>
	<l id='23'>Nommez l'objet fatal d'un penchant malheureux.</l>
</sp>
<sp who='POLIXÈNE'><speaker>POLIXÈNE.</speaker>
	<l id='24'>Des Grecs, le plus barbare a surpris tous mes voeux.</l>
</sp>
<sp who='AEGINE'><speaker>AEGINE.</speaker>
	<l id='25' part="i">Dieux ! Serait-ce Pyrrhus ?</l>
</sp>
<sp who='POLIXÈNE'><speaker>POLIXÈNE.</speaker>
	<l id='25' part="f">AEgine, c'est lui-même ;</l>
	<l id='26'>Ce vainqueur ou plutôt, ce fier tyran, je l'aime.</l>
</sp>
<sp who='AEGINE'><speaker>AEGINE.</speaker>
	<l id='27'>Se peut-il que l'amour ait soumis votre coeur,</l>
	<l id='28'>Qu'aurait dû mieux défendre une juste douleur ?</l>
	<l id='29'>Hélas ! Lorsqu'à vos pieds je vis Troie abattue,</l>
	<l id='30'>Au comble des horreurs je vous crus parvenue</l>
	<l id='31'>Et je ne pensais pas que le Ciel en courroux</l>
	<l id='32'>Pût vous porter jamais de plus funestes coups,</l>
	<l id='33'>Que pour mieux signaler sa haine et sa vengeance,</l>
	<l id='34'>Il dût vous envier jusqu'à votre innocence.</l>
</sp>
<sp who='POLIXÈNE'><speaker>POLIXÈNE.</speaker>
	<l id='35'>Non, AEgine, jamais dans un coeur on n'a vu</l>
	<l id='36'>Régner tant de tendresse avec tant de vertu.</l>
	<l id='37'>Ce ne sont plus les maux de ma Patrie en cendre</l>
	<l id='38'>Qui m'arrachent les pleurs que tu me vois répandre,</l>
	<l id='39'>Je pleure les horreurs d'un amour malheureux,</l>
	<l id='40'>Qui malgré mes efforts tyrannise mes voeux ;</l>
	<l id='41'>Et vainqueur quelquefois d'une vertu que j'aime</l>
	<l id='42'>Des combats qu'elle rend se venge sur moi-même</l>
	<l id='43'>En vain pour étouffer mes désirs insensés,</l>
	<l id='44'>Je retrace à mes yeux les maux qu'on m'a causés ;</l>
	<l id='45'>En vain à chaque instant une mère éplorée,</l>
	<l id='46'>Au nom d'une amitié toujours si révérée,</l>
	<l id='47'>Me presse de calmer des regrets superflus,</l>
	<l id='48'>Je sens mes maux s'accroître, et souffre d'autant plus,</l>
	<l id='49'>Que des tourments secrets, où mon amour m'expose,</l>
	<l id='50'>Je ne puis lui conter la véritable cause,</l>
	<l id='51'>Et qu'il me faut couvrir des malheurs d'Ilion</l>
	<l id='52'>Les pleurs que fait couler ma folle passion.</l>
	<l id='53'>Dieux cruels ! Est-ce assez persécuter ma vies</l>
	<l id='54'>Peu satisfaits d'avoir embrasé ma Patrie,</l>
	<l id='55'>D'avoir forcé mes yeux tant de fois effrayés</l>
	<l id='56'>À pleurer tous les miens expirants à mes pieds,</l>
	<l id='57'>Jusqu'au fond de mon coeur portant votre colère,</l>
	<l id='58'>Vous me faites aimer l'assassin de mon père ;</l>
	<l id='59'>Et lorsque je m'applique à vaincre mes transports,</l>
	<l id='60'>Vous protégez Pyrrhus contre tous mes remords,</l>
</sp>
</div2>
<div2 type="scene" n='2'><head>SCÈNE II. Pyrrhus, Polixène, Aegine.</head>
<sp who='PYRRHUS'><speaker>PYRRHUS.</speaker>
	<l id='61'>Quoi, Madame toujours les yeux baignés de larmes ?</l>
</sp>
<sp who='POLIXÈNE'><speaker>POLIXÈNE.</speaker>
	<l id='62'>Eh comment, juste ciel ! Puis-je voir sans alarmes</l>
	<l id='63'>Un vainqueur dont le bras encor ensanglanté</l>
	<l id='64'>M'a livrée aux horreurs de la captivité,</l>
	<l id='65'>L'orgueilleux destructeur du trône de mes pères ?</l>
	<l id='66'>Le meurtrier enfin de mon Roi, de mes frères ;</l>
	<l id='67'>Et qui, pour couronner d'illustres attentats,</l>
	<l id='68'>À mes voeux les plus doux refuse le trépas !</l>
</sp>
<sp who='PYRRHUS'><speaker>PYRRHUS.</speaker>
	<l id='69'>Ah ! Madame, cessez d'offrir à ma mémoire</l>
	<l id='70'>Les maux affreux que traîne après soi la victoire.</l>
	<l id='71'>Cessez de retracer à mes yeux pleins d'effroi</l>
	<l id='72'>Des malheurs où le sort eut plus de part que moi.</l>
	<l id='73'>L'horreur régnait dans Troie, et de flammes couverte</l>
	<l id='74'>Cette ville superbe approchait de sa perte ;</l>
	<l id='75'>Lorsque d'un feu vengeur les funèbres clartés,</l>
	<l id='76'>À mes regards surpris offrirent vos beautés :</l>
	<l id='77'>Aussitôt détestant le bonheur de mes armes,</l>
	<l id='78'>Aux soupirs des vaincus j'osai mêler mes larmes,</l>
	<l id='79'>Et d'un tendre remords le coeur trop pénétré</l>
	<l id='80'>J'eus horreur des exploits qui m'avaient illustré.</l>
	<l id='81'>Pourquoi sans séparer d'une vaillance vaine,</l>
	<l id='82'>Ne montrait-on plutôt l'aimable Polixène ?</l>
	<l id='83'>Et soudain on eût vu tomber notre courroux ;</l>
	<l id='84'>Pyrrhus le plus barbare eût paru le plus doux.</l>
</sp>
<sp who='POLIXÈNE'><speaker>POLIXÈNE.</speaker>
	<l id='85'>Ciel ! Qu'entends-je ? Pyrrhus ; ce vainqueur sacrilège !</l>
	<l id='86'>Pyrrhus ! Qui des autels bravant le privilège,</l>
	<l id='87'>De mon père à mes yeux a pu trancher les jours,</l>
	<l id='88'>Vient m'outrager encor par d'indignes amours !</l>
	<l id='89'>D'un sang infortuné persécuteur funeste,</l>
	<l id='90'>Il en voudrait en moi déshonorer le reste !</l>
	<l id='91'>Et moi-même tranquille au récit de ses feux,</l>
	<l id='92'>J'ose encore sur lui lever mes tristes yeux !</l>
	<l id='93'>D'une longue misère effet le plus terrible !</l>
	<l id='94'>Se peut-il qu'aux affronts on devienne insensible ?</l>
	<l id='95'>Que je respire encor, tandis que l'on a pu</l>
	<l id='96'>Oser impunément douter de ma vertu ?</l>
	<l id='97'>Hélas ! Jusques à quand trop instruit de mes peines,</l>
	<l id='98'>Prétendez-vous, Seigneur, anéantir mes chaînes ?</l>
	<l id='99'>Eh quoi ? N'ai-je donc pas souffert assez de maux,</l>
	<l id='100'>Sans que vous m'exposiez à des tourments nouveaux ?</l>
	<l id='101'>Car enfin, cet aveu d'une odieuse flamme</l>
	<l id='102'>Met le comble aux douleurs qui déchirent mon âme ;</l>
	<l id='103'>Et si l'amour jamais avait su vous toucher,</l>
	<l id='104'>Cet amour vous eut dit qu'il fallait le cacher.</l>
</sp>
<sp who='PYRRHUS'><speaker>PYRRHUS.</speaker>
	<l id='105'>Pour combattre l'amour dont l'aveu vous offense,</l>
	<l id='106'>Ah ! Je ne me suis fait que trop de violence s</l>
	<l id='107'>De mille feux cruels vainement consumé,</l>
	<l id='108'>Pyrrhus s'est plus contraint qu'il n'aurait présumé :</l>
	<l id='109'>Mais enfin de mon coeur la fierté naturelle</l>
	<l id='110'>Commence à se lasser d'une gêne éternelle ;</l>
	<l id='111'>Ce coeur est bien plus fait à mépriser la mort,</l>
	<l id='112'>Madame, qu'à combattre un amoureux transport.</l>
	<l id='113'>C'est assez prolonger ma vie, et mon supplice,</l>
	<l id='114'>Ordonnez que j'espère, ou bien, que je périsse.</l>
</sp>
</div2>
<div2 type="scene" n='3'><head>SCÈNE III. Pyrrhus, Polixène, Aegine, Thessandre.</head>
<sp who='THESSANDRE'><speaker>THESSANDRE.</speaker>
	<l id='115'>Ah ! Seigneur, apprenez les mortelles terreurs,</l>
	<l id='116'>Qu'un oracle fatal répand dans tous les cours :</l>
	<l id='117'>Vos soldats s'acquittant d'un devoir légitime,</l>
	<l id='118'>Aux fiers mânes d'Achille offraient une victime,</l>
	<l id='119'>Quand soudain à leurs yeux, prodige tout nouveau,</l>
	<l id='120'>Ce superbe guerrier fore du sein du tombeau,</l>
	<l id='121'>Tel il parut jadis aux yeux de votre armée,</l>
	<l id='122'>Quand d'un juste courroux sa grande âme enflammée,</l>
	<l id='123'>Et d'un affront sanglant voulant tirer raison,</l>
	<l id='124'>Il osa menacer l'injuste Agamemnon.</l>
	<l id='125'>Il s'avance, et portant dans les cours l'épouvante :</l>
	<l id='126'>« Peuple ingrat ( leur dit-il d'une voix menaçante )</l>
	<l id='127'>Oses-tu présumer que mes mânes sacrés</l>
	<l id='128'>Par le sang le plus vil puissent être honorés ?</l>
	<l id='129'>Pour payer mes travaux d'une digne hécatombe,</l>
	<l id='130'>Il faut que Polixène expire sur ma tombe. » </l>
	<l id='131'>Il prononce ces mots l'oeil fier, étincelant,</l>
	<l id='132'>Et fixe ses regards sur tout le camp tremblant :</l>
	<l id='133'>Cependant tous les Grecs que ce prodige entraîne</l>
	<l id='134'>D'une commune voix condamnent Polixène</l>
	<l id='135'>Déjà de mille cris ils remplissent les Cieux ;</l>
	<l id='136'>Pour eux l'arrêt d'Achille est un arrêt des Dieux :</l>
	<l id='137'>Seigneur, et si j'en crois l'ardeur qui les anime,</l>
	<l id='138'>Ils vont bientôt ici demander leur victime.</l>
</sp>
<sp stage="aparte" who='POLIXÈNE'><speaker>POLIXÈNE, à part.</speaker>
	<l id='139'>Dieux ! Je respire enfin, et votre inimitié</l>
	<l id='140'>À force de rigueur me tient lieu de pitié.</l>
</sp>
<sp who='PYRRHUS'><speaker>PYRRHUS.</speaker>
	<l id='141'>Eh ! Quel crime a commis, ô Ciel ! cette Princesse,</l>
	<l id='142'>Pour l'immoler aux cris d'une ombre vengeresse ?</l>
	<l id='143'>Si son frère abusant d'une perfide paix,</l>
<note type="C">Trait : Flèche. Achille est mort d'une flèche envoyé dans son talon.</note>
	<l id='144'>Dans le sang de mon père osa tremper ses traits,</l>
	<l id='145'>À d'inhumaines lois Polixène asservie,</l>
	<l id='146'>Des forfaits de Pâris doit-elle être punie ?</l>
	<l id='147'>Elle dont les vertus... mais c'est trop écouter</l>
	<l id='148'>Un bruit injurieux que je dois rejeter :</l>
	<l id='149'>L'effroi qu'inspire encore la cendre de mon père,</l>
	<l id='150'>Sans doute aura produit cette ombre imaginaire.</l>
	<l id='151'>Qui ne sait que le peuple ami du merveilleux,</l>
	<l id='152'>Se plaît à consacrer mille bruits fabuleux ?</l>
	<l id='153'>Que souvent il croit voir renverser la nature,</l>
	<l id='154'>Lorsqu'on n'offre à ses yeux qu'une vaine imposture,</l>
	<l id='155'>Et qu'en ses visions pleine d'obscurité</l>
	<l id='156'>Rien ne doit étonner que sa crédulité.</l>
	<l id='157'>Toutefois prévenant de plus rudes alarmes,</l>
	<l id='158'>À mes Thessaliens fais prendre ici les armes.</l>
	<l id='159'>Et fais-les souvenir en leur dictant mes lois,</l>
	<l id='160'>Que c'est servir les Dieux que d'obéir aux Rois.</l>
</sp>
</div2>
<div2 type="scene" n='4'><head>SCÈNE IV. Pyrrhus, Polixène, Aegine.</head>
<sp who='PYRRHUS'><speaker>PYRRHUS.</speaker>
	<l id='161'>Hé bien, je pourrai donc par d'illustres services</l>
	<l id='162'>Réparer désormais toutes mes injustices,</l>
<note type="L">Ilion : autre nom de Troie.</note>
	<l id='163'>Effacer d'Ilion le triste souvenir,</l>
	<l id='164'>Et vous ôter enfin le droit de me haïr :</l>
	<l id='165'>Malgré l'arrêt fatal qu'en ces lieux on publie,</l>
	<l id='166'>Je pourrai vous contraindre à me devoir la vie,</l>
	<l id='167'>Briguer, en vous servant, un honneur immortel,</l>
	<l id='168'>Et me montrer vaillant, sans être criminel ?</l>
</sp>
<sp who='POLIXÈNE'><speaker>POLIXÈNE.</speaker>
	<l id='169'>Dites plutôt, Seigneur, qu'une éternelle honte</l>
	<l id='170'>Serait le juste prix du feu qui vous surmonte ;</l>
	<l id='171'>Dites que pour sauver des jours trop malheureux,</l>
	<l id='172'>Vous auriez à combattre et la Grèce, et les Dieux ;</l>
	<l id='173'>Qu'il vous faudrait bientôt de cent peuples perfides</l>
	<l id='174'>Voir tourner contre vous les armes homicides,</l>
	<l id='175'>De vos propres soldats éprouver les fureurs,</l>
	<l id='176'>Et remplir ces climats de nouvelles horreurs.</l>
</sp>
<sp who='PYRRHUS'><speaker>PYRRHUS.</speaker>
	<l id='177'>Et ce sont ces horreurs, et ces mêmes alarmes ;</l>
	<l id='178'>Qui loin de m'arrêter, ont pour moi tant de charmes ;</l>
	<l id='179'>Pour engager les Dieux à seconder mes coups,</l>
	<l id='180'>Eh ! Ne suffit-il pas qu'on combatte pour vous ?</l>
	<l id='181'>Pour leur faire approuver l'audace qui m'inspire,</l>
	<l id='182'>Osez avec Pyrrhus partager son empire ;</l>
	<l id='183'>Venez aux yeux des Grecs réunis contre moi,</l>
	<l id='184'>Me jurer dans le temple une éternelle foi </l>
	<l id='185'>Et je cours, au mépris de leur fureur jalouse,</l>
	<l id='186'>Contre un père irrité protéger une épouse,</l>
	<l id='187'>Défendre contre lui les droits des immortels,</l>
	<l id='188'>Et forcer les tombeaux de céder aux autels.</l>
</sp>
<sp who='POLIXÈNE'><speaker>POLIXÈNE.</speaker>
	<l id='189'>Que j'épouse Pyrrhus ? L'assassin de mon père ?</l>
	<l id='190'>Que de tous ses forfaits ma main soit le salaire ?</l>
	<l id='191'>Ah ! J'aurais cru du moins en ce jour plein d'effroi,</l>
	<l id='192'>Qu'on m'aurait épargné l'affront que je reçois.</l>
</sp>
<sp who='PYRRHUS'><speaker>PYRRHUS.</speaker>
	<l id='193'>Gardez-donc cette main, ce coeur inexorable,</l>
	<l id='194'>Aux yeux de tous les Grecs j'en serai plus coupable !</l>
	<l id='195'>Mais ma flamme pour vous n'éclatera que mieux.</l>
	<l id='196'>Adieu. Je vais combattre en dépit de vos voeux.</l>
	<l id='197'>Je vais, plein du courroux, où vous livrez mon âme</l>
	<l id='198'>Me venger sur les Grecs du mépris de ma flamme :</l>
	<l id='199'>Ce qu'Hector n'a pu faire, il faut que vos appas</l>
	<l id='200'>L'exécutent sans peine aux yeux de nos soldats :</l>
	<l id='201'>Il faut que réparant les effets de ma rage,</l>
	<l id='202'>De dix ans, en un jour, je détruise l'ouvrage.</l>
	<l id='203'>Venez me voir, Madame, en ma juste fureur</l>
	<l id='204'>Faire du camp des Grecs un théâtre d'horreur,</l>
	<l id='205'>De vos lâches tyrans vous immoler la vie,</l>
	<l id='206'>Et de la même main qui vous aura servie,</l>
	<l id='207'>Sur leurs corps tout sanglants me frapper à mon tour,</l>
	<l id='208'>Et satisfaire ainsi ma gloire et mon amour,</l>
</sp>
<sp who='POLIXÈNE'><speaker>POLIXÈNE.</speaker>
	<l id='209'>Ah ! Si tu veux m'offrir cette cruelle image,</l>
	<l id='210'>Barbare, pour la voir, prête-moi ton courage ;</l>
	<l id='211'>Car enfin du trépas, où tu voles pour moi,</l>
<note type='C'>Quelques personnes n'ayant pas approuvé ces deux vers l'auteur les a changé de cette manière.
N'obéir qu'à ma flamme, et plein d'un feu si beau,
De l'Hymen sur sa tombe allumer le flambeau.</note>
	<l id='212'>Je sens que je frémis mille fois plus que toi :</l>
	<l id='213'>Mais que dis-je ? Où m'entraîne une ardeur insensée ;</l>
	<l id='214'>Ô Dieux ! En ce moment m'auriez-vous délaissée ?</l>
	<l id='215'>De honte et de douleur tous mes sens sont saisis :</l>
	<l id='216'>Je rappelle en tremblant mes timides esprits.</l>
	<l id='217'>Je vous quitte, Seigneur, et fuis votre présence»</l>
</sp>
<sp who='PYRRHUS'><speaker>PYRRHUS.</speaker>
	<l id='218'>Non. Vous romprez plutôt un barbare silence.</l>
	<l id='219'>Ô Ciel ! Tant de regrets, une si vive ardeur</l>
	<l id='220'>Auraient-ils su fléchir enfin votre rigueur ?</l>
	<l id='221'>Ah ! Si d'un tel espoir j'osais goûter les charmes...</l>
	<l id='222'>Vous ne répondez rien ! Je vois couler vos larmes !</l>
</sp>
<sp who='POLIXÈNE'><speaker>POLIXÈNE.</speaker>
	<l id='223'>Oui, je pleure d'avoir, d'un instant trop vécu,</l>
	<l id='224'>Puisqu'il flétrit ma gloire, et souille ma vertu :</l>
	<l id='225'>Mais ne t'applaudis point d'une gloire trop vaine,</l>
	<l id='226'>Tu ne la dois qu'aux Dieux dont j'éprouve la haine ;</l>
	<l id='227'>Aux Dieux, dont le courroux fatal à ma maison,</l>
	<l id='228'>Pour te livrer mon coeur, égara ma raison ;</l>
	<l id='229'>Jusqu'au dernier soupir dans le fond de mon âme,</l>
	<l id='230'>J'espérais renfermer une odieuse flamme ;</l>
	<l id='231'>Mais les Dieux obstinés à poursuivre mon sort,</l>
	<l id='232'>Avaient juré, sans doute, et ma honte et ma mort ;</l>
	<l id='233'>En vain à leurs arrêts je voudrais me soustraire,</l>
	<l id='234'>Sur l'un et l'autre point il faut les satisfaire,</l>
	<l id='235'>Je viens de déclarer mes coupables amours,</l>
	<l id='236'>Il me reste à subir le trépas où je cours.</l>
	<l id='237'>Rappelant sur l'autel tout le soin de ma gloire,</l>
	<l id='238'>Qu'offense un fol amour honteux à ma mémoire :</l>
	<l id='239'>Il me reste à percer ce coeur, ce lâche coeur,</l>
	<l id='240'>Qui vient de me flétrir par une indigne ardeur,</l>
	<l id='241'>Et que j'avais déjà condamné la première,</l>
	<l id='242'>Avant qu'on entendit l'ombre de votre père.</l>
</sp>
<sp who='PYRRHUS'><speaker>PYRRHUS.</speaker>
	<l id='243'>Non, vous ne mourrez point ; mais, est-ce à moi grands Dieux,</l>
	<l id='244'>Que s'adresse un aveu qui charme tous mes voeux ?</l>
	<l id='245'>Ah ! Pourquoi, si la haine à la pitié fit place,</l>
	<l id='246'>M'apprenez-vous si tard la fin de ma disgrâce ?</l>
	<l id='247'>Pourquoi, si vous daignez approuver mon ardeur,</l>
	<l id='248'>Me cachiez-vous, cruelle, un si rare bonheur ?</l>
	<l id='249'>Mais quel étrange amour ! Qu'il ressemble à la haine !</l>
	<l id='250'>Vous aimez, et pourtant une mort inhumaine</l>
	<l id='251'>Est le fatal objet que vous me préférez,</l>
	<l id='252'>Et l'unique faveur qu'ici vous implorez.</l>
	<l id='253'>Ô Dieux ! Et qui pourrait dans ma juste furie</l>
	<l id='254'>Me ravir le seul bien qui m'attache à la vie ?</l>
	<l id='255'>Ce n'est plus désormais une ingrate beauté,</l>
	<l id='256'>Qu'un malheureux amant, haï, persécuté,</l>
	<l id='257'>Veut pourtant protéger en dépit d'elle-même,</l>
	<l id='258'>C'est une amante en pleurs, que j'adore, qui m'aime,</l>
	<l id='259'>Qui par mes soins enfin, se laissant désarmer,</l>
	<l id='260'>Des périls de Pyrrhus a paru s'alarmer.</l>
	<l id='261'>C'est mon bien, c'est le prix de l'amour le plus tendre,</l>
	<l id='262'>Qu'aux, dépens de mes jours je brûle de défendre.</l>
</sp>
</div2>
<div2 type="scene" n='5'><head>SCÈNE V. Pyrrhus, Polixène, Aegine, Thessandre.</head>
<sp who='THESSANDRE'><speaker>THESSANDRE.</speaker>
	<l id='263'>Tous les Grecs enhardis par la Religion,</l>
	<l id='264'>Demandent Polixène avec émotion !</l>
	<l id='265'>Calchas, des immortels le Ministre suprême,</l>
	<l id='266'>Près du tombeau d'Achille a dressé l'Autel même ;</l>
	<l id='267'>Leur haine à cet objet semble se rallumer,</l>
	<l id='268'>Et dans leurs cris, Seigneur, ils osent vous nommer ,</l>
	<l id='269'>Ils osent accuser votre coeur magnanime</l>
	<l id='270'>De vouloir à leurs coups dérober leur victime.</l>
</sp>
<sp who='PYRRHUS'><speaker>PYRRHUS.</speaker>
	<l id='271'>Ce n'est qu'avec regret que je quitte ces lieux,</l>
	<l id='272'>Madame, mais bientôt content, victorieux,</l>
	<l id='273'>Je reviens, ( car j'en crois ma valeur et mou zèle, )</l>
	<l id='274'>D'un destin plus heureux vous porter la nouvelle,</l>
	<l id='275'>Et de tous mes bienfaits, sans vouloir abuser</l>
	<l id='276'>De votre sort, du mien vous laisser disposer.</l>
</sp>
</div2>
<div2 type="scene" n='6'><head>SCÈNE VI. Polixène, Aegine.</head>
<sp who='POLIXÈNE'><speaker>POLIXÈNE.</speaker>
	<l id='277'>Pour moi de mon destin je ne suis point en peine,</l>
	<l id='278'>Je sais trop en ces lieux que ma perte est certaine,</l>
	<l id='279'>Que bientôt grâce au Ciel qui condamne mes jours,</l>
	<l id='280'>Je recevrai le prix de mes folles amours :</l>
	<l id='281'>En vain Pyrrhus s'apprête à signaler sa rage,</l>
	<l id='282'>À travers les soldats m'ouvrant un prompt passage,</l>
	<l id='283'>Je saurai, malgré lui, saisir le fer mortel,</l>
	<l id='284'>Et le teindre à ses yeux d'un sang trop criminel.</l>
	<l id='285'>S'il ose s'applaudir d'une indigne victoire,</l>
	<l id='286'>Je ne jouira pas longtemps de cette gloire,</l>
	<l id='287'>Et peut-être en ce jour serait il plus heureux,</l>
	<l id='288'>S'il eût jusques au bout pu douter de mes feux.</l>
	<l id='289'>Cependant attentive aux ordres que je laisse :</l>
	<l id='290'>AEgine, garde-toi de suivre ta Princesse,</l>
	<l id='291'>Et si ma mère ici se présente à tes yeux,</l>
	<l id='292'>Prends soin de lui cacher ce mystère odieux ;</l>
	<l id='293'>Les Dieux me sont témoins, que parmi tant d'alarmes,</l>
	<l id='294'>Je ne redoute ici que son trouble et ses larmes.</l>
</sp>
<sp who='AEGINE'><speaker>AEGINE.</speaker>
	<l id='295'>Ciel ! Que me dites-vous ? Vous courez au trépas !</l>
	<l id='296'>Et vous me défendez d'accompagner vos pas !</l>
</sp>
<sp who='POLIXÈNE'><speaker>POLIXÈNE.</speaker>
	<l id='297'>Si ton coeur, à ma gloire, en effet s'intéresse,</l>
	<l id='298'>Tu dois te rendre, AEgine, au désir qui me presse,</l>
	<l id='299'>Mais arrête ces pleurs qui pourraient me trahir,</l>
	<l id='300'>Et songe seulement que tu dois obéir.</l>
</sp>
</div2>
<div2 type="scene" n='7'><head>SCÈNE VII.</head>
<sp who='AEGINE'><speaker>AEGINE.</speaker>
	<l id='301'>Ah ! dussai-je éprouver le plus rude supplice,</l>
	<l id='302'>Vous vous flattez en vain qu'à vos lois j'obéisse :</l>
	<l id='303'>Allons trouver Pyrrhus, courons lui découvrir</l>
	<l id='304'>Un projet qu'il ignore, et qui me fait frémir.</l>
</sp>
</div2>
<div2 type="scene" n='8'><head>SCÈNE VIII. Pyrrhus, Aegine, Thessandre.</head>
<sp stage="location" who='PYRRHUS'><speaker>PYRRHUS, du fond du théâtre.</speaker>
	<l id='305'>Je l'avais bien prévu que ma seule présence</l>
	<l id='306'>D'un peuple audacieux confondrait l'insolence ;</l>
	<l id='307'>Mais quoi ? Je ne vois point Polixène en ces lieux.</l>
</sp>
<sp who='POLIXÈNE'><speaker>POLIXÈNE.</speaker>
	<l id='308'>Sait-elle que Pyrrhus satisfait, glorieux...</l>
</sp>
<sp who='AEGINE'><speaker>AEGINE.</speaker>
	<l id='309'>Ah ! Seigneur, en ces lieux quelle erreur vous arrête</l>
	<l id='310'>Lorsqu'à subir la mort Polixène s'apprête ;</l>
	<l id='311'>Qu'elle vient de sortir dans le fatal dessein</l>
	<l id='312'>De hâter elle-même un arrêt inhumain.</l>
</sp>
<sp who='PYRRHUS'><speaker>PYRRHUS.</speaker>
	<l id='313'>Ô Dieux ! Dans ce dessein Polixène est sortie !</l>
	<l id='314'>Ah ! Vous me répondrez d'une si chère vie,</l>
	<l id='315'>Vous, qui chargés du soin de veiller sur ses jours...</l>
</sp>
</div2>
<div2 type="scene" n='9'><head>SCÈNE IX. Pyrrhus, Polixène, AEgine, Thessandre, Soldats.</head>
<sp stage="toward/stop" who='POLIXÈNE'><speaker>POLIXÈNE, aux Soldats qui l'empêchent de sortir.</speaker>
	<l id='316'>Barbares est-ce assez ? M'envierez-vous toujours</l>
	<l id='317'>Les douceurs d'une mort trop longtemps attendue ?</l>
	<l id='318'>Mais quoi ; Pyrrhus encor vient s'offrir à ma vue !</l>
<stage type="aparte">À part.</stage>
	<l id='319'>Ô Dieux ! Trop inhumains, ou trop lents à punir,</l>
	<l id='320'>Ou rendez-moi ma gloire, ou laissez-moi mourir.</l>
</sp>
<sp who='PYRRHUS'><speaker>PYRRHUS.</speaker>
	<l id='321'>Madame, dissipez vos mortelles alarmes ;</l>
	<l id='322'>Je triomphe, et tout cède au pouvoir de vos charmes,</l>
	<l id='323'>Unis contre vos jours par un fatal accord</l>
	<l id='324'>Cent peuples furieux demandaient votre mort,</l>
	<l id='325'>J'ai paru : d'un arrêt dicté par l'artifice</l>
	<l id='326'>Aux yeux de tout le Camp j'ai demandé justice,</l>
	<l id='327'>Et les lâches, soudain, tremblants, irrésolus,</l>
	<l id='328'>Ont douté de l'Oracle à l'aspect de Pyrrhus.</l>
	<l id='329'>Et moi qu'anime alors une cause si belle,</l>
	<l id='330'>Brûlant plus que jamais de vous marquer mon zèle,</l>
	<l id='331'>Même aux yeux de Calchas vainement courroucé</l>
	<l id='332'>Je renverse à ses pieds l'Autel qu'il a dressé.</l>
	<l id='333'>Ainsi prompt à confondre un Ministre profane,</l>
	<l id='334' part="i">Le Ciel vous justifie.</l>
</sp>
<sp who='POLIXÈNE'><speaker>POLIXÈNE.</speaker>
<stage type="die">Elle se frappe.</stage>
	<l id='334' part="f">Et moi je me condamne.</l>
</sp>
<sp who='PYRRHUS'><speaker>PYRRHUS.</speaker>
	<l id='335' part="i">Ciel !</l>
</sp>
<sp who='POLIXÈNE'><speaker>POLIXÈNE.</speaker>
	<l id='335' part="f">Seigneur, mon destin aurait été trop doux ;</l>
	<l id='336'>Si Polixène eût pu ne vivre que pour vous ;</l>
	<l id='337'>Si des Dieux divisés la colère inhumaine,</l>
	<l id='338'>Entre nos deux Maisons n'eût semé trop de haine,</l>
	<l id='339'>Mais tels sont de ces Dieux les arrêts absolus,</l>
	<l id='340'>Que pour sauver ma gloire, il faut perdre Pyrrhus.</l>
	<l id='341'>Toutefois j'ose ici vous faire une prière ;</l>
	<l id='342'>De ma mère, daignez adoucir la misère ;</l>
	<l id='343'>Que Pyrrhus condamnant ses barbares exploits</l>
	<l id='344'>Des vaincus à son tour veuille écouter la voix,</l>
	<l id='345'>Que de tant de Héros la mère infortunée,</l>
	<l id='346'>À marcher sur vos pas ne soit point condamnée.</l>
	<l id='347'>Daignez la délivrer de ses tristes liens,</l>
	<l id='348'>Et défendez ses jours, sans regretter les miens.</l>
</sp>
<stage type="exit/carry">On l'emporte.</stage>
</div2>
<div2 type="scene" n='10'><head>SCÈNE DERNIÈRE. Pyrrhus, Thessandre.</head>
<sp who='PYRRHUS'><speaker>PYRRHUS.</speaker>
	<l id='349'>Ah ! Ne présumez pas que je tarde à vous suivre,</l>
	<l id='350'>Au sort le plus affreux que je puis le survivre :</l>
	<l id='351'>Perçons ce triste coeur, en proie à ses fureurs,</l>
	<l id='352'>Et par un prompt trépas prévenons mille horreurs.</l>
</sp>
<sp who='THESSANDRE'><speaker>THESSANDRE.</speaker>
	<l id='353'>Où vous entraîne, ô Ciel ! La douleur qui vous presse,</l>
	<l id='354'>Vivez pour commander à l'Épire, à la Grèce.</l>
</sp>
<sp who='PYRRHUS'><speaker>PYRRHUS.</speaker>
	<l id='355'>À la Grèce ! Ah ! Plutôt vivons pour la punir,</l>
	<l id='356'>Renversons son Empire avant que de mourir.</l>
	<l id='357'>Tremblez Peuples cruels, Pyrrhus respire encore,</l>
	<l id='358'>Ah ! Je me vengerai d'un peuple que j'abhorre,</l>
	<l id='359'>Vous n'aurez pas en vain défié mon courroux :</l>
	<l id='360'>Polixène n'est plus ; elle vivrait sans vous.</l>
	<l id='361'>Mais vous allez sentir la fureur qui m'inspire,</l>
	<l id='362'>Qui vous a su venger, saura bien vous détruire.</l>
	<l id='363'>Vos forfaits avec vous rompent tous mes liens,</l>
	<l id='364'>Et les amis d'Hector sont devenus les miens :</l>
<note type="L">Euménides : nom donné aux Furies par antiphrase. [B]</note>
	<l id='365'>Venez vous joindre à moi, cruelles Euménides,</l>
	<l id='366'>Des Grecs contre les Grecs armez les mains perfides ;</l>
	<l id='367'>Que ces lâches vainqueurs altérés de leur sang,</l>
	<l id='368'>De leurs barbares mains se déchirent le flanc ;</l>
	<l id='369'>Que vos flambeaux brûlants échauffant le carnage,</l>
	<l id='370'>Les fassent tous périr sur cet affreux rivage ;</l>
	<l id='371'>Et puissent les Troyens, détruisant nos travaux</l>
<note type="L">Argos : ville de l'ancienne Grèce (...) était célèbre autrefois pour ses chevaux et par un beau temple de Junon. [B]</note>
	<l id='372'>Rebâtir Ilion sur les débris d'Argos.</l>
</sp>
</div2>
</div1>
</body>
</text>
</TEI>