<?xml version="1.0" encoding="utf-8" ?>
<TEI xml:lang="fr">
<teiHeader>
		<fileDesc>
			<titleStmt>
				<title>L'ÉPREUVE RÉCIPROQUE, COMÉDIE</title>
				<author born='1680' born_location='Paris' death='1720' death_location='Paris' academie=''>ALAIN, Robert</author>
			</titleStmt>
			<publicationStmt>	
				<p>publié par Paul FIEVRE juillet 2012</p>
				<idno>ALAINLEGRAND_EPREUVERECIPROQUE</idno>
			<rights>Creative Commons BY-NC-SA</rights>
			</publicationStmt>
			<SourceDesc>
				<genre>Comédie</genre>
				<inspiration>moeurs</inspiration><structure>Un acte</structure>
				<type>prose</type>
				<periode>1711-1720</periode>
				<taille>(mesure non pertinente)</taille>
				<permalien>http://gallica.bnf.fr/ark:/12148/bpt6k5455677h</permalien>
			</SourceDesc>
		</fileDesc>
</teiHeader>
<text>
<front>
		<docTitle>
			<titlePart type="main">L'ÉPREUVE RÉCIPROQUE</titlePart>
			<titlePart type="sub">COMÉDIE</titlePart>
		</docTitle> 
		<docDate value='1711'>M. DCC XI</docDate>
		<docAuthor id="ALAIN, Robert" bio='alain'>par ALAIN</docAuthor>
		<docImprint>
			<approbation id=''><head></head>
			</approbation>
			<privilege id=''><head></head>
			<p></p>
			<signature></signature></privilege>
			<enregistrement id=''>
			<p></p>
			<signature></signature>
			</enregistrement>
			<acheveImprime id=''></acheveImprime>
			<printer id=''></printer>
		</docImprint>
		<performance>	
			<premiere date='1711-10-06' location='Théâtre de la rue des Fossés Saint-Germain'>Représenté pour le première fois le 6 octobre 1711 au Théâtre de la rue des Fossés Saint-Germain.</premiere>
		</performance>
			<div type="preface"><head>NOTICE SUR ALAIN.</head>
			<p>ROBERT ALAIN naquit à Paris en 1680, et y fit de très bonnes études. Ses parents le destinaient a l'état ecclésiastique ; mais il ne s'y sentait aucune disposition, et avait au contraire beaucoup de penchant pour la littérature. Malheureusement sa fortune ne lui permettait pas de s'y livrer entièrement. Il prit l'état de sellier : ce genre d'occupation paraît avoir employé tous ses moments, puisqu'on n'a de lui que L'ÉPREUVE RÉCIPROQUE, petite comédie en un acte, à laquelle on prétend que Legrand eut beaucoup de part. Cette pièce fut jouée pour la première fois en 1711. Elle eut beaucoup de succès, et paraît encore fort souvent sur le théâtre. On raconte qu'au sortir de la première représentation, Lamotte ayant trouvé la pièce un peu courte, dit à Alain, dans les foyers, en faisant allusion à son état de sellier : « Monsieur Alain, vous n'avez pas assez allongé la courroie. » </p>
			<p>Alain mourut à Paris en 1720, n'ayant encore que quarante ans.</p>
			</div>
		<castList>
			<head>PERSONNAGES</head>
			<castItem><role id="MADAME DE FALIGNAC" sex="2" type="H" statut='aristocrate' age='A' stat_amour='néant'>MADAME DE FALIGNAC</role>.</castItem>
			<castItem><role id="VALÈRE" sex="1" type="H" statut='bourgeois' age='J' stat_amour='Philaminte'>VALÈRE</role>, amant de Philaminte.</castItem>
			<castItem><role id="PHILAMINTE" sex="2" type="H" statut='bourgeois' age='J' stat_amour='Valère'>PHILAMINTE</role>, jeune veuve, amante de Valère.</castItem>
			<castItem><role id="FRONTIN" sex="1" type="H" statut="valet" age='A' stat_amour='néant'>FRONTIN</role>, valet de Valère.</castItem>
			<castItem><role id="LISETTE" sex="2" type="H" statut='intrigant' age='A' stat_amour='néant'>LISETTE</role>, intrigante.</castItem>
			<castItem><role id="CRIQUET" sex="1" type="H" statut='page' age='A' stat_amour='néant'>CRIQUET</role>.</castItem>
		</castList>
<set location="Paris" country="France" periode="XVIIIème" gps="48.856614, 2.352222">La scène est à Paris, dans la maison de Madame de Falignac.</set>
<note>La Critique donne Legrand comme auteur principal de cette pièce.</note>
</front>
<body>
<div1 type="act" n='1'><head></head>
<div2 type="scene" n='1'><head>SCÈNE I. Valère, Frontin, habillé en financier.</head>
<sp who='FRONTIN'><speaker>FRONTIN.</speaker>
<p id='1'>
	<s id='1'>Eh bien ! </s>
	<s id='2'>Monsieur mon nouveau maître, nous voici donc chez madame de Falignac ?</s>
</p>
</sp>
<sp who='VALÈRE'><speaker>VALÈRE.</speaker>
<p id='2'>
	<s id='1'>Oui, Frontin.</s>
</p>
</sp>
<sp who='FRONTIN'><speaker>FRONTIN.</speaker>
<p id='3'>
	<s id='1'>Que de magnificence ! </s>
	<s id='2'>Ce que c'est que d'avoir de l'esprit ! </s>
	<s id='3'>On dit que la maîtresse de ce logis a été autrefois petite soubrette, et qu'aujourd'hui...</s>
</p>
</sp>
<sp who='VALÈRE'><speaker>VALÈRE.</speaker>
<p id='4'>
	<s id='1'>Aujourd'hui elle est veuve d'un conseiller de province, qui lui a laissé quelque bien à la vérité : mais, si elle ne donnait à jouer, ce peu de bien ne suffirait pas à soutenir cette magnificence qui te surprend.</s>
</p>
</sp>
<sp who='FRONTIN'><speaker>FRONTIN.</speaker>
<p id='5'>
	<s id='1'>Cette maison ne désemplit point du matin jusqu'au soir. </s>
	<s id='2'>On y voit des comtes, des comtesses, des marquis, des marquises, des présidents, des présidentes, des abbés, des abb... </s>
	<s id='3'>Que diable, sais-je ? </s>
	<s id='4'>Il faut que ce soit ici le rendez-vous de tous les nobles fainéants de Paris ; apparemment que vous y venez souvent, monsieur.</s>
</p>
</sp>
<sp who='VALÈRE'><speaker>VALÈRE.</speaker>
<p id='6'>
	<s id='1'>Je n'y suis jamais venu que pour voir Philaminte.</s>
</p>
</sp>
<sp who='FRONTIN'><speaker>FRONTIN.</speaker>
<p id='7'>
	<s id='1'>Cette jeune veuve que vous aimez depuis si longtemps, et que vous allez, épouser ?</s>
</p>
</sp>
<sp who='VALÈRE'><speaker>VALÈRE.</speaker>
<p id='8'>
	<s id='1'>Elle vient ici avec moins de scrupule que partout ailleurs, Madame de Falignac ayant été femme de chambre de sa mère.</s>
</p>
</sp>
<sp who='FRONTIN'><speaker>FRONTIN.</speaker>
<p id='9'>
	<s id='1'>Cette Philaminte est belle sans doute ? </s>
	<s id='2'>Elle vous aime autant que vous l'aimez ?</s>
</p>
</sp>
<sp who='VALÈRE'><speaker>VALÈRE.</speaker>
<p id='10'>
	<s id='1'>Hélas !</s>
</p>
</sp>
<sp who='FRONTIN'><speaker>FRONTIN.</speaker>
<p id='11'>
	<s id='1'>Vous soupirez ?</s>
</p>
</sp>
<sp who='VALÈRE'><speaker>VALÈRE.</speaker>
<p id='12'>
	<s id='1'>Ne m'en parle point.</s>
</p>
</sp>
<sp who='FRONTIN'><speaker>FRONTIN.</speaker>
<p id='13'>
	<s id='1'>Comment ?</s>
</p>
</sp>
<sp who='VALÈRE'><speaker>VALÈRE.</speaker>
<p id='14'>
	<s id='1'>Je l'adore, et l'infidèle !... </s>
	<s id='2'>Ne m'en parle point, te dis-je.</s>
</p>
</sp>
<sp who='FRONTIN'><speaker>FRONTIN.</speaker>
<p id='15'>
	<s id='1'>Parlions donc d'autre chose. </s>
	<s id='2'>Quoique nous nous connaissions vous et moi depuis longtemps, ce n'est que d'hier que je suis à votre service ; vous m'habillez aujourd'hui magnifiquement, vous m'amenez ici sans vouloir me rien dire, je crois cependant qu'il est temps de m'instruire de votre dessein. </s>
	<s id='3'>Que voulez-vous que j'entreprenne dans cet équipage ?</s>
</p>
</sp>
<sp who='VALÈRE'><speaker>VALÈRE.</speaker>
<p id='16'>
	<s id='1'>Je veux, mon cher Frontin, que tu contrefasses le financier. </s>
	<s id='2'>Comme tu as demeuré longtemps chez monsieur Patin, le plus riche financier de tout le royaume, j'ai cru que tu pourrais mieux qu'un autre en avoir attrapé les manières, et c'est ce qui m'a fait mettre tout en usage pour t'attirer à mon service.</s>
</p>
</sp>
<sp who='FRONTIN'><speaker>FRONTIN.</speaker>
<p id='17'>
	<s id='1'>J'y ai fait une grande perte, et vous une bonne acquisition. </s>
	<s id='2'>Mais qui vous oblige à me faire passer pour financier ?</s>
</p>
</sp>
<sp who='VALÈRE'><speaker>VALÈRE.</speaker>
<p id='18'>
	<s id='1'>Je suis jaloux, Frontin. </s>
	<s id='2'>Je veux tendre un piège Philaminte ; je veux éprouver sa fidélité, et je t'ai choisi.</s>
</p>
</sp>
<sp who='FRONTIN'><speaker>FRONTIN.</speaker>
<p id='19'>
	<s id='1'>Oh ! </s>
	<s id='2'>Parbleu, monsieur, elle y sera prise ; elle succombera, ne risquez point le paquet. </s>
	<s id='3'>Mettre une veuve à l'épreuve d'un financier, c'est pousser une terrible botte à sa douleur : et surtout ce financier étant fait comme moi.</s>
</p>
</sp>
<sp who='VALÈRE'><speaker>VALÈRE.</speaker>
<p id='20'>
	<s id='1'>Quoique Philaminte soit coquette, je n'ose encore imaginer...</s>
</p>
</sp>
<sp who='FRONTIN'><speaker>FRONTIN.</speaker>
<p id='21'>
	<s id='1'>C'est-à-dire que sa coquetterie est entée sur un sauvageon de vertu.</s>
</p>
</sp>
<sp who='VALÈRE'><speaker>VALÈRE.</speaker>
<p id='22'>
	<s id='1'>Je ne doute point de sa vertu. </s>
	<s id='2'>Dans toutes ses actions elle a toujours en vue le mariage.</s>
</p>
</sp>
<sp who='FRONTIN'><speaker>FRONTIN.</speaker>
<p id='23'>
	<s id='1'>Mais vous voulez savoir si, trouvant un plus riche parti, elle serait d'humeur à l'accepter ou à vous le sacrifier ? </s>
	<s id='2'>Ma foi, je n'approuve point votre délicatesse. </s>
	<s id='3'>D'ailleurs, irai-je dire de but en blanc à Philaminte que je l'aime, que je suis financier, que je veux l'épouser ?</s>
</p>
</sp>
<sp who='VALÈRE'><speaker>VALÈRE.</speaker>
<p id='24'>
	<s id='1'>Les choses sont plus avancées que tu ne penses. </s>
	<s id='2'>Depuis que je suis brouillé avec elle, sous le nom de Monsieur Patin qu'elle n'a jamais vu, je lui ai déjà fait tenir une riche agrafe de diamants, avec un billet, dans lequel je lui propose un rendez-vous.</s>
</p>
</sp>
<sp who='FRONTIN'><speaker>FRONTIN.</speaker>
<p id='25'>
	<s id='1'>Eh bien ?</s>
</p>
</sp>
<sp who='VALÈRE'><speaker>VALÈRE.</speaker>
<p id='26'>
	<s id='1'>Elle a reçu le tout avec la joie d'une coquette qui fait une nouvelle conquête.</s>
</p>
</sp>
<sp who='FRONTIN'><speaker>FRONTIN.</speaker>
<p id='27'>
	<s id='1'>Que voulez-vous davantage ? </s>
	<s id='2'>Voilà votre épreuve faite.</s>
</p>
</sp>
<sp who='VALÈRE'><speaker>VALÈRE.</speaker>
<p id='28'>
	<s id='1'>Mon amour ne peut encore la condamner tout-à-fait ; elle aime le jeu passionnément. </s>
	<s id='2'>Elle venait peut-être de faire quelque perte considérable dans le temps que je lui ai fait tenir cette agrafe.</s>
</p>
</sp>
<sp who='FRONTIN'><speaker>FRONTIN.</speaker>
<p id='29'>
	<s id='1'>Il est vrai que les joueurs qui perdent sont comme les gens qui se noient, ils saisissent dans le moment tout ce qu'on leur présente.</s>
</p>
</sp>
<sp who='VALÈRE'><speaker>VALÈRE.</speaker>
<p id='30'>
	<s id='1'>Voilà où j'en suis ; c'est à toi d'achever.</s>
</p>
</sp>
<sp who='FRONTIN'><speaker>FRONTIN.</speaker>
<p id='31'>
	<s id='1'>En ce cas, je jouerai bien mon rôle. </s>
	<s id='2'>Me voilà donc à la place de mon ancien maître le financier. </s>
	<s id='3'>Cela arrive assez souvent dans ce métier-là.</s>
</p>
</sp>
<sp who='VALÈRE'><speaker>VALÈRE.</speaker>
<p id='32'>
	<s id='1'>Elle n'aura pas manqué de s'informer de Monsieur Patin. </s>
	<s id='2'> Ainsi, songe à le bien copier, et à remplir l'idée qu'on pourra lui en avoir donnée.</s>
</p>
</sp>
<sp who='FRONTIN'><speaker>FRONTIN.</speaker>
<p id='33'>
	<s id='1'>Pour la taille d'abord, elle est assez semblable. </s>
	<s id='2'>Je changerai seulement mon esprit fin et délicat en des manières brusques et grossières : je parlerai de tout à tort et à travers, et je ne laisserai pas, sous cette naïveté affectée, de me rendre agréable à Philaminte.</s>
</p>
</sp>
<sp who='VALÈRE'><speaker>VALÈRE.</speaker>
<p id='34'>
	<s id='1'>Fort bien.</s>
</p>
</sp>
<sp who='FRONTIN'><speaker>FRONTIN.</speaker>
<p id='35'>
	<s id='1'>Mais, monsieur, pour faire le financier, il faut avoir de l'argent ; je n'ai pas le sou.</s>
</p>
</sp>
<sp who='VALÈRE'><speaker>VALÈRE.</speaker>
<p id='36'>
	<s id='1'>Tiens, voilà ma bourse. </s>
	<s id='2'>Comme tu ne joueras ce personnage qu'un moment, ce qui est dedans te suffira pour bien faire les choses : songe seulement à répandre l'argent à propos.</s>
</p>
</sp>
<sp who='FRONTIN'><speaker>FRONTIN.</speaker>
<p id='37'>
	<s id='1'>Laissez-moi faire. </s>
	<s id='2'>Commençons par payer grassement celui qui va contrefaire le financier.</s>
</p>
</sp>
<sp who='VALÈRE'><speaker>VALÈRE.</speaker>
<p id='38'>
	<s id='1'>Comment ?</s>
</p>
</sp>
<sp stage="give" who='FRONTIN'><speaker>FRONTIN, se donnant de l'argent à lui-même.</speaker>
<p id='39'>
	<s id='1'>Tenez, monsieur Frontin, voilà ce que je vous donne... </s>
	<s id='2'>Ah ! </s>
	<s id='3'>Monsieur, je ne le prendrai point... </s>
	<s id='4'>Si vous ne le prenez point, je le garderai.</s>
</p>
</sp>
<sp who='VALÈRE'><speaker>VALÈRE.</speaker>
<p id='40'>
	<s id='1'>Ne badine pas ; quelqu'un vient : c'est Madame de Falignac ; elle sait mon secret.</s>
</p>
</sp>
<sp who='FRONTIN'><speaker>FRONTIN.</speaker>
<p id='41'>
	<s id='1'>Ne jasera-t-elle point ?</s>
</p>
</sp>
<sp who='VALÈRE'><speaker>VALÈRE.</speaker>
<p id='42'>
	<s id='1'>Elle est de mes amies.</s>
</p>
</sp>
</div2>
<div2 type="scene" n='2'><head>SCÈNE II. Madame de Falignac, Valère, Frontin.</head>
<sp who='VALÈRE'><speaker>VALÈRE.</speaker>
<p id='1'>
	<s id='1'>Bonjour, ma chère Madame de Falignac.</s>
</p>
</sp>
<sp who='MADAME-DE-FALIGNAC'><speaker>MADAME DE FALIGNAC.</speaker>
<p id='2'>
	<s id='1'>Ah ! </s>
	<s id='2'>C'est vous, mon cher Valère ? </s>
	<s id='3'>Êtes-vous toujours fou ?</s>
</p>
</sp>
<sp who='VALÈRE'><speaker>VALÈRE.</speaker>
<p id='3'>
	<s id='1'>Plus que jamais, madame , si c'est folie de vouloir pousser une infidèle à bout.</s>
</p>
</sp>
<sp who='MADAME-DE-FALIGNAC'><speaker>MADAME DE FALIGNAC.</speaker>
<p id='4'>
	<s id='1'>Philaminte est une jeune folle qui ne sait pas les conséquences des choses, et vous devriez plutôt détourner les occasions qu'elle pourrait avoir de vous être infidèle, que de tendre des appâts à son humeur volage. </s>
	<s id='2'>Mais quel est ce monsieur devant qui nous parlons si librement ?</s>
</p>
</sp>
<sp who='VALÈRE'><speaker>VALÈRE.</speaker>
<p id='5'>
	<s id='1'>C'est le valet que j'ai choisi pour faire le financier.</s>
</p>
</sp>
<sp who='MADAME-DE-FALIGNAC'><speaker>MADAME DE FALIGNAC.</speaker>
<p id='6'>
	<s id='1'>Ma foi, je l'aurais pris pour un honnête homme.</s>
</p>
</sp>
<sp stage="show" who='FRONTIN'><speaker>FRONTIN, montrant sa bourse.</speaker>
<p id='7'>
	<s id='1'>Ne le suis-je pas ? </s>
	<s id='2'>Vous voyez, monsieur, que les connaisseuses s'y trompent. </s>
	<s id='3'>Jugez si Philaminte, qui n'a pas tant d'expérience à beaucoup près que madame, ne donnera pas dans le panneau.</s>
</p>
</sp>
<sp who='MADAME-DE-FALIGNAC'><speaker>MADAME DE FALIGNAC.</speaker>
<p id='8'>
	<s id='1'>Mais enfin , si elle est aussi infidèle que vous vous le persuadez, que ferez-vous ? </s>
	<s id='2'>Quelle sera votre vengeance ?</s>
</p>
</sp>
<sp who='VALÈRE'><speaker>VALÈRE.</speaker>
<p id='9'>
	<s id='1'>J'épouse à ses yeux cette belle inconnue dont je vous ai parlé.</s>
</p>
</sp>
<sp who='MADAME-DE-FALIGNAC'><speaker>MADAME DE FALIGNAC.</speaker>
<p id='10'>
	<s id='1'>Quoi ! </s>
	<s id='2'>Cette comtesse si riche que vous ne connaissez que de nom ? </s>
	<s id='3'>Je doute qu'elle ait les charmes de Philaminte.</s>
</p>
</sp>
<sp who='VALÈRE'><speaker>VALÈRE.</speaker>
<p id='11'>
	<s id='1'>Elle est alliée, dit-on, à tout ce qu'il y a de plus illustre à la cour ; et pour juger de sa beauté, il ne faut que voir son portrait.</s>
</p>
<stage type="show">Il lui montre un portrait.</stage>
</sp>
<sp who='MADAME-DE-FALIGNAC'><speaker>MADAME DE FALIGNAC.</speaker>
<p id='12'>
	<s id='1'>Voilà une belle personne.</s>
</p>
</sp>
<sp who='VALÈRE'><speaker>VALÈRE.</speaker>
<p id='13'>
	<s id='1'>Elle me l'a envoyé ce matin avec ce billet, qui me promet une fortune considérable, si je quitte Philaminte pour elle.</s>
</p>
</sp>
<sp who='MADAME-DE-FALIGNAC'><speaker>MADAME DE FALIGNAC.</speaker>
<p id='14'>
	<s id='1'>Elle vous envoie des présents de cette magnificence, sans vous avoir jamais parlé ?</s>
</p>
</sp>
<sp who='FRONTIN'><speaker>FRONTIN.</speaker>
<p id='15'>
	<s id='1'>Elle a vu monsieur, n'est-ce pas assez ? </s>
	<s id='2'>La plupart des femmes ne s'attachent qu'à la superficie ; c'est ce qui me fait, attendre au premier jour une fortune semblable.</s>
</p>
</sp>
<sp who='VALÈRE'><speaker>VALÈRE.</speaker>
<p id='16'>
	<s id='1'>Je vous dirai plus. </s>
	<s id='2'>Par ma réponse à sa lettre, c'est ici que doit se faire notre entrevue : ne soyez pas fâchée si j'ai choisi votre maison.</s>
</p>
</sp>
<sp who='MADAME-DE-FALIGNAC'><speaker>MADAME DE FALIGNAC.</speaker>
<p id='17'>
	<s id='1'>Vous vous moquez, mon cher Valère.</s>
</p>
</sp>
<sp who='FRONTIN'><speaker>FRONTIN.</speaker>
<p id='18'>
	<s id='1'>Madame sait que c'est à bonne intention. </s>
	<s id='2'>Elle se mêle quelquefois de faire des mariages ; mais, quand ils se font sans elle, elle n'en est point scandalisée.</s>
</p>
</sp>
<sp who='VALÈRE'><speaker>VALÈRE.</speaker>
<p id='19'>
	<s id='1'>Quelqu'un vient, séparons-nous ; il ne faut pas qu'on nous voie ensemble ; nous nous retrouverons dans la salle du jeu.</s>
</p>
</sp>
</div2>
<div2 type="scene" n='3'><head>SCÈNE III.</head>
<sp stage="alone" who='MADAME-DE-FALIGNAC'><speaker>MADAME DE FALIGNAC, seule.</speaker>
<p id='1'>
	<s id='1'>Je crains que notre ami Valère ne se repente de sa curiosité. </s>
	<s id='2'>Philaminte est une étourdie qui pourrait... </s>
	<s id='3'>Mais la voici.</s>
</p>
</sp>
</div2>
<div2 type="scene" n='4'><head>SCÈNE IV. Philaminte, Madame de Falignac.</head>
<sp stage="laugh" who='PHILAMINTE'><speaker>PHILAMINTE, éclatant de rire.</speaker>
<p id='1'>
	<s id='1'>Ma chère Madame de Falignac, vous me voyez dans une joie, dans un excès de joie, qui ne se peut concevoir!</s>
</p>
</sp>
<sp who='MADAME-DE-FALIGNAC'><speaker>MADAME DE FALIGNAC.</speaker>
<p id='2'>
	<s id='1'>D'où vient donc cette joie, petite folle ?</s>
</p>
</sp>
<sp who='PHILAMINTE'><speaker>PHILAMINTE.</speaker>
<p id='3'>
	<s id='1'>Valère est un volage, un inconstant, un infidèle. </s>
	<s id='2'>Ah ! </s>
	<s id='3'>ah ! </s>
	<s id='4'>ah !...</s>
</p>
</sp>
<sp who='MADAME-DE-FALIGNAC'><speaker>MADAME DE FALIGNAC.</speaker>
<p id='4'>
	<s id='1'>Voilà un beau sujet de vous réjouir !</s>
</p>
</sp>
<sp who='PHILAMINTE'><speaker>PHILAMINTE.</speaker>
<p id='5'>
	<s id='1'>J'ai toujours bien jugé que son ambition le ferait donner dans le panneau. </s>
	<s id='2'>Comme je n'ai rien de caché pour vous, je vous avouerai que depuis quelques jours je lui ai fait écrire sous le nom d'une comtesse supposée. </s>
	<s id='3'>Le traître y a fait réponse. </s>
	<s id='4'>Ah ! </s>
	<s id='5'>ah ! </s>
	<s id='6'>ah !</s>
</p>
</sp>
<sp who='MADAME-DE-FALIGNAC'><speaker>MADAME DE FALIGNAC.</speaker>
<p id='6'>
	<s id='1'>Que me dites-vous là ?</s>
</p>
</sp>
<sp who='PHILAMINTE'><speaker>PHILAMINTE.</speaker>
<p id='7'>
	<s id='1'>Et ce matin, de la part de la même comtesse, je lui ai envoyé un portrait garni de diamants ; il ne l'a pas refusé, le fourbe, le perfide, le scélérat. </s>
	<s id='2'>Ah ! </s>
	<s id='3'>ah ! </s>
	<s id='4'>ah !</s>
</p>
</sp>
<sp who='MADAME-DE-FALIGNAC'><speaker>MADAME DE FALIGNAC.</speaker>
<p id='8'>
	<s id='1'>Cela est assez risible, mais je crois que vous n'en riez que du bout des dents.</s>
</p>
</sp>
<sp who='PHILAMINTE'><speaker>PHILAMINTE.</speaker>
<p id='9'>
	<s id='1'>Point, j'en ris tout de bon ; nos amours étaient trop tristes, je me lassais de ce que Valère ne me donnait aucun sujet de jalousie, et encore plus de rester si longtemps sans m'attirer des reproches de sa part. </s>
	<s id='2'>Depuis que nous nous aimons, nous n'avons presque point été brouillés. </s>
	<s id='3'>Cela est ennuyant, au moins.</s>
</p>
</sp>
<sp who='MADAME-DE-FALIGNAC'><speaker>MADAME DE FALIGNAC.</speaker>
<p id='10'>
	<s id='1'>Beaucoup.</s>
</p>
</sp>
<sp who='PHILAMINTE'><speaker>PHILAMINTE.</speaker>
<p id='11'>
	<s id='1'>Enfin son infidélité m'a déterminée à répondre au billet doux d'un financier qui m'a envoyé cette agrafe. </s>
	<s id='2'>Comme il se propose pour mari, je n'ai point tant cherché de façons. </s>
	<s id='3'>S'il s'était proposé pour amant, cela aurait mérité attention ; j'ai accepté son rendez-vous, et c'est chez vous, ma chère bonne.</s>
</p>
</sp>
<sp who='MADAME-DE-FALIGNAC'><speaker>MADAME DE FALIGNAC.</speaker>
<p id='12'>
	<s id='1'>Il faut que je sois bien bonne en effet pour souffrir tout cela.</s>
</p>
</sp>
<sp who='PHILAMINTE'><speaker>PHILAMINTE.</speaker>
<p id='13'>
	<s id='1'>Oh ! </s>
	<s id='2'>Je ne connais point de meilleure femme que vous.</s>
</p>
</sp>
<sp stage="aparte" who='MADAME-DE-FALIGNAC'><speaker>MADAME DE FALIGNAC, à part.</speaker>
<p id='14'>
	<s id='1'>Ne disons rien, cette épreuve réciproque nous va donner la comédie en notre petit particulier.</s>
</p>
</sp>
<sp who='PHILAMINTE'><speaker>PHILAMINTE.</speaker>
<p id='15'>
	<s id='1'>Que dites-vous ?</s>
</p>
</sp>
<sp who='MADAME-DE-FALIGNAC'><speaker>MADAME DE FALIGNAC.</speaker>
<p id='16'>
	<s id='1'>Rien, je songe à tous ces rendez-vous ; je trouve cela plaisant à mon tour.</s>
</p>
</sp>
<sp who='PHILAMINTE'><speaker>PHILAMINTE.</speaker>
<p id='17'>
	<s id='1'>Gardez-moi le secret.</s>
</p>
</sp>
<sp who='MADAME-DE-FALIGNAC'><speaker>MADAME DE FALIGNAC.</speaker>
<p id='18'>
	<s id='1'>Allez, allez, j'ai d'autres secrets que le vôtre à garder, et je suis plus discrète que vous ne pensez. </s>
	<s id='2'>Après tout, quel est votre dessein ?</s>
</p>
</sp>
<sp who='PHILAMINTE'><speaker>PHILAMINTE.</speaker>
<p id='19'>
	<s id='1'>J'attends Valère aux genoux de la fausse comtesse, pour lui dire que ce n'est que la femme de chambre d'une de mes amies.</s>
</p>
</sp>
<sp who='MADAME-DE-FALIGNAC'><speaker>MADAME DE FALIGNAC.</speaker>
<p id='20'>
	<s id='1'>Il sera au désespoir.</s>
</p>
</sp>
<sp who='PHILAMINTE'><speaker>PHILAMINTE.</speaker>
<p id='21'>
	<s id='1'>Et sur-le-champ j'épouse le financier.</s>
</p>
</sp>
<sp who='MADAME-DE-FALIGNAC'><speaker>MADAME DE FALIGNAC.</speaker>
<p id='22'>
	<s id='1'>Mais le connaissez-vous assez ?...</s>
</p>
</sp>
<sp who='PHILAMINTE'><speaker>PHILAMINTE.</speaker>
<p id='23'>
	<s id='1'>Je m'en suis informée. </s>
	<s id='2'>On dit que ce n'est pas un homme fort bien fait, mais une agrafe de ce prix...</s>
</p>
<stage type="show">Lui faisant voir l'agrafe.</stage>
<p id='24'>
	<s id='1'>M'a d'abord pré venue en sa faveur. </s>
	<s id='2'>Il m'a vue plusieurs fois, à ce que marque son billet ; il est charmé de moi, toute sa caisse est à mon service. </s>
	<s id='3'>Que je m'en vais dépenser d'argent ! </s>
	<s id='4'>Que je m'en vais jouer !</s>
</p>
</sp>
<sp who='MADAME-DE-FALIGNAC'><speaker>MADAME DE FALIGNAC.</speaker>
<p id='25'>
	<s id='1'>C'est un grand plaisir.</s>
</p>
</sp>
<sp who='PHILAMINTE'><speaker>PHILAMINTE.</speaker>
<p id='26'>
	<s id='1'>Il m'a prise dans le bon temps ; car, dans une autre saison, j'aurais jeté par les fenêtres le billet doux, l'agrafe, le porteur, le financier, et tout son équipage... </s>
	<s id='2'>Mais voici notre fausse comtesse.</s>
</p>
</sp>
</div2>
<div2 type="scene" n='5'><head>SCÈNE V. Philaminte, Madame de Falignac, Lisette, en comtesse.</head>
<sp who='PHILAMINTE'><speaker>PHILAMINTE.</speaker>
<p id='1'>
	<s id='1'>Approche, Lisette, qu'as-tu fait ?</s>
</p>
</sp>
<sp who='LISETTE'><speaker>LISETTE.</speaker>
<p id='2'>
	<s id='1'>Des merveilles. </s>
	<s id='2'>On vient de me montrer votre Valère. </s>
	<s id='3'>Aussitôt qu'il m'a vue, il s'est troublé ; j'ai fait la déconcertée, il a tiré mon portrait de sa poche, et l'a baisé avec transport. </s>
	<s id='4'>J'ai joué de la prunelle, j'ai rougi, j'ai pâli, et en tournant mes pas de ce côté, je lui ai lancé un coup d'oeil si meurtrier que je ne crois pas qu'il en revienne.</s>
</p>
</sp>
<sp who='MADAME-DE-FALIGNAC'><speaker>MADAME DE FALIGNAC.</speaker>
<p id='3'>
	<s id='1'>Mademoiselle Lisette ne l'entend pas mal.</s>
</p>
</sp>
<sp who='LISETTE'><speaker>LISETTE.</speaker>
<p id='4'>
	<s id='1'>N'est-ce pas de cette manière, madame, vous que attirâtes autrefois le défunt dans vos filets ?</s>
</p>
</sp>
<sp who='MADAME-DE-FALIGNAC'><speaker>MADAME DE FALIGNAC.</speaker>
<p id='5'>
	<s id='1'>À peu près.</s>
</p>
</sp>
<sp who='LISETTE'><speaker>LISETTE.</speaker>
<p id='6'>
	<s id='1'>Le ton temps est passé, madame de Falignac. </s>
	<s id='2'>Les hommes n'épousent plus par amourette.</s>
</p>
</sp>
<sp who='PHILAMINTE'><speaker>PHILAMINTE.</speaker>
<p id='7'>
	<s id='1'>Mais, Lisette, où as-tu laissé Valère ?</s>
</p>
</sp>
<sp who='LISETTE'><speaker>LISETTE.</speaker>
<p id='8'>
	<s id='1'>Il est en conversation avec mon page , il l'a tiré à quartier.</s>
</p>
</sp>
<sp who='MADAME-DE-FALIGNAC'><speaker>MADAME DE FALIGNAC.</speaker>
<p id='9'>
	<s id='1'>Comment donc ? </s>
	<s id='1'>Quel page?</s>
</p>
</sp>
<sp who='LISETTE'><speaker>LISETTE.</speaker>
<p id='10'>
	<s id='1'>C'est le fils du cocher de la dame que je sers. </s>
	<s id='2'>Il voudra apparemment le faire jaser, mais le petit drôle est aussi bien instruit que le laquais qui lui a rendu ce matin mon portrait. </s>
	<s id='3'>Il lui a fait mille questions... </s>
	<s id='4'>Mais, qu'est-ceci, madame ? </s>
	<s id='5'>Vous me paraissez triste.</s>
</p>
</sp>
<sp who='PHILAMINTE'><speaker>PHILAMINTE.</speaker>
<p id='11'>
	<s id='1'>C'est que je fais réflexion sur cette aventure. </s>
	<s id='2'>Quoique je trahisse en quelque façon Valère, je suis fâchée de le voir infidèle ; je voudrais que mon inconstance lui fit de la peine.</s>
</p>
</sp>
<sp who='MADAME-DE-FALIGNAC'><speaker>MADAME DE FALIGNAC.</speaker>
<p id='12'>
	<s id='1'>Ma foi, vous l'aimez plus que vous ne pensez.</s>
</p>
</sp>
<sp who='LISETTE'><speaker>LISETTE.</speaker>
<p id='13'>
	<s id='1'>Voici notre page en question.</s>
</p>
</sp>
</div2>
<div2 type="scene" n='6'><head>SCÈNE VI. Philaminte, Madame de Falignac, Lisette, Criquet en page.</head>
<sp who='LISETTE'><speaker>LISETTE.</speaker>
<p id='1'>
	<s id='1'>Eh bien, Criquet ?</s>
</p>
</sp>
<sp who='CRIQUET'><speaker>CRIQUET.</speaker>
<p id='2'>
	<s id='1'>Eh bien ! </s>
	<s id='2'>Mademoiselle Lisette, je viens de raisonner avec ce monsieur ; savez-vous qu'il ne manque pas d'esprit ?</s>
</p>
</sp>
<sp who='LISETTE'><speaker>LISETTE.</speaker>
<p id='3'>
	<s id='1'>Tu trouves cela ?</s>
</p>
</sp>
<sp who='CRIQUET'><speaker>CRIQUET.</speaker>
<p id='4'>
	<s id='1'>Il n'en manque morbleu pas ; mais j'en ai plus que lui.</s>
</p>
</sp>
<sp who='LISETTE'><speaker>LISETTE.</speaker>
<p id='5'>
	<s id='1'>Comment ?</s>
</p>
</sp>
<sp who='CRIQUET'><speaker>CRIQUET.</speaker>
<note type="L">Ventrebleu : Espèce de juron euphémique pour ventre de Dieu. [L]</note>
<p id='6'>
	<s id='1'>Il m'a voulu tirer les vers du nez, mais je lui ai donné son reste comme il faut. </s>
	<s id='2'>Il n'y a pas ventrebleu de page de cour plus effronté que moi quand je m'y mets.</s>
</p>
</sp>
<sp who='LISETTE'><speaker>LISETTE.</speaker>
<p id='7'>
	<s id='1'>Que t'a-t-il demandé encore ?</s>
</p>
</sp>
<sp who='CRIQUET'><speaker>CRIQUET.</speaker>
<p id='8'>
	<s id='1'>Mon gentilhomme, y a-t-il longtemps que vous êtes auprès de cette belle dame ?... </s>
	<s id='2'>Depuis qu'elle est arrivée de Bretagne pour se marier à Paris.</s>
</p>
</sp>
<sp who='LISETTE'><speaker>LISETTE.</speaker>
<p id='9'>
	<s id='1'>Bon.</s>
</p>
</sp>
<sp who='CRIQUET'><speaker>CRIQUET.</speaker>
<p id='10'>
	<s id='1'>Sait-on qui elle va épouser ?... </s>
	<s id='2'>Non, mais elle dit tous les jours à son oncle le commandeur, en querellant avec lui, que, puisqu'il l'a une fois mariée à sa fantaisie, elle veut à l'avenir se marier toujours à la sienne ; que pour son bien, elle prétend choisir, et qu'elle a déjà en main le plus joli homme de France, dont elle veut faire la fortune.</s>
</p>
</sp>
<sp who='LISETTE'><speaker>LISETTE.</speaker>
<p id='11'>
	<s id='1'>Fort bien.</s>
</p>
</sp>
<sp who='CRIQUET'><speaker>CRIQUET.</speaker>
<note type="L">Zeste : se dit quelquefois ironique, et absolument, pour montrer qu'on ne fait point de cas d'une chose, qu'elle est de valeur nulle, comme le zest[e] qui est au milieu de la noix. [F]</note>
<p id='12'>
	<s id='1'>Il voulait m'en demander davantage ; mais zeste, je me suis adroitement débarrassé de lui.</s>
</p>
</sp>
<sp who='LISETTE'><speaker>LISETTE.</speaker>
<p id='13'>
	<s id='1'>Cela ne va pas mal.</s>
</p>
</sp>
<sp who='CRIQUET'><speaker>CRIQUET.</speaker>
<p id='14'>
	<s id='1'>Il vient de ce côté, je vous en avertis.</s>
</p>
</sp>
<sp who='MADAME-DE-FALIGNAC'><speaker>MADAME DE FALIGNAC.</speaker>
<p id='15'>
	<s id='1'>Passons dans ce cabinet, nous verrons tout son manège.</s>
</p>
</sp>
<sp who='LISETTE'><speaker>LISETTE.</speaker>
<p id='16'>
	<s id='1'>Moi, je l'attends ici de pied ferme.</s>
</p>
</sp>
<sp who='PHILAMINTE'><speaker>PHILAMINTE.</speaker>
<p id='17'>
	<s id='1'>Toi, Criquet, vois là-dedans si monsieur Patin n'y serait pas, et viens nous en avertir.</s>
</p>
</sp>
<sp who='CRIQUET'><speaker>CRIQUET.</speaker>
<p id='18'>
	<s id='1'>Je ne le connais point.</s>
</p>
</sp>
<sp who='LISETTE'><speaker>LISETTE.</speaker>
<p id='19'>
	<s id='1'>C'est ce financier dont tu nous as tantôt entendu parler... </s>
	<s id='2'>monsieur Patin.</s>
</p>
</sp>
<sp who='CRIQUET'><speaker>CRIQUET.</speaker>
<p id='20'>
	<s id='1'>Ce financier... </s>
	<s id='2'>Monsieur Patin... </s>
	<s id='3'>Je ne sais ce que c'est ; mais il n'importe, je devinerai bien à la mine qu'est-ce qui doit s'appeler comme cela.</s>
</p>
</sp>
</div2>
<div2 type="scene" n='7'><head>SCÈNE VII.</head>
<sp stage="alone" who='LISETTE'><speaker>LISETTE, seule.</speaker>
<p id='1'>
	<s id='1'>Que je suis sotte de ne pas profiter de mes charmes ! </s>
	<s id='2'>Madame de Falignac n'était pas plus que moi quand elle a fait sa fortune ; mais Valère n'est pas ce qu'il me faut. </s>
	<s id='3'>Philaminte, pour se venger, lui découvrira tôt ou tard qui je suis. </s>
	<s id='4'>Tournons nos vues de quelqu'autre côté, il se pourra trouver ici quelque dupe qui nous conviendra mieux... </s>
	<s id='5'>Voici Valère, jouons toujours notre scène avec lui.</s>
</p>
</sp>
</div2>
<div2 type="scene" n='8'><head>SCÈNE VIII. Madame de Falignac et Philaminte, cachées, Valère, Lisette en comtesse.</head>
<sp who='LISETTE'><speaker>LISETTE.</speaker>
<p id='2'>
	<s id='1'>Je ne sais, monsieur, ce que vous jugerez de moi ; mais je crains que ma démarche ne me fasse tort. </s>
	<s id='2'>Faire trop paraître son amour, ce n'est pas le moyen d'en inspirer beaucoup.</s>
</p>
</sp>
<sp who='VALÈRE'><speaker>VALÈRE.</speaker>
<p id='3'>
	<s id='1'>Si les personnes d'un certain mérite et d'un certain rang ne hasardaient les premiers pas, quel téméraire oserait lever les yeux jusqu'à elles ?</s>
</p>
</sp>
<sp who='LISETTE'><speaker>LISETTE.</speaker>
<p id='4'>
	<s id='1'>Croyez-vous que ce pas ne nous coûte rien ? </s>
	<s id='2'>Mon amour a été longtemps combattu par ma raison ; mais enfin j'ai fait taire cette cruelle. </s>
	<s id='3'>Si l'on suivait toujours ses conseils, on ne ferait jamais de folies. </s>
	<s id='4'>Hélas ! </s>
	<s id='5'>Que la vie serait ennuyeuse !</s>
</p>
</sp>
<sp who='VALÈRE'><speaker>VALÈRE.</speaker>
<p id='5'>
	<s id='1'>C'est la raison qui m'a fait quitter Philaminte, et c'est l'amour qui me conduit vers vous ; c'est lui qui me fait vous sacrifier la personne que j'ai le plus aimée au monde, la personne pour qui... </s>
	<s id='2'>Mais non, c'est ne vous rien sacrifier que de vous sacrifier une infidèle... </s>
	<s id='3'>Philaminte ne mérite pas... </s>
	<s id='4'>Madame, si vous avez quelques bontés pour moi, faites-les paraître en recevant ma main dans ce jour.</s>
</p>
</sp>
<sp who='LISETTE'><speaker>LISETTE.</speaker>
<p id='6'>
	<s id='1'>Comment donc dans ce jour ! </s>
	<s id='2'>Tout à l'heure.</s>
</p>
</sp>
<sp who='VALÈRE'><speaker>VALÈRE.</speaker>
<p id='7'>
	<s id='1'>Tout à l'heure ?</s>
</p>
</sp>
<sp who='LISETTE'><speaker>LISETTE.</speaker>
<p id='8'>
	<s id='1'>Oui, point de retardement. </s>
	<s id='2'>Le comte mon mari est mort subitement, je veux me remarier de même.</s>
</p>
</sp>
<sp who='VALÈRE'><speaker>VALÈRE.</speaker>
<p id='9'>
	<s id='1'>Mais madame...</s>
</p>
</sp>
<sp who='LISETTE'><speaker>LISETTE.</speaker>
<p id='10'>
	<s id='1'>Mais, monsieur, cinquante mille livres de rente, que sa mort me laisse, valent bien qu'on m'épouse sans réflexion.</s>
</p>
</sp>
<sp who='VALÈRE'><speaker>VALÈRE.</speaker>
<p id='11'>
	<s id='1'>Ah ! </s>
	<s id='2'>Madame, parlez de votre beauté.</s>
</p>
</sp>
<sp who='LISETTE'><speaker>LISETTE.</speaker>
<p id='12'>
	<s id='1'>Non, non. </s>
	<s id='2'>Je vois bien que Philaminte vous tient toujours au coeur. </s>
	<s id='3'>Que je suis malheureuse !</s>
</p>
</sp>
<sp who='VALÈRE'><speaker>VALÈRE.</speaker>
<p id='13'>
	<s id='1'>Vous pleurez, ma belle comtesse ? </s>
	<s id='2'>Ah ! </s>
	<s id='3'>C'en est trop, Philaminte ne vaut pas que je diffère d'un moment le plaisir de vous posséder. </s>
	<s id='4'>Je vous dirai plus ; quand elle ne m'aurait jamais donné sujet de me plaindre, votre charmante vue suffit pour me rendre inconstant.</s>
</p>
</sp>
<sp who='LISETTE'><speaker>LISETTE.</speaker>
<p id='14'>
	<s id='1'>Ah ! </s>
	<s id='2'>Voilà l'aveu que j'attendais : ne différons point notre mariage. </s>
	<s id='3'>Faisons confidence de notre amour à la maîtresse de ce logis ; elle est de mes amies, elle nous conduira dans tout ceci. Passons dans son appartement, suivez-moi.</s>
</p>
</sp>
<sp who='VALÈRE'><speaker>VALÈRE.</speaker>
<p id='15'>
	<s id='1'>Ô ciel ! </s>
	<s id='2'>À quoi le désespoir m'entraîne !</s>
</p>
</sp>
</div2>
<div2 type="scene" n='9'><head>SCÈNE IX. Philaminte, Madame de Falignac, sortant de l'endroit où elles étaient cachées.</head>
<sp who='PHILAMINTE'><speaker>PHILAMINTE.</speaker>
<p id='1'>
	<s id='1'>Enfin, ma chère de Falignac, connaissez-vous les hommes ?</s>
</p>
</sp>
<sp who='MADAME-DE-FALIGNAC'><speaker>MADAME DE FALIGNAC.</speaker>
<p id='2'>
	<s id='1'>Il y a longtemps.</s>
</p>
</sp>
<sp who='PHILAMINTE'><speaker>PHILAMINTE.</speaker>
<p id='3'>
	<s id='1'>Auriez-vous jamais cru que Valère... </s>
	<s id='2'>Ah ! </s>
	<s id='3'>Je ne me possède pas ! </s>
	<s id='4'>Je suis dans une impatience cruelle, et si le financier venait dans ce moment...</s>
</p>
</sp>
</div2>
<div2 type="scene" n='10'><head>SCÈNE X. Philaminte, Madame de Falignac, Criquet.</head>
<sp who='CRIQUET'><speaker>CRIQUET.</speaker>
<p id='1'>
	<s id='1'>Madame, une figure grosse et courte , vêtue de velours noir, s'approche d'ici ; j'ai jugé que c'était Monsieur Patin.</s>
</p>
</sp>
<sp who='PHILAMINTE'><speaker>PHILAMINTE.</speaker>
<p id='2'>
	<s id='1'>C'est lui sans doute, reprenons notre air gai... </s>
	<s id='2'>J'étais bien folle de me chagriner.</s>
</p>
</sp>
<sp who='MADAME-DE-FALIGNAC'><speaker>MADAME DE FALIGNAC.</speaker>
<p id='3'>
	<s id='1'>Il vient tout à propos. </s>
	<s id='2'>Ces messieurs les financiers viennent toujours à la bonne heure.</s>
</p>
<stage type="aparte">À part.</stage>
<p id='4'>
	<s id='1'>Pour achever de nous donner la comédie, amenons ici Valère ; il faut qu'il soit aussi payé de sa curiosité.</s>
</p>
<stage type="loud">Haut.</stage>
<p id='5'>
	<s id='1'>Je vous laisse.</s>
</p>
</sp>
</div2>
<div2 type="scene" n='11'><head>SCÈNE XI. Frontin, Philaminte.</head>
<sp stage="dress/serious" who='FRONTIN'><speaker>FRONTIN, en financier, entre d'un air brusque, contrefaisant Monsieur Patin, son ancien maître.</speaker>
<p id='1'>
	<s id='1'>Me voilà, madame : il y a une heure que je serais ici, sans des importuns, des canailles qui sont venus en foule m'apporter de l'argent ; j'ai cru que cela ne finirait d'aujourd'hui.</s>
</p>
</sp>
<sp who='PHILAMINTE'><speaker>PHILAMINTE.</speaker>
<p id='2'>
	<s id='1'>Je m'étonnais en effet qu'un homme aussi poli vînt le dernier à un premier rendez-vous, et je commençais à rougir de ma faiblesse.</s>
</p>
</sp>
<sp who='FRONTIN'><speaker>FRONTIN.</speaker>
<p id='3'>
	<s id='1'>Eh ! </s>
	<s id='2'>C'est la mode à présent, les hommes ne veulent plus attendre, et surtout nous autres financiers, nous ne nous piquons pas d'observer les formalités. </s>
	<s id='3'>D'ailleurs mon arrivée a été précédée par des avant-coureurs qui ont dû vous dédommager de ne me pas voir sitôt.</s>
</p>
</sp>
<sp who='PHILAMINTE'><speaker>PHILAMINTE.</speaker>
<p id='4'>
	<s id='1'>Il est vrai que votre lettre est toute charmante. </s>
	<s id='2'>Il n'y a rien de si tendre : elle m'a réjouie d'un bout à l'autre.</s>
</p>
</sp>
<sp who='FRONTIN'><speaker>FRONTIN.</speaker>
<p id='5'>
	<s id='1'>Et l'agrafe ?</s>
</p>
</sp>
<sp who='PHILAMINTE'><speaker>PHILAMINTE.</speaker>
<p id='6'>
	<s id='1'>Elle a son mérite.</s>
</p>
</sp>
<sp who='FRONTIN'><speaker>FRONTIN.</speaker>
<p id='7'>
	<s id='1'>Il y a morbleu plus d'éloquence dans cette agrafe-là que dans toutes les épîtres de Cicéron.</s>
</p>
</sp>
<sp stage="low/toward/pull/location" who='MADAME-DE-FALIGNAC'><speaker>MADAME DE FALIGNAC, bas, à Valère, l'attirant dans le fond du théâtre.</speaker>
<p id='8'>
	<s id='1'>Passons dans cet endroit, nous entendrons toute la conversation.</s>
</p>
</sp>
<sp who='VALÈRE'><speaker>VALÈRE.</speaker>
<p id='9'>
	<s id='1'>J'enrage !</s>
</p>
</sp>
<sp who='FRONTIN'><speaker>FRONTIN.</speaker>
<p id='10'>
	<s id='1'>Il m'est revenu que vous aimiez un certain aigrefin, nommé Valère. </s>
	<s id='2'>Je ne veux point de partage, au moins.</s>
</p>
</sp>
<sp who='PHILAMINTE'><speaker>PHILAMINTE.</speaker>
<p id='11'>
	<s id='1'>Vous connaissez Valère ?</s>
</p>
</sp>
<sp who='FRONTIN'><speaker>FRONTIN.</speaker>
<p id='12'>
	<s id='1'>Si je le connais ! </s>
	<s id='2'>Je lui ai vingt fois prêté, de l'argent qu'il me doit encore.</s>
</p>
</sp>
<sp who='PHILAMINTE'><speaker>PHILAMINTE.</speaker>
<p id='13'>
	<s id='1'>Cependant il a du bien.</s>
</p>
</sp>
<sp who='FRONTIN'><speaker>FRONTIN.</speaker>
<p id='14'>
	<s id='1'>Cela ne fait rien, et je présume qu'il aura souvent besoin de moi. L'aimez-vous encore ? </s>
	<s id='2'>Parlons franchement.</s>
</p>
</sp>
<sp who='PHILAMINTE'><speaker>PHILAMINTE.</speaker>
<p id='15'>
	<s id='1'>Je le hais à la mort.</s>
</p>
</sp>
<sp who='FRONTIN'><speaker>FRONTIN.</speaker>
<p id='16'>
	<s id='1'>Cela me fait plaisir ; mais vous l'avez aimé, cette idée me chagrine.</s>
</p>
</sp>
<sp who='PHILAMINTE'><speaker>PHILAMINTE.</speaker>
<p id='17'>
	<s id='1'>Oh ! </s>
	<s id='2'>De grâce, contentez-vous de votre bonheur présent, si c'en est un de recevoir ma main. </s>
	<s id='3'>Je n'aime point ces esprits inquiets qui rappellent sans cesse le passé. </s>
	<s id='4'>Si j'ai aimé Valère, cela n'est point de votre bail, et je mets dans mon marché que vous n'en parlerez jamais.</s>
</p>
</sp>
<sp who='FRONTIN'><speaker>FRONTIN.</speaker>
<p id='18'>
	<s id='1'>C'est bien dit, ne parlons que de moi, belle Philaminte ; le sujet en vaut la peine. </s>
	<s id='2'>Dites-moi que ma seule personne vous enchante, que vous ne regardez point les biens immenses que vous allez partager avec moi, et que vous voudriez que je fusse un misérable, pour ainsi dire, un homme de rien, pour avoir le plaisir de m'élever....</s>
</p>
</sp>
<sp who='PHILAMINTE'><speaker>PHILAMINTE.</speaker>
<p id='19'>
	<s id='1'>Oh ! </s>
	<s id='2'>Je vous dirai tout cela une autre fois, vous avez trop de délicatesse pour un financier.</s>
</p>
</sp>
<sp who='FRONTIN'><speaker>FRONTIN.</speaker>
<p id='20'>
	<s id='1'>Il est vrai que mes confrères n'y cherchent point tant de façons ; ils ont presque tous les manières aussi rondes que la taille. </s>
	<s id='2'>Leurs conversations tombent toujours sur l'argent. </s>
	<s id='3'>Pour les imiter, parlons de la fortune que je vais vous faire : vous roulerez sur l'or, mon adorable.</s>
</p>
</sp>
<sp who='PHILAMINTE'><speaker>PHILAMINTE.</speaker>
<p id='21'>
	<s id='1'>Est-il possible ?</s>
</p>
</sp>
<sp who='FRONTIN'><speaker>FRONTIN.</speaker>
<p id='22'>
	<s id='1'>Vous serez logée et meublée magnifiquement.</s>
</p>
</sp>
<sp who='PHILAMINTE'><speaker>PHILAMINTE.</speaker>
<p id='23'>
	<s id='1'>J'aime cela.</s>
</p>
</sp>
<sp who='FRONTIN'><speaker>FRONTIN.</speaker>
<p id='24'>
	<s id='1'>Vos équipages seront superbes.</s>
</p>
</sp>
<sp who='PHILAMINTE'><speaker>PHILAMINTE.</speaker>
<p id='25'>
	<s id='1'>Courage, monsieur Patin.</s>
</p>
</sp>
<sp who='FRONTIN'><speaker>FRONTIN.</speaker>
<p id='26'>
	<s id='1'>Des pierreries inestimables.</s>
</p>
</sp>
<sp who='PHILAMINTE'><speaker>PHILAMINTE.</speaker>
<p id='27'>
	<s id='1'>Vous vous ruinez.</s>
</p>
</sp>
<sp who='FRONTIN'><speaker>FRONTIN.</speaker>
<p id='28'>
	<s id='1'>Bon ! </s>
	<s id='2'>Qu'est-ce que cela me coûte, un zéro de plus. </s>
	<s id='3'>Quand épouserons-nous ?</s>
</p>
</sp>
<sp who='PHILAMINTE'><speaker>PHILAMINTE.</speaker>
<p id='29'>
	<s id='1'>Je ne sais.</s>
</p>
</sp>
<sp who='FRONTIN'><speaker>FRONTIN.</speaker>
<p id='30'>
	<s id='1'>Dans ce moment, si vous voulez ; aussi bien tantôt ai-je beaucoup d'affaires.</s>
</p>
</sp>
<sp who='PHILAMINTE'><speaker>PHILAMINTE.</speaker>
<p id='31'>
	<s id='1'>Je le veux ; allons de ce pas chez le notaire faire dresser les articles.</s>
</p>
</sp>
<sp stage="stop" who='FRONTIN'><speaker>FRONTIN, l'arrêtant.</speaker>
<p id='32'>
	<s id='1'>Est-ce que vous voulez que ce soit par-devant notaire ?</s>
</p>
</sp>
<sp who='PHILAMINTE'><speaker>PHILAMINTE.</speaker>
<p id='33'>
	<s id='1'>Sans doute ; cela se fait-il autrement ?</s>
</p>
</sp>
<sp who='FRONTIN'><speaker>FRONTIN.</speaker>
<p id='34'>
	<s id='1'>Quelquefois ; mais j'en passerai par où il vous plaira.</s>
</p>
</sp>
<sp who='PHILAMINTE'><speaker>PHILAMINTE.</speaker>
<p id='35'>
	<s id='1'>Il faut que je parle auparavant à madame de Falignac, elle aurait lieu de se plaindre de moi de m'être engagée si avant sans ses conseils.</s>
</p>
</sp>
<sp who='FRONTIN'><speaker>FRONTIN.</speaker>
<p id='36'>
	<s id='1'>Mais...</s>
</p>
</sp>
<sp who='PHILAMINTE'><speaker>PHILAMINTE.</speaker>
<p id='37'>
	<s id='1'>Mais, mais ; je vais la trouver, et je reviens dans le moment.</s>
</p>
</sp>
</div2>
<div2 type="scene" n='12'><head>SCÈNE XII.</head>
<sp stage="alone" who='FRONTIN'><speaker>FRONTIN, seul.</speaker>
<p id='1'>
	<s id='1'>Ma foi, cela ne va pas mal, et si je ne craignais les suites... </s>
	<s id='2'>Mais il ne faut pas jouer ce tour à mon maître. </s>
	<s id='3'>Quoi qu'il dise et quoi qu'il fasse ; je suis persuadé que Philaminte lui tient toujours au coeur : tâchons d'en tromper quelqu'autre avant de quitter notre équipage à bonne fortune.</s>
</p>
</sp>
</div2>
<div2 type="scene" n='13'><head>SCÈNE XIII. Valère, Madame de Falignac, sortant de l'endroit où ils étaient cachés ; Frontin.</head>
<sp stage="alone" who='FRONTIN'><speaker>FRONTIN, seul.</speaker>
<p id='1'>
	<s id='1'>Ah ! </s>
	<s id='2'>Ah ! </s>
	<s id='3'>Vous étiez là , monsieur?</s>
</p>
</sp>
<sp who='VALÈRE'><speaker>VALÈRE.</speaker>
<p id='2'>
	<s id='1'>Oui, j'ai tout entendu ; je suis dans une telle fureur, que je ne me connais plus.</s>
</p>
</sp>
<sp who='MADAME-DE-FALIGNAC'><speaker>MADAME DE FALIGNAC.</speaker>
<p id='3'>
	<s id='1'>Oh çà, parlons sincèrement ; pouvez-vous blâmer Philaminte, sans vous avouer le plus injuste de tous les hommes ? </s>
	<s id='2'>Je n'ai pas perdu un seul mot de votre conversation avec la comtesse : croyez-moi, restez-en là, et raccommodez-vous avec Philaminte.</s>
</p>
</sp>
<sp who='VALÈRE'><speaker>VALÈRE.</speaker>
<p id='4'>
	<s id='1'>Moi ? </s>
	<s id='2'>J'aimerais mieux mourir ; je veux la pousser à bout. </s>
	<s id='3'>Elle vous cherche, allez la trouver ; cependant, je vais rejoindre ma comtesse. </s>
	<s id='4'>Au moins, je compte toujours sur votre discrétion.</s>
</p>
</sp>
<sp who='MADAME-DE-FALIGNAC'><speaker>MADAME DE FALIGNAC.</speaker>
<p id='5'>
	<s id='1'>Ne soyez point en peine.</s>
</p>
</sp>
</div2>
<div2 type="scene" n='14'><head>SCÈNE XIV.</head>
<sp stage="alone" who='FRONTIN'><speaker>FRONTIN, seul.</speaker>
<p id='1'>
	<s id='1'>Je suis ravi qu'on me laisse seul. </s>
	<s id='2'>Je vais voir là-dedans si quelque dupe ne donnera pas dans mon bon air... </s>
	<s id='3'>Mais j'aperçois la comtesse. </s>
	<s id='4'>Je puis en conscience trahir mon maître de ce côté-là. </s>
	<s id='5'>Voici deux ou trois fois qu'elle me ce lorgne, voyons que cela veut dire.</s>
</p>
</sp>
</div2>
<div2 type="scene" n='15'><head>SCÈNE XV. Lisette, en comtesse ; Frontin, en financier.</head>
<sp stage="aparte" who='LISETTE'><speaker>LISETTE, à part.</speaker>
<p id='1'>
	<s id='1'>Bon, voilà ce que je cherche, le financier de Philaminte : il m'a tantôt regardée d'un oeil qui n'était pas indifférent ; poussons quelques soupirs pour l'amorcer.</s>
</p>
<stage type="loud">Haut.</stage>
<p id='2'>
	<s id='1'>Ah !</s>
</p>
</sp>
<sp stage="watch" who='FRONTIN'><speaker>FRONTIN, après l'avoir regardée avec sa lorgnette.</speaker>
<p id='3'>
	<s id='1'>Vous soupirez, charmante veuve ? </s>
	<s id='2'>Est-ce pour le défunt, ou après un futur ?</s>
</p>
</sp>
<sp who='LISETTE'><speaker>LISETTE.</speaker>
<p id='4'>
	<s id='1'>Ce discours me surprend de la part d'un seigneur de qui je ne croyais pas avoir l'honneur d'être connue.</s>
</p>
</sp>
<sp who='FRONTIN'><speaker>FRONTIN.</speaker>
<p id='5'>
	<s id='1'>On ne peut vous voir, sans être charmé de vos charmes : on ne peut en être charmé sans avoir la curiosité de savoir qui vous êtes. </s>
	<s id='2'>Pour le savoir il faut le demander ; c'est ce que j'ai fait : et l'on m'a dit que vous étiez une veuve fort riche, fort qualifiée, mais encore plus libérale, et que...</s>
</p>
</sp>
<sp who='LISETTE'><speaker>LISETTE.</speaker>
<p id='6'>
	<s id='1'>Ne parlons point de mes libéralités, on aurait de la peine à égaler les vôtres.</s>
</p>
</sp>
<sp who='FRONTIN'><speaker>FRONTIN.</speaker>
<p id='7'>
	<s id='1'>Quoi ! </s>
	<s id='2'>Vous me connaissez ?</s>
</p>
</sp>
<sp who='LISETTE'><speaker>LISETTE.</speaker>
<p id='8'>
	<s id='1'>Il faudrait n'avoir jamais vu le monde pour ne pas connaître Monsieur Patin : son mérite et ses dépenses avec les dames lui ont acquis une réputation.</s>
</p>
</sp>
<sp who='FRONTIN'><speaker>FRONTIN.</speaker>
<p id='9'>
	<s id='1'>Il est vrai que j'en fais de terribles, et surtout quand les femmes commencent par me donner ; cela me pique, cela m'acharne. </s>
	<s id='2'>Une présidente, amoureuse de moi, m'envoya une fois un mauvais diamant de mille écus, ce diamant lui a valu plus de cent mille francs : oui ; cette présidente-là me coûte cent mille francs ou rien. </s>
	<s id='3'>Mes réponses à ses billets doux étaient des lettres de change, et je crois que je l'aurais épousée, sans un mari qu'elle avait encore de reste.</s>
</p>
</sp>
<sp who='LISETTE'><speaker>LISETTE.</speaker>
<p id='10'>
	<s id='1'>Je n'en ai plus, dieu merci ; le mien est bien mort. </s>
	<s id='2'>J'ai été si peu de temps avec lui, qu'il ne me souvient pas d'avoir été mariée. </s>
	<s id='3'>Je suis de ces veuves qui pourraient encore passer pour filles.</s>
</p>
</sp>
<sp who='FRONTIN'><speaker>FRONTIN.</speaker>
<p id='11'>
	<s id='1'>Cela est heureux, car il se trouve des filles qui ne pourraient passer que pour veuves.</s>
</p>
</sp>
<sp who='LISETTE'><speaker>LISETTE.</speaker>
<p id='12'>
	<s id='1'>La triste chose que le veuvage !</s>
</p>
</sp>
<sp who='FRONTIN'><speaker>FRONTIN.</speaker>
<p id='13'>
	<s id='1'>Il me paraît qu'il vous ennuie. </s>
	<s id='2'>Et certain Valère qui vous couche en joue...</s>
</p>
</sp>
<sp who='LISETTE'><speaker>LISETTE.</speaker>
<p id='14'>
	<s id='1'>Que dites-vous de Valère ? </s>
	<s id='2'>Comment savez-vous...</s>
</p>
</sp>
<sp who='FRONTIN'><speaker>FRONTIN.</speaker>
<p id='15'>
	<s id='1'>Il n'a rien de caché pour moi, c'est de lui que je viens d'apprendre que votre libéralité s'était étendue jusqu'à lui envoyer votre portrait garni de diamants.</s>
</p>
</sp>
<sp who='LISETTE'><speaker>LISETTE.</speaker>
<p id='16'>
	<s id='1'>Ah ! </s>
	<s id='2'>Le petit indiscret ! </s>
	<s id='3'>Que je suis malheureuse d'être tombée si mal ! </s>
	<s id='4'>Je perds toute l'estime que j'avais conçue pour lui. L'on est bien embarrassé dans le choix des amants d'aujourd'hui. Les plus charmants sont les plus scélérats, et l'on ne trouve de la sincérité que dans ceux qui n'ont point l'art de plaire.</s>
</p>
</sp>
<sp who='FRONTIN'><speaker>FRONTIN.</speaker>
<p id='17'>
	<s id='1'>Ma foi, si j'étais femme, je m'attacherais à des gens faits sur un certain modèle, où l'utile se trouve mêlé avec l'agréable.</s>
</p>
</sp>
<sp who='LISETTE'><speaker>LISETTE.</speaker>
<p id='18'>
	<s id='1'>Ce serait assez mon goût, et il est fâcheux que la presse y soit maintenant.</s>
</p>
</sp>
<sp who='FRONTIN'><speaker>FRONTIN.</speaker>
<p id='19'>
	<s id='1'>On a beau avoir la presse, on sait toujours distinguer celles dont le mérite...</s>
</p>
</sp>
<sp who='LISETTE'><speaker>LISETTE.</speaker>
<p id='20'>
	<s id='1'>Philaminte est sans doute du nombre des distinguées, et l'agrafe de diamants que vous lui avez envoyée...</s>
</p>
</sp>
<sp who='FRONTIN'><speaker>FRONTIN.</speaker>
<p id='21'>
	<s id='1'>Comment morbleu ! </s>
	<s id='2'>Qui vous a dit cela ?</s>
</p>
</sp>
<sp who='LISETTE'><speaker>LISETTE.</speaker>
<p id='22'>
	<s id='1'>Elle-même, et que ce présent la touchait du moins autant que votre personne.</s>
</p>
</sp>
<sp who='FRONTIN'><speaker>FRONTIN.</speaker>
<p id='23'>
	<s id='1'>Oui ? </s>
	<s id='2'>Oh ! </s>
	<s id='3'>Oh ! </s>
	<s id='4'>Elle ne me tient pas encore.</s>
</p>
</sp>
<sp who='LISETTE'><speaker>LISETTE.</speaker>
<p id='24'>
	<s id='1'>Valère a compté sans son hôte, je n'aime point les amants escrocs.</s>
</p>
</sp>
<sp who='FRONTIN'><speaker>FRONTIN.</speaker>
<p id='25'>
	<s id='1'>Philaminte a trop jasé ; je hais les femmes intéressées.</s>
</p>
</sp>
<sp who='LISETTE'><speaker>LISETTE.</speaker>
<p id='26'>
	<s id='1'>Je crois que nous nous conviendrions bien, monsieur Patin.</s>
</p>
</sp>
<sp who='FRONTIN'><speaker>FRONTIN.</speaker>
<p id='27'>
	<s id='1'>Nous, madame la comtesse ? </s>
	<s id='3'>À ravir ! </s>
	<s id='4'>Nous semblons avoir été faits l'un pour l'autre. </s>
	<s id='5'>Si j'étais assez heureux...</s>
</p>
</sp>
<sp who='LISETTE'><speaker>LISETTE.</speaker>
<p id='28'>
	<s id='1'>Si j'osais me flatter...</s>
</p>
</sp>
<sp who='FRONTIN'><speaker>FRONTIN.</speaker>
<note type="L">Barguigner : se dit figurément en choses spirituelles des irrésolutions d'esprit, quand un homme a du mal à se résoudre, à donner quelque parole, à conclure une affaire, à se défaire de quelque engagement. [F]</note>
<p id='29'>
	<s id='1'>Ma foi, madame, sans tant barguigner, si vous voulez, je vous épouse.</s>
</p>
</sp>
<sp who='LISETTE'><speaker>LISETTE.</speaker>
<p id='30'>
	<s id='1'>J'y consens, quand ce ne serait que pour me venger de Valère ; mais je voudrais que ce mariage fût bien secret.</s>
</p>
</sp>
<sp who='FRONTIN'><speaker>FRONTIN.</speaker>
<p id='31'>
	<s id='1'>Je serais au désespoir que personne en sût rien.</s>
</p>
</sp>
<sp who='LISETTE'><speaker>LISETTE.</speaker>
<p id='32'>
	<s id='1'>Que diraient le commandeur mon oncle, mon frère le marquis, mon neveu le vicomte, s'ils savaient que je voulusse épouser moins qu'un duc ?</s>
</p>
</sp>
<sp who='FRONTIN'><speaker>FRONTIN.</speaker>
<note type="L">Partisan : est aussi un financier, un homme qui fait des traités, des partis avec le Roi, qui prend ses revenus à terme, le recouvrement des impôts, qui en donne aussi les avis et les mémoires. [F]</note>
<p id='33'>
	<s id='1'>Et ma tante la partisane, mon frère le trésorier, et mon cousin germain le secrétaire du roi, que diraient-ils s'ils me voyaient pousser si avant dans la noblesse ? </s>
	<s id='2'>Eux qui savent si bien ce qu'en vaut l'aune.</s>
</p>
</sp>
<sp who='LISETTE'><speaker>LISETTE.</speaker>
<p id='34'>
	<s id='1'>Ainsi, vous voyez que nous avons tous deux de grandes raisons pour cacher ce mariage.</s>
</p>
</sp>
<sp who='FRONTIN'><speaker>FRONTIN.</speaker>
<p id='35'>
	<s id='1'>Je vois... </s>
	<s id='2'>Je vois qu'il en faut retrancher les trois quarts des cérémonies.</s>
</p>
</sp>
<sp who='LISETTE'><speaker>LISETTE.</speaker>
<p id='36'>
	<s id='1'>Cependant il faut...</s>
</p>
</sp>
<sp who='FRONTIN'><speaker>FRONTIN.</speaker>
<p id='37'>
	<s id='1'>Tenez, dans ces sortes d'occasions, la parole vaut le jeu : je vous donne la mienne ; souffrez que je baise mille fois cette main dont, dont...</s>
</p>
</sp>
</div2>
<div2 type="scene" n='16'><head>SCÈNE XVI. Philaminte, Lisette, en comtesse, Frontin, en financier.</head>
<sp stage="surprise" who='PHILAMINTE'><speaker>PHILAMINTE, le surprenant.</speaker>
<p id='1'>
	<s id='1'>Oui, monsieur Patin ?</s>
</p>
</sp>
<sp who='LISETTE'><speaker>LISETTE.</speaker>
<p id='2'>
	<s id='1'>Ah ciel !...</s>
</p>
</sp>
<sp who='FRONTIN'><speaker>FRONTIN.</speaker>
<p id='3'>
	<s id='1'>Madame....</s>
</p>
</sp>
<sp who='PHILAMINTE'><speaker>PHILAMINTE.</speaker>
<p id='4'>
	<s id='1'>Cela est heureux ; je ne rencontre partout que des infidèles : je veux me venger de l'inconstance de Valère, et je trouve en vous un autre perfide. </s>
	<s id='2'>Vous qui me juriez dans ce moment une ardeur éternelle ! </s>
	<s id='3'>Cela est fort plaisant, en vérité ! </s>
	<s id='4'>À qui me sacrifiez-vous encore ? </s>
	<s id='5'>À une malheureuse suivante revêtue des habits de sa maîtresse.</s>
</p>
</sp>
<sp who='LISETTE'><speaker>LISETTE.</speaker>
<p id='5'>
	<s id='1'>Quoi ! </s>
	<s id='2'>Madame.,..</s>
</p>
</sp>
<sp who='PHILAMINTE'><speaker>PHILAMINTE.</speaker>
<p id='6'>
	<s id='1'>Paix, Lisette ; vous méritez que je vous fasse cet affront pour avoir voulu me trahir.</s>
</p>
</sp>
<sp stage="aparte" who='FRONTIN'><speaker>FRONTIN, à part.</speaker>
<p id='7'>
	<s id='1'>Mon maître en tient, ne nous déconcertons pas. </s>
	<s id='2'>Comment donc, madame la soubrette, vous osez vous adresser à un homme de ma condition ? </s>
	<s id='3'>Madame, pardonnez....</s>
</p>
</sp>
<sp who='PHILAMINTE'><speaker>PHILAMINTE.</speaker>
<p id='8'>
	<s id='1'>Non, monsieur, ne me parlez plus.</s>
</p>
</sp>
<sp who='FRONTIN'><speaker>FRONTIN.</speaker>
<p id='9'>
	<s id='1'>Est-ce ma faute, madame, si l'on m'aime ? </s>
	<s id='2'>Mais je vous jure que je n'amusais la passion de cette petite guenon-là, que pour avoir le plaisir de vous la sacrifier.</s>
</p>
</sp>
<sp who='PHILAMINTE'><speaker>PHILAMINTE.</speaker>
<p id='10'>
	<s id='1'>Bagatelle !</s>
</p>
</sp>
<sp who='FRONTIN'><speaker>FRONTIN.</speaker>
<p id='11'>
	<s id='1'>Je voulais baiser sa main , et je ne sais qui me tient que la mienne ne punisse son impudence...</s>
</p>
</sp>
<sp who='LISETTE'><speaker>LISETTE.</speaker>
<p id='12'>
	<s id='1'>Oh ! </s>
	<s id='2'>Doucement, monsieur le financier ; n'étendez point jusque-là vos libéralités.</s>
</p>
</sp>
<sp stage="toward" who='FRONTIN'><speaker>FRONTIN, à Lisette.</speaker>
<p id='13'>
	<s id='1'>Vraiment, il vous en faut, ma mie, des seigneurs faits au tour : ôtez-vous de devant mes yeux, impertinente, et allez dans un coin de cette salle rougir de votre effronterie. </s>
	<s id='2'>Madame, souffrez que je me jette à vos genoux.</s>
</p>
</sp>
<sp who='PHILAMINTE'><speaker>PHILAMINTE.</speaker>
<p id='14'>
	<s id='1'>Levez-vous ; on vous pardonne.</s>
</p>
</sp>
<sp stage="kneel/kiss" who='FRONTIN'><speaker>FRONTIN, restant à ses genoux et baisant sa main.</speaker>
<p id='15'>
	<s id='1'>Ah ! </s>
	<s id='2'>Madame, quelles grâces n'ai-je point à rendre...</s>
</p>
</sp>
</div2>
<div2 type="scene" n='17'><head>SCÈNE XVII. Valère, Philaminte, Frontin en financier, Lisette en Comtesse.</head>
<sp who='VALÈRE'><speaker>VALÈRE.</speaker>
<p id='1'>
	<s id='1'>Je conçois le bonheur de Monsieur Patin par ses remerciements, madame. </s>
	<s id='2'>Grâces au ciel, les choses en sont au point où je les souhaitais, et cette aventure me réjouit...</s>
</p>
</sp>
<sp who='PHILAMINTE'><speaker>PHILAMINTE.</speaker>
<p id='2'>
	<s id='1'>Le plaisir que j'en ai passe mon espérance, puisque vous en êtes témoin aussi bien que votre belle, votre charmante, votre illustre comtesse.</s>
</p>	
</sp>
<sp stage="show" who='VALÈRE'><speaker>VALÈRE, montrant Lisette.</speaker>
<p id='3'>
	<s id='1'>Oui, j'aime, j'adore cette aimable personne, aussi digne d'un coeur comme le mien, que votre procédé vous en a su rendre indigne.</s>
</p>
</sp>
<sp who='FRONTIN'><speaker>FRONTIN.</speaker>
<p id='4'>
	<s id='1'>Bon ! </s>
	<s id='2'>Bon ! </s>
	<s id='3'>Courage.</s>
</p>
</sp>
<sp who='PHILAMINTE'><speaker>PHILAMINTE.</speaker>
<p id='5'>
	<s id='1'>Il est vrai que vous m'ayez donné un bel exemple de fidélité.</s>
</p>
</sp>
<sp who='VALÈRE'><speaker>VALÈRE.</speaker>
<p id='6'>
	<s id='1'>C'est vous qui avez commencé, perfide.</s>
</p>
</sp>
<sp who='FRONTIN'><speaker>FRONTIN.</speaker>
<p id='7'>
	<s id='1'>Ma foi, je crois que vous avez tous deux commencé en même temps, et que vous n'avez rien à vous reprocher.</s>
</p>
</sp>
<sp who='VALÈRE'><speaker>VALÈRE.</speaker>
<note type="L">Inclination : Se dit aussi de l'amour, du penchant, de l'attachement qu'on a pour quelqu'un. [F]</note>
<p id='8'>
	<s id='1'>J'ai des inclinations, du moins, plus élevées que les vôtres ; et le choix que vous avez fait de ce maraud....</s>
</p>
</sp>
<sp who='FRONTIN'><speaker>FRONTIN.</speaker>
<p id='9'>
	<s id='1'>Comment donc maraud ? </s>
	<s id='2'>Madame, c'est une gageure, au moins.</s>
</p>
</sp>
<sp who='PHILAMINTE'><speaker>PHILAMINTE.</speaker>
<p id='10'>
	<s id='1'>Il vous sied mal de l'insulter.</s>
</p>
</sp>
<sp who='VALÈRE'><speaker>VALÈRE.</speaker>
<p id='11'>
	<s id='1'>Il m'est permis, je crois, de traiter mon valet comme il me plaît.</s>
</p>
</sp>
<sp who='FRONTIN'><speaker>FRONTIN.</speaker>
<p id='12'>
	<s id='1'>Adieu tout mon mérite.</s>
</p>
</sp>
<sp who='PHILAMINTE'><speaker>PHILAMINTE.</speaker>
<p id='13'>
	<s id='1'>Quoi ! </s>
	<s id='2'>Votre valet ? </s>
	<s id='3'>Ah ! </s>
	<s id='4'>Quelle insolence !</s>
</p>
</sp>
<sp who='VALÈRE'><speaker>VALÈRE.</speaker>
<p id='14'>
	<s id='1'>Vous méritez cet éclat devant tout le monde, et que j'épouse à vos yeux cette charmante personne à qui je jure un amour éternel. </s>
	<s id='2'>Oui, belle comtesse ! </s>
	<s id='3'>Adorable comtesse !...</s>
</p>
</sp>
<sp who='FRONTIN'><speaker>FRONTIN.</speaker>
<p id='15'>
	<s id='1'>Eh ! </s>
	<s id='2'>Oui, oui ; compte, compte.</s>
</p>
</sp>
<sp stage="toward" who='VALÈRE'><speaker>VALÈRE, à Lisette.</speaker>
<p id='16'>
	<s id='1'>Je n'aimerai jamais que vous. </s>
	<s id='2'>Je triomphe en ce moment.</s>
</p>
</sp>
<sp who='PHILAMINTE'><speaker>PHILAMINTE.</speaker>
<p id='17'>
	<s id='1'>Votre triomphe sera de peu de durée; il n'est pas si complet que vous vous l'imaginez. </s>
	<s id='2'>Et si monsieur le financier est un maraud de valet, madame la comtesse est une coquine de suivante. </s>
	<s id='3'>Ah ! </s>
	<s id='4'>Ah ! </s>
	<s id='5'>Ah !</s>
</p>
</sp>
<sp who='LISETTE'><speaker>LISETTE.</speaker>
<p id='18'>
	<s id='1'>Mais, madame, je ne croyais pas...</s>
</p>
</sp>
<sp who='FRONTIN'><speaker>FRONTIN.</speaker>
<p id='19'>
	<s id='1'>Paix, Lisette.</s>
</p>
</sp>
<sp who='VALÈRE'><speaker>VALÈRE.</speaker>
<p id='20'>
	<s id='1'>Quoi ! </s>
	<s id='2'>Madame_la_Comtesse...</s>
</p>
</sp>
<sp who='FRONTIN'><speaker>FRONTIN.</speaker>
<p id='21'>
	<s id='1'>Oui, Monsieur, c'est une Lisette. </s>
	<s id='2'>À bon chat, bon rat : on vous jouait le même tour que vous prétendiez jouer.</s>
</p>
</sp>
<sp who='VALÈRE'><speaker>VALÈRE.</speaker>
<p id='22'>
	<s id='1'>Juste ciel !</s>
</p>
</sp>
<sp who='LISETTE'><speaker>LISETTE.</speaker>
<p id='23'>
	<s id='1'>Monsieur le financier de hasard, je vous la garde bonne.</s>
</p>
</sp>
<sp who='FRONTIN'><speaker>FRONTIN.</speaker>
<p id='24'>
	<s id='1'>Madame_la_Comtesse faite à la hâte, nous en dirons deux mots.</s>
</p>
</sp>
</div2>
<div2 type="scene" n='18'><head>SCÈNE XVIII. Madame de Falignac, Philaminte, Valère, Lisette, Frontin.</head>
<sp who='MADAME-DE-FALIGNAC'><speaker>MADAME DE FALIGNAC.</speaker>
<p id='1'>
	<s id='1'>Eh bien ! </s>
	<s id='2'>Qu'est-ce, mes enfants ? </s>
	<s id='3'>Où en êtes-vous ?</s>
</p>
</sp>
<sp who='FRONTIN'><speaker>FRONTIN.</speaker>
<p id='2'>
	<s id='1'>Nous en sommes au dénouement, et nos amants, ayant voulu réciproquement s'éprouver, se trouvent aussi infidèles et aussi sots l'un que l'autre.</s>
</p>
</sp>
<sp who='MADAME-DE-FALIGNAC'><speaker>MADAME DE FALIGNAC.</speaker>
<p id='3'>
	<s id='1'>Je savais vos secrets ; mais j'ai voulu me réjouir de votre extravagance.</s>
</p>
</sp>
<sp who='PHILAMINTE'><speaker>PHILAMINTE.</speaker>
<p id='4'>
	<s id='1'>Ah ! </s>
	<s id='2'>Valère, je n'aurais jamais cru que vous vous fussiez défié de moi à ce point.</s>
</p>
</sp>
<sp who='FRONTIN'><speaker>FRONTIN.</speaker>
<p id='5'>
	<s id='1'>Il avait grand tort assurément.</s>
</p>
</sp>
<sp who='VALÈRE'><speaker>VALÈRE.</speaker>
<p id='6'>
	<s id='1'>Je ne me serais jamais imaginé, Philaminte, que vous m'eussiez mis à une telle épreuve.</s>
</p>
</sp>
<sp who='LISETTE'><speaker>LISETTE.</speaker>
<p id='7'>
	<s id='1'>Il me paraît que vos soupçons étaient assez bien fondés.</s>
</p>
</sp>
<sp who='PHILAMINTE'><speaker>PHILAMINTE.</speaker>
<p id='8'>
	<s id='1'>Je ne veux plus vous voir.</s>
</p>
</sp>
<sp who='VALÈRE'><speaker>VALÈRE.</speaker>
<p id='9'>
	<s id='1'>Je ne paraîtrai jamais devant vous après une telle aventure.</s>
</p>
</sp>
<sp who='MADAME-DE-FALIGNAC'><speaker>MADAME DE FALIGNAC.</speaker>
<p id='10'>
	<s id='1'>Vous vous moquez. </s>
	<s id='2'>Vous vous aimez encore plus qu'il ne faut pour être mari et femme.</s>
</p>
</sp>
<sp who='FRONTIN'><speaker>FRONTIN.</speaker>
<p id='11'>
	<s id='1'>Madame de Falignac a raison. </s>
	<s id='2'>Vous ferez fort bien de vous marier. </s>
	<s id='3'>Vous vous connaissez l'un l'autre, et vous n'achèterez point chat en poche.</s>
</p>
</sp>
<sp who='VALÈRE'><speaker>VALÈRE.</speaker>
<p id='12'>
	<s id='1'>Philaminte !</s>
</p>
</sp>
<sp who='PHILAMINTE'><speaker>PHILAMINTE.</speaker>
<p id='13'>
	<s id='1'>Valère !</s>
</p>
</sp>
<sp who='VALÈRE'><speaker>VALÈRE.</speaker>
<p id='14'>
	<s id='1'>Oublions le passé.</s>
</p>
</sp>
<sp who='PHILAMINTE'><speaker>PHILAMINTE.</speaker>
<p id='15'>
	<s id='1'>J'y consens.</s>
</p>
</sp>
<sp who='MADAME-DE-FALIGNAC'><speaker>MADAME DE FALIGNAC.</speaker>
<p id='16'>
	<s id='1'>Et n'en venez jamais, croyez-moi, à ces sortes d'épreuves ; elles sont trop dangereuses.</s>
</p>
</sp>
<sp who='FRONTIN'><speaker>FRONTIN.</speaker>
<p id='17'>
	<s id='1'>Madame_la_Comtesse ?</s>
</p>
</sp>
<sp who='LISETTE'><speaker>LISETTE.</speaker>
<p id='18'>
	<s id='1'>Monsieur le financier ?</s>
</p>
</sp>
<sp who='FRONTIN'><speaker>FRONTIN.</speaker>
<p id='19'>
	<s id='1'>Il semble que nous pouvons nous marier sans craindre à présent le courroux de nos parents.</s>
</p>
</sp>
<sp who='LISETTE'><speaker>LISETTE.</speaker>
<p id='20'>
	<s id='1'>Ma foi, je le veux ; mais point d'épreuve, an moins.</s>
</p>
</sp>
<sp who='FRONTIN'><speaker>FRONTIN.</speaker>
<p id='21'>
	<s id='1'>Oh ! </s>
	<s id='2'>Je n'ai garde ; je serais sûr d'être trop bien payé de ma curiosité.</s>
</p>
</sp>
</div2>
</div1>
</body>
</text>
</TEI>
