<?xml version="1.0" encoding="utf-8" ?>
<TEI xml:lang="fr">
<teiHeader>
		<fileDesc>
			<titleStmt>
				<title>L'HIVER, COMÉDIE.</title>
			<author born='1700' born_location='Chartres' death='1753' death_location='Paris' academie=''>SOULAS d'ALLAINVAL, Abbé Léonor Jean Christine</author>
			</titleStmt>
			<publicationStmt>	
				<p>publié par Paul FIEVRE, septembre 2011, revu décembre 2016.</p>
				<idno>ALLAINVAL_HIVER</idno>
			<rights>Creative Commons BY-NC-SA</rights>
			</publicationStmt>
			<SourceDesc>
				<genre>Comédie</genre>
				<inspiration>mythologie</inspiration>			<type>mixte</type>
				<structure>Un acte</structure>
				<periode>1731-1740</periode>
				<taille>750-1000</taille>
				<permalien>http://gallica.bnf.fr/ark:/12148/bpt6k5814947z</permalien>
			</SourceDesc>
		</fileDesc>
</teiHeader>
<text>
	<front>
		<docTitle>
			<titlePart type="main">L'HIVER</titlePart>
			<titlePart type="sub">COMÉDIE en TROIS ACTES avec un PROLOGUE</titlePart>
			<titlePart type="sub">Représentée pour la première fois par les Comédiens Italiens ordinaires du Roi, le 19 février 1753.</titlePart>
		</docTitle> 
		<docDate value='1733'>M. DCC. XXXIII.</docDate>
		<docAuthor id="Abbé d'ALLAINVAL" bio='allainval'>par M. d'ALLAINVAL</docAuthor>
		<docImprint>
			<privilege id=''></privilege>
			<acheveImprime id=''></acheveImprime>
			<editor id='BRIASSON'>À PARIS, Chez Briasson, rue Saint-Jacques, à la Science.</editor>
		</docImprint>
		<performance>
			<premiere date='1733-02-19' location='Hôtel de Bourgogne'>Représentée la première fois le 19 février 1733, au Théâtre de l'Hôtel de Bourgogne.</premiere>
		</performance>
	<castList><head>PERSONNAGES</head>
	<castItem><role id="HIVER" sex="1" type="P" statut='saison' age='A' stat_amour='néant'>L'HIVER</role>.</castItem> 
	<castItem><role id="COMUS" sex="1" type="D" statut='dieu' age='A' stat_amour='néant'>COMUS</role>.</castItem> 
	<castItem><role id="HYMEN" sex="2" type="D" statut='dieu' age='A' stat_amour='néant'>L'HYMEN</role>.</castItem> 
	<castItem><role id="LE PHARAON" sex="1" type="H" statut='pharaon' age='A' stat_amour='néant'>LE PHARAON</role>.</castItem> 
	<castItem><role id="LE BAL" sex="1" type="P" statut='événement' age='A' stat_amour='néant'>LE BAL</role>.</castItem> 
	<castItem><role id="LA MODE" sex="2" type="P" statut='allégorie' age='A' stat_amour='néant'>LA MODE</role>.</castItem> 
	<castItem><role id="LA MÉDISANCE" sex="2" type="P" statut='allégorie' age='A' stat_amour='néant'>LA MÉDISANCE</role>.</castItem> 
	<castItem><role id="LA VOLUPTÉ" sex="2" type="P" statut='allégorie' age='A' stat_amour='néant'>LA VOLUPTÉ</role>.</castItem> 
	<castItem><role id="HECTOR CRIQUET" sex="1" type="H" statut='bourgeois' age='A' stat_amour='néant'>HECTOR CRIQUET</role>.</castItem> 
	<castItem><role id="BACCHUS" sex="1" type="D" statut='dieu' age='A' stat_amour='néant'>BACCHUS</role>.</castItem> 
	<castItem><role id="JEUX" sex="9" type="P" statut='allégorie' age='A' stat_amour='néant'>Les Jeux et les Ris de la Suite de l'Hiver</role>.</castItem> 
	</castList>
<set location="Paris" country="France" periode="(indéterminé)" gps="48.856614, 2.352222">La scène est à Paris.</set>
</front>
<body>
<div1 type="act" n="1"><head>L'HIVER</head>
<div2 type="scene" n="1"><head>SCÈNE PREMIÈRE.</head>
<sp stage="alone/cosume" who="L'HIVER"><speaker>L'HIVER seul, en habit fourré site un manchon.</speaker>
	<l id='1'>Des vrais plaisirs, unique asile ;</l>
	<l id='2'>Paris, c'est l'Hiver que tu vois :</l>
	<l id='3'>Las de régner au Nord, il vient, heureuse Ville,</l>
	<l id='4'>Dans tes murs enchanteurs, se délasser trois mois.</l>
	<l id='5'>Ne tremble point à voir mes neiges et mes glaces,</l>
	<l id='6'>Au rôle de Vieillard le fort m'a condamné,</l>
	<l id='7'>Mais le Printemps, malgré sa jeunesse et ses grâces,</l>
	<l id='8'>N'en est pas moins mon frère aîné.</l>
	<l id='9'>Bacchus, les Ris, les Jeux, sont toujours sur mes traces,</l>
<note type="L">Barbon : vieillard qui est revenu de tous les plaisirs de la jeunesse, qui les condamne et qui les empêche autant qu'il peut. [F]</note>
	<l id='10'>Et sous cet attirail barbon,</l>
<note type="L">Vert galant : jeune homme sain, et vigoureux, qui est propre à l'amour. [F]</note>
	<l id='11'>J'ai le coeur vert-galant, enjoué, vif, aimable ;</l>
	<l id='12'>J'ai toujours bon vin, bonne table,</l>
	<l id='13'>Et je n'ai pas toujours les mains dans mon manchon.</l>
</sp>
</div2>
<div2 type="scene" n='2'><head>SCÈNE II. L'Hiver, Comus.</head>
<sp who="L'HIVER"><speaker>L'HIVER.</speaker>
	<l id='14'>Mais j'aperçois Comus, charmant Dieu de la joie.</l>
</sp>
<sp who='COMUS'><speaker>COMUS.</speaker>
	<l id='15'>Dieu de l'Hiver, c'est vous ? Quoi déjà de retour ?</l>
	<l id='16'>Quel bon vent sitôt vous renvoyé ?</l>
</sp>
<sp who="L'HIVER"><speaker>L'HIVER.</speaker>
	<l id='17'>Le désir de revoir dans ce riant séjour,</l>
	<l id='18'>De toutes parts cent beautés réunies,</l>
	<l id='19'>Et tant de folâtres génies</l>
	<l id='20'>Qui parleurs traits badins égayeront ma Cour.</l>
</sp>
<sp who='COMUS'><speaker>COMUS.</speaker>
	<l id='21'>Mais à propos de Cour, je n'y vois point paraître</l>
	<l id='22'>Mes enfants, les Jeux et les Ris :</l>
	<l id='23'>Ils vous suivent toujours, peut-être ?</l>
</sp>
<sp who="L'HIVER"><speaker>L'HIVER.</speaker>
	<l id='24'>Oui, Comus, ils seront sur le soir à Paris ;</l>
	<l id='25'>Mais pourras-tu les reconnaître ?</l>
</sp>
<sp who='COMUS'><speaker>COMUS.</speaker>
	<l id='26'>Comment ?</l>
</sp>
<sp who="L'HIVER"><speaker>L'HIVER.</speaker>
	<l id='27'>Par l'air du Nord, ils sont plus engourdis,</l>
	<l id='28'>Qu'un épais Seigneur de finance.</l>
</sp>
<sp who='COMUS'><speaker>COMUS.</speaker>
	<l id='29'>Et pour avoir trop vu le bon Bacchus, je pense ?</l>
</sp>
<sp who="L'HIVER"><speaker>L'HIVER.</speaker>
	<l id='30'>Mais... Oui ; car vivre, est boire en ces pays.</l>
</sp>
<sp who='COMUS'><speaker>COMUS.</speaker>
	<l id='31'>Ah les petits vilains ! Quoi malgré ma défense...</l>
	<l id='32'>Ah patience, patience,</l>
	<l id='33'>Je vous les rends ce soir plus vifs, plus étourdis ;</l>
	<l id='34'>Qu'un Petit Maître où de robe ou d'épée.</l>
</sp>
<sp who="L'HIVER"><speaker>L'HIVER.</speaker>
	<l id='35'>Appelles-tu cela les mettre à la raison ?</l>
	<l id='36'>Mais m'as-tu fait une maison ?</l>
</sp>
<sp who='COMUS'><speaker>COMUS.</speaker>
	<l id='37'>Votre attente n'est point trompée ;</l>
	<l id='38'>J'ai déjà retenu quatre gros cuisiniers,</l>
	<l id='39'>Fiers, brillants d'embonpoint, plaignants peu les dépenses.</l>
	<l id='40'>Professeurs en leur art : ils ont pris leurs licences</l>
	<l id='41'>Chez de riches fermiers.</l>
</sp>
<sp who="L'HIVER"><speaker>L'HIVER.</speaker>
	<l id='42'>Peste la bonne école !</l>
</sp>
<sp who='COMUS'><speaker>COMUS.</speaker>
	<l id='43'>Item quatre Officiers.</l>
	<l id='44'>Qui chez des Dévots mémo ont fait des confitures.</l>
	<l id='45'>Es-ce là prendre ses mesures ?</l>
</sp>
<sp who="L'HIVER"><speaker>L'HIVER.</speaker>
	<l id='46'>À merveille !</l>
</sp>
<sp who='COMUS'><speaker>COMUS.</speaker>
	<l id='47'>Tubleu, je me connais en gens !</l>
</sp>
<sp who="L'HIVER"><speaker>L'HIVER.</speaker>
	<l id='48'>Voilà ma table assez bien établie ; </l>
	<l id='49'>Mais pour d'autre plaisirs du moins aussi piquants,</l>
	<l id='50'>Comus, de tes heureux talents,</l>
	<l id='51'>Que puis-je espérer je te prie ? </l>
	<l id='52'>Car avec toi je n'en sais pas le fin,</l>
	<l id='53'>Je viens ici mener une joyeuse vie.</l>
</sp>
<sp who='COMUS'><speaker>COMUS.</speaker>
	<l id='54'>Vous êtes un vieux libertin,</l>
	<l id='55'>Et vous ne serez jamais sage :</l>
	<l id='56'>Aussi tous ces Guerriers vous aiment à la rage.</l>
</sp>
<sp who="L'HIVER"><speaker>L'HIVER.</speaker>
	<l id='57'>Du moins avec regret ils me quittent toujours.</l>
</sp>
<sp who='COMUS'><speaker>COMUS.</speaker>
	<l id='58'>C'est que vous les menez pleins d'honneurs et de joie,</l>
	<l id='59'>Dans de certains quartiers où les mains des Amours</l>
	<l id='60'>Filent pour eux des jours d'or et de joie.</l>
</sp>
<sp who="L'HIVER"><speaker>L'HIVER.</speaker>
	<l id='61'>Condamnes-tu mon penchant amoureux ?</l>
</sp>
<sp who='COMUS'><speaker>COMUS.</speaker>
	<l id='62'>Moi ? Vous ne me connaissez guère.</l>
	<l id='63'>Livrez-vous aux plaisirs, l'Hiver est fait pour eux ;</l>
	<l id='64'>Vous valez mieux que pas un de vos frères.</l>
</sp>
<sp who="L'HIVER"><speaker>L'HIVER.</speaker>
	<l id='65'>Oui ma foi.</l>
</sp>
<sp who='COMUS'><speaker>COMUS.</speaker>
	<l id='66'>Le Printemps est fade, doucereux,</l>
	<l id='67'>Étalant partout les fleurettes ;</l>
	<l id='68'>Vous diriez d'un Abbé qui d'un air langoureux</l>
	<l id='69'>À son Agnès soupire des sornettes.</l>
</sp>
<sp who="L'HIVER"><speaker>L'HIVER.</speaker>
	<l id='70'>Et l'Eté?</l>
</sp>
<sp who='COMUS'><speaker>COMUS.</speaker>
<note type="L">Flandrin : Sobriquet que l'on donne aux hommes élancés. C'est un grand flandrin. Il est du style familier. [Ac]</note>
	<l id='71'>C'est un grand flandrin,</l>
<note type="L">Robin : Terme de dénigrement. Homme de robe. [L]</note>
	<l id='72'>Plus endormi mille fois qu'un robin,</l>
	<l id='73'>Que le moindre travail, la plus petite peine,</l>
	<l id='74'>Met en sueur, ou hors d'haleine.</l>
</sp>
<sp who="L'HIVER"><speaker>L'HIVER.</speaker>
	<l id='75'>Mais, pour l'Automne ?</l>
</sp>
<sp who='COMUS'><speaker>COMUS.</speaker>
	<l id='76'>Ah si ; son mérite est son vin ;</l>
	<l id='77'>Et s'il faut qu'à vous je m'explique,</l>
	<l id='78'>C'est un ivrogne, et des plus reconnus.</l>
</sp>
<sp who="L'HIVER"><speaker>L'HIVER.</speaker>
	<l id='79'>À propos d'ivrognes : Comus,</l>
	<l id='80'>M'as-tu bien retenu des suppôts de Musique.</l>
</sp>
<sp who='COMUS'><speaker>COMUS.</speaker>
	<l id='81'>Le concert a voulu se traîner jusqu'ici,</l>
	<l id='82'>Mais il était si faible et si transi,</l>
	<l id='83'>Qu'il est mort de froid sur la route.</l>
</sp>
<sp who="L'HIVER"><speaker>L'HIVER.</speaker>
	<l id='84'>Mais j'aurai des comédiens ?</l>
</sp>
<sp who='COMUS'><speaker>COMUS.</speaker>
	<l id='85'>Si vous en aurez ? Oui sans doute ; </l>
	<l id='86'>Des Français, des Italiens ;</l>
<note type="L">Phoebus : dieu fabuleux de l'Antiquité, qui est le même qu'Appolon ou le Soleil, frère de Diane. [F]</note>
	<l id='87'>Pour les Français, Phoebus même s'emploie.</l>
</sp>
<sp who="L'HIVER"><speaker>L'HIVER.</speaker>
	<l id='88'>Pour obliger ce Dieu, je les prends avec joie.</l>
</sp>
<sp who='COMUS'><speaker>COMUS.</speaker>
<note type="L">Momus : Dieu de la raillerie et des bons mots, fils du Soleil et de la Nuit, selon Hésiode. [B]</note>
	<l id='89'>Pour les Italiens Momus vous parlera,</l>
	<l id='90'>Et Mercure pour l'Opéra.</l>
</sp>
<sp who="L'HIVER"><speaker>L'HIVER.</speaker>
	<l id='91'>À la bonne heure.</l>
</sp>
<sp who='COMUS'><speaker>COMUS.</speaker>
	<l id='92'>Enfin, Seigneur, c'est une rage</l>
	<l id='93'>Comme l'on montre des désirs</l>
	<l id='94'>De travailler à vos plaisirs ;</l>
	<l id='95'>Grands et petits briguent cet avantage,</l>
	<l id='96'>Usuriers, beautés de tout âge.</l>
	<l id='97'>Combien d'originaux je vous ai retenus !</l>
	<l id='98'>Poètes, charlatans, danseuse blonde et brune,</l>
<note type="L">Camus : on dit proverbialement qu'un homme est bien camus (...) pour dire qu'il a été bien trompé, qu'il est déchu de ses prétentions, qu'il est bien honteux. [F]</note>
	<l id='99'>Plaideurs désoeuvrés et camus,</l>
	<l id='100'>Coquette surannée aboyant à la lune :</l>
<note type="L">Grotesque : figure capricieuse de peintre, de sculpteur, de graveur, qui a quelque chose de ridicule, d'extravagant, de monstrueux, telles que sont celles dont on pare les grottes. [F]</note>
	<l id='101'>Plus un peintre en grotesque ; il peint les parvenus.</l>
</sp>
<sp who="L'HIVER"><speaker>L'HIVER.</speaker>
	<l id='102'>Mais aurai-je une femme?</l>
</sp>
<sp who='COMUS'><speaker>COMUS.</speaker>
	<l id='103'>Il en est venu mille</l>
	<l id='104'>Mais vous êtes si difficile...</l>
</sp>
<sp who="L'HIVER"><speaker>L'HIVER.</speaker>
	<l id='105'>Moi difficile ? non, Comus,</l>
<note type="L">Affetterie : les paroles et les actions d'une personnes affétée, c'est à dire qui agit en affectant une manière coquette et trop efféminée. [F]</note>
	<l id='106'>Je veux de la beauté ; mais sans affetterie,</l>
	<l id='107'>Des grâces sans minauderie ;</l>
<note type="L">Coquetterie : affectation de plaire pour se faire aimer. [F]</note>
	<l id='108'>De la gaieté, mais sans coquetterie ;</l>
	<l id='109'>De l'esprit, mais sans précieux;</l>
	<l id='110'>De la vertu, mais sans rudesse.</l>
</sp>
<sp who='COMUS'><speaker>COMUS.</speaker>
	<l id='111'>Une femme de cette espèce,</l>
	<l id='112'>Est rare même dans les cieux ;</l>
	<l id='113'>J'espère encor pourtant, et dans ces lieux</l>
	<l id='114'>Il en est qui sauront vous plaire.</l>
</sp>
<sp who="L'HIVER"><speaker>L'HIVER.</speaker>
	<l id='115'>Mais on vient.</l>
</sp>
<sp who='COMUS'><speaker>COMUS.</speaker>
	<l id='116'>C'est quelqu'un qui cherche de l'emploi</l>
	<l id='117' part="i">Dans votre cour.</l>
</sp>
<sp who="L'HIVER"><speaker>L'HIVER.</speaker>
	<l id='117' part="f">C'est ton affaire ;</l>
	<l id='118'>Je le laisse avec toi :</l>
	<l id='119'>Je vais me délasser un instant du voyage,</l>
	<l id='120'>Tu peux le renvoyer ou bien le recevoir,</l>
	<l id='121'>Cher intendant ; mais songe à me pourvoir.</l>
<stage type="exit">Il s'en va.</stage>
</sp>
</div2>
<div2 type="scene" n='3'><head>SCÈNE III. Comus, L'Hymen.</head>
<stage type="costum">L'hymen est habillé de jaune de la tête aux pieds ; il a un bonnet qui se termine en croissant.</stage>
<sp who='COMUS'><speaker>COMUS.</speaker>
	<l id='122'>Mais, que vois-je ? L'Hymen, le Dieu du mariage ?</l>
</sp>
<sp who="L'HYMEN"><speaker>L'HYMEN.</speaker>
	<l id='123'>Tu vois, Comus : l'Hiver est, dit-on, en ces lieux.</l>
</sp>
<sp who='COMUS'><speaker>COMUS.</speaker>
	<l id='124'>Oui, les vents, ses porteurs, l'ont mis sur ce rivage. </l>
	<l id='125'>Il arrive à l'instant.</l>
</sp>
<sp who="L'HYMEN"><speaker>L'HYMEN.</speaker>
	<l id='126'>Tant mieux ;</l>
	<l id='127'>Même on dit qu'il a pris : quelque goût pour la noce ?</l>
</sp>
<sp who='COMUS'><speaker>COMUS.</speaker>
	<l id='128'>Oui, d'en tâter trois mois, il serait curieux ;</l>
	<l id='129'>Comme les gens de guerre il épouse en tous lieux.</l>
</sp>
<sp who="L'HYMEN"><speaker>L'HYMEN.</speaker>
	<l id='130'>Ventrebleu, le joli négoce !</l>
</sp>
<sp who='COMUS'><speaker>COMUS.</speaker>
	<l id='131'>Mais, te voilà bien habillé !</l>
	<l id='132'>On le voit bien, fripon, vous hantez les Notaires.</l>
</sp>
<sp who="L'HYMEN"><speaker>L'HYMEN.</speaker>
	<l id='133'>Ah ! C'est depuis que je me suis brouillé</l>
	<l id='134'>Avec l'amour, j'en fais mieux mes affaires.</l>
</sp>
<sp who='COMUS'><speaker>COMUS.</speaker>
	<l id='135'>Comment donc ?</l>
</sp>
<sp who="L'HYMEN"><speaker>L'HYMEN.</speaker>
	<l id='136'>Avec lui je ne finissais rien ;</l>
	<l id='137'>Pendant un siècle il faisait des mystères ;</l>
	<l id='138'>Avant qu'il me permît d'unir dans mon lien</l>
	<l id='139'>Un amant avec sa maîtresse.</l>
	<l id='140'>Sont-ils égaux, disait-il, en noblesse,</l>
	<l id='141'>En âge, en bien,</l>
	<l id='142'>Et leur humeur se convient-elfe ?</l>
	<l id='143'>Sentent-ils l'un pour l'autre une ardeur mutuelle ?</l>
</sp>
<sp who='COMUS'><speaker>COMUS.</speaker>
	<l id='144'>Bon ! C'est bien de cela dont il est question !</l>
	<l id='145'>L'Amour aima toujours la bagatelle.</l>
</sp>
<sp who="L'HYMEN"><speaker>L'HYMEN.</speaker>
	<l id='146'>Quand il voulait sans moi faire quelque union ;</l>
	<l id='147'>Il ne lanternait point, il allait au fait, zeste ;</l>
	<l id='148'>Présentement je viens, je vois, j'unis.</l>
</sp>
<sp who='COMUS'><speaker>COMUS.</speaker>
	<l id='149'>La peste.</l>
</sp>
<sp who="L'HYMEN"><speaker>L'HYMEN.</speaker>
	<l id='150'>Quand il s'agit de matrimonion</l>
	<l id='151'>L'homme doit brusquer l'aventure.</l>
</sp>
<sp who='COMUS'><speaker>COMUS.</speaker>
	<l id='152'>Sans doute.</l>
</sp>
<sp who="L'HYMEN"><speaker>L'HYMEN.</speaker>
<note type="L">Plutus : dieux des Richesses. [F]</note>
	<l id='153'>Avec Plutus je suis associé.</l>
</sp>
<sp who='COMUS'><speaker>COMUS.</speaker>
	<l id='154'>Autre aveugle : ma foi, te voila bien lié !</l>
	<l id='155'>Mais, notre cher Hymen, selon ce que j'augure</l>
	<l id='156'>Tu n'aimes pas les clairs-voyants.</l>
</sp>
<sp who="L'HYMEN"><speaker>L'HYMEN.</speaker>
	<l id='157'>Plutus a maintenant un carquois et des flèches,</l>
	<l id='158'>Et tous ses coups sont surprenants.</l>
</sp>
<sp who='COMUS'><speaker>COMUS.</speaker>
	<l id='159'>Ce n'est pas dans les coeurs qu'ils vont faire des brèches.</l>
</sp>
<sp who="L'HYMEN"><speaker>L'HYMEN.</speaker>
	<l id='160'>Par ses ordres j'unis.</l>
	<l id='161'>Avec l'adolescent l'antique douairière ;</l>
	<l id='162'>À l'aimable tendron, l'époux sexagénaire ;</l>
	<l id='163'>Et le véritable Marquis,</l>
	<l id='164'>Avec la fille du commis.</l>
	<l id='165'>En vain la vertu toute nue,</l>
	<l id='166'>Mais de mille charmes pourvue,</l>
	<l id='167'>À son secours m'appelle nuit et jour ;</l>
	<l id='168'>À ses soupirs je fuis plus sourd</l>
	<l id='169'>Qu'un secrétaire,</l>
	<l id='170'>Qu'un plaideur, la main vide, instruit de son affaire.</l>
</sp>
<sp who='COMUS'><speaker>COMUS.</speaker>
	<l id='171'>Diantre !</l>
</sp>
<sp who="L'HYMEN"><speaker>L'HYMEN.</speaker>
	<l id='172' part="i">Ce n'est pas tout.</l>
</sp>
<sp who='COMUS'><speaker>COMUS.</speaker>
	<l id='172' part="f">Que fais tu donc de pis ?</l>
</sp>
<sp who="L'HYMEN"><speaker>L'HYMEN.</speaker>
	<l id='173'>L'Amour aime les gens de guerre ;</l>
	<l id='174'>Pour me venger de ses mépris.</l>
	<l id='175'>Je les barre par toute terre.</l>
	<l id='176'>Quand j'en vois un qui veut se marier,</l>
	<l id='177'>Aux parents de la fille alors je cours crier ;</l>
	<l id='178'>Prendre un guerrier pour gendre, hélas ! c'est prendre un maître ;</l>
	<l id='179'>Bientôt à vos dépens il le ferait connaître :</l>
	<l id='180'>Il vous tourmenterait et vous et vos fermiers,</l>
	<l id='181'>Vous verriez votre bien passer aux usuriers ;</l>
	<l id='182'>Cependant votre fille en un triste village</l>
	<l id='183'>Vivrait à peu de frais, pour qui ? Pour un volage</l>
	<l id='184'>Qui loin d'elle en tous lieux, plein d'une folle ardeur</l>
	<l id='185'>À d'autres porteront et ses voeux et son coeur ?</l>
	<l id='186'>Il reviendrait un jour, victime de la guerre ;</l>
	<l id='187'>Sans jambes et sans bras, avec un oeil de verre ;</l>
	<l id='188'>Le beau meuble, Messieurs, pour sa jeune moitié,</l>
	<l id='189'>Qu'un pauvre époux qui ne fait que pitié !</l>
	<l id='190'>Oh je n'achète pas cher un invalide,</l>
	<l id='191'>Répondent les parents, que l'avis intimide;</l>
	<l id='192'>Entre l'amour et moi jamais de paix ;</l>
	<l id='193'>Pour les guerriers, jamais de mariage.</l>
</sp>
<sp who='COMUS'><speaker>COMUS.</speaker>
	<l id='194'>De sa mauvaise humeur l'Amour les dédommage,</l>
	<l id='195'>Et le plus souvent à tes frais.</l>
	<l id='196'>Ami, retire-toi, je vois une brunette</l>
	<l id='197'>Qui vient apparemment pour épouser l'Hiver.</l>
</sp>
<sp who="L'HYMEN"><speaker>L'HYMEN.</speaker>
	<l id='198'>Pour l'épouser ? Quoi son emplette</l>
	<l id='199'>N'est pas faite ?</l>
</sp>
<sp who='COMUS'><speaker>COMUS.</speaker>
	<l id='200'>Non, il ne veut rien prendre en l'air.</l>
</sp>
<sp who="L'HYMEN"><speaker>L'HYMEN.</speaker>
	<l id='201'>Pour un bail de trois mois, c'est être difficile.</l>
<note type="L">Iris : divinité fabuleuse des Anciens, que les poètes ont feint être la messagère de Junon. [F]</note>
	<l id='202'>Je laisse avec toi cette Iris.</l>
	<l id='203'>Quand je pourrai vous être utile,</l>
	<l id='204'>J'ai mon temple à deux pas dans un champ de soucis.</l>
</sp>
</div2>
<div2 type="scene" n='4'><head>SCÈNE IV. Comus, La Mode.</head>
<sp stage="fight" who='LA MODE'><speaker>LA MODE, sautant au col de Comus.</speaker>
	<l id='205'>Cher Comus, que je vous embrasse.</l>
</sp>
<sp stage="push" who='COMUS'><speaker>COMUS, la repoussant.</speaker>
	<l id='206'>Comment donc, s'il vous plaît ?</l>
</sp>
<sp who='LA MODE'><speaker>LA MODE.</speaker>
	<l id='207'>Quoi ! Vous me rebutez ?</l>
</sp>
<sp who='COMUS'><speaker>COMUS.</speaker>
	<l id='208'>Vous avez l'abord tendre.</l>
</sp>
<sp stage="kiss" who='LA MODE'><speaker>LA MODE voulant l'embrasser.</speaker>
	<l id='209'>En vain vous résistez.</l>
</sp>
<sp stage="push" who='COMUS'><speaker>COMUS la repoussant encore.</speaker>
	<l id='210'>Madame finissez, de grâce.</l>
</sp>
<sp who='LA MODE'><speaker>LA MODE.</speaker>
	<l id='211'>Comment, Dieu de la joie, et quel accueil glacé ?</l>
</sp>
<sp who='COMUS'><speaker>COMUS.</speaker>
	<l id='212'>Embrasse-t-on les gens sans les connaître ?</l>
</sp>
<sp who='LA MODE'><speaker>LA MODE.</speaker>
	<l id='213'>Sans les connaître ? Moi ? vous vous moquez peut-être.</l>
	<l id='214'>À la Cour de l'Hiver, je vous vis l'an passé.</l>
</sp>
<sp who='COMUS'><speaker>COMUS.</speaker>
	<l id='215'>Non, je ne vous vis de ma vie.</l>
</sp>
<sp stage="quick/happy" who='LA MODE'><speaker>LA MODE vivement et gaiement.</speaker>
	<l id='216' part="i">Quoi tout de bon ?</l>
</sp>
<sp who='COMUS'><speaker>COMUS.</speaker>
	<l id='216' part="m">Tout de bon.</l>
</sp>
<sp who='LA MODE'><speaker>LA MODE.</speaker>
	<l id='216' part="f">Quel plaisir !</l>
	<l id='217'>Comus me méconnaît, j'en ai l'âme ravie. </l>
<stage type="laugh">Elle rit comme une folle.</stage>
</sp>
<sp stage="watch" who='COMUS'><speaker>COMUS la considérant.</speaker>
	<l id='218'>Quel vertigo vient la saisir ?</l>
	<l id='219'>Un manchon d'une main, un éventail de l'autre ?</l>
	<l id='220'>Elle a l'esprit troublé, je ne m'y méprends plus.</l>
</sp>
<sp who='LA MODE'><speaker>LA MODE.</speaker>
	<l id='221'>Comus me méconnaît, quelle gloire est la nôtre !</l>
	<l id='222'>Que vous me charmez, cher Comus,</l>
	<l id='223'>Et que ce compliment est flatteur, agréable</l>
	<l id='224'>C'est mon mérite à moi d'être méconnaissable :</l>
	<l id='225'>Je change tous les jours,</l>
	<l id='226'>Au moindre vent d'habit et de visage,</l>
	<l id='227'>D'esprit, de geste, de discours,</l>
	<l id='228'>De caprices, d'humeur, sans en être plus sage ;</l>
	<l id='229'>Incessamment je cours du blanc au noir ;</l>
	<l id='230'>Ce qui me plaît ce soir.</l>
	<l id='231'>Me déplaira demain, j'en suis certaine.</l>
</sp>
<sp who='COMUS'><speaker>COMUS.</speaker>
	<l id='232'>Mais votre nom ?</l>
</sp>
<sp who='LA MODE'><speaker>LA MODE.</speaker>
	<l id='233'>Il vous est bien connu ;</l>
	<l id='234'>Je suis la mode.</l>
</sp>
<sp who='COMUS'><speaker>COMUS.</speaker>
	<l id='235'>Oui, qu'il vous en souvienne,</l>
	<l id='236'>Divinité parisienne ;</l>
	<l id='237'>Fille de la folie et du premier venu.</l>
</sp>
<sp who='COMUS'><speaker>COMUS.</speaker>
	<l id='238' part="i">Qui diable vous eût devinée ?</l>
</sp>
<sp who='LA MODE'><speaker>LA MODE.</speaker>
	<l id='238' part="f">Depuis neuf mois</l>
	<l id='239'>Vous me trouvez donc bien changée ?</l>
</sp>
<sp who='COMUS'><speaker>COMUS.</speaker>
	<l id='240'>Plus extravagante cent fois.</l>
</sp>
<sp stage="wave" who='LA MODE'><speaker>LA MODE lui faisant une profonde révérence.</speaker>
	<l id='241'>Comus peut-être me cajole,</l>
	<l id='242'>Sa politesse...</l>
</sp>
<sp who='COMUS'><speaker>COMUS.</speaker>
	<l id='243'>Ah croyez-moi,</l>
	<l id='244'>Quoique intendant je suis de bonne foi,</l>
	<l id='245'>Je ne vous vis jamais si folle,</l>
	<l id='246'>Vous charmerez l'Hiver sur ma parole.</l>
</sp>
<sp who='LA MODE'><speaker>LA MODE.</speaker>
	<l id='247'>Oh vraiment je l'ai bien compté,</l>
	<l id='248'>Je me sens là-dedans une vivacité :</l>
	<l id='249'>Et mille inventions cornues :</l>
	<l id='250'>Le pauvre Dieu d'Hiver, au milieu de sa cour,</l>
	<l id='251'>Avec moi sera chaque jour</l>
	<l id='252'>Comme tombé des nues ;</l>
	<l id='253'>Mon plan est déjà tout dressé.</l>
</sp>
<sp who='COMUS'><speaker>COMUS.</speaker>
	<l id='254'>De grâce, tracez-m'en une légère image.</l>
</sp>
<sp who='LA MODE'><speaker>LA MODE.</speaker>
	<l id='255'>Volontiers. Par exemple il laissa l'an passé</l>
	<l id='256'>Les Médecins en lugubre équipage,</l>
	<l id='257'>En habit noir, manteau, rabat, petits cheveux.</l>
	<l id='258'>Le sourcil sombre et ténébreux,</l>
	<l id='259'>L'accueil farouche ; enfin toutes les marques</l>
	<l id='260'>Qui doivent distinguer les ministres des Parques.</l>
</sp>
<sp who='COMUS'><speaker>COMUS.</speaker>
	<l id='261' part="i">Ils tutoient du coup d'oeil.</l>
</sp>
<sp who='LA MODE'><speaker>LA MODE.</speaker>
	<l id='261' part="f">Je les ai déguisés</l>
	<l id='262'>En Adonis ; j'ai mis leurs personnes charmantes ;</l>
	<l id='263'>Sous les couleurs les plus brillantes.</l>
	<l id='264'>Ils sont brodés , poudrés, frisés,</l>
	<l id='265'>Ils ont des teints fleuris, des yeux vifs, des voix claires</l>
	<l id='266'>Comme des courtisans, même des airs aisés :</l>
	<l id='267'>Enfin vous les croiriez d'aimables mousquetaires,</l>
	<l id='268'>S'ils n'étaient pas un peu trop empesés ;</l>
	<l id='269'>Bref, la seringue et la lancette en France</l>
	<l id='270'>Vont aujourd'hui sous le velours.</l>
</sp>
<sp who='COMUS'><speaker>COMUS.</speaker>
	<l id='271'>Ces Charlatans sont gens sans conséquence.</l>
</sp>
<sp who='LA MODE'><speaker>LA MODE.</speaker>
	<l id='272'>Ces Médecins chez eux tapis comme des Ours ;</l>
	<l id='273'>Lisaient des bouquins Grecs, Arabes...</l>
</sp>
<sp who='COMUS'><speaker>COMUS.</speaker>
	<l id='274'>Ils en tiraient cent barbares syllabes</l>
	<l id='275'>Dont ils éblouissaient les gens.</l>
</sp>
<sp who='LA MODE'><speaker>LA MODE.</speaker>
<note type="L">Gazette : petit imprimé, cahier, feuille volante, qu'on débite toutes les semaines, qui contient des nouvelles de toutes sortes de pays. [F]</note>
	<l id='276'>Je leur fais lire à présent les Gazettes,</l>
	<l id='277'>Les Livres de bons mots, et les nouveaux Romans :</l>
<note type="C">v. 278, on lit « farois », nous remplaçons par « féru ».</note>
	<l id='278'>Ils sont toujours féru de chansonnettes,</l>
	<l id='279'>De Brevets de Calotte ; et de telles sornettes ;</l>
<note type="L">Caquet : Abondance de paroles inutiles qui n'ont point de solidité. [F] </note>
	<l id='280'>De caquets du quartier ; d'un malade aux abois,</l>
	<l id='281'>Ils vont en égayer l'oreille.</l>
</sp>
<sp who='COMUS'><speaker>COMUS.</speaker>
	<l id='282' part="i">Et les guérirent-ils ?</l>
</sp>
<sp who='LA MODE'><speaker>LA MODE.</speaker>
	<l id='282' part="f">Serait-ce donc merveille ?</l>
	<l id='283'>On les en voit rater tout autant qu'autrefois.</l>
</sp>
<sp who='COMUS'><speaker>COMUS.</speaker>
	<l id='284' part="i">Qu'appeliez-vous rater ?</l>
</sp>
<sp who='LA MODE'><speaker>LA MODE.</speaker>
	<l id='284' part="f">Guérir, c'est même chose. </l>
	<l id='285'>Hé bien, que dites-vous de la métamorphose ?</l>
</sp>
<sp who='COMUS'><speaker>COMUS.</speaker>
	<l id='286'>Vous êtes trop plaisante, et l'Hiver en rira.</l>
</sp>
<sp who='LA MODE'><speaker>LA MODE.</speaker>
	<l id='287'>C'est le moindre des tours que ma gaieté projette.</l>
</sp>
<sp who='COMUS'><speaker>COMUS.</speaker>
	<l id='288'>Avez-vous des suivants avec ces travers-là ?</l>
</sp>
<sp who='LA MODE'><speaker>LA MODE.</speaker>
	<l id='289'>Une femme plutôt voudrait être coquette</l>
	<l id='290'>Que de n'être pas ma sujette.</l>
</sp>
<sp who='COMUS'><speaker>COMUS.</speaker>
	<l id='291'>Vous changez si souvent de goût, que quelque jour</l>
	<l id='292'>Pour le mérite enfin vous prendrez de l'amour.</l>
</sp>
<sp who='LA MODE'><speaker>LA MODE.</speaker>
	<l id='293'>J'en ai voulu tâter ; Misanthrope incommode,</l>
	<l id='294'>Il contrôlait toutes mes actions,</l>
	<l id='295'>Il voulait réprimer toutes mes passions.</l>
	<l id='296'>Oh vive un pied plat pour la mode,</l>
	<l id='297'>Il ne connaît la honte, ni l'honneur,'</l>
	<l id='298'>Mes caprices font son bonheur.</l>
</sp>
<sp who='COMUS'><speaker>COMUS.</speaker>
	<l id='299'>Vous en jouez comme d'une pagode.</l>
</sp>
<sp stage="foolish" who='LA MODE'><speaker>LA MODE, follement.</speaker>
	<l id='300'>À propos je vous quitte, et je cours de ce pas...</l>
</sp>
<sp who='COMUS'><speaker>COMUS.</speaker>
	<l id='301'>Déjà ? Quelle importante affaire...</l>
	<l id='302'>L'Hiver est arrivé, vous avez des appas,</l>
	<l id='303' part="i">Il pourrait pour épouse...</l>
</sp>
<sp who='LA MODE'><speaker>LA MODE.</speaker>
	<l id='303' part="f">Oh je n'épouse pas.</l>
	<l id='304'>Je reviendrai, je cours dire à ma couturière,</l>
	<l id='305'>Que l'habit que tantôt j'avais imaginé,</l>
	<l id='306'>Me paraît déjà vieux pour le goût et l'ouvrage !</l>
	<l id='307'>À tantôt, cher Comus.</l>
<stage type="run/exit">Elle part en courant.</stage>
</sp>
<sp who='COMUS'><speaker>COMUS.</speaker>
	<l id='308'>Soyez toujours bien sage...</l>
	<l id='309'>Mais que cherche ce forcené.</l>
</sp>
</div2>
<div2 type="scene" n='5'><head>SCÈNE V. Comus, Le Pharaon.</head>
<sp stage="costume/run" who='LE-PHARAON'><speaker>LE PHARAON, mal habillé et enveloppé dans un manteau courant sur le théâtre.</speaker> 
	<l id='310'>Où suis-je... où me cacher... Ah grâce...</l>
<stage type="kneel/turn">Il se jette à genoux tourné vers le côté d'où il vient de sortir.</stage>
	<l id='311'>Messieurs, je vous quitte la place ;</l>
	<l id='312'>Vous ne me verrez plus ici sur mon honneur ;</l>
	<l id='313'>Je sors de Paris dans une heure,</l>
	<l id='314'>Ou je meure.</l>
</sp>
<sp who='COMUS'><speaker>COMUS.</speaker>
	<l id='315'>Tout Dieu que je me sens, ce drôle me fait peur,</l>
	<l id='316'>C'est sans doute un voleur.</l>
</sp>
<sp stage="quiet" who='LE-PHARAON'><speaker>LE PHARAON, se rassurant.</speaker>
	<l id='317'>Mais du Dieu de l'Hiver c'est ici la demeure ;</l>
	<l id='318'>Et j'aperçois Comus, Bonjour Seigneur...</l>
	<l id='319'>Quoi vous, tremblez ! Allons qu'on se rassure, </l>
	<l id='320'>Je suis un Dieu d'honneur, un Dieu Gascon ;</l>
	<l id='321'>Je m'appelle le Pharaon.</l>
</sp>
<sp who='COMUS'><speaker>COMUS.</speaker>
	<l id='322'>Le Pharaon ! Quelle triste aventure,</l>
	<l id='323'>Vous a poursuivi jusqu'ici ?</l>
</sp>
<sp who='LE-PHARAON'><speaker>LE PHARAON.</speaker>
	<l id='324'>Vous en allez être éclairci.</l>
	<l id='325'>Ci-devant dans toutes les rues</l>
	<l id='326'>J'avais des Temples à Paris,</l>
	<l id='327'>Où de mes zélés favoris,</l>
	<l id='328'>Je voyais chaque jour accourir les recrues ;</l>
	<l id='329'>Parieurs délit», par leurs clameurs,</l>
	<l id='330'>Par leurs craintes, par leurs fureurs,</l>
	<l id='331'>Par leur désespoir, par leur rage,</l>
	<l id='332'>Par d'horribles contorsions,</l>
	<l id='333'>Et par mille imprécations,</l>
	<l id='334'>Ils m'exprimaient leur tendre hommage.</l>
</sp>
<sp who='COMUS'><speaker>COMUS.</speaker>
	<l id='335'>Le beau style, le beau langage ! </l>
</sp>
<sp who='LE-PHARAON'><speaker>LE PHARAON.</speaker>
	<l id='336'>Tout mes honneurs aujourd'hui font cessez, </l>
	<l id='337'>Tous mes Temples sont renversés,</l>
	<l id='338'>Je n'ai pas un grenier, je n'ai pas une cave,</l>
	<l id='339'>Pas un seul trou pour me fourrer.</l>
	<l id='340'>Partout mon ennemi me brave, </l>
	<l id='341'>Et me vient déterrer ;</l>
	<l id='342'>Voyez, jugez par mon désordre. </l>
	<l id='343'>Il entrouvre son manteau.</l>
</sp>
<sp who='COMUS'><speaker>COMUS.</speaker>
	<l id='344' part="i">Cet ennemi quel est-il ?</l>
</sp>
<sp who='LE-PHARAON'><speaker>LE PHARAON.</speaker>
	<l id='344' part="f">Le bon ordre,</l>
	<l id='345'>Un Dieu qui voir plus clair qu'Argus.</l>
	<l id='346'>Four m'échapper de lui, mes soins sont superflus,</l>
	<l id='347'>Son nez lut dit où je puis être :'</l>
	<l id='348'>Tout à l'heure il m'avait barré tous les chemins,</l>
	<l id='349'>Et je n'ai pu me sauver de ses mains</l>
	<l id='350'>Qu'en me jetant par la fenêtre.</l>
</sp>
<sp who='COMUS'><speaker>COMUS.</speaker>
	<l id='351'>Je plains l'état où vous voilà.</l>
</sp>
<sp who='LE-PHARAON'><speaker>LE PHARAON.</speaker>
	<l id='352' part="i">Tous pourriez réparer ce mal...</l>
</sp>
<sp who='COMUS'><speaker>COMUS.</speaker>
	<l id='352' part="f">Comment cela ?</l>
</sp>
<sp who='LE-PHARAON'><speaker>LE PHARAON.</speaker>
	<l id='353'>À l'Hiver faites moi connaître ;</l>
	<l id='354'>Qu'il me loge pour grand merci,</l>
	<l id='355' part="i">Je vous divertirais...</l>
</sp>
<sp who='COMUS'><speaker>COMUS. </speaker>
	<l id='355' part="f">Eh de quelle manière ?</l>
</sp>
<sp who='LE-PHARAON'><speaker>LE PHARAON.</speaker>
	<l id='356'>Et tandis par mon savoir-faire.</l>
	<l id='357'>Vous verriez arriver ici,</l>
	<l id='358'>En cortège nombreux, en brillant équipage; </l>
	<l id='359'>Un Marquis du bel air, riant et sans souci ;</l>
	<l id='360'>Dès qu'il m'aurait fait son hommage, </l>
	<l id='361'>Vous l'en verriez sortir triste, pâle, transi ;</l>
	<l id='362'>La fureur dans la bouche, et la vue égarée</l>
	<l id='363'>Sans Marquisat, à pied et sans bijoux, sans livrée ;</l>
 <note type="L">Cadedis : Jurement qu'on met habituellement dans la bouche des Gascons. [L]</note>
	<l id='364'>Je donnerais le tout au premier Cadedis.</l>
	<l id='365'>Vous verriez la Comtesse aimable</l>
	<l id='366'>Qui montre pour mon culte un zèle infatigable ,</l>
	<l id='367'>Me sacrifier tout, bagues, joyaux de prix,</l>
	<l id='368'>Meubles.... enfin jusques à ses habits.</l>
</sp>
<sp who='COMUS'><speaker>COMUS.</speaker>
	<l id='369'>Et garder assez mal le reste.</l>
</sp>
<sp who='LE-PHARAON'><speaker>LE PHARAON.</speaker>
	<l id='370'>Pour orner mes autels la chicane funeste</l>
	<l id='371'>Souvent immolerait la veuve et le mineur, </l>
	<l id='372'>Et le Marchand impitoyable,</l>
	<l id='373'>M'apporterait avec ardeur,</l>
	<l id='374'>Ce qu'une usure abominable,</l>
	<l id='375'>Lui ferait arracher au prodigue Seigneur.</l>
</sp>
<sp who='COMUS'><speaker>COMUS.</speaker>
	<l id='376'>Le tout irait souvent aux mains d'un misérable.</l>
</sp>
<sp who='LE-PHARAON'><speaker>LE PHARAON.</speaker>
	<l id='377'>Bref ; à Plutus il faut des dix, vingt ans,</l>
	<l id='378'>Pour métamorphoser des laquais en traitants ;</l>
	<l id='379'>Pour changer un faquin en homme d'importance</l>
	<l id='380'>Je ne demande, moi, qu'un jour, moins quelquefois.</l>
</sp>
<sp who='COMUS'><speaker>COMUS.</speaker>
	<l id='381'>Cet habit prouve mal votre rare science ;</l>
	<l id='382'>Pour faire croire vos exploits</l>
	<l id='383'>Vous êtes, notre ami, trop mal dans vos affaires.</l>
</sp>
<sp who='LE-PHARAON'><speaker>LE PHARAON.</speaker>
	<l id='384'>Vous en êtes surpris ? Hé donc ! Depuis un mois ;</l>
	<l id='385'>J'ai passé par les mains de quatre Commissaires :</l>
	<l id='386'>Mais vous allez m'arracher de ce pas ;</l>
	<l id='387'>À l'Hiver menez-moi tirer ma révérence.</l>
</sp>
<sp who='COMUS'><speaker>COMUS.</speaker>
	<l id='388'>Qui ? Moi, non ne l'espérez pas.</l>
	<l id='389'>Si vous ne faisiez connaissance</l>
	<l id='390'>Qu'avec des gens d'usure ou de finance,</l>
	<l id='391'>L'Hiver vous verrait volontiers. </l>
<note type="C">Une rature remplace "jusqu'" par "jusques"</note>
	<l id='392'>Plumer jusques au vif ces vautours de la France.</l>
	<l id='393'>Mais il vient ici des guerriers</l>
	<l id='394'>Dont nous chérissons la présence ;</l>
	<l id='395'>Vous voudriez d'abord vous lier avec eux :</l>
	<l id='396'>De votre adresse infortunée,</l>
	<l id='397'>Et de votre commerce affreux,</l>
	<l id='398'>Ils mordraient les doigts le reste de l'année.</l>
	<l id='399'>Allez ailleurs chercher fortune.</l>
</sp>
<sp who='LE-PHARAON'><speaker>LE PHARAON.</speaker>
	<l id='400'>Eh du moins attendez qu'il soit un peu plus tard ;</l>
	<l id='401'>Je me sauverai sur la brune,</l>
	<l id='402'>Chez quelque Comte de hasard.</l>
</sp>
<sp who='COMUS'><speaker>COMUS.</speaker>
	<l id='403'>Non sans réplique et sans excuse,</l>
	<l id='404' part="i">Sortez vite...</l>
</sp>
<sp who='LE-PHARAON'><speaker>LE PHARAON.</speaker>
	<l id='404' part="m">Ha ha ha.</l>
</sp>
<sp who='COMUS'><speaker>COMUS.</speaker>
	<l id='404' part="m">Vous riez ?</l>
</sp>
<sp who='LE-PHARAON'><speaker>LE PHARAON.</speaker>
	<l id='404' part="f">Oui, ma foi.</l>
	<l id='405'>Vous croyez me fâcher, et vous êtes bien buse,</l>
	<l id='406'>Car vous y perdez plus que moi.</l>
	<l id='407'>Avec un Intendant, je sais comme on en use,</l>
	<l id='408'>D'un pot de vin, en bel argent comptant,</l>
	<l id='409'>J'aurais payé votre entremise ;</l>
	<l id='410'>Vous me regretterez, et je pars à l'instant :</l>
	<l id='411'>Je vais faire briller mon mérite à Venise,</l>
	<l id='412'>Où Mons du Carnaval m'attend. </l>
<stage type="exit/turn">Il s'en va. Et après quelques pas il se détourne.</stage>
	<l id='413' part="i">Ah !... Vous me rappelez ?...</l>
</sp>
<sp who='COMUS'><speaker>COMUS.</speaker>
	<l id='413' part="f">Qui, moi ? Je vous rappelle ?</l>
</sp>
<sp who='LE-PHARAON'><speaker>LE PHARAON.</speaker>
	<l id='414'>Oui, vous jouez de la prunelle :</l>
	<l id='415'>Vous voudriez raccrocher mes écus,</l>
<note type="L">Sandis : Espèce de jurement gascon. Sang, et dis pour Dieu. [L]</note>
	<l id='416'>Sandis ; vous ne me tenez plus ;</l>
	<l id='417'>Aux regrets, je vous abandonnes.</l>
	<l id='418'>Une autre fols soyez moins fier, Comus,</l>
	<l id='419'>Avec un Dieu de la Garonne.</l>
</sp>
<sp who='COMUS'><speaker>COMUS.</speaker>
	<l id='420'>Le coquin ! Son sang-froid m'étonne.</l>
</sp>
</div2>
<div2 type="scene" n='6' stage="costume"><head>SCÈNE VI. Comus, Le Bal en domino noué sur le côté, un masque à la main.</head>
<sp stage="sing/danse" who='LE-BAL'><speaker>LE BAL dansant et chantant.</speaker>
	<l id='421'>La, la, la, la, la, la, la, la.</l>
</sp>
<sp who='COMUS'><speaker>COMUS.</speaker>
	<l id='422'>Ah le bel enfant que voilà !</l>
</sp>
<sp who='LE-BAL'><speaker>LE BAL.</speaker>
	<l id='423'>La, la, la,la, la, la, la, la.</l>
</sp>
<sp who='COMUS'><speaker>COMUS.</speaker>
	<l id='424'>Cette gaieté, ce beau visage,</l>
	<l id='425'>Et cette taille faite au tour,</l>
	<l id='426'>M'annoncent sans doute l'Amour ?</l>
</sp>
<sp who='LE-BAL'><speaker>LE BAL.</speaker>
	<l id='427'>Qui, moi l'Amour ? Fi donc ; ce brillant étalage</l>
	<l id='428'>Annonce-t-il un pauvre Dieu,</l>
	<l id='429'>Qui n'ayant plus ni feu ni lieu</l>
	<l id='430'>Est contraint de vivre au Village ?</l>
</sp>
<sp who='COMUS'><speaker>COMUS.</speaker>
	<l id='431'>Il est vrai de l'Amour, le Champs sont l'apanage.</l>
</sp>
<sp who='LE-BAL'><speaker>LE BAL.</speaker>
	<l id='432'>Le jour que je naquis, que j'excitai de ris ! </l>
	<l id='433'>Car tout l'Olympe était en fête,</l>
	<l id='434'>Et de me voir l'Hymen fut si surpris.</l>
	<l id='435'>Que les cornes soudain lui vinrent à la tête.</l>
</sp>
<sp who='COMUS'><speaker>COMUS.</speaker>
	<l id='436' part="i">Mais qui donc êtes-vous ? Peste !</l>
</sp>
<sp who='LE-BAL'><speaker>LE BAL.</speaker>
	<l id='436' part="f">Du Carnaval,</l>
	<l id='437'>Je suis fils naturel et frère de la Danse,</l>
	<l id='438'>Mercure éleva mon enfance.</l>
</sp>
<sp who='COMUS'><speaker>COMUS.</speaker>
	<l id='439' part="i">L'habile Précepteur ! Votre nom est ?</l>
</sp>
<sp who='LE-BAL'><speaker>LE BAL.</speaker>
	<l id='439' part="f">Le Bal.</l>
</sp>
<sp who='COMUS'><speaker>COMUS.</speaker>
	<l id='440'>Ah, je ne vous connais guère.</l>
</sp>
<sp who='LE-BAL'><speaker>LE BAL.</speaker>
	<l id='441'>Je le crois bien, car je dors tout le jour :</l>
	<l id='442'>Ce sont les Dieux bourgeois que le soleil éclaire, </l>
	<l id='443'>Ils reçoivent l'encens tandis qu'il fait son tour.</l>
	<l id='444'>Pour moi, pour mes joyeux mystères,</l>
	<l id='445'>Vive la nuit, et ses sombres lumières.</l>
</sp>
<sp who='COMUS'><speaker>COMUS.</speaker>
	<l id='446'>Que vous devez avoir une gaillarde Cour !</l>
</sp>
<sp who='LE-BAL'><speaker>LE BAL.</speaker>
	<l id='447'>Ah je vous en réponds : avec ce masque</l>
	<l id='448'>Je fais tous les jours quelque frasque ;</l>
	<l id='449'>Et j'ose défier l'Amour et tous ses traits</l>
	<l id='450'>De faire les coups que je fais.</l>
	<l id='451'>Ils tiennent ma foi du miracle.</l>
</sp>
<sp who='COMUS'><speaker>COMUS.</speaker>
	<l id='452'>Vous me surprenez, et comment ?</l>
</sp>
<sp who='LE-BAL'><speaker>LE BAL.</speaker>
	<l id='453'>Ce masque fait parler un sot comme un Oracle :</l>
	<l id='454'>Le trop timide amant</l>
	<l id='455'>Qu'un respect du vieux temps aux genoux de sa Belle,</l>
	<l id='456'>Retenait plus interdit qu'elle,</l>
	<l id='457'>Devient avec ce masque entreprenant, hardi.</l>
</sp>
<sp who='COMUS'><speaker>COMUS.</speaker>
	<l id='458'>En amour, vive un étourdi.</l>
</sp>
<sp who='LE-BAL'><speaker>LE BAL.</speaker>
	<l id='459'>Jamais avec ce masque il ne fut de cruelle.</l>
	<l id='460'>Ce masque change en beauté la laideur ;</l>
	<l id='461'>En tendron, l'antique femelle.</l>
	<l id='462'>Cette prude dont la pudeur</l>
	<l id='463'>Au seul nom d'un Amant était sur le qui-vive ;</l>
	<l id='464'>Lui prête avec ce masque une oreille attentive,</l>
	<l id='465'>Et son hypocrite froideur, </l>
	<l id='466'>Devient une brûlante ardeur.</l>
</sp>
<sp who='COMUS'><speaker>COMUS.</speaker>
	<l id='467'>Elle savoure à longs traits la fleurette.</l>
</sp>
<sp who='LE-BAL'><speaker>LE BAL.</speaker>
	<l id='468'>Avec ce masque une fine coquette ;</l>
<note type="C">Agnès est un personnage de l'Ecole des Femme de Molière (1662), synonyme de fraîcheur et de naïveté.</note>
	<l id='469'>À l'étranger se donne pour Agnès.</l>
</sp>
<sp who='COMUS'><speaker>COMUS.</speaker>
	<l id='470'>Non, l'étranger ne s'y trompe jamais :</l>
	<l id='471'>Mais comme nos Marquis cherchent la gloire aisée,</l>
	<l id='472'>Plus une belle est décriée,</l>
	<l id='473'>Et pour lui plus elle a d'attraits.</l>
</sp>
<sp who='LE-BAL'><speaker>LE BAL.</speaker>
	<l id='474'>Ce masque rend le Commis supportable,</l>
	<l id='475'>Et la provinciale aimable.</l>
	<l id='476'>Sous le masque une femme enchante son mari,</l>
	<l id='477'>Et le mari charme sa femme.</l>
</sp>
<sp who='COMUS'><speaker>COMUS.</speaker>
	<l id='478'>Mais du visage de la Dame</l>
	<l id='479'>Si le masque tombait ; le beau charivari !</l>
</sp>
<sp who='LE-BAL'><speaker>LE BAL.</speaker>
	<l id='480'>Tant pis pour eux. Comus, de mon espièglerie,</l>
	<l id='481'>Vous allez voir des tours joyeux.</l>
</sp>
<sp who='COMUS'><speaker>COMUS.</speaker>
	<l id='482'>Qu'allez-vous faire, je vous prie ?</l>
</sp>
<sp who='LE-BAL'><speaker>LE BAL.</speaker>
	<l id='483'>En entrant dans ces lieux</l>
	<l id='484'>J'ai rencontré vos fils, les Ris, les Jeux ;</l>
	<l id='485'>Je leur ai dit le plan de mon étourderie :</l>
	<l id='486'>Et quoique ivre, Bacchus va venir avec eux</l>
	<l id='487'>Aux noces de l'Hiver ; car, moi, je le marie.</l>
</sp>
<sp who='COMUS'><speaker>COMUS.</speaker>
	<l id='488' part="i">Vous mariez l'Hiver ?</l>
</sp>
<sp who='LE-BAL'><speaker>LE BAL.</speaker>
	<l id='488' part="f">À la Danse ma soeur.</l>
</sp>
<sp who='COMUS'><speaker>COMUS.</speaker>
	<l id='489'>Que voulez-vous qu'il fasse d'elle ?</l>
</sp>
<sp who='LE-BAL'><speaker>LE BAL.</speaker>
	<l id='490'>Ce que je veux qu'il en fasse ? Elle est belle.</l>
</sp>
<sp who='COMUS'><speaker>COMUS.</speaker>
	<l id='491'>Oui ; mais pour un barbon, la danse me fait peu</l>
	<l id='492'>C'est, entre-nous, une étrange commère.</l>
</sp>
<sp who='LE-BAL'><speaker>LE BAL. </speaker>
	<l id='493'>Elle a quand il lui plaît moins de vivacité,</l>
	<l id='494'>Selon les Gens elle est grave, tendre, ou légère.</l>
</sp>
<sp who='COMUS'><speaker>COMUS.</speaker>
	<l id='495'>Pour le front quelle sûreté,</l>
	<l id='496'>Qu'une femme qui change ainsi de caractère !</l>
</sp>
<sp who='LE-BAL'><speaker>LE BAL.</speaker>
	<l id='497'>Une Jeune beauté, </l>
	<l id='498'>Cher Cornus, est comédienne née ;</l>
<note type="L">Protée : c'est un nom qu'on donne aux personnes inconstantes, ou trompeuses, qui changent de profession, qui paraissent sous différentes figures (...) principalement pour tromper les autres. [F]</note>
	<l id='499'>C'est un Protée.</l>
	<l id='500'>Veut-elle plaire à l'homme de Palais,</l>
	<l id='501'>Ou, bien au Financier ? Elle est simple, innocente, </l>
<stage type="imitate">Le Bal contrefait ces trois caractères.</stage>
	<l id='502'>Naïve, timide, tremblante ; </l>
	<l id='503'>Elle rougit de tout, c'est une Agnès, </l>
	<l id='504'>Veut-elle prendre en ses filets </l>
	<l id='505'>Un Petit-Maître ? Elle est enjouée, indiscrète ;</l>
	<l id='506'>Elle assomme de son caquet,</l>
	<l id='507'>Elle est folle, étourdie ; et c'est une coquette </l>
	<l id='508'>A-t-elle des desseins sur un petit collet ?</l>
	<l id='509'>La voilà sombre, sérieuse,</l>
	<l id='510'>Vindicative, précieuse ;</l>
	<l id='511'>De tout le monde elle médit,</l>
	<l id='512'>Et hardiment se loue et s'applaudit ;</l>
	<l id='513'>C'est une Prude. Enfin sans qu'on s'en doute,</l>
	<l id='514'>D'un rôle à l'autre elle passe à son choix</l>
	<l id='515'>Et sans que la chose lui coûte.</l>
</sp>
<sp who='COMUS'><speaker>COMUS.</speaker>
	<l id='516'>Elle jouerait cent rôles à la fois,</l>
	<l id='517'>Avec tous ces talents qu'en votre soeur j'admire,</l>
	<l id='518'>L'Hiver pourra l'aimer ; mais je dois vous instruire,</l>
	<l id='519'>Qu'il n'épouse que pour trois mois.</l>
</sp>
<sp who='LE-BAL'><speaker>LE BAL.</speaker>
	<l id='520'>Tant mieux ; en faut il davantage ?</l>
	<l id='521'>Après trois mois de mariage ;</l>
	<l id='522'>Le plus aimable époux, plaît-il encor longtemps ?</l>
	<l id='523'>Ma soeur ne fit jamais de bail à vie,</l>
	<l id='524'>Et quand l'Hiver faussera compagnie,</l>
	<l id='525'>Elle compte épouser tour à tour le Printemps</l>
	<l id='526'>L'Eté, l'Automne.</l>
</sp>
<sp who='COMUS'><speaker>COMUS.</speaker>
	<l id='527'>Votre soeur est une aimable friponne !</l>
	<l id='528'>Mais malgré tous ses agréments,</l>
	<l id='529'>Je doute que l'Hiver pour épouse la prenne.</l>
</sp>
<sp who='LE-BAL'><speaker>LE BAL.</speaker>
	<l id='530'>Qu'il la renvoie, ou bien qu'il la retienne,</l>
	<l id='531'>Du moins il l'aimera, pendant quelques moments ;</l>
	<l id='532'>C'est assez pour ma soeur, elle est peu façonnière.</l>
	<l id='533'>Adieu je cours faire avancer mes gens. </l>
<stage type="sing/danse/exit">Il sort en chantant et en dansant.</stage>
</sp>
<sp who='COMUS'><speaker>COMUS.</speaker>
	<l id='534'>L'honnête soeur ! Et le bon frère !</l>
</sp>
</div2>
<div2 type="scene" n='7'><head>SCÈNE VII. Comus, La Médisance.</head>
<stage type="costume">La médisance est habillée en dévote, sans panier, avec une pointe noir et une espèce de guimpe ou de collet.</stage>
<sp who='COMUS'><speaker>COMUS.</speaker>
<note type="L">Douairière : Veuve qui jouit de son douaire. Il ne se dit que des dames de la première qualité. [F]</note>
	<l id='535'>Mais que veut cette douairière ?</l>
	<l id='536'>Prétend-elle à l'Hiver avec ses cheveux blancs ?</l>
	<l id='537'>Il faut écouter la friponne ;</l>
	<l id='538'>Mais d'avance, elle peut compter sur mes refus.</l>
</sp>
<sp stage="sweet" who='LA-MÉDISANCE'><speaker>LA MÉDISANCE, doucereusement.</speaker>
	<l id='539'>Le Ciel vous tienne en joie, agréable Cornus.</l>
</sp>
<sp who='COMUS'><speaker>COMUS.</speaker>
	<l id='540'>Sans compliment, que voulez-vous, ma bonne ?</l>
</sp>
<sp stage="sad" who='LA-MÉDISANCE'><speaker>LA MÉDISANCE aigrement.</speaker>
	<l id='541' part="i">Ma bonne ! Moi ?</l>
</sp>
<sp who='COMUS'><speaker>COMUS.</speaker>
	<l id='541' part="f">Quoi ! Ce nom vous étonne ?</l>
</sp>
<sp stage="sweet" who='LA-MÉDISANCE'><speaker>LA MÉDISANCE doucereusement.</speaker>
	<l id='542'>Ô Jupiter ! Souffrez-vous ces abus.</l>
	<l id='543'>Moi ! M'appeler ma bonne ? une Déesse !</l>
</sp>
<sp stage="laugh" who='COMUS'><speaker>COMUS, riant.</speaker>
	<l id='544'>Qui vous ? une Divinité !</l>
	<l id='545'>Que Bacchus fit sans doute en son ivresse.</l>
</sp>
<sp who='LA-MÉDISANCE'><speaker>LA MÉDISANCE.</speaker>
	<l id='546'>Non, traître, je le suis d'un et d'autre côté :</l>
	<l id='547'>L'envieux Momus est mon père,</l>
	<l id='548'>Et ma mère l'Oisiveté.</l>
</sp>
<sp who='COMUS'><speaker>COMUS.</speaker>
	<l id='549' part="i">Les honnêtes parents ! Votre nom ?</l>
</sp>
<sp who='LA-MÉDISANCE'><speaker>LA MÉDISANCE.</speaker>
	<l id='549' part="f">Le vulgaire</l>
	<l id='550' part="i">M'appelle Médisance.</l>
</sp>
<sp who='COMUS'><speaker>COMUS.</speaker>
	<l id='550' part="f">Ah, je vous reconnais.</l>
</sp>
<sp who='LA-MÉDISANCE'><speaker>LA MÉDISANCE.</speaker>
	<l id='551'>Je me plais peu chez les petits Bourgeois ;</l>
	<l id='552'>J'y fuis dégoûtante, grossière,</l>
	<l id='553'>Sans façons, sans esprit.</l>
</sp>
<sp who='COMUS'><speaker>COMUS.</speaker>
	<l id='554'>Mais, chez les gens de Cour ?</l>
</sp>
<sp who='LA-MÉDISANCE'><speaker>LA MÉDISANCE.</speaker>
	<l id='555'>Je n'y parais jamais sous ce nom effroyable,</l>
	<l id='556'>J'en choisis un plus agréable :</l>
	<l id='557'>J'en ai plusieurs que je prends tour à tour,</l>
	<l id='558'>Selon les gens que je fréquente.</l>
</sp>
<sp who='COMUS'><speaker>COMUS.</speaker>
	<l id='559'>Bon : sous quel nom êtes-vous en ce jour ?</l>
</sp>
<sp who='LA-MÉDISANCE'><speaker>LA MÉDISANCE.</speaker>
	<l id='560'>Avec cette démarche lente,</l>
	<l id='561'>Ces yeux baissés, ce sévère maintien,</l>
	<l id='562'>Cette parure innocente et modeste,</l>
	<l id='563'>Ce ton de voix éteint, et ce doucereux geste ;</l>
	<l id='564'>Je vais trouver des gens de bien.</l>
</sp>
<sp who='COMUS'><speaker>COMUS.</speaker>
	<l id='565'>Par ma foi, c'est l'entendre.</l>
</sp>
<sp who='LA-MÉDISANCE'><speaker>LA MÉDISANCE.</speaker>
	<l id='566'>Écoutez, je vous prie.</l>
	<l id='567'>Sous un dehors d'austérité,</l>
	<l id='568'>Déguisant ma malignité,</l>
	<l id='569'>Tout sentira les traits de ma furie.</l>
</sp>
<sp who='COMUS'><speaker>COMUS.</speaker>
	<l id='570' part="i">Fort bien : et votre nom sera ?</l>
</sp>
<sp who='LA-MÉDISANCE'><speaker>LA MÉDISANCE.</speaker>
	<l id='570' part="f">La vérité.</l>
</sp>
<sp who='COMUS'><speaker>COMUS.</speaker>
	<l id='571'>Qui diantre s'en serait douté ?</l>
</sp>
<sp who='LA-MÉDISANCE'><speaker>LA MÉDISANCE.</speaker>
	<l id='572'>Sortant d'avec ces gens, vive, étourdie, aimable,</l>
	<l id='573'>Toute brillante et d'or et de rubis ;</l>
	<l id='574'>Je me ferai traîner dans un cercle agréable</l>
	<l id='575'>De Duchesses et de Marquis.</l>
	<l id='576'>Que de plaisirs, et que de ris</l>
	<l id='577'>Exciteront les charmantes saillies.</l>
	<l id='578'>Et les piquantes railleries,</l>
	<l id='579'>Que je ferai tomber sur mes meilleurs amis.</l>
	<l id='580'>Quel feu, quels traits ! Bons mots de toute espèce.</l>
	<l id='581'>Je contreferai tout, l'air, les tons, les habits</l>
	<l id='582'>Du Commandeur, de la Comtesse...</l>
</sp>
<sp who='COMUS'><speaker>COMUS.</speaker>
	<l id='583'>Vous vous appellerez dans ces endroits chéris ?</l>
</sp>
<sp who='LA-MÉDISANCE'><speaker>LA MÉDISANCE.</speaker>
	<l id='584'>Enjouement, gentillesse,</l>
	<l id='585'>Vivacité, délicatesse.</l>
</sp>
<sp who='COMUS'><speaker>COMUS.</speaker>
	<l id='586'>Les beaux noms que vous avez pris !</l>
</sp>
<sp who='LA-MÉDISANCE'><speaker>LA MÉDISANCE.</speaker>
	<l id='587'>De là dans un café, bureau des beaux-esprits,</l>
	<l id='588'>En pédant de robe ou d'épée,</l>
<note type="L">Petit collet : (...) on appelle petit collet un homme qui s'est mis dans la réforme, dans la dévotion, parce que les gens d'église porte une petit collet. [F]</note>
	<l id='589'>En petit collet, en poupée,</l>
	<l id='590'>Par des tons décisifs et d'effroyables cris,</l>
	<l id='591'>Incapable de rien (mais capable d'envie)</l>
	<l id='592'>Je vais fronder tous les nouveaux écrits :</l>
	<l id='593'>Jusques sur leurs auteurs étendant ma furie,</l>
	<l id='594'>Je me crois un docteur sans prix,</l>
	<l id='595'>Et je me fais nommer fine plaisanterie.</l>
	<l id='596'>C'est à midi qu'on y vient m'écouter.</l>
</sp>
<sp who='COMUS'><speaker>COMUS.</speaker>
	<l id='597'>Mais, vous vous faites détester.</l>
</sp>
<sp who='LA-MÉDISANCE'><speaker>LA MÉDISANCE.</speaker>
	<l id='598'>Que m'importe ? Mais, non : tel qui dit qu'il m'abhorre</l>
	<l id='599'>Dans le fond de son coeur m'adore ;</l>
	<l id='600'>Et tel me hait de bonne foi</l>
	<l id='601'>Qui pourtant se plaît à m'entendre.</l>
	<l id='602'>Pour tout ouïr, tout voir, et tout répandre,</l>
	<l id='603'>La Renommée a moins de voix que moi,</l>
	<l id='604'>Moins d'oreilles, moins d'yeux. Nulle chose innocente</l>
	<l id='605'>Que je ne tourne avec malignité ;</l>
	<l id='606'>Dans un besoin même j'invente. </l>
	<l id='607'>Partout mon esprit est fêté ;</l>
	<l id='608'>On rit dès qu'on me voit paraître ;</l>
	<l id='609'>Et l'on se croit heureux de me connaître.</l>
</sp>
<sp who='COMUS'><speaker>COMUS.</speaker>
	<l id='610'>Plus heureux qui de vous, ne fut connu jamais.</l>
</sp>
<sp who='LA-MÉDISANCE'><speaker>LA MÉDISANCE.</speaker>
	<l id='611'>Il faut me voir dans un spectacle</l>
	<l id='612'>Avant que l'on commence ; ah, c'est-là que je plais !</l>
	<l id='613'>On m'environne, on m'écoute en oracle :</l>
	<l id='614'>Je promène mes yeux distraits</l>
	<l id='615'>De loge en loge ; homme, femme, personne</l>
	<l id='616'>Ne peut échapper à mes traits.</l>
	<l id='617'>Les charmants contes que j'en fais !</l>
	<l id='618'>Voyez cette beauté qui paraît simple et bonne,</l>
	<l id='619'>Dis-je à mes auditeurs, les bons tours que j'en sais !</l>
	<l id='620'>Son sot d'époux dans ce coin l'espionne,</l>
	<l id='621'>Il prête aux jeunes gens à triples intérêts.</l>
	<l id='622'>Ce petit freluquet que vous voyez auprès,</l>
	<l id='623'>Est l'ennuyeux, ou l'amant de la belle ;</l>
<note type="L">Vielle : instrument de musique pour réjouir les gens du peuple, et dont jouent ordinairement les pauvres aveugles. [F]</note>
	<l id='624'>Il danse, il chante, il joue un air de vielle,</l>
	<l id='625'>Voilà tout son petit savoir ;</l>
	<l id='626'>C'est un échappé de finance,</l>
	<l id='627'>Cependant il faut voir,</l>
	<l id='628'>Comme il fait le gros dos, et l'homme d'importance.</l>
	<l id='629'>Ce beau Marquis qui s'étale là-bas,</l>
	<l id='630'>Qui vient de s'annoncer avec tant de fracas,</l>
	<l id='631'>Est un fat : pour mérite il n'a que sa naissance,</l>
	<l id='632'>Il attend pour parler que sa pièce commence ;</l>
	<l id='633'>Plus haut que les acteurs, alors il parlera,</l>
	<l id='634'>De ses sottises il rira,</l>
	<l id='635'>Ou bien dans les foyers il ira voir la pièce,</l>
	<l id='636'>Et Dieu sait ce qu'il en dira,</l>
	<l id='637'>Et comme hardiment il en décidera,</l>
	<l id='638'>Chez la Présidente Lucrèce,</l>
	<l id='639'>Qui veut passer pour sa maîtresse ;</l>
	<l id='640'>Mais le public s'obstine par malheur ;</l>
	<l id='641'>À la croire femme d'honneur.</l>
<note type="L">Blondin : qui a les cheveux blonds, ou une perruque blonde. "Les coquettes aiment fort les blondins, ce sont de vrais séducteurs de femmes." Molière [F]</note>
	<l id='642'>Ah... ce blondin qui vient jusqu'aux bords du théâtre,</l>
	<l id='643'>En propre original est la fatuité ;</l>
	<l id='644'>De son air et de sa beauté,</l>
	<l id='645'>Il croit chaque femme idolâtre.</l>
	<l id='646'>Par pitié pour le sexe il vient se faire voir ;</l>
	<l id='647'>Vous ne le verrez point s'asseoir,</l>
	<l id='648'>Il est toujours debout, ou bien il se promène :</l>
	<l id='649'>Malgré les cris du spectateur,</l>
	<l id='650'>Il offusque, il arrête et l'actrice et l'acteur ;</l>
	<l id='651'>En traversant cent fois la scène</l>
	<l id='652' part="i">Cet autre...</l>
</sp>
<sp who='COMUS'><speaker>COMUS.</speaker>
	<l id='652' part="f">As-tu bientôt noirci tous les mortels ?</l>
<note type="L">Furie : (...) certaines divinités infernales que les poètes païens feignaient entrer dans les hommes pour les posséder ou les tourmenter. [F]</note>
	<l id='653'>Sors d'ici cruelle furie,</l>
	<l id='654'>Retourne aux Enfers ta patrie ;</l>
	<l id='655'>Des fers éternels,</l>
	<l id='656'>Sont pour toi de trop doux supplices.</l>
</sp>
<sp who='LA-MÉDISANCE'><speaker>LA MÉDISANCE.</speaker>
	<l id='657'>Vous me chassez ? Malgré vous je reviens.</l>
	<l id='658'>Je fuis l'âme des entretiens,</l>
	<l id='659'>Et j'en fais toutes les délices.</l>
	<l id='660'>L'Hiver sans moi ne ferait que bailler ;</l>
<note type="L">Quadriller : jouer au quadrille, qui est une troupe de cavaliers qui qui se réussissent pour un tournoi ou un carrousel.</note>
	<l id='661'>Sa ressource toujours serait de quadriller :</l>
	<l id='662'>Le jeu n'est que pour ceux qui ne savent rien dire.</l>
	<l id='663' part="i">L'Hiver m'épousera.</l>
</sp>
<sp who='COMUS'><speaker>COMUS.</speaker>
	<l id='663' part="f">Sors d'ici, Monstre affreux.</l>
</sp>
<sp stage="sweet" who='LA-MÉDISANCE'><speaker>LA MÉDISANCE, d'un ton doucereux.</speaker>
	<l id='664'>Adieu, pour un instant, Comus, je me retire.</l>
<stage type="walk/stop">Elle fait deux pas.</stage>
	<l id='665'>Vous êtes intendant, seigneur et scrupuleux.</l>
</sp>
<sp who='COMUS'><speaker>COMUS.</speaker>
	<l id='666'>Quoi, jusques sur moi-même clic exerce sa rage ?</l>
</sp>
</div2>
<div2 type="scene" n='8'><head>SCÈNE VIII. Comus, Hector Criquet.</head>
<stage type="costume">Hector Criquet est habillé de noir avec un manteau, une grande perruque sans poudre et un grand rabat.</stage>
<sp who='COMUS'><speaker>COMUS.</speaker>
	<l id='667'>Mais que cherche ici ce visage ?</l>
	<l id='668'>Serait-ce encore un Dieu ? Je n'en vis jamais tant.</l>
	<l id='669'>Ni de plus sots. Écoutons-le pourtant.</l>
</sp>
<sp who='HECTOR CRIQUET'><speaker>HECTOR CRIQUET.</speaker>
<p id='1'>
	<s id='1'>C'est sans doute ici le palais du Dieu de l'Hiver ?</s>
</p>
</sp>
<sp who='COMUS'><speaker>COMUS.</speaker>
	<l id='670'>Oui, Monsieur.</l>
</sp>
<sp who='HECTOR CRIQUET'><speaker>HECTOR CRIQUET.</speaker>
<p id='2'>
	<s id='1'>Et c'est au Dieu Comus que j'ai apparemment l'honneur de parler.</s> 
</p>
</sp>
<sp who='COMUS'><speaker>COMUS.</speaker>
	<l id='671'>Oui, Monsieur ; vous suis-je nécessaire ?</l>
</sp>
<sp who='HECTOR CRIQUET'><speaker>HECTOR CRIQUET.</speaker>
<p id='3'>
	<s id='1'>Seigneur, j'ai appris que vous cherchiez un nombre de gens pour contribuer par leurs divers talents aux besoins et aux plaisirs de l'Hiver pendant son séjour en France.</s>
</p>
</sp>
<sp who='COMUS'><speaker>COMUS.</speaker>
	<l id='672'>Il est vrai.</l>
</sp>
<sp who='HECTOR CRIQUET'><speaker>HECTOR CRIQUET.</speaker>
<p id='4'>
	<s id='1'>Avec votre permission, et sauf le meilleur avis de votre divinité, ne serait-il pas beaucoup plus avantageux, au lieu de multiplier les êtres à l'infini, de trouver un sujet qui rassemblât en lui tous les divers talents ?</s>
</p>
</sp>
<sp who='COMUS'><speaker>COMUS.</speaker>
	<l id='673'>Ce serait une fort bonne affaire,</l>
	<l id='674'>Car moins de gens, moins d'ennemis ;</l>
	<l id='675'>Mais dans quels climats pourrait être </l>
	<l id='676'>Un original d'un tel prix ?</l>
</sp>
<sp who='HECTOR CRIQUET'><speaker>HECTOR CRIQUET.</speaker>
<p id='5'>
	<s id='1'>Je le connais, c'est une véritable encyclopédie ; Id est, l'abrégé de toutes les sciences.</s>
</p>
</sp>
<sp who='COMUS'><speaker>COMUS.</speaker>
	<l id='677'>Ah de grâce, Monsieur, faites-le moi connaître.</l>
</sp>
<sp who='HECTOR CRIQUET'><speaker>HECTOR CRIQUET.</speaker>
<note type="L">Placet : requête abrégée, ou prière qu'on présente au roi, aux ministres, ou aux juges pour leur demander quelque grâce, quelque audience, pour quelque recommandation. [F]</note>
<p id='6'>
	<s id='1'>J'ai trop de modestie pour vous le nommer ; mais voici un petit placet où vous trouverez avec ses mérites détaillés, ses nom et demeure.</s>
</p>
</sp>
<sp who='COMUS'><speaker>COMUS.</speaker>
	<l id='678' part="i">Je le lirai.</l>
</sp>
<sp who='HECTOR CRIQUET'><speaker>HECTOR CRIQUET.</speaker>
<p id='7'>
	<s id='1'>Je reviendrai demain matin, savoir quel cas vous aurez fait de mon placet. </s>
	<s id='2'>Serviteur, Seigneur, serviteur.</s>
</p>
<stage type="action/walk">Il fait deux pas et revient.</stage>
<p id='8'>
	<s id='1'>Comme vous êtes un Dieu, j'ai mis le placet en votre langage, je l'ai écrit en vers.</s>
</p>
</sp>
<sp who='COMUS'><speaker>COMUS.</speaker>
	<l id='678' part="f">Tant mieux.</l>
	<l id='679'>Il m'en sera plus précieux.</l>
</sp>
<sp who='HECTOR CRIQUET'><speaker>HECTOR CRIQUET.</speaker>
<p id='9'>
	<s id='1'>Si vous me le permettez ; j'aurai l'honneur de vous déclamer mon Placet.</s>
</p>
</sp>
<sp who='COMUS'><speaker>COMUS.</speaker>
	<l id='680' part="i">Très volontiers.</l>
</sp>
<sp stage="declamation" who='HECTOR CRIQUET'><speaker>HECTOR CRIQUET, déclamant ridiculement.</speaker>
	<l id='680' part="f">À Monseigneur</l>
	<l id='681'>Comus, Dieu de la joie et de la bonne chère,</l>
	<l id='682'>Et du Dieu de l'Hiver Intendant ordinaire,</l>
	<l id='683'>Mais Intendant tout plein d'honneur.</l>
	<l id='684'>Monseigneur, humblement supplie ;</l>
	<l id='685'>Hector Criquet.</l>
	<l id='686'>Et vous remontre en ce Placet,</l>
	<l id='687'>Qu'il montre l'Éloquence et la Philosophie,</l>
	<l id='688'>Les Langues, le Blason, et la Géographie ;</l>
	<l id='689'>la Médecine, et les Lois,</l>
	<l id='690'>La Marine, l'Astrologie,</l>
	<l id='691'>La Guerre, la Magie,</l>
	<l id='692'>Et mille autres Arts à la fois.</l>
	<l id='693'>Ledit Hector Criquet demeure,</l>
	<l id='694'>Depuis plusieurs saisons,</l>
<note type="L">Petites maisons : On dit aussi, qu'il faut mettre un homme aux petites maisons, quand il est fou, ou quand il fait une extravagance signalée ; à cause qu'il y a à Paris un hôpital de ce nom où on enferme ces fous. [F]</note>
	<l id='695'>Auprès des petites Maisons,</l>
	<l id='696'>On l'y trouve à toute heure.</l>
</sp>
<sp who='COMUS'><speaker>COMUS.</speaker>
	<l id='697'>Le charmant placet ! Les beaux Vers !</l>
	<l id='698'>Vous savez tous ces arts divers ?</l>
</sp>
<sp stage="declamation" who='HECTOR CRIQUET'><speaker>HECTOR CRIQUET, déclamant ridiculement.</speaker>
<p id='10'>
	<s id='1'>Non pas, Seigneur, mais je les enseigne. </s>
	<s id='2'>À demain Seigneur, Serviteur.</s>
</p>	
<stage type="walk">Il fait six pas.</stage>
</sp>
<sp who='COMUS'><speaker>COMUS.</speaker>
	<l id='699'>La peste soit du fanatique.</l>
</sp>
<sp stage="back" who='HECTOR CRIQUET'><speaker>HECTOR CRIQUET, revenant.</speaker>
	<l id='700'>S'il vous plaisait, je vous chanterais mon placet,</l>
	<l id='701'>Car je l'ai mis en musique.</l>
</sp>
<sp who='COMUS'><speaker>COMUS.</speaker>
	<l id='702'>Voyons : un placet en Musique ?</l>
</sp>
<sp who='HECTOR CRIQUET'><speaker>HECTOR CRIQUET.</speaker>
<p id='11'>
	<s id='1'>En quelle musique voulez-vous que je le chante ? </s>
	<s id='2'>Musique Italienne, Française, anglaise, allemande, suisse, turque, chinoise ? </s>
	<s id='3'>Car je compose en routes ces musiques, sans les avoir apprises que par les Mathématiques : oh cela fait de beau chant !</s>
	<s id='4'>Parlez.</s>
</p>
</sp>
<sp who='COMUS'><speaker>COMUS.</speaker>
	<l id='703'>Chantez celle qu'il vous plaira.</l>
</sp>
<sp who='HECTOR CRIQUET'><speaker>HECTOR CRIQUET.</speaker>
<p id='12'>
	<s id='1'>Vous en êtes pour l'Italienne, je le vois ; c'est le grand goût : aussi, qu'est-ce que cette Musique Française ? </s>
	<s id='2'>Elle approche trop des paroles.</s>
</p>
</sp>
<sp who='COMUS'><speaker>COMUS.</speaker>
	<l id='704'>Oui, mais de ce défaut on la corrigera.</l>
</sp>
<sp who='HECTOR CRIQUET'><speaker>HECTOR CRIQUET.</speaker>
<p id='13'>
	<s id='1'>La, la, la... </s>
	<s id='2'>Quelle voix voulez-vous ? </s>
	<s id='3'>Car je les ai tontes, haut-dessus, bas-dessus, haute-contre, taille, concordant, discordant ; voix entière ; voix claire ; basse-taille, basse-contre : parlez, choisissez.</s>
</p>
</sp>
<sp who='COMUS'><speaker>COMUS.</speaker>
	<l id='705'>La voix que vous voudrez ; il ne m'importe guère.</l>
</sp>
<sp who='HECTOR CRIQUET'><speaker>HECTOR CRIQUET.</speaker>
<p id='14'>
	<s id='1'>La la la : je n'ai pas mis le titre du Placet en musique, si vous vouliez pourtant...</s>
</p>
</sp>
<sp who='COMUS'><speaker>COMUS.</speaker>
	<l id='706'>Non, non, il n'est pas nécessaire.</l>
</sp>
<sp stage="sweet" who='HECTOR CRIQUET'><speaker>HECTOR CRIQUET chante en musique italienne.</speaker>
<p id='15'>
	<s id='1'>Monseigneur humblement supplie, etc.</s>
</p>
<stage type="toward">Jusqu'à ces mots, le dit Hector Criquet.</stage>
</sp>
<sp who='COMUS'><speaker>COMUS.</speaker>
	<l id='707'>Je suis enchanté de votre air.</l>
	<l id='708'>Et j'en ferai rire l'Hiver.</l>
</sp>
<sp who='HECTOR CRIQUET'><speaker>HECTOR CRIQUET.</speaker>
<p id='16'>
	<s id='1'>J'abuse de vos bontés. </s>
	<s id='2'>À demain, Seigneur. </s>
	<s id='3'>Serviteur.</s>
</p>
<stage type="walk">Il fait huit pas.</stage>
</sp>
<sp who='COMUS'><speaker>COMUS.</speaker>
	<l id='709'>Faut-il jamais pareille extravagance !</l>
</sp>
<sp stage="back" who='HECTOR CRIQUET'><speaker>HECTOR CRIQUET, revenant.</speaker>
<stage type="show/show">Il tire de dessous son manteau un violon qu'il présente à Comus.</stage>
<p id='17'>
	<s id='1'>Un Dieu sait toutes choses. </s>
	<s id='2'>Sauriez-vous jouer du violon ?</s>
</p>
</sp>
<sp who='COMUS'><speaker>COMUS.</speaker>
	<l id='710'>Non, je n'ai pas toutes votre science.</l>
</sp>
<sp who='HECTOR CRIQUET'><speaker>HECTOR CRIQUET.</speaker>
<p id='18'>
	<s id='1'>C'est que je vous danserais mon placet, j'ai composé des pas dessus.</s>
</p>
</sp>
<sp who='COMUS'><speaker>COMUS.</speaker>
	<l id='711'>Ah ! Voyons danser un placet.</l>
	<l id='712'>Je n'oublierai jamais ce trait.</l>
</sp>
<sp who='HECTOR CRIQUET'><speaker>HECTOR CRIQUET.</speaker>
<stage type="sing/music/danse">Il chante, joue du violon, et danse en même-temps.</stage>
<p id='19'>
	<s id='1'>Je vais vous en donner le plaisir moi seul.</s>
</p>
</sp>
<sp who='COMUS'><speaker>COMUS.</speaker>
	<l id='713'>Vous êtes de talents un si rare assemblage,</l>
	<l id='714'>Que vous avez sans doute un équipage ?</l>
</sp>
<sp who='HECTOR CRIQUET'><speaker>HECTOR CRIQUET.</speaker>
<p id='20'>
	<s id='1'>Un équipage, Seigneur ! </s>
	<s id='2'>Est-ce que ces talents sont récompensés dans ce pays ? </s>
	<s id='3'>On croit trop payer un génie, qui va par les maisons enseigner la philosophie et la Politique, quand on lui donne une demi-pistole pour trente leçons ; et l'on ne rougit point d'en donner dix à un danseur, à un chanteur pour douze quarts-d'heure ; cependant il est honteux à un honnête homme de trop bien savoir leurs Arts : bien danser n'est qu'un mérite de singe.</s>
</p>
</sp>
<sp who='COMUS'><speaker>COMUS.</speaker>
	<l id='715'>Mais tout Paris aime ces arts galants,</l>
</sp>
<sp who='HECTOR CRIQUET'><speaker>HECTOR CRIQUET.</speaker>
<p id='21'>
	<s id='1'>Dites, la Bagatelle. </s>
	<s id='2'>Qu'un homme du premier mérite entre dans une compagnie du bel air, s'il ne débute pas par une révérence extravagante, dit-il d'ailleurs des choses plus galantes que Démosthène et Ciceron ; si, c'est un maussade, un pédant, un sot, un homme à jeter par les fenêtres : qu'il entre ensuite un étourdi, qui jette sa tête d'un côté, son corps de l'autre ; qui danse sur un pied, qui chante en même temps, qui voltige de fauteuil en fauteuil, il ne dira que des fadaises, et toute la compagnie s'écrira : ah le joli homme ! </s>
	<s id='3'>Qu'il est aimable ! </s>
	<s id='4'>Qu'il a d'esprit ! </s>
	<s id='5'>C'est un prodige.</s>
</p>
</sp>
<sp who='COMUS'><speaker>COMUS.</speaker>
	<l id='716'>Cela vous dit, que le corps a ses grâces,</l>
	<l id='717'>Comme l'esprit a ces talents ;</l>
	<l id='718'>Il faut les cultiver en homme de bons sens.</l>
	<l id='719'>De l'éducation, ils nous montrent les traces ;</l>
	<l id='720'>Mais le Français veut être universel,</l>
	<l id='721'>Et jamais, quoiqu'il se propose,</l>
	<l id='722'>Il ne sait à fond nulle chose ;</l>
	<l id='723'>Il n'est que superficiel.</l>
	<l id='724'>Bien plus, c'est de l'Art qu'il professe,</l>
	<l id='725'>Qu'il parle souvent le plus mal.</l>
	<l id='726'>Le Magistrat parle guerre sans cesse,</l>
	<l id='727'>L'Abbé parle toilette et bal,</l>
	<l id='728'>Le courtisan morale, et l'homme de Finance</l>
	<l id='729'>Parle bel esprit et science.</l>
	<l id='730'>Mais vous m'avez donné des passe-temps trop doux ;</l>
	<l id='731'>Venez revoir demain, et j'aurai soin de vous.</l>
</sp>
<sp stage="happy" who='HECTOR CRIQUET'><speaker>HECTOR CRIQUET, joyeux.</speaker>
<p id='22'>
	<s id='1'>À demain, Seigneur, Serviteur, Serviteur.</s>
</p>
</sp>
</div2>
<div2 type="scene" n='9'><head>SCÈNE IX. L'Hiver, Comus.</head>
<sp who='COMUS'><speaker>COMUS.</speaker>
	<l id='732'>Mais voici l'Hiver qui s'avance ?</l>
</sp>
<sp who="L'HIVER"><speaker>L'HIVER.</speaker>
	<l id='733'>Hé bien aurai-je une femme, Comus ?</l>
	<l id='734'>Est-elle jeune ? Est-elle belle ?</l>
	<l id='735'>De bonne humeur ? Me plaira-t-elle ?</l>
</sp>
<sp who='COMUS'><speaker>COMUS.</speaker>
	<l id='736'>Jusques ici mes soins ont été superflus,</l>
	<l id='737'>Un galant de votre âge est de dure défaite</l>
	<l id='738'>S'il ne prend pas une coquette.</l>
</sp>
<sp who="L'HIVER"><speaker>L'HIVER.</speaker>
	<l id='739'>Va, mon cher intendant, ne te tourmente plus</l>
	<l id='740'>J'ai moi-même fait choix d'une aimable Déesse,</l>
	<l id='741'>En qui les grâces, la gaieté,</l>
	<l id='742'>L'esprit et la délicatesse,</l>
	<l id='743'>Brillent autant que la beauté.</l>
</sp>
<sp who='COMUS'><speaker>COMUS.</speaker>
	<l id='744'>C'est la mode, sur ma parole.</l>
</sp>
<sp who="L'HIVER"><speaker>L'HIVER.</speaker>
	<l id='745'>Fi donc, Comus, c'est une folle,</l>
	<l id='746'>Et qui contre un ruban troque un amant chéri.</l>
</sp>
<sp who='COMUS'><speaker>COMUS.</speaker>
	<l id='747'>Que ferait-ce d'un vieux mari ?</l>
	<l id='748'>Vous prenez donc la Médisance ?</l>
</sp>
<sp who="L'HIVER"><speaker>L'HIVER.</speaker>
	<l id='749'>Oh ! non : de sa sincérité,</l>
	<l id='750'>J'étais cependant enchanté ;</l>
	<l id='751'>Mais de moi-même, en ma présence :</l>
<p id='1'>
	<s id='1'>Elle m'a dit du mal.</s>
</p>
</sp>
<sp who='COMUS'><speaker>COMUS.</speaker>
	<l id='752'>Voyez quelle insolence !</l>
	<l id='753'>Ah ! Si vous étiez son époux,</l>
	<l id='754'>À cause de la connaissance,</l>
	<l id='755'>Elle parlerait mieux de vous.</l>
	<l id='756'>Enfin, vous choisissez la Danse ?</l>
</sp>
<sp who="L'HIVER"><speaker>L'HIVER.</speaker>
	<l id='757'>Ne pense pas railler, j'aime ses entrechats,</l>
	<l id='758'>Et je lui donnerais ma foi la préférence ;</l>
	<l id='759'>Mais de sa part je crains trop les faux pas.</l>
</sp>
<sp who='COMUS'><speaker>COMUS.</speaker>
	<l id='760'>Hé quelle est donc cette aimable Déesse,</l>
	<l id='761'>Dont votre coeur est enchanté ?</l>
</sp>
<sp who="L'HIVER"><speaker>L'HIVER.</speaker>
	<l id='762'>Cher Comus, c'est la Volupté.</l>
</sp>
<sp who='COMUS'><speaker>COMUS.</speaker>
	<l id='763'>Vous aimiez, disiez-vous, la Vertu sans rudesse ;</l>
	<l id='764'>Vous la trouvez en cette Déité.</l>
</sp>
<sp who="L'HIVER"><speaker>L'HIVER.</speaker>
	<l id='765'>Je l'aperçois, mon bonheur me l'adresse,</l>
	<l id='766'>Cours appeler l'Hymen, et que le Bal s'empresse</l>
	<l id='767'>À célébrer mes feux et sa beauté.</l>
</sp>
</div2>
<div2 type="scene" n='10'><head>SCÈNE X. L'Hiver, La Volupté.</head>
<sp who="L'HIVER"><speaker>L'HIVER.</speaker>
	<l id='768'>Venez, belle Divinité,</l>
	<l id='769'>Par devant l'Hymen que j'appelle, </l>
	<l id='770'>Mon coeur va vous jurer une ardeur immortelle.</l>
</sp>
<sp who='LA-VOLUPTÉ'><speaker>LA VOLUPTÉ.</speaker>
	<l id='771'>Que parlez-vous d'Hymen, Seigneur ? C'est me trahir.</l>
	<l id='772'>Voulez-vous déjà me haïr ?</l>
	<l id='773'>Le talisman du mariage,</l>
	<l id='774'>D'un Amant tendre, aimable, vif et doux, </l>
	<l id='775'>Fait souvent un mari moine, avare , jaloux ; </l>
	<l id='776'>D'un galant, un brutal ; d'un fidèle, un volage.</l>
</sp>
<sp who="L'HIVER"><speaker>L'HIVER.</speaker>
	<l id='777'>D'un amant bel esprit, peut-être un mari sot.</l>
</sp>
<sp who='LA-VOLUPTÉ'><speaker>LA VOLUPTÉ.</speaker>
	<l id='778'>Toujours d'une beauté charmante, douce et sage,</l>
	<l id='779'>Complaisante, attentive aux soins de son ménage,</l>
	<l id='780'>En un moment l'Hymen fait, par un mot,</l>
	<l id='781'>Une Guenon maussade, altière, impérieuse, </l>
	<l id='782'>Une furie et coquette et joueuse.</l>
	<l id='783'>Ce beau couple d'amants, qui toujours se cherchaient ;</l>
	<l id='784'>Que les plaisirs l'un à l'autre attachaient ;</l>
	<l id='785'>Sont-ils époux, incessamment se fuient ;</l>
	<l id='786'>Et quand le sort malin les rassemble, ils s'ennuient ;</l>
	<l id='787'>On les voit dormir ou bailler,</l>
	<l id='788'>Et la discorde peut seule les réveiller.</l>
</sp>
<sp who="L'HIVER"><speaker>L'HIVER.</speaker>
	<l id='789'>Appelons donc l'Amour. Oui, confiant, vif et tendre...</l>
</sp>
<sp who='LA-VOLUPTÉ'><speaker>LA VOLUPTÉ.</speaker>
	<l id='790'>Jurez pour le présent et non pour l'avenir,</l>
	<l id='791'>Et faites des serments que vous puissiez tenir.</l>
	<l id='792'>Souvent du premier coup un coeur se laisse prendre ;</l>
	<l id='793'>Il ne faut pour charmer qu'un regard languissant ;</l>
	<l id='794'>Tout engage, tout plaît dans un amour naissant ;</l>
	<l id='795'>On croit toujours aimer, on le jure de même,</l>
	<l id='796'>Et soi-même on se trompe en trompant ce qu'on aime.</l>
</sp>
<sp who="L'HIVER"><speaker>L'HIVER.</speaker>
	<l id='797'>Remplissez mes désirs, aimable Déité,</l>
	<l id='798'>Et mon ardeur pour vous sera toujours extrême.</l>
</sp>
<sp who='LA-VOLUPTÉ'><speaker>LA VOLUPTÉ.</speaker>
	<l id='799'>Ne vous y trompez pas... je suis la Volupté,</l>
	<l id='800'>Et fille de la Liberté,</l>
	<l id='801'>Mais non pas du libertinage.</l>
	<l id='802'>Mon enjouement et ma gaieté,</l>
	<l id='803'>Et mon aimable badinage</l>
	<l id='804'>Viennent de ma tranquillité,</l>
</sp>
<sp who="L'HIVER"><speaker>L'HIVER.</speaker>
	<l id='805'>Vous êtes philosophe ?</l>
</sp>
<sp who='LA-VOLUPTÉ'><speaker>LA VOLUPTÉ.</speaker>
	<l id='806'>Oh non. mais le vrai Sage,</l>
	<l id='807'>Quand il touche au midi de l'âge,</l>
	<l id='808'>Trouve en moi sa félicité ;</l>
	<l id='809'>Je suis la fougueuse jeunesse,</l>
	<l id='810'>Ses foins impétueux et ses distractions ;</l>
	<l id='811'>Je hais et la folie et l'austère sagesse :</l>
	<l id='812'>J'ai des plaisirs et non des passions.</l>
	<l id='813'>Libre de soins, libre d'inquiétude,</l>
	<l id='814'>De craintes, de désirs,</l>
	<l id='815'>De remords et de repentirs,</l>
	<l id='816'>Dans une douce étude,</l>
	<l id='817'>Je trouve d'innocents plaisirs, </l>
	<l id='818'>Sans en être plus précieuse.</l>
	<l id='819'>Voilà la Volupté, Seigneur, telle qu'elle est, </l>
	<l id='820'>Si son caractère vous plaît...</l>
</sp>
<sp who="L'HIVER"><speaker>L'HIVER.</speaker>
	<l id='821'>Non : vous êtes trop sérieuse :</l>
	<l id='822'>Pardonnez, je suis franc et peut-être brutal.</l>
</sp>
<sp who='LA-VOLUPTÉ'><speaker>LA VOLUPTÉ.</speaker>
	<l id='823'>Je ne vous en veux point de mal,</l>
	<l id='824'>Tous ne savent pas me connaître.</l>
	<l id='825'>Adieu je vois quelqu'un paraître :</l>
	<l id='826'>Vous vivez au terrestre, et je cours à l'esprit.</l>
</sp>
</div2>
<div2 type="scene" n='11'><head>SCÈNE XI. L'Hiver, Comus.</head>
<sp who='COMUS'><speaker>COMUS.</speaker>
	<l id='827'>Seigneur, l'Hymen me fuit ; mais où fuit la Déesse.</l>
	<l id='828'>Déjà quelque amoureux dépit,</l>
	<l id='829'>A-t-il troublé votre tendresse ? </l>
	<l id='830'>Quoi si tôt vous querellez-vous ?</l>
	<l id='831'>Vous n'êtes pas encore époux.</l>
</sp>
<sp who="L'HIVER"><speaker>L'HIVER.</speaker>
	<l id='832'>Ni ne serons jamais : je hais le verbiage.</l>
	<l id='833'>Le Ciel garde toute maison,</l>
	<l id='834'>D'une femme qui n'est ni coquette, ni sage ;</l>
	<l id='835'>Cette Déesse est folle à force de raison.</l>
</sp>
</div2>
<div2 type="scene" n='12'><head>SCÈNE XII. L'Hiver, Comus, L'Hymen.</head>
<sp who="L'HYMEN"><speaker>L'HYMEN.</speaker>
	<l id='836'>Venez, Dieu de l'Hiver... où donc est la future ?</l>
</sp>
<sp who="L'HIVER"><speaker>L'HIVER.</speaker>
	<l id='837'>Pardon, mon cher Hymen, pardon.</l>
</sp>
<sp who='COMUS'><speaker>COMUS.</speaker>
	<l id='838'>Trop tard, mignon,</l>
	<l id='839'>Il ne veut plus en courir l'aventure.</l>
</sp>
<sp who="L'HYMEN"><speaker>L'HYMEN.</speaker>
	<l id='840'>Qu'est-ce à dire, pardon ? Se moque-t-on de moi ?</l>
	<l id='841'>Non ; j'en jure par ma coiffure,</l>
	<l id='842'>Et vous épouserez, ou vous direz pourquoi.</l>
</sp>
<sp who='COMUS'><speaker>COMUS.</speaker>
	<l id='843'>Point de courroux. Je te conjure,</l>
	<l id='844'>Ami, reste à rire avec nous.</l>
</sp>
<sp stage="anger" who="L'HYMEN"><speaker>L'HYMEN, en colère.</speaker>
	<l id='845'>Vous m'insultez encor ? Que je reste avec vous ?</l>
	<l id='846'>Prenez-vous l'Hymen pour Mercure ?</l>
	<l id='847'>Oh vous épouserez, je le veux, je l'entends...</l>
</sp>
<sp stage="toward" who='COMUS'><speaker>COMUS, à l'Hiver.</speaker>
	<l id='848'>Ce n'est que pour trois mois.</l>
</sp>
<sp who="L'HIVER"><speaker>L'HIVER.</speaker>
	<l id='849'>Puisqu'il le faut, je prends...</l>
	<l id='850' part="i">Je prends...</l>
</sp>
<sp stage="abruply" who="L'HYMEN"><speaker>L'HYMEN, brusquement.</speaker>
	<l id='850' part="m">Achevez donc.</l>
</sp>
<sp who="L'HIVER"><speaker>L'HIVER.</speaker>
	<l id='850' part="f">Un peu de patience.</l>
</sp>
<sp who="L'HYMEN"><speaker>L'HYMEN.</speaker>
	<l id='851' part="i">Je prends... Aide-moi donc, Cornus.</l>
</sp>
<sp who='COMUS'><speaker>COMUS.</speaker>
	<l id='851' part="f">Prenez la Danse ;</l>
	<l id='852'>Elle vient à propos vers nous.</l>
</sp>
<sp who="L'HIVER"><speaker>L'HIVER.</speaker>
	<l id='853'>J'y consens, tout coup vaille.</l>
</sp>
</div2>
<div2 type="scene" n='13'><head>SCÈNE DERNIÈRE. L'Hiver, L'Hymen, Comus, La Danse amenée par un prélude, suite de l'Hymen.</head>
<sp who="L'HYMEN"><speaker>L'HYMEN.</speaker>
	<l id='854'>Approchez-vous, la Belle ;</l>
	<l id='855'>Je vous donne en ce Dieu la perle des époux ?</l>
</sp>
<sp who='COMUS'><speaker>COMUS.</speaker>
	<l id='856'>Ce n'est pas pour longtemps, tâchez d'être fidèle.</l>
</sp>
</div2>
<div2 type="scene" n='14'><head>DIVERTISSEMENT.</head>
<stage type="entrance">Le Bal amène les Jeux, les Ris et les Grâces.</stage>
<stage type="musique">MARCHE.</stage>
<sp stage="together" who='JEUX_RIS_GRACES'><speaker>[JEUX, RIS et GRACES].</speaker>
<stage type="music">Air.</stage>
	<l id='857'>Venez plaisirs charmants et doux ;</l>
	<l id='858'>Assemblez-vous troupe immortelle</l>
	<l id='859'>Le Bal vous mené, et l'Hiver vous appelle.</l>
	<l id='860'>Venez folâtrer avec nous,</l>
	<l id='861'>Que les Grâces,</l>
	<l id='862'>Sur vos traces,</l>
	<l id='863'>Brillent toujours ;</l>
	<l id='864'>Des coeurs fondez les glaces,</l>
	<l id='865'>Brûlants Amours,</l>
	<l id='866'>Par la tendresse,</l>
	<l id='867'>La froide vieillesse,</l>
	<l id='868'>Rajeunit sans cesse,</l>
	<l id='869'>Et trouve encore de beaux jours.</l>
<stage type="danse">On danse.</stage>
<stage type="title">Air en duo.</stage>
	<l id='870'>L'Hiver pour nous n'a rien d'épouvantable ;</l>
	<l id='871'>Ce n'est point un vieillard, triste, morne, grondeur,</l>
	<l id='872'>Cassé, transi, trembleur ;</l>
	<l id='873'>Il est riant, folâtre, aimable ;</l>
	<l id='874'>De l'Amour, il court à la table.</l>
	<l id='875'>Amants, Buveurs, il est le père des plaisirs.</l>
	<l id='876'>Chantez sa gloire ;</l>
	<l id='877'>Amants, il sait ranimer vos désirs,</l>
	<l id='878'>Buveurs, il vous enseigne à boire.</l>
<stage type="danse">On danse.</stage>
</sp>
</div2>
<div2 type="scene" n='15'><head>VAUDEVILLE.</head>
<sp stage="together" who='JEUX_RIS_GRACES'><speaker>[JEUX, RIS et GRACES].</speaker>
	<l id='879'>Quand un jeune amant vif et tendre,</l>
	<l id='880'>A trouvé l'art de nous surprendre,</l>
	<l id='881'>L'Hiver n'éteint point nos feux ;</l>
	<l id='882'>Quels aimables noeuds,</l>
	<l id='883'>Quel sort heureux !</l>
	<l id='884'>Près de l'époux que l'Hyménée,</l>
	<l id='885'>Unit à notre destinée,</l>
	<l id='886'>Nous nous morfondons,</l>
	<l id='887'>Nous grelottons,</l>
	<l id='888'>Nous tremblons,</l>
	<l id='889'>Nous gelons,</l>
	<l id='890'>Les quatre saisons de l'année.</l>
	<l id='891'>Auprès d'un objet du bel âge, </l>
	<l id='892'>Tant qu'on s'en tient au badinage,</l>
	<l id='893'>L'amour répond à nos voeux :</l>
	<l id='894'>Quels aimables noeuds,</l>
	<l id='895'>Quel sort heureux !</l>
	<l id='896'>Mais quand par un destin contraire,</l>
	<l id='897'>L'Hymen se mêle de l'affaire,</l>
	<l id='898'>Nous nous morfondons, etc.</l>
	<l id='899'>L'amour fuit toujours le Notaire.</l>
	<l id='900'>Quand un Marquis dans notre bourse </l>
	<l id='901'>A dessein de faire ressource,</l>
	<l id='902'>Qu'il est doux, poli, pressant,</l>
	<l id='903'>Flatteur, caressant,</l>
	<l id='904'>Et séduisant !</l>
	<l id='905'>Doit-il rendre ? Pendant Septembre,</l>
	<l id='906'>Octobre, Novembre, Décembre,</l>
	<l id='907'>Nous nous morfondons,</l>
	<l id='908'>Nous grelottons, etc.</l>
	<l id='909'>À la porte de l'Antichambre.</l>
	<l id='910'>Auprès d'un objet agréable,</l>
	<l id='911'>En commençant tout est aimable,</l>
	<l id='912'>L'amour répond à nos voeux ;</l>
	<l id='913'>L'ardeur de nos feux</l>
	<l id='914'>Nous rend heureux.</l>
	<l id='915'>Mais après deux jours on s'ennuie :</l>
	<l id='916'>Aux genoux de notre Sylvie,</l>
	<l id='917'>Nous nous morfondons, etc.</l>
	<l id='918'>Et l'Amour fausse compagnie.</l>
	<l id='919'>Quand une plaideuse est gentille,</l>
	<l id='920'>Ou que dans sa main l'argent brille,</l>
	<l id='921'>Elle gagne son procès,</l>
	<l id='922'>Tous les intérêts,</l>
	<l id='923'>Dépens et frais ;</l>
	<l id='924'>Mais n'avons-nous plus de quoi plaire,</l>
	<l id='925'>Ni d'argent pour aider l'affaire,</l>
	<l id='926'>Nous nous, etc.</l>
	<l id='927'>À la porté du secrétaire.</l>
	<l id='928'>Meilleurs quand notre Comédie</l>
	<l id='929'>Vous plaît et vous paraît jolie ;</l>
	<l id='930'>Quand vous vous divertissez,</l>
	<l id='931'>Vous applaudissez,</l>
	<l id='932'>Mais quand par un destin contraire</l>
	<l id='933'>Elle a le malheur de déplaire.</l>
</sp>
</div2>
</div1>
</body>
</text>
</TEI>