<?xml version="1.0" encoding="utf-8"?>
<TEI xml:lang="fr">
<teiHeader>
		<fileDesc>
			<titleStmt>
				<title>MOLIÈRE ET SES AMIS, COMÉDIE</title>
				<author type="texte" ISNI='0000 0000 8081 539X'>François ANDRIEUX (1759-1833) </author>
			</titleStmt>
			<publicationStmt>	
				<publisher>publié par Paul FIEVRE, septembre 2017.</publisher>
				<idno>ANDRIEUX_MOLIEREETSESAMIS</idno>
				<rights>Creative Commons BY-NC-SA</rights>
			</publicationStmt>
			<SourceDesc>
				<genre>Comédie</genre>
				<inspiration>moeurs</inspiration><type>vers</type>
				<structure>Un acte</structure>
				<periode>1801-1810</periode>
				<taille>750-1000</taille>
				<permalien>https://gallica.bnf.fr/ark:/12148/bpt6k9738694z</permalien>
			</SourceDesc>
		</fileDesc>
</teiHeader>
<text>
	<front>
		<docTitle>
			<titlePart type="main">MOLIÈRE ET SES AMIS</titlePart>
			<titlePart type="main">OU LA SOIRÉE D'AUTEUIL</titlePart>
			<titlePart type="sub">COMÉDIE EN UN ACTE ET EN VERS</titlePart>
			<titlePart type="sub">Représentée pour la première fois, au Théâtre Français, par les comédiens ordinaires de l'Empereur, le 16 messidor an 12.</titlePart>
			<titlePart type="sub">Purpureos spargam flores...... et fungar inant Munere.</titlePart>
		</docTitle> 
		<docDate value='1804'>AN XII. - 1804</docDate>
		<docAuthor id='ANDRIEUX, François Guillaume' bio='andrieux'>PAR ANDRIEUX, de l'Institut National.</docAuthor>
		<docImprint>
			<privilege id=''><head></head>
				<p>D'après le traité fait entre nous, DUGAZON, Auteur de la Comédie intitulée le Modéré, et MARADAN, Libraire, nous déclarons que cet Ouvrage est notre propriété commune, conformément aux clauses dont nous sommes convenues. Nous la plaçons sous la sauve-garde des lois et de la probité des Citoyens, et nous poursuivrons devant les Tribunaux tout contrefacteur et tout distributeur d'éditions contrefaites. À Paris, le 7 Nivose de la seconde année de la République.</p>
				<p>DUGAZON, MARADAN.</p>
				<p>L'auteur, soussigné, se réserve les droits qu'un décret de la Convention nationale lui maintient sur les représentations de sa pièce par les différents Théâtres de la République. </p>
			</privilege>
			<acheveImprime id=''></acheveImprime>
			<printer id='MASSON'>À PARIS, chez Madame MASSON, Libraire, Éditeur de Pièces de théâtre, rue de l'Échelle, Nº.558, au coin de celle St-Honoré. De l'Imprimerie de ROUSSEAU, rue St-Dominique-d'Enfer Nº8.</printer>
		</docImprint>
		<performance>
			<premiere date='1804-08-04' location='Théâtre français'>Représentée pour la première fois, au Théâtre Français, par les comédiens ordinaires de l'Empereur, le 16 messidor an 12.</premiere>
		</performance>
		<div>
			<p type="v">Si nous me ressemblons à ces grands personnages </p>
			<p type="v">Par les talents, par les ouvrages,</p>
			<p type="v">Ressemblons-leur par l'amitié.</p>
		</div>
		<castList><head>PERSONNAGES ACTEURS.</head>
			<castItem><role id="MOLIÈRE" sex="1" type="H" statut='écrivain' age='A' stat_amour='néant'>MOLIÈRE</role>. M. FLEURY.</castItem>
			<castItem><role id="LA FONTAINE" sex="1" type="H" statut='écrivain' age='A' stat_amour='néant'>LA FONTAINE</role>. M. SAINT-FAL.</castItem>
			<castItem><role id="DESPRÉAUX" sex="1" type="H" statut='écrivain' age='A' stat_amour='néant'>BOILEAU DESPRÉAUX</role>. M. DAMAS.</castItem>
			<castItem><role id="CHAPELLE" sex="1" type="H" statut='écrivain' age='A' stat_amour='néant'>CHAPELLE</role>. M. BAPTIDTE, aîné.</castItem>
			<castItem><role id="MIGNARD" sex="1" type="H" statut='peintre' age='A' stat_amour='néant'>MIGNARD</role>. M. CAUMONT.</castItem>
			<castItem><role id="LULLI" sex="1" type="H" statut='musicien' age='A' stat_amour='néant'>LULLI</role>.  M. MICHOT.</castItem>
			<castItem><role id="ISABELLE" sex="2" type="H" statut='comédien' age='A' stat_amour='néant'>ISABELLE BÉJART</role>. Mlle. VOLNAIS.</castItem>
			<castItem><role id="DEUX DOMESTIQUES" sex="1" type="H" statut='domestique' age='A' stat_amour='néant'>DEUX DOMESTIQUES</role>, personnages muets.</castItem>
			<castItem><role id="LAFORÊT" sex="2" type="H" statut='domestique' age='A' stat_amour='néant'>LAFORÊT</role>, servante de Molière. Mlle. DEVIENNE.</castItem>
		</castList>
	<set location="Auteuil" country="France" periode="XVIIème" gps="48.849055, 2.266300">La scène est à Auteuil, chez Molière.</set>
</front>
<body>
<div1 type="act" n="1"><head>MOLIÈRE AVEC SES AMIS</head>
<stage type="decor">Le Théâtre représente un salon de campagne.</stage>
<div2 type="scene" n="1"><head>SCÈNE PREMIÈRE. Chapelle, Laforêt.</head>
<sp who="LAFORÊT"><speaker>LAFORÊT.</speaker>
	<l id="1" syll="6" part="i">Bonsoir, monsieur Chapelle.</l>
</sp>
<sp who="CHAPELLE"><speaker>CHAPELLE.</speaker>
	<l id="1" syll="6" part="f">Eh ! Bonsoir, Laforêt.</l>
</sp>
<sp who="LAFORÊT"><speaker>LAFORÊT.</speaker>
	<l id="2">Vous venez de bonne heure, et rien encor n'est prêt.</l>
	<l id="3" syll="6" part="i">Monsieur même est dehors.</l>
</sp>
<sp who="CHAPELLE"><speaker>CHAPELLE.</speaker>
	<l id="3" syll="6" part="f">Où donc est-il, ton maître ? º</l>
</sp>
<sp who="LAFORÊT"><speaker>LAFORÊT.</speaker>
	<l id="4">Après son dîner, chaque jour</l>
	<l id="5">Dans le bois de Boulogne, il s'en va faire un tour ;</l>
	<l id="6">Il y rêve ; il travaille en cet endroit champêtre ;</l>
	<l id="7">Nous aimons bien Auteuil ; le village est charmant ;</l>
	<l id="8">Et puis, nous y vivons librement, et sans gêne.....</l>
</sp>
<sp who="CHAPELLE"><speaker>CHAPELLE.</speaker>
	<l id="9" syll="6" part="i">Nos amis ne sont pas venus ?</l>
</sp>
<sp who="LAFORÊT"><speaker>LAFORÊT.</speaker>
	<l id="9" syll="4" part="f">Jusqu'à présent</l>
	<l id="10">Je n'en ai vu qu'un seul, monsieur Delafontaine,</l>
	<l id="11">Qui depuis plus d'une heure, au jardin se promène ;</l>
	<l id="12" syll="6" part="i">Voulez-vous l'aller joindre ?</l>
</sp>
<sp who="CHAPELLE"><speaker>CHAPELLE.</speaker>
	<l id="12" syll="6" part="f">Eh ! Non, ma chère enfant.</l>
	<l id="13">La bonhomme n'a pas l'entretien fort brillant.</l>
	<l id="14">Je vais attendre ici. Depuis une semaine</l>
	<l id="15" syll="6" part="i">Molière est mieux pourtant ?</l>
</sp>
<sp who="LAFORÊT"><speaker>LAFORÊT.</speaker>
	<l id="15" syll="6" part="f">Beaucoup mieux, Dieu merci ;</l>
	<l id="16">Dame ! nous avons eu pour lui bien du souci.</l>
</sp>
<sp who="CHAPELLE"><speaker>CHAPELLE.</speaker>
	<l id="17">Ce soir, pour sa convalescence,</l>
	<l id="18">En signe de réjouissance,</l>
	<l id="19">Ici nous souperons ; nous traiteras-tu bien ?</l>
</sp>
<sp who="LAFORÊT"><speaker>LAFORÊT.</speaker>
	<l id="20">N'ayez pas peur ; allez ; je ne vous plaindrai rien.</l>
	<l id="21">Mon pauvre maître, hélas ! je l'aime et le révère,</l>
	<l id="22">Entendez-vous ? Autant que si c'était mon père ;</l>
	<l id="23">Et tant que je vivrai, me vînt-il des trésors,</l>
	<l id="24">Je resterai chez lui, s'il ne m'en met dehors.</l>
	<l id="25">Mais je n'en ai pas peur ; car je sais bien qu'il m'aime ;</l>
	<l id="26">Aussi voilà seize ans, arrive le carême,</l>
	<l id="27">Que je suis chez monsieur, et ce n'est pas un jour ;</l>
	<l id="28">Ce soir, de sa santé pour fêter le retour,</l>
	<l id="29">Je vous ferai donc bonne chère.</l>
</sp>
<sp who="CHAPELLE"><speaker>CHAPELLE.</speaker>
	<l id="30">Je promets au souper de faire honneur, ma chère</l>
	<l id="31">Aujourd'hui je n'ai pas dîné.</l>
</sp>
<sp who="LAFORÊT"><speaker>LAFORÊT.</speaker>
	<l id="32">Ah ! mon dieu !... si vous vouliez prendre</l>
	<l id="33" syll="3" part="i">Quelque chose ?...</l>
</sp>
<sp who="CHAPELLE"><speaker>CHAPELLE.</speaker>
	<l id="33" syll="9" part="f">Moi ? non, je crois pouvoir attendre.</l>
</sp>
<sp who="LAFORÊT"><speaker>LAFORÊT.</speaker>
	<l id="34">Comme vous entriez, six heures ont sonné.</l>
</sp>
<sp who="CHAPELLE"><speaker>CHAPELLE.</speaker>
	<l id="35">Oui ; mais jusques à cinq nous avons déjeuné. </l>
</sp>
<sp who="LAFORÊT"><speaker>LAFORÊT.</speaker>
	<l id="36" syll="6" part="i">Ah ! vous me rassurez.</l>
</sp>
<sp who="CHAPELLE"><speaker>CHAPELLE.</speaker>
	<l id="36" syll="6" part="f">Sais-tu, ma chère amie,</l>
	<l id="37">Qu'au cabaret j'étais en bonne compagnie ?</l>
	<l id="38">Un comte, deux marquis, à la cour bien venus !</l>
	<l id="39">Nous avions fait gageure à qui boirait le plus.</l>
</sp>
<sp who="LAFORÊT"><speaker>LAFORÊT.</speaker>
	<l id="40" syll="6" part="i">Et vous l'avez gagnée ?</l>
</sp>
<sp who="CHAPELLE"><speaker>CHAPELLE.</speaker>
	<l id="40" syll="6" part="f">Assurément, ma chère ;</l>
	<l id="41">Et tu vois qu'il n'y paraît guère.</l>
	<l id="42" syll="6" part="i">Prêt à recommencer.</l>
</sp>
<sp who="LAFORÊT"><speaker>LAFORÊT.</speaker>
	<l id="42" syll="6" part="f">Oh ! Vraiment, aujourd'hui,</l>
	<l id="43">À souper, vous allez faire encor pis, je gage.</l>
</sp>
<sp who="CHAPELLE"><speaker>CHAPELLE.</speaker>
	<l id="44">Tu dis comme ton maître !... Il veut me gâter !... Oui !</l>
	<l id="45">Me rendre sobre comme lui ! </l>
	<l id="46">Il est toujours au lait ! C'est un triste breuvage !</l>
	<l id="47">Un poète !... du lait ! Fi donc ! Fi ! Quel travers !</l>
	<l id="48">Ce n'est que dans le vin, qu'on trouve les bons vers.</l>
	<l id="49">Ma dernière chanson ! elle est vraiment charmante.</l>
<stage type="sing">Il prélude.</stage>
	<l id="50">Tiens ; veux-tu que je te la chante ?</l>
	<l id="51">Ton maître n'a point fait de vers plus délicats.</l>
</sp>
<sp who="LAFORÊT"><speaker>LAFORÊT.</speaker>
	<l id="52">Vous, égaler mon maître ? Ah! ne l'espérez pas.</l>
	<l id="53">Vous y brûleriez tous vos livres.'</l>
	<l id="54">Je m'y connais, allez , et j'ai le sens commun.</l>
	<l id="55">Il fait de meilleurs vers a jeun,</l>
	<l id="56">Que vous tous, quand vous êtes yvres.</l>
</sp>
<sp who="CHAPELLE"><speaker>CHAPELLE.</speaker>
	<l id="57">Eh ! Ne te fâche pas ; je sais tout ce qu'il vaut ;</l>
	<l id="58">Oui ; qu'il devienne ivrogne ; il sera sans défaut.</l>
</sp>
<sp who="LAFORÊT"><speaker>LAFORÊT.</speaker>
	<l id="59" syll="6" part="i">Comme vous, n'est-ce pas ?</l>
</sp>
<sp who="CHAPELLE"><speaker>CHAPELLE.</speaker>
	<l id="59" syll="6" part="f">Mais à propos, ma bonne,</l>
	<l id="60">N'est-il encor venu personne</l>
	<l id="61" syll="6" part="i">Me demander ici ?</l>
</sp>
<sp who="LAFORÊT"><speaker>LAFORÊT.</speaker>
	<l id="61" syll="3" part="m">Pourquoi faire ?</l>
</sp>
<sp who="CHAPELLE"><speaker>CHAPELLE.</speaker>
	<l id="61" syll="3" part="f">Entre nous,</l>
	<l id="62">Si j'arrive sitôt, c'est que j'ai rendez-vous</l>
	<l id="63">Avec certaine dame ; elle est de mes amies,</l>
	<l id="64">Toute jeune, et des plus jolies.</l>
	<l id="65" syll="10" part="i">Tu la feras entrer en grand secret...</l>
</sp>
<sp who="LAFORÊT"><speaker>LAFORÊT.</speaker>
	<l id="65" syll="2" part="f">Nenni.</l>
	<l id="66">Nous attendons ce soir messieurs Mignard, Lulli,</l>
	<l id="67">Despréaux, Lafontaine, et vous enfin. Mon maître</l>
	<l id="68">Avec ses bons amis uniquement veut être.</l>
</sp>
<sp who="CHAPELLE"><speaker>CHAPELLE.</speaker>
	<l id="69" syll="6" part="i">Mais cette dame-ci...</l>
</sp>
<sp who="LAFORÊT"><speaker>LAFORÊT.</speaker>
	<l id="69" syll="6" part="f">N'entrera pas, ma foi.</l>
	<l id="70">Voyez donc ! On ne peut être maître chez soi.</l>
	<l id="71">Étant seul avec vous, monsieur comptait vous lire</l>
	<l id="72">Cette pièce qu'il vient d'achever pour le roi :</l>
	<l id="73">Le Bourgeois Gentilhomme !... Attendez-vous à rire ;</l>
	<l id="74">Il m'en a déjà lu des passages, à moi !</l>
	<l id="75">Il vous met là-dedans des mots qui sont si drôles,</l>
	<l id="76">Il arrange si bien ses scènes et ses rôles,</l>
	<l id="77">Qu'on croirait bien souvent que c'est tout de bon, dà !...</l>
	<l id="78">Je ne sais pas où diable il trouve tout cela.</l>
</sp>
<sp who="CHAPELLE"><speaker>CHAPELLE.</speaker>
	<l id="79">Comment donc ? Laforêt... mais tu deviens savante ?</l>
	<l id="80" syll="9" part="i">Il te lit quelquefois ce qu'il fait.</l>
</sp>
<sp who="LAFORÊT"><speaker>LAFORÊT.</speaker>
	<l id="80" syll="3" part="f">Je m'en vante !</l>
	<l id="81">Il ne met rien au jour que je n'aie approuvé,</l>
	<l id="82">Et même il vous dira qu'il s'en est bien trouvé.</l>
	<l id="83">Vous verrez le Bourgeois !... Nicole la servante !...</l>
	<l id="84">Mais enfin avec vous c'est assez babiller.</l>
	<l id="85">Il faut à mon souper que j'aille travailler.</l>
	<l id="86" syll="6" part="i">Adieu monsieur Chapelle.</l>
</sp>
<sp who="CHAPELLE"><speaker>CHAPELLE.</speaker>
	<l id="86" syll="6" part="f">Adieu, ma bonne amie.</l>
	<l id="87">Au moins, tu laisseras entrer ma compagnie.</l>
</sp>
<sp who="LAFORÊT"><speaker>LAFORÊT.</speaker>
	<l id="88" syll="6" part="i">Je ne crois pas cela.</l>
</sp>
<sp who="CHAPELLE"><speaker>CHAPELLE.</speaker>
	<l id="88" syll="6" part="f">C'est moi qui t'en réponds...</l>
</sp>
<sp who="LAFORÊT"><speaker>LAFORÊT.</speaker>
	<l id="89" syll="6" part="i">La bonne caution !....</l>
</sp>
<sp who="CHAPELLE"><speaker>CHAPELLE.</speaker>
	<l id="89" syll="3" part="m">Tu verras.</l>
</sp>
<sp who="LAFORÊT"><speaker>LAFORÊT.</speaker>
	<l id="89" syll="3" part="f">Nous verrons.</l>
<stage type="exit">Elle sort.</stage>
</sp>
</div2>
<div2 type="scene" n="2"><head>SCÈNE II. </head>
<sp stage="alone" who="CHAPELLE"><speaker>CHAPELLE, seul.</speaker>
	<l id="90">La pauvre Laforêt ne sait pas qui j'amène,</l>
	<l id="91">Et Molière lui-même est loin de le penser ;</l>
	<l id="92">Mais il ressent dans l'âme une secrète peine</l>
	<l id="93">Dont je veux le débarrasser.</l>
	<l id="94">Il se tourmente ! Il s'inquiète !</l>
	<l id="95">Isabelle est un peu coquette ;</l>
	<l id="96">Il faut l'avouer franchement ;</l>
	<l id="97">Mais elle l'aime au fonds, et très sincèrement.</l>
	<l id="98">Doit-il, sur un soupçon, se brouiller avec elle ?</l>
	<l id="99">À la prière de la belle,</l>
	<l id="100">Moi, je me suis chargé du raccommodement.</l>
	<l id="101">Ce soir sous un déguisement</l>
	<l id="102">Elle compte ici le surprendre !</l>
	<l id="103">Nous verrons !... mais en ce moment</l>
	<l id="104">Il vient !... Il parle seul ! Je voudrais bien l'entendre.</l>
</sp>
</div2>
<div2 type="scene" n="3"><head>SCÈNE III. Chapelle, Molière.</head>
<sp stage="aparte/watch" who="MOLIÈRE"><speaker>MOLIÈRE, à part, sans voir Chapelle.</speaker>
	<l id="105">Pour le coup, je vous tiens, et vous serez tancés,</l>
	<l id="106">Messieurs les courtisans, coeurs faux, intéressés,</l>
	<l id="107">Qui sous des dehors agréables,</l>
	<l id="108">Êtes cent fois plus méprisables</l>
	<l id="109">Que mon pauvre Bourgeois dont les airs peu sensés</l>
	<l id="110">Ne couvrent pas du moins des vices haïssables.</l>
</sp>
<sp stage="aparte" who="CHAPELLE"><speaker>CHAPELLE, à part, de son côté.</speaker>
	<l id="111">Qui diantre à ce front soucieux,</l>
	<l id="112">À cet air de mélancolie</l>
	<l id="113">Prendrait cet homme sérieux</l>
	<l id="114">Pour un faiseur de comédie ?</l>
</sp>
<sp stage="aparte" who="MOLIÈRE"><speaker>MOLIÈRE, toujours à part.</speaker>
	<l id="115">Nous aurons, pour finir, un ballet turc ; Lulli</l>
	<l id="116">Sera bouffon, sous l'habit de muphti.</l>
	<l id="117">L'imagination est tant soit peu fantasque ;</l>
	<l id="118">Mais elle fera rire ; il faut bien quelquefois,</l>
	<l id="119">Comme disait maître François,</l>
	<l id="120">Habiller la raison en masque,</l>
	<l id="121">Surtout quand on la veut faire entrer chez les rois.</l>
<stage type="watch">Apercevant Chapelle.</stage>
	<l id="122">Ah ! te voilà !... Bonsoir Chapelle.</l>
	<l id="123">Pardon ; je ne te voyais pas. .</l>
</sp>
<sp who="CHAPELLE"><speaker>CHAPELLE.</speaker>
	<l id="124">Tu t'occupais, je crois, de ta pièce nouvelle ?</l>
</sp>
<sp who="MOLIÈRE"><speaker>MOLIÈRE.</speaker>
	<l id="125">Il est vrai ; j'y songeais et j'en parlais tout bas.</l>
	<l id="126">Demain matin je veux vous en faire lecture,</l>
	<l id="127">Vous en demander vos avis ;</l>
	<l id="128">Car vous restez ce soir; vous me l'avez promis.</l>
</sp>
<sp who="CHAPELLE"><speaker>CHAPELLE.</speaker>
	<l id="129">Moi ? De tout mon coeur, je t'assure.</l>
	<l id="130">Puis, je compte si bien enivrer nos amis,</l>
	<l id="131">Qu'ils demandent un lit plutôt qu'une voiture.</l>
</sp>
<sp who="MOLIÈRE"><speaker>MOLIÈRE.</speaker>
	<l id="132">On m'a conté, comme un de tes exploits nouveaux,</l>
	<l id="133">Que tu fis l'autre jour trop boire Despréaux ?</l>
</sp>
<sp who="CHAPELLE"><speaker>CHAPELLE.</speaker>
	<l id="134">C'était pour me venger ; toujours prompt à médire</l>
	<l id="135">Ce Boileau des buveurs me faisait la satire,</l>
	<l id="136">Et gravement me pérorait.</l>
	<l id="137">Je l'ai tout doucement conduit au cabaret.</l>
	<l id="138">Là, tout en l'écoutant et sans le contredire,</l>
	<l id="139">Je lui versais à boire, et mon homme à la fin,</l>
	<l id="140">Toujours grondant, buvant, et se donnant carrière,</l>
	<l id="141">Se coiffa le cerveau de la bonne manière, </l>
	<l id="142">En déclamant contre le vin.</l>
</sp>
<sp who="MOLIÈRE"><speaker>MOLIÈRE.</speaker>
	<l id="143">C'est la mode à présent !... Voilà comme vous êtes !...</l>
</sp>
<sp who="CHAPELLE"><speaker>CHAPELLE.</speaker>
	<l id="144">Toi-même je t'ai vu quelquefois en goguettes.</l>
</sp>
<sp who="MOLIÈRE"><speaker>MOLIÈRE.</speaker>
	<l id="145">Mais jamais jusqu'au point de perdre la raison.</l>
</sp>
<sp who="CHAPELLE"><speaker>CHAPELLE.</speaker>
	<l id="146">Va ; tout homme la perd, chacun à sa façon.</l>
	<l id="147">Le vin est mon penchant ; le tien c'est la tendresse.</l>
	<l id="148">Isabelle est l'écueil fatal à ta sagesse.</l>
</sp>
<sp who="MOLIÈRE"><speaker>MOLIÈRE.</speaker>
	<l id="149" syll="3" part="i">Isabelle !</l>
</sp>
<sp who="CHAPELLE"><speaker>CHAPELLE.</speaker>
	<l id="149" syll="7" part="f">Oui ; la petite Béjart.</l>
	<l id="150">Vous boudez maintenant, chacun de votre part ;</l>
	<l id="151">Mais elle en est fâchée, et tu l'es autant qu'elle.</l>
</sp>
<sp who="MOLIÈRE"><speaker>MOLIÈRE.</speaker>
	<l id="152">Non, non ; je suis guéri , crois-moi,</l>
	<l id="153">Et je n'aime plus Isabelle.</l>
</sp>
<sp who="CHAPELLE"><speaker>CHAPELLE.</speaker>
	<l id="154">Allons donc ; sois de bonne foi ;</l>
	<l id="155">Isabelle est charmante, et toujours applaudie ;</l>
	<l id="156">Elle est pour ton théâtre un sujet excellent ; -</l>
	<l id="157">Dans ta dernière comédie</l>
	<l id="158">Elle a fait preuve de talent !</l>
</sp>
<sp who="MOLIÈRE"><speaker>MOLIÈRE.</speaker>
	<l id="159">Certain duc espagnol va toujours chez sa mère !</l>
</sp>
<sp who="CHAPELLE"><speaker>CHAPELLE.</speaker>
	<l id="160">C'est là ce qui t'occupe !... Eh ! Mais quelle chimère</l>
	<l id="161">Vas-tu te mettre dans l'esprit ?</l>
	<l id="162">Chez madame Béjart où l'on se divertit</l>
	<l id="163">La bonne compagnie abonde</l>
	<l id="164">Et ce seigneur y va comme tout le beau monde.</l>
</sp>
<sp who="MOLIÈRE"><speaker>MOLIÈRE.</speaker>
	<l id="165">La mère le reçoit ; la fille lui sourit.</l>
</sp>
<sp who="CHAPELLE"><speaker>CHAPELLE.</speaker>
	<l id="166">Pourquoi non ?... Cela te chagrine !</l>
	<l id="167">Pour te plaire, faut-il qu'elle fasse la mine ?</l>
</sp>
<sp who="MOLIÈRE"><speaker>MOLIÈRE.</speaker>
	<l id="168" syll="4" part="i">Elle est coquette.</l>
</sp>
<sp who="CHAPELLE"><speaker>CHAPELLE.</speaker>
	<l id="168" syll="8" part="f">Un peu ; doit-on s'en étonner ?</l>
	<l id="169">C'est un tort de son âge, et qu'on peut pardonner.</l>
	<l id="170">Pourquoi donc t'affliger ?.... La sotte fantaisie !</l>
	<l id="171">Tu nous as tant fait rire aux dépens des jaloux,</l>
	<l id="172">Et tu serais toi-même atteint de jalousie !</l>
	<l id="173">Je le vois aux soupçons dont ton âme est saisie ;</l>
	<l id="174">L'amour fait d'un grand homme, un homme comme nous.</l>
</sp>
<sp who="MOLIÈRE"><speaker>MOLIÈRE.</speaker>
	<l id="175">Ah ! Si j'étais enclin à cette frénésie,</l>
	<l id="176">Isabelle souvent tourmenterait ma vie !</l>
	<l id="177">Je ne le vois que trop, et je crois qu'il vaut mieux</l>
	<l id="178" syll="6" part="i">Éviter des chagrins...</l>
</sp>
<sp who="CHAPELLE"><speaker>CHAPELLE.</speaker>
	<l id="178" syll="6" part="f">Ma foi, mon cher Molière,</l>
	<l id="179">Tu prends la chose aussi d'un ton trop sérieux.</l>
	<l id="180">Traitons l'amour gaîment, et tenons-nous joyeux.</l>
	<l id="181">Tâche de m'imiter; ma vie est régulière ; </l>
	<l id="182">Moi, je m'enivre tous les jours ;</l>
	<l id="183">De belle en belle je cours ;</l>
	<l id="184">Le changement me réveille ;</l>
	<l id="185">Je suis volage en amours</l>
	<l id="186">Et fidèle à la bouteille...</l>
</sp>
<sp who="MOLIÈRE"><speaker>MOLIÈRE.</speaker>
	<l id="187">Allons ; je prendrai soin de me régler sur toi.</l>
	<l id="188" syll="6" part="i">Ta morale est fort douce.</l>
</sp>
<sp who="CHAPELLE"><speaker>CHAPELLE.</speaker>
	<l id="188" syll="6" part="f">Et c'est la véritable.</l>
	<l id="189">Tu te crois plus sage que moi ;</l>
	<l id="190" syll="1" part="i">Mais...</l>
</sp>
<sp who="MOLIÈRE"><speaker>MOLIÈRE.</speaker>
	<l id="190" syll="11" part="f">Grâce au ciel, voici quelqu'un de raisonnable.</l>
	<l id="191">Bonsoir à notre cher Mignard.</l>
</sp>
</div2>
<div2 type="scene" n="4"><head>SCÈNE IV. Molière, Chapelle, Mignard.</head>
<sp who="MIGNARD"><speaker>MIGNARD.</speaker>
	<l id="192">Je crains d'arriver un peu tard.</l>
	<l id="193">J'étais à l'atelier ; quand je m'y sens en veine,</l>
	<l id="194">J'y dois à mes pinceaux les moments les plus doux ;</l>
	<l id="195">J'y reste avec plaisir et j'en sors avec peine,</l>
	<l id="196">Si ce n'est pour chercher des amis tels que vous.</l>
</sp>
<sp who="MOLIÈRE"><speaker>MOLIÈRE.</speaker>
	<l id="197">Nos convives encor ne sont pas venus tous.</l>
	<l id="198">Sans doute ils ne tarderont guère.</l>
</sp>
<sp who="MIGNARD"><speaker>MIGNARD.</speaker>
	<l id="199">Ta santé se soutient, j'espère ?</l>
</sp>
<sp who="MOLIÈRE"><speaker>MOLIÈRE.</speaker>
	<l id="200">Oui, je suis beaucoup mieux ; j'ai repris mes travaux ; **</l>
	<l id="201">Mais voici l'ami Despréaux.</l>
</sp>
<sp who="CHAPELLE"><speaker>CHAPELLE.</speaker>
	<l id="202">Le fléau, la terreur de quiconque rimaille,</l>
	<l id="203" syll="6" part="i">Grand prévôt du Parnasse.....</l>
</sp>
</div2>
<div2 type="scene" n="5"><head>SCÈNE V. Molière, Chapelle, Despréaux, Mignard.</head>
<sp who="DESPRÉAUX"><speaker>DESPRÉAUX.</speaker>
	<l id="203" syll="6" part="f">Eh ! Bonsoir, mes amis.</l>
</sp>
<sp who="MOLIÈRE"><speaker>MOLIÈRE.</speaker>
	<l id="204">Bonsoir. Que dit-on à Paris ?</l>
</sp>
<sp who="DESPRÉAUX"><speaker>DESPRÉAUX.</speaker>
	<l id="205">Je n'en viens pas. J'arrive de Versailles.</l>
</sp>
<sp who="CHAPELLE"><speaker>CHAPELLE.</speaker>
	<l id="206">Ah ? Tu te mêles donc d'être aussi courtisan ?</l>
</sp>
<sp who="DESPRÉAUX"><speaker>DESPRÉAUX.</speaker>
	<l id="207">Je viens de faire une visite</l>
	<l id="208">À madame de Montespan ;</l>
	<l id="209" syll="6" part="i">J'ai vu le roi chez elle.....</l>
</sp>
<sp who="CHAPELLE"><speaker>CHAPELLE.</speaker>
	<l id="209" syll="6" part="f">Et sans doute, bien vite,</l>
	<l id="210">Saisissant le moment favorable au succès</l>
	<l id="211">Tu viens de demander quelque grâce nouvelle ?</l>
</sp>
<sp who="DESPRÉAUX"><speaker>DESPRÉAUX.</speaker>
	<l id="212">Justement. Car j'étais allé là tout exprès. .</l>
	<l id="213">J'ai fait une demande importante.</l>
</sp>
<sp who="MIGNARD"><speaker>MIGNARD.</speaker>
	<l id="214" syll="2" part="i">Laquelle ? .</l>
</sp>
<sp who="DESPRÉAUX"><speaker>DESPRÉAUX.</speaker>
	<l id="214" syll="8" part="f">Comme le dit l'ami Chapelle,</l>
	<l id="215">Profitant de l'occasion,</l>
	<l id="216">J'ai supplié, mais avec grande instance,</l>
	<l id="217">Sa majesté d'avoir la complaisance</l>
	<l id="218">De supprimer ma pension,</l>
	<l id="219">de vouloir bien m'ôter trois mille francs de rente.</l>
</sp>
<sp who="CHAPELLE"><speaker>CHAPELLE.</speaker>
	<l id="220">Vraiment !... La faveur est plaisante !</l>
</sp>
<sp who="MIGNARD"><speaker>MIGNARD.</speaker>
	<l id="221">On ne fait pas souvent au roi *</l>
	<l id="222">Pareille demande, je croi.</l>
</sp>
<sp who="DESPRÉAUX"><speaker>DESPRÉAUX.</speaker>
	<l id="223">Aussi l'ai-je surpris, et s'est-il mis à rire 9</l>
	<l id="224">D'un air tout rempli de bonté.</l>
	<l id="225">Qu'est ceci, Despréaux ? est-ce un trait de satyre ?</l>
	<l id="226">M'a dit le roi ; Non , mais c'en est un, Sire,</l>
	<l id="227">De justice et de probité.</l>
	<l id="228">Tout le Parnasse est attristé ;</l>
	<l id="229">D'un commis ignorant sottise sans pareille !</l>
	<l id="230">On vient, Sire, de supprimer</l>
	<l id="231">La pension de Corneille.</l>
	<l id="232">Et moi qu'auprès de lui j'ose à peine nommer,</l>
	<l id="233">Moi qui n'ai point son sublime génie,</l>
	<l id="234">Je reste sur la liste ? Oh ! non, je vous supplie ;</l>
	<l id="235">Cela ne se peut pas, foi d'honnête rimeur ;</l>
	<l id="236">La pension me fait sûrement grand honneur ;</l>
	<l id="237">Mais avant qu'à Corneille on retranche la sienne,</l>
	<l id="238">Pour être juste, Sire, il faut m'ôter la mienne.</l>
</sp>
<sp who="MOLIÈRE"><speaker>MOLIÈRE.</speaker>
	<l id="239">Bien. Qu'a dit le roi, s'il vous plaît ?</l>
</sp>
<sp who="DESPRÉAUX"><speaker>DESPRÉAUX.</speaker>
	<l id="240">Demandez-moi plutôt ce qu'il a fait.</l>
	<l id="241">La pension est rétablie ;</l>
	<l id="242">Et sa majesté vient encor,</l>
	<l id="243">Dans une bourse en broderie,</l>
	<l id="244">D'y joindre deux cents louis d'or,</l>
	<l id="245">Qu'elle envoie au vieillard, Sophocle de notre âge.</l>
	<l id="246">Mon neveu, qui m'avait là-bas accompagné</l>
	<l id="247">Avec plaisir s'est chargé du message ;</l>
	<l id="248">À Paris il est retourné ; </l>
	<l id="249">Et dans quelques instants, Corneille qui l'ignore,</l>
	<l id="250">Du monarque bienfaisant</l>
	<l id="251">Va recevoir un présent</l>
	<l id="252">Qui tous les deux les honore.</l>
</sp>
<sp who="MOLIÈRE"><speaker>MOLIÈRE.</speaker>
	<l id="253">Il vous honore aussi ; le trait est généreux</l>
	<l id="254">Et montre bien ce que vous êtes !</l>
</sp>
<sp who="MIGNARD"><speaker>MIGNARD.</speaker>
	<l id="255">Ce Despréaux qui fait trembler tant de poètes,</l>
	<l id="256" syll="6" part="i">Il est bonhomme, au fonds.</l>
</sp>
<sp who="CHAPELLE"><speaker>CHAPELLE.</speaker>
	<l id="256" syll="6" part="f">Cet acte courageux</l>
	<l id="257">Vaut mieux que de bons vers, et me plaît davantage.</l>
</sp>
<sp who="DESPRÉAUX"><speaker>DESPRÉAUX.</speaker>
	<l id="258">Cela ne devrait pas s'appeller du courage.</l>
	<l id="259" syll="6" part="i">J'ai dit la vérité.</l>
</sp>
<sp who="MIGNARD"><speaker>MIGNARD.</speaker>
	<l id="259" syll="6" part="f">Métier fort dangereux !</l>
</sp>
<sp who="DESPRÉAUX"><speaker>DESPRÉAUX.</speaker>
	<l id="260">Je ne tiendrai pourtant jamais d'autre langage.</l>
	<l id="261">Il faut dans mes discours que mon coeur se soulage.</l>
	<l id="262">Mais à la probité toujours assujetti</l>
	<l id="263">C'est ma seule raison qui règle mon suffrage.</l>
	<l id="264">À l'envie, à l'intrigue, à l'esprit de parti</l>
	<l id="265">Jamais je n'ai prêté l'oreille.</l>
</sp>
<sp who="MIGNARD"><speaker>MIGNARD.</speaker>
	<l id="266">Racine est son meilleur ami ;</l>
	<l id="267">Mais il rend hommage à Corneille.</l>
</sp>
<sp who="CHAPELLE"><speaker>CHAPELLE.</speaker>
	<l id="268">Eh ! mais ?... n'entends-je pas Lulli ?</l>
</sp>
<sp who="MIGNARD"><speaker>MIGNARD.</speaker>
	<l id="269">Oui, vraiment. Le voici qui s'avance en musique.</l>
</sp>
<sp who="DESPRÉAUX"><speaker>DESPRÉAUX.</speaker>
	<l id="270">Écoutons. Sa démarche est gravement comique.</l>
</sp>
</div2>
<div2 type="scene" n="6"><head>SCÈNE VI. Molière, Chapelle, Lulli, Despréaux, Mignard.</head>
<sp who="LULLI"><speaker>LULLI.</speaker>
<stage type="entrance">Entre gravement, en chantant d'une manière bouffonne.</stage>
	<l id="271">« Mi star Muphti ;</l>
	<l id="272">Ti , qui star ti ?</l>
	<l id="273">Se ti sabir,</l>
	<l id="274">Ti respondir ;</l>
	<l id="275">Se non sabir,</l>
	<l id="276">Tazir, tazir. »</l>
<stage type="explicit">Il parle avec un accent italien très marqué.</stage>
	<l id="277">Hé, comment trouvez-vous ce chant là, je vous prie ?</l>
	<l id="278">Dis-moi, caro Molière, avons-nous terminé</l>
	<l id="279">Notre petite comédie ?</l>
	<l id="280">Déjà pour la cérémonie,</l>
	<l id="281">Mon ballet turc est dessiné.</l>
</sp>
<sp who="MOLIÈRE"><speaker>MOLIÈRE.</speaker>
	<l id="282">Je m'attends à quelque folie.</l>
</sp>
<sp who="LULLI"><speaker>LULLI.</speaker>
	<l id="283">Tu pourras te vanter que Baptiste Lulli,</l>
	<l id="284">Il aura fait pour son ami Molière</l>
	<l id="285">Quelque chose de bien joli.</l>
</sp>
<sp who="DESPRÉAUX"><speaker>DESPRÉAUX.</speaker>
	<l id="286">N'allez pas nous donner de farce trop grossière.</l>
</sp>
<sp who="LULLI"><speaker>LULLI.</speaker>
	<l id="287">Je serai, je vous le promets,</l>
	<l id="288">Un superbe muphti ; je me fais faire exprès</l>
	<l id="289">Une barbe des mieux fournies ;</l>
	<l id="290">La casaque trainante, à manches élargies ;</l>
	<l id="291">Un grand turban pointu ; puis, pour son ornement,</l>
	<l id="292">J'allume tout autour douze rangs de bougies ;</l>
	<l id="293">L'illumination marchera gravement ;</l>
	<l id="294">La voyez-vous d'ici ? L'effet sera charmant ;</l>
	<l id="295">Et puis, je chanterai, sur le ton des prières :</l>
<stage type="sing">Il chante.</stage>
	<l id="296">« Mahameta, per Giourdina,</l>
	<l id="297">Mi pregar sera è mattina. »</l>
</sp>
<sp who="CHAPELLE"><speaker>CHAPELLE.</speaker>
	<l id="298" syll="8" part="i">Quoi ! Tu comptes jouer toi-même ?</l>
</sp>
<sp who="LULLI"><speaker>LULLI.</speaker>
	<l id="298" syll="4" part="f">Assurément</l>
<stage type="entrance">Ici Laforêt entre.</stage>
</sp>
<sp who="CHAPELLE"><speaker>CHAPELLE.</speaker>
	<l id="299">Baptiste, mon ami, que diront tes confrères,</l>
	<l id="300">Les secrétaires du roi ?</l>
	<l id="301">Leur vanité va se plaindre de toi.</l>
</sp>
<sp who="LULLI"><speaker>LULLI.</speaker>
	<l id="302">Hé, tout comme ils voudront; il ne m'importe guère ;</l>
	<l id="303">J'amuserai le maître , et s'ils étaient sincères,</l>
	<l id="304">Ils conviendraient tous , par ma foi</l>
	<l id="305">Que, s'ils savaient le faire, ils feraient comme moi.</l>
</sp>
<sp who="MOLIÈRE"><speaker>MOLIÈRE.</speaker>
	<l id="306">Il dit vrai.—Du souper l'heure, est je crois, prochaine ;</l>
	<l id="307">Il ne nous manque plus que le bon Lafontaine.</l>
</sp>
<sp who="LAFORÊT"><speaker>LAFORÊT.</speaker>
	<l id="308">Il est là bas, dans le jardin ,</l>
	<l id="309">Allant, venant le long de notre treille ;</l>
	<l id="310">Dans sa distraction , dont rien ne le réveille,</l>
	<l id="311">Il suit au hasard son chemin.</l>
</sp>
<sp who="DESPRÉAUX"><speaker>DESPRÉAUX.</speaker>
	<l id="312">Eh ! oui, la poésie est son unique affaire ;</l>
	<l id="313">Il néglige le reste ; indolent et distrait,</l>
<note type="L">Ces quatre vers sont d'un abbé Verger ; ami de La Fontaine. On les trouve dans une lettre adressée à La Fontaine lui-même, oeuvres diverses, édit. en 3 vol. in 8º. à Paris, veuve Pissot, 1729.</note>
	<l id="314">« Il se lève au matin sans savoir pourquoi faire ;</l>
	<l id="315">Il se promène, il va sans dessein, sans objet ;</l>
	<l id="316">Et se couche le soir sans savoir d'ordinaire</l>
	<l id="317">Ce que dans le jour il a fait. » </l>
</sp>
<sp who="MIGNARD"><speaker>MIGNARD.</speaker>
	<l id="318">Parbleu ! Voilà bien son portrait !</l>
</sp>
<sp who="CHAPELLE"><speaker>CHAPELLE.</speaker>
	<l id="319">Ajoutez-y la façon singulière</l>
	<l id="320">Dont il est ; l'habit mal attaché,</l>
	<l id="321">Le rabat sans devant derrière</l>
	<l id="322">Et les bas à l'envers...</l>
</sp>
<sp who="MOLIÈRE"><speaker>MOLIÈRE.</speaker>
	<l id="323">Oui ; c'est là sa manière.</l>
	<l id="324">Dans son extérieur il n'est point recherché ;</l>
	<l id="325">Ce sont de petits soins dont il est peu touché ;</l>
	<l id="326">Mais sous l'apparence grossière</l>
	<l id="327">Un esprit divin est caché.</l>
</sp>
<sp who="DESPRÉAUX"><speaker>DESPRÉAUX.</speaker>
	<l id="328">Ah ! Divin , en effet ; vous dites vrai, Molière.</l>
	<l id="329">Mais je pense qu'aujourd'hui</l>
	<l id="330">Du malheureux Fouquet la disgrâce soudaine</l>
	<l id="331">Doit affliger notre cher La Fontaine.</l>
	<l id="332">Il perd un généreux appui !...</l>
</sp>
<sp who="MOLIÈRE"><speaker>MOLIÈRE.</speaker>
	<l id="333">Eh ! Bien pour adoucir ou partager sa peine,</l>
	<l id="334">Allons tous au devant de lui.</l>
	<l id="335">Ta soirée est riante et fraîche ce me semble ;</l>
	<l id="336">Nous pourrons au jardin nous promener ensemble,</l>
	<l id="337">Tandis que Laforêt prépare ce qu'il faut</l>
	<l id="338" syll="4" part="i">Pour le souper.</l>
</sp>
<sp who="MIGNARD"><speaker>MIGNARD.</speaker>
	<l id="338" syll="2" part="m">Allons.</l>
</sp>
<sp stage="low/toward" who="LAFORÊT"><speaker>LAFORÊT, bas à Chapelle.</speaker>
	<l id="338" syll="6" part="f">Monsieur Chapelle, un mot.</l>
<stage type="exit">Tous sortent, excepté Chapelle et Laforêt.</stage>
</sp>
</div2>
<div2 type="scene" n="7"><head>SCÈNE VII. Chapelle, Laforêt.</head>
<sp who="CHAPELLE"><speaker>CHAPELLE.</speaker>
	<l id="339" syll="6" part="i">Que veux-tu, Laforêt ?</l>
</sp>
<sp who="LAFORÊT"><speaker>LAFORÊT.</speaker>
	<l id="339" syll="6" part="f">Il faut que je vous dise</l>
	<l id="340" syll="5" part="i">Qu'on est arrivé.</l>
</sp>
<sp who="CHAPELLE"><speaker>CHAPELLE.</speaker>
	<l id="340" syll="1" part="m">Qui ?</l>
</sp>
<sp who="LAFORÊT"><speaker>LAFORÊT.</speaker>
	<l id="340" syll="6" part="f">Les dames dont tantôt </l>
	<l id="341">Vous me parliez ici ; toutes deux sont là haut,</l>
	<l id="342">Dans ma chambre ; la fille à présent se déguise...</l>
</sp>
<sp who="CHAPELLE"><speaker>CHAPELLE.</speaker>
	<l id="343" syll="8" part="i">Tu leur as donc permis d'entrer ?</l>
</sp>
<sp who="LAFORÊT"><speaker>LAFORÊT.</speaker>
	<l id="343" syll="4" part="f">Certainement ;</l>
	<l id="344">Et si vous m'aviez dit, dès le premier moment,</l>
	<l id="345" syll="3" part="i">Qui c'était !</l>
</sp>
<sp who="CHAPELLE"><speaker>CHAPELLE.</speaker>
	<l id="346">J'ai voulu t'en donner la surprise.</l>
	<l id="347" syll="6" part="i">J'ai besoin de les voir....</l>
</sp>
<sp who="LAFORÊT"><speaker>LAFORÊT.</speaker>
	<l id="347" syll="6" part="f">Vous n'avez qu'à monter.</l>
</sp>
<sp who="CHAPELLE"><speaker>CHAPELLE.</speaker>
	<l id="348">L'Amour est du complot ; Bacchus le favorise ;</l>
	<l id="349">Sur un succès heureux j'ose presque compter.</l>
</sp>
</div2>
<div2 type="scene" n="8"><head>SCÈNE VIII.</head>
<sp stage="alone" who="LAFORÊT"><speaker>LAFORÊT, seule.</speaker>
	<l id="350">J'augure bien aussi, moi, de son entremise.</l>
	<l id="351">À leurs projets je suis d'humeur à m'y prêter ;</l>
	<l id="352">On veut faire la paix ; ma foi ! J'en suis ravie !</l>
	<l id="353">Mon pauvre maître avait tant de chagrin !... Labrie,</l>
	<l id="354">Lesbin, allons, ici qu'on mette le couvert </l>
	<l id="355">De la glace et du vin ! .... j'aurai soin du dessert ! ....</l>
<stage type="decor">Pendant ce petit monologue de Laforêt, on apporte la table et le souper.</stage>
	<l id="356">Mais quelqu'un vient ! ... ma surprise est extrême !</l>
	<l id="357">Eh ! c'est monsieur Lafontaine lui-même.</l>
	<l id="358">Tandis que ces messieurs le cherchent au jardin,</l>
	<l id="359">Il en sera sorti par un autre chemin.</l>
</sp>
</div2>
<div2 type="scene" n="9"><head>SCÈNE IX. La Fontaine, Laforêt.</head>
<sp stage="entrance/dream/watch" who="LA FONTAINE"><speaker>LA FONTAINE entre en rêvant, et sans voir Laforêt.</speaker>
	<l id="360">Mon élégie est faite, et mon âme affligée,</l>
	<l id="361">En exhalant ces vers, s'est au moins soulagée !</l>
</sp>
<sp who="LAFORÊT"><speaker>LAFORÊT.</speaker>
	<l id="362">Par où donc avez-vous passé ?</l>
	<l id="363">Monsieur !... Peut-on sans vous distraire ?</l>
</sp>
<sp stage="watch" who="LA FONTAINE"><speaker>LA FONTAINE, toujours sans voir Laforêt.</speaker>
	<l id="364">Devait-il éprouver la fortune contraire,</l>
	<l id="365">Celui que si longtemps elle avait caressé ?</l>
	<l id="366">Ce grand Sur-intendant, lui qu'admirait la France,</l>
	<l id="367">Voit tomber tout d'un coup son honneur, sa puissance !</l>
	<l id="368">Un jour, un seul jour l'a perdu.</l>
	<l id="369">Le vent frappe et détruit l'arbre qui lui résiste ;</l>
	<l id="370">L'humble roseau plie et subsiste,</l>
	<l id="371">Par sa faiblesse défendu.</l>
</sp>
<sp stage="aparte" who="LAFORÊT"><speaker>LAFORÊT, à part.</speaker>
	<l id="372">Je sais ce qui le rend si triste ;</l>
	<l id="373">Il plaint Monsieur Fouquet ; il en a bien sujet.</l>
</sp>
<sp who="LA FONTAINE"><speaker>LA FONTAINE.</speaker>
	<l id="374">Vous parlez de Monsieur Fouquet ?</l>
	<l id="375">Qu'en dit-on? que fait-il? souffrez que je réclame...</l>
</sp>
<sp who="LAFORÊT"><speaker>LAFORÊT.</speaker>
	<l id="376" syll="3" part="i">Eh ! quoi donc ?...</l>
</sp>
<sp who="LA FONTAINE"><speaker>LA FONTAINE.</speaker>
	<l id="376" syll="9" part="f">Vous prenez à lui de l'intérêt ;</l>
	<l id="377">Auriez-vous à la cour quelque crédit, Madame ?</l>
</sp>
<sp who="LAFORÊT"><speaker>LAFORÊT.</speaker>
	<l id="378">Moi ?... Moi ?... Mais je suis Laforêt.</l>
	<l id="379" syll="4" part="i">Regardez-donc.</l>
</sp>
<sp stage="awake" who="LA FONTAINE"><speaker>LA FONTAINE, revenant un moment de sa distraction.</speaker>
	<l id="379" syll="4" part="m">Ah !... Ah !... c'est vrai.</l>
<stage type="dream">Il retombe dans sa rêverie.</stage>
	<l id="379" syll="4" part="f">Dans sa détresse</l>
	<l id="380">Je dois me souvenir de ce qu'il fit pour moi,</l>
	<l id="381">Et lui rendre aujourd'hui tendresse pour tendresse.</l>
	<l id="382">Si je puis le servir, oh ! Dieu ! Quelle allégresse !</l>
<note type="C">Vers de La Fontaine.</note>
	<l id="383">On a souvent besoin d'un plus petit que soi.</l>
	<l id="384">Mais que tenter ? Que faire ? Espérance trop vaine !</l>
	<l id="385">Dans le monde je ne puis rien,</l>
	<l id="386">Moi qui n'ai ni crédit ni bien,</l>
	<l id="387">Moi qui suis, quoi ? Jean La Fontaine...</l>
	<l id="388">J'aurai beau m'efforcer et prendre de la peine ;</l>
	<l id="389">J'ai bien, la volonté ;. mais je n'ai nul moyen...</l>
	<l id="390">Que ce faible talent que j'obtins en partage</l>
	<l id="391">Paye au moins son tribut au malheur d'un ami ! </l>
	<l id="392">Il fait assez d'ingrats !..... La fortune volage</l>
	<l id="393">Ne peut me détacher de cet objet chéri ;</l>
	<l id="394">Je lui donne des vers, ne pouvant davantage...</l>
</sp>
</div2>
<div2 type="scene" n="10"><head>SCÈNE X. Lulli, Mignard, Despréaux, La Fontaine, Chapelle, Laforêt.</head>
<sp who="DESPRÉAUX"><speaker>DESPRÉAUX.</speaker>
	<l id="395">Ah ! Le voici lui-même !... Où s'était-il caché ?</l>
</sp>
<sp who="CHAPELLE"><speaker>CHAPELLE.</speaker>
	<l id="396" syll="6" part="i">Tu nous as fait courir.</l>
</sp>
<sp who="LA FONTAINE"><speaker>LA FONTAINE.</speaker>
	<l id="396" syll="6" part="f">Vraiment ?... J'en suis fâché,</l>
	<l id="397">De quelqu'autre côté j'étais allé sans doute.</l>
	<l id="398">De Paris jusqu'ici j'ai fait à pied la route;</l>
	<l id="399">J'ai passé ma journée à composer des vers,</l>
	<l id="400">Une triste élégie où ma plaintive muse</l>
	<l id="401">De son cher bienfaiteur déplore le revers ;</l>
	<l id="402">L'ouvrage est assez bon, si l'orgueil ne m'abuse.</l>
</sp>
<sp who="DESPRÉAUX"><speaker>DESPRÉAUX.</speaker>
	<l id="403" syll="6" part="i">Montrez-le ; nous verrons.</l>
</sp>
<sp who="LA FONTAINE"><speaker>LA FONTAINE.</speaker>
	<l id="403" syll="6" part="f">Non, ce n'est pas l'instant</l>
	<l id="404">D'occuper vos esprits d'un objet attristant ;</l>
	<l id="405">Moi-même j'ai plutôt besoin de me distraire,</l>
	<l id="406">Et je veux être à vous entièrement ce soir,</l>
	<l id="407" syll="3" part="i">Mes amis !</l>
</sp>
<sp who="CHAPELLE"><speaker>CHAPELLE.</speaker>
	<l id="407" syll="9" part="f">C'est bien dit ; pourquoi broyer du noir</l>
	<l id="408">Et s'affliger, lorsque l'on peut mieux faire ?</l>
</sp>
<sp who="LULLI"><speaker>LULLI.</speaker>
	<l id="409" syll="6" part="i">Je suis pour qu'on s'amuse.</l>
</sp>
<sp who="MIGNARD"><speaker>MIGNARD.</speaker>
	<l id="409" syll="6" part="f">Et moi j'en dis autant,</l>
	<l id="410">Nous voyons, grâce au ciel, Molière mieux portant !</l>
	<l id="411">Quel bonheur pour la comédie !</l>
</sp>
<sp who="DESPRÉAUX"><speaker>DESPRÉAUX.</speaker>
	<l id="412">Ajoutez-y pour ses amis ,</l>
	<l id="413">Pour son siècle et pour son pays ,</l>
	<l id="414">Dont il est le plus beau génie.</l>
</sp>
<sp who="CHAPELLE"><speaker>CHAPELLE.</speaker>
	<l id="415">Ma foi, je suis de ton avis. .</l>
	<l id="416">C'est notre maître, à tous ; sous sa plaisanterie</l>
	<l id="417">Que de raison souvent et de philosophie !</l>
	<l id="418">Le chef-d'oeuvre le plus divin</l>
	<l id="419">Qui soit jamais éclos du cerveau d'un humain,</l>
	<l id="420" syll="3" part="i">C'est Tartuffe.</l>
</sp>
<sp who="LA FONTAINE"><speaker>LA FONTAINE.</speaker>
	<l id="420" syll="9" part="f">Messieurs, j'ai lu ces jours passés,</l>
	<l id="421">Le prophète Baruch ; je goûte sa manière ;</l>
	<l id="422">Dites-moi donc un peu, si vous le connaissez ?</l>
</sp>
<sp who="DESPRÉAUX"><speaker>DESPRÉAUX.</speaker>
	<l id="423" syll="1" part="i">Oui.</l>
</sp>
<sp who="LA FONTAINE"><speaker>LA FONTAINE.</speaker>
	<l id="423" syll="11" part="f">Croyez-vous qu'il eût plus d'esprit que Molière ? ;</l>
	<l id="424">Ou bien Molière en a-t-il plus que lui ?</l>
</sp>
<sp stage="hit/show" who="DESPRÉAUX"><speaker>DESPRÉAUX, lui frappant sur l'épaule et le faisant apercevoir qu'un de ses bas est à l'envers.</speaker>
	<l id="425">Mon cher Monsieur de La Fontaine,</l>
	<l id="426">Vous avez mis un bas à l'envers aujourd'hui.</l>
</sp>
<sp who="LA FONTAINE"><speaker>LA FONTAINE.</speaker>
	<l id="427" syll="6" part="i">Mais répondez-moi donc.</l>
</sp>
<sp who="DESPRÉAUX"><speaker>DESPRÉAUX.</speaker>
	<l id="427" syll="6" part="f">Non ; ce n'est pas la peine.</l>
</sp>
<sp who="CHAPELLE"><speaker>CHAPELLE.</speaker>
	<l id="428">Laisse-là ton Baruch...... Le bonhomme, ma foi,</l>
	<l id="429">Souvent dans ses propos est moins sensé que moi.</l>
</sp>
</div2>
<div2 type="scene" n="11"><head>SCÈNE XI. Les précédents, Molière.</head>
<sp who="MOLIÈRE"><speaker>MOLIÈRE.</speaker>
	<l id="430">Me voici, mes amis ; allons, que la soirée</l>
	<l id="431">À la joie, au plaisir, soit toute consacrée.</l>
</sp>
<sp who="LAFORÊT"><speaker>LAFORÊT.</speaker>
	<l id="432">Messieurs, le souper est tout prêt,</l>
	<l id="433">Et vous pouvez vous mettre à table</l>
</sp>
<sp stage="low/toward" who="CHAPELLE"><speaker>CHAPELLE, bas à Laforêt.</speaker>
	<l id="434">Tu songes à notre projet ?</l>
</sp>
<sp stage="aparte/toward" who="LAFORÊT"><speaker>LAFORÊT, bas à Chapelle.</speaker>
	<l id="435">Laissez faire. J'attends le moment favorable.</l>
</sp>
<sp who="LULLI"><speaker>LULLI.</speaker>
	<l id="436">Mettons-nous donc à table, et restons-y longtemps.</l>
<stage type="sit">Ils s'asseyent à table dans l'ordre suivant, en commençant par la droite : Molière, Chapelle, Mignard, Lulli, Despreaux, La Fontaine.</stage>
</sp>
<sp who="CHAPELLE"><speaker>CHAPELLE.</speaker>
	<l id="437">D'être ici réunis nous sommes tous contents.</l>
	<l id="438">Je vous porte d'abord une santé; c'est celle</l>
	<l id="439">Du maître de la maison.</l>
</sp>
<sp who="MIGNARD"><speaker>MIGNARD.</speaker>
	<l id="440" syll="4" part="i">De tout mon coeur,</l>
</sp>
<sp who="DESPRÉAUX"><speaker>DESPRÉAUX.</speaker>
	<l id="440" syll="4" part="f">Verse, Chapelle,</l>
</sp>
<sp who="LULLI"><speaker>LULLI.</speaker>
	<l id="441" syll="4" part="i">Verse tout plein.</l>
</sp>
<sp who="LA FONTAINE"><speaker>LA FONTAINE.</speaker>
	<l id="441" syll="6" part="f">Je ne dirai pas : non.</l>
</sp>
<sp who="CHAPELLE"><speaker>CHAPELLE.</speaker>
	<l id="442" syll="3" part="i">À Molière !</l>
</sp>
<sp stage="together" who="TOUS"><speaker>TOUS excepté Molière.</speaker>
	<l id="442" syll="3" part="m">À Molière !</l>
</sp>
<sp who="MIGNARD"><speaker>MIGNARD.</speaker>
	<l id="442" syll="6" part="f">Ah ! Si nous pouvions boire,</l>
	<l id="443">Ensemble, aussi longtemps que durera sa gloire !</l>
</sp>
<sp who="MOLIÈRE"><speaker>MOLIÈRE.</speaker>
	<l id="444">Je ne vous ferai pas raison,</l>
	<l id="445">Mes amis ; car le lait est ma seule boisson.</l>
	<l id="446">Mais de vos voeux qu'il apprécie,</l>
	<l id="447">Mon coeur ému vous remercie.</l>
	<l id="448">Vous allez tout-à-fait me rendre la santé !</l>
</sp>
<sp who="CHAPELLE"><speaker>CHAPELLE.</speaker>
	<l id="449">S'il ne faut que de la gaîté,</l>
	<l id="450">L'amitié la plus tendre, un peu d'ivrognerie...</l>
</sp>
<sp who="LULLI"><speaker>LULLI.</speaker>
	<l id="451">À me griser ce soir je suis bien résolu.</l>
</sp>
<sp who="LA FONTAINE"><speaker>LA FONTAINE.</speaker>
	<l id="452">Quand on est entre amis, on peut boire sans craindre</l>
	<l id="453">On n'a rien à cacher ; le coeur est tout à nu ;</l>
	<l id="454">On peut penser tout haut, et se parler sans feindre.</l>
</sp>
<sp who="MOLIÈRE"><speaker>MOLIÈRE.</speaker>
	<l id="455">Vivons toujours de la sorte entre nous,</l>
	<l id="456">Mes bons amis, et malheur aux jaloux</l>
	<l id="457">Que notre union peut surprendre !</l>
	<l id="458">Nous sommes faits pour nous entendre,</l>
	<l id="459">Pour nous estimer, nous chérir,</l>
	<l id="460">Pour jouir franchement des succès l'un de l'autre.</l>
</sp>
<sp who="CHAPELLE"><speaker>CHAPELLE.</speaker>
	<l id="461">Oui, vers un noble but ensemble on peut courir.</l>
	<l id="462">Si mon ouvrage est bon, doit-il gâter le vôtre ?</l>
	<l id="463">De la gloire d'autrui ce qu'on pourrait ôter,</l>
	<l id="464">À la sienne jamais on ne peut l'ajouter.</l>
	<l id="465">C'est vainement qu'on y travaille.</l>
</sp>
<sp who="LULLI"><speaker>LULLI.</speaker>
	<l id="466">Sans doute ; chacun a sa taille ;</l>
	<l id="467">Il faut savoir s'en contenter.</l>
</sp>
<sp who="LA FONTAINE"><speaker>LA FONTAINE.</speaker>
	<l id="468">C'est un pays fort grand que le Parnasse ;</l>
	<l id="469">Chacun y peut trouver sa place ;</l>
	<l id="470">Le tout est de la mériter.</l>
</sp>
<sp who="DESPRÉAUX"><speaker>DESPRÉAUX.</speaker>
	<l id="471">Ces poètes fameux nos maîtres, nos modèles,</l>
	<l id="472">Furent des amis vrais, fidèles ;</l>
	<l id="473">À Virgile, à Tibulle, Horace était lié ;</l>
	<l id="474">Si nous ne ressemblons à ces grands personnages</l>
	<l id="475">Par les talents, par les ouvrages,</l>
	<l id="476">Ressemblons leur par l'amitié.</l>
</sp>
<sp who="MOLIÈRE"><speaker>MOLIÈRE.</speaker>
	<l id="477">Assuré de votre tendresse ,</l>
	<l id="478">Je dois vous demander des avis éclairés ;</l>
	<l id="479">Demain matin, vous entendrez,</l>
	<l id="480">Mes amis, ma nouvelle pièce,</l>
	<l id="481">Le Bourgeois-Gentilhomme, et vous la jugerez.</l>
	<l id="482">Mais sur-tout point de complaisance.</l>
</sp>
<sp who="DESPRÉAUX"><speaker>DESPRÉAUX.</speaker>
	<l id="483">Oh ! Ce n'est pas là mon défaut,</l>
	<l id="484">Tu le sais ; tu seras critiqué comme il faut.</l>
	<l id="485">On attend cet ouvrage avec impatience.</l>
</sp>
<sp who="LA FONTAINE"><speaker>LA FONTAINE.</speaker>
	<l id="486">On parle aussi beaucoup du nouvel opéra</l>
	<l id="487">De notre ami Lulli.</l>
</sp>
<sp who="LULLI"><speaker>LULLI.</speaker>
	<l id="487" syll="6" part="f">Bientôt on le jouera.</l>
	<l id="488">Ah ! Per Dio ! c'est là, de la musique.</l>
	<l id="489">Vous l'entendrez ; c'est un chef-d'oeuvre unique,</l>
	<l id="490">Enfin c'est du Lulli ; c'est tout dire, cela.</l>
	<l id="491">Vous mourrez de plaisir d'entendre mon Armide.</l>
</sp>
<sp who="CHAPELLE"><speaker>CHAPELLE.</speaker>
	<l id="492">Et comment ? Tu l'as donc refaite depuis peu ?</l>
	<l id="493">On nous avait conté qu'un conseil trop rigide</l>
	<l id="494">T'avait persuadé de la jeter au feu ?</l>
</sp>
<sp who="LULLI"><speaker>LULLI.</speaker>
	<l id="495">Au feu ? Mon bon ami ! J'aurais brûlé ma gloire !</l>
	<l id="496">Mais tu ne sais donc pas l'histoire ?</l>
</sp>
<sp who="CHAPELLE"><speaker>CHAPELLE.</speaker>
	<l id="497" syll="2" part="i">Non. Qu'est-ce !</l>
</sp>
<sp who="LULLI"><speaker>LULLI.</speaker>
	<l id="497" syll="10" part="f">Hé ! Carino ! Je vais te la conter.</l>
</sp>
<sp who="CHAPELLE"><speaker>CHAPELLE.</speaker>
	<l id="498">Soit. Mais commence-là par boire,</l>
	<l id="499">Et nous boirons aussi, nous, pour mieux t'écouter.</l>
</sp>
<sp who="LULLI"><speaker>LULLI.</speaker>
	<l id="500">Tu sais que par la maladie</l>
	<l id="501">J'ai manqué l'autre hiver de n'être plus en vie.</l>
	<l id="502">Il vint un homme noir, tout auprès de mon lit,</l>
	<l id="503">Me parler doucement; voici comme il me dit :</l>
	<l id="504">Mon bon ami, pensez qu'il est bien nécessaire</l>
	<l id="505">De faire voir à tous que vous êtes fâché.</l>
	<l id="506">De tout le mal que vous avez pu faire ;</l>
	<l id="507">Se mêler d'opéra, c'est un très grand péché ;</l>
	<l id="508">Le bon Dieu, voyez-vous ? s'en offense et s'en pique.</l>
	<l id="509">Il veut que pour lui seul on fasse la musique,</l>
	<l id="510">On m'a conté que vous êtes l'auteur</l>
	<l id="511">D'un opéra nouveau, superbe et magnifique,</l>
	<l id="512">Mon bon ami, c'est un malheur ;</l>
	<l id="513">Ce qui s'est fait est fait, et je dissimule ;</l>
	<l id="514">Mais du moins, il n'est pas encor représenté ;</l>
	<l id="515">Donnez-le moi ; que je le brûle,</l>
	<l id="516">Afin que vous mouriez avec tranquillité.</l>
</sp>
<sp who="CHAPELLE"><speaker>CHAPELLE.</speaker>
	<l id="517" syll="6" part="i">Eh ! bien ? Tu l'as donné ?</l>
</sp>
<sp who="LULLI"><speaker>LULLI.</speaker>
	<l id="517" syll="3" part="f">Sans doute.</l>
	<l id="518" syll="6" part="i">Pouvais-je refuser ?</l>
</sp>
<sp who="CHAPELLE"><speaker>CHAPELLE.</speaker>
	<l id="518" syll="6" part="f">Voilà ce qu'on m'a dit,</l>
	<l id="519" syll="6" part="i">Et j'avais donc raison. </l>
</sp>
<sp who="LULLI"><speaker>LULLI.</speaker>
	<l id="519" syll="2" part="f">Écoute :</l>
	<l id="520">Je n'ai pas fini mon récit.</l>
	<l id="521">La santé me revint, mais non pas tout de suite.</l>
	<l id="522">Quand je fus un peu mieux, le Prince de Conti,</l>
	<l id="523">(Comme il me fait l'honneur d'être mon bon ami )</l>
	<l id="524">Son altesse un matin me vint faire visite.</l>
	<l id="525">Il me dit : Baptiste, entre nous ,</l>
	<l id="526">Avec ton beau talent tu me sembles bien bête</l>
	<l id="527">De t'être laissé mettre en tête</l>
	<l id="528">De brûler ton Armide ; eh ! Nous y perdons tous ;</l>
	<l id="529">Pauvre homme !... Ils t'ont fait faire une grande folie ;</l>
	<l id="530">Le roi-même a daigné témoigner des regrets....</l>
	<l id="531">Paix, monseigneur, lui dis-je, paix ;</l>
	<l id="532">Ne me grondez pas, je vous prie ;</l>
	<l id="533">J'ai bien su ce que je faisais ;</l>
	<l id="534">J'en avais une autre copie.</l>
</sp>
<sp who="LA FONTAINE"><speaker>LA FONTAINE.</speaker>
	<l id="535" syll="4" part="i">Ah ! Le fourbe !</l>
</sp>
<sp who="MIGNARD"><speaker>MIGNARD.</speaker>
	<l id="535" syll="8" part="f">Le tour n'est pas mal inventé.</l>
</sp>
<sp who="CHAPELLE"><speaker>CHAPELLE.</speaker>
	<l id="536">Allons ; buvons à sa santé.</l>
</sp>
<sp who="LA FONTAINE"><speaker>LA FONTAINE.</speaker>
	<l id="537" syll="6" part="i">À la santé d'Armide.</l>
</sp>
<sp who="MIGNARD"><speaker>MIGNARD.</speaker>
	<l id="537" syll="6" part="f">Et de l'ami Baptiste.</l>
</sp>
<sp who="DESPRÉAUX"><speaker>DESPRÉAUX.</speaker>
	<l id="538">Quel malheur c'eût été, si nous l'eussions perdu !</l>
</sp>
<sp who="LULLI"><speaker>LULLI.</speaker>
	<l id="539">Eh ! Oui, si j'étais mort, cela m'aurait rendu</l>
	<l id="540">Le caractère bien plus triste.</l>
</sp>
<sp who="CHAPELLE"><speaker>CHAPELLE.</speaker>
	<l id="541">Hé ! sois triste plutôt d'en être revenu.</l>
</sp>
<sp who="LULLI"><speaker>LULLI.</speaker>
	<l id="542" syll="6" part="i">Pourquoi donc ; s'il vous plaît ?</l>
</sp>
<sp who="CHAPELLE"><speaker>CHAPELLE.</speaker>
	<l id="542" syll="6" part="f">Aurais-tu la manie,</l>
	<l id="543">Imbécile, dis-moi, de tenir à la vie ?</l>
</sp>
<sp who="LULLI"><speaker>LULLI.</speaker>
	<l id="544">Hé ! mais, dans ce moment, je l'aime assez, vois-tu ?</l>
</sp>
</div2>
<div2 type="scene" n="12"><head>SCÈNE XII. Les Précédents, Laforêt.</head>
<sp who="LAFORÊT"><speaker>LAFORÊT.</speaker>
	<l id="545" syll="2" part="i">Monsieur !...</l>
</sp>
<sp who="MOLIÈRE"><speaker>MOLIÈRE.</speaker>
	<l id="545" syll="4" part="m">Que me veut-on ?</l>
</sp>
<sp who="LAFORÊT"><speaker>LAFORÊT.</speaker>
	<l id="545" syll="6" part="f">C'est une jeune fille</l>
	<l id="546" syll="6" part="i">Qui voudrait vous parler.</l>
</sp>
<sp who="CHAPELLE"><speaker>CHAPELLE.</speaker>
	<l id="546" syll="6" part="f">Est-elle un peu gentille ?</l>
</sp>
<sp who="LAFORÊT"><speaker>LAFORÊT.</speaker>
	<l id="547">Est-ce qu'on prend garde à cela ?</l>
	<l id="548">Mais gentille ou non, elle est là</l>
	<l id="549">Qui montre un chagrin véritable. .</l>
	<l id="550">C'est la fille du jardinier,</l>
	<l id="551">De Thomas, que Monsieur chassa le mois dernier...</l>
</sp>
<sp who="MOLIÈRE"><speaker>MOLIÈRE.</speaker>
	<l id="552">Mais ce n'est pas l'instant, quand nous sommes à table....</l>
</sp>
<sp who="CHAPELLE"><speaker>CHAPELLE.</speaker>
	<l id="553">Au contraire, vraiment; tu seras plus traitable,</l>
	<l id="554">Plus indulgent; il faut la recevoir ;</l>
	<l id="555">Et d'ailleurs, nous serons fort aises de la voir ;</l>
	<l id="556">Va, Laforêt ; amène-là bien vite.</l>
</sp>
<sp who="LAFORÊT"><speaker>LAFORÊT.</speaker>
	<l id="557">Vous l'ordonnez ? Entrez, petite.</l>
</sp>
</div2>
<div2 type="scene" n="13"><head>SCÈNE XIII. Les Mêmes, Isabelle déguisée en jardinière.</head>
<sp stage="shy" who="ISABELLE"><speaker>ISABELLE, avec beaucoup de timidité.</speaker>
	<l id="558">Messieurs... Pardon... Je n'ose... Aurez-vous la bonté ?</l>
</sp>
<sp who="LA FONTAINE"><speaker>LA FONTAINE.</speaker>
	<l id="559">Elle tremble comme la feuille !</l>
</sp>
<sp who="MIGNARD"><speaker>MIGNARD.</speaker>
	<l id="560">Cette belle enfant-là mérite qu'on l'accueille !...</l>
</sp>
<sp who="LULLI"><speaker>LULLI.</speaker>
	<l id="561">Elle est jolie , en vérité !</l>
</sp>
<sp who="MOLIÈRE"><speaker>MOLIÈRE.</speaker>
	<l id="562" syll="4" part="i">Approchez-vous.-</l>
<stage type="stage">Il se lève de surprise, et dit à part.</stage>
	<l id="562" syll="4" part="f">C'est Isabelle !....</l>
</sp>
<sp who="ISABELLE"><speaker>ISABELLE.</speaker>
	<l id="563" syll="8" part="i">Monsieur me reconnaît, j'espère ?</l>
</sp>
<sp who="MOLIÈRE"><speaker>MOLIÈRE.</speaker>
	<l id="563" syll="4" part="f">Assurément.</l>
	<l id="564">Que voulez-vous, mademoiselle ?</l>
	<l id="565">Vous prenez mal votre moment !</l>
</sp>
<sp who="ISABELLE"><speaker>ISABELLE.</speaker>
	<l id="566">Êtes-vous encore en colère ?</l>
</sp>
<sp who="MOLIÈRE"><speaker>MOLIÈRE.</speaker>
	<l id="567">Oui, sans doute, j'y suis ;j'y dois être toujours.</l>
</sp>
<sp who="ISABELLE"><speaker>ISABELLE.</speaker>
	<l id="568">C'est un malheur pour nous d'avoir pu vous déplaire ;</l>
	<l id="569" syll="6" part="i">Ce n'est pas notre faute.</l>
</sp>
<sp who="MOLIÈRE"><speaker>MOLIÈRE.</speaker>
	<l id="569" syll="6" part="f">Ah ! Trêve de discours.</l>
	<l id="570">Quand j'ai pris mon parti , moi je n'en reviens guère.</l>
	<l id="571" syll="6" part="i">Tout est dit entre nous.</l>
</sp>
<sp who="CHAPELLE"><speaker>CHAPELLE.</speaker>
	<l id="571" syll="6" part="f">Molière, qu'est cela ?</l>
	<l id="572">Est-ce ainsi qu'on reçoit cette belle enfant-là ?</l>
</sp>
<sp who="MOLIÈRE"><speaker>MOLIÈRE.</speaker>
	<l id="573">De grâce, mêlez-vous, monsieur, de vos affaires.</l>
</sp>
<sp who="CHAPELLE"><speaker>CHAPELLE.</speaker>
	<l id="574">Ne te fâche donc pas ; voyons, écoutons-la.</l>
<stage type="stand">Il se lève de table.</stage>
	<l id="575" syll="10" part="i">Ma petite, comment vous nomme-t-on ?</l>
</sp>
<sp who="ISABELLE"><speaker>ISABELLE.</speaker>
	<l id="575" syll="2" part="f">Charlotte,</l>
	<l id="576" syll="6" part="i">À vous servir, Monsieur.</l>
</sp>
<sp who="LULLI"><speaker>LULLI.</speaker>
	<l id="576" syll="6" part="f">Elle n'est pas tant sotte.</l>
</sp>
<sp who="CHAPELLE"><speaker>CHAPELLE.</speaker>
	<l id="577">Moi, je veux arranger l'affaire que voilà.</l>
	<l id="578">Elle vient pour rentrer en grâce !</l>
	<l id="579">Son père eût-il des torts, il faut qu'on les lui passe.</l>
</sp>
<sp stage="toward" who="ISABELLE"><speaker>ISABELLE, à Molière.</speaker>
	<l id="580">On vous a tourmenté de soupçons odieux,</l>
	<l id="581">Et de craintes imaginaires ;</l>
	<l id="582">Les méchants et les envieux ,</l>
	<l id="583">Du bonheur qu'ils n'ont pas éternels adversaires,</l>
	<l id="584">Pour nuire, pour brouiller, font toujours de leur mieux.</l>
</sp>
<sp who="MOLIÈRE"><speaker>MOLIÈRE.</speaker>
	<l id="585">Non, non; ce qu'on m'a dit n'est que trop véritable,</l>
	<l id="586">Et j'ai sujet d'être fâché ;</l>
	<l id="587">Pour prix d'un sentiment qui ne fut point caché,</l>
	<l id="588">Je prétendais de vous un sentiment semblable !</l>
	<l id="589">Votre coeur n'était point touché !</l>
</sp>
<sp who="ISABELLE"><speaker>ISABELLE.</speaker>
	<l id="590">Ô ciel !... Pouvez-vous dire une chose pareille !</l>
</sp>
<sp who="CHAPELLE"><speaker>CHAPELLE.</speaker>
	<l id="591">Allons ; prouvez-lui qu'il a tort.</l>
</sp>
<sp who="MOLIÈRE"><speaker>MOLIÈRE.</speaker>
	<l id="592">Mais .... la reconnais-tu d'abord ?</l>
	<l id="593" syll="4" part="i">C'est Isabelle.</l>
</sp>
<sp who="CHAPELLE"><speaker>CHAPELLE.</speaker>
	<l id="593" syll="8" part="f">Eh ! oui, je le sais à merveille.</l>
</sp>
<sp who="MOLIÈRE"><speaker>MOLIÈRE.</speaker>
	<l id="594">Ah ! Tu le sais vous êtes donc d'accord ?</l>
</sp>
<sp stage="toward" who="ISABELLE"><speaker>ISABELLE, à Molière.</speaker>
	<l id="595">De ce duc espagnol qu'on croit si redoutable</l>
	<l id="596">J'ai reçu ce matin le billet que voici.</l>
	<l id="597">Lisez. Vous serez éclairci.</l>
	<l id="598">Vous verrez de nous deux quel est le plus coupable.</l>
</sp>
<sp who="MOLIÈRE"><speaker>MOLIÈRE.</speaker>
	<l id="599">Que vois-je ? De quels traits mon esprit est frappé !</l>
	<l id="600">Ah ! Combien on m'avait trompé !</l>
	<l id="601">Pardon, pardon, mon Isabelle.</l>
</sp>
<sp who="MIGNARD"><speaker>MIGNARD.</speaker>
	<l id="602" syll="6" part="i">Isabelle, dit-il !</l>
</sp>
<sp who="MOLIÈRE"><speaker>MOLIÈRE.</speaker>
	<l id="602" syll="6" part="f">Oui, mes amis, c'est elle,</l>
	<l id="603">Et que j'aime plus que jamais.</l>
<stage type="stand/closer">Tous les convives se lèvent de table et s'approchent de Molière et d'Isabelle.</stage>
</sp>
<sp who="MIGNARD"><speaker>MIGNARD.</speaker>
	<l id="604">Eh ! bien ! tout bas je me disais :</l>
	<l id="605">Mais j'ai vu quelque part cette aimable figure !</l>
</sp>
<sp who="DESPRÉAUX"><speaker>DESPRÉAUX.</speaker>
	<l id="606">Vraiment ! le tour n'est pas mauvais !</l>
	<l id="607" syll="6" part="i">Bonsoir, Mademoiselle.</l>
</sp>
<sp who="LA FONTAINE"><speaker>LA FONTAINE.</speaker>
	<l id="607" syll="6" part="f">Oui, je la reconnais !</l>
	<l id="608">Toujours jolie, avec la plus simple parure !</l>
</sp>
<sp who="LULLI"><speaker>LULLI.</speaker>
	<l id="609">Molière, mon ami, tu n'es pas malheureux !</l>
</sp>
<sp who="CHAPELLE"><speaker>CHAPELLE.</speaker>
	<l id="610">Ils étaient brouillés tous les deux l</l>
	<l id="611">Grâce à moi, voilà la paix faite.</l>
</sp>
<sp who="MOLIÈRE"><speaker>MOLIÈRE.</speaker>
	<l id="612" syll="4" part="i">Et pour toujours.</l>
</sp>
<sp who="CHAPELLE"><speaker>CHAPELLE.</speaker>
	<l id="612" syll="4" part="f">Je le souhaite.</l>
	<l id="613">Mais il faut me récompenser.</l>
	<l id="614">Belle Charlotte, oh ! çà, peut-on vous embrasser !</l>
</sp>
<sp who="MOLIÈRE"><speaker>MOLIÈRE.</speaker>
	<l id="615" syll="6" part="i">Le fripon songe à lui !</l>
</sp>
<sp who="CHAPELLE"><speaker>CHAPELLE.</speaker>
	<l id="615" syll="6" part="f">Voyez ! J'ai tort peut-être !</l>
</sp>
<sp who="ISABELLE"><speaker>ISABELLE.</speaker>
	<l id="616">Ce m'est bien de l'honneur; je ne puis balancer.</l>
<stage type="closer/kiss/away">Chapelle s'avance pour l'embrasser ; mais elle se tourne du côté de Molière.</stage>
	<l id="617">Mais je croirais, autant que je puis m'y connaitre,</l>
	<l id="618">Que ce serait plutôt par notre maître,</l>
	<l id="619">S'il nous le permettait, qu'il faudrait commencer.</l>
</sp>
<sp who="CHAPELLE"><speaker>CHAPELLE.</speaker>
	<l id="620" syll="3" part="i">Ah ! c'est juste.</l>
</sp>
<sp stage="kiss" who="MOLIÈRE"><speaker>MOLIÈRE, en embrassant Isabelle.</speaker>
	<l id="620" syll="9" part="f">Entre nous, jamais aucun nuage.</l>
</sp>
<sp who="MIGNARD"><speaker>MIGNARD.</speaker>
	<l id="621">Le meilleur de la fête est bien ce moment-ci,</l>
	<l id="622" syll="6" part="i">N'est-il pas vrai, Molière ?</l>
</sp>
<sp who="CHAPELLE"><speaker>CHAPELLE.</speaker>
	<l id="622" syll="6" part="f">Et c'est là mon ouvrage.</l>
</sp>
<sp stage="toward" who="LA FONTAINE"><speaker>LA FONTAINE, à Isabelle.</speaker>
	<l id="623">Mais vous, ne souffrez plus qu'ainsi</l>
	<l id="624">Sur des soupçons il vous tourmente ;</l>
	<l id="625">C'est votre directeur, il faut le respecter ;</l>
	<l id="626">Mais quelquefois aussi sachez lui résister.</l>
	<l id="627">Si de lui désormais vous n'êtes pas contente,</l>
	<l id="628">Vous avez des talents et vous êtes charmante,</l>
	<l id="629">Ailleurs, quand vous voudrez, je vous fais débuter.</l>
</sp>
<sp who="ISABELLE"><speaker>ISABELLE.</speaker>
	<l id="630">Non, non ; je vous suis obligée ;</l>
	<l id="631">Je n'aime pas le changement.</l>
	<l id="632">Je suis avec Molière à présent engagée,</l>
	<l id="633">Et je ne veux jamais rompre l'engagement.</l>
</sp>
<sp who="MOLIÈRE"><speaker>MOLIÈRE.</speaker>
	<l id="634">Non, non ; jamais après ce raccommodement.</l>
</sp>
<sp who="ISABELLE"><speaker>ISABELLE.</speaker>
	<l id="635">s Je voudrais à ma mère en porter la nouvelle.</l>
	<l id="636" syll="6" part="i">Elle est dans la maison.</l>
</sp>
<sp who="MOLIÈRE"><speaker>MOLIÈRE.</speaker>
	<l id="636" syll="6" part="f">Votre mère est ici ?</l>
</sp>
<sp who="ISABELLE"><speaker>ISABELLE.</speaker>
	<l id="637">Oui ; je suis venue avec elle.</l>
</sp>
<sp who="MOLIÈRE"><speaker>MOLIÈRE.</speaker>
	<l id="638">Allons donc la trouver ; je veux la voir aussi,</l>
	<l id="639">Lui dire qu'entre nous il n'est plus de querelle.</l>
	<l id="640" syll="2" part="i">Venez.</l>
</sp>
<sp who="ISABELLE"><speaker>ISABELLE.</speaker>
	<l id="640" syll="4" part="m">Adieu messieurs.</l>
</sp>
<sp who="CHAPELLE"><speaker>CHAPELLE.</speaker>
	<l id="640" syll="6" part="f">Eh ! Dites donc, la belle ?</l>
	<l id="641">Et ce baiser qui doit me revenir ?</l>
</sp>
<sp who="ISABELLE"><speaker>ISABELLE.</speaker>
	<l id="642">Oh ! Je n'ai pas le temps, mon cher monsieur Chapelle ;</l>
	<l id="643">Une autrefois faites-m'en souvenir.</l>
</sp>
<sp who="CHAPELLE"><speaker>CHAPELLE.</speaker>
	<l id="644">La friponne ! Morbleu ! Qu'elle a de gentillesse !</l>
</sp>
</div2>
<div2 type="scene" n="14"><head>SCÈNE XIV. La Fontaine, Mignard, Lulli, Chapelle, Despréaux, Laforêt.</head>
<sp who="CHAPELLE"><speaker>CHAPELLE.</speaker>
	<l id="645">Notre souper n'est pas fini .</l>
	<l id="646">Molière est plein de sa tendresse,</l>
	<l id="647" syll="4" part="i">Mais nous, buvons </l>
<stage type="eat">Ils se remettent à table.</stage>
</sp>
<sp who="DESPRÉAUX"><speaker>DESPRÉAUX.</speaker>
	<l id="647" syll="8" part="f">Je suis fâché pour notre ami,</l>
	<l id="648">De voir qu'il perd du temps à cette fantaisie.</l>
	<l id="649">De quoi s'avise-t-il, d'être un amant transi ?</l>
	<l id="650">Est-on fait pour aimer, quand on a du génie ? </l>
</sp>
<sp who="LA FONTAINE"><speaker>LA FONTAINE.</speaker>
	<l id="651">Eh ! mais, assurément ; qui croirait vos propos</l>
	<l id="652">Penserait que l'amour ne convient qu'à des sots.</l>
	<l id="653">Vous bornez beaucoup sa puissance ;</l>
	<l id="654">Quoique ce Dieu souvent m'ait assez maltraité,</l>
	<l id="655">Ce n'est pas ainsi que je pense ;</l>
	<l id="656">J'applaudirais à l'alliance</l>
	<l id="657">Du génie et de la beauté,</l>
</sp>
<sp who="DESPRÉAUX"><speaker>DESPRÉAUX.</speaker>
	<l id="658">Cher Lafontaine, en vérité,</l>
	<l id="659">Vous avez peu de prévoyance !</l>
	<l id="660">Vous voulez qu'il l'épouse ?... Eh !... Ce sera bien pis ;</l>
	<l id="661">Songez combien l'hymen apporte de soucis.</l>
</sp>
<sp stage="drunk" who="CHAPELLE"><speaker>CHAPELLE, qui commence à être ivre.</speaker>
	<l id="662">Despréaux n'a pas tort ; cependant Lafontaine</l>
	<l id="663">A bien quelque raison aussi.</l>
	<l id="664">D'abord, remarquez bien ceci ;</l>
	<l id="665">C'est que, quelque parti qu'on prenne,</l>
	<l id="666">Dans le monde toujours on est sûr d'enrager.</l>
	<l id="667">On y trouve par-tout matière à s'affliger.</l>
	<l id="668">Garçon ou marié, même veuf, que de causes</l>
	<l id="669" syll="3" part="i">De chagrin !</l>
</sp>
<sp who="LULLI"><speaker>LULLI.</speaker>
	<l id="669" syll="5" part="f">Tu deviens profond.</l>
</sp>
<sp who="LA FONTAINE"><speaker>LA FONTAINE.</speaker>
	<l id="670">Mais seulement tu vois les choses...</l>
	<l id="671" syll="3" part="i">Bien en noir.</l>
</sp>
<sp who="CHAPELLE"><speaker>CHAPELLE.</speaker>
	<l id="671" syll="9" part="f">Je les vois alors comme elles sont,</l>
	<l id="672">Car enfin, lorsqu'on songe aux misères humaines,</l>
	<l id="673">N'est-il pas vrai , mes chers amis ?</l>
	<l id="674">Cela forme un tableau qui cause tant de peines !...</l>
	<l id="675" syll="4" part="i">Qu'en pensez-vous ?</l>
</sp>
<sp who="MIGNARD"><speaker>MIGNARD.</speaker>
	<l id="675" syll="8" part="f">Peut-on être d'un autre avis ?</l>
	<l id="676" syll="6" part="i">On ne voit qu'accidents.</l>
</sp>
<sp who="LULLI"><speaker>LULLI.</speaker>
	<l id="676" syll="6" part="f">Qu'horreurs, que tragédies.</l>
</sp>
<sp who="DESPRÉAUX"><speaker>DESPRÉAUX.</speaker>
	<l id="677">Que ridicules, que travers !</l>
</sp>
<sp who="MIGNARD"><speaker>MIGNARD.</speaker>
	<l id="678">Les complots des hommes pervers !</l>
</sp>
<sp who="LA FONTAINE"><speaker>LA FONTAINE.</speaker>
	<l id="679">Et des femmes les perfidies !</l>
</sp>
<sp who="CHAPELLE"><speaker>CHAPELLE.</speaker>
	<l id="680" syll="4" part="i">Les créanciers !</l>
</sp>
<sp who="LULLI"><speaker>LULLI.</speaker>
	<l id="680" syll="4" part="f">Les maladies !</l>
</sp>
<sp who="LA FONTAINE"><speaker>LA FONTAINE.</speaker>
	<l id="681" syll="4" part="i">Les médecins ! </l>
</sp>
<sp who="DESPRÉAUX"><speaker>DESPRÉAUX.</speaker>
	<l id="681" syll="4" part="f">Les mauvais vers !</l>
</sp>
<sp who="LULLI"><speaker>LULLI.</speaker>
	<l id="682" syll="6" part="i">Le vin console un peu !</l>
</sp>
<sp who="CHAPELLE"><speaker>CHAPELLE.</speaker>
	<l id="682" syll="6" part="f">Sans lui pourrait-on vivre ?</l>
</sp>
<sp who="LULLI"><speaker>LULLI.</speaker>
	<l id="683" syll="6" part="i">Eh ! Bien, buvons-en donc.</l>
</sp>
<sp who="MIGNARD"><speaker>MIGNARD.</speaker>
	<l id="683" syll="6" part="f">Versez, versez tout plein.</l>
</sp>
<sp who="CHAPELLE"><speaker>CHAPELLE.</speaker>
	<l id="684">On n'a de bons moments que ceux où l'on est ivre.</l>
</sp>
<sp who="LULLI"><speaker>LULLI.</speaker>
	<l id="685">Hors le temps des repas, je suis toujours chagrin.</l>
</sp>
<sp who="CHAPELLE"><speaker>CHAPELLE.</speaker>
	<l id="686">Moi, par exemple, puis-je avoir l'âme contente ?</l>
	<l id="687">Nul travail obligé ne gêne mes loisirs ;</l>
	<l id="688">Je fais des vers, je bois, je chante ;</l>
	<l id="689">Je n'ai point à l'hymen asservi mes désirs ;</l>
	<l id="690">J'ai vingt mille livres de rente,</l>
	<l id="691">Bons amis, maîtresse charmante ;</l>
	<l id="692">Est-ce là du bonheur ? sont-ce là des plaisirs ?</l>
</sp>
<sp who="LULLI"><speaker>LULLI.</speaker>
	<l id="693">Je suis le Dieu de l'harmonie !</l>
	<l id="694">Eh ! Bien ? Des mirmidons critiquent mes accords.</l>
</sp>
<sp who="DESPRÉAUX"><speaker>DESPRÉAUX.</speaker>
	<l id="695">Et moi, morbleu, je vois, malgré tous mes efforts,.</l>
	<l id="696">Triompher le faux goût, la sottise ennemie !</l>
	<l id="697">Et Cotin, près de moi, siège à l'Académie ! .</l>
</sp>
<sp who="CHAPELLE"><speaker>CHAPELLE.</speaker>
	<l id="698">Je le dis franchement ; je suis las de la vie.</l>
</sp>
<sp who="LULLI"><speaker>LULLI.</speaker>
	<l id="699">C'est une chose indigne, et qu'on ne peut souffrir.</l>
</sp>
<sp who="CHAPELLE"><speaker>CHAPELLE.</speaker>
	<l id="700">Et cependant, voyez !... On a peur de mourir !</l>
</sp>
<sp who="MIGNARD"><speaker>MIGNARD.</speaker>
	<l id="701">Ah ! Si l'on avait du courage !</l>
</sp>
<sp who="LA FONTAINE"><speaker>LA FONTAINE.</speaker>
	<l id="702">Mais on est lâche, et l'on enrage,</l>
	<l id="703">Quand on pourrait sitôt de ses maux se guérir !</l>
</sp>
<sp who="MIGNARD"><speaker>MIGNARD.</speaker>
	<l id="704">Ma foi !... Ce serait le plus sage !</l>
</sp>
<sp stage="aparte" who="LAFORÊT"><speaker>LAFORÊT, à part.</speaker>
	<l id="705">Quel diable de propos ! .... parlent-ils tout de bon ? *</l>
</sp>
<sp who="CHAPELLE"><speaker>CHAPELLE.</speaker>
	<l id="706">Si je trouvais un compagnon,</l>
	<l id="707">Un seul, là, qui voulut me suivre l.;</l>
</sp>
<sp who="MIGNARD"><speaker>MIGNARD.</speaker>
	<l id="708" syll="9" part="i">Tu n'en manqueras pas ; moi, morbleu !</l>
</sp>
<sp who="CHAPELLE"><speaker>CHAPELLE.</speaker>
	<l id="708" syll="1" part="m">Toi ?</l>
</sp>
<sp who="MIGNARD"><speaker>MIGNARD.</speaker>
	<l id="708" syll="2" part="f">Oui, moi.</l>
</sp>
<sp who="LULLI"><speaker>LULLI.</speaker>
	<l id="709">Vous voilà déjà deux !... Nous serons trois, ma foi.</l>
	<l id="710" syll="3" part="i">Touchez là.</l>
</sp>
<sp who="LA FONTAINE"><speaker>LA FONTAINE.</speaker>
	<l id="710" syll="9" part="f">Mes amis, pourrais-je vous survivre ?</l>
</sp>
<sp stage="aparte" who="LAFORÊT"><speaker>LAFORÊT, à part.</speaker>
	<l id="711">Des gens d'esprit comme eux ! ce que c'est que d'être ivre !</l>
	<l id="712">Si je ne l'entendais, je ne le croirais point.</l>
</sp>
<sp who="CHAPELLE"><speaker>CHAPELLE.</speaker>
	<l id="713">Sommes-nous des amis ? moi, je pars de ce point.</l>
	<l id="714">Si nous le sommes, il me semble</l>
	<l id="715">Qu'il nous faut finir tous ensemble.</l>
</sp>
<sp stage="aparte" who="LAFORÊT"><speaker>LAFORÊT, à part.</speaker>
	<l id="716">Je commence d'avoir, vraiment, quelque frayeur.</l>
</sp>
<sp stage="together" who="TOUS"><speaker>TOUS, à la fois.</speaker>
	<l id="717" syll="4" part="i">Oui, tous ensemble.</l>
</sp>
<sp stage="aparte" who="LAFORÊT"><speaker>LAFORÊT, à part.</speaker>
	<l id="717" syll="8" part="f">Allons vite avertir monsieur.</l>
<stage type="exit">Elle sort.</stage>
</sp>
<sp who="LA FONTAINE"><speaker>LA FONTAINE.</speaker>
	<l id="718">Vous savez qu'aux vivants on conteste leur gloire ;</l>
	<l id="719">Sont-ils morts ? on devient juste envers leur mémoire ;</l>
	<l id="720">Faisons taire l'envie ; et de notre destin.</l>
	<l id="721">Jouissons au plutôt, tous tant qu'ici nous sommes ;</l>
	<l id="722">Soyons tous morts demain matin ;</l>
	<l id="723">Demain matin nous serons de grands hommes.</l>
</sp>
<sp who="DESPRÉAUX"><speaker>DESPRÉAUX.</speaker>
	<l id="724">La Fontaine a raison. Il a bien péroré.</l>
</sp>
<sp who="CHAPELLE"><speaker>CHAPELLE.</speaker>
	<l id="725">S'il faut qu'un de nous s'en dédise</l>
	<l id="726">Je le tiens pour déshonoré.</l>
</sp>
<sp who="LULLI"><speaker>LULLI.</speaker>
	<l id="727" syll="6" part="i">Pour déshonoré, soit...</l>
</sp>
<sp who="MIGNARD"><speaker>MIGNARD.</speaker>
	<l id="727" syll="6" part="f">La nuit nous favorise.</l>
</sp>
<sp who="LULLI"><speaker>LULLI.</speaker>
	<l id="728">La rivière n'est qu'à cent pas.</l>
</sp>
<sp who="CHAPELLE"><speaker>CHAPELLE.</speaker>
	<l id="729">Allons exécuter cette noble entreprise ;</l>
	<l id="730" syll="6" part="i">Je marche le premier.</l>
</sp>
<sp who="LA FONTAINE"><speaker>LA FONTAINE.</speaker>
	<l id="730" syll="6" part="f">Nous ne te quittons pas.</l>
</sp>
<sp who="CHAPELLE"><speaker>CHAPELLE.</speaker>
	<l id="731">Pour la dernière fois, encore une rasade.</l>
</sp>
<sp who="LULLI"><speaker>LULLI.</speaker>
	<l id="732">Oh ! Nous ne risquons rien de boire à nos santés.</l>
	<l id="733">Aucun de nous jamais ne sera plus malade.</l>
</sp>
</div2>
<div2 type="scene" n="15"><head>SCÈNE XV. Les Mêmes, Molière, Laforêt, Molière.</head>
<sp who="MOLIÈRE"><speaker>MOLIÈRE.</speaker>
	<l id="734">Mes amis, on m'apprend ce que vous projetés.</l>
</sp>
<sp who="DESPRÉAUX"><speaker>DESPRÉAUX.</speaker>
	<l id="735">Molière nous manquait ; bon ! Il sera des nôtres.</l>
</sp>
<sp who="MOLIÈRE"><speaker>MOLIÈRE.</speaker>
	<l id="736">Mais devais-je être instruit par d'autres ?</l>
</sp>
<sp who="CHAPELLE"><speaker>CHAPELLE.</speaker>
	<l id="737">Nous comptions bien t'aller chercher !</l>
	<l id="738">Vraiment, nous aurions eu trop à nous reprocher</l>
	<l id="739">De ne pas t'emmener dans un pareil voyage,</l>
	<l id="740" syll="4" part="i">Mon bon ami !...</l>
</sp>
<sp who="MOLIÈRE"><speaker>MOLIÈRE.</speaker>
	<l id="740" syll="8" part="f">Comment ! Je vous en voudrais fort !...</l>
	<l id="741">Je dois partager votre sort.</l>
</sp>
<sp who="MIGNARD"><speaker>MIGNARD.</speaker>
	<l id="742">Moi, je l'ai toujours dit ; Molière a du courage.</l>
</sp>
<sp who="CHAPELLE"><speaker>CHAPELLE.</speaker>
	<l id="743">Vous voyez bien qu'il est de notre avis.</l>
</sp>
<sp who="MOLIÈRE"><speaker>MOLIÈRE.</speaker>
	<l id="744">Comment donc ? Si j'en suis ?... Il n'est rien de plus sage,</l>
	<l id="745">Rien de plus admirable... Écoutez, mes amis ; .</l>
	<l id="746">Je sais un bon moyen d'assurer notre gloire,</l>
	<l id="747">De vivre à jamais dans l'histoire ;</l>
	<l id="748">Mourons avec éclat ; mourons en plein midi ;</l>
	<l id="749">Demain, aux yeux de tous, faisons ce coup hardi ;</l>
	<l id="750">Laissons l'exemple mémorable</l>
	<l id="751">De poètes, d'amis, morts ensemble, à dessein ;</l>
	<l id="752">Et terminons une vie honorable</l>
	<l id="753">Par la plus honorable fin.</l>
</sp>
<sp who="LULLI"><speaker>LULLI.</speaker>
	<l id="754">À mourir en public j'ai quelque répugnance.</l>
</sp>
<sp who="MOLIÈRE"><speaker>MOLIÈRE.</speaker>
	<l id="755">Bon ! Tu n'y penses pas; cela vaudra bien mieux.</l>
	<l id="756">Vois notre troupe qui s'avance</l>
	<l id="757">Le calme sur le front, la gaîté dans les yeux,</l>
	<l id="758">Parmi les flots d'un peuple immense,</l>
	<l id="759">Fixant sur nous ses regards curieux !</l>
	<l id="760">La scène sera magnifique.</l>
</sp>
<sp stage="toward" who="CHAPELLE"><speaker>CHAPELLE, à Molière.</speaker>
	<l id="761">Ce sera la dernière, ami, que tu joueras.</l>
</sp>
<sp who="MOLIÈRE"><speaker>MOLIÈRE.</speaker>
	<l id="762">Elle sera parbleu ! Dans le genre héroïque.</l>
</sp>
<sp who="MIGNARD"><speaker>MIGNARD.</speaker>
	<l id="763">Il a, ma foi ! Raison ; et nous n'y pensions pas.</l>
</sp>
<sp who="DESPRÉAUX"><speaker>DESPRÉAUX.</speaker>
	<l id="764">Nous perdions tout le fruit d'un si noble trépas.</l>
</sp>
<sp who="MOLIÈRE"><speaker>MOLIÈRE.</speaker>
	<l id="765">N'est-ce pas ? À demain remettons la partie.</l>
</sp>
<sp who="CHAPELLE"><speaker>CHAPELLE.</speaker>
	<l id="766" syll="3" part="i">À demain.</l>
</sp>
<sp who="DESPRÉAUX"><speaker>DESPRÉAUX.</speaker>
	<l id="766" syll="3" part="m">À demain.</l>
</sp>
<sp stage="toxard" who="LULLI"><speaker>LULLI, à Molière.</speaker>
	<l id="766" syll="6" part="f">Tu saurais bien prêcher.</l>
</sp>
<sp who="MOLIÈRE"><speaker>MOLIÈRE.</speaker>
	<l id="767">En attendant le jour, souffrez que je vous prie,</l>
	<l id="768">Mes bons amis, d'aller tous vous coucher.</l>
	<l id="769">Alexandre dormait la nuit d'une bataille.</l>
</sp>
<sp who="LULLI"><speaker>LULLI.</speaker>
	<l id="770">C'était un bon vivant, et qui faisait ripaille.</l>
</sp>
<sp who="CHAPELLE"><speaker>CHAPELLE.</speaker>
	<l id="771">C'était un très grand homme ! Il aimait le bon vin.</l>
</sp>
<sp who="MIGNARD"><speaker>MIGNARD.</speaker>
	<l id="772" syll="6" part="i">Imitons Alexandre.</l>
</sp>
<sp who="DESPRÉAUX"><speaker>DESPRÉAUX.</speaker>
	<l id="772" syll="6" part="f">Adieu, jusqu'à demain.</l>
</sp>
<sp who="MOLIÈRE"><speaker>MOLIÈRE.</speaker>
	<l id="773">Allez vous reposer.... Holà, Lesbin, La Brie ,</l>
	<l id="774">Conduisez ces messieurs dans leur appartement.</l>
	<l id="775">Fort bien. Allons tout doucement.</l>
	<l id="776">Car je me trouve un peu la visière obscurcie,</l>
	<l id="777" syll="4" part="i">Bonsoir, Molière.</l>
</sp>
<sp who="DESPRÉAUX"><speaker>DESPRÉAUX.</speaker>
	<l id="777" syll="2" part="m">Adieu.</l>
</sp>
<sp who="LULLI"><speaker>LULLI.</speaker>
	<l id="777" syll="6" part="f">Bonsoir, mon cher ami.</l>
<stage type="exit/light">Ils sortent tous quatre avec Laforêt et les domestiques qui les éclairent.</stage>
</sp>
</div2>
<div2 type="scene" n="16" stage="sleep"><head>SCÈNE XVI. Molière, La Fontaine endormi dans son fauteuil.</head>
<sp who="MOLIÈRE"><speaker>MOLIÈRE.</speaker>
	<l id="778">Bonsoir. Que vois-je là ?... La Fontaine endormi !</l>
	<l id="779">Et ce serait, vraiment, dommage</l>
	<l id="780">En cet instant, de l'éveiller !</l>
	<l id="781">A demain , j'attends le courage -</l>
	<l id="782">De nos amis.... Tandis qu'ils sont à sommeiller,</l>
	<l id="783">Il faut que pour Mignard j'achève cet ouvrage.</l>
	<l id="784">Je lui sais des chagrins.... Près de monsieur Colbert,</l>
	<l id="785">Il soupçonne en secret que quelqu'un le dessert ;</l>
	<l id="786">Quelque rival jaloux, que son talent efface,</l>
	<l id="787">Plus courtisan que lui, s'occupe à lui ravir .</l>
	<l id="788">Les faveurs, les travaux... je voudrais le servir,</l>
	<l id="789">Consoler au moins sa disgrâce.</l>
	<l id="790">Pour cela, je songe à finir</l>
	<l id="791">Mon poème du Val-de-Grâce.</l>
	<l id="792">Reprenons-le. Voyons. De mon illustre ami</l>
	<l id="793">J'ai peint les nobles traits dans des vers que voici.</l>
<note type="C">Vers du Poème du Val-de-Grâce, de Molière.</note>
	<l id="794">« Les grands hommes, Colbert, sont mauvais courtisans,</l>
	<l id="795">Peu faits à s'acquitter des devoirs complaisants ; </l>
	<l id="796">À leurs réflexions tout entiers ils se donnent,</l>
	<l id="797">Et ce n'est que par-là qu'ils se perfectionnent.</l>
	<l id="798">L'étude et la visite ont leurs talents à part.</l>
	<l id="799">Qui se donne à la cour se dérobe à son art.</l>
	<l id="800">Un esprit partagé rarement s'y consomme ;</l>
	<l id="801">Et des emplois de feu demandent tout un homme. »</l>
	<l id="802">Monsieur Colbert, je pense, entendra ce discours ;</l>
	<l id="803">Je lui pourrai donner ces vers sous peu de jours ;</l>
	<l id="804">Là, du dôme nouveau j'ai vanté la merveille,</l>
	<l id="805">Surtout la fresque de Mignard,</l>
	<l id="806">Admirable travail, vrai chef-d'oeuvre de l'art.....</l>
</sp>
<sp stage="awake" who="LA FONTAINE"><speaker>LA FONTAINE, qui s'est éveillé.</speaker>
	<l id="807" syll="6" part="i">M'y voici. Je les tiens.</l>
</sp>
<sp who="MOLIÈRE"><speaker>MOLIÈRE.</speaker>
	<l id="807" syll="6" part="f">La Fontaine s'éveille !</l>
</sp>
<sp who="LA FONTAINE"><speaker>LA FONTAINE.</speaker>
	<l id="808" syll="6" part="i">Je me sens inspiré.</l>
</sp>
<sp who="MOLIÈRE"><speaker>MOLIÈRE.</speaker>
	<l id="808" syll="6" part="f">Je crois qu'il fait des vers !</l>
</sp>
<sp who="LA FONTAINE"><speaker>LA FONTAINE.</speaker>
	<l id="809">Hier dans les grandeurs, aujourd'hui dans les fers !</l>
	<l id="810">« L'humble toit est exempt d'un tribut si funeste</l>
	<l id="811">Le sage y vit en paix, et méprise le reste ;</l>
	<l id="812">Content de ses douceurs, errant parmi les bois,</l>
	<l id="813">Il regarde à ses pieds les favoris des rois....</l>
<stage type="silence">La Fontaine se tait un moment.</stage>
</sp>
<sp who="MOLIÈRE"><speaker>MOLIÈRE.</speaker>
	<l id="814">Ah ! ne laissons pas échapper</l>
	<l id="815">Ces vers que sa facile veine :</l>
	<l id="816">Produit sans travail et sans peine ;</l>
	<l id="817">Je ne crois plus mes vers dignes de m'occuper,</l>
	<l id="818">Quand je peux recueillir ceux que fait La Fontaine.</l>
<stage type="drop/write/declamate">Il met de côté son poème, et copie les vers que La Fontaine récite.</stage>
</sp>
<sp stage="enthousiasme/declamation" who="LA FONTAINE"><speaker>LA FONTAINE, dans l'enthousiasme et comme un poète qui compose.</speaker>
<note type="C">Vers dd Philémon et Baucis, de La Fontaine.</note>
	<l id="819">« Content de ses douceurs, errant parmi les bois,</l>
	<l id="820">Il regarde à ses pieds les favoris des rois ;</l>
	<l id="821">Il lit au front de ceux qu'un vain luxe environne,</l>
	<l id="822">Que la fortune vend ce qu'on croit qu'elle donne.</l>
	<l id="823">Approche-t-il du but ? quitte-t-il ce séjour ?</l>
	<l id="824">Rien ne trouble sa fin ; c'est le soir d'un beau jour. »</l>
</sp>
<sp stage="write" who="MOLIÈRE"><speaker>MOLIÈRE, après avoir copié ces vers.</speaker>
	<l id="825">Ah ! Mon ami, quels vers !... Quel Dieu te les inspire ?</l>
</sp>
<sp who="LA FONTAINE"><speaker>LA FONTAINE.</speaker>
	<l id="826">Ah ! te voilà ; Molière ?... Eh ! oui, dans cet instant,</l>
	<l id="827" syll="6" part="i">J'ai fait-là quelques vers.</l>
</sp>
<sp stage="give" who="MOLIÈRE"><speaker>MOLIÈRE, lui offrant le papier sur lequel ils sont écrits.</speaker>
	<l id="827" syll="6" part="f">Très beaux ; veux-tu les lire ?</l>
	<l id="828">Je les ai copiés moi-même, en t'écoutant.</l>
</sp>
<sp stage="read" who="LA FONTAINE"><speaker>LA FONTAINE, après avoir lu.</speaker>
	<l id="829">Mais ils ne sont pas mal ; j'en suis assez content.</l>
</sp>
<sp who="MOLIÈRE"><speaker>MOLIÈRE.</speaker>
	<l id="830">Assez content ?... Pas mal ?... et moi, je les admire.</l>
	<l id="831">On redira longtemps, mon ami, ces vers-là.</l>
	<l id="832">On les perdait sans moi. Je suis fier de cela.</l>
</sp>
<sp who="LA FONTAINE"><speaker>LA FONTAINE.</speaker>
	<l id="833">Tu te moques de moi, je pense, ou tu veux rire.</l>
</sp>
<sp who="MOLIÈRE"><speaker>MOLIÈRE.</speaker>
	<l id="834">Je ne me moque point, mon cher ami ; crois-moi,</l>
	<l id="835">Tous tes imitateurs resteront loin de toi.</l>
</sp>
</div2>
<div2 type="scene" n="17"><head>SCÈNE XVII. Molière, La Fontaine, Isabelle, qui a quitté son habit de jardinière.</head>
<sp who="ISABELLE"><speaker>ISABELLE.</speaker>
	<l id="836">Mais quelle est donc cette folie,</l>
	<l id="837">Et que nous a dit Laforêt ?</l>
	<l id="838">Comment peut-on former un semblable projet ?</l>
</sp>
<sp who="MOLIÈRE"><speaker>MOLIÈRE.</speaker>
	<l id="839">Ah ! chose qu'on projette est loin d'être accomplie.</l>
</sp>
<sp who="LA FONTAINE"><speaker>LA FONTAINE.</speaker>
	<l id="840" syll="6" part="i">Où sont tous nos amis ?</l>
</sp>
<sp who="MOLIÈRE"><speaker>MOLIÈRE.</speaker>
	<l id="840" syll="6" part="f">Mais ils dorment, je crois,</l>
	<l id="841">En attendant l'instant fatal, l'heure dernière....</l>
</sp>
<sp who="LA FONTAINE"><speaker>LA FONTAINE.</speaker>
	<l id="842">Hé ! quel ton prends-tu là, Molière ?</l>
	<l id="843">Ton air me cause de l'effroi.</l>
</sp>
<sp who="MOLIÈRE"><speaker>MOLIÈRE.</speaker>
	<l id="844" syll="10" part="i">Tu ne te souviens pas de leur projet ?</l>
</sp>
<sp who="LA FONTAINE"><speaker>LA FONTAINE.</speaker>
	<l id="844" syll="2" part="f">Eh ! quoi ?....</l>
	<l id="845">Ah ! oui, je me rappelle, il est vrai, quelque chose ;</l>
	<l id="846">Le propos n'était pas sérieux , je suppose. .</l>
</sp>
<sp who="MOLIÈRE"><speaker>MOLIÈRE.</speaker>
	<l id="847">Pourquoi mon, s'il vous plaît ? Quant à moi, j'ai promis</l>
	<l id="848">De ne pas quitter nos amis.</l>
	<l id="849" syll="4" part="i">Je les suivrai.</l>
</sp>
<sp who="LA FONTAINE"><speaker>LA FONTAINE.</speaker>
	<l id="849" syll="6" part="f">Dans la rivière ?</l>
	<l id="850">Oh ! Mais, c'est un peu fort aussi.</l>
</sp>
<sp who="MOLIÈRE"><speaker>MOLIÈRE.</speaker>
	<l id="851">Il ne faut que du coeur. Je viens d'écrire ici</l>
	<l id="852">Mes dispositions, ma volonté dernière ;</l>
	<l id="853">Si tu veux en user de la même manière ?</l>
</sp>
<sp who="LA FONTAINE"><speaker>LA FONTAINE.</speaker>
	<l id="854">Pourquoi faire ? Tu peux disposer de ton bien ;</l>
	<l id="855">Mais, mon ami, moi qui n'ai rien,</l>
	<l id="856">Sur rien je n'ai rien à dire.</l>
	<l id="857">Si je m'en vais avec vous, sur ma foi,</l>
	<l id="858">Il me suffira bien d'écrire</l>
	<l id="859">Qu'on ne m'attende pas chez moi.</l>
</sp>
</div2>
<div2 type="scene" n="18"><head>SCÈNE XVIII. Les mêmes, Laforêt.</head>
<sp who="LAFORÊT"><speaker>LAFORÊT.</speaker>
	<l id="860">Entendez-vous, monsieur, ces longs éclats de rire ?</l>
	<l id="861">Monsieur Lulli saute, chante, s'admire ;</l>
	<l id="862">Il réveille tous vos amis</l>
	<l id="863">Qui n'étaient qu'à peine endormis ;</l>
	<l id="864">Les uns sommeillaient sur des chaises,</l>
	<l id="865">Un autre sur un lit, l'autre dans un fauteuil ;</l>
	<l id="866">Monsieur Lulli leur conte cent fadaises,</l>
	<l id="867">et ne veut pas souffrir qu'ici l'on ferme l'oeil.</l>
</sp>
<sp who="MOLIÈRE"><speaker>MOLIÈRE.</speaker>
	<l id="868">Eh ! bien , allons les voir ; mais les voici , je pense.</l>
</sp>
</div2>
<div2 type="scene" n="19"><head>SCÈNE XIX et DERNIÈRE. Les mêmes, Chapelle, Lulli, Mignard, Despréaux.</head>
<sp who="LULLI"><speaker>LULLI.</speaker>
	<l id="869">Oui, ma foi , je vous dis que le séjour d'Auteuil</l>
	<l id="870">Me donne de génie une grande abondance ;</l>
	<l id="871">J'ai fait en impromptu les plus beaux airs de danse !</l>
	<l id="872">Que diable ?... Voulez-vous dormir jusqu'à demain ?</l>
<stage type="sing/danse">Il chante, et danse comiquement.</stage>
</sp>
<sp who="CHAPELLE"><speaker>CHAPELLE.</speaker>
	<l id="873">Comment dormirions-nous, quand tu nous fais un train ?</l>
</sp>
<sp who="MOLIÈRE"><speaker>MOLIÈRE.</speaker>
	<l id="874">Eh ! Quoi ? Déjà, Messieurs ? Vous faites diligence ?</l>
</sp>
<sp who="CHAPELLE"><speaker>CHAPELLE.</speaker>
	<l id="875" syll="3" part="i">Que dit-il ?</l>
</sp>
<sp who="MOLIÈRE"><speaker>MOLIÈRE.</speaker>
	<l id="875" syll="9" part="f">Venez-vous accomplir vos projets ?</l>
	<l id="876">La Fontaine et moi, sommes prêts.</l>
</sp>
<sp who="LA FONTAINE"><speaker>LA FONTAINE.</speaker>
	<l id="877" syll="3" part="i">Doucement.</l>
</sp>
<sp who="MOLIÈRE"><speaker>MOLIÈRE.</speaker>
	<l id="877" syll="9" part="f">Cependant l'heure n'est pas venue ;</l>
	<l id="878">Nous devions attendre le jour.</l>
</sp>
<sp who="DESPRÉAUX"><speaker>DESPRÉAUX.</speaker>
	<l id="879">Ah ! Oui, vraiment !... Tantôt d'une âme résolue</l>
	<l id="880">Nous parlions de finir tous nos maux sans retour...</l>
	<l id="881">Qui nous a pu donner une idée aussi folle ?...</l>
	<l id="882" syll="6" part="i">C'est Chapelle, c'est lui.</l>
</sp>
<sp who="CHAPELLE"><speaker>CHAPELLE.</speaker>
	<l id="882" syll="6" part="f">Moi ? Non. Sur ma parole,</l>
	<l id="883">De cet affreux conseil je ne suis point l'auteur.</l>
	<l id="884">Finir mes jours dans l'eau !... Je l'ai trop en horreur.</l>
</sp>
<sp who="LULLI"><speaker>LULLI.</speaker>
	<l id="885">Seulement d'y penser je tremble.</l>
</sp>
<sp who="MIGNARD"><speaker>MIGNARD.</speaker>
	<l id="886">C'est un grand bonheur, ce me semble,</l>
	<l id="887">De nous être à temps ravisés !</l>
</sp>
<sp who="MOLIÈRE"><speaker>MOLIÈRE.</speaker>
	<l id="888">Un court sommeil vous a quelque peu dégrisés ;</l>
	<l id="889" syll="3" part="i">Je le vois.</l>
</sp>
<sp who="CHAPELLE"><speaker>CHAPELLE.</speaker>
	<l id="889" syll="6" part="f">Sur ma foi, ce serait grand dommage</l>
	<l id="890">Que des gens comme nous prissent un tel parti !</l>
	<l id="891">Quel chagrin au Parnasse on en eût ressentit !</l>
</sp>
<sp who="DESPRÉAUX"><speaker>DESPRÉAUX.</speaker>
	<l id="892">Molière a pour nous été sage !</l>
</sp>
<sp who="LULLI"><speaker>LULLI.</speaker>
	<l id="893">Hé ! Sans lui la musique allait faire naufrage !</l>
</sp>
<sp stage="toward" who="LA FONTAINE"><speaker>LA FONTAINE, à Lulli.</speaker>
	<l id="894">Fripon, tu nous aurais quittés dans le chemin.</l>
</sp>
<sp who="CHAPELLE"><speaker>CHAPELLE.</speaker>
	<l id="895">Ne nous pressons pas trop de faire le voyage. ;</l>
	<l id="896">Remettons le départ, toujours, au lendemain.</l>
</sp>
<sp who="LULLI"><speaker>LULLI.</speaker>
	<l id="897">Mais sur-tout le trépas mous serait bien précoce,</l>
	<l id="898">Quand nous sommes tout près de danser à la nôce.</l>
</sp>
<sp who="MIGNARD"><speaker>MIGNARD.</speaker>
	<l id="899" syll="6" part="i">À la noce ? Et de qui ?</l>
</sp>
<sp who="LULLI"><speaker>LULLI.</speaker>
	<l id="899" syll="6" part="f">La voyez vous rougir,</l>
	<l id="900">Notre petite jardinière ?</l>
	<l id="901">C'est elle qui bientôt, nous donne ce plaisir.</l>
</sp>
<sp who="MOLIÈRE"><speaker>MOLIÈRE.</speaker>
	<l id="902">Il est vrai, mes amis ; au gré de mon désir </l>
	<l id="903">La mère d'Isabelle accueillant ma prière, </l>
	<l id="904">Vient de combler mes voeux, et veut bien consentir...</l>
</sp>
<sp who="ISABELLE"><speaker>ISABELLE.</speaker>
	<l id="905">Avec transport je le reçois.</l>
	<l id="906">Je sens combien ce nom est glorieux pour moi ;</l>
	<l id="907">Et de le porter je suis fière.</l>
</sp>
<sp who="DESPRÉAUX"><speaker>DESPRÉAUX.</speaker>
	<l id="908">Nous voilà réveillés, et pour toute la nuit ; </l>
	<l id="909">Tiens, Molière, à présent, lis-nous ta comédie.</l>
</sp>
<sp who="MOLIÈRE"><speaker>MOLIÈRE.</speaker>
	<l id="910">Non, mes amis, non pas à présent, je vous prie ;</l>
	<l id="911">Allons ce soir nous mettre au lit.</l>
	<l id="912">Demain vous serez mieux en état de m'entendre.</l>
	<l id="913">Mais de cette soirée au moins souvenez-vous.</l>
	<l id="914">Gardez-vous par le vin de vous laisser surprendre,</l>
	<l id="915">Et de former jamais des projets aussi fous. -</l>
</sp>
<sp who="LA FONTAINE"><speaker>LA FONTAINE.</speaker>
	<l id="916">Il est vrai ; c'est une folie</l>
	<l id="917">Dont peut-être après nous un jour on parlera.</l>
	<l id="918">Mais voici ce qu'on en dira :</l>
	<l id="919">Molière avait souffert cruelle maladie ;</l>
	<l id="920">Heureusement il s'en tira ;</l>
	<l id="921">Ses meilleurs amis le fêtèrent ; -</l>
	<l id="922">En le fêtant, ils s'enivrèrent ;</l>
	<l id="923">L'amitié nous excusera. </l>
</sp>
<sp who="LA FONTAINE"><speaker>LA FONTAINE.</speaker>
	<l id="924">Je fais mon compliment à Madame Molière.</l>
</sp>
</div2>
</div1>
</body>
</text>
</TEI>