<?xml version="1.0" encoding="utf-8"?>
<TEI xml:lang="fr">
<teiHeader>
	<fileDesc>
		<titleStmt>
			<title>LE SÉRAIL DE DE LYS, COMÉDIE</title>
			<author type="texte" ISNI="">(anonyme)</author>
		</titleStmt>
		<publicationStmt>	
			<editor>Texte établi par Paul FIEVRE, mars 2019.</editor>
			<publisher>Publié par Paul FIEVRE, avril 2019.</publisher>
			<idno>ANONYME_SERAILDEDELYS</idno>
			<rights>Creative Commons BY-NC-SA</rights>
		</publicationStmt>
		<SourceDesc>
			<genre>Comédie</genre>
			<inspiration>érotisme</inspiration>
			<structure>Deux actes</structure>
			<type>vers</type>
			<periode>1731-1740</periode>
			<taille>0-250</taille>
			<permalien>https://gallica.bnf.fr/ark:/12148/bpt6k1513763h?rk=21459;2</permalien>
		</SourceDesc>
	</fileDesc>
</teiHeader>
<text>
<front>
	<docTitle>
		<titlePart type="main">LE SÉRAIL DE DE LYS</titlePart>
		<titlePart type="sub">PARODIE D'ALCIBIADE</titlePart>
		<titlePart type="sub">PETITE COMÉDIE EN VERS</titlePart>
		
	</docTitle> 
	<docDate value="1735">M. DCC. XXXV.</docDate>
	<docAuthor id="[Anonyme]" bio=''>Par Mr. ******</docAuthor>
	<docImprint>
		<printer id="MARTEAU">À COLOGNE, Chez PIERRE MARTEAU, Imprimeur et Libraire, à la Vérité.</printer>
	</docImprint>
	<div type="preface"><head>Préface de la présente édition</head>
		<p>Il est raisonnable d'imaginer que le personnage d'Alcibiade (surnommé DE LYS) est Louis XV et que le personnage Band'alaise est Dominique Guillaume Lebel. Les personnage féminins sont difficilement identifiables : l'hypothèse principale que Louis Julie de Mailly-Nesle et sa soeur Pauline Félicité de Mailly-Nesle compte tenu de la date de publication de l'ouvrage en 1735. Mme de Pompadour ne rencontra le Roi qu'en 1743.</p>
		<p>On notera que le cote du document à la BnF est ENFER-768.</p>
		<p>P.F., 2019</p>
	</div>
	<div type="dedicace"><adresse>AU LECTEUR.</adresse>
		<head>AMIS LECTEUR,</head>
		<p>Si en dépeignant un sérail, j'y compare un bordel, je me réserve d'en faire la différence. Chez les Turcs, un Seigneur n'a des femmes que pour lui seul, gardées par des Eunuques ; De Lys en a aussi, à la réserve que ceux qui sont commis à leur garde les foutent, leur donne la vérole, et il les envoient suer à Leyde ; sont-elles guéries, il les comble de présents, en reconnaissance de l'offrande qu'elles ont faites à Venus, et leur donne permission d'aller à Paris pour y changer d'air*. Je ne prétends point ôter par là le droit de prérogative à De Lys, s'il le veut, il est à sa volonté de le croire, et moi à penser le contraire ; Varaine, ou Band'alaise, son homme de Chambre, pourrait mieux en décider : Quoiqu'il en soit, il serait injuste qu'en élevant la Le Grand, je méprisa les autres Femmes qui font les premiers rôles de ma Comédie, et plus expérimentées dans les Sciences Foutatiques, que sa mère ne l'était avant d'aller en Pologne. S'il fallait rappeler ici les exploits de la Maisonasse, sous le nom de Godemichi, en quel labyrinthe ne me mettrais je pas ? Il me suffira de dire, en raccourci, qu'elle a plus sentis de vits différents, qu'il ne faut de jours pour faire un siècle, et qu'elle a porté plus de Noms d'Hommes qui l'ont entretenus, qu'elle n'a d'années. (a)</p>
		<p>Il ne serait pas juste que j'oublia la Verrière, sous le nom de Palmisse : cette jeune novice qui en 1715 avait déjà fait son tour de France avec un amant : cette petite Camuson qui a su enlever le coeur de notre Godelureau Alcibiade, en déboutant Godemichi de ces jeunes amourettes : jeunes amourettes , parce qu'entre eux trois, ils ne font pas l'âge de Mathusalem, (b) ce qui leur produisait un feu foutatique, et obligea le vit d'Alcibiade à plier bagage, après six prétendus coups, tant à coté que dedans. Le malheur de Palmisse fut bientôt suivi d'un autre : la Le Grand arriva sur le champ ; courroucée de trouver une Rivale avec l'objet de ces intérêts, et non de ces amours, (**) leur en fit à tous deux de grandes réprimandes, et feignant participer à l'impuissance d'Alcibiade, fut ce précipiter sous Band'alaise, qui la dédommagea de ce qu'elle n'avoit pu trouver avec Alcibiade.</p>
		<p>Si je fais tant que de citer les Dulcinées qui composent le Serail de De Lys , il est, bien juste que j'y fasse remarquer la grosse Darcy, dont la prudence excède celle des autres ; elle ne refuse point un vit de Cuisine, gros et long ; c'est à ceux-là, AMIS LECTEUR, qu'elle s'arrête, et dit n'en vouloir point d'autres : quelle sagesse ! Pour moi je ne sais qu'en croire, je laisse aux autres à penser du reste.</p>
		<p>La Vérité aussi naturelle que je la détaille ici, ne semblerait-elle pas vouloir emporter la réputation et l'honneur de De Lys ? Non, vous dirai-je, parce que la Place de Grèves à Paris s'en est appropriée, Alcibiade travaille à la recouvrir, en faisant tort aux uns pour combler de faveur les autres, oubliant sa parole, son serment, et disputants ces écrits, en retenant le salaire d'un chacun ; en écoutant les flatteurs, fourbes et Maquereaux qui l'environnent ; des ignorants sans talents qu'une feinte complaisance pour lui tirer de l'argent ; c'est ceux-la même qu'il écoute préférablement aux honnêtes gens ; et d'autres Ferlisquets, qui, soit-disants, vont auprès d'un souverain, qu'il comble de bienfaits, à cette-fin qu'ils disent du bien de lui : quelle supertition ! C'est une conduite mieux réglée qui peut l'exalter ? Il faut qu'il commence à tirer de devant ces yeux le bandeau qui l'offusque , et d'examiner comme se comportent Varaine, Nicolas et Serrano, cela vaudra bien mieux que de donner à Raparini cent ducas et plus, pour le louer à la Cour de Bavière : ces fanfaronnades mal placées ne feront toujours que la risée d'un chacun ; il vaut bien mieux qu'il rende justice à qui il est dû. Mais, il semble que je m'écarte de mon discours foutatique ; revenons-y , ou laissons à Band'alaise le soin d'en dire le reste , et que foutant Caboche aux dépens d'Alcibiade, il lailse, Godemichi et Palmisse à en faire de même, dans cette affaire Serrano y aura bonne part.</p>
		<p>Il est bon de prévenir le LECTEUR, que si De Lys à dans son Concert quatre putains , il ne doit pas s'ensuivre que les autres femmes soient de même ; bien au contraire , elles abhorrent les autres , au grand regret d'Alcibiade, dont la brutalité paillardique (quoi que pour ainsi dire impuissant) excède celle d'un homme de son âge. Des femmes dont je veux parler, sont autant sage, que les autres sont débauchées ; leur conduite est exemplaire, et irréprochable ; aussi De Lys, ennemis de la vertu, cherche-t-il à les détruire ; pour le prévenir, il y en a qui ont quitté le Concert, et sont partis ; il doit s'en ensuivre d'autres qui ont beaucoup plus de voix et de musique que celles dénommées dans ma comédie, que je vous prie de lire, et les vers suivants.</p>
			<p type="v">Un peu tard, mais heureusement</p>
			<p type="v">Nous nous sommes tirez du triste engagement.</p>
			<p type="v">Qui nous rendait la vie insupportable,</p>
			<p type="v">Vous dans ces tristes lieux engagés depuis peu,</p>
			<p type="v">Qui jugez ma fuite coupable,</p>
			<p type="v">Laissez passer l'ardeur de vôtre premier feu ;</p>
			<p type="v">Avant que de prêcher donnez-vous patience,</p>
			<p type="v">Et vous verrez pour bien qu'on soit,</p>
			<p type="v">Qu'avec le tems on s'aperçoit.</p>
			<p type="v">Qu'on n'est pas si bien que l'on pense.</p>
			<p>* La Le Grand a passé deux fois par les Grands Remèdes, et Varaine, De Lys ne l'ignore point, non plus que le Public.</p>
		<p>(a) La soit-disante Maisonasse est âgée d'environ 60 ans, il y en a quinze qu'elle se faisait appeler, à l'Opéra de la Haye, la Pontpri, depuis ce temps elle a tant changé de noms qu'on en remplirait un Calandrier.</p>
		<p>(b) La Verriere n'est âgée que de 55 ans : le plâtre qu'elle se met sur le visage, tout le temps d'une année, on en pourrait bâtir une Maison/</p>
		<p>(**) La Le Grand abhorre De Lys, et n'aime que son argent: ces amours ne sont que feintes, et se fait foutre par d'autres.</p>
	</div>
	<div type="avis">
		<p>Le même Auteur donnera en peu LA FUITE DE CABOCHE et DES GUERLUCHONS*, Opéra-Comique, en trois actes, et son Prologue. Il sera bien juste qu'il travaille aussi à son Retour, la cause est remarquable. De Lys pourrait lui en épargner la peine s'il changeait de conduite.</p>
		<p>* De Lys appelle la Le Grand CABOCHE, et ces amants, GUERLUCHONS.</p>
	</div>
	<performance>
		<premiere date='(inconnue)' location='(inconnue)' />
	</performance>
	<castList><head>ACTEURS.</head>
		<castItem><role id="ALCIBIADE" sex="1" type="H" statut='juif' age='A' stat_amour=''>ALCIBIADE</role>De Lys, juif.</castItem>
		<castItem><role id="BAND'ALAISE" sex="1" type="H" statut='confident' age='A' stat_amour="">BAND'ALAISE</role>, Varaine, confident d'Alcibiade, ou Maquereau de De Lys..</castItem>
		<castItem><role id="GODEMICHI" sex="2" type="H" statut='putain' age='A' stat_amour=''>GODEMICHI</role>, la Maisonasse, célèbre Putain, et Maquerelle.</castItem>
		<castItem><role id="PALMISSE" sex="2" type="H" statut='putain' age='A' stat_amour=''>PALMISSE</role>, la Verrière, Putain publique.</castItem>
	</castList>
	<set location="Paris" country="France" periode="XVIIIème" gps="48.856614, 2.352222">La scène est au bordel du Concert de DE LYS.</set>
</front>
<body>
<div1 type="acte" n="1"><head>LE SÉRAIL DE LYS</head>
<stage type="decor">Le Théâtre représente la salle d'un bordel, dans laquelle Alcibiade est introduit par son confident.</stage>
<div2 type="scene" n="1"><head>SCÈNE PREMIÈRE. Alcibiade, Band'alaise, Godemici, Palmisse.</head>
<sp who="ALCIBIADE"><speaker>[ALCBIADE].</speaker>
	<l id="1">Que vois-je ! Deux putains ? Que diable puis-je faire,</l>
<stage type="toward">À Band'alaise.</stage>
	<l id="2" syll="6" part="i">Où m'avez-vous conduit ? </l>
</sp>
<sp who="BAND'ALAISE"><speaker>BAND'ALAISE.</speaker>
	<l id="2" syll="6" part="f">Ma foi c'est votre affaire !</l>
	<l id="3">Foûtez-les toutes deux, si vous pouvez, Seigneur,</l>
<note type="eplicit">Si Varaine est Maquereau, il à la gloire de foutre les putains de son maître, comme la Le Grand. La plus grande preuve de fidélité qu'il ait donné à De Lys, c'est d'avoir uni son portrait, (en Place de Greves à Paris) avec le sien.</note>
	<l id="4">Tirez-vous en du moins avec un peu d'honneur.</l>
<stage type="exit">Il sort.</stage>
</sp>
</div2>
<div2 type="scene" n="2"><head>SCÈNE II. Alcibiade, Godemichi, Palmisse.</head>
<sp who="ALCIBIADE"><speaker>ALCIBIADE.</speaker>
	<l id="5">Il fuit ; en quel état cette fuite me laisse,</l>
	<l id="6">Foutons, puisqu'il le faut, je sens que mon vit dresse.</l>
<stage type="toward">Aux putains.</stage>
	<l id="7">Mesdames, vous voyez que sans trop me flatter</l>
	<l id="8">J'apporte dans ce lieu de quoi vous contenter :</l>
<stage type="toward">À Godemichi.</stage>
	<l id="9">Ce vit long et carré peut assez bien vous foutre !</l>
	<l id="10">Je sais pour votre con qu'il faudrait une poutre !</l>
	<l id="11">Mais, si vous abaissez vôtre lubricité.</l>
	<l id="12">Jusqu'à faire un essai de ma témérité,</l>
	<l id="13">J'irai sans me flatter à dix coups sans reproche :</l>
	<l id="14" syll="6" part="i">Ce vit vous plaira-t'il ?</l>
</sp>
<sp who="GODEMICHI"><speaker>GODEMICHI.</speaker>
	<l id="14" syll="6" part="f">J'en tient un dans ma poche,</l>
	<l id="15">Qui jadis fut le vit d'un amant vigoureux,</l>
	<l id="16">Qui mourut dans mes bras d'un transport amoureux</l>
	<l id="17">Je vais vous le montrer, pour flétrir vôtre gloire, </l>
	<l id="18">Et ne vous flaTtez point de pareille victoire ;</l>
	<l id="19">Il ne faut que le voir, regardez-le, Seigneur,</l>
	<l id="20">Fut-il un plus beau vit, en grosseur et longueur :</l>
	<l id="21">Je l'ai fait embaumer, et je m'en sert encore ;</l>
	<l id="22">Tout impuissant qu'il est, mon triste con l'adore.</l>
	<l id="23">Vous pouvez à Palmisse offrit un vit si court,</l>
	<l id="24">Elle est novice encore, faites-lui votre cour ;</l>
	<l id="25">Peut-être que dix coups contenterons la belle,</l>
	<l id="26">Ce qui n'est rien pour moi, peut être assez pour elle.</l>
	<l id="27" syll="2" part="i">Adieu. </l>
<stage type="exit">Elle sort.</stage>
</sp>
</div2>
<div2 type="scene" n="3"><head>SCÈNE III. Alcibiade, Palmisse.</head>
<sp who="ALCIBIADE"><speaker>ALCIBIADE.</speaker>
	<l id="27" syll="10" part="f">Quelle gaillarde avec son appétit,</l>
	<l id="28">Dix coups ne lui sont rien, et mon vit trop petit:</l>
	<l id="29">Ah ! Si vous m'en croyez faisons lui regretter,</l>
	<l id="30">Un vit dont la grosseur n'a pu la contenter.</l>
<note type="explicit">La Maisonnasse, connue partant d'autres noms et vices, est
de la Manchette.</note>
</sp>
<sp who="PALMISSE"><speaker>PALMISSE.</speaker>
	<l id="31">Il ne faudrait pas voir celui qu'elle présente,</l>
	<l id="32">Pour croire que du tien la grosseur me contente,</l>
	<l id="33">Cependant essayons sa virile vertu,</l>
	<l id="34">Je saurai qu'en penser quand il m'aura foutu ?</l>
</sp>
<sp who="ALCIBIADE"><speaker>ALCIBIADE.</speaker>
	<l id="35">Ah ! C'est où je t'attends, mettons-nous en posture,</l>
	<l id="36">Car mon vit enragé ne tient plus de mesure ;</l>
	<l id="37">Qu'il t'entre jusqu'aux poils, d'eut-t'il te suffoquer,</l>
	<l id="38">Ton con est assez grand pour ne rien extorquer.</l>
	<l id="39">Le sens-tu bien, Palmisse, t'entre-t'il jusqu'à l'âme ?</l>
</sp>
<sp who="PALMISSE"><speaker>PALMISSE.</speaker>
	<l id="40">Achève, cher Alcibiade, d'assouvir mon ardente flamme.</l>
</sp>
<sp who="ALCIBIADE"><speaker>ALCIBIADE.</speaker>
	<l id="41">Ne vous contraignez point, agissez sans façon,</l>
	<l id="42">Et voyez qu'au déduit je suis joli garçon :</l>
	<l id="43">Ce n'est point tout encor, en voici bien d'un autre,</l>
	<l id="44">On ne doit point sortir d'un con comme le vôtre;</l>
	<l id="45">Et je veux vous foutant mille coups répétez,</l>
	<l id="46">Vous marquer par mon vît l'excès de vos beautés.</l>
	<l id="47">Déchargez-vous, Madame, ah ! Je ne sais qu'en croire,</l>
	<l id="48">Son corps sans mouvement me donne la victoire.</l>
	<l id="49">Courage donc mon vît, poussons encore plus fort,</l>
	<l id="50">Faisons-là revenir par un dernier effort,</l>
<note type="explicit">De Lys l'a tellement enfoncée à la Rochouard (il en a eu une fille, ou plus) que le clitoris lui tombe.</note>
	<l id="51">Et pour la réveiller, enfonçons sa matrice,</l>
<note type="explicit">La Verriere l'a donnée à Serrano, Commis de De Lys, lorsqu'ils burent ensemble quinze bouteilles de vin en mangeant un cent d'huîtres. Cette Vestale ne voulut pas se déshabiller à la chandelle pour ce coucher avec cet amant de rencontre ; quelle pudeur !</note>
	<l id="52">Oui... mais je pourrais bien gagner la chaudepisse.</l>
	<l id="53">Que vois-je ! J'aperçois que mon vit languissant</l>
	<l id="54">Ne bat plus que d'une aile, et va foutimassant,</l>
	<l id="55">Mol, rentré en lui-même, et rampant sur la motte,</l>
	<l id="56">Pour plus de sûreté rentre dans ma culotte.</l>
</sp>
<sp who="PALMISSE"><speaker>PALMISSE.</speaker>
<stage type="explicit">Elle est effroyablement laide.</stage>
	<l id="57">Où suis-je ! Et qu'ai-je vu ? Je te fais donc horreur ;</l>
	<l id="58">Quoi, me quitter si tôt, double traitre, ah ! Seigneur,</l>
	<l id="59">Sont-ce-là les dix coups qu'on me faisait attendre,</l>
	<l id="60">À peine le plaisir a-t-il pu me surprendre,</l>
	<l id="61">Que vous m'abandonnez à de cruels remords.</l>
	<l id="62">Ah ! Je vais me livrer aux lubriques transports.</l>
	<l id="63">Trois coups sont achevez que vous pliez bagage :</l>
	<l id="64">Non, je ne puis tenir aux transports de ma rage.</l>
	<l id="65">Pour assouvir mon con, je demeure au bordel,</l>
	<l id="66">Où l'on me vengera d'un affront si cruel.</l>
</sp>
<sp who="ALCIBIADE"><speaker>ALCIBIADE.</speaker>
	<l id="67">Tu peux y retourner, putain abominable,</l>
	<l id="68">Je fuirai pour jamais un con si formidable ;</l>
	<l id="69">Le grand besoin de foutre, abusant de mon goût,</l>
	<l id="70">M'a tellement pressé que j'ai foutu debout :</l>
	<l id="71">J'attends de ma posture une infaillible goutte,</l>
<note type="l">Ase : âne. [DMF]</note>
	<l id="72">Retire-toi d'ici, que l'ase te foute.</l>
</sp>
</div2>
</div1>
</body>
</text>
</TEI>

