<?xml version="1.0" encoding="utf-8"?>
<TEI xml:lang="fr">
<teiHeader>
	<fileDesc>
		<titleStmt>
			<title>ZÉLAMIRE OU LA SAUVAGE, COMÉDIE</title>
			<author type="texte" ISNI="">(anonyme)</author>
		</titleStmt>
		<publicationStmt>	
			<editor>Édition de Sébastien Côté (Université Carleton, Ottawa), d'après la transcription de Serge Akono Ekomo (Université Carleton, Ottawa) à partir du manuscrit original de la BnF FR-9262, grâce au soutien du Conseil de Recherches en Sciences humaines du Canada (CRSH), dans le cadre du projet La Nouvelle-France sur les planches parisiennes au XVIIIe siècle : contribution à l'histoire de l'imaginaire par l'édition de comédies oubliées (2016-2019).</editor>
			<publisher>Publié par Paul FIEVRE, avril 2019.</publisher>
			<idno>ANONYME_ZELAMIRE</idno>
			<rights>Creative Commons BY-NC-SA</rights>
		</publicationStmt>
		<SourceDesc>
			<genre>Comédie</genre>
			<inspiration>moeurs</inspiration>
			<structure>Deux actes</structure>
			<type>vers</type>
			<periode>1781-1790</periode>
			<taille>750-1000</taille>
			<permalien>http://gallica.bnf.fr/ark:/12148/btv1b9061644h/f28.image</permalien>
		</SourceDesc>
	</fileDesc>
</teiHeader>
<text>
<front>
	<docTitle>
		<titlePart type="main">ZÉLAMIRE</titlePart>
		<titlePart type="sub">OU LA SAUVAGE</titlePart>
		<titlePart type="sub">COMÉDIE</titlePart>
		
	</docTitle> 
	<docDate value="1786"></docDate>
	<docAuthor id="[Anonyme]"></docAuthor>
	<docImprint>
		<source id="">Manuscrit BnF Français 9262, folio 27-</source>
	</docImprint>
	<performance>
		<premiere date='(inconnue)' location='(inconnue)' />
	</performance>
	<castList><head>PERSONNAGES.</head>
		<castItem><role id="DOLNANGE" sex="1" type="H" statut='officier' age='J' stat_amour=''>DOLNANGE</role>, Officier français, Premier rôle, jeune.</castItem>
		<castItem><role id="BELFORT" sex="1" type="H" statut='officier' age='A' stat_amour=''>BELFORT</role>, officier français. second rôle.</castItem>
		<castItem><role id="GERMAIN" sex="1" type="H" statut="valet" age='A' stat_amour=''>GERMAIN</role>, valet de Dolnange. Grande livrée.</castItem>
		<castItem><role id="DUBOIS" sex="1" type="H" statut="valet" age='A' stat_amour=''>DUBOIS</role>, valet de Belfort. Second valet.</castItem>
		<castItem><role id="ZÉLAMIRE" sex="2" type="H" statut='sauvage' age='A' stat_amour=''>ZÉLAMIRE</role>, amante de Dolnange. Jeune première amoureuse.</castItem>
		<castItem><role id="NADINE" sex="2" type="H" statut='sauvage' age='A' stat_amour=''>NADINE</role>, soeur de Zélamire. Ingénuité.</castItem>		
		<castItem><role id="OUKÉA" sex="1" type="H" statut='sauvage' age='A' stat_amour=''>OUKÉA</role>, Sauvage. Premier rôle masqué.</castItem>		
		<castItem><role id="TROUPE DE SAUVAGES" sex="9" type="H" statut='sauvage' age='A' stat_amour=''>TROUPE DE SAUVAGES</role>.</castItem>		
	</castList>
	<set location='Canada' country='Canada' periode='XVIIIème' gps="44.537240, -78.228485">La scène est en Canada.</set>
</front>
<body>
<div1 type="act" n="1"><head>ACTE I</head>
<div2 type="scene" n="1"><head>SCÈNE PREMIÈRE. Dolnange, Germain.</head>
<sp who="DOLNANGE"><speaker>DOLNANGE.</speaker>
	<l id="1">Oui la tranquillité de cet endroit champêtre,</l>
	<l id="2">Au séjour de Paris préférable peut-être,</l>
	<l id="3">Malgré tous nos malheurs a mille attraits pour moi.</l>
</sp>
<sp who="GERMAIN"><speaker>GERMAIN.</speaker>
	<l id="4">Comment pourrait-on regarder sans effroi,</l>
	<l id="5">Ces rochers habités par des hommes sauvages</l>
	<l id="6">Humains dénaturés et vils anthropophages,</l>
	<l id="7">Que forma la nature en dépit du bon sens,</l>
	<l id="8">Pour nous donner la chasse et manger les passants.</l>
	<l id="9">Je maudis mille fois l'amour qui vous enchaîne !</l>
</sp>
<sp who="DOLNANGE"><speaker>DOLNANGE.</speaker>
	<l id="10" syll="6" part="i">Que crains-tu dans ces lieux ?</l>
</sp>
<sp who="GERMAIN"><speaker>GERMAIN.</speaker>
	<l id="10" syll="6" part="f">La fureur inhumaine</l>
	<l id="11">Des féroces hurons qui nous guettent partout : </l>
	<l id="12">Et qui nous trouveraient tous deux fort à leur goût,</l>
	<l id="13">J'en vis un qui pressé par une faim canine</l>
	<l id="14">Hier sur ces coteaux lorgnait ma bonne mine.</l>
	<l id="15">Je l'évitai bien vite... Enfin à leur fureur</l>
	<l id="16" syll="6" part="i">Que peut-on opposer ?</l>
</sp>
<sp who="DOLNANGE"><speaker>DOLNANGE.</speaker>
	<l id="16" syll="6" part="f">L'amour et la valeur.</l>
</sp>
<sp who="GERMAIN"><speaker>GERMAIN.</speaker>
	<l id="17">Pour éviter leurs coups voilà de belles armes !</l>
	<l id="18">Et qui ne calment point mes trop justes alarmes.</l>
	<l id="19">J'ai grand tort en effet de paraître peureux</l>
	<l id="20">Et pour leur résister nous sommes bien nombreux.</l>
</sp>
<sp who="DOLNANGE"><speaker>DOLNANGE.</speaker>
	<l id="21" syll="6" part="i">Sur cela ta frayeur ...</l>
</sp>
<sp who="GERMAIN"><speaker>GERMAIN.</speaker>
	<l id="21" syll="6" part="f">Est un trait de prudence.	</l>
	<l id="22">Vous fondez sur l'amour toute votre espérance</l>
	<l id="23">Pour nous tirer des mains de ce peuple abruti,</l>
	<l id="24">Et c'est pour l'amour seul que je serai rôti.</l>
	<l id="25">Quoi vous osez chez eux aimer une Huronne !</l>
	<l id="26">Au mépris d'un Huron la belle vous couronne.</l>
	<l id="27">Vous oseriez penser que cet amant jaloux</l>
	<l id="28">S'il peut vous attraper aura pitié de vous ?</l>
	<l id="29">Et qu'il n'obtiendra pas de ses barbares frères,</l>
	<l id="30">Pour vous vaincre à son gré les secours nécessaires ?</l>
	<l id="31">Quand il devrait mourir d'une indigestion,</l>
	<l id="32">Il nous croquera seul aujourd'hui sans façon.</l>
</sp>
<sp who="DOLNANGE"><speaker>DOLNANGE.</speaker>
	<l id="33">Le Huron de ces bois n'est point anthropophage.</l>
	<l id="34">C'est ce que nous disait ce malheureux Sauvage,</l>
	<l id="35">Par d'indignes fuyards, près du camp arrêté ;</l>
	<l id="36">Et par mon bras vainqueur remis en liberté. </l>
</sp>
<sp who="GERMAIN"><speaker>GERMAIN.</speaker>
	<l id="37">Pour mieux nous attraper il vous tint ce langage.</l>
	<l id="38">Pourrait-il être humain quand il est né Sauvage ?</l>
	<l id="39">C'était un piège adroit qu'il nous faut éviter</l>
	<l id="40">En quittant ces forêts qu'on ne peut habiter</l>
	<l id="41" syll="6" part="i">Sans risquer mille morts.</l>
</sp>
<sp who="DOLNANGE"><speaker>DOLNANGE.</speaker>
	<l id="41" syll="6" part="f">Ô Ciel qu'oses-tu dire ?</l>
	<l id="42">Je quitterais ces lieux ! Je fuirais Zélamire !</l>
	<l id="43">La mort la plus cruelle est plus douce pour moi ;</l>
	<l id="44">Quel être assez ingrat voudrait trahir sa foi</l>
	<l id="45">Quand il est adoré d'une amante fidèle,</l>
	<l id="46">À laquelle il promit une flamme éternelle ?</l>
	<l id="47">Zélamire est un dieu qui répand le bonheur.</l>
	<l id="48">C'est l'astre bienfaisant qui luit seul sur mon coeur.</l>
	<l id="49">Et quel serait d'ailleurs mon destin déplorable, </l>
	<l id="50">Accablé sous le poids d'un remords effroyable,</l>
	<l id="51">Après avoir trahi mes serments, mon amour ?</l>
	<l id="52">Serai-je digne encore de voir l'éclat du jour ?</l>
	<l id="53">Un traître est sur la terre un monstre détestable</l>
	<l id="54">Un parjure est encor mille fois plus coupable.</l>
	<l id="55">Opprimer l'innocence et tromper sa candeur</l>
	<l id="56">Est un crime odieux qui révolte l'honneur.</l>
	<l id="57">L'amour en moi n'est point une simple faiblesse :</l>
	<l id="58">Quand j'ai juré d'aimer, je tiendrai ma promesse</l>
	<l id="59" syll="6" part="i">Aux dépens de ma vie.</l>
</sp>
<sp who="GERMAIN"><speaker>GERMAIN.</speaker>
	<l id="59" syll="6" part="f">Et vous êtes Français ?</l>
</sp>
<sp who="DOLNANGE"><speaker>DOLNANGE.</speaker>
	<l id="60">Je le suis pour l'honneur, et qui pourrait jamais </l>
	<l id="61">Se résoudre à trahir l'espoir de Zélamire ?</l>
	<l id="62">Je ne suis point parjure, et cela doit suffire</l>
	<l id="63">Pour raffermir mon coeur au milieu des combats,</l>
	<l id="64">Que pourrait lui livrer la crainte du trépas.</l>
	<l id="65">Ses bienfaits pour toujours sont gravés dans mon âme,</l>
	<l id="66">Ils ont donné naissance à ma constante flamme.</l>
	<l id="67">Qu'ils en soient le soutien. Oui, j'ose l'attester :</l>
	<l id="68">Pour l'unir à mon sort je saurai tout tenter.</l>
	<l id="69">Et si de mon destin l'affreuse barbarie,</l>
	<l id="70">Zélamire, pour toi me fait perdre la vie,</l>
	<l id="71">Je te rends sans murmure un bien que je te dois.</l>
</sp>
<sp who="GERMAIN"><speaker>GERMAIN.</speaker>
	<l id="72">Moi je m'acquitterai bien mieux une autre fois.</l>
	<l id="73">Je lui dois le jour, mais plus sage que vous n'êtes,</l>
	<l id="74">Je ne suis point pressé d'aller payer mes dettes.</l>
	<l id="75">Et ne croirai jamais à ne rien déguiser,</l>
	<l id="76">Que vous puissiez, Monsieur, songer à l'épouser.</l>
</sp>
<sp who="DOLNANGE"><speaker>DOLNANGE.</speaker>
	<l id="77">Dis-moi dans quels climats, sur quel heureux rivage,</l>
	<l id="78">Je pourrais faire un choix qui me plût davantage.</l>
</sp>
<sp who="GERMAIN"><speaker>GERMAIN.</speaker>
	<l id="79">Je sais que sur ce point tout dépend du hasard :</l>
	<l id="80">Mais vous allez en France être en butte au brocard.</l>
	<l id="81">Oserez-vous produire une épouse iroquoise ?</l>
	<l id="82">On vous lapidera. La plus mince bourgeoise,</l>
	<l id="83">Imitant le bel air, lui devra ses méprises</l>
	<l id="84">Et vous serez contraint de déserter Paris.</l>
</sp>
<sp who="DOLNANGE"><speaker>DOLNANGE.</speaker>
	<l id="85">Va, de quelque façon que la vertu se montre</l>
	<l id="86" syll="6" part="i">Elle sait nous séduire.</l>
</sp>
<sp who="GERMAIN"><speaker>GERMAIN.</speaker>
	<l id="86" syll="6" part="f">Ah, fatale rencontre !</l>
	<l id="87" syll="9" part="i">J'entends du bruit, Monsieur, je frémis...</l>
</sp>
<sp who="DOLNANGE"><speaker>DOLNANGE.</speaker>
	<l id="87" syll="3" part="f">C'est à tort...</l>
	<l id="88">Je ne me trompe pas, c'est mon ami Belfort.</l>
</sp>
<sp stage="aparte" who="GERMAIN"><speaker>GERMAIN, à part.</speaker>
	<l id="89">Si les Hurons voulaient l'avaler à ma place !</l>
</sp>
</div2>
<div2 type="scene" n="2"><head>SCÈNE II. Dolnange, Germain, Belfort, Dubois.</head>
<sp who="BELFORT"><speaker>BELFORT.</speaker>
	<l id="90">C'est toi que je revois ! Et le Ciel, par sa grâce,</l>
	<l id="91">Remplit en ce moment mes plus ardents souhaits.</l>
</sp>
<sp who="DOLNANGE"><speaker>DOLNANGE.</speaker>
	<l id="92">Ah, que viens-tu chercher dans ces tristes forêts ?</l>
</sp>
<sp who="BELFORT"><speaker>BELFORT.</speaker>
	<l id="93">Mon ami... Je te trouve et ma joie est extrême</l>
	<l id="94">De te rendre aux soupirs de ton oncle qui t'aime,</l>
	<l id="95">Et qui sur un faux bruit t'a pu croire noyé ;</l>
	<l id="96">Cédant à ses désirs, cédant à l'amitié,</l>
	<l id="97">Pour te rendre à ses voeux j'aurais donné ma vie.</l>
	<l id="98">Viens, dans un mois au plus tu verras ta patrie.</l>
	<l id="99" syll="6" part="i">Nous retournons en France...</l>
</sp>
<sp who="DOLNANGE"><speaker>DOLNANGE.</speaker>
	<l id="99" syll="6" part="f">Ah, Belfort, que dis-tu !</l>
</sp>
<sp who="BELFORT"><speaker>BELFORT.</speaker>
	<l id="100">Pourquoi donc ces regrets et cet air abattu ?</l>
	<l id="101">As-tu donc oublié la belle destinée,</l>
	<l id="102">Que déjà t'y prépare un brillant hyménée ?</l>
</sp>
<sp who="DOLNANGE"><speaker>DOLNANGE.</speaker>
	<l id="103">Ah, je dois à jamais habiter ce séjour, </l>
	<l id="104" syll="6" part="i">Et j'y suis enchaîné !</l>
</sp>
<sp who="BELFORT"><speaker>BELFORT.</speaker>
	<l id="104" syll="4" part="m">Qui t'y retient ?</l>
</sp>
<sp who="DOLNANGE"><speaker>DOLNANGE.</speaker>
	<l id="104" syll="2" part="f">L'Amour !</l>
	<l id="105">Mon coeur humilié l'avouerait avec peine,</l>
	<l id="106">S'il avait à rougir de l'objet qui l'enchaîne.</l>
	<l id="107">Mais au sein des déserts comme au milieu des cours</l>
	<l id="108">La beauté, la vertu, nous charmera toujours.</l>
</sp>
<sp who="BELFORT"><speaker>BELFORT.</speaker>
	<l id="109">Quand le bonheur te plaît, sans doute je l'approuve ;</l>
	<l id="110">Mais plus réel qu'ici dans Paris on le trouve</l>
	<l id="111">Crois que ce n'est que là que l'on peut faire un [choix]</l>
	<l id="112">Les belles valent mieux que dans ces sombres bois.</l>
	<l id="113">Nos beautés profitant de tous leurs avantages,</l>
	<l id="114">N'en ont pas moins d'attraits pour n'être pas Sauvages.</l>
</sp>
<sp who="DOLNANGE"><speaker>DOLNANGE.</speaker>
	<l id="115">La nature deux fois ne se répète pas.</l>
	<l id="116">Elle s'est épuisée en ces heureux climats ;</l>
	<l id="117">Et cet effort lui seul aura pu lui suffire,</l>
	<l id="118">On ne verra jamais une autre Zélamire !</l>
</sp>
<sp who="BELFORT"><speaker>BELFORT.</speaker>
	<l id="119">Quel est donc ce prodige ? Apprends-moi par quel sort</l>
	<l id="120">Cette Sauvage a pu t'enchaîner sur ce bord ?</l>
</sp>
<sp who="DOLNANGE"><speaker>DOLNANGE.</speaker>
	<l id="121">Belfort, pour en juger, il faut avoir mon âme.</l>
	<l id="122">Je ne fus pas séduit par une aveugle flamme :</l>
	<l id="123">Je lui rendis justice, avant que de l'aimer.</l>
	<l id="124">Et ce n'est pas en vain qu'elle m'a su charmer.</l>
</sp>
<sp who="BELFORT"><speaker>BELFORT.</speaker>
	<l id="125" syll="6" part="i">Mais quelle est-elle enfin ?</l>
</sp>
<sp who="DOLNANGE"><speaker>DOLNANGE.</speaker>
	<l id="125" syll="6" part="f">Une ange tutélaire ;</l>
	<l id="126">Une divinité ; la vertu sur la Terre...</l>
	<l id="127">C'est un Dieu... Cher Belfort, dois-je me rappeler</l>
	<l id="128">Ce jour dont, sans frémir, je ne saurais parler ?</l>
	<l id="129">Pour aller à la pêche, avec une chaloupe</l>
	<l id="130">Je m'embarque et je sors, ayant le vent en poupe.</l>
	<l id="131">Seul avec mon valet, je m'éloigne du port.</l>
	<l id="132">Un ouragan affreux nous pousse sur ce bord.</l>
	<l id="133">Contre un roc notre barque, à l'instant fracassée,</l>
	<l id="134">Nous laisse pour soutien une planche cassée ; </l>
	<l id="135">Sans moyens, sans secours, luttant contre la mort,</l>
	<l id="136">Les vents impétueux nous poussaient loin du bord,</l>
	<l id="137">De l'espoir consolant, l'inépuisable amorce,</l>
	<l id="138">Voyait avec regret épuiser notre force ;</l>
	<l id="139">Et nous allions périr au milieu des courants.</l>
	<l id="140">Zélamire, attentive, entend nos cris perçants.</l>
	<l id="141">Cette femme sensible, avec un coeur sauvage,</l>
	<l id="142">S'attendrit à ma voix, s'élance du rivage</l>
	<l id="143">Jusqu'au sein des mers. Son coeur compatissant,</l>
	<l id="144">Nous faisant éviter un obstacle puissant,</l>
	<l id="145">Nous sauve et je m'écrie en ma surprise extrême :</l>
	<l id="146">C'est une déité : C'est Vénus elle-même !</l>
	<l id="147">Elle n'a pas voulu que son brillant berceau,</l>
	<l id="148">De deux infortunés deviennent le tombeau. </l>
	<l id="149">J'embrasse ses genoux, j'admire son courage,</l>
	<l id="150">Et mon coeur attendri lui rend un pur hommage.</l>
	<l id="151">Lève-toi, me dit-elle, et crois qu'en ces climats,</l>
	<l id="152">La bienfaisance peut avoir quelques appas.</l>
	<l id="153">Nous naissons ennemis de toute la Nature,</l>
	<l id="154">Mais c'est un sentiment que pour jamais j'abjure.</l>
	<l id="155">Du plaisir d'obliger mon coeur trop satisfait </l>
	<l id="156">Saisit avidement le bonheur d'un bienfait :</l>
	<l id="157">Venez et vous verrez combien je suis heureuse</l>
	<l id="158">De vous prouver qu'il est une âme généreuse. </l>
	<l id="159">Dans des rochers affreux, elle nous conduisit.</l>
	<l id="160">Prévenant nos besoins, sa pitié nous nourrit.</l>
	<l id="161">Tant de soins, tant d'attraits : un rayon d'espérance</l>
	<l id="162">Fit succéder l'amour à la reconnaissance.</l>
	<l id="163">En tremblant à ses pieds, j'en fait le tendre aveu.</l>
	<l id="164">Rassure-toi, dit-elle... Oui, j'approuve ton feu.</l>
	<l id="165">L'amour dans nos forêts ne sait pas se contraindre.</l>
	<l id="166">Et l'art d'aimer ici ne fut point l'art de feindre.</l>
	<l id="167">Depuis ce bel instant, je la vois chaque jour,</l>
	<l id="168">Et chaque aurore voit augmenter mon amour.</l>
</sp>
<sp who="GERMAIN"><speaker>GERMAIN.</speaker>
	<l id="169">Et ma frayeur aussi, mon cher maître. De grâce,</l>
	<l id="170">Sortons de ces déserts où la mort nous menace</l>
	<l id="171">Et courons habiter le séjour de Paris. </l>
	<l id="172">Zélamire vous fait rester en ce pays ?</l>
	<l id="173">Eh bien, emmenons-la, qu'elle vous suive en France !</l>
	<l id="174">Vous pouvez l'emmener sans grande résistance </l>
	<l id="175">Et vous satisferez l'amour et l'amitié.</l>
</sp>
<sp who="BELFORT"><speaker>BELFORT.</speaker>
	<l id="176" syll="6" part="i">Il a raison, Dolnange.</l>
</sp>
<sp who="GERMAIN"><speaker>GERMAIN.</speaker>
	<l id="176" syll="6" part="f">Ah, Monsieur, par pitié,</l>
	<l id="177" syll="6" part="i">Rendez-vous à nos voeux !</l>
</sp>
<sp who="DOLNANGE"><speaker>DOLNANGE.</speaker>
	<l id="177" syll="6" part="f">Zélamire a son père.</l>
	<l id="178">Abandonnerait-elle une tête si chère.</l>
	<l id="179">Prolonger ses vieux jours fut son unique espoir</l>
	<l id="180">Et faire son bonheur est son premier devoir. </l>
	<l id="181">Emmenons le vieux père, et la mère, et la fille,</l>
	<l id="182">Emmenons le grand-père, et toute la famille,</l>
	<l id="183" syll="6" part="i">Et fuyons loin d'ici</l>
</sp>
<sp stage="toward" who="BELFORT"><speaker>BELFORT, à Dolnange.</speaker>
	<l id="183" syll="6" part="f">Viens, retournons au camp.</l>
	<l id="184">Voyons ton oncle ; il est humain, compatissant.</l>
	<l id="185">Il plaindra ton amour, l'approuvera peut-être,</l>
	<l id="186">Et de l'objet aimé pourra te rendre maître.</l>
</sp>
<sp who="GERMAIN"><speaker>GERMAIN.</speaker>
	<l id="187">Et s'il n'approuve pas, tous deux nous reviendrons</l>
	<l id="188">Servir de déjeuner à messieurs les Hurons.</l>
<stage type="aparte">À part.</stage>
	<l id="189" syll="6" part="i">Ah, si l'on m'y attrape...</l>
</sp>
<sp who="BELFORT"><speaker>BELFORT.</speaker>
	<l id="189" syll="6" part="f">Écoute ! Pour te plaire,</l>
	<l id="190">J'engagerai ton oncle à terminer l'affaire.</l>
	<l id="191" syll="6" part="i">J'ai du crédit sur lui...</l>
</sp>
<sp who="DOLNANGE"><speaker>DOLNANGE.</speaker>
	<l id="191" syll="6" part="f">Zélamire en ces lieux</l>
	<l id="192">Va se rendre et croira que j'évite ses yeux.</l>
	<l id="193" syll="6" part="i">Que pour la fuir...</l>
</sp>
<sp who="BELFORT"><speaker>BELFORT.</speaker>
	<l id="193" syll="6" part="f">Germain peut bien ici l'attendre</l>
	<l id="194" syll="6" part="i">Et l'instruire de tout.</l>
</sp>
<sp who="GERMAIN"><speaker>GERMAIN.</speaker>
	<l id="194" syll="6" part="f">Je ne saurai m'y prendre,</l>
	<l id="195" syll="4" part="i">Je narre mal.</l>
</sp>
<sp who="BELFORT"><speaker>BELFORT.</speaker>
	<l id="195" syll="8" part="f">Il est courageux, je le vois ;</l>
	<l id="196">Aussi vaillant que lui, tu peux rester, Dubois.</l>
	<l id="197" syll="6" part="i">Tu le seconderas... </l>
<stage type="toward">À Dolnange.</stage>
	<l id="197" syll="6" part="f">Et toi viens ... je te jure</l>
	<l id="198" syll="6" part="i">Que nous réussirons...</l>
</sp>
<sp who="DOLNANGE"><speaker>DOLNANGE.</speaker>
	<l id="198" syll="6" part="f">Germain, je t'en conjure.</l>
	<l id="199">Rassure Zélamire et fais-lui concevoir </l>
	<l id="200">Que je ne me dérobe au bonheur de la voir</l>
	<l id="201">Que pour la posséder, que pour la rendre heureuse</l>
	<l id="202">Et reconnaître enfin sa bonté généreuse</l>
	<l id="203">Au milieu des grandeurs, de la félicité,</l>
	<l id="204">Que par mille vertus elle a bien mérité.</l>
</sp>
</div2>
<div2 type="scene" n="3"><head>SCÈNE III. Germain, Dubois.</head>
<sp who="GERMAIN"><speaker>GERMAIN.</speaker>
	<l id="205">À quoi me réduit-on !... Trop faible créature !</l>
	<l id="206">Le sort a dans ces bois marqué ma sépulture.</l>
</sp>
<sp who="DUBOIS"><speaker>DUBOIS.</speaker>
	<l id="207">Mais est-il bien certain que ces peuples méchants</l>
	<l id="208">Se font un vrai plaisir de manger les passants ?</l>
	<l id="209">On ne poussa jamais si loin la barbarie !</l>
	<l id="210" syll="6" part="i">En as-tu fait l'essai ?</l>
</sp>
<sp who="GERMAIN"><speaker>GERMAIN.</speaker>
<note type="L">Butor : Familièrement, un homme stupide, grossier, maladroit. [L]</note>
	<l id="210" syll="6" part="f">Butor, serais-je en vie ?</l>
	<l id="211">Mais, hélas, je pressens qu'il faudra passer là.</l>
	<l id="212">De leurs mains, l'autre jour, le hasard me sauva.</l>
	<l id="213">Un Huron aux humains chassait sur la colline,</l>
	<l id="214">La goulu m'aperçoit, lorgne ma bonne mine :</l>
	<l id="215">Teint frais, bouche vermeille, oeil vif, corps gras, beau port,</l>
	<l id="216">Peau fine et blanche ; en moi, tout le charme d'abord.</l>
	<l id="217">À mon aspect, chez lui l'appétit se réveille.</l>
	<l id="218">Il court, saute et bientôt me saisit par l'oreille.</l>
	<l id="219">Mon maître entend mes cris, il paraît et, soudain,</l>
	<l id="220">Il charge le Huron qui, de sa belle main,</l>
	<l id="221">Reçoit pour l'autre monde un passeport en forme.</l>
</sp>
<sp who="DUBOIS"><speaker>DUBOIS.</speaker>
	<l id="222">Avant de voyager, prudemment on s'informe</l>
	<l id="223">Des moeurs des habitants, des risques à courir ;</l>
	<l id="224" syll="6" part="i">Et quand on est instruit...</l>
</sp>
<sp who="GERMAIN"><speaker>GERMAIN.</speaker>
	<l id="224" syll="6" part="f">Est-ce pour mon plaisir</l>
	<l id="225">Que je vins en ces lieux ? On a su m'y contraindre</l>
	<l id="226" syll="6" part="i">Et je vois que ma mort...</l>
</sp>
<sp who="DUBOIS"><speaker>DUBOIS.</speaker>
	<l id="226" syll="6" part="f">Va, tu n'as rien à craindre,</l>
	<l id="227">Tu peux te reposer ici sur ma valeur.</l>
	<l id="228">Un Huron n'est qu'un homme ! Et quand on a du coeur,</l>
	<l id="229">Il faut savoir combattre avant que de se rendre.</l>
	<l id="230">Contre une horde, seul, je pourrais me défendre.</l>
</sp>
<sp who="GERMAIN"><speaker>GERMAIN.</speaker>
	<l id="231">Ciel, près de ce buisson, j'entends quelqu'un marcher ! </l>
</sp>
<sp who="DUBOIS"><speaker>DUBOIS.</speaker>
	<l id="232">Défends-toi bien, Germain... Moi, je vais me cacher.</l>
<stage type="escape">Il s'enfuit.</stage>
</sp>
</div2>
<div2 type="scene" n="4"><head>SCÈNE IV.</head>
<sp stage="alone" who="GERMAIN"><speaker>GERMAIN, seul.</speaker>
	<l id="233">Attends-moi donc... Ah, c'est la soeur de Zélamire.</l>
	<l id="234">Dubois... Il est bien loin, sa frayeur me fait rire.</l>
	<l id="235">Aussi poltron qu'un autre, il vantait sa valeur.</l>
	<l id="236">Quelle fanfaronnade ! Il a, ma foi, du coeur !</l>
	<l id="237">Oh, le brave guerrier ! Pour une femme, il tremble.</l>
<stage type="watch/entrance">Voyant descendre Nadine de la montagne.</stage>
	<l id="238">La petite est gentille et je puis, ce me semble,</l>
	<l id="239">Pour charmer mon ennui dans ce triste séjour,</l>
	<l id="240">Puisqu'elle est seule ici, lui faire un peu ma cour.</l>
	<l id="241">Mon maître obtiendra l'une et moi l'autre... Je pense</l>
	<l id="242">Que, comme lui, je dois avoir la préférence</l>
	<l id="243">Sur les amants hurons... Ce peuple de vautours,</l>
	<l id="244">Sanguinaire et cruel jusques dans leurs amours.</l>
</sp>
</div2>
<div2 type="scene" n="5"><head>SCÈNE V. Germain, Nadine.</head>
<sp stage="show" who="NADINE"><speaker>NADINE, sans voir Germain.</speaker>
	<l id="245">Zélamire viendra quand... je ne vois personne...</l>
	<l id="246">Dolnange, hélas, a cru que ma soeur l'abandonne.</l>
	<l id="247">Il sera reparti... là... je m'en doutais bien...</l>
	<l id="248">Je l'ai dit à ma soeur, qui ne me croit en rien.</l>
	<l id="249">Il faut l'aimer bien peu pour l'avoir fait attendre.</l>
	<l id="250">Au point du jour ici, tous deux viennent se rendre.</l>
	<l id="251">Zélamire ne peut y venir aujourd'hui...</l>
	<l id="252">Son père, ce matin, l'occupe auprès de lui.</l>
	<l id="253">Dolnange, en son chagrin, sans doute a pris sa fuite</l>
	<l id="254">Pour la punir... Tant mieux, car elle le mérite.</l>
	<l id="255">Il a bien fait aussi de savoir se venger :</l>
	<l id="256">Quand on a des amants, on les fait enrager.</l>
	<l id="257">Oh, si j'en ai jamais sans tant faire la fière,</l>
	<l id="258">Au rendez-vous toujours je serai la première.</l>
<stage type="show">Germain se montre.</stage>
	<l id="259" syll="9" part="i">Ah, te voilà Germain ! Ton maître...</l>
</sp>
<sp who="GERMAIN"><speaker>GERMAIN.</speaker>
	<l id="259" syll="3" part="f">Va venir.</l>
	<l id="260">Un de ses bons amis qu'il vient d'entretenir</l>
	<l id="261">La conduit jusqu'au camp que l'on voit dans la plaine.</l>
	<l id="262" syll="6" part="i">Ils reviendront bientôt...</l>
</sp>
<sp who="NADINE"><speaker>NADINE.</speaker>
	<l id="262" syll="6" part="f">Je doute qu'il revienne</l>
	<l id="263">Quoi qu'il en soit dis-lui que Zélamire attend</l>
	<l id="264">Son retour en ces bois très impatiemment.</l>
	<l id="265" syll="8" part="i">Elle viendra s'y rendre. Adieu. </l>
</sp>
<sp who="GERMAIN"><speaker>GERMAIN.</speaker>
	<l id="265" syll="4" part="f">Quoi donc, si vite ?</l>
	<l id="266">Je gage qu'en secret votre coeur qui palpite,</l>
	<l id="267">Au rendez-vous déjà va trouver quelque amant ?</l>
</sp>
<sp who="NADINE"><speaker>NADINE.</speaker>
	<l id="268" syll="6" part="i">Qui, moi ? Je n'en ai point.</l>
</sp>
<sp who="GERMAIN"><speaker>GERMAIN.</speaker>
	<l id="268" syll="6" part="f">C'est dommage, vraiment.</l>
</sp>
<sp who="NADINE"><speaker>NADINE.</speaker>
	<l id="269">J'en avais un rempli d'amour, de complaisance :</l>
	<l id="270" syll="6" part="i">Je l'ai gardé deux jours.</l>
</sp>	
<sp who="GERMAIN"><speaker>GERMAIN.</speaker>
	<l id="270" syll="6" part="f">Voyez quelle constance !</l>
</sp>
<sp who="NADINE"><speaker>NADINE.</speaker>
	<l id="271">À mon âge, on ne veut que plaire, que charmer,</l>
	<l id="272">Et ce tyran jaloux voulait seul m'enflammer.</l>
</sp>
<sp who="GERMAIN"><speaker>GERMAIN.</speaker>
	<l id="273">Ou diable a-t-il vécu ? Dans les bois ? Mais j'espère</l>
	<l id="274">Que vous ne verrez plus cet amant éphémère.</l>
	<l id="275">Vos attraits enchanteurs me charment et je veux</l>
	<l id="276">Vous donner de ma main un aimable amoureux.</l>
</sp>
<sp who="NADINE"><speaker>NADINE.</speaker>
	<l id="277" syll="4" part="i">Est-ce un Français ? </l>
</sp>
<sp who="GERMAIN"><speaker>GERMAIN.</speaker>
	<l id="277" syll="8" part="f">Fort bien ! Vous les aimez, mignonne ?</l>
</sp>
<sp who="NADINE"><speaker>NADINE.</speaker>
	<l id="278">Oui, j'en veux avoir un... Je ne connais personne</l>
	<l id="279">Qui possède comme eux l'art de se faire aimer.</l>
</sp>
<sp who="GERMAIN"><speaker>GERMAIN.</speaker>
	<l id="280">Eh bien, c'est un Français que je vais vous nommer.</l>
	<l id="281">Il est beau, fait au tour, de l'esprit et des grâces ;</l>
	<l id="282">Il vous séduit, mais non par de fades grimaces</l>
	<l id="283">Qui des hommes du jour font le seul agrément,</l>
<note type="L">Caquet : Fig. Babil haut et bruyant, et aussi babil de jactance. [L]</note>
	<l id="284">Mais par un beau génie, un caquet amusant.</l>
</sp>
<sp who="NADINE"><speaker>NADINE.</speaker>
	<l id="285">Dis donc qui c'est déjà, je voudrais le connaître.</l>
</sp>
<sp who="GERMAIN"><speaker>GERMAIN.</speaker>
	<l id="286" syll="4" part="i">Eh bien, c'est moi !</l>
</sp>
<sp who="NADINE"><speaker>NADINE.</speaker>
	<l id="286" syll="8" part="f">Fi donc, cela ne saurait être !</l>
	<l id="287">Tu me l'as peint joli, plein d'esprit et bien fait ;</l>
	<l id="288">Et toi tu me parais assez sot et fort laid.</l>
</sp>
<sp who="GERMAIN"><speaker>GERMAIN.</speaker>
	<l id="289" syll="6" part="i">Vous en jugez très mal.</l>
</sp>
<sp who="NADINE"><speaker>NADINE.</speaker>
	<l id="289" syll="6" part="f">C'est ce que dit ton maître.</l>
</sp>
<sp who="GERMAIN"><speaker>GERMAIN.</speaker>
	<l id="290" syll="6" part="i">Il ne s'y connaît pas.</l>
</sp>
<sp who="NADINE"><speaker>NADINE.</speaker>
	<l id="290" syll="6" part="f">Il doit bien s'y connaître.</l>
	<l id="291">Quant à moi, je ne sais juger que par mon coeur.</l>
	<l id="292">Si tu voyais Dolnange aux genoux de ma soeur...</l>
	<l id="293">Les jolis mots qu'il dit : quelle ardeur, quelle flamme !</l>
	<l id="294">Dans ses yeux brille un feu qui dévore son âme.</l>
	<l id="295">L'amour qui fut pour lui le dieu de vérité</l>
	<l id="296">Est le garant sacré de sa sincérité.</l>
	<l id="297">Aussi, quand je le vois, une rougeur subite</l>
	<l id="298">Couvre bientôt mon front et puis mon coeur palpite,</l>
	<l id="299">Et croit voir le bonheur suivre un pareil amant,</l>
	<l id="300">Au lieu qu'il ne sent rien, Germain, en te voyant.</l>
</sp>
<sp who="GERMAIN"><speaker>GERMAIN.</speaker>
	<l id="301">Je saurai vous forcer à me rendre les armes,</l>
	<l id="302">Quand je me servirai du pouvoir de mes charmes</l>
	<l id="303">C'est depuis le moment que je vous vis ici</l>
	<l id="304">Que je conçus l'espoir d'être votre mari. </l>
</sp>
<sp who="NADINE"><speaker>NADINE.</speaker>
	<l id="305">Mon mari ! Juste ciel ! Que je serais à plaindre.</l>
</sp>
<sp who="GERMAIN"><speaker>GERMAIN.</speaker>
	<l id="306">Pourquoi vous récrier ! Je m'en vais vous dépeindre</l>
	<l id="307">Celui qu'avec honneur, vous venez de nommer.</l>
	<l id="308">C'est un être charmant, qui sait se faire aimer.</l>
	<l id="309">Toujours plus amoureux, plus épris de sa femme,</l>
	<l id="310">Chaque jour, chaque instant voit augmenter sa flamme.</l>
	<l id="311">Rempli d'égards, de soins, il n'a d'autre bonheur</l>
	<l id="312">Que celui de l'objet qui maîtrise son coeur.</l>
	<l id="313">Indifférents pour tous, tendre, constant, fidèle,</l>
	<l id="314">Sa femme est son héros : il ne vit que pour elle.</l>
	<l id="315">Ses désirs sont les siens, sa gloire, son honneur,</l>
	<l id="316">Sa destinée, enfin tout dépend du vainqueur.</l>
</sp>
<sp who="NADINE"><speaker>NADINE.</speaker>
	<l id="317">Dolnange, qui peignait l'époux d'après nature,</l>
	<l id="318" syll="6" part="i">N'en parlait pas ainsi.</l>
</sp>
<sp who="GERMAIN"><speaker>GERMAIN.</speaker>
	<l id="318" syll="6" part="f">Par méchanceté pure.</l>
</sp>
<sp who="NADINE"><speaker>NADINE.</speaker>
	<l id="319">Rien que sur le portait qu'il en fit à ma soeur,</l>
	<l id="320">Pour ce nom si fâcheux je conçus de l'horreur.</l>
	<l id="321">Un mari, disait-il, est un être bizarre :</l>
	<l id="322">S'il aime, il est tyran ; s'il hait, il est barbare.</l>
	<l id="323">Injuste, soupçonneux, exigeant, tour à tour,</l>
	<l id="324">Chez lui la jalousie empoisonne l'amour.</l>
	<l id="325">Si c'est l'indifférence, elle est bien plus cruelle.</l>
	<l id="326">Elle livre au mépris une épouse fidèle,</l>
	<l id="327">Qui voit un autre objet usurper le bonheur,</l>
	<l id="328">Qu'elle dut obtenir du tyran de son coeur.</l>
</sp>
<sp stage="aparte" who="GERMAIN"><speaker>GERMAIN, à part.</speaker>
	<l id="329" syll="1" part="i">Bon.</l>
</sp>
<sp who="NADINE"><speaker>NADINE.</speaker>
	<l id="329" syll="11" part="f">Dolnange dit que dans votre patrie,</l>
	<l id="330">Souvent par intérêt on s'unit pour la vie</l>
	<l id="331">Avec ceux que l'on hait ou qu'on ne connaît pas.</l>
	<l id="332">Peut-on dans de tels noeuds trouver quelques appas ?</l>
</sp>
<sp who="GERMAIN"><speaker>GERMAIN.</speaker>
	<l id="333">Non, mais c'est que l'argent, vous l'ignorez Nadine,</l>
<note type="L">Lutiner : Tourmenter comme ferait un lutin. [L]</note>
	<l id="334">Est un démon malin qui toujours nous lutine.</l>
	<l id="335">À qui l'on sacrifie honneur, gloire, vertu,</l>
	<l id="336">Sa santé, son bonheur et son coeur par-dessus. </l>
</sp>
<sp who="NADINE"><speaker>NADINE.</speaker>
	<l id="337">Nous gardons entre nous un plus juste équilibre.</l>
	<l id="338">Plus sage dans nos bois, l'amour est un dieu libre.</l>
	<l id="339">Tant que nous nous aimons, nous sommes enchaînés ;</l>
	<l id="340">Si nous nous déplaisons, nous sommes condamnés,</l>
	<l id="341">En rompant nos liens, à former d'autres chaînes</l>
	<l id="342">Qui ne soient pas pour nous une source de peines.</l>
</sp>
<sp stage="aparte" who="GERMAIN"><speaker>GERMAIN, à part.</speaker>
	<l id="343">Ciel, les Hurons ! Fuyons un supplice nouveau.</l>
	<l id="344">Les gloutons de Germain ne feraient qu'un morceau.</l>
</sp>
</div2>
<div2 type="scene" n="6"><head>SCÈNE VI. Nadine, Oukéa.</head>
<sp who="NADINE"><speaker>NADINE.</speaker>
	<l id="345">Où va-t-il donc ? Il court sans doute après son maître.</l>
	<l id="346">Tant mieux... C'est Oukéa qu'ici je vois paraître.</l>
	<l id="347">Il recherche ma soeur vainement aujourd'hui,</l>
	<l id="348">Elle adore un Français qui vaut bien mieux que lui. </l>
</sp>
<sp who="OUKÉA"><speaker>OUKÉA.</speaker>
	<l id="349" syll="6" part="i">Où donc est Zélamire ?</l>
</sp>
<sp who="NADINE"><speaker>NADINE.</speaker>
	<l id="349" syll="6" part="f">Elle est avec son père.</l>
</sp>
<sp who="OUKÉA"><speaker>OUKÉA.</speaker>
	<l id="350" syll="6" part="i">Il faut que je lui parle.</l>
</sp>
<sp who="NADINE"><speaker>NADINE.</speaker>
	<l id="350" syll="6" part="f">Il n'est pas nécessaire,</l>
	<l id="351">Tu lui feras plaisir de ne plus la revoir.</l>
</sp>
<sp who="OUKÉA"><speaker>OUKÉA.</speaker>
	<l id="352">Veut-elle me porter au dernier désespoir ?</l>
</sp>
<sp who="NADINE"><speaker>NADINE.</speaker>
	<l id="353" syll="6" part="i">Et que lui feras-tu ?</l>
</sp>
<sp who="OUKÉA"><speaker>OUKÉA.</speaker>
	<l id="353" syll="6" part="f">L'ingrate ! Je l'adore !</l>
	<l id="354">Pour prix de mon amour, elle me hait, m'abhorre.</l>
	<l id="355">Que plutôt Oukéa, par les cieux écrasé,</l>
	<l id="356">Soit victime des maux d'un amour méprisé,</l>
	<l id="357">Que de souffrir l'affront de son indifférence.</l>
	<l id="358">Elle fait mon malheur, je veux dans ma vengeance</l>
	<l id="359">Déchirer à ses yeux cet indigne Français,</l>
	<l id="360">Qui m'a ravi ce coeur qu'il n'obtiendra jamais,</l>
	<l id="361">À moins que du Destin le funeste caprice,</l>
	<l id="362">N'entrouvre un gouffre affreux qui soudain m'engloutisse.</l>
	<l id="363">Tant que le ciel, enfin, me laissera respirer,</l>
	<l id="364">Je mettrai mon bonheur à la désespérer.</l>
</sp>
<sp who="NADINE"><speaker>NADINE.</speaker>
	<l id="365">Par pitié, quelquefois ma soeur daignait te plaindre,</l>
	<l id="366">Elle te haïra si tu veux la contraindre.</l>
</sp>
<sp who="OUKÉA"><speaker>OUKÉA.</speaker>
	<l id="367">Eh ! Que peut m'importer sa haine ou sa pitié ?</l>
	<l id="368">Je dois m'attendre à tout quand je suis oublié.</l>
	<l id="369">Il faut que je l'obtienne ou bien que je périsse.</l>
	<l id="370">Après l'avoir livrée au plus affreux supplice,</l>
	<l id="371">En immolant l'objet qu'on m'oser préférer.</l>
</sp>
<sp who="NADINE"><speaker>NADINE.</speaker>
	<l id="372">Est-ce là le moyen de te faire adorer ?</l>
	<l id="373">Elle ne t'aime plus et ton coeur s'en offense ?</l>
	<l id="374">Tu la punirais plus par ton indifférence</l>
	<l id="375">Que par ces vains transports que brave son amour.</l>
	<l id="376">Nous voudrions avoir vingt amants chaque jour,</l>
	<l id="377">Et pour en faire plus aucun soin ne nous coûte.</l>
	<l id="378">Si l'un d'eux nous dédaigne, il nous punit sans doute.</l>
	<l id="379">Nous voulons les voir tous nous aimer sans espoir,</l>
	<l id="380">Mais s'il s'en échappe un on voudrait le ravoir.</l>
	<l id="381">Crois-moi, quand on veut plaire, il faut avec adresse</l>
	<l id="382">Opposer tour à tour la ruse et la finesse.</l>
</sp>
<sp who="OUKÉA"><speaker>OUKÉA.</speaker>
	<l id="383">Penses-tu que mon coeur blessé cruellement </l>
	<l id="384">Veut suivre le conseil que me donne un enfant ?</l>
</sp>
<sp who="NADINE"><speaker>NADINE.</speaker>
	<l id="385">Je suis jeune... Je sens que j'ai peu de malice,</l>
	<l id="386">Mais je crois qu'en amour il est peu de novice ;</l>
	<l id="387">Et le plus innocent est maître en l'art d'aimer.</l>
	<l id="388">Mes discours cependant ne peuvent te calmer</l>
	<l id="389">Je m'enfuis... Laisse là cette mine boudeuse, </l>
	<l id="390">Rien ne rend aussi laid que l'humeur querelleuse.</l>
	<l id="391">Si j'avais un amant qui pût te ressembler,</l>
	<l id="392">Avec un air pareil, il me ferait trembler.</l>
	<l id="393">Et mon coeur, que déjà ta vaine fureur choque,</l>
	<l id="394">Se moquerait de toi comme ma soeur s'en moque. </l>
</sp>
</div2>
<div2 type="scene" n="7"><head>SCÈNE VII.</head>
<sp stage="alone" who="OUKÉA"><speaker>OUKÉA.</speaker>
	<l id="395">Je jure par l'amour que ce n'est pas en vain</l>
	<l id="396">Que sa flamme en fureur se change dans mon sein.</l>
	<l id="397">Je ne suis pas cruel, mais il m'enseigne à l'être.</l>
	<l id="398">Allons trouver l'ingrate, elle apprendra peut-être</l>
	<l id="399">Ce que peut dans sa rage un amant rebuté.</l>
	<l id="400">Je veux jusqu'à l'excès porter la cruauté,</l>
	<l id="401">Je veux, dans les transports dont la fureur me guide, </l>
	<l id="402">Sous mes coups redoublés écraser la perfide.</l>
	<l id="403">Et déchirant son coeur percé du coup mortel :</l>
	<l id="404">Que dis-tu, malheureux, quel spectacle cruel ?</l>
	<l id="405">L'amour était-il fait pour me rendre barbare ?</l>
	<l id="406">Qui, moi, plus inhumain qu'un féroce tartare,</l>
	<l id="407">Cédant à la rigueur d'un sentiment nouveau,</l>
	<l id="408">Dans un coeur que j'adore enfoncer le couteau ?</l>
	<l id="409">Que ma rage plutôt retombe sur moi-même.</l>
	<l id="410">Quoi, je veux la punir parce qu'un autre l'aime !</l>
	<l id="411">Elle me hait... peut-on commander à son coeur ?</l>
	<l id="412">Et puis-je maîtriser ma malheureuse ardeur ?</l>
	<l id="413">J'adore une infidèle, elle outrage ma flamme ; </l>
	<l id="414">Embrassons un projet plus digne de mon âme,</l>
	<l id="415">Faisons-la repentir d'oser m'abandonner,</l>
	<l id="416">Je pourrais l'en punir, je veux lui pardonner,</l>
	<l id="417">l'accabler de bienfaits et lui faire connaître</l>
	<l id="418">Qu'un coeur tel que le mien la méritait peut-être.</l>
	<l id="419">Oukéa généreux, lâchement outragé,</l>
	<l id="420">Put lui donner la mort et s'est bien mieux vengé.</l>
	<l id="421">La vertu dans son coeur anéantit le crime...</l>
	<l id="422">Mais envers son amant ma rage est légitime.</l>
	<l id="423">C'est lui qui l'a séduite ; et Zélamire ici,</l>
	<l id="424">Sous les lois d'Oukéa, serait encor sans lui.</l>
	<l id="425">Qu'il meure sous mes coups et que l'ingrate apprenne</l>
	<l id="426">Jusqu'où vont mes vertus, ma vengeance et ma haine.</l>
<stage type="explicit">Fin du premier acte.</stage>
</sp>
</div2>
</div1>
<div1 type="act" n="2"><head>ACTE II</head>
<div2 type="scene" n="1"><head>[SCÈNE I]. Germain, Dubois.</head>
<sp who="DUBOIS"><speaker>DUBOIS.</speaker>
	<l id="427">Tu veux venir ici, mais y sommes-nous bien ?</l>
</sp>
<sp who="GERMAIN"><speaker>GERMAIN.</speaker>
	<l id="428">N'es-tu pas avec moi ? Va, n'appréhende rien.</l>
</sp>
<sp who="DUBOIS"><speaker>DUBOIS.</speaker>
	<l id="429">Je n'ai pas comme toi cette ardeur magnanime :</l>
	<l id="430" syll="6" part="i">Si l'on vient, je m'enfuis.</l>
</sp>
<sp who="GERMAIN"><speaker>GERMAIN.</speaker>
	<l id="430" syll="6" part="f">Quel coeur pusillanime !</l>
	<l id="431">Moi, je ne fuis jamais ; d'ailleurs, mon maître ici</l>
	<l id="432" syll="6" part="i">Pourrait bien nous sauver.</l>
</sp>
<sp who="DUBOIS"><speaker>DUBOIS.</speaker>
	<l id="432" syll="6" part="f">Oui, je m'y fie aussi ?</l>
</sp>
<sp who="GERMAIN"><speaker>GERMAIN.</speaker>
	<l id="433">Pourquoi non ? Un Sauvage allait perdre la vie.</l>
	<l id="434">Dolnange, seul vainqueur d'une troupe ennemie,</l>
	<l id="435">Combattit comme un tigre et sauva l'Iroquois, </l>
	<l id="436">Qui sans mon maître était pourfendu cette fois.</l>
	<l id="437">Si l'on nous attaquait, nous trouverions peut-être</l>
	<l id="438">Cet homme qu'a sauvé la valeur de mon maître,</l>
	<l id="439" syll="6" part="i">Il viendrait nous défendre.</l>
</sp>
<sp who="DUBOIS"><speaker>DUBOIS.</speaker>
	<l id="439" syll="6" part="f">Oh non pas, s'il vous plaît !</l>
	<l id="440">Ici tout comme en France on oublie un bienfait.</l>
	<l id="441">Il peut avoir affaire et sa reconnaissance</l>
	<l id="442">Nous laissera périr par simple négligence.</l>
	<l id="443">Ne pas nous exposer est toujours le meilleur.</l>
</sp>
<sp who="GERMAIN"><speaker>GERMAIN.</speaker>
	<l id="444" syll="6" part="i">Quelqu'un vient, cachons-nous.</l>
</sp>
<sp who="DUBOIS"><speaker>DUBOIS.</speaker>
	<l id="444" syll="6" part="f">Ô ciel, je meurs de peur !</l>
</sp>
<sp who="GERMAIN"><speaker>GERMAIN.</speaker>
	<l id="445" syll="6" part="i">C'est Zélamire, bon.</l>
</sp>
<sp who="DUBOIS"><speaker>DUBOIS.</speaker>
	<l id="445" syll="6" part="f">Je la redoute encore.</l>
	<l id="446">Et le sexe sauvage est, dit-on, carnivore.</l>
	<l id="447" syll="6" part="i">Viens, sauvons-nous toujours.</l>
</sp>
<sp who="GERMAIN"><speaker>GERMAIN.</speaker>
	<l id="447" syll="6" part="f">Tu peux bien l'observer.</l>
</sp>
<sp who="DUBOIS"><speaker>DUBOIS.</speaker>
	<l id="448">Mes jours me sont trop chers, je veux les conserver.</l>
<stage type="away/location">Ils se retirent dans le fond.</stage>
</sp>
</div2>
<div2 type="scene" n="3"><head>SCÈNE II. Zélamire, Dubois et Germain, à l'écart.</head> 
<sp who="ZÉLAMIRE"><speaker>ZÉLAMIRE.</speaker>
	<l id="449">Dolnange, me voici ! Mon âme impatiente !...</l>
	<l id="450">Ah, ne te cache plus aux yeux de ton amante.</l>
	<l id="451">Parais... Il ne vient pas ! Qu'est-il donc devenu ?</l>
	<l id="452">Ciel, quel présage affreux pour mon coeur suspendu !</l>
	<l id="453">Si de quelque autre objet la présence nouvelle...</l>
	<l id="454">Le puis-je croire ? Non... Dolnange m'est fidèle.</l>
	<l id="455">Son coeur m'est bien connu, j'en atteste l'amour.</l>
	<l id="456">Un si grand changement se fait-il en un jour ?</l>
	<l id="457">Convaincu, à jamais, du feu qui le dévore,</l>
	<l id="458">À le trouver constant je dois m'attendre encore.</l>
	<l id="459">Et tel qui sait aimer... On approche, c'est lui...</l>
<stage type="away">Germain passant.</stage>
	<l id="460">Vaine erreur ! Tout doit-il m'abuser aujourd'hui ?</l>
	<l id="461">Germain, que fait ton maître ? Et quelle horrible affaire,</l>
	<l id="462">Du bonheur de nous voir a donc pu le distraire ?</l>
	<l id="463">Qui peut le dérober à mon empressement ?</l>
</sp>
<sp who="GERMAIN"><speaker>GERMAIN.</speaker>
	<l id="464" syll="3" part="i">Il m'a dit...</l>
</sp>
<sp stage="interrupt" who="ZÉLAMIRE"><speaker>ZÉLAMIRE, l'interrompant.</speaker>
	<l id="464" syll="9" part="f">Je frémis... achève promptement ! </l>
</sp>
<sp who="GERMAIN"><speaker>GERMAIN.</speaker>
	<l id="465" syll="5" part="i">Avant son départ...</l>
</sp>
<sp who="ZÉLAMIRE"><speaker>ZÉLAMIRE.</speaker>
	<l id="465" syll="7" part="f">Ciel, il est parti ! Barbare !</l>
	<l id="466">À la face des cieux mon amour te déclare</l>
	<l id="467">Que de la feinte ardeur dont tu viens m'outrager</l>
	<l id="468">Au bout de l'univers je saurai me venger.</l>
	<l id="469">Est-ce qu'impunément on peut être parjure ?</l>
	<l id="470">Va, ce crime odieux que proscrit la nature</l>
	<l id="471">Ailleurs comme en ces bois aura son châtiment.</l>
</sp>
<sp who="GERMAIN"><speaker>GERMAIN.</speaker>
	<l id="472">Zélamire, de grâce, écoutez un moment !</l>
	<l id="473">À vos vivacités, tâchez de faire trêve.</l>
	<l id="474">Vous vous emportez trop, permettez que j'achève.</l>
	<l id="475">Votre amant est parti, mais c'est pour revenir.</l>
	<l id="476">À ne vous plus revoir pourrait-il consentir ?</l>
	<l id="477" syll="4" part="i">Il en mourrait....</l>
</sp>
<sp who="ZÉLAMIRE"><speaker>ZÉLAMIRE.</speaker>
	<l id="477" syll="8" part="f">Germain, tu m'abuses peut-être ?</l>
</sp>
<sp who="GERMAIN"><speaker>GERMAIN.</speaker>
	<l id="478">Non, c'est la vérité. Vous saurez que mon maître</l>
	<l id="479">A trouvé par hasard un Français dans ces lieux</l>
	<l id="480">Qui l'a conduit au camp près d'un oncle fort vieux, </l>
	<l id="481">Pour lui parler de vous, lui peindre sa tendresse,</l>
	<l id="482">Obtenir son aveu pour vous aimer sans cesse,</l>
	<l id="483">Et vous placer enfin au rang le plus brillant.</l>
</sp>
<sp who="ZÉLAMIRE"><speaker>ZÉLAMIRE.</speaker>
	<l id="484" syll="6" part="i">Son coeur seul me suffit.</l>
</sp>
<sp who="GERMAIN"><speaker>GERMAIN.</speaker>
	<l id="484" syll="6" part="f">Je le crois... Cependant</l>
	<l id="485">Pour vous calmer, il m'a prescrit de vous attendre.</l>
	<l id="486">Et de sa part, ici, je dois vous faire entendre</l>
	<l id="487">Que sa démarche est pure et son coeur sans détour,</l>
	<l id="488">Qu'il ne s'éloigne enfin que par excès d'amour.</l>
	<l id="489">Son âme est à la vôtre à jamais attachée.</l>
	<l id="490">Ah, dans un petit coin, que n'étiez-vous cachée !</l>
	<l id="491">Son ton vous eût séduite : "Oui, Germain, disait-il</l>
	<l id="492">De mes jours à tes yeux je trancherais le fil</l>
	<l id="493">Si je savais manquer à la reconnaissance</l>
	<l id="494">À l'amour, à l'ardeur..." Ai-je son éloquence</l>
	<l id="495">Pour peindre comme lui ce qu'un coeur peut sentir ?</l>
	<l id="496">Mais je puis vous jurer qu'il va bientôt venir.</l>
	<l id="497">Et pour hâter ses pas, il faut que je vous quitte.</l>
	<l id="498" syll="6" part="i">Je vais vous l'amener.</l>
<stage type="low/toward">Bas, à Dubois.</stage>
	<l id="498" syll="6" part="f">Enfuyons nous bien vite.</l>
<stage type="exit">Ils sortent.</stage>
</sp>
</div2>
<div2 type="scene" n="3"><head>SCÈNE III.</head>
<sp stage="alone" who="ZÉLAMIRE"><speaker>ZÉLAMIRE, seule.</speaker>
	<l id="499">Je ne suis pas tranquille et jusqu'à son retour,</l>
	<l id="500">Mon coeur plus inquiet... Pourquoi donc ce détour ?</l>
	<l id="501">Ce mystère m'étonne... Est-il nécessaire</l>
	<l id="502">De me faire un secret d'une important affaire ?</l>
	<l id="503">J'ai cru m'apercevoir que Germain hésitait,</l>
	<l id="504">À travers ses discours le mensonge perçait.</l>
	<l id="505">Dolnange, me trahir ? Ah, serait-il capable,</l>
	<l id="506">À mes yeux indignés, de se rendre coupable ?</l>
	<l id="507">Non, non, et mes soupçons ne sauraient me tromper.</l>
	<l id="508">Mais c'est son retour seul qui peut les dissiper. </l>
</sp>
</div2>
<div2 stage="location/run" type="scene" n="4"><head>SCÈNE IV. Zélamire, Oukéa, Germain, sur la montagne et courant à Zélamire.</head> 
<sp who="GERMAIN"><speaker>GERMAIN.</speaker>
	<l id="509">Je me meurs ! On me tue ! Il faut que je périsse !</l>
</sp>
<sp who="OUKÉA"><speaker>OUKÉA, une massue à la main.</speaker>
	<l id="510">Rien ne peut te soustraire à ton juste supplice.</l>
	<l id="511">Je vais même à ses yeux te déchirer le flanc</l>
	<l id="512">Et laver mon affront dans ton infâme sang.</l>
</sp>
<sp stage="kneel/frighten" who="GERMAIN"><speaker>GERMAIN, à genoux et tremblant.</speaker>
	<l id="513">Respectable affamé, par la faim qui vous presse,</l>
	<l id="514">Laissez-moi vivre encor : il faut que je m'engraisse. </l>
	<l id="515">Quel plaisir aurez-vous de me tordre le cou ?</l>
	<l id="516">Voyez, ne suis-je pas aussi sec qu'un coucou ?</l>
	<l id="517">Ce ne sont que des os et ma chair coriace</l>
	<l id="518">Ne satisferait point votre appétit vorace !</l>
	<l id="519">Pour faire de mon corps un excellent ragout,</l>
	<l id="520">Donnez-moi quinze jours quelques mets à mon goût.</l>
	<l id="521">À ma discrétion livrez votre volaille </l>
	<l id="522">Et vous me mangerez aussi gras qu'une caille.</l>
</sp>
<sp who="OUKÉA"><speaker>OUKÉA.</speaker>
	<l id="523">Vil objet de ma haine, odieux séducteur,</l>
	<l id="524">Ta lâcheté pourrait adoucir ma fureur,</l>
	<l id="525">Si ma rage envers toi n'était pas légitime.</l>
	<l id="526" syll="6" part="i">Mais j'ai juré ta mort.</l>
</sp>
<sp who="ZÉLAMIRE"><speaker>ZÉLAMIRE.</speaker>
	<l id="526" syll="6" part="f">Qu'a-t-il fait ? Et quel crime ?</l>
</sp>
<sp who="OUKÉA"><speaker>OUKÉA.</speaker>
	<l id="527" syll="6" part="i">L'amour qu'il a pour toi...</l>
</sp>
<sp who="GERMAIN"><speaker>GERMAIN.</speaker>
	<l id="527" syll="6" part="f">Moi, je ne l'aime pas</l>
	<l id="528">C'est mon maître qui rend hommage à ses appas,</l>
	<l id="529" syll="6" part="i">Pour moi, je la déteste.</l>
</sp>
<sp who="OUKÉA"><speaker>OUKÉA.</speaker>
	<l id="529" syll="6" part="f">Et qui donc est ton maître ?</l>
</sp>
<sp who="GERMAIN"><speaker>GERMAIN.</speaker>
	<l id="530">Seigneur, pour en juger, il faudrait le connaître.</l>
	<l id="531">Il est beau, blanc, bien gras, c'est un morceau de roi.</l>
	<l id="532" syll="5" part="i">Je vais le chercher.</l>
</sp>
<sp who="OUKÉA"><speaker>OUKÉA.</speaker>
	<l id="532" syll="3" part="m">Non, attends.</l>
</sp>
<sp stage="aparte" who="GERMAIN"><speaker>GERMAIN, à part.</speaker>
	<l id="532" syll="4" part="f">C'est fait de moi.</l>
</sp>
<sp who="ZÉLAMIRE"><speaker>ZÉLAMIRE.</speaker>
	<l id="533" syll="3" part="i">Que veux-tu ?</l>
</sp>
<sp who="OUKÉA"><speaker>OUKÉA.</speaker>
	<l id="533" syll="3" part="m">Puisqu'il t'aime...</l>
</sp>
<sp who="GERMAIN"><speaker>GERMAIN.</speaker>
	<l id="533" syll="6" part="f">Eh non, je vous assure</l>
	<l id="534">Un autre est son amant. Si c'est une imposture,</l>
	<l id="535" syll="4" part="i">Assommez-moi.</l>
</sp>
<sp who="OUKÉA"><speaker>OUKÉA.</speaker>
	<l id="535" syll="8" part="f">Qu'il vienne et cesse de me fuir ;</l>
	<l id="536">Qu'il vienne m'immoler ou qu'il vienne mourir ;</l>
	<l id="537">Qu'il apprenne à me vaincre et me fasse connaître</l>
	<l id="538">Si je suis son esclave ou si je suis son maître. </l>
	<l id="539">S'il oppose à mes feux des feux aussi brûlants,</l>
	<l id="540">Si son amour vainqueur peut commander au temps,</l>
	<l id="541">Que le hasard, la force ou la valeur décide.</l>
	<l id="542">Quiconque sait aimer n'a pas un coeur timide.</l>
	<l id="543" syll="6" part="i">S'il t'aime, qu'il paraisse.</l>
</sp>
<sp who="ZÉLAMIRE"><speaker>ZÉLAMIRE.</speaker>
	<l id="543" syll="6" part="f">Et crois-tu que mon coeur,</l>
	<l id="544">D'un lâche et vil amant aurait fait son vainqueur ?</l>
	<l id="545">Plus délicat encor que le tien n'est farouche,</l>
	<l id="546">Je te proteste ici que l'objet qui me touche,</l>
	<l id="547">Plus amoureux sans doute, et plus vaillant que toi,</l>
	<l id="548">En est plus digne aussi de recevoir ma foi.</l>
</sp>
<sp who="OUKÉA"><speaker>OUKÉA.</speaker>
	<l id="549">J'ose l'en défier... mais tu trompes... Je jure</l>
	<l id="550" syll="6" part="i">Que voilà ton amant.</l>
</sp>
<sp who="GERMAIN"><speaker>GERMAIN.</speaker>
	<l id="550" syll="6" part="f">En ai-je l'encolure ?</l>
	<l id="551">Je peux vous attester qu'il était en ces lieux,</l>
	<l id="552">Lorsqu'un de ses amis s'est offert à ses yeux.</l>
	<l id="553">Pour retourner au camp, il s'est laissé séduire.</l>
	<l id="554">Si vous voulez le voir, je vais vous y conduire :</l>
	<l id="555" syll="3" part="i">Suivez-moi...</l>
</sp>
<sp who="OUKÉA"><speaker>OUKÉA.</speaker>
	<l id="555" syll="9" part="f">Crois-tu donc que s'il t'aimait vraiment,</l>
	<l id="556">Il t'abandonnerait ? Vois ton aveuglement !</l>
	<l id="557">Par son indifférence, il prouverait qu'il t'aime ?</l>
	<l id="558">Compare sa froideur à mon amour extrême</l>
	<l id="559">Et sois juste. Bien plus, pour combler ton affront,</l>
	<l id="560">Il va partir. Jamais tes yeux ne le verront.</l>
	<l id="561" syll="6" part="i">Il ne reviendra pas. </l>
</sp>
<sp who="ZÉLAMIRE"><speaker>ZÉLAMIRE.</speaker>
	<l id="561" syll="3" part="m">Pourrait-il...</l>
</sp>
<sp stage="low" who="GERMAIN"><speaker>GERMAIN, bas.</speaker>
	<l id="561" syll="3" part="f">Zélamire !</l>
	<l id="562" syll="3" part="i">Croyez qu'il...</l>
</sp>
<sp who="OUKÉA"><speaker>OUKÉA.</speaker>
	<l id="562" syll="3" part="m">Que dis-tu ?</l>
</sp>
<sp who="GERMAIN"><speaker>GERMAIN.</speaker>
	<l id="562" syll="3" part="m">Rien du tout.</l>
</sp>
<sp who="OUKÉA"><speaker>OUKÉA.</speaker>
	<l id="562" syll="3" part="f">Il faut dire</l>
	<l id="563">Ce que tu peux savoir et ne rien déguiser,</l>
	<l id="564">Ou bien de mille coups ma main va t'écraser.</l>
</sp>
<sp who="GERMAIN"><speaker>GERMAIN.</speaker>
	<l id="565">Eh bien, j'obéirai. Que faut-il vous apprendre ?</l>
</sp>
<sp who="OUKÉA"><speaker>OUKÉA.</speaker>
	<l id="566">Que son amant la fuit ; plus parjure que tendre,</l>
	<l id="567">Il ne saurait garder un coeur comme le sien.</l>
	<l id="568">Pour conserver ta vie, il n'est que ce moyen.</l>
	<l id="569" syll="6" part="i">La vérité te sauve.</l>
</sp>
<sp stage="aparte" who="GERMAIN"><speaker>GERMAIN, à part.</speaker>
	<l id="569" syll="6" part="f">Ou plutôt le mensonge</l>
	<l id="570" syll="6" part="i">Ayons recours à lui... </l>
<stage type="loud">Haut.</stage>
	<l id="570" syll="6" part="f">Seigneur, lorsque j'y songe</l>
	<l id="571">Je ne puis me résoudre à vendre impunément</l>
	<l id="572">Le secret de mon maître... Il le faut cependant,</l>
<note type="C">Le vers 573 comporte 13 pieds.</note>
	<l id="573" syll="6" part="i">Puisque vous l'exigez.</l>
</sp>
<sp who="OUKÉA"><speaker>OUKÉA.</speaker>
	<l id="573" syll="1" part="m">Parle.</l>
</sp>
<sp who="GERMAIN"><speaker>GERMAIN.</speaker>
	<l id="573" syll="5" part="f">Amante infortunée !</l>
	<l id="574">Êtes-vous faites, hélas, pour être abandonnée ?</l>
	<l id="575">Votre parjure amant... (vous l'aviez bien prévu)</l>
	<l id="576" syll="6" part="i">Va retourner en France.</l>
</sp>
<sp who="ZÉLAMIRE"><speaker>ZÉLAMIRE.</speaker>
	<l id="576" syll="6" part="f">Ô ciel ! Qu'ai-je entendu ?</l>
</sp>
<sp who="GERMAIN"><speaker>GERMAIN.</speaker>
	<l id="577">Oui, c'est la vérité, je l'avais déguisée</l>
	<l id="578">Mais vous méritez bien d'être désabusée.</l>
</sp>
<sp who="OUKÉA"><speaker>OUKÉA.</speaker>
	<l id="579" syll="3" part="i">C'est bon, pars.</l>
</sp>
<sp who="GERMAIN"><speaker>GERMAIN.</speaker>
	<l id="579" syll="3" part="m">Tout de suite.</l>
<stage type="escape">Il s'enfuit.</stage>
</sp>
</div2>
<div2 type="scene" n="5"><head>SCÈNE V. Zélamire, Oukéa.</head>
<sp who="OUKÉA"><speaker>OUKÉA.</speaker>
	<l id="579" syll="6" part="f">Eh quoi, ton coeur gémit ?</l>
	<l id="580">Regrettes-tu l'ingrat qui te trompe et te fuit ?</l>
	<l id="581">Que t'importe après tout sa haine ou sa constance,</l>
	<l id="582">Puisqu'il croit te punir par son indifférence ?</l>
	<l id="583">Je veux venger l'affront qu'il te fait en ce jour.</l>
	<l id="584">C'est moi seul qu'il offense et je vais à mon tour,</l>
	<l id="585">Exhalant contre lui les transports de sa rage,</l>
	<l id="586">Effacer par sa mort son crime et mon outrage.</l>
</sp>
<sp who="ZÉLAMIRE"><speaker>ZÉLAMIRE.</speaker>
	<l id="587" syll="3" part="i">Demeurez.</l>
</sp>
<sp who="OUKÉA"><speaker>OUKÉA.</speaker>
	<l id="587" syll="9" part="f">C'est en vain que tu veux m'arrêter.</l>
	<l id="588">L'arrêt est prononcé, je cours l'exécuter.</l>
	<l id="589">Rien ne pourra sauver un rival que j'abhorre.</l>
</sp>
<sp who="ZÉLAMIRE"><speaker>ZÉLAMIRE.</speaker>
	<l id="590" syll="2" part="i">Attends.</l>
</sp>
<sp who="OUKÉA"><speaker>OUKÉA.</speaker>
	<l id="590" syll="10" part="f">Quelle pitié peut te parler encore ?</l>
</sp>
<sp who="ZÉLAMIRE"><speaker>ZÉLAMIRE.</speaker>
	<l id="591">On ne saurait haïr ce qu'on a tant aimé.</l>
	<l id="592">Si c'est pour me venger que ton bras est armé,</l>
	<l id="593">Garde pour d'autres temps ton affreux ministère.</l>
	<l id="594">Je n'en ai pas besoin... Dolnange était sincère,</l>
	<l id="595" syll="6" part="i">Il ne m'a pas trompée.</l>
</sp>
<sp who="OUKÉA"><speaker>OUKÉA.</speaker>
	<l id="595" syll="6" part="f">Apprenez-moi sans détour</l>
	<l id="596">Par quel moyen il sut t'inspirer tant d'amour ?</l>
	<l id="597">Est-ce par la vertu, par la reconnaissance ?</l>
	<l id="598">Est-ce par la valeur ? Est-ce par la constance ?</l>
	<l id="599">À ces titres jamais l'emporta-t-on sur moi.</l>
	<l id="600">Mais non, c'est le caprice et tu trompes sa foi</l>
	<l id="601">En lui persuadant que ton âme l'adore.</l>
	<l id="602">Quiconque a pu changer saura changer encor.</l>
	<l id="603">Cette épreuve devrait éteindre mon ardeur.</l>
	<l id="604">Mais dussé-je en mourir, je veux avoir ton coeur.</l>
	<l id="605">Je l'obtiendrai, cruelle, en dépit de toi-même.</l>
	<l id="606">Tu peux le refuser à ma tendresse extrême,</l>
	<l id="607">Mais je m'en vengerai sur mes rivaux heureux.</l>
	<l id="608">Leur mort suivra ton choix et ma haine pour eux</l>
	<l id="609">Va se manifester sur ton amant parjure,</l>
	<l id="610">Pour punir ton amour et venger mon injure.</l>
</sp>
<sp who="ZÉLAMIRE"><speaker>ZÉLAMIRE.</speaker>
	<l id="611">Penses-tu que ton bras sera toujours vainqueur ?</l>
	<l id="612">Si l'aveugle hasard secondait ta valeur,</l>
	<l id="613">Si par ton corps Dolnange allait perdre la vie,</l>
	<l id="614">Crains tout de ton amante, elle est ton ennemie.</l>
	<l id="615">À ses jours précieux, si je survis un jour,</l>
	<l id="616">Cruel, ce ne sera que pour servir l'amour,</l>
	<l id="617">Pour te voir expier, dans l'horreur des supplices,</l>
	<l id="618">Les maux qu'auront causé toutes tes injustices.</l>
	<l id="619">Dans l'abîme des mers, j'irais te découvrir ;</l>
	<l id="620">La mort, même la mort ne peut te garantir.</l>
	<l id="621">Et mon ressentiment, qui va toujours s'étendre,</l>
	<l id="622">Pour te persécuter renaîtra de ma cendre.</l>
</sp>
<sp who="OUKÉA"><speaker>OUKÉA.</speaker>
	<l id="623">Tu m'irrites encore et, loin de me calmer,</l>
	<l id="624">Tu m'excites au meurtre ! Il va se consommer.</l>
	<l id="625">Si ton amant périt, victime de ma rage,</l>
	<l id="626">Ingrate tu diras : c'est mon horrible ouvrage.</l>
	<l id="627">Oui, puisque tu le veux, je vais l'anéantir, </l>
	<l id="628">Avant la fin du jour, tu le verras périr.</l>
	<l id="629">Quel plaisir d'immoler un objet haïssable !</l>
</sp>
<sp who="ZÉLAMIRE"><speaker>ZÉLAMIRE.</speaker>
	<l id="630">Goûte-t-on quelque joie en frappant son semblable ?</l>
	<l id="631">Et lorsque par sa mort, plus coupable à mes yeux,</l>
	<l id="632">Tu m'auras tout ravi, t'en aimerais-je mieux ?</l>
	<l id="633">Ah, ne l'espère pas ! Ton injustice extrême</l>
	<l id="634">Veut en vain exiger que Zélamire t'aime.</l>
	<l id="635">Sois jaloux, sois tyran, mais sois juste une fois.</l>
	<l id="636">L'humanité t'appelle, écoute au moins sa voix.</l>
	<l id="637">Quand de ton fol amour tu ne peux être maître,</l>
	<l id="638">Dans mon coeur prévenu veux-tu le faire naître ?</l>
	<l id="639">Si tu l'oses tenter, est-ce par la rigueur </l>
	<l id="640">Que tu crois parvenir au comble du bonheur ?</l>
	<l id="641">C'est par d'autres vertus qu'il faut toucher mon âme,</l>
	<l id="642">Et peut-être qu'un jour, plus sensible à ta flamme,</l>
	<l id="643">Ta générosité me touchant à mon tour,</l>
	<l id="644">Je pourrais te payer d'un plus juste retour.</l>
	<l id="645">Lorsque je puis pour toi cesser d'être inhumaine,</l>
	<l id="646">À l'espoir d'être aimé préfères-tu ma haine ?</l>
</sp>
<sp who="OUKÉA"><speaker>OUKÉA.</speaker>
	<l id="647">Il faut la mériter et devenir cruel.</l>
	<l id="648">Puisque tu me punis sans être criminel,</l>
	<l id="649">Je veux en [i]mmolant l'amant qu'on me préfère,</l>
	<l id="650">Me rendre dans ce jour digne de ta colère.</l>
	<l id="651">Je l'avouerai, mon coeur qu'aigrit ta cruauté</l>
	<l id="652">Était capable encor de générosité.</l>
	<l id="653">Mais ta rigueur m'aigrit, et ton impertinence</l>
	<l id="654">Ne peut que m'exciter à suivre ma vengeance.</l>
</sp>
<sp who="ZÉLAMIRE"><speaker>ZÉLAMIRE.</speaker>
	<l id="655">Peut-on porter l'amour à cet horrible excès ?</l>
	<l id="656">As-tu donc oublié qu'aux armes d'un Français,</l>
	<l id="657">Ingrat, tu dois le jour ? Et que sans eux, sans doute,</l>
	<l id="658">Je ne frémirais pas des maux que je redoute.</l>
	<l id="659">Que ne t'ont-ils laissé sous le fer meurtrier !</l>
</sp>
<sp who="OUKÉA"><speaker>OUKÉA.</speaker>
	<l id="660">Penses-tu qu'un bienfait peut si tôt s'oublier ?</l>
	<l id="661">Né parmi les Hurons, dans un climat sauvage,</l>
	<l id="662">De la férocité je fis l'apprentissage.</l>
	<l id="663">Mais mon coeur que bientôt la nature éclaira,</l>
	<l id="664">À l'humanité seule enfin se dévoua. </l>
	<l id="665">D'un naturel trop dur, dès ma tendre jeunesse,</l>
	<l id="666">Je sus avec succès tempérer la rudesse</l>
	<l id="667">Et corriger les moeurs de cet affreux climat.</l>
	<l id="668">Je puis être cruel, mais jamais être ingrat.</l>
	<l id="669">Quoi ? Parce qu'un Français m'aura sauvé la vie,</l>
	<l id="670">Dois-je de ses pareils souffrir l'ignominie ?</l>
	<l id="671">Et ne puis-je venger le plus noir attentat ?</l>
</sp>
<sp who="ZÉLAMIRE"><speaker>ZÉLAMIRE.</speaker>
	<l id="672">Cruel, en est-ce moins faire un assassinat ?</l>
	<l id="673">Je crois dans les transports de ta fureur extrême</l>
	<l id="674">Que tu massacrerais ton bienfaiteur lui-même.</l>
</sp>
<sp who="OUKÉA"><speaker>OUKÉA.</speaker>
	<l id="675">Tu m'accuses à tort, et ton humanité</l>
	<l id="676">Est plus barbare encore que ma férocité.</l>
	<l id="677">Tu dédaignes les feux d'un amant qui t'adore ;</l>
	<l id="678">Aux plus affreux excès, tu le portes encore,</l>
	<l id="679">Quand tu pourrais d'un mot qui ferait son bonheur</l>
	<l id="680">Et sauver les Français, et calmer sa fureur.</l>
</sp>
<sp who="ZÉLAMIRE"><speaker>ZÉLAMIRE.</speaker>
	<l id="681">Veux-tu que, trahissant mon âme et sa franchise,</l>
	<l id="682">Avec impunité ma bouche ici te dise</l>
	<l id="683">Ce que pour toi mon coeur ne ressentit jamais ?</l>
	<l id="684">L'art de feindre n'est pas connu dans nos forêts.</l>
</sp>
<sp who="OUKÉA"><speaker>OUKÉA.</speaker>
	<l id="685">Ah, j'attendais ce mot, et ta seule réponse</l>
	<l id="686">Est le signal des maux que ma vengeance annonce.</l>
	<l id="687">Frémis, mais non pour toi, je sais te mépriser ;</l>
	<l id="688">Mais pour l'affreux rival que tu crois m'opposer. </l>
	<l id="689">Le cruel, c'est sur lui qu'éclatera l'orage...</l>
	<l id="690">Quelques amis tous prêts à venger mon outrage</l>
	<l id="691">M'attendent dans la plaine et je veux avec eux</l>
	<l id="692">Répandre la terreur dans son asile affreux.</l>
	<l id="693">L'arrêt est prononcé, j'assouvirai ma rage.</l>
	<l id="694">Je porterai la mort, la foudre, le carnage,</l>
	<l id="695">Dans le camp du Français. Puisse-t-il aujourd'hui </l>
	<l id="696">Dans sa tombe, en mourant, m'entraîner avec lui.</l>
</sp>
</div2>
<div2 type="scene" n="6"><head>SCÈNE VI.</head>
<sp stage="alone" who="ZÉLAMIRE"><speaker>ZÉLAMIRE, seule.</speaker>
	<l id="697">Arrête et viens plutôt égorger son amante.</l>
	<l id="698">Il fuit... et de mon sang sa rage mécontente</l>
	<l id="699">Veut répandre celui qui m'est plus précieux...</l>
	<l id="700">Dieux ! Qui va le sauver ? Il périt à mes yeux,</l>
	<l id="701">Sans que ma flamme puisse aujourd'hui le défendre.</l>
	<l id="702">Au milieu des Français, ma voix peut faire entendre</l>
	<l id="703">Mes regrets déchirants, mes cris et ma douleur,</l>
	<l id="704">Et mon amant en moi va trouver un vengeur. </l>
</sp>
</div2>
<div2 type="scene" n="7"><head>SCÈNE VII. Zélamire, Nadine.</head>
<sp who="NADINE"><speaker>NADINE.</speaker>
	<l id="705">Ah, ma soeur, ne perds pas la force qui te reste.</l>
	<l id="706">Courons nous opposer à leur rage funeste.</l>
	<l id="707">Le danger le plus grand menace ses beaux jours :</l>
	<l id="708">Zélamire, au plus tôt, volons à son secours !</l>
	<l id="709">Et Dolnange est perdu si tu n'as du courage.</l>
	<l id="710">J'ai vu près de ces lieux un groupe de Sauvages ;</l>
	<l id="711">Oukéa, furieux, assemble ses amis</l>
	<l id="712">Pour aller immoler l'amant que tu chéris.</l>
	<l id="713">On ne peut apaiser leur injuste furie.</l>
	<l id="714">Viens, courons le défendre et lui sauver la vie. </l>
</sp>
<sp who="ZÉLAMIRE"><speaker>ZÉLAMIRE.</speaker>
	<l id="715">Oui, nous le défendrons : ses dangers sont les miens.</l>
	<l id="716">Pour percer jusqu'à lui, je vois mille moyens.</l>
	<l id="717">Des Français généreux réclamons la puissance,</l>
	<l id="718">Jamais le sort jaloux n'a trahi leur vaillance.</l>
	<l id="719">De l'univers entier, quand vous seriez vainqueur,</l>
	<l id="720">Barbares, craignez tout. Cédez à ma valeur.</l>
	<l id="721">Avant de l'arracher des bras de son amante,</l>
	<l id="722">Cruels, sachez qu'il faut qu'elle soit expirante.</l>
</sp>
</div2>
<div2 type="scene" n="8"><head>SCÈNE VIII. Zélamire, Nadine, Dolnange.</head>
<sp who="DOLNANGE"><speaker>DOLNANGE.</speaker>
	<l id="723" syll="6" part="i">Tu vivras pour m'aimer.</l>
</sp>
<sp who="ZÉLAMIRE, NADINE"><speaker>ZÉLAMIRE et NADINE.</speaker>
	<l id="723" syll="2" part="m">Dolnange !</l>
</sp>
<sp who="DOLNANGE"><speaker>DOLNANGE.</speaker>
	<l id="723" syll="4" part="f">Ah, jour heureux !</l>
	<l id="724">Le Ciel, enfin, le Ciel veut te rendre à mes voeux.</l>
	<l id="725">Mon absence cruelle a fait couler tes larmes !</l>
	<l id="726">Mais d'où vient cette crainte et ces sombres alarmes ?</l>
	<l id="727">Je t'aime, je t'adore, et tu gémis toujours ?</l>
</sp>
<sp who="ZÉLAMIRE"><speaker>ZÉLAMIRE.</speaker>
	<l id="728">Les Sauvages armés en veulent à tes jours.</l>
	<l id="729">Ils vont fondre sur toi, je crains la barbarie</l>
	<l id="730">D'un amant dédaigné qui veut avoir ta vie.</l>
</sp>
<sp who="DOLNANGE"><speaker>DOLNANGE.</speaker>
	<l id="731">Ah, du moins dans ces lieux, si nous pouvions trouver</l>
	<l id="732">Celui que de la mort mon bras a su sauver,</l>
	<l id="733">Il viendrait nous aider lui-même à la combattre.</l>
</sp>
<sp who="DUBOIS"><speaker>DUBOIS.</speaker>
	<l id="734">Quel combat, juste ciel, nous ne sommes que quatre !</l>
</sp>
<sp who="GERMAIN"><speaker>GERMAIN.</speaker>
	<l id="735" syll="6" part="i">Ne comptez pas sur moi.</l>
</sp>
<sp who="ZÉLAMIRE"><speaker>ZÉLAMIRE.</speaker>
	<l id="735" syll="6" part="f">Ils viennent, juste Dieu !</l>
	<l id="736">Dolnange, il faut nous dire un éternel adieu.</l>
</sp>
</div2>
<div2 type="scene" n="9"><head>SCÈNE DERNIÈRE. Zélamire, Nadine, Dolnange, Germain, Dubois, Oukéa, Troupe de Sauvages.</head> 
<sp stage="toward" who="OUKÉA"><speaker>OUKÉA, aux Sauvages.</speaker>
	<l id="737">Amis, secondez tous le transport qui m'anime,</l>
	<l id="738">Et que nul parmi vous n'épargne la victime.</l>
</sp>
<sp stage="run/closer" who="ZÉLAMIRE"><speaker>ZÉLAMIRE, courant à eux.</speaker>
	<l id="739">Pour arriver au coeur que tu prétends percer,</l>
	<l id="740">Cruel, c'est par le mien que tu dois commencer.</l>
</sp>
<sp who="OUKÉA"><speaker>OUKÉA.</speaker>
	<l id="741">J'avais besoin encore ici de ta présence,</l>
	<l id="742">Pour exciter ma rage et hâter ma vengeance.</l>
<stage type="show">Montrant Dolnange.</stage>
	<l id="743">Amis, voilà l'objet que poursuit ma fureur.</l>
	<l id="744" syll="2" part="i">Frappons... </l>
<stage type="recognize">Il le reconnaît.</stage>
	<l id="744" syll="10" part="f">Ciel... Arrêtez, il est mon bienfaiteur !</l>
</sp>
<sp who="GERMAIN"><speaker>GERMAIN.</speaker>
	<l id="745" syll="6" part="i">Que nous l'échappons belle !</l>
</sp>
<sp who="OUKÉA"><speaker>OUKÉA.</speaker>
	<l id="745" syll="6" part="f">Ah, tout mon sang se glace !</l>
	<l id="746">Quel était mon malheur ? J'allais, dans ma disgrâce,</l>
	<l id="747">Immoler le mortel à qui je dois le jour !</l>
</sp>
<sp who="ZÉLAMIRE"><speaker>ZÉLAMIRE.</speaker>
	<l id="748">Puisqu'il fut bienfaisant, tu dois l'être à ton tour. </l>
</sp>
<sp who="OUKÉA"><speaker>OUKÉA.</speaker>
	<l id="749">C'est l'amour méprisé qui rend mon coeur barbare, </l>
	<l id="750">Mais la reconnaissance, à jamais, s'en empare.</l>
	<l id="751">Je sens qu'elle est en moi plus forte que l'amour.</l>
	<l id="752">Tu m'as sauvé la vie et, dans cet heureux jour,</l>
	<l id="753">Par un bienfait pareil envers toi je m'acquitte.</l>
</sp>
<sp who="ZÉLAMIRE"><speaker>ZÉLAMIRE.</speaker>
	<l id="754">Un trait si généreux rend mon âme interdite.</l>
	<l id="755">Lui seul eût dans ce jour désarmé ma rigueur,</l>
	<l id="756">Si je pouvais encor disposer de mon coeur.</l>
</sp>
<sp who="OUKÉA"><speaker>OUKÉA.</speaker>
	<l id="757">Je sens bien qu'en secret j'applaudis à ta flamme,</l>
	<l id="758">Et malgré tout l'amour qui brûle encore mon âme,</l>
	<l id="759">Je consens à la voir vivre ici sous ta loi,</l>
	<l id="760">Tant la reconnaissance a d'empire sur moi.</l>
	<l id="761" syll="6" part="i">C'est m'acquitter assez.</l>
</sp>
<sp who="GERMAIN"><speaker>GERMAIN.</speaker>
	<l id="761" syll="6" part="f">Ah, quelle bienfaisance !</l>
	<l id="762">Ce monsieur le Huron mérite d'être en France.</l>
</sp>
<sp who="DOLNANGE"><speaker>DOLNANGE.</speaker>
	<l id="763">Tu me devais la vie. Ah, je te dois bien plus !</l>
	<l id="764">Comment puis-je payer de si rares vertus ?</l>
	<l id="765">Exige tout, ordonne et mon âme charmée...			[5]</l>
</sp>
<sp who="OUKÉA"><speaker>OUKÉA.</speaker>
	<l id="766">Aime l'ingrate autant que je l'aurais aimée,</l>
	<l id="767">Sois-lui toujours fidèle et rend ses jours heureux.</l>
	<l id="768">C'est tout ce que j'attends de tes soins généreux.</l>
</sp>
<sp who="DOLNANGE"><speaker>DOLNANGE.</speaker>
	<l id="769">Ah, ne l'exige pas, c'est elle qui l'ordonne.</l>
	<l id="770">Et n'appréhende pas que mon coeur abandonne</l>
	<l id="771">Celle pour qui je veux exister désormais.</l>
	<l id="772">J'en jure par l'amour, qu'il m'accable à jamais,</l>
	<l id="773">Si je manque au serment que ma bouche prononce.</l>
	<l id="774">Et pour te le prouver, permets que je t'annonce</l>
	<l id="775">Que mon oncle consent à me voir ton époux.</l>
	<l id="776">Ton père est convenu de partir avec nous,</l>
	<l id="777">Mon oncle l'a gagné : mes prières, mes larmes</l>
	<l id="778">Ont enfin dissipé nos cruelle alarmes.</l>
	<l id="779">Et nous allons en France, au milieu du bonheur,</l>
	<l id="780">Vivre heureux sous les lois d'un hymen enchanteur.</l>
</sp>
<sp who="ZÉLAMIRE"><speaker>ZÉLAMIRE.</speaker>
	<l id="781">Avec mon père et toi puis-je être malheureuse ?</l>
	<l id="782">N'abandonnons jamais cette âme généreuse :</l>
	<l id="783">Je lui dois tout, qu'il soit témoin de mon bonheur,</l>
	<l id="784">Qu'il voie à chaque instant augmenter notre ardeur,</l>
	<l id="785">Dolnange, et si l'amour veut savoir comment on aime,</l>
	<l id="786">C'est de nous qu'il faudra qu'il l'apprenne lui-même.</l>
</sp>
<sp who="BELFORT"><speaker>BELFORT.</speaker>
	<l id="787">Ah, que je porte envie au destin qui t'attend !</l>
</sp>
<sp who="GERMAIN"><speaker>GERMAIN.</speaker>
	<l id="788">Mais il ne tient qu'à vous d'en avoir tout autant.</l>
<stage type="show">Montrant Nadine.</stage>
	<l id="789">N'emmènerons-nous pas cette aimable Huronne ?</l>
	<l id="790">Si l'on en peut juger sur sa mine friponne,</l>
	<l id="791">Je pense qu'un époux ne lui déplairait pas.</l>
</sp>
<sp who="DOLNANGE"><speaker>DOLNANGE.</speaker>
	<l id="792">Belfort il a raison, elle a beaucoup d'appas.</l>
	<l id="793">Riche et maître de toi, tu en saurais mieux faire.</l>
	<l id="794">Je réponds de ses moeurs et de son caractère.</l>
	<l id="795">Elle ferait, je crois, le bonheur d'un époux.</l>
	<l id="796">Menons les toutes deux à nos Français jaloux,</l>
	<l id="797">Ils seront enchantés de voir tant d'innocence.</l>
</sp>
<sp who="GERMAIN"><speaker>GERMAIN.</speaker>
	<l id="798">Oui, cette marchandise est assez rare en France.</l>
</sp>
<sp stage="toward" who="BELFORT"><speaker>BELFORT, à Nadine.</speaker>
	<l id="799">Votre coeur est-il libre et pourrais-je espérer</l>
	<l id="800">Qu'à tout autre en ces lieux il m'ose préférer ?</l>
</sp>
<sp who="NADINE"><speaker>NADINE.</speaker>
	<l id="801">En te voyant, bientôt je sentis que mon âme</l>
	<l id="802">Consentirait sans peine à céder à ta flamme.</l>
	<l id="803">Mais je ne prétends pas que tu sois mon mari :</l>
	<l id="804" syll="5" part="i">Ce sont des monstres !</l>
</sp>
<sp stage="aparte" who="GERMAIN"><speaker>GERMAIN, à part.</speaker>
	<l id="804" syll="1" part="m">Bon !</l>
</sp>
<sp stage="show" who="NADINE"><speaker>NADINE, montrant Dolnange.</speaker>
	<l id="804" syll="6" part="f">Il me l'a dit ainsi.</l>
</sp>
<sp who="BELFORT"><speaker>BELFORT.</speaker>
	<l id="805">Tous ceux qui sont méchants méritent qu'on les blâme.</l>
</sp>
<sp who="GERMAIN"><speaker>GERMAIN.</speaker>
	<l id="806">C'est bien souvent aussi la faute de leur femme.</l>
</sp>
<sp who="DOLNANGE"><speaker>DOLNANGE.</speaker>
	<l id="807">Je ne citais que ceux qui sont mal assortis,</l>
	<l id="808">Jamais les vrais amants ne sont mauvais maris.</l>
</sp>
<sp stage="toward" who="BELFORT"><speaker>BELFORT, à Nadine.</speaker>
	<l id="809" syll="6" part="i">Je vous en convaincrai.</l>
</sp>
<sp who="OUKÉA"><speaker>OUKÉA.</speaker>
	<l id="809" syll="6" part="f">Tous deux, je vous admire !</l>
	<l id="810">Je cède au doux transports dont le charme m'attire, </l>
	<l id="811">Je ne voudrais jamais me séparer de vous.</l>
	<l id="812">Vivez tous quatre unis comme amant, comme époux.</l>
	<l id="813">L'amour qui n'a pour vous que les plus douces flammes</l>
	<l id="814">Est un tigre chez nous, un tyran de nos âmes.</l>
	<l id="815">Je vois qu'en France, il est bien plus doux qu'en ces lieux </l>
	<l id="816">Ah, que je porte envie à ces peuples heureux !</l>
	<l id="817">Leur prudente valeur, que l'humanité guide,</l>
	<l id="818">Sert de sage soutien à l'innocent timide.</l>
	<l id="819">Et s'il me reste encore à former quelques voeux,</l>
	<l id="820">C'est d'imiter un jour un Français vertueux.</l>
</sp>
</div2>
</div1>
</body>
</text>
</TEI>