<?xml version="1.0" encoding="utf-8" ?>
<TEI xml:lang="fr">
<teiHeader>
	<fileDesc>
		<titleStmt>
			<title>FARCE NOUVELLE TRÈS BONNE ET FORT JOYEUSE À TROIS PERSONNAGES, FARCE</title>
			<author type="texte" ISNI="">(anonyme)</author>
		</titleStmt>
		<publicationStmt>
			<publisher>publié par Paul FIEVRE juillet 2016, revu novembre 2016.</publisher>
			<idno>ANONYME_PARDONNEUR</idno>
			<rights>Creative Commons BY-NC-SA</rights>
		</publicationStmt>
		<SourceDesc>
			<genre>Farce</genre>
			<inspiration>Sermon joyeux</inspiration>
			<structure>Un acte</structure>
			<type>vers</type>
			<periode>1501-1600</periode>
			<taille>250-500</taille>
			<permalien>http://gallica.bnf.fr/ark:/12148/bpt6k276670</permalien>
		</SourceDesc>
</fileDesc>
</teiHeader>
<text>
<front>
	<docTitle>
		<titlePart type="main">FARCE NOUVELLE TRES BONNE ET FORT JOYEUSE</titlePart>
		<titlePart type="main">À TROIS PERSONNAGES D'UN PARDONNEUR</titlePart>
		<titlePart type="main">D'UN TRIACLEUR ET D'UNE TAVERNIÈRE</titlePart>
	</docTitle> 
	<docDate value='v.1500'></docDate>
	<docAuthor id="[Anonyme]"></docAuthor>
	<performance>
		<premiere date='(inconnue)' location='(inconnue)' />
	</performance>
	<castList><head>C'est à savoir</head>
		<castItem><role id="LE TRIACLEUR" sex="1" type="H" statut='colporteur' age='A' stat_amour='néant'>LE TRIACLEUR</role>.</castItem>
		<castItem><role id="LE PARDONNER" sex="1" type="H" statut='prêtre' age='A' stat_amour='néant'>LE PARDONNEUR</role>.</castItem>
		<castItem><role id="LA TAVERNIÈRE" sex="2" type="H" statut='commerçant' age='A' stat_amour='néant'>LA TAVERNIÈRE</role>.</castItem>
	</castList>
	<set location='France' country='France' periode='XVIème' gps="(N/A)"></set>
	<note>Nota : Tiré de "Ancien théâtre français ou Collection des ouvrages dramatiques les plus remarquables depuis les mystères jusqu'à Corneille" par M. VIOLLET LE DUC, Paris, 1854, Tome II. pp 50-63.</note>
</front>
<body>
<div1 type="act" n="1"><head>LE PARDONNEUR</head>
<div2 type="scene" n="1"><head>SCÈNE I. Le Pardonneur, Le Triacleur. </head>
<sp stage="begin" who="LE PARDONNEUR"><speaker>LE PARDONNEUR commence.</speaker>
	<l id="1">Saintes paroles pacifiques</l>
	<l id="2">Soient entre vous résidents</l>
	<l id="3">Par vertu de saintes reliques</l>
	<l id="4">Qui reposent ici dedans.</l>
	<l id="5">Messieurs, il y a longtemps</l>
	<l id="6">Que ne visitai ce pays ;</l>
	<l id="7">Mais, s'il plaît à Dieu, je prétends</l>
<note type="L">Éjouir (s') : Se livrer à la joie. [L]</note>
	<l id="8">De vous faire tous éjouis.</l>
	<l id="9">J'apporte ici de[s] ouïes</l>
	<l id="10">De Saint Couillebault confesseur</l>
	<l id="11">Et de Sainte Velue, sa soeur,</l>
	<l id="12">Dont il appert de grands miracles.</l>
	<l id="13">Je vous vueil compter les obstacles</l>
	<l id="14">Et les miracles qu'ils ont fait.</l>
	<l id="15">Au pays d'Afrique tout à fait</l>
	<l id="16">Cestuy monsieur Saint Couillebault,</l>
	<l id="17">Délivra je le vous afferme</l>
	<l id="18">Une juive étant à l'assaut</l>
	<l id="19">D'enfant et n'était à terme.</l>
	<l id="20">Item après [ouez] que fit</l>
	<l id="21">Sainte Velue, prudente et sage </l>
	<l id="22">À une autre j'en suis tout sûr, </l>
	<l id="23">Elle rendit sou pucelage,</l>
	<l id="24">Et si avait grand passage </l>
	<l id="25">De membres, je le vous assure. </l>
	<l id="26">Elle mit hors de servage, </l>
	<l id="27">Par bien, en moins de demi-heure.</l>
<note type="L">Labeurer : travailer, trimer.</note> 
	<l id="28">Maintenant faut que labeure</l>
	<l id="29">À nommer les paroissiens</l>
	<l id="30">Et les confrères anciens</l>
	<l id="31">Qui furent de leur confrérie.</l>
<stage type="enumerate">Il nomme.</stage>
	<l id="32">Jehan Pigault, Bietrix Barbarie,</l>
	<l id="33">Colin Mulet et Jelian Bigace,</l>
	<l id="34">Jenin Gringecte, Jehan La Gace,</l>
	<l id="35">Tassin Pigard, Perrin Bicorne,</l>
	<l id="36">Jehan Sousseron, Jehanne La Sorne,</l>
	<l id="37">Martin Marteaulx, Regnault Frasie,</l>
	<l id="38">Pierre Sourys et sa maignie.</l>
<note type="L">Orrez : du verbe ouïr, entendre, écouter.</note>
	<l id="39">Or vous orrez sa confrérie,</l>
	<l id="40">Seigneur, de vos anciens pères ;</l>
	<l id="41">Vous orrez vos oncles, vos frères</l>
	<l id="42">Vos parents, vos cousins germains. </l>
	<l id="43">Prenez congé à jointes mains,</l>
	<l id="44">Et venez gagner les pardons.</l>
	<l id="45">Apportez flèches et lardons,</l>
	<l id="46">Jambons, échinées, côtelettes,</l>
<note type="L">Touaillon : Serviette, torchon. [DMF]</note>
	<l id="47">Fusées, nappes, touaillons,</l>
	<l id="48">Chausses, robes, chapeaux, cornettes.</l>
	<l id="49">Cuidez-vous qne ce soient sornettes</l>
	<l id="50">Des pardons de Saint Couillebault ?</l>
	<l id="51">Nenni dea, veez en ci lettres</l>
	<l id="52">Et les grands pardons généraux ;</l>
	<l id="53">Regardez, veez en ci les seaux</l>
	<l id="54">Impétrez par Mélusine</l>
	<l id="55">Au grand château de généraux</l>
	<l id="56">En la grand terre sarrasine.</l>
<note type="L">Raisiner : saigner</note>
	<l id="57">Voire, et le Turc m'en raisine</l>
	<l id="58">Son droit touchant sa seigneurie.</l>
</sp>
<sp who="LE TRIACLEUR"><speaker>LE TRIACLEUR.</speaker>
<note type="L">Triacleur : Terme vieilli. Vendeur de thériaque ; charlatan, saltimbanque. [L]</note>
	<l id="59">Vierge Marie, Vierge Marie,</l>
<note type="L">Cabusion : Fait de tromper. [DMF]</note>
	<l id="60">Croit-on en ta cabusion ?</l>
<stage type="show">Adoncq il monstre une anguille au lieu d'une couleuvre,
et dit</stage>
	<l id="61">Arrière, arrière, arrière, mesgnie !</l>
<note type="L">Musequin : Jeune homme ou jeune femme à la mode. [DMF]</note>
	<l id="62">Sa, Margot, sa, se musequin,</l>
	<l id="63">Saluez cette compagnie.</l>
</sp>
<sp who="LE PARDONNEUR"><speaker>LE PARDONNEUR.</speaker>
	<l id="64">Et voilà belle moquerie.</l>
	<l id="65">Le fait-on par dérision ?</l>
	<l id="66">Je n'ai point à pris qu'on crie</l>
	<l id="67">Devant ma prédication.</l>
	<l id="68">J'ai ci la tête Saint-Pion</l>
	<l id="69">Et les noms de tous les confrères ;</l>
	<l id="70">Je crois qui furent vos grands pères.</l>
	<l id="71">Attendez, je les nommerai</l>
	<l id="72">Jehan Beaufort, Tassin le Brun,</l>
	<l id="73" syll="4" part="i">Jehan Fort-en-gueule.</l>
</sp>
<sp who="LE TRIACLEUR"><speaker>LE TRIACLEUR.</speaker>
	<l id="73" syll="4" part="f">Ça, messeigneurs,</l>
<note type="L">Oignement : probablement huile. verbe oindre, sub. onguent.</note>
	<l id="74">J'ai ci des oingnements plusieurs,</l>
	<l id="75" syll="2" part="i">Touchant...</l>
</sp>
<sp who="LE PARDONNEUR"><speaker>LE PARDONNEUR.</speaker>
	<l id="75" syll="6" part="f">Quel folâtre est-ce là ?</l>
	<l id="76" syll="6" part="i">Faites taire ce fol.</l>
</sp>
<sp who="LE TRIACLEUR"><speaker>LE TRIACLEUR.</speaker>
	<l id="76" syll="2" part="f">Paix là !</l>
	<l id="77">C'est trop prêcher ; faites le taire.</l>
</sp>
<sp who="LE PARDONNEUR"><speaker>LE PARDONNEUR.</speaker>
	<l id="78">Jehan Huart, Colin forte here,</l>
	<l id="79">Pierre boit bien, Guillot tout néant.</l>
</sp>
<sp who="LE TRIACLEUR"><speaker>LE TRIACLEUR.</speaker>
	<l id="80">Seigneurs, voici d'un gringatoire</l>
<note type="L">Morcel : morceau.</note>
	<l id="81">Un très bon morcel et friant.</l>
</sp>
<sp who="LE PARDONNEUR"><speaker>LE PARDONNEUR.</speaker>
	<l id="82">Et par bieu, tu es bien truand ;</l>
	<l id="83">Dusses-tu pas avoir grand honte ?</l>
	<l id="84">Vela, on ne fait plus de compte</l>
	<l id="85">Des bons saints ni de leurs miracles.</l>
	<l id="86">Menteurs et approuveurs</l>
	<l id="87" syll="3" part="i">Ont le bruit.</l>
</sp>
<sp who="LE TRIACLEUR"><speaker>LE TRIACLEUR.</speaker>
	<l id="87" syll="2" part="f">Tais-toi.</l>
</sp>
<sp who="LE PARDONNEUR"><speaker>LE PARDONNEUR.</speaker>
	<l id="87" syll="3" part="f">Mais toi-mêmes.</l>
</sp>
<sp who="LE TRIACLEUR"><speaker>LE TRIACLEUR.</speaker>
	<l id="88">J'ai des oignemens de Bresmes</l>
	<l id="89">Que j'ai pris sur le prêtre Jehan.</l>
</sp>
<sp who="LE PARDONNEUR"><speaker>LE PARDONNEUR.</speaker>
	<l id="90">Ha qu'il soit entré en mal an</l>
<note type="L">Lanternier : celui qui est chargé des lanternes publiques. Fig. et familièrement. Homme irrésolu, indéterminé en toutes choses. [L]</note>
	<l id="91">Qui le croira. Quel lanternier.</l>
</sp>
<sp who="LE TRIACLEUR"><speaker>LE TRIACLEUR.</speaker>
	<l id="92">Laisse-moi faire mon métier.</l>
	<l id="93">Suis-je pas en ville jurée ?</l>
	<l id="94">Si suis, ou le diable t'emporte.</l>
	<l id="95">J'avais ma santé recouverte</l>
	<l id="96">Avant qu'aller à cette porte</l>
	<l id="97">Car il n'y a poison si forte,</l>
	<l id="98">Soit régal ou arsenic,</l>
	<l id="99">Avant que vous eussiez dit pic</l>
	<l id="100">Vous seriez guéri très tôt sain.</l>
	<l id="101">Et, fussiez-vous mord[u] d'un aspic,</l>
	<l id="102">Par bieu, il n'est rien plus certain.</l>
</sp>
<sp who="LE PARDONNEUR"><speaker>LE PARDONNEUR.</speaker>
	<l id="103">Mes amis, pour le peuple humain,</l>
<note type="L">Essoyne : peine, fatigue, souci.</note>
	<l id="104">Pour vous garder de grand essoyne,</l>
	<l id="105">Je vous ai apporté le groin</l>
	<l id="106">Du pourceau monsieur Saint Antoine.</l>
</sp>
<sp who="LE TRIACLEUR"><speaker>LE TRIACLEUR.</speaker>
	<l id="107">Messeigneurs, voici l'oeuf d'un moine</l>
	<l id="108">Qui fut pondu en Barbarie,</l>
	<l id="109">Qui est plein quand la lune est pleine,</l>
	<l id="110">Et tari quand elle est tarie.</l>
	<l id="111">Encore ai-je de droguerie</l>
	<l id="112">Beaucoup, que je vous montrerai.</l>
</sp>
<sp who="LE PARDONNEUR"><speaker>LE PARDONNEUR.</speaker>
<note type="L">Ribaud : Homme de mauvaise vie, pillard, débauché. [DMF]</note>
	<l id="113">Il ment, le ribaud, croyez lai,</l>
<note type="L">Joncherie : Tromperie, plaisanterie trompeuse. [DMF]</note>
	<l id="114">Sangbieu, ce n'est que joncherie</l>
	<l id="115">Tout partout y a tromperie,</l>
	<l id="116">Fors a gens de notre métier.</l>
</sp>
<sp who="LE TRIACLEUR"><speaker>LE TRIACLEUR.</speaker>
<note type="L">Cuider : vieux mot qui signifiait autrefois « penser ». [F]</note>
	<l id="117">Cuidez-vous qu'il est fort ouvrier ?</l>
	<l id="118">Il cuide faire les gens bêtes.</l>
</sp>
<sp who="LE PARDONNEUR"><speaker>LE PARDONNEUR.</speaker>
	<l id="119">Je vous vueil montrer la crête</l>
<note type="L">Pilate : Ponce Pilate, préfet romain qui aurait fait condamner Jésus de Nazareth. Dans l'évangile de Jean [18-27], Jésus est amené à Pila après le chant du coq.</note>
	<l id="120">Du coq qui chanta chez Pilate ;</l>
	<l id="121">Et la moitié d'une latte</l>
	<l id="122">De la grand arche de Noé.</l>
</sp>
<sp who="LE TRIACLEUR"><speaker>LE TRIACLEUR.</speaker>
	<l id="123">Je viens du mont qui est gelé,</l>
	<l id="124">Mi j'ai cueilli cette racine.</l>
</sp>
<sp who="LE PARDONNEUR"><speaker>LE PARDONNEUR.</speaker>
<note type="L">Géline : poule.</note>
	<l id="125">Ce n'est que merde de géline.</l>
	<l id="126">Le croyez-vous ? Le ribaud ment.</l>
</sp>
<sp who="LE TRIACLEUR"><speaker>LE TRIACLEUR.</speaker>
	<l id="127">Seigneurs, voici de l'oignement</l>
<note type="L">Emprès : prép. près de.</note>
	<l id="128">Qui croit emprès la Sainte Terre.</l>
</sp>
<sp who="LE PARDONNEUR"><speaker>LE PARDONNEUR.</speaker>
	<l id="129">La forte fièvre serre</l>
	<l id="130">Qui en ment ; sang bieu, c'est bouillie.</l>
</sp>
<sp who="LE TRIACLEUR"><speaker>LE TRIACLEUR.</speaker>
	<l id="131">Il a menti. Dieu le maudi[ss]e,</l>
	<l id="132">Si ce n'est vraie médecine</l>
	<l id="133">Que j'ai pris au Mont de Turgine,</l>
	<l id="134">En la montagne d'Arcana.</l>
</sp>
<sp who="LE PARDONNEUR"><speaker>LE PARDONNEUR.</speaker>
	<l id="135">Ha, par le ventrebieu non a.</l>
	<l id="136" syll="4" part="i">Coquelicoq.</l>
</sp>
<sp who="LE TRIACLEUR"><speaker>LE TRIACLEUR.</speaker>
	<l id="136" syll="4" part="f">Tenez, quel prêtre!</l>
	<l id="137">Par la chair bien, on le dut mettre</l>
	<l id="138">En bonne prison. Comme(nt) il jure</l>
	<l id="139">Mais est-ce pas bien grand injure</l>
	<l id="140">À un prêtre d'ainsi jurer ?</l>
</sp>
<sp who="LE PARDONNEUR"><speaker>LE PARDONNEUR.</speaker>
	<l id="141">Comment ne sais-tu endurer</l>
	<l id="142">Et attendre que j'aie fait</l>
	<l id="143">Ma collation ? En effet,</l>
	<l id="144">Si tu ne te tais, j'en appelle.</l>
	<l id="145">Regardez, Seigneurs, voici l'aile</l>
	<l id="146">D'un des séraphins d'emprès Dieu.</l>
	<l id="147">Ne cuidez pas que ce soit jeu</l>
	<l id="148">Voilà là, afin qu'on la voie.</l>
</sp>
<sp who="LE TRIACLEUR"><speaker>LE TRIACLEUR.</speaker>
	<l id="149">Sang bieu, c'est la plume d'une oie</l>
	<l id="150">Qu'il a mangée à son dîner.</l>
	<l id="151">Ha ! que tu sais bien affiner</l>
	<l id="152">Et abuser les bonnes gens.</l>
</sp>
<sp who="LE PARDONNEUR"><speaker>LE PARDONNEUR.</speaker>
	<l id="153">Et, par la vertu bieu, tu mens</l>
	<l id="154">Coquelicoq, alleluia.</l>
</sp>
<sp who="LE TRIACLEUR"><speaker>LE TRIACLEUR.</speaker>
	<l id="155">Tenez, est-ce juré cela ?</l>
	<l id="156">Je pense que oui pour un coup.</l>
	<l id="157">Je porte des drogues beaucoup.</l>
	<l id="158">J'ai ci, en mes deux petits caques</l>
<note type="C">Cerbère est le chien à trois têtes qui garde les Enfers dans la Mythologie grecque.</note>
	<l id="159">De la tête de Cerberus,</l>
	<l id="160">Que je conquis le jour de Pâques</l>
<note type="L">Palus : terres humides, marais.</note>
	<l id="161">Es parties d(e l)'infernal palus.</l>
</sp>
<sp who="LE PARDONNEUR"><speaker>LE PARDONNEUR.</speaker>
	<l id="162">Benedicite, dominus.</l>
	<l id="163">Tu mens bien à bon escient.</l>
</sp>
<sp who="LE TRIACLEUR"><speaker>LE TRIACLEUR.</speaker>
	<l id="164">Et j'ai ci tout pareillement</l>
	<l id="165">De la barbe de Proserpine,</l>
	<l id="166">Et si ai ci d'une racine</l>
<note type="C">Arquemie : alchimie ?</note>
	<l id="167">De quoi on joue d'arquemie,</l>
<note type="L">Affier : Asurer, promettre, jurer.</note>
	<l id="168">Et l'ai prise, je vous affie,</l>
	<l id="169">En la racine jusqu'au fonds,</l>
	<l id="170">Et m'y portèrent mes griffons,</l>
	<l id="171">Qui sont tous duis à cella faire.</l>
</sp>
<sp who="LE PARDONNEUR"><speaker>LE PARDONNEUR.</speaker>
	<l id="172">Et très doux Jésus, roi de gloire,</l>
	<l id="173">Et que tu mens terriblement.</l>
</sp>
<sp who="LE TRIACLEUR"><speaker>LE TRIACLEUR.</speaker>
	<l id="174">J'ai [i]ci tout pareillement</l>
	<l id="175">Du premier fruit d'une châtaigne,</l>
	<l id="176">Que j'ai prise en un mouvement</l>
	<l id="177">Au fonds de la grand mer d'Espagne.</l>
</sp>
<sp who="LE PARDONNEUR"><speaker>LE PARDONNEUR.</speaker>
	<l id="178">Écoutez, cuidez-vous qui plaigne</l>
	<l id="179">A bien mentir ? Corps bleu, nenni.</l>
	<l id="180">Que plut à Dieu qui fut ennui</l>
	<l id="181">À la grand rivière de Seine,</l>
	<l id="182">Attaché d'une bonne chêne,</l>
	<l id="183">Au moins tant que j'eusse prêché.</l>
	<l id="184">J'ai ci, seigneurs, d'un couvre-chef</l>
<note type="C">Il existe deux églises de ce nom l'une en Aveyron l'autre dans les Pyrénées Atlantiques et une chapelle dans le Loire.</note>
	<l id="185">De Notre-Dame-de-Laval.</l>
</sp>
<sp who="LE TRIACLEUR"><speaker>LE TRIACLEUR.</speaker>
<note type="C">Hannibal Barca, célèbre général carthaginois des guerres puniques du IIIème avant J.C.</note>
	<l id="186">Voici du pied de Hannibal</l>
	<l id="187">Et de la tête et des cuisses.</l>
</sp>
<sp who="LE PARDONNEUR"><speaker>LE PARDONNEUR.</speaker>
	<l id="188">Il ne m'en chaut, non que tu disses.</l>
	<l id="189">Tu mens de tout ce que tu dis.</l>
</sp>
<sp who="LE TRIACLEUR"><speaker>LE TRIACLEUR.</speaker>
	<l id="190">J'ai ci des murs de paradis</l>
	<l id="191">Un petit caillou vé le là.</l>
</sp>
<sp who="LE PARDONNEUR"><speaker>LE PARDONNEUR.</speaker>
	<l id="192">As-tu [donc] monté jusques là ?</l>
	<l id="193">Il est à la plus haute notte.</l>
</sp>
<sp who="LE TRIACLEUR"><speaker>LE TRIACLEUR.</speaker>
	<l id="194">J'y fus porté en une hotte</l>
	<l id="195">Le jour du vendredi aourez</l>
</sp>
<sp who="LE PARDONNEUR"><speaker>LE PARDONNEUR.</speaker>
	<l id="196">Or ça, messieurs, écoutez</l>
	<l id="197">Je vous veux compter un miracle.</l>
</sp>
<sp who="LE TRIACLEUR"><speaker>LE TRIACLEUR.</speaker>
<note type="C">Triacle : animal fabuleux.</note>
	<l id="198">Ça qui veut avoir du triacle ?</l>
	<l id="199">J'en ai ici du medragan,</l>
	<l id="200">J'ai l'oreille d'un pélican,</l>
	<l id="201">Et les pieds de quatre phénix,</l>
	<l id="202">Et les ai pris dedans les niez</l>
	<l id="203">Près [de] la montagne d'Artos.</l>
</sp>
<sp who="LE PARDONNEUR"><speaker>LE PARDONNEUR.</speaker>
	<l id="204">Je vous vueil ci montrer les os</l>
<note type="L">Bigourdin : bigourdan, Qui appartient au Bigorre, région du sud de la France.</note>
	<l id="205">De la tête de Bigourdin</l>
	<l id="206">L'un est de monsieur Saint Boudin,</l>
	<l id="207">Voici l'autre de Sainte Fente.</l>
</sp>
<sp who="LE TRIACLEUR"><speaker>LE TRIACLEUR.</speaker>
	<l id="208">J'apporte du pays de Tarente</l>
	<l id="209">La dent (de) Geoffroy à la grand dent,</l>
	<l id="210">Qui va tout le monde mordant.</l>
	<l id="211">Pour Dieu, reculez-vous arrière.</l>
<note type="L">Foudrier(e) : Ouvrier qui fait les tonneaux ou foudres à renfermer les produits alcooliques. [L]</note>
	<l id="212">Je la pris à une foudrière,</l>
	<l id="213">En la vallée de Golgotas.</l>
	<l id="214">J'ai ci encore un grand tas</l>
	<l id="215">De coque-grues d'outre-mer.</l>
	<l id="216">J'ai du chevron qui porte l'air</l>
	<l id="217">Et du pied qui porte la lune.</l>
</sp>
<sp who="LE PARDONNEUR"><speaker>LE PARDONNEUR.</speaker>
	<l id="218">Par la mort bieu, c'est d'une prune</l>
	<l id="219">D'un prunier de quelque jardin.</l>
</sp>
<sp who="LE TRIACLEUR"><speaker>LE TRIACLEUR.</speaker>
<note type="L">Tabourin : tambour de petite taille.</note>
	<l id="220">Voici du bois du tabourin</l>
	<l id="221">De quoi David joue devant Dieu.</l>
</sp>
<sp who="LE PARDONNEUR"><speaker>LE PARDONNEUR.</speaker>
	<l id="222">Il a menti, par le sang bieu,</l>
	<l id="223">Car David jouait de la harpe.</l>
</sp>
<sp who="LE TRIACLEUR"><speaker>LE TRIACLEUR.</speaker>
	<l id="224">Par la mort bieu, si je te happe,</l>
	<l id="225">Je t'enverrai prêcher ailleurs.</l>
</sp>
</div2>
<div2 type="scene" n="2"><head>SCÈNE II. La Tavernière, Le Triacleur, La Pardonneur</head>
<sp who="LA TAVERNIÈRE"><speaker>LA TAVERNIÈRE.</speaker>
	<l id="226">Dea, il ne vient plus nuls buveurs</l>
<note type="L">Chalandise : Affluence de chalands, vogue.</note>
	<l id="227">Je perds toute ma chalandise.</l>
	<l id="228">Tous ces triacleurs de Venise</l>
	<l id="229">Et ses pardonneurs d'Amiens,</l>
	<l id="230">Qui cueillent d'église en église,</l>
	<l id="231">Soulaient tous venir céans.</l>
</sp>
<sp who="LE TRIACLEUR"><speaker>LE TRIACLEUR.</speaker>
	<l id="232">Messieurs,j'ai beaucoup de biens,</l>
	<l id="233">Dieu merci, de beaux et de bons.</l>
	<l id="234">Seigneurs, voici un des crampons</l>
	<l id="235">De l'huis qui soutient tout le monde,</l>
	<l id="236">Et voici une pierre ronde,</l>
	<l id="237">Que jamais aveugle ne vit ;</l>
	<l id="238">C'est la pierre de quoi David</l>
	<l id="239">Tua Goliath le géant.</l>
</sp>
<sp who="LE PARDONNEUR"><speaker>LE PARDONNEUR.</speaker>
	<l id="240">Je me tiens ici pour néant.</l>
	<l id="241">J'y perds mon sens et [ma] mémoire.</l>
</sp>
<sp who="LE TRIACLEUR"><speaker>LE TRIACLEUR.</speaker>
	<l id="242">Que veux-tu donc ? Irons-nous boire ?</l>
	<l id="243">Je te prie, allons-y, beau sire.</l>
<note type="L">Entrenuire : Se nuire réciproquement l'un à l'autre. [L]</note>
	<l id="244">Nous ne faisons qu'entrenuire,</l>
	<l id="245">Se nous ne faisons quelque accord.</l>
	<l id="246">Tu sais, par ton même record,</l>
	<l id="247">Que deux coquins ne valent rien</l>
	<l id="248" syll="4" part="i">À un huis.</l>
</sp>
<sp who="LE PARDONNEUR"><speaker>LE PARDONNEUR.</speaker>
	<l id="248" syll="4" part="f">Tu dis très bien.</l>
<note type="L">Gourmander : Fig. Réprimander avec dureté ou vivacité, par extension du sens de ronger comme un gourmand qu'a ce verbe. </note>
	<l id="249">Il nous faut aller gourmander ;</l>
	<l id="250">A quelqu'un nous fault demander</l>
	<l id="251">Où est le bon vin d'Orléans.</l>
</sp>
<sp who="LA TAVERNIÈRE"><speaker>LA TAVERNIÈRE.</speaker>
	<l id="252">C'est céans, seigneurs, c'est céans ;</l>
	<l id="253">Venez, entrez, j'ai de bon vin.</l>
</sp>
<sp who="LE TRIACLEUR"><speaker>LE TRIACLEUR.</speaker>
	<l id="254">Aussi l'entends-je en latin.</l>
	<l id="255">Tenez, gardez-moi ce coffret.</l>
</sp>
<sp who="LA TAVERNIÈRE"><speaker>LA TAVERNIÈRE.</speaker>
	<l id="256">Messieurs, dites, s'il vous plaît,</l>
	<l id="257">De quoi vous mêlez-vous tous deux ?</l>
</sp>
<sp who="LE PARDONNEUR"><speaker>LE PARDONNEUR.</speaker>
	<l id="258">De quoi ? Nous sommes pardonneur,</l>
	<l id="259">Dame, à votre commandement.</l>
	<l id="260">Au moins moi véritablement;</l>
	<l id="261">Mais cestui ci est triacleur.</l>
</sp>
<sp who="LE TRIACLEUR"><speaker>LE TRIACLEUR.</speaker>
	<l id="262">Par Saint Jehan, je me tiens</l>
	<l id="263">Si sûr, mon mari était ici,</l>
	<l id="264">Certes, il serait bien marri</l>
	<l id="265">Si très bien ne vous festoyait</l>
	<l id="266">Car aussi certes il soûlait</l>
	<l id="267">Se mêler du même métier.</l>
</sp>
<sp who="LE TRIACLEUR"><speaker>LE TRIACLEUR.</speaker>
	<l id="268" syll="3" part="i">Comme quoi ?</l>
</sp>
<sp who="LA TAVERNIÈRE"><speaker>LA TAVERNIÈRE.</speaker>
	<l id="268" syll="5" part="f">Il était ouvrier</l>
	<l id="269">Excellent d'arracher les dents.</l>
</sp>
<sp who="LE PARDONNEUR"><speaker>LE PARDONNEUR.</speaker>
	<l id="270">Sang bieu, il étoit de nos gens.</l>
</sp>
<sp who="LA TAVERNIÈRE"><speaker>LA TAVERNIÈRE.</speaker>
	<l id="271">Ha c'était mon ; j'en suis bien aise.</l> 
	<l id="272">Or, messieurs, ne vous déplaise,</l>
	<l id="273">Faites [donc] tous deux bonne chére</l>
<note type="L">Demourrer : rester, s'arrêter, retarder, retenir.</note>
	<l id="274">Vous ne demourrez pas derrière</l>
	<l id="275">Par ma foi jusques à un écu.</l>
</sp>
<sp who="LE PARDONNEUR"><speaker>LE PARDONNEUR.</speaker>
	<l id="276">Je crois que nous avons vécu</l>
	<l id="277">Céans, dame, à vos dépens.</l>
	<l id="278">Il y a choses ici dedans</l>
	<l id="279">Qui est, certes, un grand trésor ; </l>
	<l id="280">Il vaut plus d'un million d'or;</l>
	<l id="281">S'il vous plaît, vous le garderez.</l>
</sp>
<sp who="LA TAVERNIÈRE"><speaker>LA TAVERNIÈRE.</speaker>
	<l id="282" syll="4" part="i">Et qu'est-ce ?</l>
</sp>
<sp who="LE PARDONNEUR"><speaker>LE PARDONNEUR.</speaker>
	<l id="282" syl="4" part="f">Vous le saurez</l>
	<l id="283">C'est, ainsi comme je l'entends,</l>
	<l id="284">Le béguin d'un des Innocents.</l>
	<l id="285">Gardez-le nous bien à point ;</l>
	<l id="286">Mais ne le développez point.</l>
</sp>
<sp who="LA TAVERNIÈRE"><speaker>LA TAVERNIÈRE.</speaker>
	<l id="287">Comment est-il si précieux ?</l>
</sp>
<sp who="LE TRIACLEUR"><speaker>LE TRIACLEUR.</speaker>
	<l id="288" syll="3" part="i">Oui dea.</l>
</sp>
<sp who="LA TAVERNIÈRE"><speaker>LA TAVERNIÈRE.</speaker>
	<l id="288" syll="5" part="f">J'aimerais mieux</l>
	<l id="289">Mourir que le développer.</l>
</sp>
<sp who="LE PARDONNEUR"><speaker>LE PARDONNEUR.</speaker>
	<l id="290">Or irons-nous après souper</l>
	<l id="291">Nous en allons ; adieu, pou fille.</l>
</sp>
<sp who="LA TAVERNIÈRE"><speaker>LA TAVERNIÈRE.</speaker>
	<l id="292">Adieu, seigneurs, qui vous conduise.</l>
</sp>
<sp who="LE TRIACLEUR"><speaker>LE TRIACLEUR.</speaker>
<note type="L">Benoît : Par ironie, qui affecte une dévotion doucereuse. [L] </note>
	<l id="293">Et benoîte soit tromperie ;</l>
	<l id="294">Le corps bieu elle en a pour une.</l>
</sp>
<sp who="LA TAVERNIÈRE"><speaker>LA TAVERNIÈRE.</speaker>
	<l id="295">Et n'est-il manière aucune</l>
	<l id="296">Que je puisse voir qu'est ceci ?</l>
	<l id="297">Par bieu, j'en suis à grand souci</l>
	<l id="298">Que ferai-je ? Y regarderai-je ?</l>
	<l id="299">Oui, nenni lequel ferai-je</l>
	<l id="300">Et si ferai par mon serment.</l>
	<l id="301">Mais je prie premièrement</l>
	<l id="302">A Dieu que point ne me punisse. </l>
	<l id="303">Et, mon Dieu, que je suis nice </l>
	<l id="304">Frêle et de propre nature, </l>
	<l id="305">Si je regarde d'aventure</l>
	<l id="306">Ce qu'il y a ici dedans,</l>
	<l id="307">Pardonnez-moi car je prétends</l>
	<l id="308">N'y faire aucune violence.</l>
	<l id="309">Or ça, il faut que je m'avance</l>
	<l id="310">De voir cette noble relique.</l>
	<l id="311">Vierge Marie, et qu'est-ce sique ?</l>
	<l id="312">Se sont brayes, par ma conscience, </l>
	<l id="313">De quelqu'un mon Dieu, patience ;</l>
<note type="L">Bréneux : Sali de bran, de matière fécale. [L]</note>
	<l id="314">Vierge Marie, qu'ils sont bréneuses</l>
<note type="L">Cauteleux : Qui a de la cautèle. Précaution mêlée de défiance et de ruse.</note>
	<l id="315">Que de finesses cauteleuses</l>
	<l id="316">Se font aujourd'hui par le monde ! </l>
	<l id="317">Je prie à Dieu qui les confonde. </l>
	<l id="318">Je le dirai à mon mari ; </l>
	<l id="319">Je m'y en vois adieu, vous dis, </l>
	<l id="320">Et prenez en gré, je vous prie,</l>
	<l id="321">Adieu, toute la compagnie.</l>
</sp>
</div2>
</div1>
</body>
</text>
</TEI>