<?xml version="1.0" encoding="utf-8" ?>
<TEI xml:lang="fr">
<teiHeader>
		<fileDesc>
			<titleStmt>
				<title>LE JUS DU PELERIN</title>
				<author type="texte" ISNI="">(anonyme)</author>
				<author type="traduction" ISNI="0000 0001 2124 4168">Achille JUBINAL (1810-1875)</author>
			</titleStmt>
			<publicationStmt>	
				<editor>Texte établi par Paul FIEVRE, juillet 2020</editor>
				<publisher>publié par Paul FIEVRE, août 2020</publisher>
				<idno>ANONYME_JUSDUPELERIN</idno>
			<rights>Creative Commons BY-NC-SA</rights>
			</publicationStmt>
			<SourceDesc>
				<genre>Comédie</genre>
				<inspiration>moeurs</inspiration>
				<structure>Un acte</structure>
				<type>prose</type>
				<periode>1100-1199</periode>
				<taille>(mesure non pertinente)</taille>
				<permalien></permalien>
			</SourceDesc>
		</fileDesc>
</teiHeader>
<text>
	<front>
		<docTitle>
			<titlePart type="main">LE JUS DU PELERIN</titlePart>
		</docTitle> 
		<docDate value='1834'>1834</docDate>
		<docAuthor id="[Anonyme]"></docAuthor>
		<docImprint>
			<editor type="TÉCHENER">PARIS, CHEZ TÉCHENER, PLACE DU LOUVRE, nº12 ; SILVESTRE, RUE DES BONS-ENFANTS, n°30.</editor>
			<printer id="CRAPELET">DE L'IMPRIMERIE DE CRAPELET.</printer>
		</docImprint>
	<castList>
		<head>ACTEURS</head>
		<castItem><role id="LE PÉLERIN" sex="1" type="H" statut='pélerin' age='A' stat_amour='néant'>LE PÉLERIN</role>.</castItem>
		<castItem><role id="GAUTIER" sex="1" type="H" statut='bourgeois' age='A' stat_amour='néant'>GAUTIER</role>, appelé d'abord le Vilain.</castItem>
		<castItem><role id="GUIOS" sex="1" type="H" statut='bourgeois' age='A' stat_amour='néant'>GUIOS</role>.</castItem>
		<castItem><role id="WARNIERS" sex="1" type="H" statut='bourgeois' age='A' stat_amour='néant'></role>WARNIERS.</castItem>
		<castItem><role id="RAGAUS" sex="1" type="H" statut='bourgeois' age='A' stat_amour='néant'>RAGAUS</role>.</castItem>
	</castList>
	<set location="Arras" country='France' periode='XIIème' gps="(N/A)">La scène est à Arras</set>
	<note>Extrait de "Théâtre français au moyen-âge". Paris : Firmin Didot, Frère. 1842. pp 97-101</note>
</front>
<body>
<div1 type="acte" n="1"><head>LE JUS DU PELERIN</head>
<div2 type="scene" n="1"><head></head>
<sp who="LE PÉLERIN"><speaker>LE PÉLERIN.</speaker>
<p id="1">
	<s id="1">Or paix, or paix ! </s>
	<s id="2">Seigneurs, et écoutez-moi : je vous dirai, si (vous) attendez un peu, nouvelles par lesquelles le pire de vous sera amendé. </s>
	<s id="3">Or taisiez-(vous) tous, (tenez-vous) coi, et ne m'interrompez pas. </s>
	<s id="4">Seigneurs, je suis pèlerin, et j'ai fait maint voyage par villes, par châteaux, par cités, par défilés, et j'aurais bien besoin d'avoir du repos, car je n'ai pas très bien trouvé ma nourriture partout. </s>
	<s id="5">Il y a bien trente cinq ans que je n'ai pas arrêté, et j'ai depuis été en maint bon lieu et vers maint saint, j'ai été au Sec-Arbre et jusqu'à Duresté, je remercie Dieu qui m'en a prêté l'esprit et le pouvoir. </s>
	<s id="6">J'ai été en Faménie, en Syrie et à Tyr ; Je suis allé dans un pays où l'on est si véridique que l'on y meurt sur l'heure quand on y veut mentir, et cela est tout à fait commun.</s>
</p>
</sp>
<sp who="LE VILAIN"><speaker>LE VILAIN.</speaker>
<note type="L">Moûtier : Vieux mot qui signifie monastère et qui ne s'emploie plus que dans le style plaisant ou familier ou archaïque. [L]</note>
<p id="2">
	<s id="1">Je t'en veux démentir, car, à nous qui t'écoutons, (tu) nous fait vessie pour lanterne. </s>
	<s id="2">Vous aimeriez mieux être assis en la taverne que d'aller au moûtier.</s>
</p>
</sp>
<sp who="LE PÉLERIN"><speaker>LE PÉLERIN.</speaker>
<p id="3">
	<s id="1">Péché fait qui me frappe, car je suis très las ; j'ai été à Luzerne, en Terre de Labour, en Toscane, en Sicile ; je m'en revins par le Pouille ou l'on s'entretint beaucoup d'un clerc net et subtil, gracieux et noble, et qui n'avait pas son pareil au monde ; il fut natif de cette ville ; il était ici appelé maître Adam le Bossu, et là, Adam d'Arras.</s>
</p>
</sp>
<sp who="LE VILAIN"><speaker>LE VILAIN.</speaker>
<p id="4">
	<s id="1">Très mal venu soyez, sire, comme vous avez pelé nos aulx ! </s>
	<s id="2">Est-il pour gueuser très bien entripaillé ? </s>
	<s id="3">Allez vous en d'ici, mauvais vilain puant, car je sais de source certaine que vous êtes un truand : or fuyez tôt, ne tardez pas, ou vous le paierez.</s>
</p>
</sp>
<sp who="LE PÉLERIN"><speaker>LE PÉLERIN.</speaker>
<p id="5">
	<s id="1">Vous êtes trop turbulent ; attendez un peu à cette heure que j'aie fait mon récit. </s>
	<s id="2">Or paix, pour (l'amour de) Dieu, Seigneur ! </s>
	<s id="3">Ce clerc dont je vous conte était aimé et prisé du Comte d'Artois, et je dirais bien à quel propos : ce maître Adam savait composer dits et chants, et le Comte désirait trouver un tel homme. </s>
	<s id="3">Quand il fut en rapport avec lui, il l'alla prier de lui faire un dit pour éprouver son esprit. </s>
	<s id="4">Maître Adam, qui sut bien en venir à bout, en fit un qui doit très bien se souvenir ; car il est très bien à ouïr et bon à retenir. </s>
	<s id="5">Le COmte n'aimerait pas mieux cinq cents livres. </s>
	<s id="6">À cette heure maître Adam est mort ; que Dieu lui fasse merci ! </s>
	<s id="7">J'ai été à sa tombe, et j'en remercie Jésus-Christ. </s>
	<s id="8">Le COmte me la montra (grâces lui soient rendues !) quand j'y fut l'année passée.</s>
</p>
</sp>
<sp who="LE VILAIN"><speaker>LE VILAIN.</speaker>
<p id="6">
	<s id="1">Vilain, fuyez d'ici ! </s>
	<s id="2">Ou vous serez très bien battu et déshabillé ; vous serez autrement revêtus au logis.</s>
</p>
</sp>
<sp who="LE PÉLERIN"><speaker>LE PÉLERIN.</speaker>
<p id="7">
	<s id="1">Et comment vous nomme-t-on, (vous) qui êtes si têtu ?</s>
</p>
</sp>
<sp who="LE VILAIN"><speaker>LE VILAIN.</speaker>
<p id="8">
	<s id="1">Comment, sire vilain ? </s>
	<s id="2">Gautelos_le_Têtu.</s>
</p>
</sp>
<sp who="LE PÉLERIN"><speaker>LE PÉLERIN.</speaker>
<p id="9">
	<s id="1">Or veuillez un peu, beau doux ami, attendre ; car on m'en a fait entendre bien long (au sujet) de cette fille, (et) qu'en l'honneur du clerc que Dieu a voulu prendre, l'on doit ici dire et apprendre ses dits ; et je me suis pour cela ici arrêté.</s>
</p>
</sp>
<sp who="GAUTIER"><speaker>GAUTIER.</speaker>
<p id="10">
	<s id="1">Fuyez ! </s>
	<s id="2">Ou vous serez battu, car diables vous rapporté. </s>
	<s id="3">Je vous ai tantôt trop bien traité, car je ne vous ai pas chapriné, et ces saint ne sont pas enfoncés ; ils ont vu maint roi en France</s>
</p>
</sp>
<sp who="LE PÉLERIN"><speaker>LE PÉLERIN.</speaker>
<p id="11">
	<s id="1">Hé ! </s>
	<s id="2">Vrai Dieu, envoyez souffrance à tous ceux qui me font tort.</s>
</p>
</sp>
<sp who="GUYOT"><speaker>GUYOT.</speaker>
<p id="12">
	<s id="1">Warnier, as-tu ouï le discours e ce paysans, et comment il nous va disant les bourdes qu'il nous souffle à la figure ?</s>
</p>
</sp>
<sp who="WARNIER"><speaker>WARNIER.</speaker>
<p id="13">
	<s id="1">Oui. </s>
	<s id="2">Donne-lui un soufflet ; je sais bien que c'est un mauvais homme.</s>
</p>
</sp>
<sp who="GUIOT"><speaker>GUIOT.</speaker>
<p id="14">
	<s id="1">Tenez, maintenant allez au logis, et be venez plus ici, vilain.</s>
</p>
</sp>
<sp who="ROGAUT"><speaker>ROGAUT.</speaker>
<p id="15">
	<s id="1">Rogaut, il s'en faut de peu que je ne crève, tant sa parole m'ennuie.</s>
</p>
</sp>
<sp who="ROGAUT"><speaker>ROGAUT.</speaker>
<p id="16">
	<s id="1">Taisez-vous, Warnier ; il parle de maître Adam, le clerc honorable, le gai, le large donneur, qui était plein de toutes les vertus ; de tout le monde (il) doit être plaint, car (il avait mainte belle grâce, et par dessus tout (il) savait faire de beaux dits, et était parfait chanteur.</s>
</p>
</sp>
<sp who="WARNIER"><speaker>WARNIER.</speaker>
<p id="17">
	<s id="1">Savait-il donc enchanter les gens ? </s>
	<s id="2">Or, prisé-je bien moins son affaire.</s>
</p>
</sp>
<sp who="ROGAUT"><speaker>ROGAUT.</speaker>
<p id="18">
	<s id="1">Nenni, mais (il) savait chansons faire, jeux-partis et motet entés ; il eut fit en grande abondance, et ballades, je ne sais combien.</s>
</p>
</sp>
<sp who="WARNIER"><speaker>WARNIER.</speaker>
<p id="19">
	<s id="1">Je te prie donc de m'en chanter une qui soit quelque peu commune.</s>
</p>
</sp>
<sp who="ROGAUT"><speaker>ROGAUT.</speaker>
<p id="20">
	<s id="1">Volontiers vraiment ; j'en saisi une qu'il fit, que je te chanterai.</s>
</p>
</sp>
<sp who="WARNIER"><speaker>WARNIER.</speaker>
<p id="21">
	<s id="1">Or dis, et je t'écouterai, et finissons tous nos débats.</s>
</p>
</sp>
<sp who="ROGAUT"><speaker>ROGAUT.</speaker>
<stage type="sing">Il chante</stage>
	<l id="1">Il n'est si bonne viande que de matous.</l>
<p id="23">
	<s id="1">Celle-ci est-elle bonne, ami Warnier, dis ?</s>
</p>
</sp>
<sp who="WARNIER"><speaker>WARNIER.</speaker>
<p id="22">
	<s id="1">Elle est l'é... de votre mère : doit-on priser telle chanson ? </s>
	<s id="2">Par le c...-Dieu ! </s>
	<s id="3">J'en appris hier une qui en vaut les quarante.</s>
</p>
</sp>
<sp who="ROGAUT"><speaker>ROGAUT.</speaker>
<p id="23">
	<s id="1">Par amour (pour moi), Warnier, maintenant chante-la.</s>
</p>
</sp>
<sp who="WARNIER"><speaker>WARNIER.</speaker>
<p id="24">
	<s id="1">Volontiers, fois que dois à mon amie.</s>
</p>
<stage type="sing">Il chante</stage>
	<l id="2">Se je n'i alloie, je n'iroi-e lie.</l>
<p id="25">
	<s id="1">De tel chant se doit-on vanter.</s>
</p>
</sp>
<sp who="ROGAUT"><speaker>ROGAUT.</speaker>
<p id="26">
	<s id="1">Par (ma) foi ! </s>
	<s id="2">Tu as aussi bonne grâce à chanter qu'un ours à souffler.</s>
</p>
</sp>
<sp who="WARNIER"><speaker>WARNIER.</speaker>
<p id="27">
	<s id="1">Mais c'est vous qui êtes l'ours...</s>
</p>
</sp>
<sp who="ROGAUT"><speaker>ROGAUT.</speaker>
<p id="28">
	<s id="1">Par (ma) foi ! </s>
	<s id="2">À cette heure je suis fort courroucé de votre humeur terrible ; je ferais aujourd'hui grand' folie si je partageais vos idées. </s>
	<s id="3">Beau prud'homme, mon avis est que (vous) ne fassiez ici plus de bruit.</s>
</p>
</sp>
<sp who="LE PÉLERIN"><speaker>LE PÉLERIN.</speaker>
<p id="29">
	<s id="1">(Me) conseillez-vous donc que je m'en aille ?</s>
</p>
</sp>
<sp who="ROGAUT"><speaker>ROGAUT.</speaker>
<p id="30">
	<s id="1">Oui vraiment.</s>
</p>
</sp>
<sp who="LE PÉLERIN"><speaker>LE PÉLERIN.</speaker>
<p id="31">
	<s id="1">Et je m'en irai, je ne dirai plus mot ; car je n'ai (pas) besoin qu'on me frappe.</s>
</p>
</sp>
<sp who="GUIOT"><speaker>GUIOT.</speaker>
<p id="32">
	<s id="1">Hé, Dieu ! Je ne mangerai (pas) depuis tierce, et (il) est déjà plus que nonne de la journée, et je ne puis rester si je ne bois, ou dorme, ou mâche. </s>
	<s id="2">Je m'en vais, j'ai fait ma tâche, et je n'ai ici plus rien à faire.</s>
</p>
</sp>
<sp who="ROGAUT"><speaker>ROGAUT.</speaker>
<p id="33">
	<s id="1">Warnier !</s>
</p>
</sp>
<sp who="WARNIER"><speaker>WARNIER.</speaker>
<p id="34">
	<s id="1">Quoi ?</s>
</p>
</sp>
<sp who="ROGAUT"><speaker>ROGAUT.</speaker>
<note type="L">Ayette : petit village du Pas-de-Calais à 10km au sud d'Arras.</note>
<p id="35">
	<s id="1">Veux-tu bien faire ? </s>
	<s id="2">Allons vers Ayette à la foire.</s>
</p>
</sp>
<sp who="WARNIER"><speaker>WARNIER.</speaker>
<p id="36">
	<s id="1">Soit ! </s>
	<s id="2">Mais auparavant je veux aller boire : malheur ait qui n'y viendra !</s>
</p>
</sp>
</div2>
</div1>
</body>
</text>
</TEI>