<?xml version="1.0" encoding='utf-8'?>
<TEI xml:lang="fr">
<teiHeader>
		<fileDesc>
			<titleStmt>
				<title>LES AVENTURES DE NINETTE, COMÉDIE</title>
				<author type="texte" ISNI="">(anonyme)</author>
			</titleStmt>
			<publicationStmt>	
				<editor>Edité par Paul FIEVRE, avril 2017</editor>
				<publisher>publié par Paul FIEVRE, mars 2017</publisher>
				<idno>ANONYME_AVENTURESDENINETTE</idno>
			<rights>Creative Commons BY-NC-SA</rights>
			</publicationStmt>
			<SourceDesc>
				<genre>Comédie</genre>
				<inspiration>moeurs</inspiration><structure>Quatre actes</structure>
				<type>prose</type>
				<periode>1821-1830</periode>
				<taille>(mesure non pertinente)</taille>
				<permalien>http://gallica.bnf.fr/ark:/12148/bpt6k61154472</permalien>
			</SourceDesc>
		</fileDesc>
</teiHeader>
<text>
	<front>
		<docTitle>
			<titlePart type="main">LES AVENTURES DE NINETTE</titlePart>
			<titlePart type="sub">COMÉDIE EN 4 TABLEAUX</titlePart>
			<titlePart type="sub">Représentée pour la première fois sur le Théâtre des OMBRES CHINOISES, le premier janvier.</titlePart>
		</docTitle> 
		<docDate value='1833'>1833.</docDate>
		<docAuthor id='[Anonyme]'></docAuthor>
		<docImprint>
			<printer id='PIHAN DELAFOREST'>IMPRIMERIE D A. PIHAN DELAFOREST, rue des Noyers, n° 37.</printer>
		</docImprint>
		<performance>
			<premiere date='1833-01-01' location='Théâtre des Ombres chinoises'>Réprésenté pour la première fois le 1 janvier 1833 au Thépatre des Ombres chinoises.</premiere>
		</performance>
			
		<castList><head>PERSONNAGES.</head>
			<castItem><role id='LA MAMAN' sex="2" type="H" statut='bourgeois' age='A' stat_amour='néant'>LA MAMAN</role>.</castItem>
			<castItem><role id='NINETTE' sex="2" type="H" statut='bourgeois' age='E' stat_amour='néant'>NINETTE</role>, sa fille, âgée de sept ans.</castItem>
			<castItem><role id='HENRI' sex="1" type="H" statut='bourgeois' age='E' stat_amour='néant'>HENRI</role>, son neveu, âgé de dix ans.</castItem>
			<castItem><role id='UN MARCHAND DE TISANE' sex="1" type="H" statut='commerçant' age='A' stat_amour='néant'>UN MARCHAND DE TISANE</role>.</castItem>
			<castItem><role id='UN PAYSAN' sex="1" type="H" statut='paysan' age='A' stat_amour='néant'>UN PAYSAN</role>.</castItem>
			<castItem><role id='PREMIÈRE PETITE FILLE' sex="2" type="H" statut='bourgeois' age='E' stat_amour='néant'>PREMIÈRE PETITE FILLE</role>.</castItem>
			<castItem><role id='SECONDE PETITE FILLE' sex="2" type="H" statut='bourgeois' age='E' stat_amour='néant'>SECONDE PETITE FILLE</role>.</castItem>
			<castItem><role id='UN HOMME' sex="1" type="H" statut='forain' age='A' stat_amour='néant'>UN HOMME avec son singe</role>.</castItem>
			<castItem><role id='UN SINGE' sex="9" type="B" statut='animal' age='A' stat_amour='néant'>UN SINGE</role>.</castItem>
		</castList>
		<set location='France' country='France' periode='XVIIème' gps="(N/A)"></set>
	</front>
<body>
<div1 type="act" n="1"><head>TABLEAU No 1.</head>
<stage type="decor">Le théâtre représente une chambre.</stage>
<div2 type="scene" n="1"><head>SCÈNE PREMIÈRE. La maman, Minette.</head>
<sp who="LA MAMAN"><speaker>LA MAMAN.</speaker>
<p id="1">
	<s id="1">Si tu t'y prends comme ça, Ninette, tu couperas tes doigts au lieu de la ceinture de ta poupée.</s>
</p>
</sp>
<sp who="NINETTE"><speaker>NINETTE.</speaker>
<p id="2">
	<s id="1">Oh ! </s>
	<s id="2">Non , maman, je ne suis pas si bête.</s>
</p>
<stage type="toward">À sa poupée.</stage>
<p id="3">
	<s id="1">Voyons, Mademoiselle, tenez-vous tranquille ; il faut bien vous mettre une ceinture neuve pour aller au bois de Boulogne, quoique vous ne soyez guère sage. </s>
	<s id="2">Comptons un peu ; vous êtes malpropre, gourmande, entêtée, et colère, colère ! comme un petit dindon.</s>
</p>
</sp>
<sp who="LA MAMAN"><speaker>LA MAMAN.</speaker>
<p id="4">
	<s id="1">Vraiment ? </s>
	<s id="2">Est-ce que cette petite fille-là s'appellerait aussi Ninette ? </s>
	<s id="3">J'en connais déjà une de ce nom qui a ces défauts.</s>
</p>
</sp>
<sp who="NINETTE"><speaker>NINETTE.</speaker>
<p id="5">
	<s id="1">Vous voulez rire, maman. </s>
	<s id="2">Moi je n'ai jamais vu que ma poupée comme cela.</s>
</p>
</sp>
<sp who="LA MAMAN"><speaker>LA MAMAN.</speaker>
<p id="6">
	<s id="1">Tu crois ! </s>
	<s id="2">Cherche bien ; mais prends donc garde, Ninette, tu vas te blesser.</s>
</p>
</sp>
<sp who="NINETTE"><speaker>NINETTE.</speaker>
<p id="7">
	<s id="1">Oh que non ! </s>
	<s id="2">Il n'y a pas de danger.</s>
</p>
<stage type="narration">En parlant, elle s'enfonce les ciseaux dans la main, crie, jette les ciseaux et sa poupée par terre avec fureur, puis son panier, puis sa chaise, toujours en pleurant et trépignant des pieds.</stage>
</sp>
<sp stage="serious" who="LA MAMAN"><speaker>LA MAMAN, d'un ton sévère.</speaker>
<p id="8">
	<s id="1">Ninette, taisez-vous tout de suite et ramassez vos joujoux.</s>
</p>
</sp>
<sp stage="shout" who="NINETTE"><speaker>NINETTE, criant plus fort.</speaker>
<p id="9">
	<s id="1">Ça me fait mal ! </s>
	<s id="2">Ah ! aie ! aie !</s>
</p>
</sp>
<sp who="LA MAMAN"><speaker>LA MAMAN.</speaker>
<p id="10">
	<s id="1">Si vous écoutiez ce qu'on vous dit, cela ne vous serait pas arrivé. </s>
	<s id="2">Ramassez vos joujoux, Mademoiselle, et rendez-moi mes ciseaux.</s>
</p>
<stage type="furious/break">Ninette, au lieu de répondre, frappe du pied sur les ciseaux et les brise.</stage>  
</sp>
<sp stage="pull" who="LA MAMAN"><speaker>LA MAMAN, la prenant parle bras.</speaker>
<p id="11">
	<s id="1">Vite, vite, au cabinet noir et en pénitence jusqu'à demain matin.</s>
</p>
</sp>
<sp stage="quiet" who="NINETTE"><speaker>NINETTE, cessant de crier.</speaker>
<p id="12">
	<s id="1">Mais, maman, nous devons faire une partie au bois de Boulogne : vous n'y pensez donc plus ?</s>
</p>
</sp>
<sp who="LA MAMAN"><speaker>LA MAMAN.</speaker>
<p id="13">
	<s id="1">Si fait, mais j'irai sans vous. </s>
	<s id="1">Votre cousin Henri est très sage, je le mènerai avec moi.
	</s>
</p>
</sp>
<sp stage="cry" who="NINETTE"><speaker>NINETTE, recommençant à pleurer.</speaker>
<p id="14">
	<s id="1">Maman ! </s>
	<s id="2">Maman ! </s>
	<s id="3">Pardonnez-moi, je ne le ferai plus.</s>
</p>
</sp>
<sp who="LA MAMAN"><speaker>LA MAMAN.</speaker>
<p id="15">
	<s id="1">Non, vous êtes trop méchante. </s>
	<s id="2">Pour cette fois vous serez mise en pénitence.</s>
</p>
</sp>
<sp who="NINETTE"><speaker>NINETTE.</speaker>
<p id="16">
	<s id="1">Grâce, grâce, ma petite maman.</s>
</p>
</sp>
<sp who="LA MAMAN"><speaker>LA MAMAN.</speaker>
<p id="17">
	<s id="1">C'est inutile ; je suis fâchée tout de bon.</s>
</p>
</sp>
<sp who="NINETTE"><speaker>NINETTE.</speaker>
<p id="18">
	<s id="1">Vous voulez donc que je meure de chagrin, que vous me laissez à la maison pendant que vous irez vous promener avec Henri.</s>
</p>
</sp>
<sp who="LA MAMAN"><speaker>LA MAMAN.</speaker>
<p id="19">
	<s id="1">Vous ne mourrez pas de chagrin ; mais je ne veux pas mener au bois de Boulogne une petite fille entêtée et colère.</s>
</p>
</sp>
<sp who="NINETTE"><speaker>NINETTE.</speaker>
<p id="20">
	<s id="1">Et celle qui ne serait que malpropre et gourmande, la mèneriez-vous, Maman ?</s>
</p>
</sp>
<sp stage="laugh" who="LA MAMAN"><speaker>LA MAMAN, riant.</speaker>
<p id="21">
	<s id="1">Voilà une capitulation à laquelle je ne m'attendais pas. </s>
	<s id="2">Allons, ramasse tes joujoux, viens m'embrasser; et, si d'ici à ce soir tu ne fais pas de nouvelles sottises, tu viendras au bois.</s>
</p>
<stage>Ninette saute au cou de sa maman, qui l'embrasse ; ensuite on met un petit linge autour de son doigt piqué, et il n'y paraît plus.</stage>
</sp>
</div2>
</div1>
<div1 type="tableau" n="2"><head>TABLEAU N°2.</head>
<stage type="decor">Le théâtre représente le bois de Boulogne.</stage>
<div2 type="scene" n="2"><head>SCÈNE II. Ninette, Henri, montés sur des ânes.</head>
<sp stage="ride/hit" who="NINETTE"><speaker>NINETTE, fouettant son âne.</speaker>
<p id="1">
	<s id="1">En avant, en avant, Manon, puisque c'est ainsi que ton maître t'appelle. </s>
	<s id="2">Marche, trotte, galope ; ah ! </s>
	<s id="3">Que tu es paresseuse, vilaine. </s>
	<s id="4">C'est si gentil de courir ; moi, je déteste marcher tranquillement, et je ne conçois pas pourquoi cet âne s'obstine à aller d'un pas si grave ; cela devrait l'amuser davantage de galoper. </s>
	<s id="5">Hue ! donc, Manon ! </s>
	<s id="6">Henri, donne-moi une branche plus dure, pour que je le fouette fort.</s>
</p>
</sp>
<sp stage="ride" who="HENRI"><speaker>HENRI, se tenant avec peine sur son âne.</speaker>
<p id="2">
	<s id="1">Laisse-moi donc tranquille, tu vois bien que le mien est méchant.</s>
</p>
</sp>
<sp who="NINETTE"><speaker>NINETTE.</speaker>
<p id="3">
	<s id="1">C'est que tu ne sais pas le conduire. </s>
	<s id="2">Regarde comme je me tiens droite. </s>
	<s id="3">Attends. </s>
	<s id="4">Je vais faire aller ton âne. </s>
</p>
<stage type="hit">Elle frappe sur les oreilles de l'âne qui rue.</stage>
</sp>
<sp who="HENRI"><speaker>HENRI.</speaker>
<p id="4">
	<s id="1">Finis donc, Ninette, je tomberai ; c'est sûr, encore que tu as voulu prendre ce petit chemin, et nous séparer des autres. </s>
	<s id="2">Retournons par là. </s>
	<s id="3">J'entends la voix de ma tante qui nous appelle.</s>
</p>
</sp>
<sp who="NINETTE"><speaker>NINETTE.</speaker>
<p id="5">
	<s id="1">Mon Dieu, mon Dieu, n'as-tu pas déjà peur ? </s>
	<s id="2">En vérité, je n'ai jamais vu d'homme aussi poltron.</s>
</p>
</sp>
<sp who="HENRI"><speaker>HENRI.</speaker>
<p id="6">
	<s id="1">Ni moi de petite fille si jacasse.</s>
</p>
</sp>
<sp who="NINETTE"><speaker>NINETTE.</speaker>
<p id="7">
	<s id="1">Comment as-tu dit ?</s>
</p>
</sp>
<sp who="HENRI"><speaker>HENRI.</speaker>
<p id="8">
	<s id="1">J'ai dit ce que j'ai voulu. </s>
	<s id="2">Il n'est pas honnête de faire répéter, Mademoiselle.</s>
</p>
</sp>
<sp who="NINETTE"><speaker>NINETTE.</speaker>
<p id="9">
	<s id="1">Tu n'oserais pas, peureux. </s>
	<s id="2">Conduis donc mieux ta monture. </s>
	<s id="3">Quel cavalier de malheur ! </s>
	<s id="4">On dirait un chat maigre monté sur un bâton.</s>
</p>
<stage type="get">En parlant ainsi, Ninette ramasse des crottes de chèvres qui sont  sur une petite butte le long du chemin.</stage>
</sp>
<sp stage="impatient" who="HENRI"><speaker>HENRI, impatienté.</speaker>
<note type="L">Jacasse : Terme populaire. Femme, fille qui parle beaucoup. C'est une petite jacasse. [L]</note>
<p id="10">
	<s id="1">Jacasse ! </s>
	<s id="2">Jacasse ! </s>
	<s id="3">Tu n'es qu'une jacasse.</s>
</p>
</sp>
<sp stage="throw" who="NINETTE"><speaker>NINETTE, lui jetant les crottes de chèvres à la figure.</speaker>
<p id="11">
	<s id="1">Voilà pour ta peine.</s>
</p>
</sp>
<sp stage="clean" who="HENRI"><speaker>HENRI, secouant son gilet.</speaker>
<p id="12">
	<s id="1">Ah ! </s>
	<s id="2">La vilaine malpropre !</s>
</p>
</sp>
<sp stage="threat" who="NINETTE"><speaker>NINETTE, le menaçant.</speaker>
<p id="13">
	<s id="1">Tiens, tiens, j'en ai encore.</s>
</p>
<stage type="ride/fall">Henri veut faire galoper son âne pour se sauver ; mais l'animal rétif se regimbe, rue, renverse son cavalier, et s'enfuit à travers le bois. L'enfant tombe sur une racine d'arbre, qui lui fait saigner le nez.</stage>
</sp>
<sp stage="cry" who="NINETTE"><speaker>NINETTE, pleurant.</speaker>
<p id="14">
	<s id="1">Maman, maman, au secours ! </s>
	<s id="2">Mon cousin est tué ! </s>
	<s id="3">Maman, maman !</s>
</p>
</sp>
<sp stage="location" who="LA MAMAN"><speaker>LA MAMAN, derrière les arbres.</speaker>
<p id="15">
	<s id="1">Mon Dieu ! </s>
	<s id="2">Qu'est-il donc arrivé ? </s>
	<s id="3">C'est la voix de Ninette. </s>
	<s id="4">Courons. </s>
	<s id="5">Mon Dieu, mon Dieu ! </s>
	<s id="6">Qu'as-tu donc, ma fille ?</s>
</p>
</sp>
</div2>
</div1>
<div1 type="tableau" n="3"><head>TABLEAU  N° 3.</head>
<stage type="decor">Même décoration que le précédent.</stage>
<div2 type="scene" n="1"><head>NINETTE, montée sur son âne ; Un Marchand de tisane, Un Paysan.</head>
<sp stage="toward" who="LE MARCHAND DE TISANE"><speaker>LE MARCHAND DE TISANE, au paysan.</speaker>
<p id="1">
	<s id="1">Regardez donc cette petite fille qui va toute seule sur un âne ; c'est pourtant défendu ; il doit y avoir toujours un conducteur pour éviter les accidents.</s>
</p>
</sp>
<sp who="LE PAYSAN"><speaker>LE PAYSAN.</speaker>
<p id="2">
	<s id="1">Je crois ben, l'âne est de chez Jean-Pierre. </s>
	<s id="2">Y n'y a qu'un instant que son rouget vient de flanquer par terre un petit garçon de la même compagnie, qui courait sans le guide. </s>
	<s id="3">J'ai entendu la maman qui défendait à celle-là de s'éloigner davantage ; mais il paraît que la jeunesse a une tête qui n'est pas de ces plus commodes, tout enfant qu'elle est.</s>
</p>
</sp>
<sp who="LE MARCHAND DE TISANE"><speaker>LE MARCHAND DE TISANE.</speaker>
<p id="3">
	<s id="1">Dites donc, Claude, si nous faisions peur à c'te petite pour lui apprendre à désobéir !</s>
</p>
</sp>
<sp who="LE PAYSAN"><speaker>LE PAYSAN.</speaker>
<p id="4">
	<s id="1">Oui, amusons nous un peu ; mais ce qui vaudrait le mieux, arrêtons-là, mettons l'âne en fourrière. </s>
	<s id="2">Ce sont des bourgeois, ils paieront l'amende.</s>
</p>
<stage type="toward">À Ninette.</stage>
<p id="5">
	<s id="1">Ah hie ! </s>
	<s id="2">La petite demoiselle, où allez-vous dont comme cela ?</s>
</p>
</sp>
<sp who="NINETTE"><speaker>NINETTE.</speaker>
<p id="6">
	<s id="1">Qu'est-ce que cela vous fait ? </s>
	<s id="2">Je me promène.</s>
</p>
</sp>
<sp who="LE MARCHAND DE TISANE"><speaker>LE MARCHAND DE TISANE.</speaker>
<p id="5">
	<s id="1">Oui-dà ! </s>
	<s id="2">Mais on ne se promène pas à âne dans le bois de Boulogne sans avoir un conducteur.</s>
</p>
</sp>
<sp who="NINETTE"><speaker>NINETTE.</speaker>
<p id="6">
	<s id="1">Pourquoi donc, s'il vous plaît ? </s>
	<s id="2">Les ânes s'y promènent bien tout seuls, puisque vous y voilà.</s>
</p>
</sp>
<sp who="LE PAYSAN"><speaker>LE PAYSAN.</speaker>
<p id="7">
	<s id="1">Oh ! </s>
	<s id="2">La commère, vous a-t-elle une langue ! </s>
	<s id="3">Il ne s'agit pas de cela, vous allez descendre pour que je mène l'âne chez le commissaire.</s>
</p>
</sp>
<sp who="NINETTE"><speaker>NINETTE.</speaker>
<p id="8">
	<s id="1">Je ne veux pas descendre, moi.</s>
</p>
</sp>
<sp who="LE MARCHAND DE TISANE"><speaker>LE MARCHAND DE TISANE.</speaker>
<p id="9">
	<s id="1">C'est ce que nous allons voir.</s>
</p>
</sp>
<sp stage="shout" who="NINETTE"><speaker>NINETTE, criant.</speaker>
<p id="10">
	<s id="1">Maman, maman !</s>
</p>
<stage type="closer">Le marchand s'approche pour prendre Ninette, qui lui donne un coup de houssine sur la figure. L'homme s'éloigne, en disant :</stage>
</sp>
<sp who="LE MARCHAND DE TISANE"><speaker>LE MARCHAND DE TISANE.</speaker>
<p id="11">
	<s id="1">La petite masque ! </s>
	<s id="2">Une ligne plus haut, elle me tirait l'oeil.</s>
</p>
<stage type="narration">Le paysan veut à son tour prendre Ninette ; mais l'âne, qui s'impatiente, commence à sauter et lancer des ruades à droite et à gauche. Le paysan, pour en éviter une dans le ventre, se retourne et la reçoit dans le derrière. Ninette,
qui, pendant ce débat, n'a cessé de crier Maman ! pique son âne et se sauve en disant :</stage>
</sp>
<sp who="NINETTE"><speaker>NINETTE.</speaker>
<p id="12">
	<s id="1">Attrappe, attrappe, c'est bien fait.</s>
</p>
</sp>
<sp stage="run" who="LE PAYSAN"><speaker>LE PAYSAN, courant.</speaker>
<p id="13">
	<s id="1">Arrêtez, arrêtez !</s>
</p>
</sp>
<sp who="LE MARCHAND DE TISANE"><speaker>LE MARCHAND DE TISANE.</speaker>
<p id="14">
	<s id="1">Oui, oui, arrêtez-la, menez-la chez le commissaire, l'amende sera bonne. </s>
	<s id="2">Arrêtez, arrêtez !</s>
</p>
</sp>
<sp stage="hide" who="LA MAMAN"><speaker>LA MAMAN, derrière les arbres.</speaker>
<p id="15">
	<s id="1">Encore Ninette qui fait quelques sottises ; quel enfant ! </s>
	<s id="2">Quel enfant !</s>
</p>
</sp>
<sp stage="run" who="HENRI"><speaker>HENRI, accourant.</speaker>
<p id="16">
	<s id="1">Ma tante, ma tante, venez vite ; c'est Ninette qu'on veut prendre.</s>
</p>
</sp>
</div2>
</div1>
<div1 type="tableau" n="4"><head>TABLEAU N° 4.</head>
<stage type="decor">Le théâtre représente toujours le bois de Boulogne, mais sur la pelouse devant le pavillon d'Armenonville.</stage>
<div2 type="scene" n="1"><head>Ninette, Henri, Première petite fille, Deuxième petite  fille.</head>
<sp stage="toward" who="NINETTE"><speaker>NINETTE, à Henri.</speaker>
<p id="1">
	<s id="1">N'entends-tu pas remuer les assiettes ? </s>
	<s id="2">Je crois que l'on dîne ?</s>
</p>
</sp>
<sp who="HENRI"><speaker>HENRI.</speaker>
<p id="2">
	<s id="1">Ah ! </s>
	<s id="2">Te voilà bien, craignant toujours de perdre une bouchée.</s>
</p>
</sp>
<sp who="NINETTE"><speaker>NINETTE.</speaker>
<p id="3">
	<s id="1">Tiens, j'ai faim.</s>
</p>
</sp>
<sp who="HENRI"><speaker>HENRI.</speaker>
<p id="4">
	<s id="1">Tu sais bien que le restaurateur a dit que le dîner ne serait prêt que dans une heure : ainsi jouons encore un peu en attendant.</s>
</p>
</sp>
<sp who="NINETTE"><speaker>NINETTE.</speaker>
<p id="5">
	<s id="1">À quoi jouer ? </s>
	<s id="2">Dis donc, Henri, si j'allais demander à ces petites demoiselles de venir jouer avec nous ? </s>
	<s id="3">Elles ont des joujoux, un cerceau, une corde, un pantin.</s>
</p>
</sp>
<sp who="HENRI"><speaker>HENRI.</speaker>
<p id="6">
	<s id="1">Va, si tu n'es pas honteuse.</s>
</p>
</sp>
<sp who="NINETTE"><speaker>NINETTE.</speaker>
<p id="7">
	<s id="1">Ah ! </s>
	<s id="2">Bien oui, honteuse.</s>
</p>
<stage type="closer/wave">Elle s'approche des petites filles, et leur fait une belle révérence.</stage>
<p id="8">
	<s id="1">Mesdemoiselles, voulez-vous jouer avec nous ?</s>
</p>
</sp>
<sp who="PREMIÈRE PETITE FILLE"><speaker>PREMIÈRE PETITE FILLE.</speaker>
<p id="9">
	<s id="1">Nous voudrions bien, mademoiselle ; mais vous avez avec vous un petit monsieur, et nous ne jouons pas avec les petits messieurs.</s>
</p>
</sp>
<sp who="NINETTE"><speaker>NINETTE.</speaker>
<p id="10">
	<s id="1">Que cela ne vous empêche pas ; c'est mon cousin ; il est doux comme une petite fille.</s>
</p>
<stage type="">Se baissant et parlant en confidence :</stage>
<p id="11">
	<s id="1">C'est toujours moi qui l'égratigne, jamais il ne se revanche.</s>
</p>
</sp>
<sp who="DEUXIÈME PETITE FILLE"><speaker>DEUXIÈME PETITE FILLE.</speaker>
<p id="12">
	<s id="1">C'est gentil ça ; mais je vais tout de même demander la permission à maman.</s>
</p>
</sp>
<sp who="NINETTE"><speaker>NINETTE.</speaker>
<p id="13">
	<s id="1">Revenez bien vite, mademoiselle ; tu rapporteras aussi tes joujoux.</s>
</p>
</sp>
<sp who="PREMIÈRE PETITE FILLE"><speaker>PREMIÈRE PETITE FILLE.</speaker>
<p id="14">
	<s id="1">Oui, oui; tiens, donne la main à ma petite soeur, de crainte qu'elle ne tombe.</s>
</p>
<stage type="away">La première petite fille va à sa maman qui est assise devant le café y elle revient tout de suite avec la permission de jouer. Henri se rapproche.</stage>
</sp>
<sp who="NINETTE"><speaker>NINETTE.</speaker>
<p id="15">
	<s id="1">À quoi allons-nous jouer ?</s>
</p>
</sp>
<sp who="HENRI"><speaker>HENRI.</speaker>
<p id="16">
	<s id="1">À courir.</s>
</p>
</sp>
<sp who="PREMIÈRE PETITE FILLE"><speaker>PREMIÈRE PETITE FILLE.</speaker>
<p id="17">
	<s id="1">Ah ! </s>
	<s id="2">Non, à cause de ma petite soeur qui ne pourrait pas courir avec nous.</s>
</p>
</sp>
<sp who="NINETTE"><speaker>NINETTE.</speaker>
<p id="18">
	<s id="1">Au cerceau ?</s>
</p>
</sp>
<sp who="DEUXIÈME PETITE FILLE"><speaker>DEUXIÈME PETITE FILLE.</speaker>
<p id="19">
	<s id="1">Nous n'en n'avons qu'un ; et ma petite soeur pleurerait pour l'avoir.</s>
</p>
</sp>
<sp who="NINETTE"><speaker>NINETTE.</speaker>
<p id="20">
	<s id="1">Eh bien ! </s>
	<s id="2">Prête-moi ton pantin, je vais le faire danser.</s>
</p>
<stage type="narration">Ninette saisit le pantin, tire les cordes, mais elle ne peut pas le faire aller. La première petite Fille et Henri veulent lui indiquer comment il faut s'y prendre, elle les repousse.</stage>
</sp>
<sp who="HENRI"><speaker>HENRI.</speaker>
<p id="21">
	<s id="1">Prends garde, Ninette, tu vas faire encore quelques sottises.</s>
</p>
</sp>
<sp who="PREMIÈRE PETITE FILLE"><speaker>PREMIÈRE PETITE FILLE.</speaker>
<p id="22">
	<s id="1">Mon Dieu, mademoiselle, vous casserez mon pantin si vous tirez si fort.</s>
</p>
</sp>
<sp who="NINETTE"><speaker>NINETTE.</speaker>
<p id="23">
	<s id="1">Laissez-moi tranquille. </s>
	<s id="2">Bête de pantin ! </s>
	<s id="3">Que c'est ennuyeux !</s>
</p>
<stage type="break/cry">Elle secoue les cordes avec colère, crie deux ou trois fois, trépigne des pieds y et déchire le pantin en morceaux. Les deux petites filles pleurent.</stage>
</sp>
</div2>
<div2 type="scene" n="2"><head>SCÈNE DEUXIÈME. Les Précèdents, La maman de Ninette.</head>
<sp who="LA MAMAN"><speaker>LA MAMAN.</speaker>
<p id="1">
	<s id="1">Ninette, Ninette, vous ne serez donc jamais sage ?</s>
</p>
<stage type="toward">À la première petite-fille.</stage>
<p id="2">
	<s id="1">Je suis désolée, mademoiselle, de n'avoir pas un autre pantin à vous offrir ; mais cette méchante petite fille que voilà a apporté ici une assez jolie poupée toute neuve et bien habillée ; voulez-vous l'accepter en échange du jouet qu'elle vous a brisé.</s>
</p>
</sp>
<sp who="DEUXIÈME PETITE FILLE"><speaker>DEUXIÈME PETITE FILLE.</speaker>
<p id="3">
	<s id="1">Si maman le permet, madame.</s>
</p>
</sp>
<sp who="LA MAMAN"><speaker>LA MAMAN.</speaker>
<p id="4">
	<s id="1">Allez le lui demander.</s>
</p>
<stage type="away/cry">La première petite fille va à sa maman, Ninette pleure en se cachant derrière un arbre.</stage>
</sp>
<sp stage="back" who="PREMIÈRE PETITE FILLE"><speaker>LA PREMIÈRE PETITE FILLE, revenant.</speaker>
<p id="5">
	<s id="1">Maman veut bien, madame.</s>
</p>
</sp>
<sp who="LA MAMAN"><speaker>LA MAMAN.</speaker>
<p id="6">
	<s id="1">En ce cas, mademoiselle, on va vous donner la poupée.</s>
</p>
</sp>
</div2>
<div2 type="scene" n="3"><head>SCÈNE TROISIÈME. Les précédents, Un homme et un singe.</head>
<sp stage="pull" who="L'HOMME"><speaker>L'HOMME, tenant son singe au bout d'une corde.</speaker>
<p id="1">
	<s id="1">Voilà, messieurs, mesdames, le singe savant par excellence. </s>
	<s id="2">François, saluez la compagnie. </s>
	<s id="3">Bien, plus bas. </s>
</p>
<stage type="wave">Le singe obéit. </stage>
<p id="2">
	<s id="1">C'est cela ; à présent faites la révérence comme une dame. </s>
</p>
<stage type="wave">Le singe ploie les genoux. </stage>
<p id="3">
	<s id="1">Comme une demoiselle. </s>
</p>
<stage type="wave">Le singe salue en baissant les yeux. </stage>
<p id="4">
	<s id="1">Comme une petite fille. </s>
</p>
<stage type="wave">Le singe fait la révérence de mauvaise grâce en se frottant les yeux comme s'il pleurait. Les enfants, excepté Ninette, rient aux éclats.</stage> 
<p id="5">
	<s id="1">Comme un singe. </s>
</p>
<stage type="smile/run/laugh">Le singe fait mille grimaces et gambade. Les enfants rient plus fort.</stage>
</sp>
<sp who="PREMIÈRE PETITE FILLE"><speaker>PREMIÈRE PETITE FILLE.</speaker>
<p id="6">
	<s id="1">Qu'il est gentil ! </s>
	<s id="2">Je vais lui chercher un gâteau.</s>
</p>
<stage type="run">Elle court à sa mère, et revient avec une gaufre qu'elle donne au singe.</stage>
</sp>
<sp who="L'HOMME"><speaker>L'HOMME.</speaker>
<p id="7">
	<s id="1">François, remerciez cette jolie petite demoiselle et montez à l'arbre pour manger.</s>
</p>
<stage type="narration">Le singe se dispose à obéir. Ninette, qui est restée à l'écart, est tentée par la gaufre, et au moment où le singe grimpe à l'arbre tenant sa gaufre, elle se met en devoir de lui en prendre un morceau. L'animal défend sa proie, les enfants rient, le singe mord le doigt de Ninette.</stage>
</sp>
<sp who="LA MAMAN"><speaker>LA MAMAN.</speaker>
<p id="8">
	<s id="1">J'en suis fâchée, mais c'est la punition de votre gourmandise. </s>
	<s id="2">Partager une gaufre avec un singe, quelle honte ! </s>
	<s id="3">Venez que je mette du linge sur votre doigt. </s>
	<s id="4">C'est la seconde fois depuis ce matin. </s>
	<s id="5">Avouez que nous avons passé une jolie journée : l'un a le nez cassé et son linge sali par des crottes de chèvres ; j'ai donné dix francs au paysan pour ne pas aller chez le commissaire ; mademoiselle a eu son pantin déchiré ; vous avez perdu votre poupée, et à présent vous êtes blessée. </s>
	<s id="6">Ah ! </s>
	<s id="7">Pourquoi ai-je eu la faiblesse de mener à la promenade une petite fille entêtée, gourmande, malpropre et colère, mais colère comme un petit dindon.</s>
</p>
</sp>
</div2>
</div1>
</body>
</text>
</TEI>