<?xml version="1.0" encoding="utf-8" ?>
<TEI xml:lang="fr">
<teiHeader>
		<fileDesc>
			<titleStmt>
				<title>LA RÉSURRECTION DU SAUVEUR</title>
				<author type="texte" ISNI="">(anonyme)</author>
			</titleStmt>
			<publicationStmt>	
				<editor>Texte établi par Paul FIEVRE, juillet 2020</editor>
				<publisher>publié par Paul FIEVRE, août 2020</publisher>
				<idno>ANONYME_RESURECTIONDUSAUVEUR</idno>
			<rights>Creative Commons BY-NC-SA</rights>
			</publicationStmt>
			<SourceDesc>
				<genre>Drame liturgique</genre>
				<inspiration>évangiles</inspiration>
				<structure>Un acte</structure>
				<type>mixte</type>
				<periode>1100-1199</periode>
				<taille>0-250</taille>
				<permalien></permalien>
			</SourceDesc>
		</fileDesc>
</teiHeader>
<text>
	<front>
		<docTitle>
			<titlePart type="main">LES VIERGES SAGES ET LES VIERGES FOLLES</titlePart>
		</docTitle> 
		<docDate value='1834'>1834</docDate>
		<docAuthor id="[Anonyme]"></docAuthor>
		<docImprint>
			<editor type="TÉCHENER">PARIS, CHEZ TÉCHENER, PLACE DU LOUVRE, nº12 ; SILVESTRE, RUE DES BONS-ENFANTS, n°30.</editor>
			<printer id="CRAPELET">DE L'IMPRIMERIE DE CRAPELET.</printer>
		</docImprint>
	<castList><head>ACTEURS</head>
		<castItem><role id="DES FEMMES" sex="1" type="H" statut='bourgeois' age='A' stat_amour='néant'>DES FEMMES</role>.</castItem>
		<castItem><role id="L'ANGE DU SAINT SÉPULCRE" sex="1" type="D" statut='ange' age='A' stat_amour='néant'>L'ANGE DU SAINT SÉPULCRE</role>.</castItem>
		<castItem><role id="L'ÉPOUX" sex="1" type="H" statut='bourgeois' age='A' stat_amour='néant'>L'ÉPOUX</role>.</castItem>
		<castItem><role id="LES SAGES" sex="1" type="H" statut='sage' age='A' stat_amour='néant'>LES SAGES</role>.</castItem>
		<castItem><role id="LES FOLLES" sex="2" type="H" statut='folle' age='A' stat_amour='néant'>LES FOLLES</role>.</castItem>
		<castItem><role id="LES MARCHANDS" sex="1" type="H" statut='marchand' age='A' stat_amour='néant'>LES MARCHANDS</role>.</castItem>
		<castItem><role id="LE CHRIST" sex="1" type="H" statut='messie' age='A' stat_amour='néant'></role>LE CHRIST.</castItem>
		<castItem><role id="ISRAËL" sex="1" type="H" statut='prophète' age='A' stat_amour='néant'>ISRAËL</role>.</castItem>
		<castItem><role id="MOÏSE" sex="1" type="H" statut='prophète' age='A' stat_amour='néant'>MOÏSE</role>.</castItem>
		<castItem><role id="ISAÏE" sex="1" type="H" statut='prophète' age='A' stat_amour='néant'>ISAÏE</role>.</castItem>
		<castItem><role id="JÉRÉMIE" sex="1" type="H" statut='prophète' age='A' stat_amour='néant'>JÉRÉMIE</role>.</castItem>
		<castItem><role id="DANIEL" sex="1" type="H" statut='prophète' age='A' stat_amour='néant'>DANIEL</role>.</castItem>
		<castItem><role id="ABACUC" sex="1" type="H" statut='prophète' age='A' stat_amour='néant'>ABACUC</role>.</castItem>
		<castItem><role id="DAVID" sex="1" type="H" statut='roi' age='A' stat_amour='néant'>DAVID</role>.</castItem>
		<castItem><role id="SIMÉON" sex="1" type="H" statut='prophète' age='A' stat_amour='néant'>SIMÉON</role>.</castItem>
		<castItem><role id="ÉLISABETH" sex="1" type="H" statut='' age='A' stat_amour='néant'>ÉLISABETH</role>.</castItem>
		<castItem><role id="JEAN-BAPTISTE" sex="1" type="H" statut='prophète' age='A' stat_amour='néant'>JEAN-BAPTISTE</role>.</castItem>
		<castItem><role id="VIRGILE" sex="1" type="H" statut='poète' age='A' stat_amour='néant'>VIRGILE</role>.</castItem>
		<castItem><role id="NABUCHODONOSOR" sex="1" type="H" statut='roi' age='A' stat_amour='néant'>NABUCHODONOSOR</role>.</castItem>
		<castItem><role id="SIBYLLE" sex="1" type="H" statut='' age='A' stat_amour='néant'>SIBYLLE</role>.</castItem>
	</castList>
	<set location="Jérusalem" country='Israël' periode='Ier avant JC' link=''></set>
	<note>Extrait de "Théâtre français au moyen âge publié d'après les manuscrits dela bibliothèque du Roi" par Messieurs L.J.N. Monmerqué et Francisque Michel,. PAris : Didot Frères, 1842. pp. 2-9</note>
	</front>
<body>




<div1 type="acte" n="1"><head>LES VIERGES SAGES ET LES VIERGES FOLLES.</head>
<div2 type="scene" n="1"><head></head>
<sp who="DES FEMMES"><speaker>CECI EST DES FEMMES.</speaker>
<p id="1">
	<s id="1">Où est le Christ, mon seigneur et fils très-haut ? Allons voir le sépulcre.</s>
</p>
</sp>
<sp who="L'ANGE DU SAINT SÉPULCRE"><speaker>[L'ANGE DU SAINT SÉPULCRE].</speaker>
<p id="2">
	<s id="1">Celui que vous cherchez dans le sépulcre, ô chrétiens, n'est pas ici. </s>
	<s id="2">Il est ressuscité comme il l'avait prédit. </s>
	<s id="3">Allez, annoncez à ses disciples qu'il vous précédera en Galilée. </s>
	<s id="4">En vérité, la Seigneur a ressuscité du tombeau avec Gloire. </s>
	<s id="5">Alléluia.</s>
</p>
</sp>
<sp who="L'ÉPOUX"><speaker>L'ÉPOUX.</speaker>
<p id="3">
	<s id="1">Voici l'époux qui est le Christ : veillez vierges ; pour son arrivé, les hommes se réjouissent et se réjouiront ; car il est venu délivrer le berceau des nations, que les démons avaient réduits sous leur puissance par la faute de la première mère. </s>
	<s id="2">C'est lui que le prophète appelle le second Adam, et par qui le crime du premier Adam est détruit en nous. </s>
	<s id="3">Il a été mis en croix pour nous rendre à notre patrie céleste et nous soustraire au pouvoir du diable. </s>
	<s id="4">Il vient, l'époux qui, par sa mort, a expié et lavé  nos péchés, et a souffert le supplice de la crois.</s>
</p>
</sp>
<sp who="LES SAGES"><speaker>LES SAGES.</speaker>
<poem type="">
<lg n="1">
	<l id="1">Écoutez, vierges, ce que nous diront </l>
	<l id="2">Ceux présents, qui nous commanderons ; </l>
	<l id="3">Attendez un époux, Jésus sauveur a non. </l>
	<l id="4">Guère n'y dormit. </l>
	<l id="5">Cet époux que vous ores attendez.</l>
</lg>
<lg n="2">
	<l id="6">Vint en terre pour les vôtres péchés : </l>
	<l id="7">De la Vierge en Bethléem fut né,</l>
	<l id="8">En fleuve du Jourdain</l>
	<l id="9">Guère n'y dormit. </l>
	<l id="10">Cet époux que vous ores attendez.</l>
</lg>
<lg n="3">
	<l id="11">Il faut battu, moqué et là renié,</l>
	<l id="12">En haut sur la croix, en clous fiché :</l>
	<l id="12">Du monument dessous reposa.</l>
	<l id="13">Guère n'y dormit. </l>
	<l id="14">Cet époux que vous ores attendez.</l>
</lg>
</poem>
</sp>
<sp who="LES FOLLES"><speaker>LES FOLLES.</speaker>
<p id="4">
	<s id="1">Nous, compagnes du même voyage et soeurs de la même famille, quoiqu'il nous soit arrivé malheur, vous pouvez nous rendre au ciel. </s>
</p>
	<l id="15">Dolentes ! chétives ! trop y avons dormi.</l>
<p id="5">
	<s id="1">Donnez de la lumière à nos lampes, ayez pitié de notre inexpérience, afin que nous ne soyons pas mises à la porte quand l'époux vous appellera dans ses demeures.</s>
</p>
	<l id="16">Dolentes ! chétives ! trop y avons dormi.</l>
<p id="6">
	<s id="1">Et allez maintenant, allez vite et priez doucement les marchands qu'ils vous donnent, paresseuses, de l'huile pour vos lampes.</s>
</p>
	<l id="17">Dolentes ! chétives ! trop y avons dormi.</l>
</sp>
<sp who="LES FOLLES"><speaker>LES FOLLES.</speaker>
<p id="7">
	<s id="1">Ah ! </s>
	<s id="2">Malheureuses que nous sommes ! </s>
	<s id="3">Que faisons nous ici ? </s>
	<s id="4">Ne pouvions nous veiller. </s>
	<s id="5">Nous nous sommes attiré à nous-même la peine que nous souffrons maintenant.</s>
</p>
	<l id="18">Dolentes ! chétives ! trop y avons dormi.</l>
<p id="8">
	<s id="1">Et que le marchand nous donne au plus vite l'huile qu'il aura, lui ou son compagnon. </s>
	<s id="2">Nous venons maintenant chercher de l'huile, parce que nous avons négligemment versé la nôtre.</s>
</p>
	<l id="19">Dolentes ! chétives ! trop y avons dormi.</l>
</sp>
<sp who="LES SAGES"><speaker>LES SAGES.</speaker>
	<l id="20">De notre huile demandez à nous à donner ;</l>
	<l id="21">N'en aurez point, allez en acheter</l>
	<l id="22">Des marchands que là voyez être.</l>
	<l id="23">Dolentes ! chétives ! trop y avons dormi.</l>
</sp>
<sp who="LES MARCHANDS"><speaker>LES MARCHANDS.</speaker>
	<l id="24">Dames gentilles, ne vous convient être</l>
	<l id="25">Ni longuement ici demeurer.</l>
	<l id="26">Conseil cherchez, n'en à vous pouvons donner ;</l>
	<l id="27">Cherchez-le de qui vous peut conseiller.</l>
	<l id="28">Dolentes ! chétives ! trop y avons dormi.</l>
	<l id="29">Allez arrière à vos sages soeurs,</l>
	<l id="30">Et priez les par Dieu le glorieux,</l>
	<l id="31">Que l'huile fassent secours à vous :</l>
	<l id="32">Faites cela tôt, vu que bientôt viendra l'époux.</l>
	<l id="33">Dolentes ! chétives ! trop y avons dormi.</l>

<p id="8">
	<s id="1">Nous compagnes du même voyage et soeurs de la même famille, quoiqu'il nous soit arrivé malheur, vous pouvez nous rendre au ciel.</s>
</p>
	<l id="34">Dolentes ! chétives ! trop y avons dormi.</l>
<p id="9">
	<s id="1">Donnez de la lumière à nos lampes, ayez pitié de notre expérience, afin que nous ne soyons pas mises à la porte quand l'époux vous appellera sans ses demeures.</s>
</p>
	<l id="35">Dolentes ! chétives ! trop y avons dormi.</l>
</sp>
<sp who="LES SAGES"><speaker>LES SAGES.</speaker>
<p id="10">
	<s id="1">Cessez, nous vous en conjurons, nos soeurs, de nous prier devantage ; car il ne vous servira à rien de prier plus longtemps à ce sujet.</s>
</p>
	<l id="36">Dolentes ! chétives ! trop y avons dormi.</l>
<p id="11">
	<s id="1">Et allez maintenant, allez vite et priez doucement les marchands qu'ils vous donnent, paresseusement, de l'huile pour vos lampes.</s>
</p>
	<l id="37">Dolentes ! chétives ! trop y avons dormi.</l>
</sp>
<sp who="LES FOLLES"><speaker>[LES FOLLES].</speaker>
<p id="12">
	<s id="1">Ah ! </s>
	<s id="2">Malheureuses que nous sommes ! </s>
	<s id="3">Que faisons-nous ici ? </s>
	<s id="4">Ne pouvions nous veiller ? </s>
	<s id="5">Nous nous sommes attiré à nous même la peine que nous souffrons maintenant.</s>
</p>
	<l id="38">Dolentes ! chétives ! trop y avons dormi.</l>
<p id="13">
	<s id="1">Et que le marchand nous donne au plus vite l'huile qu'il aura, lui ou son compagnon. </s>
	<s id="2">Nous venons maintenant chercher de l'huile, parce que nous avons négligemment versé la nôtre.</s>
</p>
	<l id="39">Dolentes ! chétives ! trop y avons dormi.</l>
</sp>
<sp who="LES SAGES"><speaker>[LES SAGES].</speaker>
	<l id="40">De notre huile demandez à nous à donner ;</l>
	<l id="41">N'en aurez point, allez en acheter</l>
	<l id="42">Des marchands que là voyez être.</l>
	<l id="43">[Dolentes ! chétives ! Trop y avons dormi.]</l>
</sp>
<sp who="LES MARCHANDS"><speaker>LES MARCHANDS.</speaker>
	<l id="44">Dames gentilles, ne vous convient être </l>
	<l id="45">Ni longuement ici demeurer.</l>
	<l id="46">Conseil cherchez, n'en a vous pouvons donner ;</l>
	<l id="47">Cherchez-le de qui vous peut conseiller.</l>
	<l id="48">Dolentes ! chétives ! Trop y avons dormi.</l>
	<l id="49">Allez arrière à vos sages soeurs,</l>
	<l id="50">Et priez-les par Dieu le glorieux,</l>
	<l id="51">Que d'huile fassent secours à vous :</l>
	<l id="52">Faites cela tôt, vu que bientôt viendra l'époux .</l>
	<l id="53">[Dolentes ! chétives ! trop y avons dormi.]</l>
</sp>
<sp who="LES FOLLES"><speaker>[LES FOLLES].</speaker>
<p id="14">
	<s id="1">Ah ! </s>
	<s id="2">Malheureuse que nous sommes ! </s>
	<s id="3">Vers qui venons nous ? </s>
	<s id="4">En effet, il n'y a rien de ce que nous cherchons. </s>
	<s id="5">Il a été prophétisé et bientôt nous verrons... </s>
	<s id="6">Nous n'entrerons jamais aux noces.</s>
</p>
	<l id="54">[Dolentes ! chétives ! trop y avons dormi.]</l>
<p id="15">
	<s id="1">Écoute, époux, les voix des plaignants ; fais nous ouvrir la porte ; avec nos compagnes, donne-nous du secours.</s>
</p>
	<l id="55">Maintenant que l'époux vienne.</l>
</sp>
<sp who="LE CHRIST"><speaker>LE CHRIST.</speaker>
<p id="16">
	<s id="1">En vérité je vous le dis, je ne vous connais pas, car vous manquez de lumière ; parce que ceux qui marchent, marchent loin par la lumière de cette cour.</s>
</p>
	<l id="56">Allez, chétives ! allez malheureuses !</l>
	<l id="57">A toujours désormais vous sont peines livrées,</l>
	<l id="58">En enfer ores serez menées.</l>
<p id="17">
	<s id="1">Tantôt que les démons les prennent et qu'elles soient précipitées dans  l'enfer.</s>
</p> 
<p id="18">
	<s id="1">Que toutes les nations se réjouissant donnent un chant d 'allégresse. </s>
	<s id="2">Dieu devient homme, né aujourd'hui de la maison de David.</s>
</p>
<p id="19">
	<s id="1">Ô Juifs, qui niez la parole de Dieu, écoutez l'un après l'autre un homme de votre loi, témoin du roi ; et vous, gentils , qui ne croyez pas que la Vierge ait enfanté, dissipez votre erreur par ce que vous enseignent les gens de votre classe.</s>
</p>
</sp>
<sp who="ISRAËL"><speaker>ISRAËL.</speaker>
<p id="20">
	<s id="1">Israël, homme doux, dis, connais-tu fermement quelque chose du Christ ?</s>
</p>
</sp>
<sp who="RÉPONSE"><speaker>Réponse.</speaker>
<p id="21">
	<s id="1">Le chef n'est pas enlevé à Juda jusqu'à ce qu'il y en ait un qui soit remarqué. </s>
	<s id="2">Les nations attendront avec moi le Verbe salutaire de Dieu.</s>
</p>
</sp>
<sp who="MOÏSE"><speaker>MOÏSE.</speaker>
<p id="22">
	<s id="1">Législateur, approche ici, et parle dignement du Christ.</s>
</p>
</sp>
<sp who="RÉPONSE"><speaker>Réponse.</speaker>
<p id="23">
	<s id="1">Dieu vous donnera un prophète : prêtez-lui l'oreille comme à moi. </s>
	<s id="2">Celui qui n'écoute pas cet auditeur est chassé de sa nation.</s>
</p>
</sp>
<sp who="ISAÏE"><speaker>ISAÏE.</speaker>
<p id="24">
	<s id="1">Isaïe, qui sais la vérité, pourquoi ne la dis-tu pas ?</s>
</p>
</sp>
<sp who="RÉPONSE"><speaker>Réponse.</speaker>
<p id="25">
	<s id="1">Il est nécessaire que la verge de Jessé s'élève de la racine ; il en sortira une fleur, qui est l'esprit de Dieu.</s>
</p>
</sp>
<sp who="JÉRÉMIE"><speaker>JÉRÉMIE.</speaker>
<p id="26">
	<s id="1">Viens ici, Jérémie ; dis des prophéties au sujet du Christ.</s>
</p>
</sp>
<sp who="RÉPONSE"><speaker>Réponse.</speaker>
<p id="27">
	<s id="1">Il en est ainsi. </s>
	<s id="2">Celui-ci est notre Dieu. </s>
	<s id="3">Il n'y a en aura point d'autre.</s>
</p>
</sp>
<sp who="DANIEL"><speaker>DANIEL.</speaker>
<p id="28">
	<s id="1">Daniel, indique d'une voix prophétique les faits du Seigneur.</s>
</p>
</sp>
<sp who="RÉPONSE"><speaker>Réponse.</speaker>
<p id="29">
	<s id="1">Le Saint des saints viendra, et l'onction cessera.</s>
</p>
</sp>
<sp who="ABACUC"><speaker>[ABACUC].</speaker>
<p id="30">
	<s id="1">Abacus, montre à présent quel témoin tu es du Roi céleste.</s>
</p>
</sp>
<sp who="RÉPONSE"><speaker>Réponse.</speaker>
<p id="31">
	<s id="1">Et j'ai attendu, bientôt j'ai été saisi de la frayeur des merveilles, à la vue de ton oeuvre, entre les corps des deux animaux.</s>
</p>
</sp>
<sp who="DAVID"><speaker>DAVID.</speaker>
<p id="32">
	<s id="1">Dis, ô toi, David, au sujet de ton petit-fils, les causes qui te sont  connues.</s>
</p>
</sp>
<sp who="RÉPONSE"><speaker>Réponse.</speaker>
<p id="33">
	<s id="1">Tout le troupeau converti adorait le seigneur, que tout le genre humain futur devait servir. </s>
	<s id="2">Le Seigneur a dit à mon Seigneur : asseyez vous à ma droite.</s>
</p>
</sp>
<sp who="SIMÉON"><speaker>SIMÉON.</speaker>
<p id="34">
	<s id="1">Que maintenant Siméon vienne, auquel il avait été répondu, qu'il ne mourrait pas avant d'avoir vu le Seigneur.</s>
</p>
</sp>
<sp who="RÉPONSE"><speaker>Réponse.</speaker>
<p id="35">
	<s id="1">Maintenant vous me permettez, Seigneur, de finir ma vie en paix, parce que mes yeux voient à présent celui que vous avez envoyé dans ce monde, pour le salut du peuple.</s>
</p>
</sp>
<sp who="ELISABETH"><speaker>ELISABETH.</speaker>
<p id="36">
	<s id="1">Elisabeth parle ainsi du Seigneur, au milieu.</s>
</p>
</sp>
<sp who="RÉPONSE"><speaker>Réponse.</speaker>
<p id="37">
	<s id="1">Qu'est ce, que la mère de mon maître le visite ? </s>
	<s id="2">Car, à cause de lui, dans mon ventre, en enfant joyeux palpite.</s>
</p>
</sp>
<sp who="JEAN-BAPTISTE"><speaker>[JEAN-BAPTISTE].</speaker>
<p id="38">
	<s id="1">Dis, Baptiste, pour quelle cause, renfermé dans le ventre (de ta mère), as-tu donné des applaudissements au Christ ? </s>
	<s id="2">Apporte ton témoignage en faveur de celui pour qui tu as manifesté de la joie.</s>
</p>
</sp>
<sp who="RÉPONSE"><speaker>Réponse.</speaker>
<p id="39">
	<s id="1">Il vient un soulier tel que je ne suis pas assez bon pour oser en délier le cordon.</s>
</p>
</sp>
<sp who="VIRGILE"><speaker>VIRGILE.</speaker>
<p id="40">
	<s id="">Virgile, prophète des gentils, donne témoignage au Christ.</s>
</p>
</sp>
<sp who="RÉPONSE"><speaker>Réponse.</speaker>
<p id="41">
	<s id="1">Voici qu'au pôle, une nouvelle race est descendue sur la terre.</s>
</p>
</sp>
<sp who="NABUCHODONOSOR"><speaker>NABUCHODONOSOR.</speaker>
<p id="42">
	<s id="1">Courage ! </s>
	<s id="2">Dis, la bouche à la bouteille, ce que tu sais vraiment du  Christ.</s>
</p>
</sp>
<sp who="RÉPONSE"><speaker>Réponse.</speaker>
<p id="43">
	<s id="1">Nabuchodonosor, par une prophétie, autorise l'auteur de toutes choses.</s>
</p>
</sp>
<sp who="RÉPONSE"><speaker>Réponse.</speaker>
<p id="44">
	<s id=""></s>
</p>
</sp>
<sp who="SIBYLLE"><speaker>SIBYLLE.</speaker>
<p id="">
	<s id="">Dis en vérité, Sibylle, ce que tu présages du Christ.</s>
</p>
<note type="C">Benedicamus Domino : expression latine signifiant  Louons le Seigneur.</note>
<stage type="explicit">Ici commencent les benedicamus.</stage>
<p id="">
	<s id="1">Pleins d 'allégresse, réjouissons-nous ; accourez, célébrons la naissance du Christ avec la plus grande joie. </s>
	<s id="2">Il est venu avec la grâce et a brillé aux âmes fidèles, etc .</s>
</p>
<stage type="explicit">Jusqu'au folio 62 inclusivement se trouvent d'autres hymnes, sous la rubrique de Benedicamus. [NdT]</stage>
</sp>
</div2>
</div1>
</body>
</text>
</TEI>