<?xml version="1.0" encoding="utf-8" ?>
<TEI xml:lang="fr">
	<teiHeader>
		<fileDesc>
			<titleStmt>
				<title>LE TABLEAU PARLANT, COMÉDIE.</title>
				<author type="texte" ISNI="0000 0001 2122 9179">Louis ANSEAUME (1721-1784)</author>
				<author type="musique" ISNI="0000 0001 2096 1261">André-Ernest-Modeste GRÉTRY (1741-1813)</author>
			</titleStmt>
			<publicationStmt>	
				<publisher>Texte établi par Paul FIEVRE, janvier 2021</publisher>
				<publisher>Publié par Paul FIEVRE, juin 2021</publisher>
				<rights>Creative Commons BY-NC-SA</rights>
				<idno>ANSEAUME_TABLEAUPARLANT</idno>
			</publicationStmt>	
			<SourceDesc>
				<genre>Comédie parade</genre>
				<inspiration>moeurs françaises</inspiration>
				<structure>Un acte</structure>
				<type>vers</type>
				<periode>1761-1770</periode>
				<taille>500-750</taille>
				<permalien>https://gallica.bnf.fr/ark:/12148/bpt6k97519914</permalien>
			</SourceDesc>
		</fileDesc>
	</teiHeader>
	<text>
		<front>
			<docTitle>
				<titlePart type="main">LA TABLEAU PARLANT</titlePart>
				<titlePart type="sub">COMÉDIE PARADE</titlePart>
				<titlePart type="sub">EN UN ACTE ET EN VERS MÊLÉE D'ARIETTES</titlePart>
				<titlePart type="sub">Représentée pour la première fois par les Comédiens Italiens ordinaires du Roi, le 20 Septembre 1769.</titlePart>
				<titlePart type="sub">Le Prix 1 fr. 25 cent.</titlePart>
			</docTitle> 
			<docDate value='1816'>1816.</docDate>
			<docAuthor id='ANSEAUME, Louis'>Par M. ANSEAUME, musique de Grétry</docAuthor>
		<docImprint>
				<libraire id="FAGES">À PARIS, CHEZ FAGES, LIBRAIRE, au Magasin de Pièces de Théâtre, boulevard Saint-Martin, n° 29, vis-à-vis la rue de Lancry.</libraire>
				<printer>DE L'IMPRIMERIE DE CUSSAS, rue d'Orléans-Saint-Honoré, n°13.</printer>
		</docImprint>
		<performance>
			<premiere date='1755-08-23' location='Bruxelles'>Représentée pour la première fois à la Foire Saint-Germain, le 23 août 1755.</premiere>
		</performance>
	<castList><head>ACTEURS</head>
		<castItem><role id='CASSANDRE' sex="1" type="H" statut='bourgeois' age='A' stat_amour='néant'>CASSANDRE</role>, tuteur d'Isabelle.</castItem>
		<castItem><role id='ISABELLE' sex="2" type="H" statut='bourgeois' age='J' stat_amour='néant'>ISABELLE</role>.</castItem>
		<castItem><role id='COLOMBINE' sex="2" type="H" statut='suivante' age='A' stat_amour='néant'>COLOMBINE</role>, suivante d'Isabelle.</castItem>
		<castItem><role id='LÉANDRE' sex="1" type="H" statut='bourgeois' age='J' stat_amour='néant'>LÉANDRE</role>, neveu de Cassandre, amoureux d'Isabelle.</castItem>
		<castItem><role id='PIERROT' sex="1" type="H" statut='valet' age='A' stat_amour='néant'>PIERROT</role>, valet de Léandre.</castItem>
	</castList>
	<set location='Campagne française' country='France'  periode='XVIIIème' gps="(N/A)">La scène est chez Monsieur Casandre.</set>
</front>
<body>
<div1 type="acte" n="1"><head>LE TABLEAU PARLANT</head>
<stage type="decor">Le Tableau qui représente le portrait de Monsieur Cassandre, est posé sur un chevalet dans le fond du Théâtre.</stage>
<div2 type="scene" n="1"><head>SCÈNE PREMIERE.</head>
<sp stage="alone" who="ISABELLE"><speaker>ISABELLE, seule.</speaker>
<stage type="title">ARIETTE.</stage>
	<l id="1">Je suis jeune, je suis fille ;</l>
	<l id="2">On me trouve assez gentille ; </l>
	<l id="3">Je possède quelque bien.</l>
	<l id="4">On me courtise, on me vante,</l>
	<l id="5">Je devrais être contente ;</l>
	<l id="6">Mais, hélas ! Il n'en est rien.</l>
	<l id="7">En secret mon coeur soupire :</l>
	<l id="8">J'entends bien ce qu'il veut dire,</l>
	<l id="9">Mais je n'en fais pas semblant.</l>
	<l id="10">La maudite bienséance</l>
	<l id="11">M'impose un cruel silence.</l>
	<l id="12">Quelle gêne ! Quel tourment !</l>
	<l id="13">Je suis jeune, etc.</l>
	<l id="14">Sans contredit je suis dans l'âge</l>
	<l id="15">Où l'on porte aisément le joug du mariage ;</l>
	<l id="16">J'en ai tout à la fois et désir et besoin.</l>
	<l id="17">Mais depuis que monsieur Léandre :</l>
	<l id="18">Le seul homme pour qui j'ai pu devenir tendre ;</l>
	<l id="19">Est parti pour aller je ne sais où... bien loin,</l>
	<l id="20">Un funeste trépas me ravit père et mère.</l>
	<l id="21">Le vieux Cassandre, mon tuteur?</l>
	<l id="22">Malgré ses cheveux gris, entreprend de me plaire :</l>
	<l id="23">Et prétend m'engager dans un hymen trompeur.</l>
	<l id="24">Pour sortir d'embarras, je ne sais comment faire.</l>
	<l id="25">Il faut pourtant prendre un parti.</l>
	<l id="26">Mais Colombine, ma suivante,</l>
	<l id="27">Est une fille intelligente : </l>
	<l id="28">Il faut la consulter..... Justement la voici.</l>
</sp>
</div2>
<div2 type="scene" n="2"><head>SCÈNE II. Isabelle, Colombine.</head>
<sp who="COLOMBINE"><speaker>COLOMBINE, entre en chantant.</speaker>
<stage type="title">Fragment d'une ariette de la Veuve indécise.</stage>
	<l id="29">Il nous faut au village</l>
	<l id="30">Un mari jeune et dodu ;</l>
	<l id="31">À cela près femme sage</l>
	<l id="32">Prend le premier venu.</l>
</sp>
<sp who="ISABELLE"><speaker>ISABELLE.</speaker>
	<l id="33">De grâce, modérez ces transports d'allégresse ?</l>
	<l id="34">Vous voyez que votre maîtresse</l>
	<l id="35">À la tristesse dans le coeur :</l>
	<l id="36">Respectez du moins sa douleur.</l>
</sp>
<sp who="COLOMBINE"><speaker>COLOMBINE.</speaker>
	<l id="37">Est-ce ma faute, si vous soupirez sans cesse ?</l>
	<l id="38">Que ne faites-vous comme moi ?</l>
<stage type="sing">Elle chante.</stage>
	<l id="39">Je ris toujours, je chante, je badine......</l>
</sp>
<sp who="ISABELLE"><speaker>ISABELLE.</speaker>
	<l id="40">Encore ! En vérité, ma chère Colombine,</l>
	<l id="41">Dans l'état où je suis, j'attendais mieux de toi.</l>
</sp>
<sp who="COLOMBINE"><speaker>COLOMBINE.</speaker>
	<l id="42">Eh bien ! Qu'est-ce qui vous chagrine ?</l>
</sp>
<sp who="ISABELLE"><speaker>ISABELLE.</speaker>
	<l id="43">Je t'ai confié mes secrets.</l>
	<l id="44">Dans mon coeur, comme moi, tu sais ce qui se passe : </l>
	<l id="45">Tu sais pour qui l'amour me fait sentir ses traits.</l>
	<l id="46">Conseille-moi, voyons... Que faut-il que je fasse ?</l>
</sp>
<sp who="COLOMBINE"><speaker>COLOMBINE.</speaker>
	<l id="47">Restez, courez, prenez, c'est tout ce que je vois.</l>
</sp>
<sp who="ISABELLE"><speaker>ISABELLE.</speaker>
	<l id="48" syll="6" part="i">Explique-toi. Restée...</l>
</sp>
<sp who="COLOMBINE"><speaker>COLOMBINE.</speaker>
	<l id="48" syll="4" part="m">Restez fille.</l>
</sp>
<sp who="ISABELLE"><speaker>ISABELLE.</speaker>
	<l id="48" syll="2" part="f">Qui ? Moi !</l>
	<l id="49">Je te le dis en confidence ;</l>
	<l id="50">Mais, mon enfant, cela n'est pas en ma puissance.</l>
</sp>
<sp who="COLOMBINE"><speaker>COLOMBINE.</speaker>
	<l id="51">Courez les champs ; allez par voie et par chemin</l>
	<l id="52">Chercher votre amoureux. Peut-être qu'à la fin...</l>
</sp>
<sp who="ISABELLE"><speaker>ISABELLE.</speaker>
	<l id="53">Colombine, je suis une fille bien née :</l>
	<l id="54">Malgré mon inclination,</l>
	<l id="55">Je me souviens toujours de l'éducation</l>
	<l id="56">Que mes chers parents m'ont donnée.</l>
</sp>
<sp who="COLOMBINE"><speaker>COLOMBINE.</speaker>
	<l id="57">Prenez Cassandre pour époux.</l>
</sp>
<sp who="ISABELLE"><speaker>ISABELLE.</speaker>
	<l id="58" syll="4" part="i">Il est bien vieux.</l>
</sp>
<sp who="COLOMBINE"><speaker>COLOMBINE.</speaker>
	<l id="58" syll="4" part="f">Mais, entre nous,</l>
	<l id="59">Vous n'avez rien de mieux à faire ;</l>
	<l id="60" syll="6" part="i">Il est riche, il pourrait...</l>
</sp>
<sp who="ISABELLE"><speaker>ISABELLE.</speaker>
	<l id="60" syll="2" part="f">Ma chère,</l>
	<l id="61" syll="4" part="i">Il est bien vieux.</l>
</sp>
<sp who="COLOMBINE"><speaker>COLOMBINE.</speaker>
	<l id="61" syll="4" part="f">Nous y voilà.</l>
	<l id="62">On a tout dit, quand on a dit cela.</l>
	<l id="63">Faut-il donc pour si peu lui faire une querelle ?</l>
	<l id="64">Allez, allez, Mademoiselle,</l>
<stage type="sing">ARIETTE.</stage>
	<l id="65">Il est certains barbons,</l>
	<l id="66">Qui sont encor très bons ;</l>
	<l id="67">Ils n'ont pas le caquet</l>
	<l id="68">D'un jeune freluquet ;</l>
	<l id="69">Ils n'en ont pas les mines,</l>
	<l id="70">Les grâces enfantines ;</l>
	<l id="71">Ils ont je ne sais quoi,</l>
	<l id="72">Qui vaut mieux, selon moi.</l>
	<l id="73">Et ne vaut-il pas mieux</l>
	<l id="74">Être dame et maîtresse,</l>
	<l id="75">Et commander sans cesse</l>
	<l id="76">Avec un mari vieux,</l>
	<l id="77">Que de se voir l'esclave</l>
	<l id="78">D'un pimpant qui vous brave,</l>
	<l id="79">Qui promène en tous lieux</l>
	<l id="80">Sa tendresse et ses voeux,</l>
	<l id="81">Tandis que sa moitié</l>
	<l id="82">Pleure et sèche sur pied ?</l>
	<l id="83">Il est certains barbons</l>
	<l id="84">Qui sont encor très bons, etc.</l>
</sp>
<sp who="ISABELLE"><speaker>ISABELLE.</speaker>
	<l id="85">Mais ce je ne sais quoi, du moins il faut l'avoir,</l>
	<l id="86">Et... Regarde Monsieur_Cassandre,</l>
	<l id="87">Et dis-moi si l'on peut s'attendre...</l>
</sp>
<sp who="COLOMBINE"><speaker>COLOMBINE.</speaker>
	<l id="88">Patience donc, il faut voir.</l>
</sp>
<sp who="ISABELLE"><speaker>ISABELLE.</speaker>
	<l id="89">Tiens, voilà son portrait, considère, examine :</l>
	<l id="90">Peux-tu penser que cette mine...</l>
</sp>
<sp who="COLOMBINE"><speaker>COLOMBINE.</speaker>
	<l id="91" syll="4" part="i">Oui, le voilà...</l>
</sp>
<sp who="ISABELLE"><speaker>ISABELLE.</speaker>
	<l id="91" syll="8" part="f">Prends garde il est encor tout frais,</l>
	<l id="92">Demain, pour le finir, le peintre vient exprès.</l>
	<l id="93">Jusque-là le bon homme a demandé, par grâce,</l>
	<l id="94">Que l'on n'y touche point, et qu'on le laisse en place.</l>
</sp>
<sp who="COLOMBINE"><speaker>COLOMBINE.</speaker>
	<l id="95">Il a raison, c'est un chef-d'oeuvre, sur ma foi.</l>
</sp>
<sp who="ISABELLE"><speaker>ISABELLE.</speaker>
	<l id="96">Tu badines toujours. Mais, parlons vrai, dis-moi ;</l>
	<l id="97">Supposons, c'est toi qu'on marie ; </l>
	<l id="98">L'original dont voilà la copie,</l>
	<l id="99">Serait-il à tes yeux un objet bien tentant ?</l>
</sp>
<sp who="COLOMBINE"><speaker>COLOMBINE.</speaker>
	<l id="100">Oh ! bien tentant, c'est autre chose </l>
	<l id="101">C'est : Il un époux qui se propose. </l>
	<l id="102">Il faudrait l'aimer, mais... je n'exige pas tant,</l>
	<l id="103">Sachez feindre, il sera content.</l>
</sp>
<sp who="ISABELLE"><speaker>ISABELLE.</speaker>
	<l id="104">Je le fais, puisqu'enfin c'est un point nécessaire ; </l>
	<l id="105">Depuis quelques jours moins sévère,</l>
	<l id="106">J'écoute ses propos galanTs,</l>
	<l id="107">Et j'affecte pour lui de plus doux sentiments.</l>
</sp>
<sp who="COLOMBINE"><speaker>COLOMBINE.</speaker>
	<l id="108" syll="6" part="i">Pas encore assez bien.</l>
</sp>
<sp who="ISABELLE"><speaker>ISABELLE.</speaker>
	<l id="108" syll="6" part="f">C'est que l'on a beau faire,</l>
	<l id="109">Quand naturellement on a le coeur sincère,</l>
	<l id="110">Et qu'il faut en venir à cette extrémité...</l>
</sp>
<sp who="COLOMBINE"><speaker>COLOMBINE.</speaker>
	<l id="111">Je vous plains bien, en vérité.</l>
</sp>
<sp who="ISABELLE"><speaker>ISABELLE.</speaker>
	<l id="112">Mais, je ne suis point à mon aise.</l>
	<l id="113">Déjà tout occupé du bonheur qu'il attend,</l>
	<l id="114">Le bonhomme devient plus vif et plus ardent :</l>
	<l id="115">Si tu savais combien cela me pèse,</l>
	<l id="116">Combien je prends sur moi, dans de certains instants ;</l>
	<l id="117">Pour résister à mon impatience,</l>
	<l id="118">Quand il vient me conter d'un air de complaisance</l>
	<l id="119">Tout le fade jargon des amours du vieux temps :</l>
<stage type="title">ARIETTE.</stage>
	<l id="120">Tiens, ma reine, je soupire ;</l>
	<l id="121">Vois l'excès de mon amour.</l>
	<l id="122">Si tu ne veux que j'expire,</l>
	<l id="123">Sois donc sensible à ton tour.</l>
	<l id="124">Quelquefois d'un pas incertain,</l>
	<l id="125">Et d'une allure chancelante,</l>
	<l id="126">Il m'aborde, il me prend la main,</l>
	<l id="127">Que par pitié je lui présente ;</l>
	<l id="128">Alors ce sont des transports,</l>
	<l id="129">Des transports à faire rire :</l>
	<l id="130">Il fait les plus grands efforts</l>
	<l id="131">Pour me prouver son martyre.</l>
	<l id="132">Tiens, ma reine, etc.</l>
</sp>
<sp who="COLOMBINE"><speaker>COLOMBINE.</speaker>
	<l id="133" syll="6" part="i">Eh !... Que lui dites-vous ?</l>
</sp>
<sp who="ISABELLE"><speaker>ISABELLE.</speaker>
	<l id="133" syll="6" part="f">Je demeure interdite,</l>
	<l id="134">Je veux répondre et je ne puis ; </l>
	<l id="135">Il croit qu'amour pour lui m'agite,</l>
	<l id="136">Quand je succombe à mes ennuis.</l>
</sp>
<sp who="COLOMBINE"><speaker>COLOMBINE.</speaker>
	<l id="137">À tout cela je n'ai qu'un mot à dire :</l>
	<l id="138">C'est l'arrêt du destin, c'est à vous d'y souscrire.</l>
	<l id="139">Quand on n'a pas le choix... Le voici. Taisons-nous.</l>
</sp>
<sp who="ISABELLE"><speaker>ISABELLE.</speaker>
	<l id="140" syll="2" part="i">Qui donc ?...</l>
</sp>
<sp who="COLOMBINE"><speaker>COLOMBINE.</speaker>
	<l id="140" syll="6" part="f">Votre futur époux,</l>
	<l id="141">Qui vient vous rendre son hommage.</l>
</sp>
<sp who="ISABELLE"><speaker>ISABELLE.</speaker>
	<l id="142">Monsieur Cassandre! ô ciel! l'ennuyeux personnage!</l>
</sp>
<sp who="COLOMBINE"><speaker>COLOMBINE.</speaker>
	<l id="143">Songez à suivre ma leçon.</l>
</sp>
</div2>
<div2 type="scene" n="3"><head>SCÈNE III. Isabelle, Colombine, Cassandre.</head>
<sp who="CASSANDRE"><speaker>CASSANDRE.</speaker>
	<l id="144">Bonjour, ma charmante Isabelle ; </l>
	<l id="145" syll="6" part="i">Comment-vous portez-vous ?</l>
</sp>
<sp stage="toward" who="COLOMBINE"><speaker>COLOMBINE, à Isabelle.</speaker>
	<l id="145" syll="6" part="f">Fort bien. Répondez donc,</l>
</sp>
<sp who="CASSANDRE"><speaker>CASSANDRE.</speaker>
	<l id="146">Colombine, vois... qu'elle est belle ?</l>
	<l id="147">Ses beaux yeux dans mon coeur font naître le plaisir ;</l>
	<l id="148">Et rien qu'en la voyant, je me sens rajeunir...</l>
<stage type="title">À Isabelle.</stage>
	<l id="149" syll="10" part="i">Mais elle ne dit rien ! Qu'avez-vous donc ?</l>
<stage type="toward">À Colombine.</stage>
	<l id="149" syll="2" part="f">Qu'a-t-elle ?</l>
</sp>
<sp who="COLOMBINE"><speaker>COLOMBINE.</speaker>
	<l id="150">Beaucoup d'amour pour vous, Monsieur, certainement..</l>
</sp>
<sp who="CASSANDRE"><speaker>CASSANDRE.</speaker>
	<l id="151" syll="4" part="i">Quoi ! Tout de bon !</l>
</sp>
<sp stage="aparte" who="ISABELLE"><speaker>ISABELLE, à part.</speaker>
	<l id="151" syll="4" part="f">Comme elle ment !</l>
</sp>
<sp who="CASSANDRE"><speaker>CASSANDRE.</speaker>
	<l id="152">Mais certainement tu me charmes.</l>
<stage type="toward">À Isabelle.</stage>
	<l id="153">Et toi, confirme-moi ce gracieux aveu,</l>
	<l id="154">Si tu veux sans retour dissiper mes alarmes.</l>
</sp>
<sp who="ISABELLE"><speaker>ISABELLE.</speaker>
	<l id="155">Colombine exagère un peu.</l>
</sp>
<sp stage="toward" who="COLOMBINE"><speaker>COLOMBINE, à Cassandre.</speaker>
	<l id="156">Pures façons... La modestie.....</l>
	<l id="157">Vous savez ce que c'est, Monsieur, et quels combats</l>
	<l id="158">Éprouve dans son coeur une fille attendrie,</l>
	<l id="159">Qui voudrait s'exprimer, et qui ne l'ose pas.</l>
</sp>
<sp stage="laugh" who="CASSANDRE"><speaker>CASSANDRE, riant.</speaker>
	<l id="160">Mais à la fin il vient un temPs où l'honneur même</l>
	<l id="161">L'oblige à confesser qu'elle aime,</l>
	<l id="162">Et ce temps va bientôt venir.</l>
	<l id="163">Tel que le loup pressé d'une faim dévorante ;</l>
	<l id="164">L'hymen guette déjà la brebis innocente,</l>
	<l id="165">Et sous sa dent cruelle est prêt à la saisir.....</l>
	<l id="166" syll="" part="i">Tu ris... Tu ne crains pas ce loup-là....</l>
</sp>
<sp who="COLOMBINE"><speaker>COLOMBINE.</speaker>
	<l id="166" syll="3" part="f">Je vous jure</l>
	<l id="167" syll="8" part="i">Qu'il ne lui fera point de mal.</l>
</sp>
<sp who="CASSANDRE"><speaker>CASSANDRE.</speaker>
	<l id="167" syll="4" part="f">Non, je t'assure.</l>
	<l id="168">Ainsi nous voilà donc d'accord :</l>
	<l id="169">Tu consens de t'unir à moi par mariage ?</l>
</sp>
<sp who="ISABELLE"><speaker>ISABELLE.</speaker>
	<l id="170" syll="6" part="i">Tout comme vous voudrez.</l>
</sp>
<sp stage="toward" who="COLOMBINE"><speaker>COLOMBINE, à Cassandre.</speaker>
	<l id="170" syll="6" part="f">Eh bien ! Avais-je tort ?</l>
<stage type="toward">À Isabelle.</stage>
	<l id="171">Appuyez encor davantage.</l>
</sp>
<sp who="CASSANDRE"><speaker>CASSANDRE.</speaker>
<stage type="title">ARIETTE.</stage>
	<l id="172">Cet aveu charmant</l>
	<l id="173">Répand dans mon âme</l>
	<l id="174">Une vive flamme,</l>
	<l id="175">Un feu ravissant.</l>
	<l id="176">L'enfant de Cythère,</l>
	<l id="177">Vois-tu bien, ma chère,</l>
	<l id="178">L'enfant de Cythère,</l>
	<l id="179">Veut être caressé ;</l>
	<l id="180">La moindre contrainte</l>
	<l id="181">Lui porte une atteinte</l>
	<l id="182">Dont il est offensé ;</l>
	<l id="183">Mais il prend l'essor</l>
	<l id="184">Dès qu'il se voit maître.</l>
	<l id="185">Je le sens au transport</l>
	<l id="186">Qu'en moi tu fais naître.</l>
	<l id="187">Cet aveu charmant</l>
	<l id="188">Répand dans mon âme, etc.</l>
</sp>
<sp stage="ironic" who="COLOMBINE"><speaker>COLOMBINE, ironiquement.</speaker>
	<l id="189">Faites-lui donc quelque caresse</l>
	<l id="190" syll="6" part="i">A ce petit enfant.</l>
</sp>
<sp stage="laugh" who="CASSANDRE"><speaker>CASSANDRE, ricanant.</speaker>
	<l id="191">Hom ! hom ! la bonne pièce !</l>
	<l id="192">Ah çà ! tout est dit là-dessus.</l>
</sp>
<sp who="COLOMBINE"><speaker>COLOMBINE.</speaker>
	<l id="193">C'est de bon coeur, je vous assure.</l>
</sp>
<sp stage="aparte" who="CASSANDRE"><speaker>CASSANDRE, à part.</speaker>
	<l id="194">Plus j'en vois, plus je veux poursuivre l'aventure</l>
	<l id="195">Et les projets que j'ai conçus. </l>
<stage type="loud">Haut.</stage>
	<l id="196">Je vais vous causer de la peine,</l>
	<l id="197" syll="10" part="i">Et j'en suis affligé tout le premier.</l>
</sp>
<sp who="COLOMBINE"><speaker>COLOMBINE.</speaker>
	<l id="197" syll="2" part="f">Comment !</l>
</sp>
<sp who="CASSANDRE"><speaker>CASSANDRE.</speaker>
	<l id="198">Il faut pour la ville prochaine</l>
	<l id="199">Que je parte dans le moment.</l>
</sp>
<sp who="ISABELLE"><speaker>ISABELLE.</speaker>
	<l id="200" syll="4" part="i">À l'heure même ?</l>
</sp>
<sp who="CASSANDRE"><speaker>CASSANDRE.</speaker>
	<l id="200" syll="3" part="f">Dans l'instant.</l>
	<l id="201">C'est pour une pressante affaire :</l>
	<l id="202">Tous les notables du pays</l>
	<l id="203">Y sont mandés pour donner leur avis.</l>
	<l id="204" syll="4" part="i">Vous voyez bien...</l>
</sp>
<sp who="COLOMBINE"><speaker>COLOMBINE.</speaker>
	<l id="204" syll="2" part="m">Oui, oui.</l>
</sp>
<sp who="CASSANDRE"><speaker>CASSANDRE.</speaker>
	<l id="204" syll="6" part="f">Que j'y suis nécessaire.</l>
	<l id="205">J'ai toujours différé ; mais enfin l'on m'attend,</l>
	<l id="206">Et je ne puis faire autrement.</l>
</sp>
<sp who="COLOMBINE"><speaker>COLOMBINE.</speaker>
	<l id="207">À la veille d'un mariage</l>
	<l id="208">Vous allez vous mettre en voyage !</l>
</sp>
<sp who="CASSANDRE"><speaker>CASSANDRE.</speaker>
	<l id="209">Dans trois jours au plus tard je serai de retour,</l>
	<l id="210">Pour ne plus m'occuper que de mon seul amour. </l>
	<l id="211">Dans nos adieux du moins une chose me flatte,</l>
	<l id="212">C'est que votre tendresse éclate.</l>
</sp>
<sp who="COLOMBINE"><speaker>COLOMBINE.</speaker>
	<l id="213">Vous nous jouez un vilain tour.</l>
<stage type="toward">À Isabelle.</stage>
	<l id="214">Allons donc, vous : quelque douce parole.</l>
	<l id="215">Vous êtes là comme une idole.</l>
</sp>
<sp who="ISABELLE"><speaker>ISABELLE.</speaker>
<stage type="toward">À Colombine.</stage>
	<l id="216" syll="4" part="i">Laisse-moi faire. </l>
<stage type="toward">À Cassandre.</stage>
	<l id="216" syll="4" part="f">Assurément</l>
	<l id="217">La circonstance..... le tourment</l>
	<l id="218">Qui me suffoque..... et puis les craintes</l>
</sp>
<sp stage="low/toward" who="COLOMBINE"><speaker>COLOMBINE, bas à Isabelle.</speaker>
	<l id="219" syll="2" part="i">Bien, bien.</l>
</sp>
<sp who="CASSANDRE"><speaker>CASSANDRE.</speaker>
	<l id="219" syll="6" part="f">Elle pleure, je crois.</l>
	<l id="220">Chère petite, calme-toi : Tu m'attendris trop par tes plaintes.</l>
<stage type="title">TRIO.</stage>
</sp>
<sp who="CASSANDRE"><speaker>CASSANDRE.</speaker>
	<l id="221">Il faut partir, ô peine extrême!</l>
</sp>
<sp who="COLOMBINE"><speaker>COLOMBINE.</speaker>
	<l id="222">S'éloigne-t-on de ce qu'on aime ?</l>
</sp>
<sp who="ISABELLE"><speaker>ISABELLE.</speaker>
	<l id="223">Hélas ! Que faire seule ici !</l>
</sp>
<sp who="CASSANDRE"><speaker>CASSANDRE.</speaker>
	<l id="224">Console-toi, ma toute belle.</l>
</sp>
<sp who="COLOMBINE"><speaker>COLOMBINE.</speaker>
	<l id="225">Que je la plains ! Pauvre Isabelle !</l>
</sp>
<sp who="ISABELLE"><speaker>ISABELLE.</speaker>
	<l id="226">Pouvez-vous me quitter ainsi ?</l>
</sp>
<sp who="CASSANDRE"><speaker>CASSANDRE.</speaker>
	<l id="227" syll="4" part="i">Ma toute belle !</l>
</sp>
<sp who="COLOMBINE"><speaker>COLOMBINE.</speaker>
	<l id="227" syll="4" part="f">Pauvre Isabelle !</l>
	<l id="228">Pouvez-vous l'affliger ainsi ?</l>
</sp>
<sp who="ISABELLE"><speaker>ISABELLE.</speaker>
	<l id="229">Pouvez-vous me quitter ainsi ?</l>
</sp>
<sp who="CASSANDRE"><speaker>CASSANDRE.</speaker>
	<l id="230">Quel bonheur de te plaire ainsi!</l>
	<l id="231">Rassure-toi, chère Isabelle :</l>
	<l id="232">De ton amant, le coeur fidèle</l>
	<l id="233">Auprès de toi toujours sera.</l>
</sp>
<sp who="ISABELLE"><speaker>ISABELLE.</speaker>
	<l id="234">En proie à ma douleur mortelle,</l>
	<l id="235">Pendant votre absence cruelle,</l>
	<l id="236">Le noir chagrin m'accablera.</l>
</sp>
<sp who="COLOMBINE"><speaker>COLOMBINE.</speaker>
	<l id="237">La friponne l'entend-elle,</l>
	<l id="238">Pour le peu qu'elle s'en mêle,</l>
	<l id="239">De maris elle trompera</l>
	<l id="240">Tout autant qu'elle en trouvera.</l>
</sp>
<sp who="CASSANDRE"><speaker>CASSANDRE.</speaker>
	<l id="241">Il faut partir, etc.</l>
</sp>
<sp who="COLOMBINE"><speaker>COLOMBINE.</speaker>
	<l id="242">Et cette affaire-là ne saurait se remettre ?</l>
</sp>
<sp stage="low/toward" who="ISABELLE"><speaker>ISABELLE, bas à Colombine.</speaker>
	<l id="243">Tais-toi donc, laisse-le partir.</l>
</sp>
<sp who="CASSANDRE"><speaker>CASSANDRE.</speaker>
	<l id="244">Eh bien, pour vous faire plaisir ;</l>
	<l id="245">Je vais envoyer une lettre</l>
	<l id="246" syll="6" part="i">Comme si ma santé...</l>
</sp>
<sp who="COLOMBINE"><speaker>COLOMBINE.</speaker>
	<l id="246" syll="2" part="f">Non, non.</l>
</sp>
<sp who="ISABELLE"><speaker>ISABELLE.</speaker>
	<l id="247">Non : j'appréhenderais que cette complaisance</l>
	<l id="248">Ne fît tort à votre prudence ;</l>
	<l id="249">Et l'amour doit se taire où parle la raison.</l>
</sp>
<sp who="CASSANDRE"><speaker>CASSANDRE.</speaker>
	<l id="250">Croyez-vous ? Il faut donc se faire violence.</l>
</sp>
<sp who="ISABELLE"><speaker>ISABELLE.</speaker>
	<l id="251" syll="3" part="i">Oui partez.</l>
</sp>
<sp who="CASSANDRE"><speaker>CASSANDRE.</speaker>
	<l id="251" syll="3" part="m">Si pourtant....</l>
</sp>
<sp stage="aparte" who="COLOMBINE"><speaker>COLOMBINE, à part.</speaker>
<note type="L">Barbon : Vieillard, avec une idée de dénigrement. [L]</note>
	<l id="251" syll="6" part="f">Pars donc, maudit barbon.</l>
</sp>
<sp who="ISABELLE"><speaker>ISABELLE.</speaker>
	<l id="252">Et revenez en diligence.</l>
</sp>
<sp stage="aparte" who="CASSANDRE"><speaker>CASSANDRE, à part.</speaker>
<note type="L">Micmac : Intrigue mêlée et de bas étage. [L]</note>
	<l id="253">J'entrevois du micmac ; mais voyons jusqu'au bout.</l>
<stage type="toward">À Isabelle.</stage>
	<l id="254">Dans votre appartement rentrez, ma chère amie .</l>
	<l id="255">Rentre avec elle aussi, Colombine, et surtout</l>
	<l id="256">Tiens-lui fidèle compagnie.</l>
</sp>
<sp who="ISABELLE"><speaker>ISABELLE.</speaker>
	<l id="257" syll="6" part="i">Allons... Adieu, Monsieur.</l>
</sp>
<sp who="CASSANDRE"><speaker>CASSANDRE.</speaker>
	<l id="257" syll="6" part="f">Adieu : consolez-vous.</l>
</sp>
<sp who="ISABELLE"><speaker>ISABELLE.</speaker>
	<l id="258" syll="7" part="i">Prenez bien garde aux voleurs.</l>
</sp>
<sp who="COLOMBINE"><speaker>COLOMBINE.</speaker>
	<l id="258" syll="3" part="f">Aux filous.</l>
</sp>
<sp who="ISABELLE"><speaker>ISABELLE.</speaker>
	<l id="259">On dit que l'on en voit tant et plus sur la route.</l>
</sp>
<sp who="COLOMBINE"><speaker>COLOMBINE.</speaker>
	<l id="260" syll="10" part="i">Vos pistolets sont-ils en bon état ?</l>
</sp>
<sp who="CASSANDRE"><speaker>CASSANDRE.</speaker>
	<l id="260" syll="2" part="f">Sans doute,</l>
	<l id="261" syll="6" part="i">J'ai tout ce qu'il me faut.</l>
</sp>
<sp who="COLOMBINE"><speaker>COLOMBINE.</speaker>
	<l id="261" syll="4" part="m">Adieu, Monsieur.</l>
</sp>
<sp who="CASSANDRE"><speaker>CASSANDRE.</speaker>
	<l id="261" syll="2" part="f">Adieu.</l>
<stage type="exit/location">Isabelle et Colombine rentrent dans leurs chambres.</stage>
</sp>
</div2>
<div2 type="scene" n="4"><head>SCÈNE IV.</head>
<sp who="CASSANDRE"><speaker>CASSANDRE.</speaker>
	<l id="262">J'en reviens toujours là : tout ceci n'est qu'un jeu.</l>
	<l id="263">Un changement si prompt cache quelque mystère. </l>
	<l id="264">Après tant de rigueur, de rebuts, de mépris.</l>
	<l id="265">Si cette douleur est sincère,</l>
	<l id="266">Oh ! Pour le coup je serai bien surpris. </l>
	<l id="267">Mais à quoi bon cette maudite ruse ?</l>
	<l id="268">Eh ! N'est-ce pas assez que cela les amuse ? </l>
	<l id="269">Elles sont jeunes toutes deux...</l>
	<l id="270">Et d'un sexe... Moi, je suis vieux...</l>
	<l id="271">Cela suffit : il faut que je sois leur victime,</l>
	<l id="272">Et m'épargner serait un crime.</l>
<stage type="title">ARIETTE.</stage>
	<l id="273">Pour tromper un pauvre vieillard,</l>
	<l id="274">Il n'est de tour que l'on n'invente,</l>
	<l id="275">Il n'est effort que l'on ne tente, </l>
	<l id="276">Enfants, neveux, valet, servante, </l>
	<l id="277">Chacun brûle d'y prendre part. </l>
	<l id="278">On le dorlote, on le mitonne...</l>
	<l id="279">Tout cela n'est que trahison.</l>
	<l id="280">Tantôt c'est une main friponne</l>
	<l id="281">Qu'on lui passe sous le menton. </l>
	<l id="282">Le bonhomme enchanté, s'écrie :</l>
	<l id="283">« Ah ! Quel bonheur ! Ma chère amie...</l>
	<l id="284">Encor..... encor » </l>
	<l id="285">Tu ne vois pas, pauvre butor,</l>
	<l id="286">Que cette main qui te caresse, </l>
	<l id="287">Qui de plaisir sait t'enivrer,</l>
	<l id="288">Cachant le fer dont elle blesse,</l>
	<l id="289">Te flatte pour te déchirer.</l>
	<l id="290">Pour tromper un pauvre vieillard,</l>
	<l id="291">Il n'est détour que l'on n'invente</l>
	<l id="292">Il n'est effort que l'on ne tente. </l>
	<l id="293">Enfants, neveux, valet, servante, </l>
	<l id="294">Chacun brûle d'y prendre part.</l>
	<l id="295">Pour moi qui, grâce au ciel, ai vécu plus d'un jour,</l>
	<l id="296">Je connais les ruses d'amour,</l>
	<l id="297">Et malgré mon air imbécile,</l>
	<l id="298">Peut-être qu'à tromper je serai difficile.</l>
	<l id="299">Déjà par un voyage à plaisir inventé,</l>
	<l id="300">Je leur laisse à dessein liberté toute entière.</l>
	<l id="301">Et dans ce cabinet secrètement posté,</l>
	<l id="302">Je verrai de quelle manière...</l>
	<l id="303">Qu'entends-je... Des ris, des éclats !</l>
	<l id="304">Ah ! Tant mieux, le chagrin ne les maigrira pas.</l>
	<l id="305">Mais pourquoi ce nouveau délire ?...</l>
<stage type="call">Il appelle.</stage>
	<l id="306">Colombine !..</l>
</sp>
</div2>
<div2 type="scene" n="5"><head>SCÈNE V. Cassandre, Colombine.</head>
<sp who="COLOMBINE"><speaker>COLOMBINE.</speaker>
	<l id="307">Monsieur.... comment ! Encore ici ?</l>
	<l id="308">Nous vous croyons déjà parti.</l>
</sp>
<sp who="CASSANDRE"><speaker>CASSANDRE.</speaker>
	<l id="309">Je le pense. Est-ce là ce qui vous faisait rire ?</l>
</sp>
<sp who="COLOMBINE"><speaker>COLOMBINE.</speaker>
	<l id="310">Non, vraiment... C'est... que nos deux serins</l>
	<l id="311">Qu'on avait mis ensemble en cage,</l>
	<l id="312">Le mâle est échappé... Vous jugez quel chagrin !...</l>
	<l id="313">La femelle gémit, Isabelle en enrage,</l>
	<l id="314">Et dans l'excès de sa douleur</l>
	<l id="315">Dit, en sanglotant, qu'un malheur</l>
	<l id="316" syll="6" part="i">Ne va jamais sans l'autre.</l>
</sp>
<sp who="CASSANDRE"><speaker>CASSANDRE.</speaker>
	<l id="316" syll="2" part="m">Et toi ?</l>
</sp>
<sp who="COLOMBINE"><speaker>COLOMBINE.</speaker>
	<l id="316" syll="4" part="f">Je la console.</l>
</sp>
<sp who="CASSANDRE"><speaker>CASSANDRE.</speaker>
	<l id="317" syll="3" part="i">En riant ?</l>
</sp>
<sp who="COLOMBINE"><speaker>COLOMBINE.</speaker>
	<l id="317" syll="9" part="f">Justement, je ris comme une folle,</l>
	<l id="318">Par contre-coup, je la fais rire aussi.</l>
</sp>
<sp who="CASSANDRE"><speaker>CASSANDRE.</speaker>
	<l id="319">Écoute... À coeur ouvert expliquons-nous ici.</l>
	<l id="320">Est-il bien certain qu'elle m'aime ?</l>
</sp>
<sp who="COLOMBINE"><speaker>COLOMBINE.</speaker>
	<l id="321" syll="5" part="i">Quoi ! Vous en doutez ?</l>
</sp>
<sp who="CASSANDRE"><speaker>CASSANDRE.</speaker>
	<l id="321" syll="2" part="f">Qu'elle m'aime....</l>
	<l id="322">De la façon que je voudrais ?</l>
</sp>
<sp who="COLOMBINE"><speaker>COLOMBINE.</speaker>
	<l id="323">Quelle est votre façon, dites-nous ça vous-même.</l>
	<l id="324" syll="4" part="i">Qu'exigez-vous ?</l>
</sp>
<sp who="CASSANDRE"><speaker>CASSANDRE.</speaker>
	<l id="324" syll="4" part="f">J'exigerais</l>
	<l id="325">Qu'étant à m'épouser ainsi déterminée,</l>
	<l id="326">L'amour fit les honneurs de ce doux hyménée,</l>
	<l id="327">Et qu'elle ne m'épousât pas</l>
	<l id="328">Dans l'espoir d'être bientôt veuve.</l>
</sp>
<sp who="COLOMBINE"><speaker>COLOMBINE.</speaker>
	<l id="329">Quelle idée ! et sur quelle preuve</l>
	<l id="330">Lui prêtez-vous des sentiments si bas ?</l>
</sp>
<sp who="CASSANDRE"><speaker>CASSANDRE.</speaker>
	<l id="331">Quand on voit une jeune fille</l>
	<l id="332">Épouser un vieillard, on croit toujours que c'est</l>
	<l id="333">Quelque raison secrète, ou motif d'intérêt,</l>
	<l id="334">Qui la guide, et cela fait que l'on en babille.</l>
	<l id="335">Je ne veux point donner matière aux médisanTs.</l>
	<l id="336">Dans ma femme je veux trouver les sentiments</l>
	<l id="337">Qu'inspire une tendresse extrême.</l>
	<l id="338">Je veux enfin, je veux être aimé pour moi-même :</l>
	<l id="339">Tout comme si je n'avais que vingt ans.</l>
</sp>
<sp who="COLOMBINE"><speaker>COLOMBINE.</speaker>
	<l id="340" syll="6" part="i">C'est votre dernier mot ?</l>
</sp>
<sp who="CASSANDRE"><speaker>CASSANDRE.</speaker>
	<l id="340" syll="6" part="f">Oui, voilà mon système.</l>
	<l id="341" syll="7" part="i">Est-ce ainsi qu'elle pense ?</l>
</sp>
<sp who="COLOMBINE"><speaker>COLOMBINE.</speaker>
	<l id="341" syll="1" part="f">Non.</l>
</sp>
<sp who="CASSANDRE"><speaker>CASSANDRE.</speaker>
	<l id="342" syll="2" part="i">Pourquoi ?</l>
</sp>
<sp who="COLOMBINE"><speaker>COLOMBINE.</speaker>
	<l id="342" syll="6" part="f">C'est qu'il n'est pas possible.</l>
	<l id="343">Ah ! Ça, Monsieur_Cassandre, ayez de la raison.</l>
	<l id="344">Est-ce à vous d'être si sensible ?</l>
	<l id="345">On veut bien vous aimer ; et qu'importe comment ?</l>
</sp>
<sp who="CASSANDRE"><speaker>CASSANDRE.</speaker>
	<l id="346">Vous prétendez apparemment</l>
	<l id="347">Que j'ai tort d'aspirer à plaire,</l>
	<l id="348">Moi que dans tous les temPs pour modèle on cita,</l>
	<l id="349">Moi qui fus autrefois le plus vaillant compère ?...</l>
</sp>
<sp who="COLOMBINE"><speaker>COLOMBINE.</speaker>
	<l id="350">Moi qui fus... moi qui fus... et que nous fait cela ?</l>
<stage type="title">ARIETTE.</stage>
	<l id="351">Vous étiez ce que vous n'êtes plus.</l>
	<l id="352">Vous n'étiez pas ce que vous êtes :</l>
	<l id="353">Et vous aviez pour faire des conquêtes,</l>
	<l id="354">Et vous aviez ce que vous n'avez plus.</l>
	<l id="355">Ils sont passés ces jours de fêtes,</l>
	<l id="356">lis sont passés, ils ne reviendront plus.</l>
	<l id="357">Rendez-vous donc plus de justice,</l>
	<l id="358">Et si l'Amour vous est propice,</l>
	<l id="359">Goûtez en paix</l>
	<l id="360">Ses doux bienfaits.</l>
	<l id="361">N'en cherchez pas la quintessence,</l>
	<l id="362">Contentez-vous de l'apparence :</l>
	<l id="363">Qui veut trop voir,</l>
	<l id="364">Et tout savoir,</l>
	<l id="365">Trouve souvent plus qu'il ne pense.</l>
</sp>
<sp who="CASSANDRE"><speaker>CASSANDRE.</speaker>
	<l id="366">Moi, j'entends voir ce qui me fait plaisir ;</l>
	<l id="367" syll="" part="i">Rien de plus.</l>
</sp>
<sp who="COLOMBINE"><speaker>COLOMBINE.</speaker>
	<l id="367" syll="" part="f">C'est fort bien l'entendre !</l>
</sp>
<sp who="CASSANDRE"><speaker>CASSANDRE.</speaker>
	<l id="368">Et si l'on cherche à me surprendre</l>
	<l id="369">Je saurai bien m'en éclaircir.</l>
	<l id="370" syll="6" part="i">J'examinerai tout...</l>
</sp>
<sp who="COLOMBINE"><speaker>COLOMBINE.</speaker>
	<l id="370" syll="6" part="f">Moi, je vous le conseille.</l>
</sp>
<sp who="CASSANDRE"><speaker>CASSANDRE.</speaker>
	<l id="371" syll="" part="i">Pour être sûr de mon fait.</l>
</sp>
<sp who="COLOMBINE"><speaker>COLOMBINE.</speaker>
	<l id="371" syll="3" part="f">À merveille.</l>
</sp>
<sp who="CASSANDRE"><speaker>CASSANDRE.</speaker>
	<l id="372" syll="6" part="i">Vois-tu bien ces yeux-là ?</l>
</sp>
<sp who="COLOMBINE"><speaker>COLOMBINE.</speaker>
	<l id="372" syll="6" part="f">Ce sont des yeux d'Argus.</l>
</sp>
<sp who="CASSANDRE"><speaker>CASSANDRE.</speaker>
	<l id="373">Ils ne dormiront pas. Compte bien là-dessus.</l>
	<l id="374" syll="2" part="i">Adieu.</l>
</sp>
<sp who="COLOMBINE"><speaker>COLOMBINE.</speaker>
	<l id="374" syll="4" part="m">Vous partez donc ?</l>
</sp>
<sp who="CASSANDRE"><speaker>CASSANDRE.</speaker>
	<l id="374" syll="3" part="m">Tout-à-fait.</l>
</sp>
<sp who="COLOMBINE"><speaker>COLOMBINE.</speaker>
	<l id="374" syll="3" part="f">Bon voyage.</l>
<stage type="exit">Cassandre sort.</stage>
</sp>
</div2>
<div2 type="scene" n="6"><head>SCÈNE VI.</head>
<sp stage="alone" who="COLOMBINE"><speaker>COLOMBINE, seule.</speaker>
	<l id="375">À qui diable en a-t-il avec son radotage ?</l>
	<l id="376">Il est des gens d'une drôle d'humeur !</l>
	<l id="377">Les moindres refus les irritent.</l>
	<l id="378">On leur accorde plus cent fois qu'ils ne méritent</l>
	<l id="379">Ils ne sont pas contents. Il faut en leur faveur</l>
	<l id="380">Oublier que le temps laisse après lui </l>
	<l id="381">Sur des traces, un front tout ridé voir folâtrer les grâces</l>
	<l id="382">Et dans un corps usé trouver de la fraîcheur. ,</l>
	<l id="383">Vous vous moquez, monsieur, cela n'est pas possible:</l>
	<l id="384">La nature a sur nous une force invincible.</l>
	<l id="385">Elle indique à nos coeurs tout ce qui nous convient</l>
	<l id="386">Par un charme qui nous attire ; </l>
	<l id="387">Et si sur votre compte elle ne nous dit rien,</l>
	<l id="388">C'est qu'elle n'a rien à nous dire.</l>
	<l id="389">Je lui parle, ma foi, comme s'il était là.</l>
	<l id="390">Mais c'est qu'aussi... Mais c'est que le voilà...</l>
	<l id="391">Le voilà peint à s'y méprendre.</l>
<stage type="watch">Elle regarde le tableau.</stage>
	<l id="392">Bonjour... Bonjour... Monsieur_Cassandre.</l>
	<l id="393">Vous voulez qu'on vous aime ? Oui, l'on vous aimera,</l>
	<l id="394">Et si vous voulez même, on vous adorera.</l>
</sp>
</div2>
<div2 type="scene" n="7"><head>SCÈNE VII. Colombine, Pierrot.</head>
<sp stage="location" who="PIERROT"><speaker>PIERROT, en dehors.</speaker>
	<l id="395">Holà, hé, la Maison... Picard... la Fleur... la Pierre...</l>
</sp>
<sp stage="estonish" who="COLOMBINE"><speaker>COLOMBINE, étonnée.</speaker>
	<l id="396">Qui diantre fait ce carillon ?</l>
</sp>
<sp stage="run/location" who="PIERROT"><speaker>PIERROT, courant dans la chambre.</speaker>
	<l id="397">Pas un laquais ici, pas une chambrière !...</l>
	<l id="398">Eh bien, personne ne répond ?</l>
</sp>
<sp who="COLOMBINE"><speaker>COLOMBINE.</speaker>
	<l id="399">Eh !... Mais... Je connais cette mine.</l>
	<l id="400">Eh ! C'est Pierrot, c'est Pierrot que je vois.</l>
	<l id="401" syll="3" part="i">Parle donc.</l>
</sp>
<sp who="PIERROT"><speaker>PIERROT.</speaker>
	<l id="401" syll="1" part="m">Heim !</l>
</sp>
<sp who="COLOMBINE"><speaker>COLOMBINE.</speaker>
	<l id="401" syll="1" part="m">Oui.</l>
</sp>
<sp who="PIERROT"><speaker>PIERROT.</speaker>
	<l id="401" syll="7" part="f">C'est... Eh ! mais, c'est Colombine.</l>
	<l id="402" syll="2" part="i">C'est toi ?</l>
</sp>
<sp who="COLOMBINE"><speaker>COLOMBINE.</speaker>
	<l id="402" syll="2" part="m">C'est toi ?</l>
</sp>
<sp who="PIERROT"><speaker>PIERROT.</speaker>
	<l id="402" syll="2" part="m">C'est moi.</l>
</sp>
<sp who="COLOMBINE"><speaker>COLOMBINE.</speaker>
	<l id="402" syll="2" part="f">C'est moi.</l>
</sp>
<sp who="PIERROT"><speaker>PIERROT.</speaker>
	<l id="403">Dans ce logis que viens-tu faire ?</l>
</sp>
<sp who="COLOMBINE"><speaker>COLOMBINE.</speaker>
	<l id="404">C'est notre demeure ordinaire.</l>
</sp>
<sp who="PIERROT"><speaker>PIERROT.</speaker>
	<l id="405">Monsieur_Cassandre est-il ou mort ou délogé ?</l>
</sp>
<sp who="COLOMBINE"><speaker>COLOMBINE.</speaker>
	<l id="406">Ni l'un ni l'autre. Il est encore en vie,</l>
	<l id="407">Amoureux comme un enragé,</l>
	<l id="408">Et dans trois jours il se marier</l>
</sp>
<sp who="PIERROT"><speaker>PIERROT.</speaker>
	<l id="409">Il se marie ! Ô ciel, qu'ai-je entendu?</l>
	<l id="410">Serait-ce toi par hasard qu'il épouse ?</l>
	<l id="411">Si je le savais, tiens, vois-tu ?</l>
	<l id="412">Dans les transports de ma fureur jalouse...</l>
</sp>
<sp who="COLOMBINE"><speaker>COLOMBINE.</speaker>
	<l id="413" syll="11" part="i">Mais ce n'est pas de moi qu'il est amoureux.</l>
</sp>
<sp who="PIERROT"><speaker>PIERROT.</speaker>
	<l id="413" syll="1" part="f">Non ?</l>
</sp>
<sp who="COLOMBINE"><speaker>COLOMBINE.</speaker>
	<l id="414">C'est de ma maîtresse Isabelle.</l>
</sp>
<sp who="PIERROT"><speaker>PIERROT.</speaker>
	<l id="415" syll="6" part="i">Isabelle est ici ?</l>
</sp>
<sp who="COLOMBINE"><speaker>COLOMBINE.</speaker>
	<l id="415" syll="2" part="m">Sans doute.</l>
</sp>
<sp who="PIERROT"><speaker>PIERROT.</speaker>
	<l id="415" syll="4" part="f">Qu'y fait-elle?</l>
</sp>
<sp who="COLOMBINE"><speaker>COLOMBINE.</speaker>
	<l id="416" syll="11" part="i">Elle est chez son tuteur, Monsieur_Cassandre.</l>
</sp>
<sp who="PIERROT"><speaker>PIERROT.</speaker>
	<l id="416" syll="1" part="f">Bon.</l>
</sp>
<sp who="COLOMBINE"><speaker>COLOMBINE.</speaker>
	<l id="417" syll="9" part="i">Elle a perdu son père et sa mère.</l>
</sp>
<sp who="PIERROT"><speaker>PIERROT.</speaker>
	<l id="417" syll="3" part="f">Léandre,</l>
	<l id="418">Quand il saura cela.... Je vais bien le surprendre.</l>
</sp>
<sp who="COLOMBINE"><speaker>COLOMBINE.</speaker>
	<l id="419" syll="6" part="i">Léandre est avec toi ?</l>
</sp>
<sp who="PIERROT"><speaker>PIERROT.</speaker>
	<l id="419" syll="6" part="f">Nous arrivons tous deux ;</l>
	<l id="420">Assez mal-à-propos, si je puis m'y connaître.</l>
</sp>
<sp who="COLOMBINE"><speaker>COLOMBINE.</speaker>
	<l id="421" syll="2" part="i">Pourquoi ?</l>
</sp>
<sp who="PIERROT"><speaker>PIERROT.</speaker>
	<l id="421" syll="10" part="f">Pourquoi ? Comment mordi ! Mon maître</l>
	<l id="422">Va se voir enlever sa maîtresse à ses yeux ! </l>
	<l id="423">Et.... Je pourrais fort bien n'être pas plus chanceux !</l>
	<l id="424">La mienne, autant de séquestré peut-être.</l>
</sp>
<sp who="COLOMBINE"><speaker>COLOMBINE.</speaker>
	<l id="425" syll="6" part="i">Tu m'aimes donc toujours ?</l>
</sp>
<sp who="PIERROT"><speaker>PIERROT.</speaker>
	<l id="425" syll="4" part="f">Apparemment.</l>
	<l id="426" syll="2" part="i">Et toi ?</l>
</sp>
<sp who="COLOMBINE"><speaker>COLOMBINE.</speaker>
	<l id="426" syll="4" part="f">Je ne sais pas.</l>
</sp>
<sp who="PIERROT"><speaker>PIERROT.</speaker>
	<l id="426" syll="2" part="f">Comment ?</l>
</sp>
<sp who="COLOMBINE"><speaker>COLOMBINE.</speaker>
	<l id="427">Mais, oui : méritez-vous qu'on ait de la constance,</l>
	<l id="428">Vous qui, depuis deux ans d'Absence,</l>
	<l id="429">N'avez pas seulement daigné de temps en temps</l>
	<l id="430">Nous informer si vous étiez morts ou vivants ?</l>
</sp>
<sp who="PIERROT"><speaker>PIERROT.</speaker>
	<l id="431">Ah ! Mon enfant, la fortune inhumaine</l>
	<l id="432">Avait guidé mes pas au bout de l'univers.</l>
	<l id="433">J'ai parcouru les terres et les mers :</l>
	<l id="434">En un mot, je viens de Cayenne.</l>
</sp>
<sp who="COLOMBINE"><speaker>COLOMBINE.</speaker>
	<l id="435" syll="4" part="i">C'est donc bien loin ?</l>
</sp>
<sp who="PIERROT"><speaker>PIERROT.</speaker>
	<l id="435" syll="4" part="f">Je t'en réponds.</l>
</sp>
<sp who="COLOMBINE"><speaker>COLOMBINE.</speaker>
	<l id="436" syll="9" part="i">Qu'avez-vous trouvé là, le Pérou ?</l>
</sp>
<sp who="PIERROT"><speaker>PIERROT.</speaker>
	<l id="436" syll="3" part="f">Rien de bon,</l>
	<l id="437">Des sauvages fort malhonnêtes, </l>
	<l id="438">Gens grossiers, très peu délicats,</l>
	<l id="439">Qui, ma foi, ne méritent pas</l>
	<l id="440">Que pour les visiter, on brave les tempêtes.</l>
</sp>
<sp who="COLOMBINE"><speaker>COLOMBINE.</speaker>
	<l id="441">Des tempêtes, grands Dieux! mais c'est pour en mourir.</l>
	<l id="442" syll="6" part="i">En as-tu vu quelqu'une ? </l>
</sp>
<sp who="PIERROT"><speaker>PIERROT.</speaker>
	<l id="442" syll="6" part="f">Oh ! Vraiment, une fière</l>
	<l id="443">Qui nous a ballotés une fournée entière.</l>
	<l id="444">Je n'y saurais penser encor sans en frémir.</l>
</sp>
<sp who="COLOMBINE"><speaker>COLOMBINE.</speaker>
	<l id="445">Fais m'en donc le récit, tu me feras plaisir.</l>
</sp>
<sp who="PIERROT"><speaker>PIERROT.</speaker>
	<l id="446">Volontiers. Des dangers que l'on a pu courir,</l>
	<l id="447">En voyage comme à la guerre,</l>
	<l id="448">On aime assez à discourir.</l>
	<l id="449">Écoute-donc..... ce que tu vas ouïr.</l>
<stage type="title">ARIETTE.</stage>
	<l id="450">Notre vaisseau, dans une paix profonde,</l>
	<l id="451">Sur le vaste océan, </l>
	<l id="452">Voguait légèrement,</l>
	<l id="453">Et les zéphirs en se jouant</l>
	<l id="454">Caressaient tendrement la surface de l'onde.</l>
	<l id="455">Tout-à-coup le ciel s'obscurcit.</l>
	<l id="456">Le jour fait place à la nuit,</l>
	<l id="457">Les vents entre eux se font la guerre</l>
	<l id="458">On entend gronder le tonnerre ;</l>
	<l id="459">Chacun de nous tremble et pâlit.</l>
	<l id="460">Le pilote interdit,</l>
	<l id="461">Dans sa boussole</l>
	<l id="462">Cherche le pôle,</l>
	<l id="463">Et n'y voit goûte en plein midi :</l>
	<l id="464">Jouet des flots,</l>
	<l id="465">Le vaisseau danse,</l>
	<l id="466">Et jusqu'au cieux monte et s'élance.</l>
	<l id="467">Les matelots</l>
	<l id="468">Sans espérance,</l>
	<l id="469">Gardent tous un affreux silence</l>
	<l id="470">Qu'interrompent les hurlements,</l>
	<l id="471">Les juremenTs,</l>
	<l id="472">Les sifflements</l>
	<l id="473">Des éléments;;;</l>
	<l id="474">Et le tracas...</l>
	<l id="475">Et le fracas...</l>
	<l id="476">À chaque instant un gouffre d'eau,</l>
	<l id="477">Une cascade menaçante </l>
	<l id="478">À nos yeux effrayés présente</l>
	<l id="479">Tout à la fois la mort et le tombeau...</l>
	<l id="480">Mais enfin, après l'orage,</l>
	<l id="481">On voit venir le beau temps,</l>
	<l id="482">Et parmi tout l'équipage</l>
	<l id="483">Les plaisirs vont renaissanTs.</l>
	<l id="484">La joie et le bon vin</l>
	<l id="485">Du danger chassent l'image, </l>
	<l id="486">La joie et le bon vin</l>
	<l id="487">Dissipent notre chagrin.</l>
</sp>
<sp stage="laugh" who="COLOMBINE"><speaker>COLOMBINE, riant.</speaker>
	<l id="488" syll="10" part="i">Pierrot, mon cher ami, tu viens de loin.</l>
</sp>
<sp who="PIERROT"><speaker>PIERROT.</speaker>
	<l id="488" syll="" part="f">N'importe .</l>
	<l id="489">Me voilà sain et sauf, assez léger d'argent,</l>
	<l id="490">Mais plein d'amour, et prêt à finir le roman,</l>
	<l id="491">Pour le peu que ton coeur s'y porte.</l>
</sp>
<sp who="COLOMBINE"><speaker>COLOMBINE.</speaker>
	<l id="492">Hé !... Hé !... La proposition...</l>
	<l id="493">Nous venons. Je ne dis pas non.</l>
</sp>
<sp who="PIERROT"><speaker>PIERROT.</speaker>
	<l id="494">Et que ferons-nous de Léandre,</l>
	<l id="495">Mon pauvre maître ? À quoi doit-il s'attendre ?</l>
	<l id="496">Sans espoir de retour sera-il supplanté ?</l>
</sp>
<sp who="COLOMBINE"><speaker>COLOMBINE.</speaker>
	<l id="497">Non. C'est contre son gré que la tendre Isabelle</l>
	<l id="498">Se prête à la nécessité </l>
	<l id="499">Mais dans le fond du coeur elle est toujours fidèle,</l>
	<l id="500">En faveur de ces deux amants, </l>
	<l id="501">Unissons nos efforts pour renouer leur chaîne.</l>
</sp>
<sp who="COLOMBINE"><speaker>COLOMBINE.</speaker>
	<l id="502">Va, va, pour les rendre contents,</l>
	<l id="503">Il n'est rien que je n'entreprenne.</l>
	<l id="504" syll="6" part="i">Le bon homme est absent.</l>
</sp>
<sp who="PIERROT"><speaker>PIERROT.</speaker>
	<l id="504" syll="3" part="m">Bon : tant mieux.</l>
</sp>
<sp who="COLOMBINE"><speaker>COLOMBINE.</speaker>
	<l id="504" syll="3" part="f">Pour trois jours,</l>
	<l id="505" syll="6" part="i">Profitons de ce temps.</l>
</sp>
<sp stage="touch" who="PIERROT"><speaker>PIERROT, prenant la main de Colombine.</speaker>
	<l id="505" syll="6" part="f">C'est bien dit, mes amours</l>
</sp>
<sp stage="away" who="COLOMBINE"><speaker>COLOMBINE, retirant sa main.</speaker>
	<l id="506" syll="3" part="i">Tais-toi donc.</l>
</sp>
<sp stage="danse" who="PIERROT"><speaker>PIERROT, batifolant.</speaker>
	<l id="506" syll="3" part="m">Oui, mon coeur.</l>
</sp>
<sp stage="push" who="COLOMBINE"><speaker>COLOMBINE, le repoussant.</speaker>
	<l id="506" syll="6" part="f">Veux-tu bien être sage ?</l>
</sp>
<sp who="PIERROT"><speaker>PIERROT.</speaker>
	<l id="507">Sans doute, car enfin... Ah, mais !... Le mariage,</l>
	<l id="508">Si tu m'en crois, formons bien vite ce lien.</l>
</sp>
<sp who="COLOMBINE"><speaker>COLOMBINE.</speaker>
	<l id="509">J'y consens, si tu m'aimes bien.</l>
</sp>
<sp who="PIERROT"><speaker>PIERROT.</speaker>
	<l id="510">Je pourrais bien sur toi former le même doute ;</l>
	<l id="511">Mais mon coeur se refuse à de pareils soucis,</l>
	<l id="512">Et je crois qu'a l'amour que tu m'avais promis,</l>
	<l id="513">Tu n'as jamais fait banqueroute.</l>
</sp>
<sp who="COLOMBINE"><speaker>COLOMBINE.</speaker>
	<l id="514">Non, Pierrot, et jamais,... jamais aucune ardeur</l>
	<l id="515">Ne pourra seulement égratigner mon coeur.</l>
<stage type="title">DUO.</stage>
</sp>
<sp who="COLOMBINE"><speaker>COLOMBINE.</speaker>
	<l id="516">Je brûlerai d'une flamme éternelle.</l>
</sp>
<sp who="PIERROT"><speaker>PIERROT.</speaker>
	<l id="517">Jusqu'au tombeau je te serai fidèle,</l>
</sp>
<sp who="COLOMBINE"><speaker>COLOMBINE.</speaker>
	<l id="518">J'en atteste les Dieux.</l>
</sp>
<sp who="PIERROT"><speaker>PIERROT.</speaker>
	<l id="519">J'en jure par tes yeux.</l>
</sp>
<sp who="COLOMBINE"><speaker>COLOMBINE.</speaker>
	<l id="520">Non, jamais je ne changerai.</l>
</sp>
<sp who="PIERROT"><speaker>PIERROT.</speaker>
	<l id="521">Oui, toujours je te chérirai.</l>
	<l id="522" syll="4" part="i">Tu m'aimes donc ?</l>
</sp>
<sp who="COLOMBINE"><speaker>COLOMBINE.</speaker>
	<l id="522" syll="4" part="f">Ah ! Je t'adore.</l>
	<l id="523" syll="4" part="i">Et toi Pierrot ?</l>
</sp>
<sp who="PIERROT"><speaker>PIERROT.</speaker>
	<l id="523" syll="6" part="f">Et moi... Je te dévore.</l>
<stage type="kiss">Il lui baise la main.</stage>
</sp>
<sp who="COLOMBINE"><speaker>COLOMBINE.</speaker>
	<l id="524">Doucement, tu me mords.</l>
</sp>
<sp who="PIERROT"><speaker>PIERROT.</speaker>
	<l id="525">Quels moments ! Quels transports !</l>
</sp>
<sp who="COLOMBINE"><speaker>COLOMBINE.</speaker>
	<l id="526">Je brûlerai d'une ardeur éternelle,</l>
	<l id="527">Et jamais je ne changerai.</l>
</sp>
<sp who="PIERROT"><speaker>PIERROT.</speaker>
	<l id="528">Jusqu'au tombeau je te serai fidèle,</l>
	<l id="529">Et toujours je te chérirai.</l>
</sp>
<sp who="COLOMBINE"><speaker>COLOMBINE.</speaker>
	<l id="530">Si tu manquais à ta promesse,</l>
	<l id="531">Si tu trompais de si beaux noeuds...</l>
</sp>
<sp who="PIERROT"><speaker>PIERROT.</speaker>
	<l id="532">Si tu deviens jamais traîtresse,</l>
	<l id="533">Si tu trompais mes tendres voeux...</l>
</sp>
<sp who="COLOMBINE"><speaker>COLOMBINE.</speaker>
	<l id="534">Au désespoir abandonnée...</l>
</sp>
<sp who="PIERROT"><speaker>PIERROT.</speaker>
	<l id="535">Dans l'horreur de ma destinée...</l>
</sp>
<sp who="COLOMBINE"><speaker>COLOMBINE.</speaker>
	<l id="536">Mon cher Pierrot, je te poignarderais.</l>
</sp>
<sp who="PIERROT"><speaker>PIERROT.</speaker>
	<l id="537">Mon cher amour, moi je t'étranglerais.</l>
</sp>
<sp who="COLOMBINE"><speaker>COLOMBINE.</speaker>
	<l id="538">Quel excès De tendresse !</l>
</sp>
<sp who="PIERROT"><speaker>PIERROT.</speaker>
	<l id="539">Ô ma chère maîtresse!</l>
</sp>
<sp who="COLOMBINE"><speaker>COLOMBINE.</speaker>
	<l id="540">De cette main je te poignarderais.</l>
</sp>
<sp who="PIERROT"><speaker>PIERROT.</speaker>
	<l id="541">De mes deux mains, moi je t'étranglerais.</l>
	<l id="542">Mais ce n'est pas le tout. Mon maître</l>
	<l id="543" syll="4" part="i">Ne revient point.</l>
</sp>
<sp who="COLOMBINE"><speaker>COLOMBINE.</speaker>
	<l id="543" syll="4" part="f">Où peut-il être ?</l>
</sp>
<sp who="PIERROT"><speaker>PIERROT.</speaker>
	<l id="544">Il est allé se mettre en habit plus décent,</l>
	<l id="545">Pour rendre ses devoirs au bon Monsieur_Cassandre,</l>
	<l id="546" syll="3" part="i">À son oncle...</l>
</sp>
<sp who="COLOMBINE"><speaker>COLOMBINE.</speaker>
	<l id="546" syll="9" part="f">Comment ! C'est l'oncle de Léandre ;</l>
	<l id="547" syll="4" part="i">Notre tuteur ?</l>
</sp>
<sp who="PIERROT"><speaker>PIERROT.</speaker>
	<l id="547" syll="1" part="m">Oui.</l>
</sp>
<sp who="COLOMBINE"><speaker>COLOMBINE.</speaker>
	<l id="547" syll="5" part="f">Le trait est plaisant..</l>
	<l id="548" syll="8" part="i">Tu devrais bien l'aller chercher.</l>
</sp>
<sp who="PIERROT"><speaker>PIERROT.</speaker>
	<l id="548" syll="2" part="f">Ma fine.</l>
	<l id="549">Il sait bien le chemin. Pour moi, je reste ici</l>
	<l id="550">Près de ma chère Colombine.</l>
</sp>
<sp who="COLOMBINE"><speaker>COLOMBINE.</speaker>
	<l id="551">Non, cela sera mieux : vas-y.</l>
	<l id="552">Vas lui porter cette nouvelle.</l>
	<l id="553">De mon côté je vais prévenir Isabelle.</l>
</sp>
<sp who="PIERROT"><speaker>PIERROT.</speaker>
	<l id="554">J'entends quelqu'un... oui, le voici.</l>
</sp>
<sp who="COLOMBINE"><speaker>COLOMBINE.</speaker>
	<l id="555">Eh bien ! Je te laisse avec lui.</l>
<stage type="exit">Elle sort.</stage>
</sp>
</div2>
<div2 type="scene" n="8"><head>SCÈNE VIII. Pierrot, Léandre.</head>
<sp stage="aparte" who="PIERROT"><speaker>PIERROT, à part.</speaker>
	<l id="556">On n'a pas toujours de la peine,</l>
	<l id="557">On rencontre parfois quelque chose de bon.</l>
</sp>
<sp who="LÉANDRE"><speaker>LÉANDRE.</speaker>
	<l id="558">As-tu fait ma commission ?</l>
</sp>
<sp stage="aparte" who="PIERROT"><speaker>PIERROT, à part.</speaker>
	<l id="559">Je ne m'attendais pas à cette bonne aubaine.</l>
</sp>
<sp who="LÉANDRE"><speaker>LÉANDRE.</speaker>
<note type="L">Daron : Le maître de la maison. [L]</note>
	<l id="560">Pierrot, as-tu vu le daron ?</l>
	<l id="561">Sait-il que je reviens tout exprès de Cayenne</l>
	<l id="562">Pour le voir, l'embrasser, et pour en hériter ?</l>
</sp>
<sp stage="aparte" who="PIERROT"><speaker>PIERROT, à part.</speaker>
	<l id="563" syll="4" part="i">Ah, quel plaisir !</l>
</sp>
<sp who="LÉANDRE"><speaker>LÉANDRE.</speaker>
	<l id="563" syll="8" part="f">Maraud, veux tu bien m'écouter ?</l>
</sp>
<sp stage="quick" who="PIERROT"><speaker>PIERROT, vivement.</speaker>
	<l id="564">Ah, vous voilà, Monsieur ! Votre bonne fortune</l>
	<l id="565">Vous amène en ces lieux : vous n'y trouverez point, </l>
	<l id="566">Ce que vous y cherchez. Mais sur un autre point</l>
	<l id="567">Un heureux hasard vous rejoint...</l>
	<l id="568">Et nous avons ici chacun notre chacune.</l>
</sp>
<sp who="LÉANDRE"><speaker>LÉANDRE.</speaker>
	<l id="569">Que veux-tu dire, impertinent?</l>
</sp>
<sp who="PIERROT"><speaker>PIERROT.</speaker>
	<l id="570">Vous êtes plus heureux que sage. </l>
	<l id="571">Vous avez un rival, mais le mal n'est pas grand. </l>
	<l id="572">Je vous protège, moi, vous aurez l'avantage.</l>
</sp>
<sp who="LÉANDRE"><speaker>LÉANDRE.</speaker>
	<l id="573">Si tu m'y fais mettre, insolent !...</l>
</sp>
<sp who="PIERROT"><speaker>PIERROT.</speaker>
	<l id="574">Une beauté, charmante, belle,</l>
	<l id="575">Qui vous aime toujours, malgré l'éloignement.</l>
</sp>
<sp who="LÉANDRE"><speaker>LÉANDRE.</speaker>
	<l id="576">As-tu donc perdu la cervelle ?</l>
	<l id="577">Tu sais quel est l'objet, je t'en ai fait l'aveu,</l>
	<l id="578">Pour qui malgré le temps et l'absence cruelle, </l>
	<l id="579">D'une flamme toujours nouvelle</l>
	<l id="580">Je brûle encore à petit feu.</l>
	<l id="581">Ne te souvient-il plus que certaine négresse,</l>
	<l id="582">Que le diable avait faite amoureuse de moi ;</l>
	<l id="583">Prétendit me forcer à vivre sous sa loi ? </l>
	<l id="584">Combattu par l'honneur, la pitié, la tendresse,</l>
	<l id="585">Pied à pied disputant ma foi,</l>
	<l id="586">Je te dis... Ce n'est pas... Ce n'est pas Isabelle.</l>
</sp>
<sp who="PIERROT"><speaker>PIERROT.</speaker>
	<l id="587">Mais c'est elle aujourd'hui, c'est elle. </l>
	<l id="588">M'entendez-vous ?... C'est Isabelle,</l>
	<l id="589">Qui vous aune toujours, qui vous attend ici,</l>
	<l id="590" syll="4" part="i">Ici dedans.</l>
</sp>
<sp who="LÉANDRE"><speaker>LÉANDRE.</speaker>
	<l id="590" syll="4" part="f">Ah ! Mon ami ! </l>
	<l id="591">Que me dis-tu ?...  Par quel prodige ?... </l>
	<l id="592" syll="4" part="i">Dois-je te croire ? </l>
</sp>
<sp who="PIERROT"><speaker>PIERROT.</speaker>
	<l id="592" syll="4" part="f">Et oui, vous dis-je.</l>
	<l id="593">Dans l'instant Colombine ici l'amènera.</l>
</sp>
<sp who="LÉANDRE"><speaker>LÉANDRE.</speaker>
	<l id="594" syll="5" part="i">Où donc est-elle ?</l>
</sp>
<sp who="PIERROT"><speaker>PIERROT.</speaker>
	<l id="594" syll="3" part="f">La voilà.</l>
</sp>
</div2>
<div2 type="scene" n="9"><head>SCÈNE IX. Léandre, Pierrot, Isabelle, Colombine.</head>
<sp stage="run/closer" who="ISABELLE"><speaker>ISABELLE, courant au devant de Léandre.</speaker>
	<l id="595" syll="7" part="i">Vous que je vois, cher amant ?</l>
</sp>
<sp who="LÉANDRE"><speaker>LÉANDRE.</speaker>
	<l id="595" syll="3" part="f">Chère amante !</l>
</sp>
<sp who="ISABELLE"><speaker>ISABELLE.</speaker>
	<l id="596">N'est-ce point un enchantement ?</l>
</sp>
<sp who="PIERROT"><speaker>PIERROT.</speaker>
	<l id="597">C'est lui-même, j'en suis garant.</l>
</sp>
<sp who="ISABELLE"><speaker>ISABELLE.</speaker>
	<l id="598">Venez-vous dissiper l'ennui qui me tourmente ?</l>
</sp>
<sp who="LÉANDRE"><speaker>LÉANDRE.</speaker>
	<l id="599">J'avouerai qu'en ces lieux je ne vous cherchais pas.</l>
	<l id="600">Mais de vous y trouver mon plaisir est extrême.</l>
	<l id="601" syll="6" part="i">J'y venais voir mon oncle.</l>
</sp>
<sp who="ISABELLE"><speaker>ISABELLE.</speaker>
	<l id="601" syll="2" part="f">Hélas !</l>
	<l id="602">Il est votre rival, il m'aime,</l>
	<l id="603">Et, si je l'en eusse cru, </l>
	<l id="604">Notre hymen serait conclu.</l>
</sp>
<sp who="LÉANDRE"><speaker>LÉANDRE.</speaker>
	<l id="605" syll="6" part="i">Vous pouviez m'oublier !</l>
</sp>
<sp who="ISABELLE"><speaker>ISABELLE.</speaker>
	<l id="605" syll="6" part="f">Malgré moi, je vous jure.</l>
	<l id="606">Colombine vous le dira.</l>
	<l id="607">Son sentiment était qu'en cette conjoncture</l>
	<l id="608">Je devais en passer par là.</l>
</sp>
<sp who="LÉANDRE"><speaker>LÉANDRE.</speaker>
	<l id="609">Pourquoi lui conseiller un indigne parjure ?</l>
</sp>
<sp who="COLOMBINE"><speaker>COLOMBINE.</speaker>
	<l id="610">Dame, Monsieur ! Vous n'étiez pas ici :</l>
	<l id="611">À Madame il faut un mari.</l>
	<l id="612">C'est un point décidé : son tuteur se présente ;</l>
	<l id="613">Le vieux bon homme a la marche pesante,</l>
	<l id="614">Il n'a pas, comme vous, les grâces du maintien ;</l>
	<l id="615">Mais un Cassandre enfin, vaut encor mieux qu'un rien.</l>
</sp>
<sp who="PIERROT"><speaker>PIERROT.</speaker>
	<l id="616">C'est quelquefois la même chose.</l>
</sp>
<sp who="COLOMBINE"><speaker>COLOMBINE.</speaker>
	<l id="617" syll="11" part="i">Auriez-vous mieux aimé qu'elle restât fille ?</l>
</sp>
<sp who="LÉANDRE"><speaker>LÉANDRE.</speaker>
	<l id="617" syll="1" part="f">Oui.</l>
</sp>
<sp stage="toward" who="ISABELLE"><speaker>ISABELLE, à Léandre.</speaker>
	<l id="618">Je ne le pouvais pas décemment, mon ami.</l>
	<l id="619">Le monde est trop méchant ; pour un rien l'on nous glose.</l>
</sp>
<sp who="LÉANDRE"><speaker>LÉANDRE.</speaker>
	<l id="620">Je me rends. Je vois bien que tout est pour le mieux.</l>
	<l id="621">Et vous me trahissiez, sans offenser mes feux.</l>
</sp>
<sp who="ISABELLE"><speaker>ISABELLE.</speaker>
	<l id="622">Non, non, bannissez toute crainte.</l>
	<l id="623">Léandre seul pouvait devenir mon vainqueur :</l>
	<l id="624">Et son image dans mon coeur</l>
	<l id="625">Était trop vivement empreinte.</l>
<stage type="title">ARIETTE.</stage>
	<l id="626">La nuit, dans les bras du sommeil</l>
	<l id="627">Je rêvais à mon cher Léandre ;</l>
	<l id="628">Je croyais le voir et l'entendre,</l>
	<l id="629">Je l'appelais à mon réveil,</l>
	<l id="630">Et je disais d'un ton si tendre :</l>
	<l id="631">Ah ! Léandre, mon cher Léandre,</l>
	<l id="632">Tu tardes bien à revenir !</l>
	<l id="633">Veux-tu donc me faire mourir ?</l>
<stage type="title">DUO.</stage>
</sp>
<sp who="LÉANDRE"><speaker>LÉANDRE.</speaker>
	<l id="634">Votre amant souffrait même peine,</l>
	<l id="635">Et son coeur était à la gêne.</l>
	<l id="636">Loin de vos charmes ;</l>
	<l id="637">Dans les alarmes,</l>
	<l id="638">Que j'ai passé de tristes jours !</l>
</sp>
<sp who="ISABELLE"><speaker>ISABELLE.</speaker>
	<l id="639">Mais l'Amour, sensible à nos larmes,</l>
	<l id="640">Vient calmer nos tendres alarmes.</l>
	<l id="641">D'un long martyre,</l>
	<l id="642">Par un sourire,</l>
	<l id="643">Ce dieu charmant finit le cours.</l>
</sp>
<sp who="LÉANDRE"><speaker>LÉANDRE.</speaker>
	<l id="644">Chérissons l'heureuse journée</l>
	<l id="645">Qui fait cesser notre tourment.</l>
</sp>
<sp who="ISABELLE"><speaker>ISABELLE.</speaker>
	<l id="646">Peut-on être plus Fortunée</l>
	<l id="647">Que je le suis en ce moment ?</l>
<stage type="together">Ensemble.</stage>
	<l id="648">Ah ! Nos coeurs sont faits l'un pour l'autre !</l>
	<l id="649">Par le mien je juge du vôtre :</l>
	<l id="650">Même souffrance,</l>
	<l id="651">Même espérance,</l>
	<l id="652">Mêmes désirs,</l>
	<l id="653">Mêmes plaisirs.</l>
</sp>
<sp who="COLOMBINE"><speaker>COLOMBINE.</speaker>
	<l id="654">Madame, il me vient une idée :</l>
	<l id="655">Nos pauvres amoureux sont las,</l>
	<l id="656" syll="6" part="i">Faisons-les rafraîchir.</l>
</sp>
<sp who="ISABELLE"><speaker>ISABELLE.</speaker>
	<l id="656" syll="6" part="f">Fais ce que tu voudras.</l>
</sp>
<sp who="PIERROT"><speaker>PIERROT.</speaker>
	<l id="657">La cuisine est-elle fondée ?</l>
</sp>
<sp who="COLOMBINE"><speaker>COLOMBINE.</speaker>
	<l id="658">Va, va, ne t'embarrasse pas.</l>
	<l id="659" syll="6" part="i">Viens m'aider seulement.</l>
</sp>
<sp who="PIERROT"><speaker>PIERROT.</speaker>
	<l id="659" syll="6" part="f">Ce trait de prévoyance</l>
	<l id="660">Mérite de ma part ce doux remerciement.</l>
<stage type="kiss">Il t'embrasse.</stage>
</sp>
<sp who="COLOMBINE"><speaker>COLOMBINE.</speaker>
	<l id="661" syll="3" part="i">Doux pour toi.</l>
</sp>
<sp who="PIERROT"><speaker>PIERROT.</speaker>
	<l id="661" syll="5" part="f">D'accord ; mais je pense ;</l>
	<l id="662">Quand je me me fais plaisir, que je t'en fais autant.</l>
</sp>
<sp stage="toward" who="ISABELLE"><speaker>ISABELLE, à Léandre.</speaker>
	<l id="663">Mais vous m'avez cherché querelle</l>
	<l id="664">Sur la fidélité que L'on doit en amour.</l>
	<l id="665">Pourrais-je savoir à mon tour</l>
	<l id="666">Si vous m'avez toujours été fidèle ?</l>
</sp>
<sp who="LÉANDRE"><speaker>LÉANDRE.</speaker>
	<l id="667">Toujours, toujours. Demandez à Pierrot.</l>
</sp>
<sp who="PIERROT"><speaker>PIERROT.</speaker>
	<l id="668">Monsieur Léandre !... C'est... un héros de tendresse.</l>
<stage type="low/toward">Bas, à Léandre.</stage>
	<l id="669">Parlerai-je de la négresse ?</l>
</sp>
<sp who="LÉANDRE"><speaker>LÉANDRE, à Pierrot.</speaker>
	<l id="670">Coquin, si tu dis un seul mot... </l>
<stage type="toward">À Isabelle.</stage>
	<l id="671">Je vous dirai bien plus. Une telle victoire</l>
	<l id="672">N'ajoute pas beaucoup à votre gloire.</l>
	<l id="673">Le sexe, en ces lointains climats,</l>
	<l id="674">Est si gauche, si laid, si dépourvu d'appas,</l>
	<l id="675">Qu'un homme comme il faut, que l'honneur sollicite,</l>
	<l id="676">Dans le fond n'a pas grand mérite</l>
<note type="L">Lacs : Piège, embarras dont on a de la peine à se tirer. [L]</note>
	<l id="677">À se garantir de ses lacs.</l>
</sp>
<sp who="ISABELLE"><speaker>ISABELLE.</speaker>
	<l id="678">Point du tout, on les dit si jolies,</l>
	<l id="679">Les femmes de ce pays-là...</l>
</sp>
<sp who="LÉANDRE"><speaker>LÉANDRE.</speaker>
	<l id="680">Fi donc, ne croyez pas cela.</l>
	<l id="681">Pour faire excuser leurs folies,</l>
	<l id="682">Des voyageurs, hâbleurs, menteurs,</l>
	<l id="683">En font des beautés accomplies,</l>
	<l id="684">Qui d'un regard charment les coeurs :</l>
	<l id="685">Vains discours, récits infidèles.</l>
	<l id="686">J'en ai vu beaucoup, et de près,</l>
	<l id="687">Et je n'ai pas sujet d'admirer leurs attraits.</l>
	<l id="688">Elles n'ont ni vos gentillesses</l>
	<l id="689">Ni vos grâces enchanteresses, </l>
	<l id="690">Ni ce goût délicat qui donne à la beauté</l>
	<l id="691">Plus de piquant et de vivacité,</l>
	<l id="692">Et dont je vois ici de si charmants modèles ?</l>
	<l id="693">Comment peut-on les trouver belles ?</l>
</sp>
<sp who="ISABELLE"><speaker>ISABELLE.</speaker>
	<l id="694">Il faut avoir un goût bien dépravé !</l>
</sp>
<sp who="LÉANDRE"><speaker>LÉANDRE.</speaker>
	<l id="695">Le terrain serait bon, s'il était cultivé.</l>
</sp>
<sp stage="toward" who="COLOMBINE"><speaker>COLOMBINE, à Pierrot.</speaker>
	<l id="696" syll="6" part="i">Que fais-tu donc-là ?</l>
</sp>
<sp who="PIERROT"><speaker>PIERROT.</speaker>
	<l id="696" syll="3" part="f">Je regarde.</l>
	<l id="697">Tenez, Monsieur. Vous n'avez pas pris garde...</l>
	<l id="698">Reconnaissez-vous ce portrait !</l>
</sp>
<sp stage="watch" who="LÉANDRE"><speaker>LÉANDRE, regardant avec une loupe.</speaker>
	<l id="699">Mais je dois croire et je crois en effet</l>
	<l id="700" syll="6" part="i">Que c'est mon très cher oncle.</l>
</sp>
<sp who="COLOMBINE"><speaker>COLOMBINE.</speaker>
	<l id="700" syll="6" part="f">Oui, lui-même en personne.</l>
</sp>
<sp who="ISABELLE"><speaker>ISABELLE.</speaker>
	<l id="701" syll="6" part="i">Eh bien ! Qu'en dites-vous ?</l>
</sp>
<sp who="LÉANDRE"><speaker>LÉANDRE.</speaker>
	<l id="701" syll="6" part="f">La peinture est fort bonne ;</l>
	<l id="702">Mais je le trouve bien vieilli.</l>
</sp>
<sp who="ISABELLE"><speaker>ISABELLE.</speaker>
	<l id="703">Il n'est pas dans son jour venez le voir ici.</l>
</sp>
<sp stage="toward" who="COLOMBINE"><speaker>COLOMBINE, à Pierrot.</speaker>
<stage type="drop/location">Colombine et Pierrot posent le tableau vis-à-vis la seconde coulisse, du côté de la Reine.</stage>
	<l id="704">Posons-le près de cette table.</l>
</sp>
<sp stage="watch" who="LÉANDRE"><speaker>LÉANDRE, considérant le tableau.</speaker>
	<l id="705">Oui, voilà bien sa mine véritable.</l>
</sp>
<sp who="COLOMBINE"><speaker>COLOMBINE.</speaker>
	<l id="706">Ah ! Çà, tandis qu'on met le couvert,</l>
	<l id="707">Sans façons, quittez-nous la place.</l>
	<l id="708">Votre présence ici nous embarrasse.</l>
	<l id="709">Allez dans le jardin tous les deux prendre l'air.</l>
<stage type="exit/together">Isabelle et Léandre sortent.</stage>
</sp>
</div2>
<div2 type="scene" n="10"><head>SCÈNE X. Pierrot, Colombine.</head>
<sp who="PIERROT"><speaker>PIERROT.</speaker>
	<l id="710">C'est bien dit : hâtons-nous ; car la faim me talonne.</l>
	<l id="711">Portons cette table à nous deux.</l>
<stage type="carry/drop/decor">Ils apportent au milieu du Théâtre une table, couverte d'une nappe, et de quatre couverts.</stage>
	<l id="712" syll="6" part="i">Des lumières dessus.</l>
<stage type="drop/decor">On pose deux bougies sur la table et Colombine apporte un pâté.</stage>
	<l id="712" syll="6" part="f">Un pâté ! Bon, tant mieux.</l>
	<l id="713">Nous lui dirons deux mots. Ah ! Charmante friponne !</l>
</sp>
<sp who="COLOMBINE"><speaker>COLOMBINE.</speaker>
	<l id="714">Pierrot, finis, ou bien va t'en dans le jardin.</l>
</sp>
<sp who="PIERROT"><speaker>PIERROT.</speaker>
<note type="L">Croûte : Terme de peinture. Vieux tableau noirci et gercé par le temps et que l'on compare à quelque chose de croûteux. [L]</note>
	<l id="715">Ah ! L'excellent pâté ! Quelle odeur ! Quelle croûte !</l>
</sp>
<sp who="COLOMBINE"><speaker>COLOMBINE.</speaker>
	<l id="716">Si je te laisse ici ; tu ne pourras sans doute</l>
	<l id="717">T'empêcher d'y porter la main : </l>
	<l id="718">Viens avec moi chercher du vin.</l>
<stage type="exit">Elle sort avec Pierrot.</stage>
</sp>
</div2>
<div2 type="scene" n="11"><head>SCÈNE XI.</head>
<sp stage="alone" who="CASSANDRE"><speaker>CASSANDRE, seul.</speaker>
<stage type="entrance/slow">Il sort tout doucement du cabinet où il était caché.</stage>
	<l id="719">Sortir par une porte, rentrer par une autre,</l>
	<l id="720">En même temps être absent et présent,</l>
	<l id="721" syll="6" part="i">C'est un tour... C'est un tour</l>
<stage type="watch">Voyant la table mise. etc. </stage>
	<l id="721" syll="6" part="f">Celui-ci vaut le nôtre.</l>
	<l id="722">Avec tant de fracas est-ce moi qu'on attend ?</l>
	<l id="723">Non ; le couvert est mis pour quatre,</l>
	<l id="724">Et l'on me croit bien loin. Quand je serais ici,</l>
	<l id="725">Nous ne sommes que trois, il en faudrait rabattre.</l>
	<l id="726">Mais non ; je suis tout-à-fait dans l'oubli :</l>
	<l id="727">Pour d'autre que pour moi la fête est préparée...</l>
<stage type="count">Il compte sur ses doigts.</stage>
	<l id="728">Colombine, Isabelle... Ah ! C'est partie-carrée :</l>
	<l id="729">Elles n'auront pas lieu de se reprocher rien.</l>
	<l id="730">Chacune, chacune a le sien.</l>
<stage type="title">ARIETTE.</stage>
	<l id="731">C'est donc ainsi que l'on m'abuse,</l>
	<l id="732">Coeurs faux, coeurs doubles, coeurs ingrats !...</l>
	<l id="733">Mais non, je vous demande excuse :</l>
	<l id="734">Non, non. vous ne me trompiez pas.</l>
	<l id="735">Quand j'ai feint de quitter ces lieux,</l>
	<l id="736">Vous avez fait bien des grimaces,</l>
	<l id="737">Des pleurs ont coulé de vos yeux...</l>
	<l id="738">J'en vois ici de belles traces,</l>
	<l id="739">Les apprêts d'un festin joyeux !</l>
	<l id="740">C'est donc ainsi que l'on m'abuse,</l>
	<l id="741">Coeurs faux, coeurs doubles, coeurs ingrats !...</l>
	<l id="742">Mais non, je vous demande excuse :</l>
	<l id="743">Non, non, vous ne me trompiez pas.</l>
	<l id="744">Je m'en doutais, j'étais certain...</l>
	<l id="745">La trahison était trop claire...</l>
	<l id="746">Mais qui... Mais qu'est-ce... mais enfin...</l>
	<l id="747">Quel est celui qu'on me préfère ?...</l>
	<l id="748">Je le verrai..... fin contre fin...</l>
	<l id="749">Je percerai tout ce mystère.</l>
	<l id="750">Mais le diable est-il plus malin ?...</l>
	<l id="751">C'est donc ainsi que l'on m'abuse, etc.</l>
	<l id="752">Mais pourquoi mon portrait est-il changé de place ?</l>
	<l id="753">Qui l'a mis là ! Pour quel sujet ?</l>
	<l id="754">Ils voudraient me narguer et m'insulter en face !...</l>
	<l id="755">Et ma figure au moins remplira leur objet.</l>
	<l id="756">Pour les contrarier, usons de stratagème,</l>
	<l id="757">Et tournons, s'il se peut, la ruse contre eux-mêmes.</l>
	<l id="758">Mais comment m'y prendre ? Voyons.</l>
	<l id="759">Me montrer tout-à-coup ?... Ils auront des raisons</l>
	<l id="760">Pour démentir les apparences.</l>
	<l id="761">J'aurai tort... Ils reviennent... Non...</l>
	<l id="762">Non.... Pour avoir plus d'assurance,</l>
	<l id="763">Cachons-nous quelque part... Sous cette table... Non..</l>
<stage type="location/hide">Il se met derrière le tableau.</stage>
	<l id="764">Ici je serai mieux.... Ah ! Le tour serait bon...</l>
	<l id="765">Oui, c'est une excellente idée...</l>
	<l id="766">J'adopte vos projets.... Bien plus,</l>
	<l id="767">Je renchérirai par-dessus.</l>
	<l id="768">C'est une affaire décidée.</l>
	<l id="769">Vous aimez à me voir ? Eh bien ! Vous me verrez,</l>
	<l id="770">Non tel que vous croyez, mais d'une autre manière :</l>
	<l id="771">Ce sera moi... Oui, moi, sans voile, sans mystère...</l>
	<l id="772">Et de tout ce que vous ferez</l>
	<l id="773">Je serai témoin oculaire.</l>
	<l id="774">Point de quartier... Que vais-je faire ?</l>
	<l id="775">Découper ce tableau !... Pourquoi le ménager ?...</l>
	<l id="776">Il est à moi ; je puis bien sans danger...</l>
<stage type="cut">Il découpe et enlève la tête du portrait.</stage>
	<l id="777">Oui, puisqu'enfin la perfidie</l>
	<l id="778">S'apprête à me porter le coup le plus fatal,</l>
	<l id="779">Aux dépens de la copie</l>
	<l id="780">Je sauverai l'original.</l>
	<l id="781">L'obscurité me favorise,</l>
	<l id="782">Et la prétention qui les aveuglera,</l>
	<l id="783">Peut bien encore aider à la méprise,</l>
	<l id="784">En tout cas j'agirai comme l'on agira.</l>
<stage type="location/hide/show">Il se place derrière le tableau, et passe sa tête par l'ouverture qu'il a faite.</stage>
</sp>
</div2>
<div2 type="scene" n="12"><head>SCÈNE DERNIÈRE. Léandre, Pierrot, Isabelle, Colombine.</head>
<stage type="location">Cassandre dans le tableau.</stage>
<sp stage="toward" who="LÉANDRE"><speaker>LÉANDRE, à Isabelle.</speaker>
	<l id="785">Comment ! Trois jours plus tard je perdais ma maîtresse.</l>
</sp>
<sp stage="aparte" who="CASSANDRE"><speaker>CASSANDRE, à part.</speaker>
	<l id="786">Je connais ces visages-là.</l>
</sp>
<sp who="ISABELLE"><speaker>ISABELLE.</speaker>
	<l id="787" syll="4" part="i">Assurément.</l>
</sp>
<sp who="COLOMBINE"><speaker>COLOMBINE.</speaker>
	<l id="788">Bon, bon, oublions tout cela : </l>
	<l id="789">D'un fâcheux souvenir bannissons la tristesse,</l>
	<l id="790">Et ne songeons plus qu'au plaisir.</l>
	<l id="791">À table, à table ; allons, point de cérémonie.</l>
</sp>
<sp who="ISABELLE"><speaker>ISABELLE.</speaker>
	<l id="792" syll="3" part="i">M'y voilà.</l>
</sp>
<sp who="PIERROT"><speaker>PIERROT.</speaker>
	<l id="792" syll="3" part="m">M'y voilà.</l>
</sp>
<sp stage="sit" who="LÉANDRE"><speaker>LÉANDRE, assis à table.</speaker>
	<l id="792" syll="6" part="f">Comptez ma chère amie...</l>
</sp>
<sp who="PIERROT"><speaker>PIERROT.</speaker>
	<l id="793" syll="6" part="i">Goûtons d'abord le vin...</l>
</sp>
<sp who="LÉANDRE"><speaker>LÉANDRE.</speaker>
	<l id="793" syll="6" part="f">Fussé-je dû périr,</l>
	<l id="794">Mon fortuné rival eût payé de sa vie</l>
	<l id="795">Le bonheur de jouir de vos divins appas.</l>
</sp>
<sp who="PIERROT"><speaker>PIERROT.</speaker>
	<l id="796">Ah, dame ! c'est un fier-à-bras.</l>
	<l id="797">À sa fureur quand il se livre...</l>
</sp>
<sp who="ISABELLE"><speaker>ISABELLE.</speaker>
	<l id="798" syll="3" part="i">Quoi ! Votre oncle...</l>
</sp>
<sp stage="aparte" who="CASSANDRE"><speaker>CASSANDRE, à part.</speaker>
	<l id="798" syll="3" part="m">On me tient.</l>
</sp>
<sp who="LÉANDRE"><speaker>LÉANDRE.</speaker>
	<l id="798" syll="6" part="f">Ah ! Lui, c'est différent.</l>
	<l id="799">Comme il n'a pas longtemps à vivre,</l>
	<l id="800">J'eusse attendu sa mort assez patiemment.</l>
</sp>
<sp stage="aparte" who="CASSANDRE"><speaker>CASSANDRE, à part.</speaker>
	<l id="801">Le méchant garnement !</l>
</sp>
<sp stage="toward" who="ISABELLE"><speaker>ISABELLE, à Léandre.</speaker>
	<l id="802" syll="3" part="i">Buvez donc.</l>
</sp>
<sp stage="carry" who="LÉANDRE"><speaker>LÉANDRE, tenant son verre.</speaker>
	<l id="802" syll="5" part="f">Ma chère Isabelle,</l>
	<l id="803" syll="4" part="i">Permettez-vous ?...</l>
<stage type="drink">Il choque avec elle.</stage>
</sp>
<sp stage="aparte" who="CASSANDRE"><speaker>CASSANDRE, à part.</speaker>
	<l id="803" syll="4" part="m">Ah ciel ! Mon vin !</l>
</sp>
<sp stage="toward" who="ISABELLE"><speaker>ISABELLE, à Léandre.</speaker>
	<l id="803" syll="4" part="f">De tout mon coeur.</l>
</sp>
<sp who="PIERROT"><speaker>PIERROT.</speaker>
	<l id="804">Nous avons eu plus de bonheur,</l>
	<l id="805">Ma Colombine et moi. Toujours tendre et fidèle...</l>
</sp>
<sp who="COLOMBINE"><speaker>COLOMBINE.</speaker>
	<l id="806" syll="6" part="i">Plus que je ne devais.</l>
</sp>
<sp stage="toward" who="ISABELLE"><speaker>ISABELLE, à Léandre.</speaker>
	<l id="806" syll="6" part="f">De quoi vous plaignez-vous ? </l>
	<l id="807">Pendant deux ans votre silence</l>
	<l id="808">M'avait ôté toute espérance.</l>
	<l id="809">Par raison, par devoir je prenais un époux ; </l>
	<l id="810">Mais je ne l'aimais point. En devenant sa femme,</l>
	<l id="811">Quand ma bouche feignait de répondre à sa flamme ;</l>
	<l id="812">D'approuver ses tendres désirs,</l>
	<l id="813">C'est a vous qu'en secret j'adressais mes soupirs.</l>
</sp>
<sp stage="aparte" who="CASSANDRE"><speaker>CASSANDRE, à part.</speaker>
	<l id="814" syll="6" part="i">Où m'allais-je fourrer ?</l>
</sp>
<sp who="COLOMBINE"><speaker>COLOMBINE.</speaker>
	<l id="814" syll="6" part="f">Le plaisant de l'affaire,</l>
<note type="L">Pénard : Terme de dénigrement. Vieux penard, ou, simplement, penard, vieillard usé. [L]</note>
	<l id="815" syll="6" part="i">C'est que ce vieux pénard...</l>
</sp>
<sp stage="aparte" who="CASSANDRE"><speaker>CASSANDRE, à part.</speaker>
	<l id="815" syll="6" part="f">J'étouffe de colère.</l>
</sp>
<sp who="COLOMBINE"><speaker>COLOMBINE.</speaker>
	<l id="816">Est difficile à contenter,</l>
	<l id="817">Avec sa face de carême.</l>
	<l id="818">Il prétend, de plus il ose se flatter,</l>
	<l id="819">Comme un beau Céladon, d'être aimé pour lui-même.</l>
</sp>
<sp stage="aparte" who="CASSANDRE"><speaker>CASSANDRE, à part.</speaker>
	<l id="820" syll="4" part="i">La coquine !</l>
</sp>
<sp stage="toward/slap" who="COLOMBINE"><speaker>COLOMBINE, à Pierrot, en lui donnant un soufflet.</speaker>
	<l id="820" syll="2" part="m">Faquin !</l>
</sp>
<sp stage="surprise" who="PIERROT"><speaker>PIERROT, surpris.</speaker>
	<l id="820" syll="6" part="f">Est-ce pour plaisanter ?</l>
</sp>
<sp who="COLOMBINE"><speaker>COLOMBINE.</speaker>
	<l id="821">C'est pour t'apprendre à m'appeler coquine.</l>
</sp>
<sp who="ISABELLE"><speaker>ISABELLE.</speaker>
	<l id="822">Vous êtes vive, Colombine.</l>
</sp>
<sp who="COLOMBINE"><speaker>COLOMBINE.</speaker>
	<l id="823">Non, mais il faut savoir se faire respecter.</l>
</sp>
<sp stage="touch" who="PIERROT"><speaker>PIERROT, tenant sa joue.</speaker>
	<l id="824" syll="6" part="i">Je ne lui disais rien.</l>
</sp>
<sp who="COLOMBINE"><speaker>COLOMBINE.</speaker>
	<l id="824" syll="6" part="f">Ah ! Point de ton maussade,</l>
	<l id="825" syll="4" part="i">Mange, et tais-toi.</l>
</sp>
<sp who="PIERROT"><speaker>PIERROT.</speaker>
	<l id="825" syll="6" part="f">Je n'ai plus d'appétit.</l>
</sp>
<sp who="COLOMBINE"><speaker>COLOMBINE.</speaker>
	<l id="826">Pardi, te voilà bien malade !</l>
	<l id="827">Embrasse-moi ; tout sera dit.</l>
</sp>
<sp stage="toward" who="LÉANDRE"><speaker>LÉANDRE, à Isabelle.</speaker>
	<l id="828" syll="6" part="i">Si nous faisions chorus ?</l>
</sp>
<sp who="ISABELLE"><speaker>ISABELLE.</speaker>
	<l id="828" syll="4" part="m">Avec plaisir.</l>
</sp>
<sp stage="aparte" who="CASSANDRE"><speaker>CASSANDRE, à part.</speaker>
	<l id="828" syll="2" part="f">J'enrage.</l>
</sp>
<sp who="LÉANDRE"><speaker>LÉANDRE.</speaker>
	<l id="829">En attendant le mariage......</l>
</sp>
<sp who="ISABELLE"><speaker>ISABELLE.</speaker>
	<l id="830">Mais Cassandre, à qui j'ai promis...</l>
</sp>
<sp who="COLOMBINE"><speaker>COLOMBINE.</speaker>
	<l id="831">Quand vous auriez juré vos grands et dieux, c'est bien pis.</l>
	<l id="832">Il n'en serait pas davantage.</l>
	<l id="833">Serment d'amour, serment d'usage,</l>
	<l id="834">Qui ne se font jamais que sous condition,</l>
	<l id="835">Et dont on se dédit suivant l'occasion,</l>
	<l id="836">Quand on trouve son avantage.</l>
</sp>
<sp who="PIERROT"><speaker>PIERROT.</speaker>
	<l id="837" syll="6" part="i">Fort bien imaginé.</l>
</sp>
<sp stage="aparte" who="CASSANDRE"><speaker>CASSANDRE, à part.</speaker>
	<l id="837" syll="6" part="f">J'étais le pis aller.</l>
</sp>
<sp who="COLOMBINE"><speaker>COLOMBINE.</speaker>
	<l id="838">Oui, oui, madame, il faut parler.</l>
	<l id="839">Léandre est de retour, cela change la thèse.</l>
	<l id="840">N'allez pas faire ici la sotte et la niaise;</l>
	<l id="841" syll="6" part="i">Je vous conseille, moi...</l>
</sp>
<sp who="ISABELLE"><speaker>ISABELLE.</speaker>
	<l id="841" syll="6" part="f">Mais mon destin dépend</l>
	<l id="842">De mon tuteur. Sans son consentement,</l>
	<l id="843" syll="2" part="i">Que faire ?</l>
</sp>
<sp who="LÉANDRE"><speaker>LÉANDRE.</speaker>
	<l id="843" syll="3" part="m">Nous l'aurons.</l>
</sp>
<sp who="ISABELLE"><speaker>ISABELLE.</speaker>
	<l id="843" syll="3" part="m">Je crains</l>
</sp>
<sp who="LÉANDRE"><speaker>LÉANDRE.</speaker>
	<l id="843" syll="4" part="f">Soyez-en sûre.</l>
	<l id="844">Il est bon homme au fond... et... voyez sa figure...</l>
	<l id="845">Elle n'annonce rien de dur ni de méchant.</l>
</sp>
<sp who="ISABELLE"><speaker>ISABELLE.</speaker>
	<l id="846">Ce n'est que son portrait... Mais s'il était présent...</l>
</sp>
<sp who="LÉANDRE"><speaker>LÉANDRE.</speaker>
	<l id="847">Pour vous encourager, essayez-vous d'avance :</l>
	<l id="848">Allez lui déclarer notre tendre penchant.</l>
</sp>
<sp who="ISABELLE"><speaker>ISABELLE.</speaker>
	<l id="849">Parler à ce portrait ! Ah, quelle extravagance !</l>
	<l id="850">Il faudra donc que Je lui dise ainsi...</l>
<stage type="stand">Elle se lève de table.</stage>
</sp>
<sp who="PIERROT"><speaker>PIERROT.</speaker>
	<l id="851">Donnez-vous pour l'instant certain air d'innocence,</l>
</sp>
<sp who="ISABELLE"><speaker>ISABELLE.</speaker>
	<l id="852" syll="4" part="i">Les yeux baissés ?</l>
</sp>
<sp who="LÉANDRE"><speaker>LÉANDRE.</speaker>
	<l id="852" syll="2" part="m">Fort bien.</l>
</sp>
<sp who="ISABELLE"><speaker>ISABELLE.</speaker>
	<l id="852" syll="4" part="m">Je ne saurais.</l>
</sp>
<sp who="COLOMBINE, PIERROT"><speaker>COLOMBINE et PIERROT.</speaker>
	<l id="852" syll="2" part="f">Si, si.</l>
</sp>
<sp stage="toward" who="ISABELLE"><speaker>ISABELLE, s'adressant au tableau.</speaker>
	<l id="853">Monsieur, voilà l'amant que mon coeur a choisi :</l>
	<l id="854">Je ne saurais aimer que lin.</l>
	<l id="855" syll="9" part="i">Consentez-vous à me le donner ?</l>
</sp>
<sp stage="louid" who="CASSANDRE"><speaker>CASSANDRE, forçant sa voix.</speaker>
	<l id="855" syll="1" part="f">Oui.</l>
</sp>
<sp who="ISABELLE"><speaker>ISABELLE.</speaker>
	<l id="856">Ô ciel ! Ô ciel ! </l>
	<l id="857">Quel tour cruel !</l>
	<l id="858">Est-il croyable ? </l>
	<l id="859">Mais c'est le diable.</l>
	<l id="860">Maudit vieillard, </l>
	<l id="861">Qu'on croit parti, </l>
	<l id="862">Qui dans l'instant se trouve ici !</l>
	<l id="863">Il a tout vu,</l>
	<l id="864">Tout entendu.</l>
	<l id="865">Qui l'aurait cru ? </l>
	<l id="866">Tout est perdu.</l>
	<l id="867">Il va crier.</l>
	<l id="868">Peser, jurer,</l>
	<l id="869">Il va vouloir nous séparer,</l>
	<l id="870">Nous séparer.</l>
	<l id="871">Nous désunir.</l>
	<l id="872">Ah ! Pourriez vous y consentir ?</l>
	<l id="873">Jamais, jamais,</l>
	<l id="874">Je ne pourrais.</l>
	<l id="875">Plutôt mourir.</l>
	<l id="876">Plutôt mourir.</l>
</sp>
<sp who="LÉANDRE"><speaker>LÉANDRE.</speaker>
	<l id="877">Ô ciel ! Ô ciel ! </l>
	<l id="878">Quel tour cruel !</l>
	<l id="879">Est-il croyable ? </l>
	<l id="880">Mais c'est le diable.</l>
	<l id="881">J'en suis, j'en suis tout interdit,</l>
	<l id="882">Tout stupéfait,</l>
	<l id="883">Tout déconfit.</l>
	<l id="884">Il a tout vu ; etc.</l>
<stage type="explicit">Comme Isabelle.</stage>
</sp>
<sp who="CASSANDRE"><speaker>CASSANDRE.</speaker>
	<l id="885">Ah ! J'ai tout vu, </l>
	<l id="886">Tout entendu.</l>
	<l id="887">Un tour semblable.</l>
	<l id="888">Est-il croyable ? </l>
	<l id="889">Qui l'aurait cru ? </l>
<stage type="bis">Bis.</stage>
	<l id="890">J'en doute encore moi qui l'ai vu.</l>
	<l id="891">Vous voilà pris au dépourvu</l>
	<l id="892">Quoi ! Votre coeur est abattu</l>
	<l id="893">Il ne faut pas désespérer : </l>
	<l id="894">Vous saurez bien vous en tirer.</l>
	<l id="895">Vous ne cherchiez qu'à me trahir.</l>
	<l id="896">Ah, ah, ah, ah, ah !</l>
	<l id="897">Ah ! Quel plaisir, etc.</l>
</sp>
<sp who="COLOMBINE"><speaker>COLOMBINE.</speaker>
	<l id="898">Ô ciel ! Ô ciel ! </l>
	<l id="899">Quel tour cruel ! </l>
	<l id="900">Est-il croyable ? </l>
	<l id="901">Mais c'est le diable.</l>
	<l id="902">Maudit vieillard,  qu'on croit part</l>
	<l id="903">Qui dans l'instant se trouve ici :</l>
	<l id="904">Il a tout vu, </l>
	<l id="905">Tout entendu.</l>
	<l id="906">DE son courroux</l>
	<l id="907">Je crains les coups</l>
	<l id="908">Il va crier,</l>
	<l id="909">Pester, jurer,</l>
	<l id="910">Où me cacher ?</l>
	<l id="911">Où me fourrer ?</l>
	<l id="912">À ses regards comment m'offrir ?</l>
	<l id="913">Comment le fuir ?</l>
	<l id="914">Que devenir ?</l>
	<l id="915">Jamais, jamais,</l>
	<l id="916">Je n'oserais</l>
	<l id="917">Je ne pourrais</l>
	<l id="918">Le démentir.</l>
</sp>
<sp who="PIERROT"><speaker>PIERROT.</speaker>
	<l id="919">Ô ciel ! Ô ciel ! </l>
	<l id="920">Quel tour cruel ! </l>
	<l id="921">Est-il croyable ? </l>
	<l id="922">Mais c'est le diable.</l>
	<l id="923">J'en suis, j'en suis, tout interdit.</l>
	<l id="924">Tout stupéfait,</l>
	<l id="925">Tout déconfit.</l>
	<l id="926">Il a tout vu etc.</l>
<stage type="explcit">Comme colombine.</stage>
</sp>
<sp stage="toward" who="CASSANDRE"><speaker>CASSANDRE, à Isabelle.</speaker>
	<l id="927">Eh bien ! Vous ne dites plus mot ; </l>
	<l id="928">Quel est donc à présent le soin qui vous occupe ?</l>
</sp>
<sp who="LÉANDRE"><speaker>LÉANDRE.</speaker>
	<l id="929" syll="2" part="i">Monsieur...</l>
</sp>
<sp who="CASSANDRE"><speaker>CASSANDRE.</speaker>
	<l id="929" syll="6" part="f">Taisez-vous, maître sot.</l>
<stage type="toward">À Isabelle.</stage>
	<l id="930">Vous avez cru que j'étais votre dupe.</l>
</sp>
<sp stage="despite" who="ISABELLE"><speaker>ISABELLE, d'un air soumis.</speaker>
	<l id="931">Monsieur... c'est malgré moi... je ne prévoyais pas,</l>
	<l id="932">Et j'espérais si peu... pour sortir d'embarras...</l>
	<l id="933">Ma résolution.... Parle, toi, Colombine.</l>
</sp>
<sp who="CASSANDRE"><speaker>CASSANDRE.</speaker>
	<l id="934">Et que dira cette coquine ?...</l>
</sp>
<sp who="COLOMBINE"><speaker>COLOMBINE.</speaker>
	<l id="935">Puisque vous savez tout, il faut vous l'avouer :</l>
	<l id="936">Ce que l'on en faisait, c'était pour vous jouer.</l>
	<l id="937">On se moquait de vous, Monsieur, je le confesse ;</l>
	<l id="938">On ne le fera plus, vous avez trop d'adresse.</l>
</sp>
<sp who="CASSANDRE"><speaker>CASSANDRE.</speaker>
	<l id="939">La plus noire des trahisons !... </l>
</sp>
<sp who="PIERROT"><speaker>PIERROT.</speaker>
	<l id="940">Monsieur, un peu de patience.</l>
	<l id="941">Nous ne l'avons pas fait sans de grandes raisons.</l>
	<l id="942">L'amour... ce petit dieu... qui fait par sa puissance...</l>
	<l id="943">Extravaguer l'adolescence...</l>
<note type="C">Petites-maisons : nom donné autrefois à un hôpital de Paris où l'on renfermait les aliénés. [L]</note>
	<l id="944">Et... conduit la vieillesse aux petites-maisons...</l>
</sp>
<sp who="CASSANDRE"><speaker>CASSANDRE.</speaker>
	<l id="945" syll="2" part="i">Eh bien !</l>
</sp>
<sp who="PIERROT"><speaker>PIERROT.</speaker>
	<l id="945" syll="10" part="f">Eh bien ! Monsieur... lorsque sa flamme brille...</l>
	<l id="946">Ça fait qu'on ne voit goutte.... et la chaleur du feu... </l>
	<l id="947">Enfin c'est pour votre neveu ;</l>
	<l id="948">Ça ne sort pas de la famille.</l>
</sp>
<sp who="CASSANDRE"><speaker>CASSANDRE.</speaker>
	<l id="949">C'est à merveille... Mais de mon juste courroux</l>
	<l id="950">Vous devez éprouver les coups.</l>
	<l id="951">Je veux, quoi que vous puissiez dire,</l>
	<l id="952">Être enfin le dernier à rire...</l>
	<l id="953">Je vous unis tous deux pour me venger de vous.</l>
</sp>
<sp stage="toward" who="COLOMBINE"><speaker>COLOMBINE, à Cassandre.</speaker>
	<l id="954">Nous ne sommes pas moins coupables.</l>
	<l id="955">Nous avons machiné ces complots détestables.</l>
<stage type="show">Montrant Pierrot.</stage>
	<l id="956">Voulez-vous nous punir aussi ?</l>
</sp>
<sp who="CASSANDRE"><speaker>CASSANDRE.</speaker>
	<l id="957" syll="9" part="i">Mariez-vous. Allez au diable.</l>
</sp>
<sp stage="wave" who="COLOMBINE"><speaker>COLOMBINE, faisant la révérence.</speaker>
	<l id="957" syll="3" part="f">Grand merci.</l>
</sp>
</div2>
<div2 type="vaudeville" n="13"><head>VAUDEVILLE.</head>
<sp who="TOUS"><speaker>TOUS, hors Cassandre.</speaker>
	<l id="958">Le dieu de la tendresse</l>
	<l id="959">Sourit à la jeunesse ;</l>
	<l id="960">Il fuit avec courroux</l>
	<l id="961">Les vieux et les jaloux.</l>
	<l id="962">De l'Amour,</l>
	<l id="963">En ce jour,</l>
	<l id="964">Goûtons la douce ivresse :</l>
	<l id="965">Ses ardeurs</l>
	<l id="966">Dans nos coeurs </l>
	<l id="967">Ne portent que des coups doux.</l>
</sp>
<sp who="CASSANDRE"><speaker>CASSANDRE.</speaker>
	<l id="968">Du dieu de la tendresse</l>
	<l id="969">Heureux qui peut sans cesse</l>
	<l id="970">Affronter le courroux,</l>
	<l id="971">Braver, braver les coups !</l>
	<l id="972">De l'Amour</l>
	<l id="973">En ce jour,</l>
	<l id="974">Je fuis la voix traîtresse.</l>
	<l id="975">Ses douceurs,</l>
	<l id="976">Ses ardeurs,</l>
	<l id="977">Bientôt nous rendent tous fous.</l>
</sp>
<sp who="CASSANDRE"><speaker>CASSANDRE.</speaker>
	<l id="978">L'Amour est un enfant</l>
	<l id="979">Fier et doux par caprice,</l>
	<l id="980">Ce qu'il donne, à l'instant</l>
	<l id="981">Il le reprend.</l>
	<l id="982">Après quelque service, </l>
	<l id="983">Il vous met hors de lice.</l>
	<l id="984">Il ne fait nul état</l>
	<l id="985">D'un vieux soldat.</l>
<stage type="sing">Tous reprennent le rondeau.</stage>
</sp>
<sp stage="duo" who="LÉANDRE, ISABELLE"><speaker>LÉANDRE et ISABELLE, en duo.</speaker>
	<l id="986">L'Amour de nos souhaits</l>
	<l id="987">A comblé la mesure :</l>
	<l id="988">Célébrons à jamais</l>
	<l id="989">Ses doux bienfaits.</l>
	<l id="990">Ce moment nous assure </l>
	<l id="991">Une volupté pure.</l>
	<l id="992">Pour qui sait en jouir,</l>
	<l id="993">Ah, quel plaisir !</l>
<stage type="get">On reprend le rondeau.</stage>
</sp>
<sp who="COLOMBINE"><speaker>COLOMBINE.</speaker>
	<l id="994">Le bonheur de Pierrot</l>
</sp>
<sp who="PIERROT"><speaker>PIERROT.</speaker>
	<l id="995">Est dans sa Colombine.</l>
</sp>
<sp who="COLOMBINE"><speaker>COLOMBINE.</speaker>
	<l id="996">Colombine en Pierrot...</l>
</sp>
<sp who="PIERROT"><speaker>PIERROT.</speaker>
	<l id="997">Trouve un bon lot.</l>
</sp>
<sp who="COLOMBINE"><speaker>COLOMBINE.</speaker>
	<l id="998">Cette oeillade assassine...</l>
</sp>
<sp who="PIERROT"><speaker>PIERROT.</speaker>
	<l id="999">Cette peste de mine...</l>
</sp>
<sp who="COLOMBINE"><speaker>COLOMBINE.</speaker>
	<l id="1000">Promet, promet beaucoup.</l>
</sp>
<sp who="PIERROT"><speaker>PIERROT.</speaker>
	<l id="1001">Et tiendra tout.</l>
<stage type="get">On reprend le rondeau en choeur.</stage>
</sp>
</div2>
</div1>
</body>
</text>
</TEI>