<?xml version="1.0" encoding='utf-8'?>
<TEI xml:lang="fr">
<teiHeader>
		<fileDesc>
			<titleStmt>
				<title>ÇA N'EN EST PAS OU TOUT CE QUI RELUIT N'EST PAS OR</title>
				<author type="texte" ISNI="000 0001 2281 6594">Louis François ARCHAMBAULT (1742-1812)</author>
			</titleStmt>
			<publicationStmt>	
				<editor>Texte établi à partir de la transcription par Dr Roger Peters.</editor>
				<publisher>publié par Paul FIEVRE, janvier 2014</publisher>
				<idno>ARCHAMBAULT_CENESTPAS</idno>
			<rights>Creative Commons BY-NC-SA</rights>
			</publicationStmt>
			<SourceDesc>
				<genre>Proverbe</genre>
				<inspiration>moeurs</inspiration><structure>Un acte</structure>
				<type>prose</type>
				<periode>1771-1780</periode>
				<taille>(mesure non pertinente)</taille>
				<permalien></permalien>
			</SourceDesc>
		</fileDesc>
</teiHeader>
<text>
	<front>
		<docTitle>
			<titlePart type="main">ÇA N'EN EST PAS OU TOUT CE QUI RELUIT N'EST PAS OR</titlePart>
			<titlePart type="sub">COMÉDIE-PROVERBE EN UN ACTE</titlePart>
		</docTitle> 
		<docDate value='1779'>M. DCC. LXXIX.</docDate>
		<docAuthor id='ARCHAMBAULT, Louis-François' bio='achambault'>de Louis-François Archambault, dit Dorvigny</docAuthor>
		<docImprint>
			
		</docImprint>
		<printer id='SERCY'>À PARIS, chez CHARLES DE SERCY, au Palais, au sixième pilier de la Grand Salle, à la Bonne Foi Couronnée.</printer>
		<performance>
			<premiere date='1779-12-23' location='Théâtre des Variétés amusantes'> première le 23 décembre 1779 au Théâtre des Variétés-Amusantes à Paris.</premiere>
		</performance>
		<castList><head>PERSONNAGES.</head>
			<castItem><role id='JANOT' sex="1" type="H" statut="employé" age="A" stat_amour='néant'>JANOT</role>.</castItem>
			<castItem><role id='DODINET' sex="1" type="H" statut="rat-de-cave" age="A" stat_amour='néant'>DODINET</role>, rat-de-cave.</castItem>
			<castItem><role id='RAGOT' sex="1" type="H" statut="fripier" age="A" stat_amour='néant'>RAGOT</role>, fripier.</castItem>
			<castItem><role id='MADAME RAGOT' sex="2" type="H" statut="bourgeois" age="A" stat_amour='néant'>MADAME RAGOT</role>.</castItem>
			<castItem><role id='SIMON' sex="1" type="H" statut="savetier" age="A" stat_amour='néant'>SIMON</role>, savetier.</castItem>
			<castItem><role id='SUZON' sex="2" type="H" statut="bourgeois" age="J" stat_amour='néant'>SUZON</role>, sa fille.</castItem>
			<castItem><role id='PERRETTE' sex="2" type="H" statut="employé" age="A" stat_amour='néant'>PERRETTE</role>, fille de boutique de Simon.</castItem>
			<castItem><role id='UN CLERC DE COMMISSAIRE' sex="1" type="H" statut="clerc" age="A" stat_amour='néant'>UN CLERC DE COMMISSAIRE</role>.</castItem>
			<castItem><role id='UN PHILOSOPHE' sex="1" type="H" statut="philosophe" age="A" stat_amour='néant'>UN PHILOSOPHE</role>.</castItem>
			<castItem><role id='UN ORFÈVRE' sex="1" type="H" statut="orfèvre" age="A" stat_amour='néant'>UN ORFÈVRE</role>.</castItem>
			<castItem><role id='UN CLERC DE NOTAIRE' sex="1" type="H" statut="clerc" age="A" stat_amour='néant'>UN CLERC DE NOTAIRE</role>.</castItem>
			<castItem><role id='UN CABARETIER' sex="1" type="H" statut="cabaretier" age="A" stat_amour='néant'>UN CABARETIER</role>.</castItem>
		</castList>
		<set location="Paris" country="France" periode="XVIIIème" gps="48.856614, 2.352222">La scène se passe dans la rue.</set>
		</front>
<body>
<div1 type="act" n='1'><head></head>
<div2 type="scene" n='1'><head>SCÈNE I. Janot, Dodinet.</head>
<sp who="JANOT"><speaker>JANOT.</speaker>
<p id="1">
	<s id="1">Oui, mon ami, fais-moi compliment, que je te dis, de ça, parce que c'est pas de ces choses qui arrivent deux fois dans la vie d'un homme, da ! de faire sa fortune tout d'un coup.</s>
</p>
</sp>
<sp who="DODINET"><speaker>DODINET.</speaker>
<p id="2">
	<s id="1">Oh ! </s>
	<s id="2">Oui : t'as raison. </s>
	<s id="">T'es ben là ; faut t'y tenir.</s>
</p>
</sp>
<sp who="JANOT"><speaker>JANOT.</speaker>
<p id="3">
	<s id="1">Comment, que tu dis donc, toi ? </s>
	<s id="2">Je suis ben là ! </s>
	<s id="3">Où çà ? </s>
	<s id="4">Dans c'te rue qu'i' faut que je me tienne ?</s>
</p>
</sp>
<sp who="DODINET"><speaker>DODINET.</speaker>
<p id="4">
	<s id="1">Eh ! </s>
	<s id="2">Non, chez c'te comtesse où ce que te vl'à habillé comme un Monsieur.</s>
</p>
</sp>
<sp who="JANOT"><speaker>JANOT.</speaker>
<p id="5">
	<s id="1">Bah ! </s>
	<s id="2">C'est rien que tout ça : si tu me voyais donc avec c'te belle robe qu'all' m'a donnée pour ma veste, de c't attrape de Mam'selle Suzon, chez le dégraisseur, c'est ben aut' chose ! </s>
	<s id="3">Va !</s>
</p>
</sp>
<sp who="DODINET"><speaker>DODINET.</speaker>
<p id="6">
	<s id="1">Oh ! </s>
	<s id="2">Je crais ben que c'est une bonne condition : avec les grandes dames y a toujours quéque chose à gagner, mêmement c'est ben par le canal d'une comme ça que je me suis tobtenu l'emploi que j'ai.</s>
</p>
</sp>
<sp who="JANOT"><speaker>JANOT.</speaker>
<p id="7">
	<s id="1">Ah ! </s>
	<s id="2">Dame, c'est que t'es remuant, toi ! </s>
	<s id="3">V'là ce qu'i faut, et c'est ce qui fait que ton chemin est fait. </s>
	<s id="4">Pour moi, tout ce que j'en veux faire est fait, en fait de service.</s>
</p>
</sp>
<sp who="DODINET"><speaker>DODINET.</speaker>
<p id="8">
	<s id="1">Comment donc ça ?</s>
</p>
</sp>
<sp who="JANOT"><speaker>JANOT.</speaker>
<p id="9">
	<s id="1">Eh ben ! </s>
	<s id="2">Dame, tu n'entends pas ce que je te dis, de m'en faire un, au sujet du bonheur que j'ai, qui soit ben tourné, de compliment.</s>
</p>
</sp>
<sp who="DODINET"><speaker>DODINET.</speaker>
<p id="10">
	<s id="1">Queu bonheur donc qui t'arrive ?</s>
</p>
</sp>
<sp who="JANOT"><speaker>JANOT.</speaker>
<p id="11">
	<s id="1">I' m'arrive, mon ami, que je vas mettre la comtesse sur le pavé.</s>
</p>
</sp>
<sp who="DODINET"><speaker>DODINET.</speaker>
<p id="12">
	<s id="1">Sur le pavé !</s>
</p>
</sp>
<sp who="JANOT"><speaker>JANOT.</speaker>
<p id="13">
	<s id="1">Oui : j'y vas rendre sa condition et l'y dire qu'alle en cherche un autre.</s>
</p>
</sp>
<sp who="DODINET"><speaker>DODINET.</speaker>
<p id="14">
	<s id="1">Et quéque tu vas devenir après, toi ?</s>
</p>
</sp>
<sp who="JANOT"><speaker>JANOT.</speaker>
<p id="15">
	<s id="1">Moi ! </s>
	<s id="2">Je me ferai grand seigneur.</s>
</p>
</sp>
<sp who="DODINET"><speaker>DODINET.</speaker>
<p id="16">
	<s id="1">Oh ! </s>
	<s id="2">Tu ne serais pas le premier qu'on aurait vu faire ce chemin-là aussi vite : mais encore i' faut des fonds pour ça.</s>
</p>
</sp>
<sp who="JANOT"><speaker>JANOT.</speaker>
<p id="17">
	<s id="1">Des fonds ! </s>
	<s id="2">Est-ce que je n'en ai pas donc, dis-moi, aussi ben qu'un autre, des fonds ?</s>
</p>
</sp>
<sp who="DODINET"><speaker>DODINET.</speaker>
<p id="18">
	<s id="1">Dame ! </s>
	<s id="2">Faut savoir.</s>
</p>
</sp>
<sp who="JANOT"><speaker>JANOT.</speaker>
<p id="19">
	<s id="1">Oh ! </s>
	<s id="2">C'est tout su, va. </s>
	<s id="3">Et toi, je ne veux pus que tu sois là un rat... </s>
	<s id="4">Comme tu m'as dit, de quoi donc ?</s>
</p>
</sp>
<sp who="DODINET"><speaker>DODINET.</speaker>
<p id="20">
	<s id="1">De cave.</s>
</p>
</sp>
<sp who="JANOT"><speaker>JANOT.</speaker>
<p id="21">
	<s id="1">De cave ! </s>
	<s id="2">Oui, rat-de-cave. </s>
	<s id="3">Je te fais mon intendant : je ne te donnerai pas de gages, mais ce que tu prendras sera pour toi.</s>
</p>
</sp>
<sp who="DODINET"><speaker>DODINET.</speaker>
<p id="22">
	<s id="1">Oh ben ! </s>
	<s id="2">Laisse faire, va, je ne serai pas le plus mal partagé.</s>
</p>
</sp>
<sp who="JANOT"><speaker>JANOT.</speaker>
<p id="23">
	<s id="1">Oui-da ! </s>
	<s id="2">Mais à condition que quand tu m'auras ruiné, tu me prendras pour intendant à ton tour.</s>
</p>
</sp>
<sp who="DODINET"><speaker>DODINET.</speaker>
<p id="24">
	<s id="1">Ah ! </s>
	<s id="2">C'est juste : je te donnerai ta revanche...</s>
</p>
</sp>
<sp who="JANOT"><speaker>JANOT.</speaker>
<p id="25">
	<s id="1">Et moi je reprendrai le tout.</s>
</p>
</sp>
<sp who="DODINET"><speaker>DODINET.</speaker>
<p id="26">
	<s id="1">Mais dis-moi donc un peu, Janot, est-ce que t'es devenu fou depuis quéque temps ?</s>
</p>
</sp>
<sp who="JANOT"><speaker>JANOT.</speaker>
<p id="27">
	<s id="1">Non pardine pas : au contraire, va.</s>
</p>
</sp>
<sp who="DODINET"><speaker>DODINET.</speaker>
<p id="28">
	<s id="1">As-tu été heureux à queuque jeu !</s>
</p>
</sp>
<sp who="JANOT"><speaker>JANOT.</speaker>
<p id="29">
	<s id="1">Non, je ne sais jouer qu'à la bête, et comme je la mettais toujoux, ça m'en a dégoûté.</s>
</p>
</sp>
<sp who="DODINET"><speaker>DODINET.</speaker>
<p id="30">
	<s id="1">Mais il y a des jeux d'adresse.</s>
</p>
</sp>
<sp who="JANOT"><speaker>JANOT.</speaker>
<p id="31">
	<s id="1">Oh ! </s>
	<s id="2">Non : je n'y suis pas heureux à ceux-là.</s>
</p>
</sp>
<sp who="DODINET"><speaker>DODINET.</speaker>
<p id="32">
	<s id="1">Tu as donc gagné à la Loterie ?</s>
</p>
</sp>
<sp who="JANOT"><speaker>JANOT.</speaker>
<p id="33">
	<s id="1">À la Loterie ! </s>
	<s id="2">Eh ! </s>
	<s id="3">Tu sais bien que je n'y mets pas, et M. </s>
	<s id="4">Ragot dit qu'on n'y peut pas gagner sans ça...</s>
</p>
</sp>
<sp who="DODINET"><speaker>DODINET.</speaker>
<p id="34">
	<s id="1">Il faut donc que tu aies volé tes maîtres, car voilà à peu près tous les moyens de s'enrichir que je connaisse, moi.</s>
</p>
</sp>
<sp who="JANOT"><speaker>JANOT.</speaker>
<p id="35">
	<s id="1">Bon ! </s>
	<s id="2">Y en a pourtant d'autres.</s>
</p>
</sp>
<sp who="DODINET"><speaker>DODINET.</speaker>
<p id="36">
	<s id="1">Lesquels donc ?... </s>
	<s id="2">Tu ne connais pas d'aut' fille que Mam'selle Suzon, toi : ce n'est pas par là que tu...</s>
</p>
</sp>
<sp who="JANOT"><speaker>JANOT.</speaker>
<p id="37">
	<s id="1">Oh ! </s>
	<s id="2">Non. </s>
	<s id="3">N'y a pas de ça dans mon affaire : c'est bon jeu bon argent.</s>
</p>
</sp>
<sp who="DODINET"><speaker>DODINET.</speaker>
<p id="38">
	<s id="1">Explique-moi donc ça, mon ami, car je n'y comprends rien.</s>
</p>
</sp>
<sp who="JANOT"><speaker>JANOT.</speaker>
<p id="39">
	<s id="1">Écoute, Dodinet, ne va pas conter ça à tout le monde, da.</s>
</p>
</sp>
<sp who="DODINET"><speaker>DODINET.</speaker>
<p id="40">
	<s id="1">Oh ! </s>
	<s id="2">N'aie pas peur.</s>
</p>
</sp>
<sp who="JANOT"><speaker>JANOT.</speaker>
<p id="41">
	<s id="1">C'est un secret au moins, et fort encore.</s>
</p>
</sp>
<sp who="DODINET"><speaker>DODINET.</speaker>
<p id="42">
	<s id="1">Pardine ! </s>
	<s id="2">je le crois ben : dis-le donc.</s>
</p>
</sp>
<sp who="JANOT"><speaker>JANOT.</speaker>
<p id="43">
	<s id="1">Imagine-toi, Dodinet, j'ai trouvé... </s>
	<s id="2">Je crains qu'i' n'y ait zici quéqu'zun qui nous écoute.</s>
</p>
</sp>
<sp who="DODINET"><speaker>DODINET.</speaker>
<p id="44">
	<s id="1">Non, non. </s>
	<s id="2">I' n'y a personne : dis ben vite. </s>
	<s id="3">T'as trouve...</s>
</p>
</sp>
<sp who="JANOT"><speaker>JANOT.</speaker>
<p id="45">
	<s id="1">J'ai trouvé un morceau... </s>
	<s id="2">comment qu'on appelle ça ?... </s>
	<s id="3">D'or... </s>
	<s id="4">Un magot... </s>
	<s id="5">Un nigaud... </s>
	<s id="6">Dodinet, dis donc.</s>
</p>
</sp>
<sp who="DODINET"><speaker>DODINET.</speaker>
<p id="46">
	<s id="1">Nigaud toi-même, bête : c'est un lingot que tu veux dire.</s>
</p>
</sp>
<sp who="JANOT"><speaker>JANOT.</speaker>
<p id="47">
	<s id="1">Oui, un lingot, gros comme mon poing d'or...</s>
</p>
</sp>
<sp who="DODINET"><speaker>DODINET.</speaker>
<p id="48">
	<s id="1">Massif ?</s>
</p>
</sp>
<sp who="JANOT"><speaker>JANOT.</speaker>
<p id="49">
	<s id="1">Eh ! </s>
	<s id="2">Oui, je te dis, dans une carrière, massif, auprès de Vaugirard.</s>
</p>
</sp>
<sp who="DODINET"><speaker>DODINET.</speaker>
<p id="50">
	<s id="1">Ah ! </s>
	<s id="2">Mon cher ami, mais c'est une fortune immense que ça.</s>
</p>
</sp>
<sp who="JANOT"><speaker>JANOT.</speaker>
<p id="51">
	<s id="1">Pardine ! </s>
	<s id="2">Je te le disais ben.</s>
</p>
</sp>
<sp who="DODINET"><speaker>DODINET.</speaker>
<p id="52">
	<s id="1">Mais où ce que tu l'as mis, montre-le-moi donc ?</s>
</p>
</sp>
<sp who="JANOT"><speaker>JANOT.</speaker>
<p id="53">
	<s id="1">Pas si bête que de porter ça sur moi : c'est lourd comme tout ; et pis j'aurais qu'à le perdre. </s>
	<s id="2">Je l'ai caché dans ma paillasse.</s>
</p>
</sp>
<sp who="DODINET"><speaker>DODINET.</speaker>
<p id="54">
	<s id="1">C'est un trésor que ça, Janot ; mais dis donc, es-tu ben sûr que c'en est de l'or ?</s>
</p>
</sp>
<sp who="JANOT"><speaker>JANOT.</speaker>
<p id="55">
	<s id="1">Si c'en est ! </s>
	<s id="2">Ah ! </s>
	<s id="3">Vraiment, je m'y connais p't-êt'. </s>
	<s id="4">Crais-tu que j'ai été élevé comme toi dans une boîte ! </s>
	<s id="5">Et pis tu ne sais donc pas ? </s>
	<s id="6">Depis que j' demeure cheux c'te comtesse, j'en magne et remagne tous les jours. </s>
	<s id="7">C'est pas comme cheux M. </s>
	<s id="8">Ragot, qu'on n'y magne que de la mitraille : je me salissais les doigts avec ses pièces grises... </s>
	<s id="9">Ah ! </s>
	<s id="10">Çà, dis donc, Dodinet, je veux faire une fin, queu qu'tu me consellles ?</s>
</p>
</sp>
<sp who="DODINET"><speaker>DODINET.</speaker>
<p id="56">
	<s id="1">Écoute : t'as de l'instinct, faut te pousser dans le monde.</s>
</p>
</sp>
<sp who="JANOT"><speaker>JANOT.</speaker>
<p id="57">
	<s id="1">Eh ben ! </s>
	<s id="2">Oui : mais faut savoir par queue porte que j'y entrerai !</s>
</p>
</sp>
<sp who="DODINET"><speaker>DODINET.</speaker>
<p id="58">
	<s id="1">Mais faut te marier, mon ami, c'est là la grand'porte, c'est celle-là qui mène à tout. </s>
	<s id="2">À présent que t'as du bien, tout le monde te jettera ses filles à la tête.</s>
</p>
</sp>
<sp who="JANOT"><speaker>JANOT.</speaker>
<p id="59">
	<s id="1">Oui, pourvu que ça ne m'y fasse pas de mal.</s>
</p>
</sp>
<sp who="DODINET"><speaker>DODINET.</speaker>
<p id="60">
	<s id="1">Ah ! </s>
	<s id="2">Dame, ça se pourrait bien, mais on n'y regarde pas de si près, et pis y a du remède à tout. </s>
	<s id="3">Dis-moi, as-tu encore de l'inclination pour Mam'selle Suzon ?</s>
</p>
</sp>
<sp who="JANOT"><speaker>JANOT.</speaker>
<p id="61">
	<s id="1">Mam'selle Suzon ? </s>
	<s id="2">Non. </s>
	<s id="3">C'est une affronteuse qui m'a mis dedans, vois-tu. </s>
	<s id="4">Je ne l'i pardonnerai jamais, et pis c'est la fille d'un savequier. </s>
	<s id="5">Je ne suis pas fier, mais ça ne m'irait pas.</s>
</p>
</sp>
<sp who="DODINET"><speaker>DODINET.</speaker>
<p id="62">
	<s id="1">T'as raison : te v'là à même de choisir, faut en profiter. </s>
	<s id="2">Aimerais-tu pas mieux la fille de boutique du dégraisseur ?</s>
</p>
</sp>
<sp who="JANOT"><speaker>JANOT.</speaker>
<p id="63">
	<s id="1">Ah ! </s>
	<s id="2">C'te fille que j'y avais parlé pour ses mailles, que je devais l'i en reprendre par le moyen de ma soeur dont que je l'i ai toffert son service en fait de couture ?</s>
</p>
</sp>
<sp who="DODINET"><speaker>DODINET.</speaker>
<p id="64">
	<s id="1">Oui, celle-là.</s>
</p>
</sp>
<sp who="JANOT"><speaker>JANOT.</speaker>
<p id="65">
	<s id="1">Ah ! </s>
	<s id="2">C'est encore d'un méquier ben bas, qu'en dis-tu ? </s>
	<s id="3">Ben sale, Dodinet ? </s>
	<s id="4">I' me faut pus haut que ça.</s>
</p>
</sp>
<sp who="DODINET"><speaker>DODINET.</speaker>
<p id="66">
	<s id="1">Dame ! </s>
	<s id="2">Qui done veux-tu prendre au bout de tout ?</s>
</p>
</sp>
<sp who="JANOT"><speaker>JANOT.</speaker>
<p id="67">
	<s id="1">Veux-tu que je te le dise ?</s>
</p>
</sp>
<sp who="DODINET"><speaker>DODINET.</speaker>
<p id="68">
	<s id="1">Eh ! </s>
	<s id="2">Pardine ! </s>
	<s id="3">Je te le demande exprès.</s>
</p>
</sp>
<sp who="JANOT"><speaker>JANOT.</speaker>
<p id="69">
	<s id="1">Eh ben ! </s>
	<s id="2">quiens, c'est Mam'selle Courtois, la femme de chambre de la comtesse.</s>
</p>
</sp>
<sp who="DODINET"><speaker>DODINET.</speaker>
<p id="70">
	<s id="1">Oh ! </s>
	<s id="2">Diable, t'es ambitionneux.</s>
</p>
</sp>
<sp who="JANOT"><speaker>JANOT.</speaker>
<p id="71">
	<s id="1">Ah ! </s>
	<s id="2">Dame ! </s>
	<s id="3">Moi, v'là comme je suis, vois-tu ! </s>
	<s id="4">C'est comme dit c't aut', quand on prend du galon on n'en saurait trop prendre.</s>
</p>
</sp>
<sp who="DODINET"><speaker>DODINET.</speaker>
<p id="72">
	<s id="1">C'est fort ben pris à toi : mais c't femme de chambre voudra-t-elle te le laisser prendre son galon ?</s>
</p>
</sp>
<sp who="JANOT"><speaker>JANOT.</speaker>
<p id="73">
	<s id="1">Pardine ! </s>
	<s id="2">si elle le voudra ! </s>
	<s id="3">ah ! </s>
	<s id="4">Que oui, va : que de reste encore. </s>
	<s id="5">Je l'i fais, tous les jours, sans que ça paraisse, des petits plaisirs qu'all' en est ben aise comme tout, que je l'i galope pour des commissions depis le matin jusqu'au soir, qu'all' me donne ! </s>
	<s id="6">Tu crois que ça ne la tentera pas, sous ma palliasse, en or fin ?...</s>
</p>
</sp>
<sp who="DODINET"><speaker>DODINET.</speaker>
<p id="74">
	<s id="1">Ah ! </s>
	<s id="2">Oui, t'as raison. </s>
	<s id="3">Je n'y pensais pas moi : ça prévient ben les gens à prendre du goût ça.</s>
</p>
</sp>
<sp who="JANOT"><speaker>JANOT.</speaker>
<p id="75">
	<s id="1">Oh ! </s>
	<s id="2">Oui. </s>
	<s id="3">Je te dis qu'all' m'aimera p'têt' que trop. </s>
	<s id="4">Mais quoique ça, je veux ben faire les choses. </s>
	<s id="5">Charge-toi de ça, toi, Dodinet, tu seras mon garçon d'honneur... </s>
	<s id="6">Faut que je propose à Mam'selle Courtois, ma future, un grand repas, pour signer au cabaret le contrat de mariage, au coin de la rue que tu connais, où que je nous rassemblerons tous, pas vrai ?</s>
</p>
</sp>
<sp who="DODINET"><speaker>DODINET.</speaker>
<p id="76">
	<s id="1">Je veux ben, moi : quoi que tu veux que je fasse ?</s>
</p>
</sp>
<sp who="JANOT"><speaker>JANOT.</speaker>
<p id="77">
	<s id="1">Pendant que je vas aller l'y reporter son habit, à la comtesse, de jockey, et pis que j'inviterai Mam'selle Courtois à çall' fin de l'i conter ça en douceur, faut que t'ailles, toi, au cabaret commander le repas.</s>
</p>
</sp>
<sp who="DODINET"><speaker>DODINET.</speaker>
<p id="78">
	<s id="1">Pourquoi que tu n'y vas pas toi-même ?</s>
</p>
</sp>
<sp who="JANOT"><speaker>JANOT.</speaker>
<p id="79">
	<s id="1">Oh ! </s>
	<s id="2">Non, toi, ça vaut mieux, parce que t'es pus connu que moi. </s>
	<s id="3">Et pis avec ton épée, ça en impose.</s>
</p>
</sp>
<sp who="DODINET"><speaker>DODINET.</speaker>
<p id="80">
	<s id="1">Eh ben ! </s>
	<s id="2">Allons : j'y vas.</s>
</p>
</sp>
<sp who="JANOT"><speaker>JANOT.</speaker>
<p id="81">
	<s id="1">Écoute donc, Dodinet, me conseilles-tu d'inviter Monsieur Ragot et sa femme ? </s>
	<s id="2">Ça les f'ra bisquer de me voir heureux. </s>
	<s id="3">Qu'en dis-tu ?</s>
</p>
</sp>
<sp who="DODINET"><speaker>DODINET.</speaker>
<p id="82">
	<s id="1">Oui, c'est ben imaginé : j'en rirons.</s>
</p>
</sp>
<sp who="JANOT"><speaker>JANOT.</speaker>
<p id="83">
	<s id="1">Eh ben ! </s>
	<s id="2">C'est dit, tu les iras cherçher de ma part, et pis Mam'selle Suzon avec son père, et pis la fille de boutique du dégraisseur. </s>
	<s id="3">Quand on est en train, ça ne coûte pas davantage, pas vrai donc ! </s>
	<s id="4">Moi, je vas amener Mam'selle Courtois, et pis quand je les verrai toutes les trois, je saurai pour laquelle je me déterminerai, car avec ces filles ça va et ça vient, on ne sait jamais à quoi s'en tenir.</s>
</p>
</sp>
<sp who="DODINET"><speaker>DODINET.</speaker>
<p id="84">
	<s id="1">Écoute, Janot, j'ai un de mes amis qui est clerc de notaire que je connais, je l'inviterai aussi pour qu'il se trouve au repas et qu'il te dresse le contrat tout prêt : entends-tu ?</s>
</p>
</sp>
<sp who="JANOT"><speaker>JANOT.</speaker>
<p id="85">
	<s id="1">C'est bon. </s>
	<s id="2">Va toujours commander le repas, v'là qu'est dit. </s>
	<s id="3">Le rendez-vous est au cabaret : les premiers venus y attendront les autres.</s>
</p>
<stage type="exit">Dodinet entre au cabaret.</stage>
</sp>
</div2>
<div2 type="scene" n='2'><head>SCÈNE II.</head>
<sp stage="alone" who="JANOT"><speaker>JANOT, seul.</speaker>
<p id="1">
	<s id="1">Ah ! </s>
	<s id="2">V'là pourtant que le bonheur commence à m'en vouloir un p'tit peu. </s>
	<s id="3">Ah ! </s>
	<s id="4">Dame ! </s>
	<s id="5">Aussi, comme on dit, on n'est pas né coiffé pour rien. </s>
	<s id="6">Mais pour en revenir là-dessus, en parlant de mariage, c'est-i' un bonheur que d'être né coiffé ? </s>
	<s id="7">Oh ! </s>
	<s id="8">Pardine, sûrement. </s>
	<s id="9">Une fois que la coiffure est faite, n'y a pus de danger ; mais pendant que je rêve là, moi, m'est avis que c'est M. </s>
	<s id="10">Ragot qui détourne la rue là-bas, avec sa redingote et sa perruque. </s>
	<s id="11">Oui, ma fine, je le reconnais à ses tableaux, qu'i' vient de quéque inventaire. </s>
	<s id="12">Faut que je fasse mon fier, voir un peu si i' me reconnaîtra, moi, sous c't habit-là.</s>
</p>
</sp>
</div2>
<div2 type="scene" n='3'><head>SCÈNE III. Janot, Ragot le heurte en passant.</head>
<sp who="JANOT"><speaker>JANOT.</speaker>
<p id="1">
	<s id="1">Eh ben ! </s>
	<s id="2">Quoi que c'est donc ! </s>
	<s id="3">Vous pouvez pas prendre garde sur qui que vous marchez.</s>
</p>
</sp>
<sp who="RAGOT"><speaker>RAGOT.</speaker>
<p id="2">
	<s id="1">Ah ! </s>
	<s id="2">Monsieur, pardon. </s>
	<s id="3">C'est pas ma faute.</s>
</p>
</sp>
<sp who="JANOT"><speaker>JANOT.</speaker>
<p id="3">
	<s id="1">Si fait, c'est vot' faute. </s>
	<s id="2">Quand on marche dans les rues faut avoir les yeux partout.</s>
</p>
</sp>
<sp who="RAGOT"><speaker>RAGOT.</speaker>
<p id="4">
	<s id="1">Eh ben ! </s>
	<s id="2">Monsieur, je ne l'ai pas fait exprès, là.</s>
</p>
</sp>
<sp stage="aparte" who='JANOT'><speaker>JANOT, aparté.</speaker>
<p id="5">
	<s id="1">C'est bon. </s>
	<s id="2">I' ne me reconnaît pas. </s>
	<s id="3">Ce que c'est que de nous ! </s>
	<s id="4">Comme un habit change le monde !</s>
</p>
<stage type="loud">Haut.</stage>
<p id="6">
	<s id="1">Eh ! </s>
	<s id="2">Dites donc, bonhomme, est-ce que vous seriez peintre ?</s>
</p>
</sp>
<sp who="RAGOT"><speaker>RAGOT.</speaker>
<p id="7">
	<s id="1">Non, Monsieur.</s>
</p>
</sp>
<sp who="JANOT"><speaker>JANOT.</speaker>
<p id="8">
	<s id="1">Ah ! </s>
	<s id="2">Vous êtes barbouilleur en cul-de-sac ?</s>
</p>
</sp>
<sp who="RAGOT"><speaker>RAGOT.</speaker>
<p id="9">
	<s id="1">Non, Monsieur, ni l'un ni l'autre.</s>
</p>
</sp>
<sp who="JANOT"><speaker>JANOT.</speaker>
<p id="10">
	<s id="1">Ni l'un ni l'autre ? </s>
	<s id="2">Et pourquoi donc faire que vous avez ces tableaux ?</s>
</p>
</sp>
<sp who="RAGOT"><speaker>RAGOT.</speaker>
<p id="11">
	<s id="1">Monsieur, c'est que je viens de les acheter.</s>
</p>
</sp>
<sp who="JANOT"><speaker>JANOT.</speaker>
<p id="12">
	<s id="1">Vous vous y connaissez donc ?</s>
</p>
</sp>
<sp who="RAGOT"><speaker>RAGOT.</speaker>
<p id="13">
	<s id="1">Oh ! </s>
	<s id="2">Comme ça, pas trop.</s>
</p>
</sp>
<sp who="JANOT"><speaker>JANOT.</speaker>
<p id="14">
	<s id="1">Eh ! </s>
	<s id="2">Pourquoi donc que vous les achetez si vous ne vous y connaissez pas ?</s>
</p>
</sp>
<sp who="RAGOT"><speaker>RAGOT.</speaker>
<p id="15">
	<s id="1">C'est pour les revendre à d'autres qui s'y connaîtront encore moins que moi.</s>
</p>
</sp>
<sp who="JANOT"><speaker>JANOT.</speaker>
<p id="16">
	<s id="1">En avez-vous ben, des chalands ?</s>
</p>
</sp>
<sp who="RAGOT"><speaker>RAGOT.</speaker>
<p id="17">
	<s id="1">Dieu merci ! </s>
	<s id="2">Je n'en manque pas.</s>
</p>
</sp>
<sp who="JANOT"><speaker>JANOT.</speaker>
<p id="18">
	<s id="1">Comme ça, c'est un bon commerce que le vôtre.</s>
</p>
</sp>
<sp who="RAGOT"><speaker>RAGOT.</speaker>
<p id="19">
	<s id="1">Mais y a des temps que ça n' laisse pas qu' d'aller.</s>
</p>
</sp>
<sp who="JANOT"><speaker>JANOT.</speaker>
<p id="20">
	<s id="1">Oui, suivant les dupes, pas vrai ?</s>
</p>
</sp>
<sp who="RAGOT"><speaker>RAGOT.</speaker>
<p id="21">
	<s id="1">Oh ! </s>
	<s id="2">Monsieur, faut qu'i' y en ait des uns et des autres.</s>
</p>
</sp>
<sp who="JANOT"><speaker>JANOT.</speaker>
<p id="22">
	<s id="1">Eh ben ! </s>
	<s id="2">Voyons. </s>
	<s id="3">Comben me vendrez-vous l'original de c'te copie-là ?</s>
</p>
</sp>
<sp who="RAGOT"><speaker>RAGOT.</speaker>
<p id="23">
	<s id="1">Copie ! </s>
	<s id="2">Oh ! </s>
	<s id="3">Je ne l'ai pas encore payé pour ça. </s>
	<s id="4">Mais à propos de copie, vous m'avez ben l'air vous d'être la copie d'un certain original que j'ai connu, i' n'y pas ben longtemps.</s>
</p>
</sp>
<sp who="JANOT"><speaker>JANOT.</speaker>
<p id="24">
	<s id="1">Oh ! </s>
	<s id="2">De ça, par exempe, vous vous trompez : je suis ben original moi-même, et pus sûr que vot' tableau encore.</s>
</p>
</sp>
<sp who="RAGOT"><speaker>RAGOT.</speaker>
<p id="25">
	<s id="1">Comment se pourrait-i' faire que...</s>
</p>
</sp>
<sp who="JANOT"><speaker>JANOT.</speaker>
<p id="26">
	<s id="1">Faut ben que ça se puisse, pisque ça est, et c'est pas un meuble d'inventaire, non-da, fait pour vot' boutique, au moins.</s>
</p>
</sp>
<sp who="RAGOT"><speaker>RAGOT.</speaker>
<p id="27">
	<s id="1">Ah ventrebleu ! </s>
	<s id="2">Nous y v'là, c't habit-là me trompait, mais je te reconnais à ton paroli.</s>
</p>
</sp>
<sp who="JANOT"><speaker>JANOT.</speaker>
<p id="28">
	<s id="1">Eh ben ! </s>
	<s id="2">Oui, chacun a son parlement. </s>
	<s id="3">Après, de quoi que vous en voulez dire ?</s>
</p>
</sp>
<sp who="RAGOT"><speaker>RAGOT.</speaker>
<p id="29">
	<s id="1">Dire ! </s>
	<s id="2">Mais qu'on voit ben que c'est pas toujours les honnêtes gens qu'avons le pus de bonheur, pisqu'un p'tit gueux comme toi a trouvé des ressources.</s>
</p>
</sp>
<sp who="JANOT"><speaker>JANOT.</speaker>
<p id="30">
	<s id="1">Petit gueux ! </s>
	<s id="2">Ah ! </s>
	<s id="3">Ça, mais, Monsieur Ragot, est-ce que que vous croyez encore être du temps que je vous allais chercher au four votre souper de deux sous, donc ? </s>
	<s id="4">Dame ! </s>
	<s id="5">C'est que c'est ben changé du d'pis, au moins.</s>
</p>
</sp>
<sp who="RAGOT"><speaker>RAGOT.</speaker>
<p id="31">
	<s id="1">Oui, c'est ce qui me paraît. </s>
	<s id="2">Qué que tu fais donc à présent ?</s>
</p>
</sp>
<sp who="JANOT"><speaker>JANOT.</speaker>
<p id="32">
	<s id="1">Oh ! </s>
	<s id="2">Dame ! </s>
	<s id="3">Ce que je fais ? </s>
	<s id="4">Je fais fortune : v'là ce que je fais.</s>
</p>
</sp>
<sp who="RAGOT"><speaker>RAGOT.</speaker>
<p id="33">
	<s id="1">Diable ! </s>
	<s id="2">C'est un bon métier ça.</s>
</p>
</sp>
<sp who="JANOT"><speaker>JANOT.</speaker>
<p id="34">
	<s id="1">Pas vrai ! </s>
	<s id="2">Eh ben ! </s>
	<s id="3">Sans rancune. </s>
	<s id="4">Je me marie aujoud'hui, ou ben à peu près toujours. </s>
	<s id="5">Si je n'allons pas jusqu'a définition finale, j'irons ben jusqu'aux accordailles. </s>
	<s id="6">Je faisons un festin pour ça, et je viens vous inviter du gueulton, si le coeur vous en dit, pour en être le témoin.</s>
</p>
</sp>
<sp who="RAGOT"><speaker>RAGOT.</speaker>
<p id="35">
	<s id="1">Ben volonquiers, mon enfant : j'ai toujours eu de l'amitié pour toi. </s>
	<s id="2">Je suis charmé de ton bonheur. </s>
	<s id="3">Où que ça s' fera.</s>
</p>
</sp>
<sp who="JANOT"><speaker>JANOT.</speaker>
<p id="36">
	<s id="1">Pardine ! </s>
	<s id="2">Ici près. </s>
	<s id="3">Tenez, là, au cabaret du coin, où ce que tout est déjà commandé. </s>
	<s id="4">Allez-vous-y-en ; tout de suite: vous boirez un verre de vin en attendant la compagnie, que j'avons fait mettre au frais, à quinze sous, là, aux barreaux verts.</s>
</p>
</sp>
<sp who="RAGOT"><speaker>RAGOT.</speaker>
<p id="37">
	<s id="1">C'est bon, mon ami, je m'y en vas : mais dis donc, ne va pas me laisser longtemps là en affront, au moins, car i' n'y a rien qui ennuie et qui soûle plus vite que de boire tout seul.</s>
</p>
</sp>
<sp who="JANOT"><speaker>JANOT.</speaker>
<p id="38">
	<s id="1">Oh ! </s>
	<s id="2">Vous aurez bientôt compagnie, et pis Dodinet, donc ! </s>
	<s id="3">Que vous allez trouver là... </s>
	<s id="4">Et pis, que ne faites-vous une chose ? </s>
	<s id="5">Allez chercher Mme Ragot : faut ben qu'elle s'en ressente aussi. </s>
	<s id="6">Pardine ! </s>
	<s id="7">Dans une fête, comme on dit, pus y a de monde et pus y a de personnes.</s>
</p>
</sp>
<sp who="RAGOT"><speaker>RAGOT.</speaker>
<p id="39">
	<s id="1">C'est ben dit, Monsieur Janot. </s>
	<s id="2">J'allons chercher not' ménagère, et je ne tarderons pas à vous faire honneur. </s>
	<s id="3">Justement all' m'attendait pour déjeuner, ça l'i viendra comme mars en carême.</s>
</p>
</sp>
<sp who="JANOT"><speaker>JANOT.</speaker>
<p id="40">
	<s id="1">Écoute, faut l'i faire une frime : ne l'y parlez pas de moi. </s>
	<s id="2">Faut dire que c'est un monsieur qui la demande pour voir comme all' prendra la chose.</s>
</p>
</sp>
<sp who="RAGOT"><speaker>RAGOT.</speaker>
<p id="41">
	<s id="1">Oh ! </s>
	<s id="2">Elle a bon coeur : elle prendra tout bien.</s>
</p>
</sp>
<sp who="JANOT"><speaker>JANOT.</speaker>
<p id="42">
	<s id="1">Tant mieux ! </s>
	<s id="2">All' ne m'en veut pus, donc ?</s>
</p>
</sp>
<sp who="RAGOT"><speaker>RAGOT.</speaker>
<p id="43">
	<s id="1">Ah ! </s>
	<s id="2">Pardi ! </s>
	<s id="3">Oui. </s>
	<s id="4">Vous ne serez pas sitôt à table ensemble qu'alle ne songera pus qu'à boire et à manger.</s>
</p>
</sp>
<sp who="JANOT"><speaker>JANOT.</speaker>
<p id="44">
	<s id="1">Ah ! </s>
	<s id="2">Je le crais. </s>
	<s id="3">Y a des familles comme ça. </s>
	<s id="4">La not' était ben tranquille aussi, sinon que queuque fois mon père et ma mère vouliont s'étrangler, et pis mon frère et mes soeurs s'arrachaient les yeux ; moi, quand je voyais ça, j'allais chercher la soupe. </s>
	<s id="5">Les v'là tout d'un coup qui tombaient sur l'écuelle, d'un silence que vous auriez entendu grouiller une souris, avec leurs cuillers, qui n'en perdaient pas une goutte.</s>
</p>
</sp>
<sp who="RAGOT"><speaker>RAGOT.</speaker>
<p id="45">
	<s id="1">Ah ! </s>
	<s id="2">Ben, va, ma femme est ben comme ça, avant qu'all' boude contre son ventre... </s>
	<s id="3">Et pis d'ailleurs avec les honnêtes gens, la rancune est bientôt passée. </s>
	<s id="4">Sans adieu, Monsieur Janot, avant peu, j'allons boire à vot' sante. </s>
</p>
<stage type="exit">Il sort.</stage>
</sp>
<sp who="JANOT"><speaker>JANOT.</speaker>
<p id="46">
	<s id="1">De tout mon coeur, et grand bien vous fasse et à moi aussi.</s>
</p>
</sp>
</div2>
<div2 type="scene" n='4'><head>SCÈNE IV.</head>
<sp who="JANOT"><speaker>JANOT.</speaker>
<p id="1">
	<s id="1">Bon ! </s>
	<s id="2">I' fait semblant, à cause du vin qu'i' va boire, de faire semblant de rien, mais, dans le fond, i' fume, je le vois ben, moi. </s>
	<s id="3">Tant mieux ! </s>
	<s id="4">Ça fait toujours plaisir de faire envie aux autres. </s>
	<s id="5">Mordine ! </s>
	<s id="6">Quand ça ne serait pas vrai que ça serait véritable d'avoir trouvé ce que j'ai trouvé, j'en ferais toujours le semblant par exprès pour leur faire la nargue. </s>
	<s id="7">Il m'a paru qu'il en avait le nez pus long, M. </s>
	<s id="8">Ragot, qu'à l'ordinaire, d'un pied. </s>
	<s id="9">Pendant que je suis en train, faut encore que j'en fasse une, pour voir un peu comment que ça fera. </s>
	<s id="10">Me v'là devant la boutique du père de Mam'selle Suzon, faut que je l'invite aussi à ce repas, afin d'y donner un crève-coeur. </s>
	<s id="11">C'est ben pensé : je suis sûr que ça va le faire enrager. </s>
	<s id="12">Voyons ça. </s>
	<s id="13">Approchons.</s>
</p>
</sp>
</div2>
<div2 type="scene" n='5'><head>SCÈNE V. Janot, Simon.</head>
<sp who="JANOT"><speaker>JANOT.</speaker>
<p id="1">
	<s id="1">Ah ! </s>
	<s id="2">Le v'là qui travaille. </s>
	<s id="3">Faut que je le rebute un peu. </s>
	<s id="4">Parlez donc, l'homme, est-ce pas ici qu'il demeure un savetier... </s>
	<s id="5">Un malheureux ?</s>
</p>
</sp>
<sp who="SIMON"><speaker>SIMON.</speaker>
<p id="2">
	<s id="1">Monsieur...</s>
</p>
</sp>
<sp who="JANOT"><speaker>JANOT.</speaker>
<p id="3">
	<s id="1">Un ivrogne... </s>
	<s id="2">Un drôle ?</s>
</p>
</sp>
<sp who="SIMON"><speaker>SIMON.</speaker>
<p id="4">
	<s id="1">Monsieur...</s>
</p>
</sp>
<sp who="JANOT"><speaker>JANOT.</speaker>
<p id="5">
	<s id="1">Hein ? </s>
	<s id="2">Qué que tu dis ?</s>
</p>
</sp>
<sp who="SIMON"><speaker>SIMON.</speaker>
<p id="6">
	<s id="1">Rien, Monsieur. </s>
	<s id="2">Je demande ce que Monsieur demande.</s>
</p>
</sp>
<sp who="JANOT"><speaker>JANOT.</speaker>
<p id="7">
	<s id="1">Oh ben ! </s>
	<s id="2">La demande que Monsieur demande, c'est pour te demander si tu n'es pas savetier.</s>
</p>
</sp>
<sp who="SIMON"><speaker>SIMON.</speaker>
<p id="8">
	<s id="1">Eh ! </s>
	<s id="2">Pardine, vous le voyez ben.</s>
</p>
</sp>
<sp who="JANOT"><speaker>JANOT.</speaker>
<p id="9">
	<s id="1">Comment ! </s>
	<s id="2">Je le vois ben. </s>
	<s id="3">Est-ce que je suis fait pour me connaître à un métier aussi bas, aussi vilain, aussi dégoûtant, aussi malpropre...</s>
</p>
</sp>
<sp stage="repeat" who='SIMON'><speaker>SIMON, à chaque sottise.</speaker>
<p id="10">
	<s id="1">Monsieur ! </s>
	<s id="2">Monsieur ! </s>
	<s id="3">Monsieur !...</s>
</p>
</sp>
<sp who="JANOT"><speaker>JANOT.</speaker>
<p id="11">
	<s id="1">Allons, allons, pas de réplique. </s>
	<s id="2">T'es savetier, v'là qu'est fini. </s>
	<s id="3">Je viens te commander de l'ouvrage pour te faire gagner ta vie, parce qu'il faut que tout le monde vive.</s>
</p>
</sp>
<sp who="SIMON"><speaker>SIMON.</speaker>
<p id="12">
	<s id="1">Ah ! </s>
	<s id="2">Monsieur, je vous remercie de tout mon coeur. </s>
	<s id="3">De queu part que c'est-i', s'il vous plaît ?</s>
</p>
</sp>
<sp who="JANOT"><speaker>JANOT.</speaker>
<p id="13">
	<s id="1">C'est de la part d'une comtesse, tel que tu me vois.</s>
</p>
</sp>
<sp who="SIMON"><speaker>SIMON.</speaker>
<p id="14">
	<s id="1">D'une comtesse ! </s>
	<s id="2">Ça n'est pas vous par hasard ?</s>
</p>
</sp>
<sp who="JANOT"><speaker>JANOT.</speaker>
<p id="15">
	<s id="1">Moi, la comtesse !</s>
</p>
</sp>
<sp who="SIMON"><speaker>SIMON.</speaker>
<p id="16">
	<s id="1">Non, pour qui i' faut travailler ?</s>
</p>
</sp>
<sp who="JANOT"><speaker>JANOT.</speaker>
<p id="17">
	<s id="1">Non, non : c'est une remonture qu'il faut faire à son postillon, pour ses bottes, qu'all' attend après.</s>
</p>
</sp>
<sp who="SIMON"><speaker>SIMON.</speaker>
<p id="18">
	<s id="1">Eh ben ! </s>
	<s id="2">Les avez-vous là ?</s>
</p>
</sp>
<sp who="JANOT"><speaker>JANOT.</speaker>
<p id="19">
	<s id="1">Non : je ne les ai pas dessus moi ; mais c'est tout d' même, vous n'avez qu'à les venir prendre ou ben emporter votre boutique pour les raccommoder à l'hôtel.</s>
</p>
</sp>
<sp who="SIMON"><speaker>SIMON.</speaker>
<p id="20">
	<s id="1">Comment ! </s>
	<s id="2">Que j'emporte ma boutique ? </s>
	<s id="3">Mais, Monsieur, pardon, excuse ; sus vot' respect, révérence parler, le nom n'est pas une offense ; mais ne seriez-vous pas un petit coquin que j'ai teu l'honneur de rosser y a quéque temps pour des vitres qu'l' m'avait cassées ?</s>
</p>
</sp>
<sp who="JANOT"><speaker>JANOT.</speaker>
<p id="21">
	<s id="1">Ah ! </s>
	<s id="2">Au sujet de quéque chose qu'on lui avait jeté, pas vrai ?</s>
</p>
</sp>
<sp who="SIMON"><speaker>SIMON.</speaker>
<p id="22">
	<s id="1">Tout juste.</s>
</p>
</sp>
<sp who="JANOT"><speaker>JANOT.</speaker>
<p id="23">
	<s id="1">Comment ! </s>
	<s id="2">Est-ce que vous avez encore ça sus l' coeur, vous ?</s>
</p>
</sp>
<sp who="SIMON"><speaker>SIMON.</speaker>
<p id="24">
	<s id="1">Moi, non. </s>
	<s id="2">Je n'y pense pus, sinon que ça m'en rappelle ; mais, au bout de tout, c'est donc vous-même ?</s>
</p>
</sp>
<sp who="JANOT"><speaker>JANOT.</speaker>
<p id="25">
	<s id="1">Oui-da, c'est moi : mais je sis ben nettoyé du d'pis c' temps-là, va.</s>
</p>
</sp>
<sp who="SIMON"><speaker>SIMON.</speaker>
<p id="26">
	<s id="1">Eh ! </s>
	<s id="2">Jarni ! </s>
	<s id="3">Il y paraît, vous v'là prope comme un sou. </s>
	<s id="4">Qu'est-ce qui vous arrange donc si ben à présent ?</s>
</p>
</sp>
<sp who="JANOT"><speaker>JANOT.</speaker>
<p id="27">
	<s id="1">Oh ! </s>
	<s id="2">C'est chez une comtesse. </s>
	<s id="3">Comme je t'ai dit, y a là un homme qu'a soin de moi, que j'ai sa protection.</s>
</p>
</sp>
<sp who="SIMON"><speaker>SIMON.</speaker>
<p id="28">
	<s id="1">Qu'est-ce que c'est que c't homme-là ?</s>
</p>
</sp>
<sp who="JANOT"><speaker>JANOT.</speaker>
<p id="29">
	<s id="1">Oh ! </s>
	<s id="2">Un homme d'importance : c'est lui qui mène toute la maison.</s>
</p>
</sp>
<sp who="SIMON"><speaker>SIMON.</speaker>
<p id="30">
	<s id="1">L'intendant ?</s>
</p>
</sp>
<sp who="JANOT"><speaker>JANOT.</speaker>
<p id="31">
	<s id="1">Non, c'est le cocher.</s>
</p>
</sp>
<sp who="SIMON"><speaker>SIMON.</speaker>
<p id="32">
	<s id="1">La peste ! </s>
	<s id="2">I' faut ben le ménager.</s>
</p>
</sp>
<sp who="JANOT"><speaker>JANOT.</speaker>
<p id="33">
	<s id="1">Bon ! </s>
	<s id="2">Je me passerai ben de lui à présent : c'est moi qui vas protéger les autres de ce coup-ci.</s>
</p>
</sp>
<sp who="SIMON"><speaker>SIMON.</speaker>
<p id="34">
	<s id="1">Comment donc ça ?</s>
</p>
</sp>
<sp who="JANOT"><speaker>JANOT.</speaker>
<p id="35">
	<s id="1">Oh ! </s>
	<s id="2">Dame, c'est une histoire qu'est un peu longue.</s>
</p>
</sp>
<sp who="SIMON"><speaker>SIMON.</speaker>
<p id="36">
	<s id="1">Eh ben ! </s>
	<s id="2">Écoutez : v'là que j'allons à l'hôtel chercher les bottes, vous me conterez ça en chemin.</s>
</p>
</sp>
<sp who="JANOT"><speaker>JANOT.</speaker>
<p id="37">
	<s id="1">Ah ! </s>
	<s id="2">Le nigaud ! </s>
	<s id="3">Qui a donné là dedans.</s>
</p>
</sp>
<sp who="SIMON"><speaker>SIMON.</speaker>
<p id="38">
	<s id="1">Dans de quoi donc ?</s>
</p>
</sp>
<sp who="JANOT"><speaker>JANOT.</speaker>
<p id="39">
	<s id="1">Pardine ! </s>
	<s id="2">Dans le godan de c't' hôtel de la comtesse que je te conte.</s>
</p>
</sp>
<sp who="SIMON"><speaker>SIMON.</speaker>
<p id="40">
	<s id="1">Comment ! </s>
	<s id="2">Est-ce que ça n'est pas vrai ?</s>
</p>
</sp>
<sp who="JANOT"><speaker>JANOT.</speaker>
<p id="41">
	<s id="1">Pas du tout : tu t'es laissé là attraper à propos de botte.</s>
</p>
</sp>
<sp who="SIMON"><speaker>SIMON.</speaker>
<p id="42">
	<s id="1">Que le diable vous emporte donc de venir me faire perdre mon temps. </s>
	<s id="2">J'avons aut' chose à faire qu'à rire, moi.</s>
</p>
</sp>
<sp who="JANOT"><speaker>JANOT.</speaker>
<p id="43">
	<s id="1">Eh ! </s>
	<s id="2">Là, là, ne te fâche pas. </s>
	<s id="3">Tu n'es pas au milieu : c'est la fin qui raccommodera tout ça.</s>
</p>
</sp>
<sp who="SIMON"><speaker>SIMON.</speaker>
<p id="44">
	<s id="1">Eh ben ! </s>
	<s id="2">Quoi que gn'y a donc encore ?</s>
</p>
</sp>
<sp who="JANOT"><speaker>JANOT.</speaker>
<p id="45">
	<s id="1">Y a que je viens te prier de prier Mam'selle Suzon, ta fille, et toi, de venir assister en propres personnes au repas du festin de mes accordailles, dans un cabaret, avec une jolie demoiselle, que je donne là au coin de la rue.</s>
</p>
</sp>
<sp who="SIMON"><speaker>SIMON.</speaker>
<p id="46">
	<s id="1">Ah ! </s>
	<s id="2">vraiment, Monsieur Janot, si ce n'est que ça, je ne manquerons pas de répondre à l'honneur que vous nous faites, en nous y trouvant le verre à la main, comme quoi que je vas faire ma toilette tout de suite.</s>
</p>
</sp>
<sp who="JANOT"><speaker>JANOT.</speaker>
<p id="47">
	<s id="1">Oui, et Mam'selle ta fille aussi.</s>
</p>
</sp>
<sp who="SIMON"><speaker>SIMON.</speaker>
<p id="48">
	<s id="1">Oh ! </s>
	<s id="2">Elle aura bentôt fait de se faire brave : c'est tout juste aujourd'hui un lendemain de fête, all' n'est pas encore ben decoiffér d'hier, c'est zune avance.</s>
</p>
</sp>
<sp who="JANOT"><speaker>JANOT.</speaker>
<p id="49">
	<s id="1">Bon, bon, sans cérémonie : qu'all' vienne dîner comme elle est, ça sera toujours autant de pris.</s>
</p>
</sp>
<sp who="SIMON"><speaker>SIMON.</speaker>
<p id="50">
	<s id="1">Mais, Monsieur Janot, je n'ai qu'une peur à l'heure qu'il est.</s>
</p>
</sp>
<sp who="JANOT"><speaker>JANOT.</speaker>
<p id="51">
	<s id="1">De quoi donc ?</s>
</p>
</sp>
<sp who="SIMON"><speaker>SIMON.</speaker>
<p id="52">
	<s id="1">C'est c'te p'tite fille, qui maugré vent et marée a toujours zeu une poignée d'inclination pour vous, quand ça va vous voir en épouster zune autre, ça va l'y retourner tout son lait.</s>
</p>
</sp>
<sp who="JANOT"><speaker>JANOT.</speaker>
<p id="53">
	<s id="1">Écoutez, Monsieur Simon, consolez-la, c't' enfant, je ne vous dis rien, mais je n'ai pas encore dit mon dernier mot. </s>
	<s id="2">On ne sait pas comment que la chance tournera : qu'all' vienne toujours ; p't-êt' que quand je la verrai là, qu'est-ce qui sait ? </s>
	<s id="3">La future n'est pas encore si future, que... </s>
	<s id="4">Enfin vous m'entendez ben.</s>
</p>
</sp>
<sp who="SIMON"><speaker>SIMON.</speaker>
<p id="54">
	<s id="1">Oui, oui ; diab' ! </s>
	<s id="2">Il n'y a rien de pus clair : je vous entends.</s>
</p>
</sp>
<sp who="JANOT"><speaker>JANOT.</speaker>
<p id="55">
	<s id="1">Si vous n'étiez pas un bavard, je vous dirais ben queuque chose de pus clair encore, mais c'est que...</s>
</p>
</sp>
<sp who="SIMON"><speaker>SIMON.</speaker>
<p id="56">
	<s id="1">Moi, bavard ! </s>
	<s id="2">Ah ! </s>
	<s id="3">Pardi ! </s>
	<s id="4">Oui, je ne dis jamais que ce que je sais, et pis quéquefois ce que je ne sais pas, mais du reste on ne me ferait pas deserrer les dents.</s>
</p>
</sp>
<sp who="JANOT"><speaker>JANOT.</speaker>
<p id="57">
	<s id="1">Eh ! </s>
	<s id="2">V'là comme faut être. </s>
	<s id="3">Écoutez, j'ai trouvé un trésor.</s>
</p>
</sp>
<sp who="SIMON"><speaker>SIMON.</speaker>
<p id="58">
	<s id="1">Miséricorde ! </s>
	<s id="2">Un trésor !</s>
</p>
</sp>
<sp who="JANOT"><speaker>JANOT.</speaker>
<p id="59">
	<s id="1">Oui, mon ami, un trésor, fin encore, et je me marie tout de suite avec tant qu'il durera. </s>
	<s id="2">Et... </s>
	<s id="3">Allez-moi bien vite chercher Mam'selle Suzon, et amenez-la au cabaret, où ce que je dirai le reste... </s>
	<s id="4">Et moi, je vas chercher le trésor.</s>
</p>
</sp>
<sp who="SIMON"><speaker>SIMON.</speaker>
<p id="60">
	<s id="1">J'y cours, mon cher ami. </s>
	<s id="2">Un trésor ! </s>
	<s id="3">Embrassons-nous, mon cher Janot. </s>
	<s id="4">Un trésor ! </s>
	<s id="5">Fin, ah! </s>
	<s id="6">Queu bonheur ! </s>
	<s id="7">Embrassons-nous encore : je vous en fais mon compliment... </s>
	<s id="8">Encore... </s>
	<s id="9">Ah ! </s>
	<s id="10">Comme Suzon va être contente, c'te pauvre enfant ! </s>
	<s id="11">Un trésor ! </s>
	<s id="12">Ça va la faire pâmer, M. </s>
	<s id="13">Janot, ça va la faire pâmer. </s>
	<s id="14">Holà ! </s>
	<s id="15">Suzon, holà !</s>
</p>
<stage type="exit">Il rentre.</stage>
</sp>
</div2>
<div2 type="scene" n='6'><head>SCÈNE VI.</head>
<sp who='JANOT'><speaker>JANOT.</speaker>
<p id="1">
	<s id="1">Quiens ! </s>
	<s id="2">Pâmer ! </s>
	<s id="3">Sembe-t-i' pas qu'ils le tiennent déjà. </s>
	<s id="4">Ventreguenne ! </s>
	<s id="5">Comme ça vous affriande ! </s>
	<s id="6">Diable ! </s>
	<s id="7">C'est dangereux d'être si riche. </s>
	<s id="8">V'là déjà qu'i' m'a presque étranglé, lui, à force de caresses. </s>
	<s id="9">Eh ben ! </s>
	<s id="10">Dodinet... </s>
	<s id="11">Qu'est-ce que t'as fait ?</s>
</p>
</sp>
</div2>
<div2 type="scene" n='7'><head>SCÈNE VII. Dodinet, Janot.</head>
<sp who="DODINET"><speaker>DODINET.</speaker>
<p id="1">
	<s id="1">Mon ami, tout est en bon train : les viandes sont à la broche, le couvert est mis, le vin est sur la table, et je viens de chercher le clerc de notaire, qui est déjà au cabaret à griffonier et à boire en nous attendant.</s>
</p>
</sp>
<sp who="JANOT"><speaker>JANOT.</speaker>
<p id="2">
	<s id="1">C'est bon. </s>
	<s id="2">Moi, j'ai ben avancé la besogne aussi, va : j'ai déjà invité Monsieur et Madame Ragot, avec Mam'selle Suzon, et son ch' père, dans sa boutique, que je leux ai fait tourner la tête à tous.</s>
</p>
</sp>
<sp who="DODINET"><speaker>DODINET.</speaker>
<p id="3">
	<s id="1">Comme ça, je n'ai donc pus à prier, moi, que la fille de boutique du dégraisseur ? </s>
	<s id="2">Comment que tu dis qu'elle s'appelle ?</s>
</p>
</sp>
<sp who="JANOT"><speaker>JANOT.</speaker>
<p id="4">
	<s id="1">Mam'selle Perrette, une petite blonde, où ce que tu lui verras des yeux dans la tête, avec un petit nez, qu'all' rit toujours, où ce que tu la reconnaîtras ben, va.</s>
</p>
</sp>
<sp who="DODINET"><speaker>DODINET.</speaker>
<p id="5">
	<s id="1">C'est bon, c'est bon : je trouverai ben, ne t'inquiète pas.</s>
</p>
</sp>
<sp who="JANOT"><speaker>JANOT.</speaker>
<p id="6">
	<s id="1">Tu l'amèneras avec toi, et pendant c' temps-là, je vas chercher Mam'selle Courtois et mon lingot, et pis rendre l'habit à la comtesse, et pis je reviendrai vous trouver tout de suite. </s>
	<s id="2">Vous n'avez toujours qu'à boire et manger, tout le monde ?</s>
</p>
</sp>
<sp who="DODINET"><speaker>DODINET.</speaker>
<p id="7">
	<s id="1">Oui, oui.</s>
</p>
<stage type="exit/location">Ils s'en vont, l'un d'un côte, l'autre de l'autre.</stage>
</sp>
</div2>
<div2 type="scene" n='8'><head>SCÈNE VIII. Ragot, Madame Ragot, Simon, Suzon.</head>
<sp who="MADAME RAGOT"><speaker>MADAME RAGOT.</speaker>
<p id="1">
	<s id="1">Qu'est-ce que tu me ragotes là, toi, depis une heure, avec ton dîner au cabaret, pour une noce ? </s>
	<s id="2">Et de qui est c'te noce? </s>
	<s id="3">Voyons, de not' chat ?</s>
</p>
</sp>
<sp who="RAGOT"><speaker>RAGOT.</speaker>
<p id="2">
	<s id="1">Eh ! </s>
	<s id="2">Non, ma femme : je vous dis, c'est d'un quéq'zun que...</s>
</p>
</sp>
<sp who="MADAME RAGOT"><speaker>MADAME RAGOT.</speaker>
<p id="3">
	<s id="1">Eh ben ! </s>
	<s id="2">Après ? </s>
	<s id="3">Est-ce qu'il n'a pas de nom ce quéq'zun que...</s>
</p>
</sp>
<sp who="RAGOT"><speaker>RAGOT.</speaker>
<p id="4">
	<s id="1">Si fait, si fait, Mme Ragot, mais c'est que i' m'a dit qu'i'...</s>
</p>
</sp>
<sp who="MADAME RAGOT"><speaker>MADAME RAGOT.</speaker>
<p id="5">
	<s id="1">La peste t'étrangle avec tes cachotteries ; un quéq'zun que... </s>
	<s id="2">Qui m'a dit qu'i'... </s>
	<s id="3">Qui m'a dit quoi?... </s>
	<s id="4">Eh ! </s>
	<s id="5">Qué que tu lui as répondu, toi?</s>
</p>
</sp>
<sp who="RAGOT"><speaker>RAGOT.</speaker>
<p id="6">
	<s id="1">J'y ai répondu que vous y viendriez, comme de raison.</s>
</p>
</sp>
<sp who="MADAME RAGOT"><speaker>MADAME RAGOT.</speaker>
<p id="7">
	<s id="1">Eh ben ! </s>
	<s id="2">par où que c'est qu'i' faut donc passer ? </s>
	<s id="3">Ce cabaret, c'est-i' encore un mystère ?</s>
</p>
</sp>
</div2>
<div2 type="scene" n='9'><head>SCÈNE IX. Ragot, Madame Ragot.</head> 
<stage type="entrance">Simon et Suzon sortent de chez eux.</stage>
<sp who="SIMON"><speaker>SIMON.</speaker>
<p id="1">
	<s id="1">Allons, ma fille, redresse-toi : te v'là pas mal comme ça. </s>
	<s id="2">Quiens, prends-moi par le bras ! </s>
	<s id="3">ça te donnera du maintien. </s>
	<s id="4">Ah ! </s>
	<s id="5">C'est Monsieur et Madame Ragot. </s>
	<s id="6">Pardon, mon voisin, si je nous rencontrons à vous barrer une porte. </s>
	<s id="7">Vous alliez pour entrer, je crois ?</s>
</p>
</sp>
<sp who="RAGOT"><speaker>RAGOT.</speaker>
<p id="2">
	<s id="1">Et vous-même, M. </s>
	<s id="2">Simon, vous alliez faire un petit écot, pas vrai ?</s>
</p>
</sp>
<sp who="SIMON"><speaker>SIMON.</speaker>
<p id="3">
	<s id="1">Je sommes de noce.</s>
</p>
</sp>
<sp who="RAGOT"><speaker>RAGOT.</speaker>
<p id="4">
	<s id="1">Ah ! </s>
	<s id="2">Queue rencontre ! </s>
	<s id="3">Je venons aussi pour une noce d'accordailles. </s>
	<s id="4">Passez donc.</s>
</p>
</sp>
<sp who="SIMON"><speaker>SIMON.</speaker>
<p id="5">
	<s id="1">Après vous, Monsieur Ragot.</s>
</p>
</sp>
<sp who="RAGOT"><speaker>RAGOT.</speaker>
<p id="6">
	<s id="1">Allez-vous faire des compliments ?</s>
</p>
</sp>
<sp who="SIMON"><speaker>SIMON.</speaker>
<p id="7">
	<s id="1">Je ne passerons pas avant Mme Ragot.</s>
</p>
<stage type="exit">Ils font entrer les femmes.</stage>
</sp>
<sp stage="toward/exit" who='RAGOT'><speaker>RAGOT, à Simon, en entrant.</speaker>
<p id='8'>
	<s id='1'>Mon voisin, vous permettez ?</s>
</p>
</sp>
<sp who="SIMON"><speaker>SIMON.</speaker>
<p id="9">
	<s id="1">Comment donc ! </s>
	<s id="2">Trop d'honneur.</s>
</p>
</sp>
</div2>
<div2 type="scene" n='10'><head>SCÈNE X. Dodinet, revenant avec Perrette.</head>
<sp who="PERRETTE"><speaker>PERRETTE.</speaker>
<p id="1">
	<s id="1">Comment ! </s>
	<s id="2">C'est de la part de ce Monsieur qui m'avait tant promis de choses, au sujet de mes mailles, quand j'en aurais.</s>
</p>
</sp>
<sp who="DODINET"><speaker>DODINET.</speaker>
<p id="2">
	<s id="1">Oui : vous voyez qu'il est de parole. </s>
	<s id="2">En avez-vous à reprendre à c't' heure ci ?</s>
</p>
</sp>
<sp who="PERRETTE"><speaker>PERRETTE.</speaker>
<p id="3">
	<s id="1">Non, pas encore : je ne crois pas, du moins.</s>
</p>
</sp>
<sp who="DODINET"><speaker>DODINET.</speaker>
<p id="4">
	<s id="1">Ah ! </s>
	<s id="2">Vous conservez ben vos affaires. </s>
	<s id="3">Depis le temps, y en a d'aucunes qui auraient été déjà ravaudées pus de quatre fois.</s>
</p>
</sp>
<sp who="PERRETTE"><speaker>PERRETTE.</speaker>
<p id="5">
	<s id="1">Eh ! </s>
	<s id="2">C'est-i' ben loin que nous allons ?</s>
</p>
</sp>
<sp who="DODINET"><speaker>DODINET.</speaker>
<p id="6">
	<s id="1">Non : je nous y v'là devant la porte... </s>
	<s id="2">Et avez-vous songé à lui depuis que vous ne l'avez pas revu ?</s>
</p>
</sp>
<sp who="PERRETTE"><speaker>PERRETTE.</speaker>
<p id="7">
	<s id="1">Ma fine, j'avons été assez grondée par rapport à lui, pour m'en souvenir, qu'il m'a pensé faire mettre à la porte.</s>
</p>
</sp>
<sp who="DODINET"><speaker>DODINET.</speaker>
<p id="8">
	<s id="1">Mais ne vous avait-i' pas promis quéque chose dans c' temps-là ?</s>
</p>
</sp>
<sp who="PERRETTE"><speaker>PERRETTE.</speaker>
<p id="9">
	<s id="1">Bon ! </s>
	<s id="2">les promesses que les garçons font aux filles, i' n'y a pas de fiate à y prendre : aussi, ça nous entre par une oreille et ça nous sort par l'autre.</s>
</p>
</sp>
<sp who="DODINET"><speaker>DODINET.</speaker>
<p id="10">
	<s id="1">Ah ! </s>
	<s id="2">Mais, Mademoiselle, y a garçon et garçon. </s>
	<s id="3">Si vous vouliez, par exemple, je vous en ferais voir un, moi, que quand i' tient ce qu'i' promet, c'est qui ne manque jamais de parole, da.</s>
</p>
</sp>
<sp who="PERRETTE"><speaker>PERRETTE.</speaker>
<p id="11">
	<s id="1">Ah ! </s>
	<s id="2">Monsieur, ils sont rares ceux-là.</s>
</p>
</sp>
<sp who="DODINET"><speaker>DODINET.</speaker>
<p id="12">
	<s id="1">Ah ! </s>
	<s id="2">Mademoiselle, pas si rares que votre mérite n'en fasse ben retrouver quéque échantillon, et quand vous voudrez... </s>
	<s id="3">Mais entrons toujours, on nous attend, et tout en devisant, je vous ferai voir que gn'y en a tencore.</s>
</p>
</sp>
<sp who="PERRETTE"><speaker>PERRETTE.</speaker>
<p id="13">
	<s id="1">Monsieur, ça n'est pas de refus : quand i' s'en rencontre, ça' fait toujours plaisir. </s>
	<s id="2">C'est-i' là ?</s>
</p>
</sp>
<sp who="DODINET"><speaker>DODINET.</speaker>
<p id="14">
	<s id="1">Oui, Mademoiselle, au fond de la cour, n° 9 : À Belle-Vue.</s>
</p>
</sp>
<sp who="PERRETTE"><speaker>PERRETTE.</speaker>
<p id="15">
	<s id="1">Comment donc ! </s>
	<s id="2">Mais c'est bon signe, Monsieur ; v'là une annonce qu'est heureuse.</s>
</p>
</sp>
<sp who="DODINET"><speaker>DODINET.</speaker>
<p id="16">
	<s id="1">Allez toujours ; allez, Mademoiselle, le reste s'ensuivra.</s>
</p>
<stage type="exit">Ils entrent.</stage>
</sp>
</div2>
<div2 type="scene" n='11'><head>SCÈNE XI.</head>
<sp stage="back/costume" who='JANOT'><speaker>JANOT, revient avec sa veste dessous.</speaker>
<p id="1">
	<s id="1">Me v'là ben prope, moi ! </s>
	<s id="2">La comtesse qui s'est mise en colère contre moi. </s>
	<s id="3">Elle m'a repris sa veste et m'a dit des sottises par-dessus. </s>
	<s id="4">Heureusement que j'avais encore ce manteau de c't abbé, mais ce n'est rien que ça. </s>
	<s id="5">C'te Mam'selle Courtois qui a fait la difficile, tenez ! </s>
	<s id="6">Quand j'y ai parlé en manière, là... </s>
	<s id="7">Comme pour l'i faire une déclaration d'amour. </s>
	<s id="8">Retire-toi de là, petit vilain. </s>
	<s id="9">Diabe ! </s>
	<s id="10">Elle est ben dégoûtée. </s>
	<s id="11">Comme c'est trompeur dans les paroles que ça dit pourtant, ces filles ! </s>
	<s id="12">Je croyais du d'abord, moi, qu'i' gn'y avait qu'à me baisser. </s>
	<s id="13">Eh ben ! </s>
	<s id="14">À présent c'est tout le contraire. </s>
	<s id="15">Mais c'est égal : je m'en moque aussi à mon tour. </s>
	<s id="16">J'ai toujours là mon lingot que j'ai repris en m'en allant. </s>
	<s id="17">Avec ça, je ne serai pas embarrassé d'en trouver d'autres... </s>
	<s id="18">Jarni ! </s>
	<s id="19">C'est une belle invention que c't or ! </s>
	<s id="20">Ça vous console tout de suite dans vos chagrins. </s>
	<s id="21">Y a des amis qui vous font des discours d'une aune, qui n'avancent à rien, et celui-là, sans vous rien dire, rien que de le regarder, ça vous tranquillise en un clin d'oeil : c'est bien différent.</s>
</p>
</sp>
</div2>
<div2 type="scene" n='12'><head>SCÈNE XII. Dodinet, Janot.</head>
<sp who="DODINET"><speaker>DODINET.</speaker>
<p id="1">
	<s id="1">Ah ! </s>
	<s id="2">Te v'là, Janot ! </s>
	<s id="3">Eh ben ! </s>
	<s id="4">On t'attend là dedans. </s>
	<s id="5">Tout le monde est à table ! </s>
	<s id="6">Et ta demoiselle, qué que t'en as donc fait ?</s>
</p>
</sp>
<sp who="JANOT"><speaker>JANOT.</speaker>
<p id="2">
	<s id="1">Ma foi, rien du tout. </s>
	<s id="2">C'est elle qui a fait... </s>
	<s id="3">Là, comme si... </s>
	<s id="4">T'entends bien ?</s>
</p>
</sp>
<sp who="DODINET"><speaker>DODINET.</speaker>
<p id="3">
	<s id="1">Diabe ! </s>
	<s id="2">C'est malheureux ça. </s>
	<s id="3">Tu ne lui as donc pas montré ton lingot ?</s>
</p>
</sp>
<sp who="JANOT"><speaker>JANOT.</speaker>
<p id="4">
	<s id="1">Si fait : c'est par là que j'ai commencé ; mais elle, pour me faire enrager, vois-tu, quand elle l'a eu ben regardé, elle m'a dit que ça n'en était pas.</s>
</p>
</sp>
<sp who="DODINET"><speaker>DODINET.</speaker>
<p id="5">
	<s id="1">Comment ! </s>
	<s id="2">Que c'en était pas !</s>
</p>
</sp>
<sp who="JANOT"><speaker>JANOT.</speaker>
<p id="6">
	<s id="1">Oui, d'or : j'ai eu beau lui soutenir, moi, que c'en était, elle s'est obstinée, au point qu'elle n'a pas voulu en démordre.</s>
</p>
</sp>
<sp who="DODINET"><speaker>DODINET.</speaker>
<p id="7">
	<s id="1">Eh ! </s>
	<s id="2">Mais diante ! </s>
	<s id="3">Il faut vérifier ça, vois-tu : c'est sérieux au moins, Janot. </s>
	<s id="4">Tout ce monde qui mange là dedans, i's comptent ben que c'en est, eux.</s>
</p>
</sp>
<sp who="JANOT"><speaker>JANOT.</speaker>
<p id="8">
	<s id="1">Et je te dis ben que c'en est aussi, moi. </s>
	<s id="2">T'es comme un enfant. </s>
	<s id="3">Est-ce qu'une fille se connaît à ça, donc !</s>
</p>
</sp>
<sp who="DODINET"><speaker>DODINET.</speaker>
<p id="9">
	<s id="1">Mais c'est que c'est de conséquence : tu ne sais pas, toi, que le cabaretier est déjà venu me demander de l'argent : y a déjà six bouteilles de bues sans compter le manger. </s>
	<s id="2">Pour le tranquilliser, viens-t'en un peu lui montrer ça.</s>
</p>
</sp>
<sp who="JANOT"><speaker>JANOT.</speaker>
<p id="10">
	<s id="1">Oh ! </s>
	<s id="2">Mais écoute donc : faut aller doucement ici : mon ami, faut de la prudence. </s>
	<s id="3">Si je vas montrer ça au premier venu, on sera jaloux contre moi. </s>
	<s id="4">Dès qu'on saura que c'en est, tu verras tout le monde qui en voudra sa part : faut prendre garde.</s>
</p>
</sp>
<sp who="DODINET"><speaker>DODINET.</speaker>
<p id="11">
	<s id="1">C'est vrai, t'as raison. </s>
	<s id="2">Y a tant d'envieux au jour d'aujourd'hui qui cherchent à vivre aux dépens des autres; i' faut se défier de tout le monde. </s>
	<s id="3">Mais cependant, mon ami, ça presse. </s>
	<s id="4">Écoute : va-t'en chez un orfèvre. </s>
	<s id="5">Tiens, en v'là un là devant : tâche de te faire donner quéque chose à compte, ou de savoir au juste ce qu'il en est, et moi, je m'en vas toujours là dedans le cabaret les retenir un peu, qu'ils ne boivent et ne mangent pas tout jusqu'à la définition de ça.</s>
</p>
</sp>
<sp who="JANOT"><speaker>JANOT.</speaker>
<p id="12">
	<s id="1">À la bonne heure comme ça. </s>
	<s id="2">Quoique je suis tranquille là-dessus, moi : je suis ben sûr que c'en est, va.</s>
</p>
</sp>
<sp who="DODINET"><speaker>DODINET.</speaker>
<p id="13">
	<s id="1">Eh ben ! </s>
	<s id="2">Si c'en est, tant mieux. </s>
	<s id="3">On le verra toujours ben ; mais le pus prudent, c'est de prendre ses précautions. </s>
	<s id="4">On allait servir le rôti, je m'en vas toujours le décommander, jusqu'à nouvel ordre.</s>
</p>
</sp>
</div2>
<div2 type="scene" n='13'><head>SCÈNE XIII.</head>
<sp who="JANOT"><speaker>JANOT.</speaker>
<p id="1">
	<s id="1">Diable ! </s>
	<s id="2">Tout ça commence à me fourrer martel en tête, moi. </s>
	<s id="3">Si je montre ça à un orfèvre, i' cherchera à me tricher d'abord, ou ben i' craira que je l'ai volé quéque part. </s>
	<s id="4">V'la l'embarras. </s>
	<s id="5">Jarni ! </s>
	<s id="6">Je ne croyais pas que ça donnait tant de tintoin. </s>
	<s id="7">J'aimerais mieux l'avoir trouvé en louis d'or, à présent, ça serait pus commode. </s>
	<s id="8">Mais pour en être, je suis ben sûr que c'en est. </s>
	<s id="9">Voyez donc comme ça brille ! </s>
	<s id="10">Je m'en vas toujours chez l'orfèvre. </s>
	<s id="11">Holà ! </s>
	<s id="12">Monsieur le maître marchand orfèvre !</s>
</p>
</sp>
</div2>
<div2 type="scene" n='14'><head>SCÈNE XIV. Ragot, Janot, L'Orfèvre.</head>
<sp stage="drunk" who='RAGOT'><speaker>RAGOT, saoul.</speaker>
<p id="1">
	<s id="1">Eh ben donc ! </s>
	<s id="2">Mon cher ami Janot, qu'est-ce que c'est donc qu'on dit de c' trésor que t'as trouvé !</s>
</p>
</sp>
<sp who="L'ORFÈVRE"><speaker>L'ORFÈVRE.</speaker>
<p id="2">
	<s id="1">Qu'est-ce qu'il y a pour votre service, Monsieur ?</s>
</p>
</sp>
<sp stage="toward" who='JANOT'><speaker>JANOT, à Ragot.</speaker>
<p id="3">
	<s id="1">Je vas vous conter ça tout à l'heure. </s>
</p>
<stage type="toward">À l'orfèvre.</stage>
<p id="4">
	<s id="1">Monsieur, faites-moi un plaisir de me dire un peu, s'il vous plaît, comben que ça vaut d'argent ce morceau d'or-là.</s>
</p>
</sp>
<sp who="RAGOT"><speaker>RAGOT.</speaker>
<p id="5">
	<s id="1">Diabe ! </s>
	<s id="2">Il est beau.</s>
</p>
</sp>
<sp who="L'ORFÈVRE"><speaker>L'ORFÈVRE.</speaker>
<p id="6">
	<s id="1">D'or ? </s>
	<s id="2">Ça n'en est pas.</s>
</p>
</sp>
<sp who="JANOT"><speaker>JANOT.</speaker>
<p id="7">
	<s id="1">Hein ! </s>
	<s id="2">Quoi que vous avez donc dit, Monsieur ?</s>
</p>
</sp>
<sp who="L'ORFÈVRE"><speaker>L'ORFÈVRE.</speaker>
<p id="8">
	<s id="1">Je vous dis que ça n'en est pas.</s>
</p>
</sp>
<sp who="JANOT"><speaker>JANOT.</speaker>
<p id="9">
	<s id="1">Eh ben ! </s>
	<s id="2">Comment que vous avez entendu, vous, Monsieur Ragot ?</s>
</p>
</sp>
<sp who="RAGOT"><speaker>RAGOT.</speaker>
<p id="10">
	<s id="1">J'ai entendu que ça n'en est pas.</s>
</p>
</sp>
<sp who="JANOT"><speaker>JANOT.</speaker>
<p id="12">
	<s id="1">Comment ! </s>
	<s id="2">Ça n'en serait pas !</s>
</p>
</sp>
<sp who="L'ORFÈVRE"><speaker>L'ORFÈVRE.</speaker>
<p id="13">
	<s id="1">Vous n'avez qu'à entrer dans ma boutique, je vais vous le toucher sur ma pierre, vous en serez plus sûr.</s>
</p>
</sp>
<sp who="JANOT"><speaker>JANOT.</speaker>
<p id="14">
	<s id="1">Oh ben ! </s>
	<s id="2">J'allons voir ça. </s>
	<s id="3">Restez là, vous, Monsieur Ragot. </s>
	<s id="4">J'en aurons bentôt le coeur net, allez.</s>
</p>
<stage type="exit">Il entre avec l'orfèvre.</stage>
</sp>
</div2>
<div2 type="scene" n='15'><head>SCÈNE XV.</head>
<sp who='RAGOT'><speaker>RAGOT.</speaker>
<p id="1">
	<s id="1">Et nous aussi, je crais. </s>
	<s id="2">Heureusement que j'avons déjà pris un bon à-compte sur le repas, car il me semble que le dessert ne vaudra pas les entrées. </s>
	<s id="3">Holà, mesdames, venez-vous-en donc ici prendre un peu l'air. </s>
	<s id="4">Est-ce qu'on boit comme ça les uns sans les autres ? </s>
	<s id="5">Attendez donc la future.</s>
</p>
</sp>
</div2>
<div2 type="scene" n='16'><head>SCÈNE XVI. DODINET, RAGOT.</head>
<sp who="DODINET"><speaker>DODINET.</speaker>
<p id="1">
	<s id="1">Eh ben ! </s>
	<s id="2">Où ce que nous en sommes !</s>
</p>
</sp>
<sp who="RAGOT"><speaker>RAGOT.</speaker>
<p id="2">
	<s id="1">Ah ! </s>
	<s id="2">Je crois que j'en sommes au dessert.</s>
</p>
</sp>
<sp who="DODINET"><speaker>DODINET.</speaker>
<p id="3">
	<s id="1">Au dessert ?</s>
</p>
</sp>
<sp who="RAGOT"><speaker>RAGOT.</speaker>
<p id="4">
	<s id="1">Oui. </s>
	<s id="2">Il a montré son lingot à l'orfèvre ; mais i' l'i a dit que ça n'en était pas.</s>
</p>
</sp>
<sp who="DODINET"><speaker>DODINET.</speaker>
<p id="5">
	<s id="1">Comment ! </s>
	<s id="2">Ça se pourrait que ça n'en soit pas ? </s>
	<s id="3">Ah ! </s>
	<s id="4">Ventrebleu ! </s>
	<s id="5">Qu'est-ce qui payera le diner, à présent ? </s>
</p>
<stage type="show">Il montre le cabaret.</stage>
</sp>
<sp who="RAGOT"><speaker>RAGOT.</speaker>
<p id="6">
	<s id="1">Ma foi, qui ça voudra. </s>
	<s id="2">Ça ne me regarde pas ; mais je crais que si on attend après le lingot pour souper, on aura les dents longues. </s>
	<s id="3">Eh ben ! </s>
	<s id="4">Eh ben ! </s>
	<s id="5">Queu tocsin qui sonne donc là-dedans ? </s>
	<s id="6">Queu remue-ménage !</s>
</p>
</sp>
<sp stage="toward" who='MADAME RAGOT'><speaker>MADAME RAGOT, en dedans.</speaker>
<p id='7'>
	<s id='1'>Parle donc, hé ! </s>
	<s id="2">Monsieur Nicodème ; est-ce que tu te moques de nous donc ?</s>
</p>
</sp>
</div2>
<div2 type="scene" n='17' stage="entrance"><head>SCÈNE XVII. Ragot, Les Trois Femmes arrivent sur le théâtre.</head>
<sp who="MADAME RAGOT"><speaker>MADAME RAGOT.</speaker>
<p id="1">
	<s id="1">Qu'est-ce que c'est donc que c't' affronterie-là de nous venir retirer les morceaux du bec ?</s>
</p>
</sp>
<sp who="RAGOT"><speaker>RAGOT.</speaker>
<p id="2">
	<s id="1">Qu'est-ce que vous avez donc, Mme Ragot ?</s>
</p>
</sp>
<sp who="PERRETTE"><speaker>PERRETTE.</speaker>
<p id="3">
	<s id="1">C'est des impertinents qui nous enlèvent not' mangeaille de dessus nos assiettes.</s>
</p>
</sp>
<sp who="SUZON"><speaker>SUZON.</speaker>
<p id="4">
	<s id="1">Oui ; mais j'avons fait main basse, et je mettrons c'te bouteille-là à fin, s'i' plaît à Dieu.</s>
</p>
</sp>
<sp who="MADAME RAGOT"><speaker>MADAME RAGOT.</speaker>
<p id="5">
	<s id="1">Pardine ! </s>
	<s id="2">C'est ben juste ; pisqu'on nous a invités à la noce, faut ben que j' vivions p't-êt'. </s>
	<s id="3">Mais où c' qu'est donc la mariée dans tout ça, et l'épouseur ? </s>
	<s id="4">Eh ! </s>
	<s id="5">Le v'là qui sort de chez l'orfèvre ; comme il a l'oreille basse ! </s>
	<s id="6">Ah ! </s>
	<s id="7">V'là un mauvais signe pour la noce.</s>
</p>
</sp>
</div2>
<div2 type="scene" n='18'><head>SCÈNE XVIII. Les Précédents, JanOt, sortant de chez l'orfèvre.</head>
<sp who="PERRETTE"><speaker>PERRETTE.</speaker>
<p id="1">
	<s id="1">Eh ! </s>
	<s id="2">Bonjour donc, Monsieur Janot ; vous êtes rare comme les beaux jours : on ne vous voit plus.</s>
</p>
</sp>
<sp who="MADAME RAGOT"><speaker>MADAME RAGOT.</speaker>
<p id="2">
	<s id="1">Pardi, oui, v'là qu'est bien retourné : c'est ben de ça qui s'agit. </s>
	<s id="2">Parlez donc, beau mignon, quoi que c'est donc qu'on dit que vous avez qui en est ou qui n'en est pas ? </s>
	<s id="3">Est-ce-t-i' donc pour affronter le monde qu' vous nous avez invités ? </s>
	<s id="4">Parlez donc.</s>
</p>
</sp>
<sp who="JANOT"><speaker>JANOT.</speaker>
<p id="3">
	<s id="1">Hélas ! </s>
	<s id="2">Mesdames, je vous demande ben pardon, que ça n'est pas de ma faute, où ce que si vous l'aviez vu vous-mêmes, j'en avais un beau morceau qui vous aurait fait envie, que vous vous y seriez trompées comme moi, jaune comme un coin et brillant comme une lanterne allumée.</s>
</p>
</sp>
<sp who="SUZON"><speaker>SUZON.</speaker>
<p id="4">
	<s id="1">Le pauvre garçon ! </s>
	<s id="2">Comme le v'là penaud ! </s>
	<s id="3">C'est-i' ben vrai ce que vous nous dites là, Monsieur Janot ?</s>
</p>
</sp>
<sp who="JANOT"><speaker>JANOT.</speaker>
<p id="5">
	<s id="1">Hélas ! </s>
	<s id="2">Mam'selle Suzon, preuve en main tenez, regardez par vous-même.</s>
</p>
</sp>
<sp who="SUZON"><speaker>SUZON.</speaker>
<p id="6">
	<s id="1">Ah ! </s>
	<s id="2">Ce diamant ! </s>
	<s id="3">Comme ça tarluit : c'est ben dommage. </s>
	<s id="4">Examinez donc ça, Madame.</s>
</p>
</sp>
<sp who="MADAME RAGOT"><speaker>MADAME RAGOT.</speaker>
<p id="7">
	<s id="1">Dame, oui, c'était ben tentant : c'était apparemment là-dessus que vous vouliez trouver une femme.</s>
</p>
</sp>
<sp who="PERRETTE"><speaker>PERRETTE.</speaker>
<p id="8">
	<s id="1">Une femme ! </s>
	<s id="2">Était-ce-t-i' moi, Monsieur Janot, que vous auriez choisie ?</s>
</p>
</sp>
<sp who="SUZON"><speaker>SUZON.</speaker>
<p id="9">
	<s id="1">Mon p'tit Janot, était-ce-t-i' pour moi vot' lingot ?</s>
</p>
</sp>
<sp who="JANOT"><speaker>JANOT.</speaker>
<p id="10">
	<s id="1">Allez-vous-en au diabe : c'est vous qui m'avez porté malheur.</s>
</p>
</sp>
</div2>
<div2 type="scene" n='19'><head>SCÈNE XIX. Les Précédents, Simon, sortant du cabaret.</head>
<sp who="RAGOT"><speaker>RAGOT.</speaker>
<p id="1">
	<s id="1">Non, ça ne nous regarde pas : arrangez-vous avec Monsieur.</s>
</p>
</sp>
<sp who="SIMON"><speaker>SIMON.</speaker>
<p id="2">
	<s id="1">Eh ! </s>
	<s id="2">Par la ventrebleu ! </s>
	<s id="3">Zst-ce qu'on invite les gens pour les faire payer donc ? </s>
	<s id="4">Ça ne serait pas juste. </s>
	<s id="5">Ah ! </s>
	<s id="6">Vous v'là, l'ami Janot. </s>
	<s id="7">Arrangez donc un peu ça, vous, avec ce trésor en question.</s>
</p>
</sp>
<sp who="JANOT"><speaker>JANOT.</speaker>
<p id="3">
	<s id="1">Laisse-moi tranquille, toi.</s>
</p>
</sp>
<sp who="RAGOT"><speaker>RAGOT.</speaker>
<p id="4">
	<s id="1">Ah ! </s>
	<s id="2">Monsieur Janot, vous v'là bien maussade pour un jour de noce. </s>
	<s id="3">Qu'est-ce que vous avez donc dans la tête, mesdemoiselles ? </s>
	<s id="4">Est-ce vous qui chagrinez ce jeune homme ?</s>
</p>
</sp>
</div2>
<div2 type="scene" n='20'><head>SCÈNE XX. Les Précédents, Le Cabaretier, Le Clerc de Notaire, Dodinet.</head>
<sp who="DODINET"><speaker>DODINET.</speaker>
<p id="1">
	<s id="1">Messieurs, laissez-moi aller, encore un coup : je vous dis que ce n'est pas pour moi la carte.</s>
</p>
</sp>
<sp who="LE CABARETIER"><speaker>LE CABARETIER.</speaker>
<p id="2">
	<s id="1">Tenez-le ben, mes amis. </s>
	<s id="2">Oh ! </s>
	<s id="3">Tu payeras, chien d'escroc : c'est toi qui as commandé le repas.</s>
</p>
</sp>
<sp who="DODINET"><speaker>DODINET.</speaker>
<p id="3">
	<s id="1">Mais, messieurs, je n'ai pas d'argent assez dessus moi.</s>
</p>
</sp>
<sp who="LE CABARETIER"><speaker>LE CABARETIER.</speaker>
<p id="4">
	<s id="1">Eh ben ! </s>
	<s id="2">Tu as des effets : tu viendras les chercher.</s>
</p>
</sp>
<sp stage="toward" who='DODINET'><speaker>DODINET, en dedans.</speaker>
<p id="5">
	<s id="1">À mon secours, Janot. </s>
	<s id="2">Eh ! </s>
	<s id="3">Janot.</s>
</p>
</sp>
<sp who='LE NOTAIRE'><speaker>LE NOTAIRE.</speaker>
<p id="6">
	<s id="1">Monsieur Janot, le contrat servira pour une autre fois ; mais à c't' heure on a besoin de vous là-dedans pour régler les comptes.</s>
</p>
</sp>
<sp who="RAGOT"><speaker>RAGOT.</speaker>
<p id="7">
	<s id="1">Oui, oui, ne vous gênez pas, mon ami ; nous ne vous retenons pas.</s>
</p>
</sp>
<sp who="MADAME RAGOT"><speaker>MADAME RAGOT.</speaker>
<p id="8">
	<s id="1">Oui, si je n'avons pas mieux dîné, ça n'est pas de votre faute. </s>
	<s id="2">Nous vous sommes toujours ben obligés de la bonne volonté.</s>
</p>
</sp>
<sp who="SUZON"><speaker>SUZON.</speaker>
<p id="9">
	<s id="1">Adieu, Monsieur Janot. </s>
	<s id="2">Je souhaite que le jour de la noce vous réussisse mieux que celui des accordailles.</s>
</p>
</sp>
<sp who="SIMON"><speaker>SIMON.</speaker>
<p id="10">
	<s id="1">Si vous voulez venir collationner avec nous, Mam'selle Perrette, je vous remettrons chez vous après.</s>
</p>
</sp>
<sp who="PERRETTE"><speaker>PERRETTE.</speaker>
<p id="11">
	<s id="1">Ça n'est pas de refus, Monsieur, car M. </s>
	<s id="2">Janot m'a mise en appétit ; mais je ne lui en veux pas, ça se passera sus aut' chose.</s>
</p>
<stage type="exit">Elle s'en va avec les autres.</stage>
</sp>
</div2>
<div2 type="scene" n='21'><head>SCÈNE XXI.</head>
<sp stage="alone" who='JANOT'><speaker>JANOT, seul.</speaker>
<p id="1">
	<s id="1">Ah ! </s>
	<s id="2">Me v'là ben: je n'ai pus qu'à porter ça à la monnaie. </s>
	<s id="3">Si ma comtesse voulait me reprendre encore, ça ne serait que demi-mal.</s>
</p>
</sp>
</div2>
<div2 type="scene" n='22'><head>SCÈNE XXII. Janot, Dodinet, revenant sans chapeau, ni épée, ni boucles à ses souliers ; il apporte la carte à Janot.</head>
<sp who="DODINET"><speaker>DODINET.</speaker>
<p id="1">
	<s id="1">Ah ! </s>
	<s id="2">Te v'là, Janot. </s>
	<s id="3">Tiens, mon ami : je suis bien aise de te trouver.</s>
</p>
</sp>
<sp who="JANOT"><speaker>JANOT.</speaker>
<p id="2">
	<s id="1">Qu'est-ce que c'est que ça ?</s>
</p>
</sp>
<sp who="DODINET"><speaker>DODINET.</speaker>
<p id="3">
	<s id="1">C'est la carte du cabaret. </s>
	<s id="2">Vite, donne-moi de l'argent, que j'aille payer.</s>
</p>
</sp>
<sp who="JANOT"><speaker>JANOT.</speaker>
<p id="4">
	<s id="1">Est-ce que tu n'as pas payé déjà ?</s>
</p>
</sp>
<sp who="DODINET"><speaker>DODINET.</speaker>
<p id="5">
	<s id="1">Eh ! </s>
	<s id="2">Pardine ! </s>
	<s id="3">Avec quoi ? </s>
	<s id="4">Quiens, on m'a pris mon chapeau, mon épée et mes bouques en gage.</s>
</p>
</sp>
<sp who="JANOT"><speaker>JANOT.</speaker>
<p id="6">
	<s id="1">Eh ben ! </s>
	<s id="2">Mon ami, nous v'là tranquilles comme ça. </s>
	<s id="3">I' n' leur faut pus d'argent.</s>
</p>
</sp>
<sp who="DODINET"><speaker>DODINET.</speaker>
<p id="7">
	<s id="1">Non-da, mais i' me faut mes effets, à moi.</s>
</p>
</sp>
<sp who="JANOT"><speaker>JANOT.</speaker>
<p id="8">
	<s id="1">Eh ben ! </s>
	<s id="2">Dame, mon ami, arrange-toi : v'là le lingot. </s>
	<s id="3">L'orfèvre dit comme ça que ça n'en est pas du bon or.</s>
</p>
</sp>
<sp who="DODINET"><speaker>DODINET.</speaker>
<p id="9">
	<s id="1">Me v'là bien avancé, moi, à présent. </s>
	<s id="2">Que le diable t'emporte, va, avec ton maudit lingot : je te l'avais-t-i' pas répété cent fois tantôt que ça n'en était pas ?</s>
</p>
</sp>
<sp who="JANOT"><speaker>JANOT.</speaker>
<p id="10">
	<s id="1">Je t'en demande pardon, mon ami. </s>
	<s id="2">J'y perds pus que toi à ça ; mais dame aussi on ne sait jamais à quoi s'en tenir. </s>
	<s id="3">L'aut' jour, j'ai été dupe, moi, parce que c'en était ; aujourd'hui, t'es trompé, toi, parce que ça n'en est pas ; ça prouve que chacun a son tour, et que tout ce qui reluit n'est pas or. </s>
	<s id="4">Quiens, Dodinet, i' n' faut pas encore se désespèrer : l'orfèvre s'est p't-êt' trompé. </s>
	<s id="5">V'là un homme que je vois là, qui sort d'un collège ; ça a l'air d'un savant, avec sa grande robe ; y nous dira tout de suite de quoi i' retourne ben mieux que l'orfèvre, lui. </s>
	<s id="6">Appelons-le.</s>
</p>
</sp>
</div2>
<div2 type="scene" n='23'><head>SCÈNE XXIII, et dernière. Le Philosophe, Janot, Dodinet.</head>
<sp who="JANOT"><speaker>JANOT.</speaker>
<p id="1">
	<s id="1">Monsieur, si c'était un effet de vot' complaisance, je voudrais ben vous demander, pour savoir...</s>
</p>
</sp>
<sp who="LE PHILOSOPHE"><speaker>LE PHILOSOPHE.</speaker>
<p id="2">
	<s id="1">Savoir ? </s>
	<s id="2">Ah ! </s>
	<s id="3">Je crois bien, mon ami ! </s>
	<s id="4">Que vous voudriez savoir. </s>
	<s id="5">Vous n'êtes pas le seul qui voudriez savoir ; mais voilà justement le difficile, c'est de savoir. </s>
	<s id="6">Tout le monde croit savoir, et personne ne sait. </s>
	<s id="7">Pour moi, tout mon savoir ne m'a appris qu'à savoir que je ne sais rien.</s>
</p>
</sp>
<sp who="JANOT"><speaker>JANOT.</speaker>
<p id="3">
	<s id="1">Je le crois ben, Monsieur ; mais c'est que je vous demande...</s>
</p>
</sp>
<sp who="LE PHILOSOPHE"><speaker>LE PHILOSOPHE.</speaker>
<p id="4">
	<s id="1">Oh ! </s>
	<s id="2">Demande ! </s>
	<s id="3">Une demande est bientôt faite ; mais il y a demande et demande : une demande se divise en juste et en injuste. </s>
	<s id="4">Une demande juste, c'est une demande par laquelle on demande...</s>
</p>
</sp>
<sp who="JANOT"><speaker>JANOT.</speaker>
<p id="5">
	<s id="1">Eh ! </s>
	<s id="2">Que de demandes ! </s>
	<s id="3">Je viens seulement pour que vous me disiez, sur une chose, que j'ai, d'or, là, massif, fin, si c'en est, ou ben si ça n'en est pas.</s>
</p>
</sp>
<sp who="LE PHILOSOPHE"><speaker>LE PHILOSOPHE.</speaker>
<p id="6">
	<s id="1">Si cela en est ? </s>
	<s id="2">Ah ! </s>
	<s id="3">Mon ami, que de gens sont trompés à ce mot ! </s>
	<s id="4">Combien qui, dupes de l'apparence, prennent le mot pour la chose, l'ombre pour la lumière et l'illusion pour la realité. </s>
	<s id="5">Défiez-vous de tout, mon enfant. </s>
	<s id="6">Soyez en garde contre tout le monde. </s>
	<s id="7">Celui-ci vient avec de beaux compliments, affichant ua extérieur zélé et chaud pour vous servir, vous prenez cela pour de l'amitié, eh bien ! </s>
	<s id="8">Ça n'en est pas.</s>
</p>
</sp>
<sp who="JANOT"><speaker>JANOT.</speaker>
<p id="7">
	<s id="1">Mais il n'est pas question de ça.</s>
</p>
</sp>
<sp who="LE PHILOSOPHE"><speaker>LE PHILOSOPHE.</speaker>
<p id="8">
	<s id="1">Celui-là, bavard outré, qui vous fait de grandes phrases et vous débite de grands mots, qui pille ab hoc et ab hac tout ce qu'il dit et tout ce qu'il écrit, et vous étourdit avec ses lieux communs ; simples que vous êtes, vous prenez cela pour de l'esprit, eh bien ! </s>
	<s id="2">Ça n'en est pas.</s>
</p>
</sp>
<sp who="JANOT"><speaker>JANOT.</speaker>
<p id="9">
	<s id="1">Eh ! </s>
	<s id="2">Qu'est-ce qui vous parle d'esprit ?</s>
</p>
</sp>
<sp who="LE PHILOSOPHE"><speaker>LE PHILOSOPHE.</speaker>
<p id="10">
	<s id="1">Cette jeune fille que vous voyez si parée avec ces cheveux postiches et ces dents artificielles, ce teint fait au pastel et tous ces appas empruntés ; pauvres nigauds, vous prenez cela pour de la beauté, eh bien ! </s>
	<s id="2">Ça n'en est pas.</s>
</p>
</sp>
<sp who="JANOT"><speaker>JANOT.</speaker>
<p id="11">
	<s id="1">Peste soit de la beauté ! </s>
	<s id="2">Écoutez-moi.</s>
</p>
</sp>
<sp who="LE PHILOSOPHE"><speaker>LE PHILOSOPHE.</speaker>
<p id="12">
	<s id="1">Cette femme, qui ne parle que de son mari, qui ne peut faire un pas sans lui, qui se trouve mal quand il sort et se jette à son cou quand il revient ; bonne dupe ! </s>
	<s id="">vous prenez cela pour de l'amour ! </s>
	<s id="2">Oh bien ! </s>
	<s id="3">Ça n'en est pas.</s>
</p>
</sp>
<sp who="JANOT"><speaker>JANOT.</speaker>
<p id="13">
	<s id="1">Le diabe vous emporte avec votre amour. </s>
	<s id="2">C'est de l'or...</s>
</p>
</sp>
<sp who="LE PHILOSOPHE"><speaker>LE PHILOSOPHE.</speaker>
<p id="14">
	<s id="1">De l'or ? </s>
	<s id="2">Eh ! </s>
	<s id="3">Où cela ? </s>
	<s id="4">Sur l'habit d'un Gascon ? </s>
	<s id="5">Ça n'en est pas. </s>
	<s id="6">Dans la bourse d'un joueur ? </s>
	<s id="7">Ça n'en est pas ; dans le creuset d'un alchimiste ? </s>
	<s id="8">Ça n'en est pas ; dans le coffre-fort d'un poète ? </s>
	<s id="9">Ça n'en est pas ; d'un peintre ? </s>
	<s id="10">Ça n'en est pas ; d'un musicien ? </s>
	<s id="11">Ça n'en est pas.</s>
</p>
</sp>
<sp who="JANOT"><speaker>JANOT.</speaker>
<p id="15">
	<s id="1">Ah ! </s>
	<s id="2">Maudit bavard ! </s>
	<s id="3">Que n'étais-tu donc là l'autre jour, de c't' histoire dessus ma veste, t'aurais bon dit que c'en était de ce coup-là.</s>
</p>
</sp>
<sp who="LE PHILOSOPHE"><speaker>LE PHILOSOPHE.</speaker>
<p id="16">
	<s id="1">Que voulez-vous donc dire ? </s>
	<s id="2">Expliquez-vous.</s>
</p>
</sp>
<sp who="JANOT"><speaker>JANOT.</speaker>
<p id="17">
	<s id="1">Ah ! </s>
	<s id="2">Si j'étais le plus fort, que je te rosserais de bon courage !</s>
</p>
</sp>
<sp who="LE PHILOSOPHE"><speaker>LE PHILOSOPHE.</speaker>
<p id="18">
	<s id="1">Du courage ! </s>
	<s id="2">Qui ? </s>
	<s id="3">Ce fanfaron qui parlait si haut, et qui faisait blanc de son épée ? </s>
	<s id="4">Vous preniez cela pour du courage ! </s>
	<s id="5">Eh bien ! </s>
	<s id="6">Ça n'en était pas.</s>
</p>
</sp>
<sp who="JANOT"><speaker>JANOT.</speaker>
<p id="19">
	<s id="1">Ah ! </s>
	<s id="2">Miséricorde, i' ne finira pas, et le cabaretier qui m'attend.</s>
</p>
</sp>
<sp who="LE PHILOSOPHE"><speaker>LE PHILOSOPHE.</speaker>
<p id="20">
	<s id="1">Le cabaretier ! </s>
	<s id="2">Ah ! </s>
	<s id="3">Si le breuvage contrefait qu'il vous vend est du vin pur. </s>
	<s id="4">Eh bien ! </s>
	<s id="5">Ça n'en est pas.</s>
</p>
</sp>
<sp who="JANOT"><speaker>JANOT.</speaker>
<p id="21">
	<s id="1">Ah ! </s>
	<s id="2">Le misérable, il a juré de me faire perdre patience. </s>
	<s id="3">Veux-tu décamper d'ici avec ton diabe de ça n'en est pas.</s>
</p>
</sp>
<sp who="LE PHILOSOPHE"><speaker>LE PHILOSOPHE.</speaker>
<p id="22">
	<s id="1">Oh ! </s>
	<s id="2">Vous vous fâchez, et vous me demanderez si c'est là de la raison ? </s>
	<s id="3">Eh bien ! </s>
	<s id="4">Ça n'en est pas.</s>
</p>
</sp>
<sp stage="push" who='JANOT'><speaker>JANOT, le repoussant.</speaker>
<p id="23">
	<s id="1">Encore ! </s>
	<s id="2">Chien de rabâcheur.</s>
</p>
</sp>
<sp who="LE PHILOSOPHE"><speaker>LE PHILOSOPHE.</speaker>
<p id="24">
	<s id="1">De la modération ! </s>
	<s id="2">Ça n'en est pas.</s>
</p>
</sp>
<sp who="JANOT"><speaker>JANOT.</speaker>
<p id="25">
	<s id="1">C'est le diabe qui te puisse emporter.</s>
</p>
</sp>
<sp who="LE PHILOSOPHE"><speaker>LE PHILOSOPHE.</speaker>
<p id="26">
	<s id="1">De la prudence, du bon sens, du jugement ? </s>
	<s id="2">Ça n'en est pas, ça n'en peut pas être, et ça n'en sera jamais.</s>
</p>
<stage type="exit">Il s'en va.</stage>
</sp>
<sp who="JANOT"><speaker>JANOT.</speaker>
<p id="27">
	<s id="1">Eh ben ! </s>
	<s id="3">Messieurs, ça n'en est donc pas. </s>
	<s id="4">Que de brillantes espérances on voit tous les jours s'évanouir ! </s>
	<s id="5">Que de gens rêvent avoir trouvé un trésor et que le réveil désabuse ! </s>
	<s id="6">Pour nous, le seul que nous ambitionnons, c'est le bonheur de vous plaire.</s>
</p>
</sp>
</div2>
</div1>
</body>
</text>
</TEI>