<?xml version="1.0" encoding='utf-8'?>
<TEI xml:lang="fr">
<teiHeader>
		<fileDesc>
			<titleStmt>
				<title>JANOT CHEZ LA DÉGRAISSEUR,</title>
				<author born='1742' born_location='Paris' death='1812' death_location='Paris' academie=''>ARCHAMBAULT, Louis-François</author>
			</titleStmt>
			<publicationStmt>	
				<editor>Texte établi à partir de la transcription par Dr Roger Peters.</editor>
				<publisher>publié par Paul FIEVRE, janvier 2014</publisher>
				<idno>ARCHAMBAULT_JANOTDEGRAISSEUR</idno>
			<rights>Creative Commons BY-NC-SA</rights>
			</publicationStmt>
			<SourceDesc>
				<genre>Proverbe</genre>
				<inspiration>moeurs</inspiration><structure>Un acte</structure>
				<type>prose</type>
				<periode>1771-1780</periode>
				<taille>(mesure non pertinente)</taille>
				<permalien></permalien>
			</SourceDesc>
		</fileDesc>
</teiHeader>
<text>
	<front>
		<docTitle>
			<titlePart type="main">JANOT CHEZ LE DÉGRAISSEUR</titlePart>
			<titlePart type="sub"> OU À QUELQUE CHOSE MALHEUR EST BON</titlePart>
			<titlePart type="sub">COMÉDIE-PROVERBE EN UN ACTE</titlePart>
		</docTitle> 
		<docDate value='1779'>M. DCC. LXXIX.</docDate>
		<docAuthor id='ARCHAMBAULT, Louis-François' bio='achambault'>de Louis-François Archambault, dit Dorvigny</docAuthor>
		<docImprint>			
		</docImprint>
		<printer id='SERCY'>À PARIS, chez CHARLES DE SERCY, au Palais, au sixième pilier de la Grand Salle, à la Bonne Foi Couronnée.</printer>
		<performance>
			<premiere date='1779-10-18' location='Théâtre des Variétés amusantes'>Représenté pour la première fois le 18 octobre 1779 au Théâtre des Variétés-Amusantes à Paris.</premiere>
		</performance>
		<castList><head>PERSONNAGES.</head>
			<castItem><role id='JANOT' sex="1" type="H" statut="bourgeois" age="A" stat_amour='néant'>JANOT</role>.</castItem>
			<castItem><role id='SIMON' sex="1" type="H" statut="artisan" age="A" stat_amour='néant'>SIMON</role>, maître dégraisseur.</castItem>
			<castItem><role id='MADAME SIMON' sex="2" type="H" statut="bourgeois" age="A" stat_amour='néant'>MADAME SIMON</role>.</castItem>
			<castItem><role id='LA COMTESSE' sex="2" type="H" statut="comte" age="A" stat_amour='néant'>LA COMTESSE</role>.</castItem>
			<castItem><role id='MADEMOISELLE COURTOIS' sex="2" type="H" statut="femme de chambre" age="A" stat_amour='néant'>MADEMOISELLE COURTOIS</role>, femme de chambre.</castItem>
			<castItem><role id='UN SUISSE' sex="1" type="H" statut="suisse" age="A" stat_amour='néant'>UN SUISSE</role>.</castItem>
			<castItem><role id='LE CLERC DU COMMISSAIRE' sex="1" type="H" statut="clerc" age="A" stat_amour='néant'>LE CLERC DU COMMISSAIRE</role>.</castItem>
			<castItem><role id='PERRETTE' sex="2" type="H" statut="employé" age="A" stat_amour='néant'>PERRETTE</role>, fille de boutique de Simon.</castItem>
		</castList>
		<set location="Paris" country="France" periode="XVIIIème" gps="48.856614, 2.352222">La scène est dans la boutique de Simon.</set>
		</front>
<body>
<div1 type="act" n='1'><head></head>
<div2 type="scene" n='1'><head>SCÈNE I. Janot, Perrette</head>
<sp who="JANOT"><speaker>JANOT.</speaker>
<p id="1">
	<s id="1">Comment que c'est que vous dites donc ça, Mam'selle ? </s>
	<s id='2'>Est-ce que vous n'voyez-t-i' pas ben que c'est moi.</s>
</p>
</sp>
<sp who="PERRETTE"><speaker>PERRETTE.</speaker>
<p id="2">
	<s id="1">Oh ! </s>
	<s id='2'>Ma fine, ça s'peut bien que ça soit vous, mais je n'avons pas un brin de souvenance de vot' figure.</s>
</p>
</sp>
<sp who="JANOT"><speaker>JANOT.</speaker>
<note type="L">Cambouis : Vieux oint qui s'amasse au bout de l'essieu, et dont on a graissé les roues des carrosses, les presses d'imprimerie, lorsqu'il s'est corrompu par leur fréquent mouvement. [F]</note>
<p id="3">
	<s id="1">C'est pourtant ben la même avec quoi que je suis venu pour une veste, l'autre jour qui f'sait nuit, que vous étiez toute seule, où ce qu'i' n'y avait tout plein de... de cambouis dessus.</s>
</p>
</sp>
<sp who="PERRETTE"><speaker>PERRETTE.</speaker>
<p id="4">
	<s id="1">Ah ! </s>
	<s id='2'>Je nous rappelons un tantinet, où ce que j'avions idée mêmement que c'était de...</s>
</p>
</sp>
<sp who="JANOT"><speaker>JANOT.</speaker>
<p id="5">
	<s id="1">Tout juste : pas vrai que vous y êtes à présent ?</s>
</p>
</sp>
<sp who="PERRETTE"><speaker>PERRETTE.</speaker>
<p id="6">
	<s id="1">Oui, oui. </s>
	<s id='2'>Oh ben ! </s>
	<s id='3'>Mais je l'avons fourrée là avec les autres. </s>
	<s id='4'>L'bourgeois est sorti ; mais quand i' rentrera, i' commencera par les pus pressés et la vôtre passera à son tour.</s>
</p>
</sp>
<sp who="JANOT"><speaker>JANOT.</speaker>
<p id="7">
	<s id="1">Ah ! </s>
	<s id='2'>Jarni ! </s>
	<s id='3'>L'pus pressé c'est moi, qu'i' faut que j' rende celle-là ce soir, qu' c'est sa veste des dimanches, à Dodinet, qu'i' m'a prêtée.</s>
</p>
</sp>
<sp who="PERRETTE"><speaker>PERRETTE.</speaker>
<p id="8">
	<s id="1">Eh ben ! </s>
	<s id='2'>I' ne faut pas encore crier. </s>
	<s id='3'>P't-êt' qu'elle sera faite aujourd'hui. </s>
	<s id='4'>Acoutez, je v'nons justement d'acheter du savon : quand l'bourgeois viendra, j' l'i recommandrons qu'i' s' mette après tout de suite.</s>
</p>
</sp>
<sp who="JANOT"><speaker>JANOT.</speaker>
<p id="9">
	<s id="1">Ah ! </s>
	<s id='2'>Mam'selle, je vous remercierai ben, allez. </s>
	<s id='3'>Et si vous avez queuque fois, qu'est-ce qui sait ? </s>
	<s id=''>Queuque maille d'échappée, vous n'avez qu'à venir à moi.</s>
</p>
</sp>
<sp who="PERRETTE"><speaker>PERRETTE.</speaker>
<p id="10">
	<s id="1">Vous êtes ben honnête : est-ce que vous savez les reprendre ?</s>
</p>
</sp>
<sp who="JANOT"><speaker>JANOT.</speaker>
<p id="11">
	<s id="1">Oh ! </s>
	<s id='2'>Pas par moi-même : mais c'est que j'ai une cousine, sous vot' respect, au coin de la rue là, contre c'te fontaine, qu'est ravaudeuse. </s>
	<s id='3'>Ça fait que, pour ce qui est d'une maille, voyez-vous, ou ben d'un point d'aiguille, ça n' m'embarrasse pas.</s>
</p>
</sp>
<sp who="PERRETTE"><speaker>PERRETTE.</speaker>
<p id="12">
	<s id="1">Tredame ! </s>
	<s id='2'>Quand on a comme ça des talents dans une famille, c'est bien agréable.</s>
</p>
</sp>
<sp who="JANOT"><speaker>JANOT.</speaker>
<p id="13">
	<s id="1">Pas vrai, Mam'selle ? </s>
	<s id='2'>Eh ben ! </s>
	<s id='3'>Ne vous en faites pas de faute, allez, d'aiguilles, y en aura toujours cheux nous à votre service, d'acier, ce qu'y aura de plus fin encore !</s>
</p>
</sp>
<sp who="PERRETTE"><speaker>PERRETTE.</speaker>
<p id="14">
	<s id="1">Ça n'est pas de refus : aussi quand vous aurez queuque tache, si vous y êtes sujet, je vous demanderons la préférence.</s>
</p>
</sp>
<sp who="JANOT"><speaker>JANOT.</speaker>
<p id="15">
	<s id="1">Oh ! </s>
	<s id='2'>Sujet comme ça : je suis assez prope dessus moi, mais ça vient queuque fois d'une fenêtre où ce qu'on passe, et puis on attrape ça ; vous sentez ben... </s>
	<s id='3'>Ça dépend d'un gare l'eau ! </s>
	<s id='4'>D' pus ou d' moins.</s>
</p>
</sp>
<sp who="PERRETTE"><speaker>PERRETTE.</speaker>
<p id="16">
	<s id="1">Comment ! </s>
	<s id='2'>D'un gare l'eau ! </s>
	<s id='3'>Et vous disiez que c'était du cambouis.</s>
</p>
</sp>
<sp who="JANOT"><speaker>JANOT.</speaker>
<p id="17">
	<s id="1">Oh ! </s>
	<s id='2'>Cambouis, si vous voulez : c'est ben en façon de cambouis, sinon que... </s>
	<s id='3'>Oh ! </s>
	<s id='4'>Le bourgeois aura ben reconnu tout de suite ce que c'était.</s>
</p>
</sp>
<sp who="PERRETTE"><speaker>PERRETTE.</speaker>
<p id="18">
	<s id="1">Pardine ! </s>
	<s id='2'>Sûrement. </s>
	<s id='3'>Ces gens-là sont au fait. </s>
	<s id='4'>Ah ! </s>
	<s id='5'>Çà, mais ne m'amusez pas plus longtemps ; not' maîtresse attend après le savon ; j'allons l'i recommander votre veste.</s>
</p>
</sp>
<sp who="JANOT"><speaker>JANOT.</speaker>
<p id="19">
	<s id="1">C'est bon, Mam'selle. </s>
	<s id='2'>Moi, je vais faire un tour chez Dodinet, pour voir si i' m'a trouvé une condition comme i' m'a promis, dans queuque boutique. </s>
	<s id='3'>Et pis je repasserai pour ma veste dans une heure, où ce que, si c'est prêt, vous savez ben ce que je vous ai dit pour vos mailles... </s>
	<s id='4'>Ne vous inquiétez pas, allez... </s>
	<s id='5'>Et pis vous verrez... </s>
	<s id='6'>Sans adieu, Mam'selle.</s>
</p>
<stage type="exit">Il s'en va.</stage>
</sp>
</div2>
<div2 type="scene" n='2'><head>SCÈNE II. Perrette, Madame Simon, venant de la chambre.</head>
<sp who="MADAME SIMON"><speaker>MADAME SIMON.</speaker>
<p id="1">
	<s id="1">Eh ben donc, lambine ! </s>
	<s id='2'>Arrives-tu avec ce savon ?</s>
</p>
</sp>
<sp who="PERRETTE"><speaker>PERRETTE.</speaker>
<p id="2">
	<s id="1">Le v'là, madame.</s>
</p>
</sp>
<sp who="MADAME SIMON"><speaker>MADAME SIMON.</speaker>
<p id="3">
	<s id="1">Allons, va-t'en ben vite là-dedans me savonner c'te robe qu'est à tremper depis l' matin... </s>
	<s id='2'>Moi, je vas finir de nettoyer le manteau de l'abbé, qu'on doit venir chercher tantôt.</s>
</p>
</sp>
<sp who="PERRETTE"><speaker>PERRETTE.</speaker>
<p id="4">
	<s id="1">Madame, il y a aussi une veste d'un pauvre diable qu'est bien pressé.</s>
</p>
</sp>
<sp who="MADAME SIMON"><speaker>MADAME SIMON.</speaker>
<p id="5">
	<s id="1">Ah ben ! </s>
	<s id='2'>Oui, pressé ! </s>
	<s id='3'>Qu'il attende, qu'il attende, quittez donc tout ben vite. </s>
	<s id='4'>Pardi, pardi, chacun son tour. Allons, allons, allons, fais ce qu'on te dit, et donne-moi ce manteau. </s>
	<s id='5'>Je l'ai promis pour ce matin. </s>
	<s id='6'>I' n'y a pus qu'à le repasser ; chauffe-moi le fer.</s>
</p>
</sp>
<sp who="PERRETTE"><speaker>PERRETTE.</speaker>
<p id="6">
	<s id="1">En v'là un sus l' réchaud.</s>
</p>
</sp>
<sp who="MADAME SIMON"><speaker>MADAME SIMON.</speaker>
<p id="7">
	<s id="1">C'est bon, va savonner.</s>
</p>
</sp>
<sp who="PERRETTE"><speaker>PERRETTE.</speaker>
<p id="8">
	<s id="1">J'y vas madame.</s>
</p>
<stage type="aparte/exit">Aparté, en s'en allant.</stage>
<p id='9'>
	<s id='1'>Je parlerons au bourgeois quand i' rentrera.</s>
</p>
</sp>
</div2>
<div2 type="scene" n='3'><head>SCÈNE III.</head>
<sp who='MADAME SIMON'><speaker>MADAME SIMON.</speaker>
<p id='1'>
	<s id='1'>Queu diable de goût que ça sent donc, ce manteau ? </s>
	<s id='2'>Ça porte à la tête. </s>
	<s id='3'>Ces ferluquets d'abbés, ça a toujours un tas d'odeurs dans leurs poches. </s>
	<s id='4'>Ça approche des femmes, ça va aux toilettes. </s>
	<s id='5'>C'est queuqu' essence. La chaleur fait sortir ça. </s>
	<s id='6'>C'est fort comme tout.</s>
</p>
</sp>
</div2>
<div2 type="scene" n='4'><head>SCÈNE IV. Madame Simon, Simon, rentre avec un paquet.</head>
<sp stage="toward" who='SIMON'><speaker>SIMON, à lui-même.</speaker>
<p id='1'>
	<s id='1'>Mais ce n'est-i' pas un sort donc ça !</s>
</p>
</sp>
<sp who="MADAME SIMON"><speaker>MADAME SIMON.</speaker>
<p id="2">
	<s id="1">Qu'est-ce que t'as donc à gronder, Monsieur Simon ? </s>
	<s id='2'>Est-ce qu'on ne t'a pas donné d'argent ?</s>
</p>
</sp>
<sp who="SIMON"><speaker>SIMON.</speaker>
<p id="3">
	<s id="1">De l'argent ? </s>
	<s id='2'>Non, mais en place on m'a dit des sottises.</s>
</p>
</sp>
<sp who="MADAME SIMON"><speaker>MADAME SIMON.</speaker>
<p id="4">
	<s id="1">Des sottises ! </s>
	<s id='2'>Et pourquoi donc ça ?</s>
</p>
</sp>
<sp who="SIMON"><speaker>SIMON.</speaker>
<p id="5">
	<s id="1">Je te dis que ça m' passe, moi : faut qu'i' gn'y ait queuque chose là-dessous que je ne conçois pas. </s>
	<s id='2'>Vois-tu c't habit que je rapporte ?</s>
</p>
</sp>
<sp who="MADAME SIMON"><speaker>MADAME SIMON.</speaker>
<p id="6">
	<s id="1">Eh bien ! </s>
	<s id='2'>Après ?</s>
</p>
</sp>
<sp who="SIMON"><speaker>SIMON.</speaker>
<p id="7">
	<s id="1">Sens-le.</s>
</p>
</sp>
<sp who="MADAME SIMON"><speaker>MADAME SIMON.</speaker>
<p id="8">
	<s id="1">Ah ! </s>
	<s id='2'>C'est singulier... </s>
	<s id='3'>Quiens, vois-tu ce manteau ?</s>
</p>
</sp>
<sp who="SIMON"><speaker>SIMON.</speaker>
<p id="9">
	<s id="1">Eh bien ?</s>
</p>
</sp>
<sp who="MADAME SIMON"><speaker>MADAME SIMON.</speaker>
<p id="10">
	<s id="1">Flaire.</s>
</p>
</sp>
<sp who="SIMON"><speaker>SIMON.</speaker>
<p id="11">
	<s id="1">Ah ! Sarpédié !</s>
</p>
</sp>
<sp who="MADAME SIMON"><speaker>MADAME SIMON.</speaker>
<p id="12">
	<s id="1">C'est la même chose.</s>
</p>
</sp>
<sp who="SIMON"><speaker>SIMON.</speaker>
<p id="13">
	<s id="1">Mais, dis-moi donc un peu, toi, d'où diable est-ce que ça vient-i' ?</s>
</p>
</sp>
<sp who="MADAME SIMON"><speaker>MADAME SIMON.</speaker>
<p id="14">
	<s id="1">Je n'y comprends rien : ça ne serait pas du musc, queuquefois, échauffé ?</s>
</p>
</sp>
<sp who="SIMON"><speaker>SIMON.</speaker>
<p id="15">
	<s id="1">Bah ! </s>
	<s id='2'>Du musc ! </s>
	<s id='3'>Sûrement non, ni de l'ambe non pus, va ; et pis ce monsieur dit que c' goût-là n'était pas dans son habit avant.</s>
</p>
</sp>
<sp who="MADAME SIMON"><speaker>MADAME SIMON.</speaker>
<p id="16">
	<s id="1">C'est peut-être aussi dans les drogues que t'emploies. </s>
	<s id='2'>Faudrait y prendre garde, au moins.</s>
</p>
</sp>
<sp who="SIMON"><speaker>SIMON.</speaker>
<p id="17">
	<s id="1">Queu que tu me chantes dans mes drogues ? </s>
	<s id='2'>Quiens, depis le temps que je travaille, tu vas m'apprendre... </s>
	<s id='3'>Y a queuque chose là-dedans qui n'est pas naturel, je te dis... </s>
	<s id='4'>Qu'est-ce qu'est venu ici pendant que j'étais dehors ?</s>
</p>
</sp>
<sp who="MADAME SIMON"><speaker>MADAME SIMON.</speaker>
<note typ="L">Pré Saint-Gervais : Commune située à l'ouest de Paris entre Pantin, Bagnolet et Les Lilas.</note>
<p id="18">
	<s id="1">Il est venu d'abord c'te petite couturière qui a apporté son déshabillé d'indienne qu'all' s'est roulée dans l'herbe avec, au Pré-Saint-Gervais : il est tout taché.</s>
</p>
</sp>
<sp who="SIMON"><speaker>SIMON.</speaker>
<p id="19">
	<s id="1">Oh ! </s>
	<s id='2'>Ben ben ! </s>
	<s id='3'>Je l'i savonnerons, avec une petite lessive, i' n'y paraîtra pas après.</s>
</p>
</sp>
<sp who="MADAME SIMON"><speaker>MADAME SIMON.</speaker>
<p id="20">
	<s id="1">Y a encore là l'habit d'un milord qui était à parler d'affaires avec une danseuse sur le théâtre : il y a tombé un lampion dessus.</s>
</p>
</sp>
<sp who="SIMON"><speaker>SIMON.</speaker>
<p id="21">
	<s id="1">Aussi pourquoi va-t-il se fourrer là ? </s>
	<s id='2'>On dit que gn'y a rien de si tachant que ces coulisses !</s>
</p>
</sp>
<sp who="MADAME SIMON"><speaker>MADAME SIMON.</speaker>
<p id="22">
	<s id="1">La petite voisine de là devant a aussi apporté sa robe de noce.</s>
</p>
</sp>
<sp who="SIMON"><speaker>SIMON.</speaker>
<p id="23">
	<s id="1">Bah ! </s>
	<s id='2'>Est-ce qu'elle est déjà tachée ?</s>
</p>
</sp>
<sp who="MADAME SIMON"><speaker>MADAME SIMON.</speaker>
<p id="24">
	<s id="1">All' a été au bal avec, à ce qu'all' dit, on l'y a fait prendre des confitures, des glaces... </s>
	<s id='2'>Si ben qu'elle a tout poissé sa garniture.</s>
</p>
</sp>
<sp who="SIMON"><speaker>SIMON.</speaker>
<p id="25">
	<s id="1">Ah ! </s>
	<s id='2'>Dame ! </s>
	<s id='3'>V'là le danger qu'i' y a à être sur sa bouche : c'est pas la première qui s'y est attrapée, va. </s>
	<s id='4'>Eh ! </s>
	<s id='5'>Dis donc ? </s>
	<s id='6'>La besogne que je t'avais laissée est-elle faite ? </s>
	<s id='7'>M'as-tu dégraissé le dos de c't avocat ?</s>
</p>
</sp>
<sp who="MADAME SIMON"><speaker>MADAME SIMON.</speaker>
<p id="26">
	<s id="1">Oui, on l'i a reporté ce matin.</s>
</p>
</sp>
<sp who="SIMON"><speaker>SIMON.</speaker>
<note type="L">Faraud : Qui est fier de son allure.</note>
<p id="27">
	<s id="1">M'as-tu savonné le côté gauche de ce faraud qui fait toujours chapeau sous le bras ?</s>
</p>
</sp>
<sp who="MADAME SIMON"><speaker>MADAME SIMON.</speaker>
<p id="28">
	<s id="1">Y a beau temps. </s>
	<s id='2'>J'ai décrassé aussi le frac de ce Gascon.</s>
</p>
</sp>
<sp who="SIMON"><speaker>SIMON.</speaker>
<p id="29">
	<s id="1">C'est une bonne pratique que celui-là ! </s>
	<s id='2'>N'est-ce pas déjà sa cinquième lessive ?</s>
</p>
</sp>
<sp who="MADAME SIMON"><speaker>MADAME SIMON.</speaker>
<p id="30">
	<s id="1">Oui, ma foi. </s>
	<s id='2'>S'il le rapporte encore, j'ai ben peur qu'il ne reste tout entier dans la chaudière.</s>
</p>
</sp>
<sp who="SIMON"><speaker>SIMON.</speaker>
<p id="31">
	<s id="1">Ma foi, c'est son affaire... </s>
	<s id='2'>À propos, l'habit de ce procureur, il fallait ben le soigner celui-là : tu sais qu'il est difficile comme tout à servir.</s>
</p>
</sp>
<sp who="MADAME SIMON"><speaker>MADAME SIMON.</speaker>
<p id="32">
	<s id="1">Ah ! </s>
	<s id='2'>C'est que ces messieurs-là, vois-tu, se connaissent en dégraissage.</s>
</p>
</sp>
<sp who="SIMON"><speaker>SIMON.</speaker>
<p id="33">
	<s id="1">Allons, mets-moi tout ça à part, pour quand on le viendra chercher que ça soit prêt : je vais travailler là-dedans.</s>
</p>
</sp>
</div2>
<div2 type="scene" n='5'><head>SCÈNE V. Madame Simon, Mademoiselle Courtois, Un Suisse, entrant un peu après.</head>
<sp who='MADEMOISELLE COURTOIS'><speaker>MADEMOISELLE COURTOIS.</speaker>
<p id='1'>
	<s id='1'>Votre servante, Madame Simon, je viens chercher la robe de Madame.</s>
</p>
</sp>
<sp who="MADAME SIMON"><speaker>MADAME SIMON.</speaker>
<p id="2">
	<s id="1">Ah ! </s>
	<s id='2'>La v'là, Mam'selle ; j'allais vous la reporter.</s>
</p>
</sp>
<sp who="LE SUISSE"><speaker>LE SUISSE.</speaker>
<p id="3">
	<s id="1">Dire ein peu, vous, matame ou matemoiselle, l'y être ici la dégraisseur ?</s>
</p>
</sp>
<sp who="MADAME SIMON"><speaker>MADAME SIMON.</speaker>
<p id="4">
	<s id="1">Oui : voulez-vous lui parler ?</s>
</p>
</sp>
<sp who="LE SUISSE"><speaker>LE SUISSE.</speaker>
<p id="5">
	<s id="1">Non : ché fouloir que lui parle pour moi.</s>
</p>
</sp>
<sp who="MADAME SIMON"><speaker>MADAME SIMON.</speaker>
<p id="6">
	<s id="1">Eh ben ! </s>
	<s id='2'>I' va venir. </s>
	<s id='3'>Qu'est-ce qu'i' vous faut ?</s>
</p>
</sp>
<sp who="LE SUISSE"><speaker>LE SUISSE.</speaker>
<p id="7">
	<s id="1">Auparavant faire moi la plaisir prendre fous ein prise tabac.</s>
</p>
</sp>
<sp stage="get" who='MADAME SIMON'><speaker>MADAME SIMON, prenant du tabac.</speaker>
<p id='8'>
	<s id='1'>Après, voyons ?</s>
</p>
</sp>
<sp who="LE SUISSE"><speaker>LE SUISSE.</speaker>
<p id="9">
	<s id="1">Ein petite moment ; matemoiselle, encore faire moi l'honneur prendre aussi.</s>
</p>
</sp>
<sp who='MADEMOISELLE COURTOIS'><speaker>MADEMOISELLE COURTOIS.</speaker>
<p id='10'>
	<s id='1'>Je le veux bien, Monsieur, et je vous remercie.</s>
</p>
</sp>
<sp who="LE SUISSE"><speaker>LE SUISSE.</speaker>
<p id="11">
	<s id="1">Pon, afale, fort.</s>
</p>
<stage type="sneeze">Madame Simon éternue.</stage>
<p id='12'>
	<s id='1'>Ah ! </s>
	<s id='2'>Gouth ! </s>
	<s id='3'>À pressent faire la plaisir pour moucher ein peu.</s>
</p>
</sp>
<sp who='MADEMOISELLE COURTOIS'><speaker>MADEMOISELLE COURTOIS.</speaker>
<p id='13'>
	<s id='1'>Il est divertissant : mouchons-nous pour voir.</s>
</p>
</sp>
<sp who="MADAME SIMON"><speaker>MADAME SIMON.</speaker>
<p id="14">
	<s id="1">Mais où ce que tout ça nous menera enfin !</s>
</p>
</sp>
<sp who="LE SUISSE"><speaker>LE SUISSE.</speaker>
<p id="15">
	<s id="1">Faire toujours ; nous rire ben après.</s>
</p>
</sp>
<sp who="MADAME SIMON"><speaker>MADAME SIMON.</speaker>
<p id="16">
	<s id="1">Allons, voyons donc.</s>
</p>	
<stage type="blow">Elles se mouchent à diverses reprises aux commandements du Suisse.</stage>
</sp>
<sp who="LE SUISSE"><speaker>LE SUISSE.</speaker>
<p id="17">
	<s id="1">Fort... encore... assez...</s>
</p>
</sp>
<sp who='MADEMOISELLE COURTOIS'><speaker>MADEMOISELLE COURTOIS.</speaker>
<p id='18'>
	<s id='1'>Eh bien ! </s>
	<s id='2'>Que faut-il faire à présent ?</s>
</p>
</sp>
<sp who="LE SUISSE"><speaker>LE SUISSE.</speaker>
<p id="19">
	<s id="1">À c't' heure, recarte-vous ici.</s>
</p>
<stage type="show">Il montre une culotte.</stage>
</sp>
<sp who="MADAME SIMON"><speaker>MADAME SIMON.</speaker>
<p id="20">
	<s id="1">Qu'est-ce que c'est que ça ?</s>
</p>
</sp>
<sp who="LE SUISSE"><speaker>LE SUISSE.</speaker>
<p id="21">
	<s id="1">Fous connaître pas ?</s>
</p>
</sp>
<sp who="MADAME SIMON"><speaker>MADAME SIMON.</speaker>
<p id="22">
	<s id="1">Pardine ! </s>
	<s id='2'>C'est...</s>
</p>
</sp>
<sp who="LE SUISSE"><speaker>LE SUISSE.</speaker>
<p id="23">
	<s id="1">Justement ! </s>
	<s id='2'>Vot' mari rendre pour moi hier, faire la plaisir toutes les teux pour sentir là tetans.</s>
</p>
</sp>
<sp stage="aparte" who='MADAME SIMON'><speaker>MADAME SIMON, aparté.</speaker>
<p id='24'>
	<s id='1'>Ah ! </s>
	<s id='2'>Je me doute de ce que c'est.</s>
</p>
</sp>
<sp stage="toward" who='LE SUISSE'><speaker>LE SUISSE, à Mademoiselle Courtois.</speaker>
<p id='25'>
	<s id='1'>À fous, matemoiselle.</s>
</p>
</sp>
<sp stage="push" who='MADEMOISELLE COURTOIS'><speaker>MADEMOISELLE COURTOIS, le repoussant.</speaker>
<p id='26'>
	<s id='1'>Laissez donc : cela sent mauvais.</s>
</p>
</sp>
<sp who="MADAME SIMON"><speaker>MADAME SIMON.</speaker>
<p id="27">
	<s id="1">Pardine ! </s>
	<s id='2'>C'est assez naturel.</s>
</p>
</sp>
<sp who="LE SUISSE"><speaker>LE SUISSE.</speaker>
<p id="28">
	<s id="1">Non, matame, l'y être pas naturel là tetans. </s>
	<s id='2'>J'afre taché ça à l'exercice afec ein cartouche. </s>
	<s id='3'>L'odeir la poudre à canon l'y être ein bon l'odeir, l'y être parfum pour les braves soldats... </s>
	<s id='4'>Mais celui-ci l'y être l'odeir pour l'ennemi quand il afre peir.</s>
</p>
</sp>
<sp stage="dress/toward" who='MADEMOISELLE COURTOIS'><speaker>MADEMOISELLE COURTOIS, qui a développé sa robe, dit au Suisse.</speaker>
<p id='29'>
	<s id='1'>Éloignez-vous donc, ça se communique... </s>
	<s id='2'>On dirait que ma robe sent de même.</s>
</p>
</sp>
<sp who="MADAME SIMON"><speaker>MADAME SIMON.</speaker>
<p id="30">
	<s id="1">Ah ! </s>
	<s id='2'>Nous voilà perdus.</s>
</p>
</sp>
<sp who='MADEMOISELLE COURTOIS'><speaker>MADEMOISELLE COURTOIS.</speaker>
<p id='31'>
	<s id='1'>Mais effectivement ; je ne sais si je me trompe.</s>
</p>
<stage type="toward">Au Suisse.</stage>
<p id='32'>
	<s id='1'>Voyez donc vous-même.</s>
</p>
</sp>
<sp stage="smell" who='LE SUISSE'><speaker>LE SUISSE, flairant la robe.</speaker>
<p id='33'>
	<s id='1'>La, l'y est aussi.</s>
</p>
</sp>
<sp who='MADEMOISELLE COURTOIS'><speaker>MADEMOISELLE COURTOIS.</speaker>
<p id='34'>
	<s id='1'>Madame Simon, qu'est-ce que cela veut donc dire ?</s>
</p>
</sp>
<sp who="MADAME SIMON"><speaker>MADAME SIMON.</speaker>
<p id="35">
	<s id="1">Ma foi, mademoiselle, je n'en sais rien.</s>
</p>
</sp>
<sp who='MADEMOISELLE COURTOIS'><speaker>MADEMOISELLE COURTOIS.</speaker>
<p id='36'>
	<s id='1'>Ah ! </s>
	<s id='2'>Bon Dieu ! </s>
	<s id='3'>Voilà une robe abîmée ! </s>
	<s id='4'>Je ne la reprendrai pas comme cela, Madame Simon.</s>
</p>
</sp>
<sp who="MADAME SIMON"><speaker>MADAME SIMON.</speaker>
<p id="37">
	<s id="1">Mais, ma chère demoiselle, comment voulez-vous donc que je fasse ?</s>
</p>
</sp>
<sp who='MADEMOISELLE COURTOIS'><speaker>MADEMOISELLE COURTOIS.</speaker>
<p id='38'>
	<s id='1'>Tout ce que vous voudrez, mais je ne l'emporterai pas : je vais avertir ma maîtresse, elle la prendra si cela lui convient.</s>
</p>
<stage type="exit">Elle sort.</stage>
</sp>
</div2>
<div2 type="scene" n='6'><head>SCÈNE VI. Madame Simon, Le Suisse, Simon.</head>
<sp who="SIMON"><speaker>SIMON.</speaker>
<p id="1">
	<s id="1">Ah ! </s>
	<s id='2'>Bonjour, camarade.</s>
</p>
<stage type="toward">À sa femme.</stage>
<p id='3'>
	<s id='1'>Qu'est-ce qui s'en va là ?</s>
</p>
</sp>
<sp who="MADAME SIMON"><speaker>MADAME SIMON.</speaker>
<p id="4">
	<s id="1">Ah ! </s>
	<s id='2'>Y a ben autre chose, va. </s>
	<s id='3'>C'est Mademoiselle Courtois, pour la robé de c'te comtesse, qu'est gâtée, et pis v'là monsieur qui n'est pas content non pus.</s>
</p>
</sp>
<sp who="LE SUISSE"><speaker>LE SUISSE.</speaker>
<p id="5">
	<s id="1">Non, cherny ! </s>
	<s id='2'>Je l'y être pas content.</s>
</p>
</sp>
<sp who="SIMON"><speaker>SIMON.</speaker>
<p id="6">
	<s id="1">Bon, bon, camarade, faut passer par là-dessus : pour un peu d'odeur, un soldat n'est pas si délicat.</s>
</p>
</sp>
<sp who="LE SUISSE"><speaker>LE SUISSE.</speaker>
<p id="7">
	<s id="1">Comment fentretiable ! </s>
	<s id='2'>Délicat !... </s>
	<s id='3'>Apprendre fous qu'ein l'odeir comme celui-là il déshonore l'uniforme.</s>
</p>
</sp>
<sp who="SIMON"><speaker>SIMON.</speaker>
<p id="8">
	<s id="1">Mais, au bout du compte, je ne suis pas responsable de tout ça, moi ; y a longtemps que je travaille. </s>
	<s id='2'>Je connais mes drogues, je fais l'ouvrage moi-même. </s>
	<s id='3'>Ainsi arrangez-vous, ceux qui ne sont pas contents n'ont qu'à se plaindre.</s>
</p>
</sp>
<sp who="LE SUISSE"><speaker>LE SUISSE.</speaker>
<p id="9">
	<s id="1">Qu'appelles-tu plaindre ?... </s>
	<s id='2'>Voir ben, camarate, la plainte l'y être là.</s>
</p>
<stage type="show">Montrant son sabre qu'il a tiré à moitié.</stage>
<p id='10'>
	<s id='1'>Charnitiaple !</s>
</p>
</sp>
<sp stage="frighten" who='MADAME SIMON'><speaker>MADAME SIMON, effrayée.</speaker>
<p id='11'>
	<s id='1'>Au secours !... </s>
	<s id='2'>À la garde !</s>
</p>
</sp>
</div2>
<div2 type="scene" n='7'><head>SCÈNE VII. Les Précédents, Perrette, accourant.</head>
<sp who="PERRETTE"><speaker>PERRETTE.</speaker>
<p id="1">
	<s id="1">Eh ben ! </s>
	<s id='2'>Eh ben ! </s>
	<s id='3'>Quoi qu'y a donc ?</s>
</p>
</sp>
<sp who="MADAME SIMON"><speaker>MADAME SIMON.</speaker>
<p id="2">
	<s id="1">Allez ben vite, Perrette ; allez chercher la garde, le commissaire.</s>
</p>
</sp>
<sp who="LE SUISSE"><speaker>LE SUISSE.</speaker>
<p id="3">
	<s id="1">Ah ! </s>
	<s id='2'>Terteiffle ! </s>
	<s id='3'>La carte, la commissaire, la tiaple... après fous l'y affre raison. </s>
	<s id='4'>Ché pensir pas tout de suite. Ch'aller moi-même pour chercher la commissaire, ch'apporte ici, et quand il n'a pas faire moi chustice, ché parle après pour toi. Atieu, camarate ; tout à l'heure je reviendrai dégraisser ton poutique.</s>
</p>
<stage type="exit">Il s'en va.</stage>
</sp>
</div2>
<div2 type="scene" n='8'><head>SCÈNE VIII. Simon, Mme Simon, Perrette</head>
<sp who="SIMON"><speaker>SIMON.</speaker>
<p id="1">
	<s id="1">Mais d'où ça peut-i' donc provenir ? </s>
	<s id='2'>Faut que je dérangions la boutique pour voir un peu ce qui occasionne ça. </s>
	<s id='3'>Perrette, tu n'aurais pas idée de queuq' chose, toi ?</s>
</p>
</sp>
<sp who="PERRETTE"><speaker>PERRETTE.</speaker>
<p id="2">
	<s id="1">Ah ! </s>
	<s id='2'>Ma fine non... </s>
	<s id='3'>À moins que ca ne soit queuquefois d'une veste qu'on a apportée l'aut' soir, que j'avons oublié de vous en parler.</s>
</p>
</sp>
<sp who="SIMON"><speaker>SIMON.</speaker>
<p id="3">
	<s id="1">Une veste ! </s>
	<s id='2'>Et où que c'est que tu l'as fourrée ?</s>
</p>
</sp>
<sp who="PERRETTE"><speaker>PERRETTE.</speaker>
<p id="4">
	<s id="1">Par là, dans c'tas d'hardes qu'était dans le coin.</s>
</p>
</sp>
<sp who="MADAME SIMON"><speaker>MADAME SIMON.</speaker>
<p id="5">
	<s id="1">Voyons donc un peu pour que je voie à voir ça.</s>
</p>
<stage type="pack">Ils dérangent tous les hardes.</stage>
<p id='6'>
	<s id='1'>Ah ! </s>
	<s id='2'>Quiens ! </s>
	<s id='3'>Not' homme, c'est p't-êt' ça ?</s>
</p>
<stage type="show">Elle lui montre une veste.</stage>
</sp>
<sp who="SIMON"><speaker>SIMON.</speaker>
<p id="7">
	<s id="1">Voyons, donne. </s>
	<s id='2'>Ah ! </s>
	<s id='3'>Sarpedié ! </s>
	<s id='4'>V'là le pot aux roses.</s>
</p>
<stage type="toward">À Perrette.</stage>
<p id="8">
	<s id="1">Comment, misérab', t'es assez idiote pour me mettre une vilainie comme ça à travers mes habits, que v'là tout qu'est empoisonné à c't' heure-ci ?</s>
</p>
</sp>
<sp who="PERRETTE"><speaker>PERRETTE.</speaker>
<p id="9">
	<s id="1">Dame, Monsieur, j'avais cru ben faire.</s>
</p>
</sp>
<sp who="MADAME SIMON"><speaker>MADAME SIMON.</speaker>
<p id="10">
	<s id="1">Mais, grosse bête que vous êtes, est-ce que vous ne sentiez rien donc, quand vous avez pris c'te veste ?</s>
</p>
</sp>
<sp who="PERRETTE"><speaker>PERRETTE.</speaker>
<p id="11">
	<s id="1">Pardon, excuse, Madame : je sentons assez d'habitude, mais j'équions enchifernée ce soir-là.</s>
</p>
</sp>
<sp who="SIMON"><speaker>SIMON.</speaker>
<p id="12">
	<s id="1">Ah ! </s>
	<s id='2'>La malheureuse ! </s>
	<s id='3'>Quiens ! </s>
	<s id='4'>Ôte-toi de devant moi, car je t'étranglerais, vois-tu ! </s>
</p>
<stage type="toward">À sa femme.</stage>
<p id='13'>
	<s id='1'>Gn'y a pas à dire non, je sommes dans not' tort : j'avons gâté les habits de tout ce monde.</s>
</p>
</sp>
<sp who="MADAME SIMON"><speaker>MADAME SIMON.</speaker>
<p id="14">
	<s id="1">C'est c'te chienne de veste qu'est cause de tout ça, tenez.</s>
</p>
</sp>
<sp who="SIMON"><speaker>SIMON.</speaker>
<p id="15">
	<s id="1">Ôte-la d'ici, ta maudite veste et que le diabe la puisse emporter.</s>
</p>
<stage type="throw/toward">Mme Simon jette la veste par la fenêtre. À Perrette.</stage>
<p id='16'>
	<s id='1'>Et toi, coquine, tu me le payeras : voyez un peu s'il est possible d'être aussi étourdie que ça.</s>
</p>
</sp>
<sp who="PERRETTE"><speaker>PERRETTE.</speaker>
<p id="17">
	<s id="1">Dame ! </s>
	<s id='2'>Monsieur, le soir comme ça...</s>
</p>
</sp>
<sp who="SIMON"><speaker>SIMON.</speaker>
<p id="18">
	<s id="1">Tiens, tais-toi, crois-moi... </s>
	<s id='2'>Va faire ton paquet et apporte-moi tes comptes ; c'est ton pus court. </s>
	<s id='3'>Va-t'en l'y régler ça, Mme Simon... </s>
	<s id='4'>Je ne m'étonne pus à présent.</s>
</p>
<stage type="exit">Madame Simon et Perrette sortent.</stage>
<p id='19'>
	<s id='1'>Quiens ! </s>
	<s id='2'>Qu'est-ce qui vient encore ?</s>
</p>
</sp>
</div2>
<div2 type="scene" n='9'><head>SCÈNE IX. Simon, Janot.</head>
<sp who="JANOT"><speaker>JANOT.</speaker>
<p id="1">
	<s id="1">Monsieur, c'est-i' vous même que j'ai l'honneur de parler qu'êtes le dégraisseur ?</s>
</p>
</sp>
<sp who="SIMON"><speaker>SIMON.</speaker>
<p id="2">
	<s id="1">Oui : quoique vous me voulez ?</s>
</p>
</sp>
<sp who="JANOT"><speaker>JANOT.</speaker>
<p id="3">
	<s id="1">Moi ! </s>
	<s id='2'>Oh ! </s>
	<s id='3'>Je viens exprès pour queuque chose peut-être.</s>
</p>
</sp>
<sp who="SIMON"><speaker>SIMON.</speaker>
<p id="4">
	<s id="1">Mais encore, de queue part ?</s>
</p>
</sp>
<sp who="JANOT"><speaker>JANOT.</speaker>
<p id="5">
	<s id="1">Bon ! </s>
	<s id='2'>De queue part ? </s>
	<s id='3'>Et pardi ! </s>
	<s id='4'>De la mienne. </s>
	<s id='5'>Est-ce qu'on ne vous a pas parlé de ça, c'te demoiselle, avec son savon de tantôt que j'y ai donné l'autre soir ma veste ?</s>
</p>
</sp>
<sp who="SIMON"><speaker>SIMON.</speaker>
<p id="6">
	<s id="1">Ah ! </s>
	<s id='2'>Ah ! </s>
	<s id='3'>Un petit instant. </s>
	<s id='4'>Quoi que vous me dites donc là ? </s>
	<s id='5'>Vous venez pour eune veste ?</s>
</p>
</sp>
<sp who="JANOT"><speaker>JANOT.</speaker>
<p id="7">
	<s id="1">Eh ! </s>
	<s id='2'>Sûrement, où ce qu'il y a teu un petit accident dont ce que je viens la rechercher.</s>
</p>
</sp>
<sp who="SIMON"><speaker>SIMON.</speaker>
<p id="8">
	<s id="1">Dites-moi donc un peu, pays, quoi qu'il gn'y avait donc sus vot' veste ?</s>
</p>
</sp>
<sp who="JANOT"><speaker>JANOT.</speaker>
<p id="9">
	<s id="1">Eh ben ! </s>
	<s id='2'>Est-ce qu'on vous l'a pas dit ? </s>
	<s id='3'>C'est des taches, comme j'ai expliqué à vot' fille... de cambouis.</s>
</p>
</sp>
<sp who="SIMON"><speaker>SIMON.</speaker>
<p id="10">
	<s id="1">De cambouis !... </s>
	<s id='2'>Ne vous trompez-vous pas ?</s>
</p>
</sp>
<sp who="JANOT"><speaker>JANOT.</speaker>
<p id="11">
	<s id="1">Quiens, regarde donc comme il fait là le malin, comme s'il n'avait pas ben vu par lui-même ce que c'était.</s>
</p>
</sp>
<sp who="SIMON"><speaker>SIMON.</speaker>
<p id="12">
	<s id="1">Ah ! </s>
	<s id='2'>Je commence à me douter de queuque chose.</s>
</p>
</sp>
<sp who="JANOT"><speaker>JANOT.</speaker>
<p id="13">
	<s id="1">Pardine! </s>
	<s id='2'>Le gros sorcier ! </s>
	<s id='3'>C'est ben difficile.</s>
</p>
</sp>
<sp who="SIMON"><speaker>SIMON.</speaker>
<p id="14">
	<s id="1">C'est c'te vilaine veste que...</s>
</p>
</sp>
<sp who="JANOT"><speaker>JANOT.</speaker>
<p id="15">
	<s id="1">Vilaine ! </s>
	<s id='2'>Oh ! </s>
	<s id='3'>Mais i' ne faut pas la mépriser da, parce que c'était un présent qu'i' m'avait apporté au jour de l'an, mon parrain, pour mes étrennes, de quatre lieues, dans un pot de chambre, où ce qu'il était venu tout exprès.</s>
</p>
</sp>
<sp who="SIMON"><speaker>SIMON.</speaker>
<p id="16">
	<s id="1">Mais je dis, c'est c'te veste qui sentait si fort ?</s>
</p>
</sp>
<sp who="JANOT"><speaker>JANOT.</speaker>
<p id="17">
	<s id="1">Oh ! </s>
	<s id='2'>Oui, pour ça, par exempe, on peut ben dire que je n'avais pas été manqué, pas vrai, de ce coup-là ?</s>
</p>
</sp>
<sp who="SIMON"><speaker>SIMON.</speaker>
<p id="18">
	<s id="1">Ah ! </s>
	<s id='2'>Je nous y v'là donc. </s>
	<s id='3'>Comment ! </s>
	<s id='4'>Vilain indigne que vous êtes, c'est donc vous qui apportez des vestes comme ça pour dégraisser ?</s>
</p>
</sp>
<sp who="JANOT"><speaker>JANOT.</speaker>
<p id="19">
	<s id="1">Eh ! </s>
	<s id='2'>Pardi ! </s>
	<s id='3'>Oui, c'est moi-même. </s>
	<s id='4'>Fallait-il pas la garder comme ça ?</s>
</p>
</sp>
<sp who="SIMON"><speaker>SIMON.</speaker>
<p id="20">
	<s id="1">Comment ! </s>
	<s id='2'>Vous n'avez pas de honte ?</s>
</p>
</sp>
<sp who="JANOT"><speaker>JANOT.</speaker>
<p id="21">
	<s id="1">Quiens, de la honte pour faire enlever une tache ?</s>
</p>
</sp>
<sp who="SIMON"><speaker>SIMON.</speaker>
<p id="22">
	<s id="1">Une tache ! </s>
	<s id='2'>Ne tache ! </s>
	<s id='3'>On ne se tache pas avec ces choses-là.</s>
</p>
</sp>
<sp who="JANOT"><speaker>JANOT.</speaker>
<p id="23">
	<s id="1">Queu chien de conte ! </s>
	<s id='2'>Quand on voudra se faire tacher, faudra-t-i' pas vous venir demander avec quoi ?</s>
</p>
</sp>
<sp who="SIMON"><speaker>SIMON.</speaker>
<p id="24">
	<s id="1">Eh ! </s>
	<s id='2'>Ventrebleu ! </s>
	<s id='3'>I' gn'y a que des cochons et des malpropres qui s'arrangent comme ça.</s>
</p>
</sp>
<sp who="JANOT"><speaker>JANOT.</speaker>
<p id="25">
	<s id="1">Malpropre toi-même. </s>
	<s id='2'>Voyez donc un peu comme il est difficile, et c'est ça qui te fait vivre, les malpropres.</s>
</p>
</sp>
<sp who="SIMON"><speaker>SIMON.</speaker>
<p id="26">
	<s id="1">Malpropre tant qu'on voudra, mais encore on ne se tache pas avec de certaines choses que...</s>
</p>
</sp>
<sp who="JANOT"><speaker>JANOT.</speaker>
<p id="27">
	<s id="1">Et je veux me tacher avec ça, moi, là. </s>
	<s id='2'>Chacun a son goût p't-êt'. </s>
	<s id='3'>Vous n'êtes pas dégraisseur pour rien, au bout du compte.</s>
</p>
</sp>
<sp who="SIMON"><speaker>SIMON.</speaker>
<p id="28">
	<s id="1">Eh ben ! </s>
	<s id='3'>Tache-toi avec le diab' si tu veux ; va te promener.</s>
</p>
</sp>
<sp who="JANOT"><speaker>JANOT.</speaker>
<p id="29">
	<s id="1">Promener ! </s>
	<s id='2'>Oui, je viens exprès la chercher pour y aller, ma veste, à la promenade : est-elle prête ?</s>
</p>
</sp>
<sp who="SIMON"><speaker>SIMON.</speaker>
<p id="30">
	<s id="1">Ta veste ? </s>
	<s id='2'>Oh ! </s>
	<s id='3'>Ma foi, elle est peut-être bien loin à l'heure qu'il est.</s>
</p>
</sp>
<sp who="JANOT"><speaker>JANOT.</speaker>
<p id="31">
	<s id="1">Ah ! </s>
	<s id='2'>Çà, queu que ça veut donc dire c'te façon-là avec quoi que vous me parlez ? </s>
	<s id='3'>C'est-i' que vous vous en moquez, dites donc un peu, Monsieur, de moi ou de ma veste ?</s>
</p>
</sp>
<sp who="SIMON"><speaker>SIMON.</speaker>
<p id="32">
	<s id="1">Je te dis qu'elle est loin, ta veste, si elle court toujours.</s>
</p>
</sp>
<sp who="JANOT"><speaker>JANOT.</speaker>
<p id="33">
	<s id="1">Comment ! </s>
	<s id='2'>Si all' court ? </s>
	<s id='3'>Mais, jarni ! </s>
	<s id='4'>Je crois ben qu'all' ne doit pas courir, entendez-vous ben ça, qu'avec mes pieds, ou bien c'est que... </s>
	<s id='5'>Je vous la ferai payer, moi, la course qu'elle fera.</s>
</p>
</sp>
<sp who="SIMON"><speaker>SIMON.</speaker>
<p id="34">
	<s id="1">Toi !</s>
</p>
</sp>
<sp who="JANOT"><speaker>JANOT.</speaker>
<p id="35">
	<s id="1">Oui-da, moi. </s>
	<s id='2'>Oh ! </s>
	<s id='3'>C'est que je ne suis pas si bête, non, à présent, depis que je fréquente Dodinet, comme j'étais les autres fois.</s>
</p>
</sp>
<sp who="SIMON"><speaker>SIMON.</speaker>
<p id="36">
	<s id="1">Oh ! </s>
	<s id='2'>Çà, écoute-moi : je n'ai pas dégraissé ta veste, mais si tu ne t'en vas bientôt, je te vas dégraisser les épaules, entends-tu bien ça ?</s>
</p>
</sp>
<sp who="JANOT"><speaker>JANOT.</speaker>
<p id="37">
	<s id="1">Oui-da ! </s>
	<s id='2'>C'est pas de ton métier ça : mais pisque tu le prends par là, j'allons voir ça. </s>
	<s id='3'>Commence toujours par me rendre ma veste, ou sinon...</s>
</p>
</sp>
<sp who="SIMON"><speaker>SIMON.</speaker>
<p id="38">
	<s id="1">Qu'est-ce que tu feras ?</s>
</p>
</sp>
<sp who="JANOT"><speaker>JANOT.</speaker>
<p id="39">
	<s id="1">Qu'est-ce que je ferai ? </s>
	<s id='2'>Tu le verras.</s>
</p>
</sp>
<sp who="SIMON"><speaker>SIMON.</speaker>
<p id="40">
	<s id="1">Eh ben ! </s>
	<s id='2'>Voyons donc. </s>
	<s id='3'>Ma femme l'a jetée par la fenêtre, ta veste, et le diable l'a emportée depuis.</s>
</p>
</sp>
<sp who="JANOT"><speaker>JANOT.</speaker>
<p id="41">
	<s id="1">Ah ! </s>
	<s id='2'>Sainte Béthanie ! </s>
	<s id='3'>Tu l'as jetée par la fenête ! </s>
	<s id='4'>Une veste de Saint-Germain, que mon parrain m'avait donnée au bout de six mois, de son onque, qui ne l'avait portée que deux ans, qu'alle était toute flambante neuve.</s>
</p>
</sp>
<sp who="SIMON"><speaker>SIMON.</speaker>
<p id="42">
	<s id="1">Va, va, console-toi : alle se nettoyera dans queuque ruisseau.</s>
</p>
</sp>
<sp who="JANOT"><speaker>JANOT.</speaker>
<p id="43">
	<s id="1">Dans queuque ruisseau ! </s>
	<s id='2'>Ah ! </s>
	<s id='3'>Jarni ! </s>
	<s id='4'>Ça me tourne tout mon sang... </s>
	<s id='5'>Mais ne crais pas que j'en serai la dupe, non. </s>
	<s id='6'>Je te rendrai celle-là, quand tu me rendras la mienne.</s>
</p>
<stage type="get">Il s'empare d'un paquet.</stage>
</sp>
<sp stage="hit" who='SIMON'><speaker>SIMON, se jetant sur lui.</speaker>
<p id='44'>
	<s id='1'>Ah ! </s>
	<s id='2'>Coquin, tu me voles !</s>
</p>
</sp>
<sp who="JANOT"><speaker>JANOT.</speaker>
<p id="45">
	<s id="1">C'est toi qui me voles, moi je reprends mon bien.</s>
</p>
<stage type="fight">Ils se battent.</stage>
</sp>
</div2>
<div2 type="scene" n='10'><head>SCÈNE X. Les Précédents, Madame Simon.</head>
<sp who="MADAME SIMON"><speaker>MADAME SIMON.</speaker>
<p id="1">
	<s id="1">Eh ben ! </s>
	<s id='2'>Queu train que c'est donc là !</s>
</p>
</sp>
<sp who="SIMON"><speaker>SIMON.</speaker>
<p id="2">
	<s id="1">Quiens, femme, v'là l'homme à la veste.</s>
</p>
</sp>
<sp who="MADAME SIMON"><speaker>MADAME SIMON.</speaker>
<p id="3">
	<s id="1">Quoi, c'est vous qui...</s>
</p>
</sp>
<sp who="JANOT"><speaker>JANOT.</speaker>
<p id="4">
	<s id="1">Sans doute ! </s>
	<s id='2'>C'est moi. </s>
	<s id='3'>Allez-vous pas fourrer vot' nez là aussi, vous ?</s>
</p>
</sp>
<sp who="MADAME SIMON"><speaker>MADAME SIMON.</speaker>
<p id="5">
	<s id="1">Oh ben ! </s>
	<s id='2'>Vous ne risquez rien... </s>
	<s id='3'>Comment c'est vous qui vous accommodez comme çà !</s>
</p>
</sp>
<sp who="JANOT"><speaker>JANOT.</speaker>
<p id="6">
	<s id="1">Quiens, m'ame Propet ! </s>
	<s id='2'>Passez donc un peu sous une fenêt' pour voir, et pis que tout d'un coup un queuq'zun sans rien dire sus vote robe, comme à moi, pan, vous auriez le nez ; cassé après... </s>
	<s id='3'>J'emporte ça toujours.</s>
</p>
</sp>
<sp who="SIMON"><speaker>SIMON.</speaker>
<p id="7">
	<s id="1">Arrête-le : ferme la porte, ma femme.</s>
</p>
</sp>
</div2>
<div2 type="scene" n='11'><head>SCÈNE XI. Les Précédents, Le Suisse.</head>
<sp who="LE SUISSE"><speaker>LE SUISSE.</speaker>
<p id="1">
	<s id="1">Ch' apporte le commissaire, nous voir à c't heure.</s>
</p>
</sp>
<sp who="JANOT"><speaker>JANOT.</speaker>
<p id="2">
	<s id="1">Le commissaire ! </s>
	<s id='2'>Ah ! </s>
	<s id='3'>Jarni ! </s>
	<s id='4'>Je me sauve.</s>
</p>
</sp>
<sp who="LE SUISSE"><speaker>LE SUISSE.</speaker>
<p id="3">
	<s id="1">Où ce que toi allir ? </s>
	<s id='2'>Qu'est-ce que l'i être là ?</s>
</p>
</sp>
<sp who="JANOT"><speaker>JANOT.</speaker>
<p id="4">
	<s id="1">Monsieur, c'est un coquin qui ne veut pas me rendre ma veste.</s>
</p>
</sp>
<sp who="LE SUISSE"><speaker>LE SUISSE.</speaker>
<p id="5">
	<s id="1">Pon. </s>
	<s id='2'>L'i être un fripon encore avec moi. </s>
	<s id='3'>Reste là aussi, toi : tout à l'heure faire ton plainte.</s>
</p>
</sp>
<sp who="JANOT"><speaker>JANOT.</speaker>
<p id="6">
	<s id="1">Oh ! </s>
	<s id='2'>Non pas, Monsieur, je sais trop ben ce qu'en vaut l'aune des plaintes, à présent.</s>
</p>
</sp>
</div2>
<div2 type="scene" n='12'><head>SCÈNE XII. Les Précédents, Le Clerc du Commissaire.</head>
<sp who="LE CLERC"><speaker>LE CLERC.</speaker>
<p id="1">
	<s id="1">Eh bien ! </s>
	<s id='2'>Madame, qu'est-ce que c'est donc que cela ? </s>
	<s id='3'>Voilà plusieurs personnes qui se plaignent de vous. </s>
	<s id='4'>On dit que vous employez de mauvaises drogues et que vous mécontentez toutes vos pratiques. </s>
	<s id='5'>Si cela continue, on sera obligé de faire fermer votre boutique.</s>
</p>
</sp>
<sp who="LE SUISSE"><speaker>LE SUISSE.</speaker>
<p id="2">
	<s id="1">Ia, fermer son boutique, mais auparavant il payir mon culotte.</s>
</p>
</sp>
<sp stage="toward" who='JANOT'><speaker>JANOT, au Suisse.</speaker>
<p id='3'>
	<s id='1'>Oui, et ma veste aussi, Monsieur.</s>
</p>
</sp>
<sp who="MADAME SIMON"><speaker>MADAME SIMON.</speaker>
<p id="4">
	<s id="1">Ah ! </s>
	<s id='2'>Monsieur le commissaire, ce sont de mauvaises langues...</s>
</p>
</sp>
<sp who="LE CLERC"><speaker>LE CLERC.</speaker>
<p id="5">
	<s id="1">Madame, il n'est pas question de nier, il faut répondre sur les faits.</s>
</p>
</sp>
<sp who="SIMON"><speaker>SIMON.</speaker>
<p id="6">
	<s id="1">Oui, oui, Monsieur. </s>
	<s id='2'>Tais-toi, femme, laisse-moi parler. </s>
	<s id='3'>V'là la vérité de tout, Monsieur : mes drogues sont bonnes, mais tout ça est venu par un équiproquo, que c'est ce petit drôle-là qu'en est cause.</s>
</p>
</sp>
<sp stage="toward" who='LE SUISSE'><speaker>LE SUISSE, à Janot.</speaker>
<p id='7'>
	<s id='1'>Terteiffle ! </s>
	<s id='2'>Toi l'i afre caté mon culotte ?</s>
</p>
</sp>
<sp who="JANOT"><speaker>JANOT.</speaker>
<p id="8">
	<s id="1">Moi, Monsieur ? Ça n'est pas vrai.</s>
</p>
</sp>
<sp stage="recognize" who='LE CLERC'><speaker>LE CLERC, le reconnaissant.</speaker>
<p id='9'>
	<s id='1'>Ah ! </s>
	<s id='2'>C'est toi. </s>
	<s id='3'>Que fais-tu donc là ?</s>
</p>
</sp>
<sp who="JANOT"><speaker>JANOT.</speaker>
<p id="10">
	<s id="1">Ah ! </s>
	<s id='2'>Monsieur, vous êtes ben bon de me reconnaître ! </s>
	<s id='3'>C'est que, sous vot' respect, vous savez ben le conseil d'un écu que vous m'avez donné l'aut' fois, de six francs, pour c't' aventure que vous m'avez dit, va te nettoyer ?</s>
</p>
</sp>
<sp who="LE CLERC"><speaker>LE CLERC.</speaker>
<p id="11">
	<s id="1">J'entends : tu as apporté ta veste ici ?</s>
</p>
</sp>
<sp who="JANOT"><speaker>JANOT.</speaker>
<p id="12">
	<s id="1">Oui, Monsieur. </s>
	<s id='2'>Que c'est Dodinet qui me l'a indiqué ; à présent i' me dit qu'on l'a jetée dans le ruisseau, sa femme !</s>
</p>
</sp>
<sp who="LE CLERC"><speaker>LE CLERC.</speaker>
<p id="13">
	<s id="1">Comment ! </s>
	<s id='2'>Comment m'arranges-tu cela ?</s>
</p>
</sp>
<sp who="SIMON"><speaker>SIMON.</speaker>
<p id="14">
	<s id="1">Écoutez-moi, Monsieur, v'là justement l'affaire. </s>
	<s id='2'>C'te maudite veste était toute...</s>
</p>
</sp>
<sp who="JANOT"><speaker>JANOT.</speaker>
<p id="15">
	<s id="1">I' n'y a pas besoin de mettre les i sur les points, Monsieur le commissaire sait ben.</s>
</p>
</sp>
<sp who="LE CLERC"><speaker>LE CLERC.</speaker>
<p id="16">
	<s id="1">Oui, oui : achevez.</s>
</p>
</sp>
<sp who="MADAME SIMON"><speaker>MADAME SIMON.</speaker>
<p id="17">
	<s id="1">Eh ben ! </s>
	<s id='2'>Monsieur, c'te chienne de veste s'est trouvée fourrée parmi les hardes qui étiont là, et elle a tout équipé, que les pratiques s'en plaignent à présent.</s>
</p>
</sp>
<sp who="LE CLERC"><speaker>LE CLERC.</speaker>
<p id="18">
	<s id="1">Ah ! </s>
	<s id='2'>Dame, c'est votre faute : c'était à vous de ne pas mettre cette veste avec les autres effets. </s>
	<s id='3'>Vous avez tort.</s>
</p>
</sp>
<sp who="LE SUISSE"><speaker>LE SUISSE.</speaker>
<p id="19">
	<s id="1">Assurément : mon culotte n'afre point affaire avec son veste.</s>
</p>
</sp>
<sp who="JANOT"><speaker>JANOT.</speaker>
<p id="20">
	<s id="1">Et par vengeance contre ma veste, il dit à présent qu'il l'a jetée dans la rue.</s>
</p>
</sp>
<sp who="LE CLERC"><speaker>LE CLERC.</speaker>
<p id="21">
	<s id="1">C'est encore un autre tort que vous avez.</s>
</p>
</sp>
<sp who="SIMON"><speaker>SIMON.</speaker>
<p id="22">
	<s id="1">Ah ! </s>
	<s id='2'>Ventrebleu ! </s>
	<s id='3'>V'là eune belle journée que j'avons fait là. </s>
	<s id='4'>Queux ressources y a-t-i' donc à ça ?</s>
</p>
</sp>
<sp who="LE CLERC"><speaker>LE CLERC.</speaker>
<p id="23">
	<s id="1">Il n'y en a pas d'autre que de réparer votre étourderie : donnez une veste à ce garçon en place de la sienne, et si l'odeur des effets endommagés ne passe pas, vous serez obligé de les payer.</s>
</p>
</sp>
<sp who="LE SUISSE"><speaker>LE SUISSE.</speaker>
<p id="24">
	<s id="1">L'l' être ein pon chuchment. </s>
	<s id='2'>Grand merci, monsir.</s>
</p>
<stage type="toward">À Simon.</stage>
<p id='25'>
	<s id='1'>Sans atieu, camarate ; che cours encore pour l'exercice, et je laisse ici le paquet. </s>
	<s id='2'>Temain nous finir entemplement. </s>
	<s id='3'>Atieu, monsir la commissaire.</s>
</p>
<stage type="exit">Il s'en va.</stage>
</sp>
</div2>
<div2 type="scene" n='13'><head>SCÈNE XIII. Les Précédents, sauf Le Suisse.</head>
<sp stage="toward" who='JANOT'><speaker>JANOT, au clerc.</speaker>
<p id='1'>
	<s id='1'>Monsieur se ressouviendra ben que ce n'est pas moi qui ai entamé la plainte c'te fois-ci.</s>
</p>
</sp>
<sp who="LE CLERC"><speaker>LE CLERC.</speaker>
<p id="2">
	<s id="1">Oui, oui : c'est par ricochet. </s>
	<s id='2'>Il ne t'en coûtera rien, au contraire. </s>
	<s id='3'>Allons, Monsieur Simon, mettez-vous à la raison et promettez à ce garçon de le dédommager.</s>
</p>
</sp>
<sp who="SIMON"><speaker>SIMON.</speaker>
<p id="3">
	<s id="1">Eh ben ! </s>
	<s id='2'>Puisqu'il le faut.</s>
</p>
</sp>
<sp who="JANOT"><speaker>JANOT.</speaker>
<p id="4">
	<s id="1">Ah ! </s>
	<s id='2'>Ce n'est pas la peine qu'il me promette. </s>
	<s id='3'>Je le tienrlrai bien quitte, pourvu qu'i' me donne...</s>
</p>
</sp>
<sp who="MADAME SIMON"><speaker>MADAME SIMON.</speaker>
<p id="5">
	<s id="1">Monsieur le commissaire, je ne demandons pas mieux que de nous exécuter ; mais c'est ben malheureux pour nous, toujours.</s>
</p>
</sp>
<sp who="LE CLERC"><speaker>LE CLERC.</speaker>
<p id="6">
	<s id="1">Toutes ces réflexions-là viennent trop tard, il fallait les faire auparavant : croyez-moi, finissez, et que cela vous serve d'avis pour une autre fois.</s>
</p>
</sp>
<sp who="SIMON"><speaker>SIMON.</speaker>
<p id="7">
	<s id="1">Eh ben ! </s>
	<s id='2'>J'ai là-dedans un petit habit tout neuf d'un faraud qui m'emporte encore de l'argent. </s>
	<s id='3'>Venez-vous-en l'essayer. </s>
	<s id='4'>Si i' vous va, je vous le donnerai : je ne peux pas mieux dire.</s>
</p>
</sp>
<sp who="JANOT"><speaker>JANOT.</speaker>
<p id="8">
	<s id="1">Ah ben ! </s>
	<s id='2'>Comme ça, je s'rons bientôt d'accord. </s>
	<s id='3'>Je n'ai pas pus de fiel, moi, au sujet de ma veste, qu'un pigeon, pourvu que j'en aye une meyeure, c'est tout d' même.</s>
</p>
</sp>
<sp who="LE CLERC"><speaker>LE CLERC.</speaker>
<p id="9">
	<s id="1">Allez, allez vous arranger, et une autre fois, Monsieur Simon, faites en sorte qu'on n'entende plus rien dire contre vous.</s>
</p>
</sp>
<sp who="SIMON"><speaker>SIMON.</speaker>
<p id="10">
	<s id="1">Oh ! </s>
	<s id='2'>J'y prendrons garde, allez : ça me vaut une bonne leçon.</s>
</p>
</sp>
<sp who="JANOT"><speaker>JANOT.</speaker>
<p id="11">
	<s id="1">Et moi, Monsieur le commissaire, drès que j'en aurai d'autres à faire, des plaintes, je vous promets ben que je n'irai pas à d'autres qu'à vous.</s>
</p>
</sp>
<sp who="LE CLERC"><speaker>LE CLERC.</speaker>
<p id="12">
	<s id="1">Je vous suis obligé de la préférence.</s>
</p>
</sp>
</div2>
<div2 type="scene" n='14'><head>SCÈNE XIV. Les Précédents, sauf Le Clerc.</head>
<sp stage="abrupt" who='SIMON'><speaker>SIMON, brusquement à Janot.</speaker>
<p id='1'>
	<s id='1'>Allons ! </s>
	<s id='2'>Marche là-dedans.</s>
</p>
</sp>
<sp who="JANOT"><speaker>JANOT.</speaker>
<p id="2">
	<s id="1">Oh ! </s>
	<s id='2'>Mais ne brutalise pas, da : car il n'est pas encore loin : je te ferais donner une redingote pour les intérêts, moi.</s>
</p>
<stage type="exit">Ils entrent au fond.</stage>
</sp>
</div2>
<div2 type="scene" n='14' stage="touch"><head>SCÈNE XV. Madame Simon, L'Abbé, donnant le bras à La Comtesse.</head>
<sp who="LA COMTESSE"><speaker>LA COMTESSE.</speaker>
<p id="1">
	<s id="1">Est-ce vous qui êtes Madame Simon ?</s>
</p>
</sp>
<sp who="MADAME SIMON"><speaker>MADAME SIMON.</speaker>
<p id="2">
	<s id="1">Pour vous obéir, Madame.</s>
</p>
</sp>
<sp who="LA COMTESSE"><speaker>LA COMTESSE.</speaker>
<p id="3">
	<s id="1">Que veut dire ma femme de chambre, d'une robe qu'elle a apportée ici et que vous avez gâtée ?</s>
</p>
</sp>
<sp who="MADAME SIMON"><speaker>MADAME SIMON.</speaker>
<p id="4">
	<s id="1">Hélas ! </s>
	<s id='2'>Madame, c'est un grand malheur où ce que n'y a pas de not' faute, que v'la déjà ben d' l'argent que je perdons par rapport à ça, et que je sommes ruinés, si vous n'avez pas pitié de nous.</s>
</p>
</sp>
<sp who="L'ABBÉ"><speaker>L'ABBÉ.</speaker>
<p id="5">
	<s id="1">Mais qu'est-ce que c'est donc que cet événement ? </s>
	<s id='2'>Qu'est-ce qui vous arrive ?</s>
</p>
</sp>
<sp who="MADAME SIMON"><speaker>MADAME SIMON.</speaker>
<p id="6">
	<s id="1">C'est par la faute d'une malheureuse fille de boutique qui a mêlé des effets où que ça s'est corrompu l'un par l'autre.</s>
</p>
</sp>
<sp who="L'ABBÉ"><speaker>L'ABBÉ.</speaker>
<p id="7">
	<s id="1">Comment donc ! </s>
	<s id='2'>Mais c'est une aventure que tout cela : je vois d'ici, Madame_la_Comtesse, que vous en serez pour votre robe. </s>
	<s id='3'>Mais à propos de cela, dites-moi donc, la bonne, vous avez un manteau ici à moi !</s>
</p>
</sp>
<sp who="MADAME SIMON"><speaker>MADAME SIMON.</speaker>
<p id="8">
	<s id="1">Hélas ! </s>
	<s id='2'>Monsieur l'abbé, votre manteau...</s>
</p>
</sp>
<sp who="L'ABBÉ"><speaker>L'ABBÉ.</speaker>
<p id="9">
	<s id="1">Comment donc ?</s>
</p>
</sp>
<sp who="LA COMTESSE"><speaker>LA COMTESSE.</speaker>
<p id="10">
	<s id="1">Ah ! </s>
	<s id='2'>L'abbé, voilà un hélas de mauvais augure, et je crois que la fatalité n'aura pas épargné votre manteau.</s>
</p>
</sp>
<sp who="L'ABBÉ"><speaker>L'ABBÉ.</speaker>
<p id="11">
	<s id="1">Expliquez-vous donc, Madame Simon. </s>
	<s id='2'>Est-ce qu'il est aussi perdu, ce manteau ?</s>
</p>
</sp>
<sp who="MADAME SIMON"><speaker>MADAME SIMON.</speaker>
<p id="12">
	<s id="1">Perdu ? </s>
	<s id='2'>Oh ! </s>
	<s id='3'>Non, Monsieur : sinon que vous y trouverez un peu d'odeur.</s>
</p>
</sp>
<sp who="L'ABBÉ"><speaker>L'ABBÉ.</speaker>
<p id="13">
	<s id="1">Oh ! </s>
	<s id='2'>Pour de l'odeur, si elle n'est pas trop forte...</s>
</p>
<stage type="toward">À la Comtesse.</stage>
<p id="14">
	<s id="1">Madame, on est accoutumé aux odeurs à présent... </s>
	<s id='2'>Voyons donc ?</s>
</p>
</sp>
<sp who="MADAME SIMON"><speaker>MADAME SIMON.</speaker>
<p id="15">
	<s id="1">Le v'là, Monsieur.</s>
</p>
</sp>
<sp who="L'ABBÉ"><speaker>L'ABBÉ.</speaker>
<p id="16">
	<s id="1">Ah ! </s>
	<s id='2'>Fi donc ! </s>
	<s id='3'>Quelle horreur ! </s>
	<s id='4'>Vous appelez ça de l'odeur, Madame Simon ?</s>
</p>
</sp>
<sp who="MADAME SIMON"><speaker>MADAME SIMON.</speaker>
<p id="17">
	<s id="1">Dame ! </s>
	<s id='2'>Mon cher Monsieur, je vous dis que c'est un sort qu'on nous a jeté.</s>
</p>
</sp>
<sp who="L'ABBÉ"><speaker>L'ABBÉ.</speaker>
<p id="18">
	<s id="1">Non, parbleu ! </s>
	<s id='2'>Ce n'est point un sort : c'est bien de... </s>
	<s id='3'>En vérité, Madame_la_Comtesse, ce sont des effets perdus entièrement, abîmés sans ressource.</s>
</p>
</sp>
<sp stage="abrupt" who='LA COMTESSE'><speaker>LA COMTESSE, d'un ton dur.</speaker>
<p id="19">
	<s id="1">Vous êtes une femme bien maladroite, Madame Simon : c'est une mauvaise plaisanterie que vous nous faites là.</s>
</p>
</sp>
<sp who="MADAME SIMON"><speaker>MADAME SIMON.</speaker>
<p id="20">
	<s id="1">Ah ! </s>
	<s id='2'>Ma chère dame, ne vous fâchez pas contre moi. </s>
	<s id='3'>La tête m'en tourne, du chagrin que j'en ai. </s>
	<s id='4'>Monsieur l'Abbé, intercédez pour nous, je vous en supplions. </s>
	<s id='5'>Je ne sommes pas à notre aise. </s>
	<s id='6'>Mon mari et moi, je ne faisons que de nous établir. </s>
	<s id='7'>J'avons déjà un enfant en nourrice et pis un autre qui s'avance.</s>
</p>
</sp>
</div2>
<div2 type="scene" n='16'><head>SCÈNE XVI. Les Précédents, Simon, Janot, en habit de jockey.</head>
<sp stage="toward" who='SIMON'><speaker>SIMON, à Janot.</speaker>
<p id='1'>
	<s id='1'>La, vous v'là ben comme ça !</s>
</p>
</sp>
<sp who="MADAME SIMON"><speaker>MADAME SIMON.</speaker>
<p id="2">
	<s id="1">Ah ! </s>
	<s id='2'>Not' homme, viens-t'en m'aider à fléchir c'te bonne dame : quiens, c'est à elle la robe.</s>
</p>
</sp>
<sp who="SIMON"><speaker>SIMON.</speaker>
<p id="3">
	<s id="1">Hélas ! </s>
	<s id='2'>Madame, je n' savons comment réparer ça. </s>
	<s id='3'>Je sommes un malheureux, vous êtes ben la maîtresse de faire vendre ma boutique, et encore ça ne nous acquittera pas... </s>
	<s id='4'>V'là c'ti-là qu'est cause de ça, tenez, et je viens encore de l'i rendre un habit en place de sa veste qui a empoisonné tous vos effets.</s>
</p>
</sp>
<sp who="LA COMTESSE"><speaker>LA COMTESSE.</speaker>
<p id="4">
	<s id="1">Comment ! </s>
	<s id='2'>Mais je crois que c'est Janot.</s>
</p>
</sp>
<sp who="JANOT"><speaker>JANOT.</speaker>
<p id="5">
	<s id="1">Oui, sûrement, Madame, c'est ben moi, et ben à vot' service encore.</s>
</p>
</sp>
<sp who="LA COMTESSE"><speaker>LA COMTESSE.</speaker>
<p id="6">
	<s id="1">Mais voyez donc, l'Abbé, comme il est bien dans cet habillement-là !</s>
</p>
</sp>
<sp who="L'ABBÉ"><speaker>L'ABBÉ.</speaker>
<p id="7">
	<s id="1">Oui, il est tout à fait intéressant.</s>
</p>
</sp>
<sp who="JANOT"><speaker>JANOT.</speaker>
<p id="8">
	<s id="1">Ah ! </s>
	<s id='2'>Monsieur, c'est une marque de vot' part.</s>
</p>
</sp>
<sp who="L'ABBÉ"><speaker>L'ABBÉ.</speaker>
<p id="9">
	<s id="1">Mais, Madame, si, comme ils le disent, cela provient de l'histoire de Monsieur Janot, ces pauvres gens sont plus malheureux que coupables...</s>
</p>
</sp>
<sp who="MADAME SIMON"><speaker>MADAME SIMON.</speaker>
<p id="10">
	<s id="1">Ah ! </s>
	<s id='2'>Monsieur l'abbé, je vous en prions... </s>
	<s id='3'>Ma chère dame, c'est lui...</s>
</p>
<stage type="kneel">Elle se jette aux pieds de la Comtesse.</stage>
</sp>
<sp who="JANOT"><speaker>JANOT.</speaker>
<p id="11">
	<s id="1">Moi ! </s>
	<s id='2'>Madame ! </s>
	<s id='3'>Mais je suis-t-i' cause moi, si ça se rencontre avec mon histoire de l'aut' jour ? </s>
	<s id='4'>Vous sentez ben, Monsieur l'abbé ?</s>
</p>
</sp>
<sp who="L'ABBÉ"><speaker>L'ABBÉ.</speaker>
<p id="12">
	<s id="1">Oui, oui, je sens très bien.</s>
</p>
</sp>
<sp who="LA COMTESSE"><speaker>LA COMTESSE.</speaker>
<p id="13">
	<s id="1">Ah ! </s>
	<s id='2'>L'aventure est trop drôle, j'en ris malgré moi. </s>
	<s id='3'>Rassure-toi, Janot : levez-vous, bonne femme, et ne parlons plus de cela ; mais une autre fois faites un peu plus d'attention.</s>
</p>
</sp>
<sp who="SIMON"><speaker>SIMON.</speaker>
<p id="14">
	<s id="1">Ah ! </s>
	<s id='2'>Madame, queue générosité ! </s>
	<s id='3'>Ah ! </s>
	<s id='4'>Monsieur l'abbé !</s>
</p>
</sp>
<sp who="L'ABBÉ"><speaker>L'ABBÉ.</speaker>
<p id="15">
	<s id="1">Voilà qui est fini ; et pour n'avoir plus occasion d'y penser, Monsieur Janot me fera l'amitié d'accepter ce manteau ?</s>
</p>
</sp>
<sp who="JANOT"><speaker>JANOT.</speaker>
<p id="16">
	<s id="1">Ah ! </s>
	<s id='2'>Monsieur l'abbé, que le Ciel vous le rende.</s>
</p>
</sp>
<sp who="LA COMTESSE"><speaker>LA COMTESSE.</speaker>
<p id="17">
	<s id="1">Monsieur, les bons exemples doivent être suivis, et je vous imite. </s>
	<s id='2'>Écoute, Janot, si tu veux faire la paix avec Mademoiselle Suzon, donne-lui ma robe, je t'en fais présent.</s>
</p>
</sp>
<sp stage="happy" who='JANOT'><speaker>JANOT, transporté de joie.</speaker>
<p id="18">
	<s id="1">Ah ! </s>
	<s id='2'>Ma chère dame ? </s>
	<s id='3'>Est-ce-t-i' possible que tout ça !... </s>
	<s id='4'>Comment ! </s>
	<s id='5'>La robe de c'te belle dame !... </s>
	<s id='6'>Je n'en reviens pas, moi... mais pour Mam'selle Suzon... je n'ai pas de rancune, puisque ça m'a valu tout ça de la sottise qu'elle m'a faite. </s>
	<s id='7'>Mais elle n'en tâtera que d'une dent, toujours.</s>
</p>
</sp>
<sp who="LA COMTESSE"><speaker>LA COMTESSE.</speaker>
<p id="19">
	<s id="1">Eh bien ! </s>
	<s id='2'>Écoute, Janot, puisque tu renonces à Mademoiselle Suzon, j'ai une autre proposition à te faire.</s>
</p>
</sp>
<sp who="JANOT"><speaker>JANOT.</speaker>
<p id="20">
	<s id="1">De quoi que ça pourrait être, Madame ?</s>
</p>
</sp>
<sp who="LA COMTESSE"><speaker>LA COMTESSE.</speaker>
<p id="21">
	<s id="1">Tu viens de faire ma conquête avec cet habit-là. </s>
	<s id='2'>J'ai cédé mon jockey à une de mes amies, et si tu veux rester avec moi en cette qualité, tu n'as qu'à monter derrière mon carrosse, tes gages courront dès ce moment.</s>
</p>
</sp>
<sp who="JANOT"><speaker>JANOT.</speaker>
<p id="22">
	<s id="1">Ah ! </s>
	<s id='2'>Jarni ! </s>
	<s id='3'>Pas si bête que de manquer ça, moi. </s>
	<s id='4'>Madame, je vous prends au mot.</s>
</p>
</sp>
<sp who="LA COMTESSE"><speaker>LA COMTESSE.</speaker>
<p id="23">
	<s id="1">Venez avec moi, l'abbé ; je vais vous reconduire.</s>
</p>
</sp>
</div2>
<div2 type="scene" n='17'><head>SCÈNE XVII ET DERNIÈRE. Simon, Madame Simon, Janot, émerveillé.</head>
<sp who="SIMON"><speaker>SIMON.</speaker>
<p id="1">
	<s id="1">Eh ben ! </s>
	<s id='2'>Suis-la donc, imbécile.</s>
</p>
</sp>
<sp who="JANOT"><speaker>JANOT.</speaker>
<p id="2">
	<s id="1">Ah ! </s>
	<s id='2'>Mordine ! </s>
	<s id='3'>M'est avis que je rêve. </s>
	<s id='4'>Ce que c'est que de nous, pourtant. </s>
	<s id='5'>Au moment qu'on s'y attend le moins... et comme ça m'est venu encore !... </s>
	<s id='6'>Des coups, l'histoire de la fenêtre... mis à la porte... et pis v'là des présents... des conditions... des comtesses !... </s>
	<s id='7'>Ça prouve bien qu'on a raison de dire : À QUELQUE CHOSE MALHEUR EST BON.</s>
</p>
</sp>
</div2>
</div1>
</body>
</text>
</TEI>