<?xml version="1.0" encoding='utf-8'?>
<TEI xml:lang="fr">
<teiHeader>
		<fileDesc>
			<titleStmt>
				<title>HURLUBRELU OU TOUT DE TRAVERS, COMÉDIE</title>
				<author type="texte" ISNI="000 0001 2281 6594">Louis François ARCHAMBAULT (1742-1812)</author>
			</titleStmt>
			<publicationStmt>	
				<editor>Texte établi à partir de la transcription par Dr Roger Peters.</editor>
				<publisher>publié par Paul FIEVRE, janvier 2014</publisher>
				<idno>ARCHAMBAULT_HURLUBERLU</idno>
				<rights>Creative Commons BY-NC-SA</rights>
			</publicationStmt>
			<SourceDesc>
				<genre>Comédie</genre>
				<inspiration>moeurs</inspiration><structure>Un acte</structure>
				<type>prose</type>
				<periode>1791-1800</periode>
				<taille>(mesure non pertinente)</taille>
				<permalien>http://gallica.bnf.fr/ark:/12148/bpt6k108762c/f1.image</permalien>
			</SourceDesc>
		</fileDesc>
</teiHeader>
<text>
	<front>
		<docTitle>
			<titlePart type="main">HURLUBRELU</titlePart>
			<titlePart type="sub">OU TOUT DE TRAVERS</titlePart>
			<titlePart type="sub">COMÉDIE EN UN ACTE ET EN PROSE</titlePart>
		</docTitle> 
		<docDate value='1794'>L'an second, de l'Ère Républicaine.</docDate>
		<docAuthor id='ARCHAMBAULT, Louis-François' bio='achambault'>PAR DORVIGNY</docAuthor>
		<docImprint>
			
		</docImprint>
		<printer id='CAILLEAU'>À PARIS, Chez CAILLEAU, Imprimeur-Libraire, rue Gallande No. 50. </printer>
		<performance>
			<premiere date='' location="Théâtre de l'Ambigu comique">Représenté pour la première fois à PARIS, le Théâtre de l'Ambigu-Comique. </premiere>
		</performance>
		<castList><head>PERSONNAGES.</head>
			<castItem><role id='GERMAIN' sex="1" type="H" statut="bourgeois" age="A" stat_amour='néant'>GERMAIN</role>.</castItem>
			<castItem><role id='MADAME GERMAIN' sex="2" type="H" statut="bourgeois" age="A" stat_amour='néant'>MADAME GERMAIN</role>.</castItem>
			<castItem><role id='JOSEPH' sex="1" type="H" statut="bourgeois" age="J" stat_amour='néant'>JOSEPH</role>, leur fils.</castItem>
			<castItem><role id='MADEMOISELLE GERMAIN' sex="2" type="H" statut="bourgeois" age="J" stat_amour='néant'>MADEMOISELLE GERMAIN</role>.</castItem>
			<castItem><role id='JAVOTTE' sex="2" type="H" statut="servante" age="A" stat_amour='néant'>JAVOTTE</role>, leur servante.</castItem>
			<castItem><role id='HURLUBRELU' sex="1" type="H" statut="valet" age="A" stat_amour='néant'>HURLUBRELU</role>.</castItem>
			<castItem><role id='DE CRAQUIGNAC' sex="1" type="H" statut="aristocrate" age="A" stat_amour='néant'>DE CRAQUIGNAC</role>.</castItem>
			<castItem><role id='UN HUISSIER' sex="1" type="H" statut="huissier" age="A" stat_amour='néant'>UN HUISSIER</role>.</castItem>
			<castItem><role id='UN NOTAIRE' sex="1" type="H" statut="notaire" age="A" stat_amour='néant'>UN NOTAIRE</role>.</castItem>
			<castItem><role id='UN PERRUQUIER' sex="1" type="H" statut="perruquier" age="A" stat_amour='néant'>UN PERRUQUIER</role>.</castItem>
			<castItem><role id='UN PORTE-FAIX' sex="1" type="H" statut="portefaix" age="A" stat_amour='néant'>UN PORTE-FAIX</role>.</castItem>
			<castItem><role id='UN SOLDAT' sex="1" type="H" statut="soldat" age="A" stat_amour='néant'>UN SOLDAT</role>.</castItem>
			<castItem><role id='UN CABARETIER' sex="1" type="H" statut="cabaretier" age="A" stat_amour='néant'>UN CABARETIER</role>.</castItem>
		</castList>
		<set location="Paris" country="France" periode="XVIIIème" gps="48.856614, 2.352222">La Scène est dans la rue. Le Théâtre représente la rue. A droite, en bas, la maison du Citoyen Germain, une fenêtre attenant du même côté ; au rez-de-chaussée, une autre au dessus de la porte : à gauche une maison de Notain, avec cette inscription, Notaire public ; au haut du théâtre, du même côté, un Cabaret, et en face à droite, une Boutique de Perruquier.</set>
		</front>
<body>
<div1 type="act" n='1'><head></head>
<div2 type="scene" n='1'><head>SCÈNE PREMIÈRE.</head>
<sp stage="entrance" who='GERMAIN'><speaker>GERMAIN, sortant de sa maison. </speaker>
<p id="1">
	<s id="1">Il est déjà onze heures, et cet imbécile d'Hurlubrelu ne revient pas ; il m'aura fait encore quelque étourderie mais moi, bien imbécile aussi, de me servir d'un ahuri comme celui : je lui ai donné deux commissions ce matin, c'en est assez pour qu'il m'ait fait tout de travers. Je ne voudrais pourtant pas sortie avant qu'il m'ait rapporté la quittance de cet homme à qui je l'ai envoyé payer un billet de douze cens livres: il n'aurait qu'à la perdre, cela ne m'avancerait pas... </s>
	<s id='2'>Mais Monsieur Calandre, mon fabriquant, est un honnête homme, je ne risque rien avec lui. </s>
	<s id='3'>C'est égal, en attendant que Hurlubrelu revienne, je vais causer un moment avec mon Notaire ; aussi bien j'ai quelque chose à lui communiquer. </s>
</p>
<stage type="exit">Il entre chez le Notaire.</stage>
</sp>
</div2>
<div2 type="scene" n='2'><head>SCÈNE II.</head>
<sp stage="entrance/alone" who='HURLUBRELU'><speaker>HURLUBRELU, revient du haut du théâtre, [seul].</speaker>
<stage type="costume/carry">Il a une veste verte par-dessus un gilet noir, boutonné de travers ; il a une culotte jaune et des bas bleus, un bonnet de coton blanc, un chapeau par-dessus ; une boucle à un soulier, des cordons à l'autre, point d'attaches à ses jarretières de culotte : il porte à la main un panier de provisions du marché. On y voit des légumes, etc. </stage>
<p id="1">
	<s id="1">Ah ! </s>
	<s id='2'>Me v'là t'a la fin cheux nous. </s>
	<s id='3'>Comme ce Paris s'allonge pourtant ! </s>
	<s id='4'>Faut avoir des fières jambes, dà, pour en faire les quatre coins comme moi !... </s>
	<s id='5'>Et une fière tête encor qui faut dans ces grandes maisons de ces gros marchands comme je suis là... </s>
	<s id='6'>Dame, je peux ben dire que je ne m'endors pas avec tout ce monde, qui sont là-dedans des familles et des parenTs, que ça n'en finit pas. Y a toujours queuque chose à leus y répondre ou à leus y faire : et vas-t-en à la cave, et monte au guernier, et frotte la cuisine, et échaude l'appartement... </s>
	<s id='7'>Oh ! </s>
	<s id='8'>L'esprit m'en retourne et les oreilles m'en cornent !... </s>
	<s id='9'>Si je sors dehors, allons, attrape ben vite vingt commissions à la fois: ce matin le père m'a t'envoyé porter de l'argent et pis une lettre, v'là tout de suite Madame et pis sa fille, qui m'ont chargé aussi de leus affaires : n'y a pas jusqu'à la servante qui m'a prié aussi de l'y apporter des carottes, et pi la grand-mère, du mou pour son chat. </s>
	<s id='10'>Oh ! </s>
	<s id='11'>Si ces gens là ne m'avaient pas, y leus en fiudroit quatre autes des domestiques ? </s>
	<s id='12'>Encor, j'dis, hus faudrait pas des imbéciles, dà ! </s>
	<s id='13'>Ils se cachent tous les uns des autres, n'y a que moi que je sais tous leus secrets. </s>
	<s id='14'>Si j'avais pas une bonne tête pourtant, où ce quis en seraient. </s>
	<s id='15'>Voyons toujours si j'ai bien là tout ce qu'il faut. </s>
	<s id='16'>- Oui, v'là d'abord le sac où ce qui n'y a pus d'argent dedans. </s>
	<s id='17'>Ça on ne dira pas que je l'ai gardé. </s>
	<s id='18'>V'là du chocolat pour la mère qu'il ne faut pas que le mari le voye : </s>
	<s id='19'>- V'là ben le mou pour la vieille, et pis v'là les carottes pour la servante. </s>
	<s id='20'>- Oh ! </s>
	<s id='21'>Celle là, je ne l'oublie jamais, parce que c'est une bonne fille, et pis je devons nous marier ensemble d'un moment à l'autre ; j'attends pus que d'avoir l'âge. </s>
	<s id='22'>Oh ! </s>
	<s id='23'>Oui, je compte ben dessus elle, et je l'ai dans ma poche même, sa promesse de se marier nous deux ; et pis mon onque qui est mort, qui nous a laissé de l'argent à hériter exprès pour ça : oh ! </s>
	<s id='24'>Pardine je regarde ben ce mariage là comme sait, moi, i n'y manque pus que la façon, v'la tout. </s>
	<s id='25'>Entrons toujours, et allons rendre nos comptes.</s>
</p>
<stage type="get/knock">Il ramasse son panier et va à la maison de son maître : il prend le heurtoir pour frapper.</stage>
</sp>
</div2>
<div2 type="scene" n='3'><head>SCÈNE III. Germain, sortant de chez le Notaire ; Hurluberlu, à la porte de sa maison.</head>
<sp who="GERMAIN"><speaker>GERMAIN.</speaker>
<p id="1">
	<s id="1">Eh ! </s>
	<s id='2'>Hurlubrelu ?</s>
</p>
</sp>
<sp who="HURLUBRELU"><speaker>HURLUBRELU.</speaker>
<p id="2">
	<s id="1">De quoi que c'est ?... </s>
	<s id='2'>Ah ! </s>
	<s id='3'>Vous v'là, Monsieur : par où donc que vous avez passe? </s>
</p>
</sp>
<sp who="GERMAIN"><speaker>GERMAIN.</speaker>
<p id="3">
	<s id="1">Voyez ce nigaud ! </s>
	<s id='2'>Par où j'ai passé... par la porte, apparemment. </s>
</p>
</sp>
<sp who="HURLUBRELU"><speaker>HURLUBRELU.</speaker>
<p id="4">
	<s id="1">Par la porte ! </s>
	<s id='2'>Ah ! </s>
	<s id='3'>Ça ne se peut pas ptêtre, pisque je la tiens. </s>
</p>
</sp>
<sp who="GERMAIN"><speaker>GERMAIN.</speaker>
<p id="5">
	<s id="1">Tu la tiens ! </s>
	<s id='2'>Mais tu ne l'as pas toujours tenue. </s>
</p>
</sp>
<sp who="HURLUBRELU"><speaker>HURLUBRELU.</speaker>
<p id="6">
	<s id="1">Ah, dame : je ne réponds que pour le quart d'heure, moi. </s>
	<s id='2'>Si c'est d'avance, ça ne me regarde pas. </s>
</p>
</sp>
<sp who="GERMAIN"><speaker>GERMAIN.</speaker>
<p id="7">
	<s id="1">Eh ! </s>
	<s id='2'>Que ça te regarde ou non, laissons cela. </s>
	<s id='3'>Te voilà donc revenu à la fin ? </s>
	<s id='4'>Y a-t-il assez longtemps que tu es parti? </s>
</p>
</sp>
<sp who="HURLUBRELU"><speaker>HURLUBRELU.</speaker>
<p id="8">
	<s id="1">Dame, Monsieur, n'y en a pas trop. </s>
	<s id='2'>J'ai tant d'affaires pour toute votre maison, que v'là dans ce pagnier-là, tenez ; pour pas se tromper, faut ben mettre le temps. </s>
</p>
</sp>
<sp who="GERMAIN"><speaker>GERMAIN.</speaker>
<p id="9">
	<s id="1">Oh ! </s>
	<s id='2'>Tu ne l'épargnes pas, toi, le temps... </s>
	<s id='3'>Eh bien, as-tu donné mon argent ? </s>
</p>
</sp>
<sp who="HURLUBRELU"><speaker>HURLUBRELU.</speaker>
<p id="10">
	<s id="1">Oui, Monsieur, et on l'a ben pris aussi, témoin de çà, même qu'en v'là le sac où vous en pouvez remettre d'autre à présent. </s>
</p>
</sp>
<sp who="GERMAIN"><speaker>GERMAIN.</speaker>
<p id="11">
	<s id="1">Bon. </s>
	<s id='2'>Où est la quittance ?</s>
</p>
</sp>
<sp who="HURLUBRELU"><speaker>HURLUBRELU.</speaker>
<p id="12">
	<s id="1">La quittance ? </s>
</p>
</sp>
<sp who="GERMAIN"><speaker>GERMAIN.</speaker>
<p id="13">
	<s id="1">Oui, la quittance ; ne t'ai-je pas dit de m'en rapporter une, ou bien mon billet ? </s>
</p>
</sp>
<sp who="HURLUBRELU"><speaker>HURLUBRELU.</speaker>
<p id="14">
	<s id="1">I n'a pas voulu, le Monsieur; i m'a dit que c'était pas la peine. </s>
</p>
</sp>
<sp who="GERMAIN"><speaker>GERMAIN.</speaker>
<p id="15">
	<s id="1">Comment ! </s>
	<s id='2'>Pas la peine... </s>
	<s id='3'>Est ce qu'on fait des affaires comme ça, donc? </s>
</p>
</sp>
<sp who="HURLUBRELU"><speaker>HURLUBRELU.</speaker>
<p id="16">
	<s id="1">Ma fine, je ne sais pas, Monsieur, mais il était ben content toujours : sarpédié comme i retournait st'argent ! </s>
	<s id='2'>I sembe qui n'en avait jamais tant vu à la fois, i baisait tous les écus l'un après l'aute ; i m'a baisé aussi moi, Monsieur.... </s>
	<s id='3'>Oh ! </s>
	<s id='4'>I m'a dit de vous ben remercier, et pis qu'il viendrait encor par après quoique ça. </s>
</p>
</sp>
<sp who="GERMAIN"><speaker>GERMAIN.</speaker>
<p id="17">
	<s id="1">Il est bien bon ; il n'y a pas là de quoi tant me remercier : je lui paye une dette, il ne m'a pas d'obligation. </s>
	<s id='2'>--- Mais, dis-moi un peu; cet autre à qui je t'ai envoyé porter une lettre toute seule, il n'a pas été aussi content lui, n'est ce pas ? </s>
</p>
</sp>
<sp who="HURLUBRELU"><speaker>HURLUBRELU.</speaker>
<p id="18">
	<s id="1">Lui ! </s>
	<s id='2'>Oh ! </s>
	<s id='3'>Diable ; c'est ben différent, ça: i m'a reçu tout au contre-pied : i m'a dit que c'était indigne à vous, et qu'il ne l'aurait pas jamais cru.</s>
</p>
</sp>
<sp who="GERMAIN"><speaker>GERMAIN.</speaker>
<p id="19">
	<s id="1">Effectivement, c'était bien difficile à croire ! </s>
	<s id='2'>Refuser de prêter de l'argent à un Gascon ! </s>
	<s id='3'>À un homme qui m'en a déjà emprunté vingt fois, et qui ne me l'a jamais rendu. </s>
</p>
</sp>
<sp who="HURLUBRELU"><speaker>HURLUBRELU.</speaker>
<p id="20">
	<s id="1">Ma fine, i s'est toujours ben fâché ; i m'a dit que vous étiez un mal honnête homme.</s>
</p> 
</sp>
<sp stage="laugh" who='GERMAIN'><speaker>GERMAIN, riant. </speaker>
<p id='21'>
	<s id='1'>Ah ! </s>
	<s id='2'>Parbleu oui, mal honnête !... </s>
	<s id='3'>J'aime mieux l'être comme ça que d'être dupe.... </s>
</p>
</sp>
<sp who="HURLUBRELU"><speaker>HURLUBRELU.</speaker>
<p id="22">
	<s id="1">Qui n'y avait que des fripons qui payaient comme ça leus dettes...</s>
</p> 
</sp>
<sp stage="serious" who='GERMAIN'><speaker>GERMAIN, devenant plus sérieux. </speaker>
<p id='23'>
	<s id='1'>Hein ? </s>
	<s id='2'>Qu'est-ce que tu parles de fripon... </s>
	<s id='3'>Est-ce que je lui dois quelque chose, moi ? </s>
</p>
</sp>
<sp who="HURLUBRELU"><speaker>HURLUBRELU.</speaker>
<p id="24">
	<s id="1">Mais qu'il avait vote papier, et qu'il allait vous faire danser. </s>
</p>
</sp>
<sp who="GERMAIN"><speaker>GERMAIN.</speaker>
<p id="25">
	<s id="1">Qu'est-ce que tu m'embrouilles-là de papier et de danse ? </s>
</p>
</sp>
<sp who="HURLUBRELU"><speaker>HURLUBRELU.</speaker>
<p id="26">
	<s id="1">Dame, oui, et ce maître de danse là, c'est un huissier qu'il a envoyé chercher tout de suite.... </s>
	<s id='2'>À cheval encor ; ainsi ça ira vite ça.</s>
</p> 
</sp>
<sp who='CRAQUIGNAC'><speaker>GERMAIN. </speaker>
<p id='27'>
	<s id='1'>Le diable m'emporte si je conçois rien à ce que tu me dis : il y a là quelque quiproquo de ta façon.</s>
</p>
</sp>
<sp who="HURLUBRELU"><speaker>HURLUBRELU.</speaker>
<p id="28">
	<s id="1">N'y en a pas, Monsieur, tout ça est ben clair. </s>
</p>
</sp>
<sp who="GERMAIN"><speaker>GERMAIN.</speaker>
<p id="29">
	<s id="1">Expliquons nous : tu dis que Craquignac a dit qu'il allait m'envoyer un huissier ? </s>
</p>
</sp>
<sp who="HURLUBRELU"><speaker>HURLUBRELU.</speaker>
<p id="30">
	<s id="1">Le Gascon ! </s>
	<s id='2'>Non pas, c'est l'aute, c'est le Normand. </s>
</p>
</sp>
<sp who="GERMAIN"><speaker>GERMAIN.</speaker>
<p id="31">
	<s id="1">Le Normand !... </s>
	<s id='2'>Ah, misérable ! </s>
	<s id='3'>Je vois ce que c'est. </s>
</p>
</sp>
<sp who="HURLUBRELU"><speaker>HURLUBRELU.</speaker>
<p id="32">
	<s id="1">Dame, c'est ben visible comme ça. </s>
</p>
</sp>
<sp who="GERMAIN"><speaker>GERMAIN.</speaker>
<p id="33">
	<s id="1">Ah, le malheureux ! </s>
	<s id='2'>Voilà encor douze cent livres de jetés dans la rivière. </s>
</p>
</sp>
<sp who="HURLUBRELU"><speaker>HURLUBRELU.</speaker>
<p id="34">
	<s id="1">Non, pardine pas, Monsieur dans la rivière.... </s>
	<s id='2'>Je les ai ben donnés en main propre... </s>
	<s id='3'>Et, tenez, la preuve... </s>
	<s id='4'>Ah ! </s>
	<s id='5'>Jerni, i vient ben à propos... </s>
	<s id='6'>Je m'en vas t'être lavé de ça. </s>
</p>
</sp>
</div2>
<div2 type="scene" n='4'><head>SCÈNE IV. Germain, Craquignac, Hurluberlu.</head>
<sp stage="kneel" who='CRAQUIGNAC'><speaker>CRAQUIGNAC, se jetant au cou de Germain. </speaker>
<p id='1'>
	<s id='1'>Eh ! </s>
	<s id='2'>Sandis, mon cher ami ! </s>
	<s id='3'>Qué bous êtes un brave homme! </s>
</p>
</sp>
<sp stage="pull" who='GERMAIN'><speaker>GERMAIN, le repoussant. </speaker>
<p id='2'>
	<s id='1'>Eh, Monsieur, de grâce !... </s>
	<s id='2'>Vous m'étouffez ; laissez moi. </s>
</p>
</sp>
<sp stage="toward" who='HURLUBRELU'><speaker>HURLUBRELU, à Craquignac. </speaker>
<p id='3'>
	<s id='1'>Non, non, caressez-le bien pour le lui prouver. </s>
	<s id='2'>I ne veut pas le croire.</s>
</p>
</sp>
<sp stage="toward" who='CRAQUIGNAC'><speaker>CRAQUIGNAC, reprenant Germain. </speaker>
<p id='4'>
	<s id='1'>Il né veut pas croire à ma reconnaissance ! </s>
	<s id='2'>Eh, sandis ! </s>
	<s id='3'>C'est la bertu faborite du pays.... </s>
	<s id='4'>Benez, mon cher Germain, qué jé bous mange, qué jé bous débore de mes caresses... </s>
</p>
</sp>
<sp stage="pull" who='GERMAIN'><speaker>GERMAIN, le repoussant. </speaker>
<p id='5'>
	<s id='1'>Le diable l'emporte ; il me ruine et me tue tout-à-la-fois.</s>
</p>
</sp>
<sp who="CRAQUIGNAC"><speaker>CRAQUIGNAC.</speaker>
<p id="6">
	<s id="1">D'honnur, je ne comptais pas cette fois dessus votre argent.</s>
</p>
</sp>
<sp stage="aparte" who='GERMAIN'><speaker>GERMAIN, à part. </speaker>
<p id='7'>
	<s id='1'>C'est bien malgré moi aussi que tu l'as. </s>
</p>
<stage type="away/closer">Hurlubrelu se sauve contre Craquignac.</stage>
</sp>
<sp who="CRAQUIGNAC"><speaker>CRAQUIGNAC.</speaker>
<p id="8">
	<s id="1">Je bous ai manqué tant de fois à rendre, qué jé bous avais jeté cette demande au hasard... </s>
	<s id='2'>Mais botre complaisance inépursable, botte caractère obligeant bous engage à surprendre les gens dé la manière du monde la plus délicate... </s>
	<s id='3'>D'honnur, cette fois, j'y comptais si peu, qu'en boyant votre argent, je me suis regardé comme attrape.</s>
</p>
</sp>
<sp stage="aparte" who='GERMAIN'><speaker>GERMAIN, à part. </speaker>
<p id='9'>
	<s id='1'>Quelle diable t'attrape, va !**** </s>
	<s id='2'>C'est comme je le serais si tu me le rendais, toi. </s>
</p>
</sp>
<sp stage="sweet" who='CRAQUIGNAC'><speaker>CRAQUIGNAC, le caressant. </speaker>
<p id='10'>
	<s id='1'>Il faut qué je bous aye surpris dans un moment bien favotable. </s>
	<s id='2'>Sandis ! </s>
	<s id='3'>Bous beniez sans doute de faire quelques gros profits, compère ; bous abiez passé de bos draps à quelque provincial.</s>
</p>
</sp>
<sp who="GERMAIN"><speaker>GERMAIN.</speaker>
<p id="11">
	<s id="1">Oui, j'ai fait là une belle journée ! </s>
</p>
</sp>
<sp who="CRAQUIGNAC"><speaker>CRAQUIGNAC.</speaker>
<p id="12">
	<s id="1">Cadédis ! </s>
	<s id='2'>Il lé faut bien, pisqué je n'avais osé bous demander dans ma lettre que fix cent livres pour mon besoin attuel mais bous, sandis, en douvlant la somme, bous abez prébenu jusques à mon vesoin futur, bous m'abez enboyé donze cent livres. </s>
	<s id='3'>Capédébious : boilà dé la novlesse dé procédé, ou de Craquignac né s'y connaît pas. </s>
</p>
</sp>
<sp who="GERMAIN"><speaker>GERMAIN.</speaker>
<p id="13">
	<s id="1">À propos, vous avez raison.</s>
</p>
<stage type="aparte">À part.</stage>
<p id='14'>
	<s id='1'>Ah, morbleu ! </s>
	<s id='2'>Si j'en pouvais du moins rattraper la moitié. </s>
</p>
<stage type="loud">Haut.</stage>
<p id='15'>
	<s id='1'>Oui, je me rappelle très bien, vous ne m'aviez demandé que six cent livres... </s>
	<s id='2'>C'est une erreur très forte. </s>
</p>
</sp>
<sp who="CRAQUIGNAC"><speaker>CRAQUIGNAC.</speaker>
<p id="16">
	<s id="1">Oui, mais je suis galant homme, et jé mé pique aussi de novlesse jusques dans les moindres vagatelles... </s>
</p>
</sp>
<sp who="CRAQUIGNAC"><speaker>CRAQUIGNAC.</speaker>
<p id="17">
	<s id="1">Voyons, mon cher ; montrez-moi la petite lettre que je bous ai enboyée.</s>
</p>
<stage type="show">Il sort de sa poche un crayon.</stage>
</sp>
<sp who='GERMAIN'><speaker>GERMAIN. </speaker>
<p id='19'>
	<s id='1'>Comment la lettre ! </s>
	<s id='2'>Pourquoi faire ?</s>
</p>
</sp>
<sp who="CRAQUIGNAC"><speaker>CRAQUIGNAC.</speaker>
<p id="20">
	<s id="1">C'est qué tandis que nous en abons la mémoire fraîche, au lieu de six cent livres, dont jé bous disais avoir nécessité, jé douvlerais la somme dans la démande comme bous mé l'abez douvlé dans la réponse. </s>
</p>
</sp>
<sp who="GERMAIN"><speaker>GERMAIN.</speaker>
<p id="21">
	<s id="1">Eh bien, après ? </s>
</p>
</sp>
<sp who="CRAQUIGNAC"><speaker>CRAQUIGNAC.</speaker>
<p id="22">
	<s id="">Eh donc : alors tout serait en règle : la somme demandée faisant la valance dé la somme reçue, ma lettre qui bous restera bous serbira dé titre. </s>
</p>
</sp>
<sp who="HURLUBRELU"><speaker>HURLUBRELU.</speaker>
<p id="23">
	<s id="1">Pardine, c'est clair. J'entends ben ça, moi. </s>
</p>
</sp>
<sp who="GERMAIN"><speaker>GERMAIN.</speaker>
<p id="24">
	<s id="1">Eh, quel diable de compte : il est bien plus simple de me rendre mes vingt-cinq louis. </s>
</p>
</sp>
<sp who="CRAQUIGNAC"><speaker>CRAQUIGNAC.</speaker>
<note typpe="L">Agioteur : Celui qui fait l'agiotage. C'est à dire Trafic sur les effets publics, jeu sur la hausse ou la baisse, manoeuvre pour faire hausser ou baisser les fonds publics, ou faire varier le prix de certaines marchandises en vue d'un profit. [L]</note>
<p id="25">
	<s id="1">Ah, rendre !... </s>
	<s id='2'>C'est un grand mot.... et c'est effectivement un grand plaisir pour moi ! </s>
	<s id='3'>Mais jé suis comme bous. </s>
	<s id='4'>Je traite les affaires grandement. </s>
	<s id='5'>Avec un galant homme qui m'a ovligé si genéreusement, je croirais me deshonorer, et lui manque- á lui-même, si je lui rendais ainsi son argent chiquette à chiquette. </s>
	<s id='6'>Tout ou rien, voilà ma débise. </s>
	<s id='7'>Bous m'avez prêté cinquante louis, cinquante louis je bous remettrai en bloc ; point de démembrement ; sachez que Chevalier de Craquignac né travaille pas comme un agiotur. </s>
</p>
</sp>
<sp who="HURLUBRELU"><speaker>HURLUBRELU.</speaker>
<p id="26">
	<s id="1">Ah, dame, mon maître peut dire que v'là de l'argent ben placé. </s>
</p> 
</sp>
<sp stage="hit" who='GERMAIN'><speaker>GERMAIN, va pour le battre. </speaker>
<p id='27'>
	<s id='1'>Viens, misérable ! </s>
	<s id='2'>Je vais toujours t'en payer l'intérêt à toi... </s>
</p>
</sp>
<sp stage="escape" who='HURLUBRELU'><speaker>HURLUBRELU, se sauvent. </speaker>
<p id='28'>
	<s id='1'>Mais, est-ce que vous êtes fou, donc, Monsieur, est-ce que c'est pas une bonne affaire pour vous ça ? </s>
</p>
</sp>
</div2>
<div2 type="scene" n='5'><head>SCÈNE V. Les Susdits ; Un Huissier, Normand.</head>
<sp stage="stop" who="L'HUISSIER"><speaker>L'HUISSIER, arrêtant Germain. </speaker>
<p id='1'>
	<s id='1'>Messieurs, n'est-ce pas par ici que demeure Monsieur Germain, un marchand de draps ? </s>
</p>
</sp>
<sp who="GERMAIN"><speaker>GERMAIN.</speaker>
<p id="2">
	<s id="1">C'est moi-même, Monsieur. Qu'y a t-il pour votre service ?</s> 
</p> 
</sp>
<sp who="L'HUISSIER"><speaker>L'HUISSIER. </speaker>
<p id='3'>
	<s id='1'>Très peu de chose : c'est moi qui suis au vôtre : voici un petit papier de la part de Monsieur Roch Barbarin. </s>
</p>
</sp>
<sp who="GERMAIN"><speaker>GERMAIN.</speaker>
<p id="4">
	<s id="1">Qu'est-ce que c'est que Monsieur Roch Barbarin ? </s>
</p>
</sp>
<sp who="L'HUISSIER"><speaker>L'HUISSIER. </speaker>
<p id="5">
	<s id="1">Un très honnête homme, Monsieur ; c'est le Procureur de Monsieur Jérôme Calandre, marchand fabriquant, à qui vous avez passé un effet de douze cent livres tournois, payable dans toute la journée d'hier, et à qui vous avez envoyé ce matin une lettre en refus de paiement, et dont voici le protest en forme de réponse à la vôtre.</s>
</p> 
</sp>
<sp stage="toward/anger" who='GERMAIN'><speaker>GERMAIN, à Hurlubrelu qu'il saisit au collet, et qui reste immobile. </speaker>
<p id='6'>
	<s id='1'>Malheureux étourdi ! </s>
	<s id='2'>Vois-tu à présent le fruit de ta sottise, et du misérable quiproquo que tu viens de me faire ? </s>
</p>
</sp>
<sp stage="cry" who='HURLUBRELU'><speaker>HURLUBRELU, pleurant. </speaker>
<p id='7'>
	<s id='1'>Dame, Monsieur !... </s>
	<s id='2'>On ne peut pas deviner tout ça aussi. </s>
</p>
</sp>
<sp stage="away" who='CRAQUIGNAC'><speaker>CRAQUIGNAC, se retirant en tapinois. </speaker>
<p id='8'>
	<s id='1'>Monsu Germain... je m'aperçois que bous êtes en affaires : entre amis, il ne faut jamais se gêner ; ainsi je bous laisse. </s>
	<s id='2'>Sans adieu.</s>
</p>
</sp>
<sp who="GERMAIN"><speaker>GERMAIN.</speaker>
<p id="9">
	<s id="1">Eh non, vous n'êtes pas de trop, Monsieur Craquignac, vous pouvez entendre cela : vous y êtes pour quelque chose même. </s>
</p>
</sp>
<sp who="CRAQUIGNAC"><speaker>CRAQUIGNAC.</speaker>
<p id="10">
	<s id="1">Pardonnez moi, mon cher ; bous né mé connaissez pas. </s>
	<s id='2'>Nomvre dé gens ils ont l'indiscrétion dé bouloir mettre le nez dans les affaires de tout le monde ; moi, jamais je ne m'ingère dans ce qui ne me regarde pas. </s>
	<s id='3'>Motus dessus tout : et de Craquignac il né brille pas plus par la délicatesse de la provité qué par la retenue de sa langue et de ses oreilles...</s>
</p>
<stage type="closer/toward/low">Il se rapproche de lui, et lui dit en demi confidence.</stage>
<p id='11'>
	<s id='1'>J'attends incessamment des fonds considéravles qui me rebiennent du pays, et dans peu je vous ferai remettre le bloc comme il est convenu. </s>
	<s id='2'>Adioufias.</s>
</p>
<stage type="exit">Il s'en va.</stage>
</sp>
</div2>
<div2 type="scene" n='6'><head>SCÈNE VI. Germain, L'Huissier, Hurluberlu.</head>
<sp stage="costume" who="L'HUISSIER"><speaker>L'HUISSIER, Normand. </speaker>
<p id='1'>
	<s id='1'>Ce Monsieur là me paraît bien raisonnable et bien honnête. </s>
</p>
</sp>
<sp who="HURLUBRELU"><speaker>HURLUBRELU.</speaker>
<p id="2">
	<s id="1">Dame ! </s>
	<s id='2'>On ne peut pas mieux prendre la chose que lui. </s>
</p> 
</sp>
<sp stage="toward" who='GERMAIN'><speaker>GERMAIN, à l'Huissier. </speaker>
<p id='3'>
	<s id='1'>Oui, il est très raisonnable et très honnête ; car c'est à lui que j'ai l'obligation de votre visite.</s>
</p>
</sp>
<sp who="L'HUISSIER"><speaker>L'HUISSIER.</speaker>
<p id="4">
	<s id="1">Comment donc cela, Monsieur ? </s>
</p>
</sp>
<sp who="GERMAIN"><speaker>GERMAIN.</speaker>
<p id="5">
	<s id="1">Par la faute de cet animal là qui lui a porté douze cent livres que j'envoyais à Monsieur de la Calandre ; de sorte qu'à présent vous m'apportez un protest en bref, et lui il m'emporte mon argent en bloc. </s>
</p>
</sp>
<sp who="L'HUISSIER"><speaker>L'HUISSIER.</speaker>
<p id="6">
	<s id="1">Ah !... </s>
	<s id='2'>Je commence à comprendre... </s>
	<s id='3'>C'est un quiproquo, n'est-ce pas, Monsieur ? </s>
</p>
</sp>
<sp who='GERMAIN'><speaker>GERMAIN. </speaker>
<p id='7'>
	<s id='1'>Oui, c'en est un, et un fier même comme vous voyez.</s>
</p>
</sp>
<sp who="L'HUISSIER"><speaker>L'HUISSIER.</speaker>
<p id="8">
	<s id="1">Eh bien, Monsieur, il n'y a pas tant de mal. </s>
	<s id='2'>Vous avez obligé un galant homme ; vous payerez une seconde fois les douze cent livres, et pour le surplus de la visite de votre serviteur : il ne vous en coûtera que les frais de ce petit papier. </s>
	<s id='3'>J'ai l'honneur d'être votre valet bien humblement : Isaac Rebecca dit la Griffe, Huissier aux Consuls, parlant à votre personne, comme il est énoncé au présent que je vous ai laissé en main. </s>
	<s id='4'>Adieu, Monsieur, que le ciel vous conserve.</s>
</p>
<stage type="exit">Il s'en va. </stage>
</sp>
</div2>
<div2 type="scene" n='7'><head>SCÈNE VII. Germains, Hurlubrelu.</head>
<sp stage="hit" who='GERMAIN'><speaker>GERMAIN, le menaçant de sa canne. </speaker>
<p id='1'>
	<s id='1'>Eh bien, Monsieur Hurlubrelu, nous voilà bien avancé, n'est-ce pas ? </s>
</p>
</sp>
<sp who='HURLUBRELU'><speaker>HURLUBRELU. </speaker>
<p id='2'>
	<s id='1'>C'est vrai, Monsieur, ça ressemble comme si y avait un sort là-dessous.</s>
</p>
</sp>
<sp who="GERMAIN"><speaker>GERMAIN.</speaker>
<p id="3">
	<s id="1">Oui, je t'en réponds, drôle, qu'il y en aura un sort. </s>
	<s id='2'>Heureusement pour toi, je n'ai pas le temps de te payer à présent, mais tu ne la porteras pas loin.</s>
</p>
<stage type="aparte">À part.</stage>
<p id='4'>
	<s id='1'>Ce diable de M. Barbarin m'a l'air d'aller vite en besogne : il faut que j'aille le prier de m'accorder quelques jours pour lui remettre ces douze cent livres là, et de m'épargner les frais...</s>
</p>
<stage type="loud">Haut.</stage>
<p id='5'>
	<s id='1'>Attends-moi là, toi, et à mon retour nous compterons ensemble. </s>
</p>
<stage type="exit">Il s'en va par en haut.</stage>
</sp>
<sp stage="away" who='HURLUBRELU'><speaker>HURLUBRELU, allant à sa maison. </speaker>
<p id='6'>
	<s id='1'>Eh ben, Monsieur, c'est bon; le compte sera bentôt fait. </s>
</p>
</sp>
<sp stage="turn/watch" who='GERMAIN'><speaker>GERMAIN, se retourne et le voit aller. </speaker>
<p id='7'>
	<s id='1'>Où vas-tu par-là ?</s>
</p>
</sp>
<sp who="HURLUBRELU"><speaker>HURLUBRELU.</speaker>
<p id="8">
	<s id="1">Pardine, je m'en vas cheus nous. </s>
</p>
</sp>
<sp who="GERMAIN"><speaker>GERMAIN.</speaker>
<p id="9">
	<s id="1">Je ne veux pas que tu y remettes le pied, drôle... pour y faire encor quelque sottise ?... </s>
</p>
</sp>
<sp who="HURLUBRELU"><speaker>HURLUBRELU.</speaker>
<p id="10">
	<s id="1">Mais, Monsieur, faut ben que j'y entre. </s>
</p>
</sp>
<sp who="GERMAIN"><speaker>GERMAIN.</speaker>
<p id="11">
	<s id="1">Nous y entrerons ensemble quand j'y reviendrai.</s>
</p>
<stage type="walk">Il continue sa marche.</stage>
</sp>
<sp who="HURLUBRELU"><speaker>HURLUBRELU.</speaker>
<p id="12">
	<s id="1">Oui ! </s>
	<s id='2'>I sera ben temps : v'là bentôt midi, et Madame m'attend pour prendre son chocolat, que ---- la, même.</s>
</p> 
</sp>
<sp stage="back" who='GERMAIN'><speaker>GERMAIN, recourant sur ses pas. </speaker>
<p id='13'>
	<s id='1'>Hein ?... </s>
	<s id='2'>Tu portes du chocolat à Madame ?</s>
</p>
</sp>
<sp stage="aparte" who='HURLUBRELU'><speaker>HURLUBRELU, à part. </speaker>
<p id='14'>
	<s id='1'>Ah, jarni ! </s>
	<s id='2'>V'là que je viens de nous vendre.</s>
</p>
</sp>
<sp who="GERMAIN"><speaker>GERMAIN.</speaker>
<note type="C">Le chocolat est excessivement cher au XVIIIème siècle.</note>
<p id="15">
	<s id="1">Ah ! </s>
	<s id='2'>Madame prend donc toujours du chocolat malgré que je lui aie défendu... </s>
	<s id='3'>Outre que toutes ces folles dépenses là me ruinent, le chocolat lui fait du mal ; elle le sait bien. </s>
	<s id='4'>Le Médecin le lui a défendu aussi, et elle m'avait promis de n'en plus prendre. </s>
</p>
</sp>
<sp who="HURLUBRELU"><speaker>HURLUBRELU.</speaker>
<p id="16">
	<s id="1">Bah ! </s>
	<s id='2'>Monsieur le Médecin ne le saura pas, lui ! </s>
	<s id='3'>Pas si bête que de ly dire! </s>
</p>
</sp>
<sp who="GERMAIN"><speaker>GERMAIN.</speaker>
<p id="17">
	<s id="1">Non dà !... </s>
	<s id='2'>Mais je le sais, moi, et cela suffit. </s>
	<s id='3'>Donne le moi ce chocolat, que j'en voie la qualité. </s>
</p>
</sp>
<sp who="HURLUBRELU"><speaker>HURLUBRELU.</speaker>
<p id="18">
	<s id="1">Oh ! </s>
	<s id='2'>Il est bon, Monsieur. </s>
	<s id='3'>Je l'ai goûté en chemin. </s>
	<s id='4'>Celui là ne lui fera pas de mal, allez.</s>
</p> 
</sp>
<sp stage="get" who='GERMAIN'><speaker>GERMAIN, le prenant.</speaker>
<p id='19'>
	<s id='1'>Non. </s>
	<s id='2'>Je ne le crois pas.</s>
</p>
<stage type="hide">Il le met dans sa poche.</stage>
<p id='20'>
	<s id='1'>Pour toi, mon ami, voilà pour payer ta complaisance pour Madame.</s>
</p>
<stage type="hit">Il lui donne des coups de canne.</stage>
</sp>
<sp who="HURLUBRELU"><speaker>HURLUBRELU.</speaker>
<p id="21">
	<s id="1">Ah ! </s>
	<s id='2'>Ah ! </s>
	<s id='3'>Ah ! </s>
	<s id='4'>Monsieur, starticle là ne vous regarde pas, vous.</s>
</p>
</sp>
<sp who="GERMAIN"><speaker>GERMAIN.</speaker>
<p id="22">
	<s id="1">C'est égal. </s>
	<s id='2'>Voilà toujours un petit à compte sur tes commissions: dans un moment nous acquitterons le reste.</s>
</p>
<stage type="exit">Il s'en va.</stage>
</sp>
</div2>
<div2 type="scene" n='8'><head>SCÈNE VIII.</head>
<sp stage="alone" who='HURLUBRELU'><speaker>HURLUBRELU, seul. </speaker>
<p id='1'>
	<s id='1'>Pardine ! </s>
	<s id='2'>Oui. </s>
	<s id='3'>Si c'est comme ça qu'il les paye, j'aime encor mieux les y faire gratis. </s>
</p>
</sp>
</div2>
<div2 type="scene" n='9'><head>SCÈNE IX. Hurluberlu, Madame Germain, sortant de chez elle.</head>
<sp who="MADAME GERMAIN"><speaker>MADAME GERMAIN.</speaker>
<p id="1">
	<s id="1">Eh bien, mais, j'avais cru entendre mon mari. </s>
</p>
</sp>
<sp who="HURLUBRELU"><speaker>HURLUBRELU.</speaker>
<p id="2">
	<s id="1">J'ai cru mieux que ça, moi, j'ai cru le sentir. </s>
</p>
</sp>
<sp who="MADAME GERMAIN"><speaker>MADAME GERMAIN.</speaker>
<p id="3">
	<s id="1">Il criait, ce me semble, qu'est-ce qu'il faisait donc ?</s>
</p>
</sp>
<sp who="HURLUBRELU"><speaker>HURLUBRELU.</speaker>
<p id="4">
	<s id="1">Ah ! </s>
	<s id='2'>Il me payait un acompte. </s>
</p>
</sp>
<sp who="MADAME GERMAIN"><speaker>MADAME GERMAIN.</speaker>
<p id="5">
	<s id="1">Un acompte ! </s>
	<s id='2'>Et sur quoi? </s>
</p>
</sp>
<sp who="HURLUBRELU"><speaker>HURLUBRELU.</speaker>
<p id="6">
	<s id="1">Sur votre maudit chocolat qu'il m'a pris.</s>
</p>
</sp>
<sp who="MADAME GERMAIN"><speaker>MADAME GERMAIN.</speaker>
<p id="7">
	<s id="1">Il t'a pris mon chocolat ! </s>
	<s id='2'>Comment imbécile !</s>
</p>
<stage type="slap">Elle lui donne un soufflet.</stage>
<p id='8'>
	<s id='1'>Pourquoi lui as-tu dit que tu m'en portais ?</s>
</p>
</sp>
<sp who="HURLUBRELU"><speaker>HURLUBRELU.</speaker>
<p id="9">
	<s id="1">Quiens ! </s>
	<s id='2'>Encor un acompte ! </s>
	<s id='3'>On ne me devra bentôt pus rien. </s>
</p>
</sp>
<sp who="MADAME GERMAIN"><speaker>MADAME GERMAIN.</speaker>
<p id="10">
	<s id="1">Voyez un peu st'animal ! </s>
	<s id='2'>Je lui recommande bien de cacher cela, et c'est le première chose qu'il va dire !</s>
</p>
</sp>
<sp who="HURLUBRELU"><speaker>HURLUBRELU.</speaker>
<p id="11">
	<s id="1">Dame, Madame, c'est pas ma faute. </s>
	<s id='2'>C'est l'embrouillamini des douze cent livres. </s>
	<s id='3'>Vote mari m'a pris là en suspens, et ça m'a coupé, moi. </s>
</p>
</sp>
<sp who="MADAME GERMAIN"><speaker>MADAME GERMAIN.</speaker>
<p id="12">
	<s id="1">Oui, ça t'a coupé, animal ! </s>
	<s id='2'>Si cela t'avait coupé la langue encor, ce ne serait que demi mal. </s>
</p>
</sp>
<sp who="HURLUBRELU"><speaker>HURLUBRELU.</speaker>
<p id="13">
	<s id="1">Oui la langue ! </s>
	<s id='2'>I sembe toujours qu'on la trop longue avec vous. </s>
	<s id='3'>Si je ne l'avais ben tenu pourtant, je pouvais ben dire à vote mari que le marchand demandait son argent, et qu'il vous envoyait le mémoire du chocolat ; et dame, quand il aurait vu ça, je crois ben que ça aurait été vote tour aussi d'être grondée à vous. </s>
</p>
</sp>
<sp who="MADAME GERMAIN"><speaker>MADAME GERMAIN.</speaker>
<p id="14">
	<s id="1">Ah ! Voilà donc une fois que tu as eu un peu de réflexion !</s> 
</p> 
</sp>
<sp who='HURLUBRELU'><speaker>HURLUBRELU. </speaker>
<p id='15'>
	<s id='1'>Pardine, j'en ai toujours, excepté quand j'oublie, et pis quand on m'ahurit comme ça.</s>
</p>
</sp>
<sp who="MADAME GERMAIN"><speaker>MADAME GERMAIN.</speaker>
<p id="16">
	<s id="1">Oui. </s>
	<s id='2'>Oh ! </s>
	<s id='3'>Tu as une bonne tête !... </s>
	<s id='4'>Eh bien, voyons le donc ce mémoire, où est il ? </s>
</p> 
</sp>
<sp stage="get/show" who='HURLUBRELU'><speaker>HURLUBRELU, tirant une lettre de sa poche. </speaker>
<p id='17'>
	<s id='1'>Le v'là, Madame.</s>
</p>
</sp>
<sp who="MADAME GERMAIN"><speaker>MADAME GERMAIN.</speaker>
<p id="18">
	<s id="1">Bon : cela suffit; je n'ai pas de monnaie pour te payer le port de cette lettre là, et je te le devrai ; mais pour mon déjeûner que tu m'as fait perdre, voilà ce que je dois en bonne conscience.</s>
</p>
<stage type="slap/exit">Elle lui donne trois ou quatre soufflets, et rentre chez elle.</stage>
</sp>
<sp who="HURLUBRELU"><speaker>HURLUBRELU.</speaker>
<p id="19">
	<s id="1">Eh, laissez donc, Madame ; vote mari me la payé celui-là... </s>
	<s id='2'>Et j'ai de la conscience aussi, moi ; je ne veux pas recevoir double.</s>
</p> 
</sp>
</div2>
<div2 type="scene" n='10'><head>SCÈNE X.</head>
<sp stage="alone" who='HURLUBRELU'><speaker>HURLUBRELU, seul. </speaker>
<p id='1'>
	<s id='1'>Dame aussi, si c'est qu'ils s'entendent pour me payer tous avec la même monnaie, y beuvent ben faire les commissions eux-mêmes. </s>
</p>
</sp>
</div2>
<div2 type="scene" n='11'><head>SCÈNE XI. Mademoiselle Germain, à la fenêtre : Hurlubrelu, en bas.</head>
<sp stage="toward" who='MADEMOISELLE GERMAIN'><speaker>MADEMOISELLE GERMAIN, l'appelle à demi voix. </speaker>
<p id='1'>
	<s id='1'>Hurluberlu ? </s>
</p>
</sp>
<sp who="HURLUBRELU"><speaker>HURLUBRELU.</speaker>
<p id="2">
	<s id="1">Eh ben, qu'est-ce qui y a encore ? </s>
</p> 
</sp>
<sp stage="location" who='MADEMOISELLE GERMAIN'><speaker>MADEMOISELLE GERMAIN, à la fenêtre. </speaker>
<p id='3'>
	<s id='1'>C'est moi : as-tu passé ce matin dans la rue de... </s>
</p>
</sp>
<sp stage="closer" who='HURLUBRELU'><speaker>HURLUBRELU, allant à elle. </speaker>
<p id='4'>
	<s id='1'>Ah ! </s>
	<s id='2'>Dans la rue de chose... </s>
	<s id='3'>Oui, et j'ai vu Monsieur. </s>
	<s id='4'>Monsieur Chose, vous savez ben... qui m'a dit... </s>
	<s id='5'>Oh ! </s>
	<s id='6'>Il m'a dit tout plein de choses. </s>
</p>
</sp>
<sp stage="location" who='MADEMOISELLE GERMAIN'><speaker>MADEMOISELLE GERMAIN, à la fenêtre. </speaker>
<p id='5'>
	<s id='1'>Se porte-t-il bien ?</s>
</p>
</sp>
<sp who="HURLUBRELU"><speaker>HURLUBRELU.</speaker>
<p id="6">
	<s id="1">Oh ! </s>
	<s id='2'>Je vous en réponds, allez: quand y m'a vu même, il a été tout de suite... </s>
	<s id='3'>Oh ! </s>
	<s id='4'>Il a été tout chose aussi, et pis y m'a donné quéque chose pour vous. </s>
</p> 
</sp>
<sp stage="location" who='MADEMOISELLE GERMAIN'><speaker>MADEMOISELLE GERMAIN, à la fenêtre. </speaker>
<p id='7'>
	<s id='1'>Qu'est ce que c'est ? </s>
</p>
</sp>
<sp who='HURLUBRELU'><speaker>HURLUBRELU.</speaker>
<p id='8'>
	<s id='1'>Ah ! </s>
	<s id='2'>Dame, c'est une lettre.</s>
</p>
</sp>
<sp stage="location" who='MADEMOISELLE GERMAIN'><speaker>MADEMOISELLE GERMAIN, à la fenêtre. </speaker>
<p id='9'>
	<s id='1'>Eh bien, apporte la-moi donc.</s>
</p>
</sp>
<sp who="HURLUBRELU"><speaker>HURLUBRELU.</speaker>
<p id="10">
	<s id="1">Oh ! </s>
	<s id='2'>Je n'ose pas : vote père m'a défendu d'entrer ; et pis vote mère qui n'a pas déjeuné, qu'a son chocolat sur le coeur !... </s>
	<s id='3'>Mais venez la chercher.</s>
</p> 
</sp>
<sp stage="close" who='MADEMOISELLE GERMAIN'><speaker>MADEMOISELLE GERMAIN, fermant la fenêtre. </speaker>
<p id='11'>
	<s id='1'>Eh bien, je descends.</s>
</p>
</sp>
<sp who="HURLUBRELU"><speaker>HURLUBRELU.</speaker>
<p id="12">
	<s id="">Du moins celle là va me dédommager des autres On ne tombe pas toujours sur des ingrats aussi.</s>
</p> 
</sp>
<sp stage="entrance" who='MADEMOISELLE GERMAIN'><speaker>MADEMOISELLE GERMAIN, sortant de sa maison. </speaker>
<p id='13'>
	<s id='1'>Voyons, mon ami, donne-moi la lettre. </s>
</p>
</sp>
<sp stage="get/give" who='HURLUBRELU'><speaker>HURLUBRELU, lui donne un papier qu'il tire de sa poche.</speaker>
<p id="14">
	<s id="1">Tenez, Mamselle, la v'là... </s>
	<s id='2'>Lisez-la tout de suite ici, parce que si y a t'une réponse, vous me la direz.</s>
</p>
</sp>
<sp who="MADEMOISELLE GERMAIN"><speaker>MADEMOISELLE GERMAIN.</speaker>
<p id="15">
	<s id="1">Tu as raison.</s>
</p>
<stage type="read">Elle lit.</stage>
<p id='16'>
	<s id='1'>Madame, je vous envoie le compte du chocolat que je vous ai fourni...</s>
</p>
</sp>
<sp who="HURLUBRELU"><speaker>HURLUBRELU.</speaker>
<p id="17">
	<s id="1">Hem ? </s>
	<s id='2'>Queque vous dites donc, vous ?</s>
</p>
</sp>
<sp who="MADEMOISELLE GERMAIN"><speaker>MADEMOISELLE GERMAIN.</speaker>
<p id="18">
	<s id="1">Je lis ce que tu m'as donné : qu'est-ce que cela veut dire ?</s>
</p>
</sp>
<sp who='HURLUBRELU'><speaker>HURLUBRELU. </speaker>
<p id='19'>
	<s id='1'>Comment ! </s>
	<s id='2'>Y a du chocolat là dedans ? </s>
</p>
</sp>
<sp who="MADEMOISELLE GERMAIN"><speaker>MADEMOISELLE GERMAIN.</speaker>
<p id="20">
	<s id="1">Certainement.</s>
</p>
<stage type="read">Elle lit.</stage>
<p id="21">
	<s id="1">Et je vous prie de vouloir me faire passer le montant du présent mémoire. </s>
</p>
</sp>
<sp who="HURLUBRELU"><speaker>HURLUBRELU.</speaker>
<p id="22">
	<s id="1">Ah ! </s>
	<s id='2'>Ventrebille ! </s>
	<s id='3'>On s'est trompé. </s>
	<s id='4'>C'est pas pour vous ; c'est pour vote mère. </s>
</p>
</sp>
<sp who="MADEMOISELLE GERMAIN"><speaker>MADEMOISELLE GERMAIN.</speaker>
<p id="23">
	<s id="1">Eh bien, porte lui, et donne-moi l'autre. </s>
</p>
</sp>
<sp who="HURLUBRELU"><speaker>HURLUBRELU.</speaker>
<p id="24">
	<s id="1">Oui ! </s>
	<s id='2'>Au diable qui l'y portera ! </s>
</p>
</sp>
<sp who="MADEMOISELLE GERMAIN"><speaker>MADEMOISELLE GERMAIN.</speaker>
<p id="25">
	<s id="1">Dame, arrange-toi ; mais donne-moi toujours ma lettre. </s>
</p>
</sp>
<sp who="HURLUBRELU"><speaker>HURLUBRELU.</speaker>
<p id="26">
	<s id="1">Ah, ben, en v'là encor une bonne à présent : vote chienne de lettre ! là: c'est y pas un fair expres çà ?</s>
</p> 
</sp>
</div2>
<div2 type="scene" n='12'><head>SCÈNE XII. Les Susdits, Madame Germain, sort de chez elle la lettre à la main.</head> 
<sp who="MADAME GERMAIN"><speaker>MADAME GERMAIN.</speaker>
<p id="1">
	<s id="1">Ah ! </s>
	<s id='2'>Ah ! </s>
	<s id='3'>Monsieur le misérable ! </s>
	<s id='4'>Voilà donc le chocolat que vous portez à ma fille ! </s>
</p>
</sp>
<sp stage="away" who='HURLUBRELU'><speaker>HURLUBRELU, se sauvant d'elle. </speaker>
<p id='2'>
	<s id='1'>Eh non, Madame ; vous voyez ben que c'est un quiproquo... </s>
	<s id='2'>Mais vous n'avez qu'à retroquer de papiers, c'est la même chose. </s>
</p>
</sp>
<sp who="MADAME GERMAIN"><speaker>MADAME GERMAIN.</speaker>
<p id="3">
	<s id="1">Et vous, Mademoiselle, vous recevez des lettres à l'insu de votre père et de votre mère ? </s>
</p>
</sp>
<sp who="MADEMOISELLE GERMAIN"><speaker>MADEMOISELLE GERMAIN.</speaker>
<p id="4">
	<s id="1">Ma chere mère, excusez ; je vous l'aurais fait voir... </s>
	<s id='2'>C'est un jeune homme bien honnête. </s>
</p>
</sp>
<sp who="HURLUBRELU"><speaker>HURLUBRELU.</speaker>
<p id="5">
	<s id="1">Oh mon dien oui, Madame, et qui est ben genti encor, allez. </s>
</p>
</sp>
<sp who="MADAME GERMAIN"><speaker>MADAME GERMAIN.</speaker>
<p id="6">
	<s id="1">C'est fort bien. </s>
	<s id='2'>Mademoiselle : rentrez, s'il vous plaît: quand votre père reviendra, nous verrons ce qu'il dira de cela.</s>
</p>
<stage type="exit">La fille rentre.</stage>
<note type="L">Coquin : terme injurieux qu'on dit à toutes sortes de petites gens qui mènent une vie libertine, friponne, fainéante qui n'ont aucun sentiment d'honnêteté. [F]</note>
<p id='7'>
	<s id='1'>Pour toi, coquin, si je te vois seulement approcher de la porte de ma maison, je te ferai renfermer pour le reste de tes jours.</s>
</p>
<stage type="exit">Elle rentre chez elle.</stage>
</sp>
</div2>
<div2 type="scene" n='13'><head>SCÈNE XIII.</head>
<sp stage="alone" who='HURLUBRELU'><speaker>HURLUBRELU, seul. </speaker>
<p id='1'>
	<s id='1'>Diante ! </s>
	<s id='2'>C'est ben honnête !... </s>
	<s id='3'>Comme les gens sont injustes pourtant !... </s>
	<s id='4'>V'là que j'étais dans le train de faire trouver un mariage à sa fille, et v'là qu'elle dérange tout, elle !... </s>
	<s id='5'>Et tout ça pour pas me payer !... </s>
	<s id='6'>Ah ! </s>
	<s id='7'>V'là le fils qui revient de son bureau. </s>
	<s id='8'>J'ai pourtant queque chose de bon à lui dire aussi à lui. </s>
	<s id='9'>Faut voir si y sera aussi ingrat comme les autes.</s>
</p> 
</sp>
</div2>
<div2 type="scene" n='14'><head>SCÈNE XIV. Hurlubrelu, Joseph, Germain, passe pour entrer à sa maison.</head>
<sp stage="toward" who='HURLUBRELU'><speaker>HURLUBRELU, l'appelle. </speaker>
<p id='1'>
	<s id='1'>Écoutez donc, Monsieur Joseph. </s>
</p>
</sp>
<sp stage="closer" who='JOSEPH'><speaker>JOSEPH, venant à lui. </speaker>
<p id='2'>
	<s id='1'>Ah, te voilà, Hurlubrelu ! </s>
	<s id='2'>Eh bien, as-tu été ce matin souhaiter le bonjour à Madame Dugange ? </s>
</p>
</sp>
<sp who="HURLUBRELU"><speaker>HURLUBRELU.</speaker>
<p id="3">
	<s id="1">Oui-dà, Monsieur, alle est ben attentife à toutes vos politesses ; elle vous attend pour goûter demain avec elle, au sortir de vote bureau de l'après-midi, et pis elle m'a chargé de vous remettre une belle paire de bas de soie blanc tout neuf pour vous habiller dimanche.</s>
</p>
</sp>
<sp who="JOSEPH"><speaker>JOSEPH.</speaker>
<p id="4">
	<s id="1">Comment donc ! </s>
	<s id='2'>Mais c'est une galanterie on ne peut pas plus agréable, et je l'en remercierai demain sans faute. </s>
	<s id='3'>En attendant, toi, mon cher ami, je m'en vais toujours te donner la pièce : il est bien juste que tu boive sà notre santé.</s>
</p>
<stage type="search/get">Il fouille à sa poche et tire sa bourse.</stage>
</sp>
<sp who="HURLUBRELU"><speaker>HURLUBRELU.</speaker>
<p id="5">
	<s id="1">Allons, jarni ! </s>
	<s id='2'>V'là le pus brave et honnête homme de toute la famille... </s>
	<s id='3'>Tenez, Monsieur, avant que de prendre vote argent, v'là dabord vos bas.</s>
</p>
<stage type="get/show">Il lui ôte le panier et les lui présente.</stage>
</sp>
<sp stage="open" who='JOSEPH'><speaker>JOSEPH, les développe, ils sont tous tachés. </speaker>
<p id='6'>
	<s id='1'>Que diable est-ce que c'est donc que ça !</s>
</p>
</sp>
<sp who="HURLUBRELU"><speaker>HURLUBRELU.</speaker>
<p id="7">
	<s id="1">Ah, jarni ! </s>
	<s id='2'>Queu guignon que vous avez, Monsieur, c'est du mou que j'avais mais dans le pagnier pour vote grande-mère. </s>
</p>
</sp>
<sp who="JOSEPH"><speaker>JOSEPH.</speaker>
<p id="8">
	<s id="1">Comment, animal ! </s>
	<s id='2'>Tu enveloppes du mou dans des bas de soie blanc ? </s>
</p> 
</sp>
<sp who='HURLUBRELU'><speaker>HURLUBRELU.</speaker>
<p id='9'>
	<s id='1'>Eh non, Monsieur, il était ben dans une feuille de chou ; mais ça se sera renversé en courant. </s>
</p>
</sp>
<sp stage="close" who='JOSEPH'><speaker>JOSEPH, resserrant sa bourse. </speaker>
<p id='10'>
	<s id='1'>Ah, gueux ! </s>
	<s id='2'>Je t'apprendrai à courir, moi.</s>
</p>
</sp>
<sp who="HURLUBRELU"><speaker>HURLUBRELU.</speaker>
<p id="11">
	<s id="1">Mais, Monsieur, c'est rien que ça ; ****a des blanchisseuses, et pis comme je vous dis, c'est jamais que du mou. </s>
</p>
</sp>
<sp who="JOSEPH"><speaker>JOSEPH.</speaker>
<p id="12">
	<s id="1">Attends, je vais te blanchir, moi. </s>
	<s id='2'>Tiens, drôle, tiens, coquin.</s>
</p>
<stage type="hit">Il lui donne des coups de canne.</stage>
<p id='13'>
	<s id='1'>Voilà du mou, mon ami; serre bien celui-là. </s>
</p>
<stage type="exit">Il rentre chez lui.</stage>
</sp>
</div2>
<div2 type="scene" n='15'><head>SCÈNE XV.</head>
<sp stage="alone" who='HURLUBRELU'><speaker>HURLUBRELU, seul. </speaker>
<p id="1">
	<s id="1">***faut que je le rende à la cuisignière son pagnier et ses carottes... </s>
	<s id='2'>Je peux ben li donner sans entrer dans la maison. </s>
	<s id='3'>V'là la cuisine, je vas l'appeler par la fenêtre... </s>
	<s id='4'>Oh ! </s>
	<s id='5'>Mamselle Javotte.</s>
</p> 
</sp>
<sp stage="location" who='JAVOTTE'><speaker>JAVOTTE, en dedans. </speaker>
<p id='2'>
	<s id='1'>Qu'est-ce que c'est ? </s>
</p>
</sp>
<sp stage="location" who='HURLUBRELU'><speaker>HURLUBRELU, dans la rue. </speaker>
<p id='3'>
	<s id='1'>C'est vos carottes que j'apporte. </s>
</p>
</sp>
<sp stage="location" who='JAVOTTE'><speaker>JAVOTTE, en dedans. </speaker>
<p id='4'>
	<s id='1'>Ah ! </s>
	<s id='2'>Ben obligée : tandis que vous v'là dans la rue, faites-moi donc le plaisir d'aller jusques chez l'épicier m'acheter un peu de poivre.</s>
</p>
</sp>
<sp who="HURLUBRELU"><speaker>HURLUBRELU.</speaker>
<p id="5">
	<s id="1">Ah ! </s>
	<s id='2'>N'y a pas de poivre qui tienne ; je ne fais pas de commissions ; ça me tourne trop mal : allez-y vous-même.</s>
</p> 
</sp>
<sp stage="location" who='JAVOTTE'><speaker>JAVOTTE, en dedans. </speaker>
<p id='6'>
	<s id='1'>Je ne peux pas quitter, ma poêle est sur le feu : je suis après à faire une friture. </s>
</p>
</sp>
<sp who='HURLUBRELU'><speaker>HURLUBRELU. </speaker>
<p id='7'>
	<s id='1'>Eh ben, je vas entrer et je tiendrai votre poêle is que vous irez chercher ce qu'il vous faut. </s>
</p>
<stage type="aparte">À part.</stage>
<p id='8'>
	<s id='1'>Ça fait que je déjeunerai moi aussi pendant stems-là. </s>
</p>
</sp>
<sp stage="location" who='JAVOTTE'><speaker>JAVOTTE, en dedans. </speaker>
<p id='9'>
	<s id='1'>Eh ben, à la bonne heure, vous n'avez qu'à entrer. </s>
</p>
</sp>
<sp stage="exit" who='HURLUBRELU'><speaker>HURLUBRELU, entrant. </speaker>
<p id='10'>
	<s id='1'>Ah ça, ne soyez pas longtemps, au moins. </s>
</p>
</sp>
<sp stage="exit" who='JAVOTTE'><speaker>JAVOTTE, sortant. </speaker>
<p id='11'>
	<s id=''>Non, non, je ne ferai qu'aller et venir.</s>
</p>
<stage type="stop">Elle s'arrête.</stage>
<p id='12'>
	<s id='1'>À propos, y faudra que j'achète aussi du lard ; voyons si j'ai assez de monnaie.</s>
</p>
<stage type="read">Elle compte son argent.</stage>
<p id='13'>
	<s id='1'>Oh ! </s>
	<s id='2'>Oui, j'ai plus qu'il ne me faut.</s>
</p>
<stage type="exit">Elle s'en va.</stage>
</sp>
</div2>
<div2 type="scene" n='16'><head>SCÈNE XVI.</head>
<sp stage="entrance/alone/get" who='GERMAIN'><speaker>GERMAIN, revient avec des papiers à la main. </speaker>
<p id='1'>
	<s id='1'>Ce diable de Monsieur Barbarin est bien nommé ! </s>
	<s id='2'>Je n'ai jamais vu de procureur plus rébarbatif. </s>
	<s id='3'>J'ai eu beau lui représenter mon accident, c'est tout ce que j'ai pu faire d'obtenir de lui un sursis de huit jours.</s>
</p>
<stage type="watch/smoke">Il regarde ses papiers. On voit sortir de la fumée de la cuisine.</stage>
</sp>
</div2>
<div2 type="scene" n='17'><head>SCÈNE XVII.</head>
<sp stage="alone/entrance/location" who='HURLUBRELU'><speaker>HURLUBRELU, sort de la cuisine portant un seau pour puiser de l'eau, et dit en passant.</speaker>
<p id='1'>
	<s id='1'>Ah ! </s>
	<s id='2'>Serpedié, allons ben vite tirer un siau d'eau. </s>
</p>
<stage type="walk/location">Il traverse par une coulisse.</stage>
</sp>
</div2>
<div2 type="scene" n='18'><head>SCÈNE XVIII.</head>
<stage type="back/location">Javotte, revient de l'autre côté.</stage>
<sp who='GERMAIN'><speaker>GERMAIN. </speaker>
<p id="1">
	<s id="1">Qu'est-ce que je sens donc! voilà bien de la fumée chez moi ; que diable est ce que cela veut dire ? </s>
</p>
<stage type="toward">À Javotte.</stage>
<p id='2'>
	<s id='1'>D'où venez-vous, Mademoiselle ? </s>
	<s id='2'>Qu'est ce que c'est que cette fumée dans votre cuisine ?</s>
</p>
</sp>
<sp who='JAVOTTE'><speaker>JAVOTTE. </speaker>
<p id='3'>
	<s id='1'>Ah ! </s>
	<s id='2'>Mon dieu, Monsieur, c'est Hurlubrelu qui me tient la poêle sur le feu ; il aura répandu la friture.</s>
</p>
</sp>
<sp who="GERMAIN"><speaker>GERMAIN.</speaker>
<p id="4">
	<s id="1">Hurlubrelu chez moi ! </s>
	<s id='2'>Ah, le gueux ! </s>
	<s id='3'>Il va brûler ma maison.</s>
</p>
<stage type="exit">Ils entrent tous les deux.</stage> 
</sp>
</div2>
<div2 type="scene" n='19'><head>SCÈNE XIX.</head>
<sp stage="back/carry" who='HURLUBRELU'><speaker>HURLUBRELU, revient avec son seau plein d'eau. </speaker>
<p id='1'>
	<s id='1'>Allons ben vite éteindre ça avant qu'il y revienne du monde. </s>
</p>
<stage type="run/throw">Il court pour entrer, et jette son seau dès la porte.</stage>
</sp>
<sp stage="location" who='GERMAIN'><speaker>GERMAIN, en dedans. </speaker>
<p id='2'>
	<s id='1'>Ah, le misérable ! </s>
	<s id='2'>Qui met le feu chez moi et qui me noie !... </s>
	<s id='3'>Veux-tu t'en aller, coquin ! </s>
</p>
</sp>
<sp stage="push/fall" who='HURLUBRELU'><speaker>HURLUBRELU, repoussé par Germain, tombe à la renverse sur le dehors de la maison avec son seau vide.</speaker>
<p id='3'>
	<s id='1'>Dame, Monsieur, c'est pas ma faute si je vous ai adressé : je voulais le jeter sur le feu. </s>
</p>
</sp>
<sp stage="location" who='GERMAIN'><speaker>GERMAIN, en dedans. </speaker>
<p id='4'>
	<s id='1'>Vas t'en, gueux: nous l'éteindrons sans toi.</s>
</p>
</sp>
<sp who="HURLUBRELU"><speaker>HURLUBRELU.</speaker>
<p id="5">
	<s id="1">Mais, est-ce que c'est à moi qu'il faut s'en prendre donc de çà ? </s>
	<s id='2'>C'est la poêle qu'a perdu l'équilibre... </s>
	<s id='3'>Et pis fallait faire ramoner vote cheminée, là !... </s>
	<s id='4'>Y sembe qu'on soit responsabe de tout... </s>
	<s id='5'>Me v'là ben à stheure ! </s>
	<s id='6'>Rentrer là, ne faut pus y penser. </s>
	<s id='7'>Tout le monde qui est contre moi !... </s>
	<s id='8'>Allons faut prendre son parti et faire comme si j'étais dessus le pavé. </s>
	<s id='9'>Faut chercher une aute condition... </s>
	<s id='10'>Où que j'irai ben m'adresser ? </s>
	<s id='11'>Les maîtres sont si ridicules ! </s>
	<s id='12'>Et pis je suis si las de servir cheus ces bourgeois... </s>
	<s id='13'>Faudrait putôr... </s>
	<s id='14'>Oui ; je crais que ça vaudra mieux Je me rappelle qu'autre fois j'avais tapris queuque tems à coiffer et à raser ; même que je commençais déjà ben a mordre sur le peigne... </s>
	<s id='15'>Et le rasoir encor qu'était mon fort... </s>
	<s id='16'>Faut que je voie si j'y aurai encor la main : v'là ici devant une boutique de perruquier, parlons-zy ; c'est aujourd'hui samedi justement, y a beaucoup de barbes de rencontte allons en faire queuquezune, ça me rapportera toujours queuque chose. </s>
	<s id='17'>Eh quoi ! </s>
	<s id='18'>Comme dit l'aute, n'y a que les zhonteux qui perdent.</s>
</p>
<stage type="exit">Il va à la boutique du perruquier.</stage>
</sp>
</div2>
<div2 type="scene" n='20' stage="entrance"><head>SCÈNE XX. Javotte, Germain, sortant de sa maison.</head>
<sp who='JAVOTTE'><speaker>JAVOTTE. </speaker>
<p id='1'>
	<s id='1'>Comment, Monsieur, vous me mettez à la porte pour çà ! </s>
	<s id='2'>Est-ce que c'est ma faute à moi ?</s>
</p>
</sp>
<sp who="GERMAIN"><speaker>GERMAIN.</speaker>
<p id="2">
	<s id="1">Oui, Mademoiselle, c'est votre faute. </s>
	<s id='2'>C'est un petit vaurien que vous soutenez, et que vous avez laissé entrer quand je lui avais défendu ma porte. </s>
</p>
</sp>
<sp who='JAVOTTE'><speaker>JAVOTTE.</speaker>
<p id='3'>
	<s id='1'>Mais, Monsieur, je ne le savais pas.</s>
</p>
</sp>
<sp who="GERMAIN"><speaker>GERMAIN.</speaker>
<p id="4">
	<s id="1">En outre, vous vous entendez avec ma femme. </s>
	<s id='2'>Vous lui faites son chocolat tous les matins, et vous savez très bien, par exemple, que je lui ai défendu d'en prendre, et vous de lui en faire. </s>
	<s id='3'>Vous ne me direz pas non cette fois.</s>
</p>
</sp>
<sp who='JAVOTTE'><speaker>JAVOTTE.</speaker>
<p id='5'>
	<s id='1'>Dame, Monsieur, Madame me commandait de la faire ; je ne pouvais pas lui désobéir non plus.</s>
</p>
</sp>
<sp who="GERMAIN"><speaker>GERMAIN.</speaker>
<p id="5">
	<s id="1">Non sans doute, vous avez mieux aimé me désobéir à moi. </s>
	<s id='2'>Eh bien, ma fille, vous avez bien fait : à présent allez voir si Madame veut vous prendre à son service ; quant à moi je vous renvoie du mien : pour votre compte il n'est pas lourd : je crois même que nous sommes encore en avance avec vous, ainsi vous pouvez toujours aller vous munir d'une autre condition, et en revenant chercher votre paquet, nous finirons de compter ensemble : adieu, ma bonne.</s>
</p>
<stage type="exit">Il rentre chez lui.</stage>
</sp>
<sp stage="alone" who='JAVOTTE'><speaker>JAVOTTE, seule.</speaker>
<p id='6'>
	<s id='1'>C'est ce gueux d'Hurlubrelu qui m'a valu ça, voyez-vous ; il me le payera.</s>
</p>
</sp>
</div2>
<div2 type="scene" n='21' stage="follow"><head>SCÈNE XXI. Hurluberlu, poursuivi par un Porte-Faix et le maître Perruquier.</head>
<sp stage="" who='HURLUBRELU'><speaker>HURLUBRELU, un rasoir à la main se sauve de la boutique. </speaker>
<p id='7'>
	<s id='1'>Eh ben, voulez-vous finir donc ! </s>
</p>
</sp>
<sp stage="open" who='LE PORTE-FAIX'><speaker>LE PORTE-FAIX, une serviette au cou, savonné d'un côté et écorché de l'autre, sa bricole à la main. </speaker>
<p id='8'>
	<s id='1'>Comment, coquin d'assassineu ! </s>
	<s id='2'>Tu dis que tu sais raser, et tu viens couper la gorge au monde !</s>
</p>
</sp>
<sp who="HURLUBRELU"><speaker>HURLUBRELU.</speaker>
<p id="9">
	<s id="1">Et dame, pourquoi que vous remuez aussi ?</s>
</p> 
</sp>
<sp who='LE PERRUQUIER'><speaker>LE PERRUQUIER. </speaker>
<p id='10'>
	<s id='1'>Gueux que tu es ! </s>
	<s id='2'>Veux-tu bien me rendre ce rasoir là tout-à-l'heure.</s>
</p>
</sp>
<sp who="HURLUBRELU"><speaker>HURLUBRELU.</speaker>
<p id="11">
	<s id="1">Pardine vous êtes ben ridicule aussi, vous ! </s>
	<s id='2'>Vous voyez ben de pis le temps je n'y ai pus la main. </s>
</p> 
</sp>
<sp who='LE PORTE-FAIX'><speaker>LE PORTE-FAIX. </speaker>
<p id='12'>
	<s id='1'>Je le crais pardine ben que tu ne l'y as jamais eu la main qu'à faire des mauvais coups, chien d'écorcheu ! </s>
</p>
</sp>
<sp who="HURLUBRELU"><speaker>HURLUBRELU.</speaker>
<p id="13">
	<s id="1">Oui, écorcheu ! </s>
	<s id='2'>Pour un petit morceau de la joue !... </s>
	<s id='3'>Mais je vous dis, Monsieur le Maître, laissez-moi me remettre sus quéqu'aute, je ne les couperai ptêtre pas tous. </s>
</p>
</sp>
<sp who='LE PORTE-FAIX'><speaker>LE PORTE-FAIX. </speaker>
<p id='14'>
	<s id='1'>Ne reviens pas sus moi toujours. </s>
</p>
</sp>
<sp who='LE PERRUQUIER'><speaker>LE PERRUQUIER. </speaker>
<p id='15'>
	<s id='1'>Ah ben oui ; n'y a qu'à lui laisser le rasoir une demi-heure, il m'estropira toutes mes pratiques. </s>
	<s id='2'>Allons, rends ça, drôle. </s>
</p>
<stage type="get/toward">Il lui reprend le rasoir : au Porte-Faix.</stage>
<p id='16'>
	<s id='1'>Et vous, mon ami, je vous demande pardon de sa maladresse ; revenez, je vas vous finir, et je vous mettrai là-dessus une petite compresse avec de l'eau de lavande. </s>
</p>
</sp>
<sp who='LE PORTE-FAIX'><speaker>LE PORTE-FAIX. </speaker>
<p id='17'>
	<s id='1'>À la bonne heure.</s>
</p>
<stage type="toward">À Hurlubrelu.</stage>
<p id='18'>
	<s id='1'>Et toi qui m'as si ben rasé, tu n'as qu'à m'attendre un instant, je m'en vas revenir te peigner, moi.</s>
</p>
<stage type="exit">Il rentre avec le Perruquier.</stage>
</sp>
<sp who="HURLUBRELU"><speaker>HURLUBRELU.</speaker>
<p id="19">
	<s id="1">Ah ! </s>
	<s id='2'>J'ai pas besoin de toi pour ma toilette.</s>
</p> 
</sp>
</div2>
<div2 type="scene" n='22'><head>SCÈNE XXII. Hurlebrelu, Javotte.</head>
<sp who='JAVOTTE'><speaker>JAVOTTE.</speaker>
<p id='1'>
	<s id='1'>Eh ben, Monsieur Hurlubrelu, il me paraît que ça ne va pas mal.</s>
</p>
</sp>
<sp who="HURLUBRELU"><speaker>HURLUBRELU.</speaker>
<p id="2">
	<s id="1">Oui, mamselle Javotte ; vous le voyez : c'est de tous les côtés la même danse... </s>
	<s id='2'>Queuque vous taites donc là en-dehors ? </s>
</p>
</sp>
<sp who="JAVOTTE"><speaker>JAVOTTE.</speaker>
<p id="3">
	<s id="1">Ah ! </s>
	<s id='2'>C'est une obligation que je vous ai aussi. </s>
	<s id='3'>Je prends à st'heure le frais en-dehors, parce que vous nous avez fait prendre le chaud en dedans, vous. </s>
</p>
</sp>
<sp who="HURLUBRELU"><speaker>HURLUBRELU.</speaker>
<p id="4">
	<s id="1">Quiens ! </s>
	<s id='2'>Pour ste misère du feu tantôt !... </s>
	<s id='3'>Pardine, il est donc ben regardant ce Maître là... </s>
	<s id='4'>Est-ce qu'un domestique peut répondre de tout ça ?</s>
</p>
</sp>
<sp who="JAVOTTE"><speaker>JAVOTTE.</speaker>
<p id="5">
	<s id="1">Dame : v'là pourtant comme il l'entend. </s>
	<s id='2'>Preuve de ça, qu'il m'a mis à la porte, et que je ne vous conseille pas non pus d'aller rechercher vote reste, vous. </s>
</p>
</sp>
<sp who="HURLUBRELU"><speaker>HURLUBRELU.</speaker>
<p id="6">
	<s id="1">Oh moi, je l'y laisse tout. </s>
	<s id='2'>Ces gens là sont trop ahuris pour moi. </s>
</p>
</sp>
<sp who="JAVOTTE"><speaker>JAVOTTE.</speaker>
<p id="7">
	<s id="1">Oui, vous la pernez ben ; quoique ça en attendant nous v'là ben avancés à stheure-ci ; à la porte tous les deux, et sans ressource, sans argent même ; car il ne m'a pas payé mes gages ; qu'est-ce que j'allons devenir ?</s>
</p>
</sp>
<sp who="HURLUBRELU"><speaker>HURLUBRELU.</speaker>
<p id="8">
	<s id="1">Bah ! </s>
	<s id='2'>Bah ! </s>
	<s id='3'>Vous avez toujours peur, vous. </s>
	<s id='4'>Faut pas encore se désespérer pour ça, au contraire, je pouvons faire une fin. </s>
	<s id='5'>Vous savez ben que je nous sommes promis de nous marier l'un contre l'aute ; eh ben v'là tune belle occasion : nous sommes sur le pavé tous les deux, ça fait que nous sommes nos maîtres. </s>
	<s id='6'>Faut profiter de ça. </s>
</p>
</sp>
<sp who="JAVOTTE"><speaker>JAVOTTE.</speaker>
<p id="9">
	<s id="1">Oui ! </s>
	<s id='2'>Un beau profit à faire.... et de l'argent pour vivre ?</s>
</p>
</sp>
<sp who="HURLUBRELU"><speaker>HURLUBRELU.</speaker>
<p id="10">
	<s id="1">Écoutez moi donc, je sais où ce qui y en a. </s>
	<s id='2'>Vous savez ben dabord que vous avez six cent francs à toucher du testament de feu mon onque quand vous m'aurez t'épousé </s>
</p>
</sp>
<sp who="JAVOTTE"><speaker>JAVOTTE.</speaker>
<p id="11">
	<s id="1">C'est vrai... mais on ne peut pas commencer par-là : auparavant que de se marier, faut ben regarder si on a des fonds. </s>
</p>
</sp>
<sp who="HURLUBRELU"><speaker>HURLUBRELU.</speaker>
<p id="12">
	<s id="1">Eh ben, j'y ai regardé, et j'en ai, moi, des fonds. Mon onque m'a ti pas laissé aussi six cent livres que j'ai déjà touché, moi. </s>
</p>
</sp>
<sp who="JAVOTTE"><speaker>JAVOTTE.</speaker>
<p id="13">
	<s id="1">Hé ben, queuque vous en avez fait ? </s>
</p>
</sp>
<sp who="HURLUBRELU"><speaker>HURLUBRELU.</speaker>
<p id="14">
	<s id="1">Ah ! </s>
	<s id='2'>V'là donc le tuyautem**** : j'en ai fait que je les ai placé cheus un Notaire où ce qui m'en rapporte encor d'autes des lives... </s>
	<s id='3'>C'est ti encor une bêtise de ma part, hein, celle-là ? </s>
</p>
</sp>
<sp who="JAVOTTE"><speaker>JAVOTTE.</speaker>
<p id="15">
	<s id="1">Eh non, Monsieur Hurlubrelu... </s>
	<s id='2'>C'est ben travaillé ça. </s>
</p>
</sp>
<sp who="HURLUBRELU"><speaker>HURLUBRELU.</speaker>
<p id="16">
	<s id="1">Vous voyez donc ben qu'on sait se garder une poire pour la soif... </s>
	<s id='2'>Ainsi Mademoiselle Javotte v'là qu'est dit. </s>
	<s id='3'>V'là le Notaire qu'est là ; j'allons l'y redemander mon argent. </s>
	<s id='4'>Je nous marierons avec, j'irons après ça toucher vos six cent livres à vous, et pis je nous mettrons dans une petite chambe où ce que je resterons tous les deux nos maîtes jusqu'à ce que je trouvions à nous remettre les domestiques des autes.</s>
</p>
</sp>
<sp who='JAVOTTE'><speaker>JAVOTTE. </speaker>
<p id='7'>
	<s id='1'>Eh, où ce que je vas vous attende pendant ce tems-là ?</s>
</p>
</sp>
<sp who="HURLUBRELU"><speaker>HURLUBRELU.</speaker>
<note type="L">Chopine : petite mesure de liqueur qui contient la moitié d'une pinte. [F]</note>
<p id="8">
	<s id="1">Tenez v'là t'un cabaret à devant. </s>
	<s id='2'>On ne peut pas donner des rendez-vous pus honnêtes : entrez y un petit quart-d'heure ; faites tirer chopine et j'allons vous y retrouver avec l'argent. </s>
</p>
</sp>
<sp who="JAVOTTE"><speaker>JAVOTTE.</speaker>
<p id="9">
	<s id="1">Allons, je vous y attendrai.</s>
</p>
<stage type="exit/knck">Elle entre au cabaret, Hurlubrelu frappe chez le Notaire.</stage>
</sp>
</div2>
<div2 type="scene" n='23'><head>SCÈNE XXIII. Hurlubrelu, Le Notaire.</head>
<sp who="LE NOTAIRE"><speaker>LE NOTAIRE.</speaker>
<p id="1">
	<s id="1">Que demandez-vous ? </s>
</p>
</sp>
<sp who="HURLUBRELU"><speaker>HURLUBRELU.</speaker>
<p id="2">
	<s id="1">N'est-ce pas Monsieur quequefois qui est Monsieur le Notaire ? </s>
</p>
</sp>
<sp who="LE NOTAIRE"><speaker>LE NOTAIRE.</speaker>
<p id="3">
	<s id="1">Oui, mon ami, c'est tout juste moi ; qu'est ce qu'il vous faut ? </s>
</p>
</sp>
<sp who="HURLUBRELU"><speaker>HURLUBRELU.</speaker>
<p id="4">
	<s id="1">Monsieur il me faut six cent francs. </s>
</p>
</sp>
<sp who='LE NOTAIRE'><speaker>LE NOTAIRE. </speaker>
<p id='5'>
	<s id='1'>Il vous faut six cent livres !... </s>
	<s id='2'>Et pourquoi vous les faut-il ?</s>
</p>
</sp>
<sp who="HURLUBRELU"><speaker>HURLUBRELU.</speaker>
<p id="6">
	<s id="1">Pourquoi ? </s>
	<s id='2'>Pour me marier. </s>
</p>
</sp>
<sp who="LE NOTAIRE"><speaker>LE NOTAIRE.</speaker>
<p id="7">
	<s id="1">C'est fort bien fait à vous. </s>
	<s id='2'>Mais enfin sur quoi me les demandez-vous ? </s>
</p>
</sp>
<sp who="HURLUBRELU"><speaker>HURLUBRELU.</speaker>
<p id="8">
	<s id="1">Comment, sur quoi... </s>
	<s id='2'>Eh, pardine sur mes bras, sur mes épaules, sur ma tête même, comme vous voudrez. </s>
	<s id='3'>Ça n'est pas si lourd à porter. </s>
</p>
</sp>
<sp who="LE NOTAIRE"><speaker>LE NOTAIRE.</speaker>
<p id="9">
	<s id="1">Oh ! </s>
	<s id='2'>Je crois bien que vous en porteriez davantage, mais encor quel titre avez-vous pour me les demander ? </s>
	<s id='3'>De quelle part? </s>
</p>
</sp>
<sp who="HURLUBRELU"><speaker>HURLUBRELU.</speaker>
<p id="10">
	<s id="1">Quiens, des titres et des parts, et pardine de la mienne. </s>
	<s id='2'>Je vous les ai donné, faut ben me les rendre, et avec les autes francs que ça a refait depuis encor : ah, dame, c'est que je savons les affaires, allez. </s>
</p>
</sp>
<sp who="LE NOTAIRE"><speaker>LE NOTAIRE.</speaker>
<p id="11">
	<s id="1">Je ne vous comprends pas. </s>
	<s id='2'>Vous m'avez donné, dites-vous, six cent livres ?</s>
</p>
</sp>
<sp who="HURLUBRELU"><speaker>HURLUBRELU.</speaker>
<p id="12">
	<s id="1">Oui, Monsieur, y a six mois. </s>
</p>
</sp>
<sp who="LE NOTAIRE"><speaker>LE NOTAIRE.</speaker>
<p id="13">
	<s id="1">Cela n'est pas vrai : je ne vous ai jamais vu.</s>
</p>
</sp>
<sp who='HURLUBRELU'><speaker>HURLUBRELU. </speaker>
<p id='14'>
	<s id='1'>Ma fine, je ne vous ai jamais vu non plus, moi.</s>
</p>
</sp>
<sp who="LE NOTAIRE"><speaker>LE NOTAIRE.</speaker>
<p id="15">
	<s id="1">Eh ben donc, vous êtes un imposteur. </s>
	<s id='2'>Si vous ne m'avez jamais vu, vous ne pouvez pas m'avoir donné six cent livres. </s>
</p>
</sp>
<sp who="HURLUBRELU"><speaker>HURLUBRELU.</speaker>
<p id="16">
	<s id="1">Quiens, la belle malice ! </s>
	<s id='2'>Est-ce ma faute à moi si on ne vous voit pas : que Monsieur Jean, même, vote domestique, i m'a dit pus de vingt fois que vous n'y étiez jamais. </s>
</p>
</sp>
<sp who="LE NOTAIRE"><speaker>LE NOTAIRE.</speaker>
<p id="17">
	<s id="1">Eh bien, en conséquence, si je n'y étais pas, vous ne m'avez rien donné. </s>
</p>
</sp>
<sp who="HURLUBRELU"><speaker>HURLUBRELU.</speaker>
<p id="18">
	<s id="1">Pardi, oui : des conséquences à st'heure; est ce que ça empêche, donc ?</s>
</p>
</sp>
<sp who="LE NOTAIRE"><speaker>LE NOTAIRE.</speaker>
<p id="19">
	<s id="1">Mais il me semble que oui. </s>
</p>
</sp>
<sp who="HURLUBRELU"><speaker>HURLUBRELU.</speaker>
<note type="L">Prétintaille : Ornement de toilette en découpure qui se mettait sur les robes des femmes. [L]</note>
<p id="20">
	<s id="1">Eh mais, non... </s>
	<s id='2'>Comme il est donc simpe ce notaire-là !... </s>
	<s id='3'>J'ai toujours donné les six cent livres à Monsieur Jean, et pis y m'a donné un billet comme quoi que vous me les rendriez quand je les voudrais avec les pertintailles.... quoi.... les intérêts de tout ça.... </s>
	<s id='4'>Comment que ça s'appelle? </s>
</p>
</sp>
<sp who="LE NOTAIRE"><speaker>LE NOTAIRE.</speaker>
<p id="21">
	<s id="1">Ah, voilà qui devient différent : entendons-nous. </s>
	<s id='2'>Vous avez, dites-vous, remis six cent livres à Monsieur Jean, mon domestique ?</s>
</p>
</sp>
<sp who="HURLUBRELU"><speaker>HURLUBRELU.</speaker>
<p id="22">
	<s id="1">Tout juste, Monsieur, vous voyez ben, v'là que vous compernez. </s>
</p>
</sp>
<sp who="LE NOTAIRE"><speaker>LE NOTAIRE.</speaker>
<p id="23">
	<s id="1">Oh, oui, très bien... et M. Jean vous a donné, lui un billet comme quoi je vous rendrais, moi, cet argent avec les intérêts ? </s>
</p>
</sp>
<sp who="HURLUBRELU"><speaker>HURLUBRELU.</speaker>
<p id="24">
	<s id="2">Eh ben oui, Monsieur, c'est ça même, nous y voilà. </s>
</p>
</sp>
<sp who="LE NOTAIRE"><speaker>LE NOTAIRE.</speaker>
<p id="25">
	<s id="1">À merveille.... et avez-vous là ce billet de Monsieur Jean ?</s>
</p>
</sp>
<sp who="HURLUBRELU"><speaker>HURLUBRELU.</speaker>
<p id="26">
	<s id="1">Pardine, sans doute, Monsieur ; je ne viendrais pas sans ça ptête, comme un imbécile... </s>
	<s id='2'>Attendez... </s>
	<s id='3'>Où diable donc que je l'ai fouré à st'heure ?... </s>
	<s id='3'>Ah ! Le v'là.</s>
</p> 
</sp>
<sp stage="get" who='LE NOTAIRE'><speaker>LE NOTAIRE, prenant le billet. </speaker>
<p id='27'>
	<s id='1'>Écoutez, mon ami, ce que j'ai à vous dire sur ce Monsieur Jean.</s>
</p>
</sp>
<sp who="HURLUBRELU"><speaker>HURLUBRELU.</speaker>
<p id="28">
	<s id="1">Oh ! </s>
	<s id='2'>C'était ben un joli garçon, un de mes pays même.</s>
</p>
</sp>
<sp who="LE NOTAIRE"><speaker>LE NOTAIRE.</speaker>
<p id="29">
	<s id="1">Je vous en fais mon compliment... </s>
	<s id='2'>C'était un fripon qui me volait ; je m'en suis aperçu, et j'allais le mettre à la porte quand j'ai vu qu'il avait pris son parti de lui-même, et qu'il s'en était allé de chez moi sans attendre que je le lui dise. </s>
</p>
</sp>
<sp who="HURLUBRELU"><speaker>HURLUBRELU.</speaker>
<p id="30">
	<s id="1">Eh ben, c'est pas bête ça ; il a aussi ben fait. </s>
</p>
</sp>
<sp who="LE NOTAIRE"><speaker>LE NOTAIRE.</speaker>
<p id="31">
	<s id="1">Oui... </s>
	<s id='2'>À présent lisons son billet.</s>
</p>
<stage type="read">Il lit.</stage>
<p id='32'>
	<s id='1'>Je soussigné reconnais devoir à mon ami Hurlubrelu.... </s>
</p>
</sp>
<sp stage="wave" who='HURLUBRELU'><speaker>HURLUBRELU, le saluant. </speaker>
<p id='33'>
	<s id='1'>Monsieur, ben de l'honneur. </s>
</p>
</sp>
<sp stage="read" who='LE NOTAIRE'><speaker>LE NOTAIRE, lisant. </speaker>
<p id='34'>
	<s id='1'>« La somme de six cent livres qu'il m'a prêté galamment, et que je lui rendrai lorsque je serai en pouvoir de le faire. </s>
	<s id='2'>À Paris, ce, etc. signé, Saint-Jean, domestique de Monsieur, etc, etc... </s>
	<s id='3'>Voilà qui est bien !» </s>
</p>
</sp>
<sp who="HURLUBRELU"><speaker>HURLUBRELU.</speaker>
<p id="35">
	<s id="">Qu'est que vous chantez donc là, vous, Monsieur d'etcetera ? </s>
</p>
</sp>
<sp who="LE NOTAIRE"><speaker>LE NOTAIRE.</speaker>
<p id="36">
	<s id="1">Je ne chante pas, moi, mon ami, c'est Monsieur Jean. </s>
</p>
</sp>
<sp who="HURLUBRELU"><speaker>HURLUBRELU.</speaker>
<p id="37">
	<s id="1">Comment, Monsieur Jean ! </s>
	<s id='2'>Et qu'est-ce qui a siné çà ? </s>
</p>
</sp>
<sp who="LE NOTAIRE"><speaker>LE NOTAIRE.</speaker>
<p id="38">
	<s id="1">C'est Monsieur Jean. </s>
</p>
</sp>
<sp who="HURLUBRELU"><speaker>HURLUBRELU.</speaker>
<p id="39">
	<s id="1">Eh, qu'est-ce qui me payera ? </s>
</p>
</sp>
<sp who='LE NOTAIRE'><speaker>LE NOTAIRE. </speaker>
<p id='40'>
	<s id='1'>Eh mais, par conséquent, Monsieur Jean. </s>
</p>
</sp>
<sp who='HURLUBRELU'><speaker>HURLUBRELU. </speaker>
<p id='41'>
	<s id='1'>Ah, le chien de Jean ! </s>
	<s id='2'>Que le diable l'emporte !... </s>
	<s id='3'>Me v'là ben, moi !... </s>
	<s id='4'>Et où ce que je vas le retrouver, moi, à présent, Monsieur Jean ? </s>
</p>
</sp>
<sp who="LE NOTAIRE"><speaker>LE NOTAIRE.</speaker>
<p id="42">
	<s id="1">Ma foi, je n'en sais rien... </s>
	<s id='2'>C'est un gueux qui vous a volé aussi. </s>
	<s id='3'>Tâchez de savoir où il est : cherchez un Huissier, un Sergent ; et tâchez de le faire poursuivre... </s>
	<s id='4'>Adieu, mon enfaNt.</s>
</p>
<stage type="exit">Il rentre chez lui.</stage>
</sp>
</div2>
<div2 type="scene" n='24'><head>SCÈNE XXIV.</head>
<sp stage="alone" who='HURLUBRELU'><speaker>HURLUBRELU, seul. </speaker>
<p id="1">
	<s id="1">Là, confiez vous donc à quequezun à présent : v'là le Gascon, ce matin, qui m'attrapa douze cent livres de mon maîte, et pis v'là un aute Jean... de malheur là, qui m'en emporte six cent à moi... </s>
	<s id='2'>C'est égal, faut pas laisser ça là ; faut aller chercher un sergent, comme i dit le Notaire, et que je l'y fasse courir après.</s>
</p>
<stage type="exit">Il s'en va en courant.</stage>
</sp>
</div2>
<div2 type="scene" n='25'><head>SCÈNE XXV.</head>
<stage type="entrance/carry">JAVOTTE, sort du cabaret avec le Gascon qui porte un panier plein de bouteilles. </stage>
<sp stage="toward" who='LE GARÇON'><speaker>LE GARÇON, à Javotte. </speaker>
<p id="1">
	<s id="1">Écoutez, Mademoiselle Javotte, v'là tun beau moment pour vous: la fille de cheus nous sort ; si vous voulez entrer à sa place, je vous présenterai à note bourgeois, et i vous prendra tout de go... </s>
	<s id='2'>Depis le temps que vous me parlez de nous marier nous deux, ça devrait déjà être fini.... </s>
	<s id='3'>Avec vote Hurlubrelu... </s>
	<s id='4'>Vous voyez ben que ça ne peut pas prendre.... </s>
	<s id='5'>Un imbécile comme ça... queque vous en feriez ? </s>
</p>
</sp>
<sp who="JAVOTTE"><speaker>JAVOTTE.</speaker>
<p id="2">
	<s id="1">Ah, dame ! </s>
	<s id='2'>J'entends ben... </s>
	<s id='3'>Mais je vous ai dit, j'ai six cent livres de son onque à toucher pour nous établir nous deux lui; en ontre 'il a une promesse de moi que je l'y ai signée comme il m'en a signé une autre aussi.</s>
</p> 
</sp>
<sp who='LE GARÇON'><speaker>LE GARÇON.</speaker>
<p id='3'>
	<s id='1'>V'la le diable... </s>
	<s id='2'>Ne fallait pas tant vous presser.</s>
</p>
</sp>
<sp who="JAVOTTE"><speaker>JAVOTTE.</speaker>
<p id="4">
	<s id="1">Que voulez-vous : je ne suis pas à m'en repentir ; mais dame, ce qui est fait est fait. </s>
	<s id='2'>Si ce n'était ça, vous pensez bien qu'on est pas si affriandé d'un ahuri comme ça.</s>
</p>
</sp>
</div2>
<div2 type="scene" n='26'><head>SCÈNE XXVI. Les Susdits, Hurlubrelu, Un Soldat, venant de la rue.</head> 
<sp who="LE SOLDAT"><speaker>LE SOLDAT.</speaker>
<p id="1">
	<s id="1">En ben, veux-tu me laisser ; qu'est-ce que tu me ragotes ?</s>
</p>
</sp>
<sp who="HURLUBRELU"><speaker>HURLUBRELU.</speaker>
<p id="2">
	<s id="1">Oui, Monsieur, je vous en prie, Monsieur ; queu que ça vous fait, d'abord qu'on paiera ben, Monsieur...</s>
</p>
</sp>
<sp who="LE SOLDAT"><speaker>LE SOLDAT.</speaker>
<p id="3">
	<s id="1">Eh ! </s>
	<s id='2'>Je n'entends pas ce que tu me barbouilles.</s> 
</p> 
</sp>
<sp stage="toward" who='LE GARÇON'><speaker>LE GARÇON, à Javotte. </speaker>
<p id='4'>
	<s id='1'>Oh, oh ! </s>
	<s id='2'>Le v'là ; qu'est-ce qu'il veut donc à ce soldat-là ? </s>
</p>
</sp>
<sp who="HURLUBRELU"><speaker>HURLUBRELU.</speaker>
<p id="5">
	<s id="1">Écoutez-moi donc, mon cher monsieur ; est ce que vous n'êtes pas Sergent, vous ?</s>
</p>
</sp>
<sp who="LE SOLDAT"><speaker>LE SOLDAT.</speaker>
<p id="6">
	<s id="1">Non pas : je ne suis que Caporal ; mais j'espère que je le serai bientôt, Sergent.</s>
</p>
</sp>
<sp who="HURLUBRELU"><speaker>HURLUBRELU.</speaker>
<p id="7">
	<s id="1">Hé ben, Monsieur, tout juste, c'est ça qui me faut.</s>
</p> 
</sp>
<sp who='LE GARÇON'><speaker>LE GARÇON. </speaker>
<p id='8'>
	<s id='1'>Eh ! </s>
	<s id='2'>C'est la Gerofflée, un de mes pays... </s>
	<s id='3'>Voyons un peu ce que c'est que ça... </s>
</p>
<stage type="wave">Il les salue.</stage>
<p id='9'>
	<s id='1'>Bonjour donc, camarade.</s>
</p>
</sp>
<sp who="LE SOLDAT"><speaker>LE SOLDAT.</speaker>
<p id="10">
	<s id="1">Ah ! </s>
	<s id='2'>Bonjour, fillot.</s>
</p> 
</sp>
<sp who='LE GARÇON'><speaker>LE GARÇON. </speaker>
<p id='11'>
	<s id='1'>Serviteur, Monsieur Hurlubrelu.</s>
</p>
</sp>
<sp who="HURLUBRELU"><speaker>HURLUBRELU.</speaker>
<p id="12">
	<s id="1">Ah ! </s>
	<s id='2'>Vote très humble, Monsieur Nicolas... </s>
	<s id='3'>Est-ce que vous connaissez Monsieur ? </s>
</p> 
</sp>
<sp who='LE GARÇON'><speaker>LE GARÇON. </speaker>
<p id='13'>
	<s id='1'>Oui-dà. </s>
	<s id='2'>Je sommes amis ensemble même. </s>
	<s id='3'>Queque c'est qui ya ?</s>
</p>
</sp>
<sp who="HURLUBRELU"><speaker>HURLUBRELU.</speaker>
<p id="14">
	<s id="1">Ah, pardine, Monsieur, je vous en prie, engagez-le donc à me faire ce plaisir-là, vous. </s>
</p> 
</sp>
<sp who='LE GARÇON'><speaker>LE GARÇON. </speaker>
<p id='15'>
	<s id='1'>Je le veux ben ; quoique c'est ?</s>
</p>
</sp>
<sp who="JAVOTTE"><speaker>JAVOTTE.</speaker>
<p id="16">
	<s id="1">Eh ben, Monsieur Hurlubrelu, et ces six cent livres ! </s>
	<s id='2'>Où qui sont donc ? </s>
</p>
</sp>
<sp who="HURLUBRELU"><speaker>HURLUBRELU.</speaker>
<p id="17">
	<s id="1">Eh ben, c'est justement ça qui retourne. </s>
	<s id='2'>C'est un coquin de Jean, du Notaire, à qui que je les avais remis pour me les placer à fonds perdus ; i me les a t'emporté. </s>
	<s id='3'>Et i m'a laisse tun billet que j'ai là, qui ne vaut rien même.... </s>
	<s id='4'>Et Monsieur le Notaire m'a conseille de chercher un Greffier, un Sergent ; que diable, sais-je moi... </s>
	<s id='5'>Et v'là que je trouve Monsieur, ainsi faut qui me courte après ben vite. </s>
</p>
</sp>
<sp who="LE SOLDAT"><speaker>LE SOLDAT.</speaker>
<p id="18">
	<s id="1">Comment, que je courre après !</s>
</p>
</sp>
<sp who='HURLUBRELU'><speaker>HURLUBRELU. </speaker>
<p id='19'>
	<s id='1'>Oui ; i m'a dir qui fallait le faire poursuivre. </s>
</p>
</sp>
<sp who='LE GARÇON'><speaker>LE GARÇON. </speaker>
<p id='20'>
	<s id='1'>Ah, diable ! </s>
	<s id='2'>Poursuivre !... </s>
	<s id='3'>Oui, un huissier pour l'actionner. </s>
</p>
<stage type="toward">Au Soldat.</stage>
<p id='21'>
	<s id='1'>Eh ben, camarade, faut te charger de ç... </s>
</p>
<stage type="low">Bas.</stage>
<p id='22'>
	<s id='1'>Aides-nous à dégoiser ce nigaud là.</s>
</p>
</sp>
<sp who="LE SOLDAT"><speaker>LE SOLDAT.</speaker>
<stage type="low/toward">Bas à Nicolas.</stage>
<p id="23">
	<s id="1">Bon, bon, j'entends.</s>
</p>
<stage type="loud">Haut.</stage>
<p id='24'>
	<s id='1'>Eh ben, écoutez donc, mes enfants, je vois a présent de quoi il est question. </s>
	<s id='2'>D'abord, Monsieur, s'expliquait mal, mais à st'heure je suis au fait.</s>
</p>
</sp>
<sp who="HURLUBRELU"><speaker>HURLUBRELU.</speaker>
<p id="25">
	<s id="1">Ah ! </s>
	<s id='2'>C'est ben heureux... </s>
	<s id='3'>Vous consentez donc, Monsieur, à me mener ça, là comme il faut ?</s>
</p>
</sp>
<sp who="LE SOLDAT"><speaker>LE SOLDAT.</speaker>
<p id="26">
	<s id="1">Oui, oui, je me charge de tout, soyez tranquille. </s>
</p>
</sp>
<sp who="HURLUBRELU"><speaker>HURLUBRELU.</speaker>
<p id="27">
	<s id="1">Eh ben, Monsieur, faut se dépêcher ; car i n'y a pas de temps à perdre ; je ne sais seulement pas où il est sthomme-là. </s>
</p>
</sp>
<sp who="LE SOLDAT"><speaker>LE SOLDAT.</speaker>
<p id="28">
	<s id="1">Oh ! </s>
	<s id='2'>Laissez-moi faire, nous les rattraperons... </s>
	<s id='3'>Il faut d'abord commencer par me donner son billet, et puis de l'argent pour entamer la procédure. </s>
</p>
</sp>
<sp who="HURLUBRELU"><speaker>HURLUBRELU.</speaker>
<p id="29">
	<s id="1">Pour son billet, c'est ben aisé; le v'lá.</s>
</p>
<stage type="give">Il lui donne.</stage>
<p id='30'>
	<s id='1'>Mais pour de l'argent, j'en ai pas sus moi. </s>
</p>
</sp>
<sp who="LE SOLDAT"><speaker>LE SOLDAT.</speaker>
<p id="31">
	<s id="1">Dame, comment donc faire, le papier timbré ne se donne pourtant pas pour rien. </s>
</p>
</sp>
<sp who='LE GARÇON'><speaker>LE GARÇON. </speaker>
<p id='32'>
	<s id='1'>Écoutez, camarade ; l'affaire d'Hurlubrelu m'intéresse et pour le mettre à même de la poursuivre, je vais lui prêter de l'argent, moi.</s>
</p>
</sp>
<sp who="HURLUBRELU"><speaker>HURLUBRELU.</speaker>
<p id="33">
	<s id="1">Ah, mon ami, Monsieur Nicolas !... </s>
	<s id='2'>Comment que je pourrais reconnaître ça ? </s>
</p> 
</sp>
<sp who='LE GARÇON'><speaker>LE GARÇON. </speaker>
<p id='34'>
	<s id='1'>Ne t'inquiètes pas, mon ami, je veux te le faire gagner : tu es dans la peine, et il faut s'aider les uns les autres.</s>
</p>
</sp>
<sp who="HURLUBRELU"><speaker>HURLUBRELU.</speaker>
<p id="35">
	<s id="1">C'est mordine ben pensé ça ! Vas, je m'en souvient drai de celle-là.</s>
</p> 
</sp>
<sp who='LE GARÇON'><speaker>LE GARÇON. </speaker>
<p id="36">
	<s id="1">Écoute, mon Bourgeois est un bon diable, et en attendant que tu sois placé, je te ferai faire quelque petit travail pour lui dans la cave, et quelques commissions au-dehors ; ça te rapportera toujours, et même pour commencer, tiens, voilà un panier de vin que j'allais porter ici près : tu n'as qu'à y aller pour moi. </s>
	<s id='2'>Je m'en vas rester avec Monsieur le Sergent et Mademoiselle, et nous allons entamer ton affaire pendant ce temps-là. </s>
</p>
</sp>
<sp who="HURLUBRELU"><speaker>HURLUBRELU.</speaker>
<p id="37">
	<s id="1">Ah, jarni ! </s>
	<s id='2'>Mon ami, c'est ben émaginé.</s>
</p>
<stage type="toward">Au Soldat.</stage>
<p id="38">
	<s id="1">Monsieur, faites tout ce qu'il vous dira, je m'y accepte ; vous, Mamselle Javotte, attendez moi ici ; et toi, Nicolas, mets-moi le pagnier sus la tête.</s>
</p> 
</sp>
<sp stage="give" who='LE GARÇON'><speaker>LE GARÇON, lui met le panier. </speaker>
<p id='39'>
	<s id='1'>Tiens, le v'là ; c'est la troisième porte cochère ci près, à main gauche en tournant la rue. </s>
</p>
</sp>
<sp who='HURLUBRELU'><speaker>HURLUBRELU. </speaker>
<p id='40'>
	<s id='1'>C'est bon, je vois çà d'ici ; c'est comme si y était ; va !... </s>
	<s id='3'>Allons, mes amis, je me recommande à vous, travaillez-moi ben ça. </s>
</p>
<stage type="exit">Il s'en va avec le panier sur la tête. </stage>
</sp>
</div2>
<div2 type="scene" n='27'><head>SCÈNE XXVII. Le Soldat, Javotte, Le Garçon.</head>
<sp who="LE SOLDAT"><speaker>LE SOLDAT.</speaker>
<p id="1">
	<s id="1">Voyons donc ce beau billet qu'on lui a fait là. </s>
</p>
<stage type="read">Il lit.</stage>
<p id='2'>
	<s id='1'>Je soussigné promets épouser Nicodème Hurlubrelu... </s>
	<s id='2'>Ah, parlasembleu, v'là une drôle de dette !</s>
</p>
</sp>
<sp who="JAVOTTE"><speaker>JAVOTTE.</speaker>
<p id="3">
	<s id="1">Ah, ciel ! </s>
	<s id='2'>Il s'est trompé de papier. </s>
	<s id='3'>C'est la promesse que je lui ai faite.</s>
</p> 
</sp>
<sp who='LE GARÇON'><speaker>LE GARÇON. </speaker>
<p id='4'>
	<s id='1'>Ah, ventrebille, comme c'est heureux ça ! </s>
	<s id='2'>I n'y a pus d'empêchement à note mariage.</s>
</p>
</sp>
<sp who="LE SOLDAT"><speaker>LE SOLDAT.</speaker>
<p id="5">
	<s id="1">Tenez, Mademoiselle, le billet est tiré sur vous. </s>
	<s id='2'>Voyez si vous voulez le laisser sur la place.</s>
</p> 
</sp>
<sp stage="get" who='JAVOTTE'><speaker>JAVOTTE, le prenant.</speaker>
<p id='6'>
	<s id='1'>Ben obligé, Monsieur... </s>
	<s id='2'>I n'y a pus que l'article du testament de son oncle qui nous gêne.</s>
</p>
<stage type="toward">À Nicolas.</stage>
<p id='7'>
	<s id='1'>Vous savez ben que je ne peux toucher les six cent livres qu'il m'a laissées qu'après avoir épousé storiginal d'Hurlubrelu : comment faire ? </s>
</p>
</sp>
<sp who="LE SOLDAT"><speaker>LE SOLDAT.</speaker>
<p id="8">
	<s id="1">Oh ! </s>
	<s id='2'>Je vous réponds de tout, moi.</s>
</p>
<stage type="noise">On entend le bruit des bouteilles qui tombent derrière le théâtre.</stage>
</sp>
<sp who='LE GARÇON'><speaker>LE GARÇON. </speaker>
<p id='9'>
	<s id='1'>Ah, le malheureux ! </s>
	<s id='2'>Il a cassé toutes mes bouteilles !</s>
</p>
</sp>
<sp who="LE SOLDAT"><speaker>LE SOLDAT.</speaker>
<p id="10">
	<s id="1">Tant mieux : ne t'inquiètes pas, voilà son reste.</s>
</p> 
</sp>
<sp stage="watch/location" who='JAVOTTE'><speaker>JAVOTTE, regarde à la coulisse. </speaker>
<p id='11'>
	<s id='1'>Oh ! </s>
	<s id='2'>Oui, ma fine, c'est lui qui est tombé, car le v'là qu'il se ramasse. </s>
</p>
</sp>
<sp who='LE GARÇON'><speaker>LE GARÇON.</speaker>
<p id='12'>
	<s id='1'>Voyez un peu cet animal-là comment il est maladroit ! </s>
	<s id='2'>Il est dit qu'il ne fera jamais rien comme il faut. </s>
</p>
</sp>
</div2>
<div2 type="scene" n='28'><head>SCÈNE XXVIII. LES SUSDITS; HURLUBRELU, le panier à la main.</head>
<sp who="HURLUBRELU"><speaker>HURLUBRELU.</speaker>
<p id="1">
	<s id="1">Serpedié ! </s>
	<s id='2'>C'est être ben malheureux toujours !</s>
</p>
</sp>
<sp who='LE GARÇON'><speaker>LE GARÇON.</speaker>
<p id='2'>
	<s id='1'>Eh ben, queu miraque que t'as encor fait là ? </s>
</p>
</sp>
<sp who="HURLUBRELU"><speaker>HURLUBRELU.</speaker>
<p id="3">
	<s id="1">Oui des miracles ! </s>
	<s id='2'>Vos chiennes de rues qui sont glissantes comme tout. </s>
</p>
</sp>
<sp who='LE GARÇON'><speaker>LE GARÇON.</speaker>
<p id='4'>
	<s id='1'>Tu as laissé tombé mon vin, donc ?</s>
</p>
</sp>
<sp who="HURLUBRELU"><speaker>HURLUBRELU.</speaker>
<p id="5">
	<s id="1">Eh non, c'est pas le vin, c'est le panier qui a tombé, et pis le contre-coup... </s>
	<s id='2'>Dont je m'en suis démanché les reins aussi moi.</s>
</p>
</sp>
<sp who='LE GARÇON'><speaker>LE GARÇON.</speaker>
<p id='6'>
	<s id='1'>Ah, miséricorde ! </s>
	<s id='2'>Nous v'là ben avancé ! </s>
	<s id='3'>Du vin de Bourgogne à quarante sous la bouteille ; m'en v'là pour vingt-quatre liv... </s>
	<s id='4'>Où diable les prendre à présent.</s>
</p>
</sp>
<sp who="HURLUBRELU"><speaker>HURLUBRELU.</speaker>
<p id="7">
	<s id="1">Ah, jarni ! </s>
	<s id='2'>Je peux ben dire que v'là une terribe journée pour moi ! </s>
	<s id='3'>Monsieur le Sergent ne m'abandonnez pas, s'il vous plaît. </s>
</p>
</sp>
<sp who="LE SOLDAT"><speaker>LE SOLDAT.</speaker>
<p id="8">
	<s id="1">N'aie pas peur, mon ami, je te prends sous ma protection. </s>
	<s id='2'>Monsieur Nicolas, je paye le vin, moi. </s>
</p>
</sp>
<sp who="HURLUBRELU"><speaker>HURLUBRELU.</speaker>
<p id="9">
	<s id="1">C'est-ti possibe, Monsieur ?</s>
</p>
</sp>
<sp who="LE SOLDAT"><speaker>LE SOLDAT.</speaker>
<p id="10">
	<s id="1">Oui, mon enfant...</s>
</p>
<stage type="toward">Au Garçon.</stage>
<p id='11'>
	<s id='1'>Comben faut-il? </s>
</p>
</sp>
<sp who='LE GARÇON'><speaker>LE GARÇON.</speaker>
<p id='12'>
	<s id='1'>Eh ben, dame ! </s>
	<s id='2'>Je vous le dis: douze bouteilles à quarante sous, c'est ben vingt-quatre francs. </s>
</p>
</sp>
<sp stage="give" who='LE SOLDAT'><speaker>LE SOLDAT, les lui donne. </speaker>
<p id='13'>
	<s id='1'>Le v'là. </s>
</p>
</sp>
<sp stage="jump" who='HURLUBRELU'><speaker>HURLUBRELU, sautant après le Soldat. </speaker>
<p id='14'>
	<s id='1'>Eh mais, mon Dieu, Monsieur ! </s>
	<s id='2'>Queu bonté ! </s>
	<s id='3'>Queu générosité !... </s>
	<s id='4'>Et dessus quoi donc que vous reprendrez tout ça ? </s>
</p>
</sp>
<sp who="LE SOLDAT"><speaker>LE SOLDAT.</speaker>
<p id="15">
	<s id="1">Tranquillisez-vous : n'avons-nous pas votre billet de six cent livres ? </s>
	<s id='2'>Vous m'allez donner un pouvoir pour agir en votre nom, et un consentement pour que je retienne les avances que je vous fais.</s>
</p>
<stage type="write">Il écrit.</stage>
</sp>
<sp who="HURLUBRELU"><speaker>HURLUBRELU.</speaker>
<p id="16">
	<s id="1">Comment donc ! </s>
	<s id='2'>C'est trop juste, ça ! </s>
	<s id='3'>Je suis pardine ben heureux d'avoir trouvé sthonnête homme là !</s>
</p> 
</sp>
<sp stage="write" who='LE SOLDAT'><speaker>LE SOLDAT, écrivant. </speaker>
<p id='17'>
	<s id='1'>Savez-vous signer ?</s>
</p>
</sp>
<sp who="HURLUBRELU"><speaker>HURLUBRELU.</speaker>
<p id="18">
	<s id="1">Oui, Monsieur, par bonheur ; c'est tout ce que j'ai pu retenir dans l'écriture : c'est encore ben heureux ça, pas vrai. </s>
</p>
</sp>
<sp who="LE SOLDAT"><speaker>LE SOLDAT.</speaker>
<p id="19">
	<s id="1">Oui, et c'est tout juste ce qu'il nous faut dans ce moment-ci... </s>
	<s id='2'>Signez donc. </s>
</p> 
</sp>
<sp stage="sign" who='HURLUBRELU'><speaker>HURLUBRELU, signe. </speaker>
<p id='20'>
	<s id='1'>Le v'là, Monsieur, et tout du long encor ! </s>
	<s id='2'>Et avec les qualites mêmes. </s>
	<s id='3'>Jean-Gilles-Nicodème Hurlubrelu. </s>
</p>
</sp>
<sp who='LE SOLDAT'><speaker>LE SOLDAT. </speaker>
<p id='21'>
	<s id='1'>Bon, cela suffit... </s>
	<s id='2'>Tiens, mon ami, vingt quatre livres que j'ai donné pour le vin, et six livres que voilà.... </s>
	<s id='3'>Prends les donc. </s>
</p>
</sp>
<sp stage="get" who='HURLUBRELU'><speaker>HURLUBRELU, les prenant. </speaker>
<p id='22'>
	<s id='1'>Grand merci, Monsieur : ça me portera bonheur, stargent-là.</s>
</p>
<stage type="kiss">Il le baise.</stage>
<p id='23'>
	<s id='1'>C'est le premier que je magne d'aujourd'hui.</s>
</p>
<stage type="hide">Il le serre dans sa poche.</stage>
</sp>
<sp who="LE SOLDAT"><speaker>LE SOLDAT.</speaker>
<p id="24">
	<s id="1">Cela fait tout juste la somme de dix écus que je t'avance au nom de la Loi.</s>
</p> 
</sp>
<sp stage="get/show" who='HURLUBRELU'><speaker>HURLUBRELU, retirant les six livres de sa poche. </speaker>
<p id='25'>
	<s id='1'>Au nom de la Loi !... </s>
	<s id='2'>Oh ! </s>
	<s id='3'>Je m'en dédis, Monsieur ; c'est une créancière trop noble pour moi, ça.</s>
</p>
</sp>
<sp who="LE SOLDAT"><speaker>LE SOLDAT.</speaker>
<p id="26">
	<s id="1">Allons donc, tu fais l'enfant. </s>
	<s id='2'>Eh, morbleu ! </s>
	<s id='3'>Mon ami, pour t'acquitter avec elle, ne te faut qu'une heure de bataille. </s>
</p>
</sp>
<sp who="HURLUBRELU"><speaker>HURLUBRELU.</speaker>
<p id="27">
	<s id="1">Comment, Monsieur, des batailles ! </s>
	<s id='2'>Oh ! </s>
	<s id='3'>Je n'avons pas l'esprit à la dispute, nous ! </s>
	<s id='4'>Je n'aimons pas à nous battre. </s>
</p>
</sp>
<sp who="JAVOTTE"><speaker>JAVOTTE.</speaker>
<p id="28">
	<s id="1">Quoi ! </s>
	<s id='2'>Monsieur ; est-ce que vous auriez engagé ce pauvre garçon ?</s> 
</p> 
</sp>
<sp who='LE GARÇON'><speaker>LE GARÇON. </speaker>
<p id='29'>
	<s id='1'>Ah ! </s>
	<s id='2'>La Géroflée, c'est pas ça que je te demandions.</s>
</p>
</sp>
<sp stage="kneel" who='HURLUBRELU'><speaker>HURLUBRELU, se jetant à ses pieds. </speaker>
<p id='30'>
	<s id='1'>Et mais, Monsieur, queuque vous feriez de moi à wore guerre ? </s>
	<s id='2'>Moi qu'a déjà une si mauvaise tête, et dans vos régiments qu'on dit qu'on leus y casse ! </s>
	<s id='3'>Ça ne serait pas pour me la raccommoder, dame !</s>
</p>
</sp>
<sp who="LE SOLDAT"><speaker>LE SOLDAT.</speaker>
<p id="31">
	<s id="1">Comment, ventrebleu ! Tu crains pour ta tête, et tu veux te marier ! </s>
</p>
</sp>
<sp who="HURLUBRELU"><speaker>HURLUBRELU.</speaker>
<p id="32">
	<s id="1">Ah, c'est ben différent çà ! </s>
	<s id='2'>Elle ne risque rien de ce côté-là la tête. </s>
</p>
</sp>
<sp who="LE SOLDAT"><speaker>LE SOLDAT.</speaker>
<p id="33">
	<s id="1">Oh ! </s>
	<s id='2'>Je dis... du moins le danger est d'un autre genre. </s>
	<s id='3'>Les hasards de la guerre la diminuent la tête, et ceux du mariage l'augmentent ; voilà la différence... </s>
	<s id='4'>Mais rassure-toi ; vas, tu n'es pas engagé, je ne t'ai pas fait soldat, tu n'en es pas digne : il faut une bonne tête pour conduire un bon bras, et nous avons en France assez de bons sujets, et de bonne volonté, sans en prendre un mauvais comme coi, et malgré lui.</s>
</p> 
</sp>
<sp stage="embarrassed" who='HURLUBRELU'><speaker>HURLUBRELU, piqué.</speaker>
<p id="33">
	<s id="1">Diantre ! </s>
	<s id='2'>Comme vous méprisez le monde ! </s>
	<s id='3'>Parce qu'on est un peu étourdi ; ça ne compromer rien ça ; mais c'est égal : si je ne suis pas racolé, qu'est-ce donc que j'ai siné là ? </s>
</p>
</sp>
<sp who="LE SOLDAT"><speaker>LE SOLDAT.</speaker>
<p id="34">
	<s id="1">Oh ! Tu as signé ce que l'on devait raisonnablement exiger de toi ; c'est une permission que tu donnes à Mademoiselle de toucher les six cent livres de ton oncle avant de t'épouser. </s>
</p> 
</sp>
<sp who='LE GARÇON'><speaker>LE GARÇON. </speaker>
<p id='35'>
	<s id='1'>Ah ! À la bonne heure; ça, c'est naturel.</s>
</p>
</sp>
<sp who="HURLUBRELU"><speaker>HURLUBRELU.</speaker>
<p id="36">
	<s id="1">Quiens ! </s>
	<s id='2'>La belle attrappe : si elle touche l'argent avant, faudra toujours ben qu'elle m'épouse après. </s>
	<s id='3'>J'ai-ti pas là sa promesse, en écriture encore. </s>
</p>
</sp>
<sp who="JAVOTTE"><speaker>JAVOTTE.</speaker>
<p id="37">
	<s id="1">Oui, Monsieur Hurlubrelu, vous l'aviez ; mais votre bonne tête vous a encore trompé là-dedans. </s>
	<s id='2'>La voilà que vous venez de rendre au lieu du billet de votre bon ami Monsieur Jean. </s>
</p> 
</sp>
<sp who='HURLUBRELU'><speaker>HURLUBRELU. </speaker>
<p id='38'>
	<s id='1'>Ah ! </s>
	<s id='2'>le diable de Jean, le v'là encor lá !... </s>
	<s id='3'>Sarpediè ! </s>
	<s id='4'>Comme ste tête là m'en joue donc des tours !... </s>
	<s id='5'>Allons, c'est égal. </s>
	<s id='6'>Ça sera du moins le dernier d'aujourd'hui... </s>
	<s id='7'>Et même ça me fait faire une aute réflexion ; aussi ben i faut faire une fin.</s>
</p>
<stage type="toward">Au soldat.</stage>
<p id='39'>
	<s id='1'>Monsieur, j'ai vos reproches-là sus le coeur ! </s>
	<s id='2'>Appernez que n'y a pas ici de mauvais sujets, ni des gens malgré eux non pus. </s>
	<s id='3'>J'ai t'employé vos dix écus de la Loi ; vous me l'avez proposé pour créancière, et je m'y accorde ; et ce que vous avez fait là tout-à-l'heure pour une frime, je veux que ça soye du tout de bon, moi. </s>
</p> 
</sp>
<sp who='LE SOLDAT'><speaker>LE SOLDAT. </speaker>
<p id='40'>
	<s id='1'>Est-il possible ! </s>
	<s id='2'>Comment, mon ami, tu aurais le coeur de vouloir être soldat ? </s>
</p> 
</sp>
<sp who='HURLUBRELU'><speaker>HURLUBRELU. </speaker>
<p id='41'>
	<s id='1'>Oui, Monsieur, je l'avons.</s>
</p>
</sp>
<sp who='LE GARÇON'><speaker>LE GARÇON.</speaker>
<p id='42'>
	<s id='1'>Ah, mon ami ! </s>
	<s id='2'>Je ne souffrirai pas que ce soit ces dix écus là qui t'engagent, au moins : il n'est pas juste que tu perdes tout ; la Géroflée ? </s>
	<s id='3'>V'là les vingt-quatre livres. </s>
	<s id='4'>Je payerai le vin, moi.</s>
</p> 
</sp>
<sp stage="proud" who='HURLUBRELU'><speaker>HURLUBRELU, décidé.</speaker>
<p id='43'>
	<s id='1'>Et moi je ne le veux pas. V'là mon dernier mot... </s>
	<s id='2'>Sans avoir de l'esprit, je vois ben que Mamselle Javotte ne m'aime pas, et qu'elle te veux ben, toi. </s>
	<s id='3'>Nicolas ; par ainsi, c'est pas encor mon tour : épouse-la, j'y consens, et garde ton argent pour la noce.... </s>
	<s id='4'>Mais à condition que tu seras un bon mari, qu'elle sera une bonne femme ; et que vous direz queque fois de moi que je suis un bon garçon aussi. </s>
</p>
</sp>
<sp stage="threat" who='LE CABARETIER'><speaker>LE CABARETIER, lui sautant au cou. </speaker>
<p id='44'>
	<s id='1'>Ah, mon ami ! </s>
	<s id='2'>Mon cher ami! </s>
</p>
</sp>
<sp stage="kiss" who='JAVOTTE'><speaker>JAVOTTE, l'embrasse. </speaker>
<p id='45'>
	<s id='1'>Mon cher Hurlubrelu ! </s>
</p>
</sp>
<sp stage="kiss" who='LE SOLDAT'><speaker>LE SOLDAT, de même. </speaker>
<p id='46'>
	<s id='1'>Mon camarade.... </s>
	<s id='2'>Vas, je commence à bien espérer de toi. </s>
</p>
</sp>
<sp stage="toward" who='HURLUBRELU'><speaker>HURLUBRELU, au soldat. </speaker>
<p id="47">
	<s id="1">Oui, Monsieur, c'est vrai, que je n'avons pas eu jusqu'à présent une bonne cervelle ; mais du moins j'avons un bon coeur, je suis bon Français, j'allons servit la République, et jarni ! Ptête qu'à la fin tout ça me fera revenir une bonne tête. </s>
</p> 
</sp>
</div2>
</div1>
</body>
</text>
</TEI>