<?xml version="1.0" encoding="utf-8" ?>
<TEI xml:lang="fr">
	<teiHeader>
		<fileDesc>
			<titleStmt>
				<title>LE CENTENAIRE DE MOLIÈRE, COMÉDIE.</title>
				<author born='1732' born_location='' death='1796' death_location='' academie=''>ARTAUD, Jean-Baptiste</author>
				<date>1773</date>
			</titleStmt>
			<publicationStmt>	
				<editor>Texte établi par Julie Morvan (Mémoire de Master I « De la Renaissance aux Lumières » sous la direction de M. Georges Forestier U.F.R de Littérature française et comparée, 2013-2014.)</editor>
				<publisher>publié par Paul FIEVRE, juin 2014</publisher>
				<idno>ARTAUD_CENTENAIRE</idno>
			<rights>Creative Commons BY-NC-SA</rights>
			</publicationStmt>	
			<SourceDesc>
				<genre>Comédie</genre>
				<inspiration>vie littéraire</inspiration>				<structure>Un acte</structure>
				<type>mixte</type>
				<periode>1771-1780</periode>
				<taille>500-750</taille>
				<permalien>http://gallica.bnf.fr/ark:/12148/bpt6k64718858</permalien>
			</SourceDesc>
		</fileDesc>
	</teiHeader>
	<text>
		<front>
			<docTitle>
				<titlePart type="main">LE CENTENAIRE DE MOLIÈRE</titlePart>
				<titlePart type="sub">COMÉDIE en un acte, en vers et en prose</titlePart>
				<titlePart type="sub">Suivie d'un Divertissement relatif à l'Apothéose de Molière</titlePart>
			</docTitle> 
			<docDate value='1773'>M. DCC LXXIII. Avec Approbation et Privilège du Roi.</docDate>
			<docAuthor id='ARTAUD, Jean-Baptiste' bio='artaud'>Par M. Artaud.</docAuthor>
			<docImprint>
				<privilege id='1773-03-03'><head>APPROBATION.</head>
				<p>J'ai lu, par ordre de Monseigneur le Chancelier, la Centenaire de Molière, et je crois qu'on peut en permettre l'impression. A Paris, ce 3 Mars 1773.</p>
				<p>MARIN.</p>
				<p>Le Privilège et l'Enregistrement se trouvent au nouveau Théâtre Français.</p>
				<p>De l'Imprimerie de C. SIMON, Imprimeur de LL. AA. SS. Messeigneurs le Prince de Condé, et le Duc de Bourbon, rue des Mathurins. </p>
				</privilege>
				<printer id='DUSCHENE'>À Paris, Chez la Veuve Duchesne. Librairie, rue Saint-Jacques, au-dessous de la Fontaine S.-Benoît, au Temple du Goût.</printer>
			</docImprint>
			<performance>
				<premiere date='1773-02-18' location='Salle des Machines'>Représentée pour la première fois par les Comédiens Français Ordinaires du Roi, à Paris, le Jeudi 18 Février 1773. Et à Versailles devant Sa Majesté, le Mardi 3 Mars 1773. </premiere>
			</performance>
	<div type="preface"><head>AVIS DU LIBRAIRE</head>
		<p>Monsieur Bret, Auteur du nouveau Commentaire des oeuvres de Molière, dont l'Édition va paraître incessamment, ayant paru désirer que cette Pièce fût imprimée dans le même format, on s'est empressé de satisfaire à son désir. Quelques personnes sont toujours bien aises d'avoir ensemble tout ce qui est relatif aux oeuvres d'un aussi grand homme que Molière.</p>
	</div>

	<div type="dedicace">
		<adresse>ÉPITRE DÉDICATOIRE À Monseigneur Emmanuel-Félicité de Durfort DURAS, Duc de DURAS, Pair de France, Prince de Bournonville, Chevalier des Ordres du Roi, et de la Toison d'Or, Lieutenant-Général des Armées de Sa Majesté, Premier Gentilhomme de la Chambre, Gouverneur, pour le Roi, du Comté de Bourgogne, Gouverneur Particulier des Ville et Citadelle de Besançon ; etc. </adresse>
		<head>MONSEIGNEUR,</head>
		<p>En me permettant de vous offrir ce léger hommage, vous hasardiez beaucoup, si je n'avais su combien vous haïssez la louange, et que l'histoire ne prend jamais des matériaux dans les épitres dédicatoires. Il faut donc que je me borne à vous présenter ici les assurances de mon respectueux attachement, et de ma reconnaissance, sans en détailler les motifs. Partout où vous êtes connu, ces sentiments ne peuvent manquer de me faire un honneur infini. </p>
		<p>Je suis avec respect,</p>
		<p>MONSEIGNEUR,</p>
		<p>Votre Très humble, et très obéissant Serviteur, ARTAUD. </p>
	</div>

	<castList><head>PERSONNAGES</head>
		<castItem><role id='THALIE' sex="2" type="D" statut='muse' age='A' stat_amour='néant'>THALIE</role>, Madame Bellecour.</castItem>
		<castItem><role id='MOMUS' sex="1" type="D" statut='dieu' age='A' stat_amour='néant'>MOMUS</role>, M. Dugazon.</castItem>
		<castItem><role id='SOSIE' sex="1" type="H" statut='personnage' age='A' stat_amour='néant'>SOSIE</role>, M. Préville.</castItem>
		<castItem><role id='LÉLIE' sex="1" type="H" statut='personnage' age='A' stat_amour='néant'>LÉLIE</role> ou l'étourdi, M. Molé.</castItem>
		<castItem><role id='TARTUFFE' sex="1" type="H" statut='personnage' age='A' stat_amour='néant'>TARTUFFE</role> M. Augé.</castItem>
		<castItem><role id='HARPAGON' sex="1" type="H" statut='personnage' age='A' stat_amour='néant'>HARPAGON</role>, M. Des Essarts.</castItem>
		<castItem><role id='TRISSOTIN' sex="1" type="H" statut='personnage' age='A' stat_amour='néant'>TRISSOTIN</role>, M. Dauberval.</castItem>
		<castItem><role id='ALCESTE' sex="1" type="H" statut='personnage' age='A' stat_amour='néant'>ALCESTE</role>, M. Bellecour.</castItem>
		<castItem><role id='MONSIEUR JOURDAIN' sex="1" type="H" statut='personnage' age='A' stat_amour='néant'>MONSIEUR JOURDAIN</role>, M. Feulie.</castItem>
		<castItem><role id='GEORGE DANDIN' sex="1" type="H" statut='personnage' age='A' stat_amour='néant'>GEORGE DANDIN</role>, M. Bouret.</castItem>
		<castItem><role id='ANGÉLIQUE' sex="2" type="H" statut='personnage' age='J' stat_amour='Clitandre'>ANGÉLIQUE</role>, sa femme, Mlle. Hus.</castItem>
		<castItem><role id='CLITANDRE' sex="1" type="H" statut='personnage' age='A' stat_amour='Angélique'>CLITANDRE</role>, son Amant, M. Monvel.</castItem>
		<castItem><role id='MADAME PERNELLE' sex="2" type="H" statut='personnage' age='A' stat_amour='néant'>MADAME PERNELLE</role>, Madame Drouin.</castItem>
		<castItem><role id='CLAUDINE' sex="2" type="H" statut='personnage' age='A' stat_amour='néant'>CLAUDINE</role>, Mademoiselle Fannier.</castItem>
		<castItem><role id='MONSIEUR LE KAIN' sex="1" type="H" statut='comédien' age='A' stat_amour='néant'>MONSIEUR LE KAIN</role>.</castItem>
		<castItem><role id='MONSIEUR BRIZARD' sex="1" type="H" statut='comédien' age='A' stat_amour='néant'>MONSIEUR BRIZARD</role>.</castItem>
		<castItem><role id='MADEMOISELLE DUMESNIL' sex="2" type="H" statut='comédien' age='A' stat_amour='néant'>MADEMOISELLE DUMESNIL</role>.</castItem>
		<castItem><role id='MADAME VESTRIS' sex="2" type="H" statut='comédien' age='A' stat_amour='néant'>MADAME VESTRIS</role>.</castItem>
		<castItem><role id='MADEMOISELLE SAINT-VAL' sex="2" type="H" statut='comédien' age='A' stat_amour='néant'>MADEMOISELLE SAINT-VAL</role>.</castItem>
		<castItem><role id='MADEMOISELLE SAINT-VAL, la jeune' sex="2" type="H" statut='comédien' age='A' stat_amour='néant'>MADEMOISELLE SAINT-VAL, la jeune</role>.</castItem>
		<castItem><role id='MADEMOISELLE RAUCOURT' sex="2" type="H" statut='comédien' age='A' stat_amour='néant'>MADEMOISELLE RAUCOURT</role>.</castItem>
		<castItem><role id='PERSONNAGES DE MOLIÈRE' sex="9" type="H" statut='comédien' age='A' stat_amour='néant'>Et les autres personnages des Pièces de Molière</role>.</castItem>
	</castList>
	<set location="Paris" country="France" periode="XVIIème" gps="48.856614, 2.352222">La scène est sur le théâtre.</set>
</front>
<body>
<div1 type="act" n="1"><head></head>
<div2 type="scene" n="1"><head>SCÈNE PREMIÈRE. Thalie, déguisée en nuit ; Momus, en Médecin.</head>
<sp who="MOMUS"><speaker>MOMUS.</speaker>	
	<l id="1">De mon déguisement, que dites-vous, Thalie ?</l>
</sp>
<sp who="THALIE"><speaker>THALIE.</speaker>	
	<l id="2">Et vous du mien, Momus, que pensez-vous ?</l>
</sp>
<sp who="MOMUS"><speaker>MOMUS.</speaker>	
	<l id="3">Qu'on dira que nous sommes fous,</l>
	<l id="4">De voyager ainsi de compagnie. </l>
	<l id="5" part="i">Vous en Nuit !</l>
</sp>
<sp stage="laugh" who="THALIE"><speaker>THALIE, riant.</speaker>
	<l id="5" part="f">Vous en Médecin </l>
	<l id="6">Non, de cette plaisanterie, </l>
	<l id="7">D'honneur je ne vois pas le fin1. </l>
</sp>
<sp who="MOMUS"><speaker>MOMUS.</speaker>
	<l id="8">Que voulez-vous ? Chacun a sa méthode ;</l>
	<l id="9">Moi, pour tromper le genre humain,</l>
	<l id="10">Je crois que cet habit sera toujours de mode.</l>
</sp>
<sp who="THALIE"><speaker>THALIE.</speaker>
	<l id="11">Eh ! non. Je l'en ai corrigé.</l>
</sp>
<sp stage="low" who="MOMUS"><speaker>MOMUS, en confidence.</speaker>
	<l id="12">Vous n'avez corrigé personne,</l>
	<l id="13">C'est un avis que je vous donne ;</l>
	<l id="14">Et si quelque chose est changé,</l>
	<l id="15">Ce n'est pas l'humaine folie ;</l>
	<l id="16">Mais vous, par exemple, Thalie ;</l>
	<l id="17">Est-ce un habit de goût que ce déguisement ?</l>
</sp>
<sp who="THALIE"><speaker>THALIE.</speaker>
	<l id="18">Comme le vôtre, assurément.</l>
</sp>
<sp who="MOMUS"><speaker>MOMUS.</speaker>
	<l id="19">Avec tout cela, je parie </l>
	<l id="20">Qu'on vous devinera plus aisément que moi.</l>
</sp>
<sp who="THALIE"><speaker>THALIE.</speaker>
	<l id="21">Voudrez-vous bien me dire à quoi ?</l>
</sp>
<sp stage="stress" who="MOMUS"><speaker>MOMUS, avec humeur.</speaker>
	<l id="22">Non, non, il ne faut pas nous moquer l'un de l'autre.</l>
	<l id="23">Sur la diversité des goûts,</l>
	<l id="24">Des Dieux et des auteurs, tant de sots sont jaloux</l>
	<l id="25">Que, si l'on rit du mien, on sifflera le vôtre.</l>
</sp>
<sp who="THALIE"><speaker>THALIE.</speaker>
	<l id="26">Mon cher Momus, en prenant de l'humeur,</l>
	<l id="27">Vous gâtez votre caractère ;</l>
	<l id="28">Oui, vous devenez raisonneur :</l>
	<l id="29">Mon amitié ne peut le taire ;</l>
	<l id="30">Et cependant à l'instant nous disions</l>
	<l id="31">Moi, vous et notre ami Molière,</l>
	<l id="32">Que, lorsque de la sorte on se met en colère,</l>
	<l id="33">On fait croire qu'on a de mauvaises raisons.</l>
</sp>
<sp who="MOMUS"><speaker>MOMUS.</speaker>
	<l id="34">Contre des Dieux tels que nous sommes</l>
	<l id="35">La meilleure épigramme a tort,</l>
	<l id="36">Et les ridicules des hommes</l>
	<l id="37">Sont les seuls de votre ressort.</l>
</sp>
<sp who="THALIE"><speaker>THALIE.</speaker>
	<l id="38">D'accord. Mais vous me faites rire</l>
	<l id="39">Avec de semblables propos ;</l>
	<l id="40">Et depuis quand le Dieu de la Satire</l>
	<l id="41">Parle-t-il morale et grands mots ?</l>
</sp>
<sp who="MOMUS"><speaker>MOMUS.</speaker>
	<l id="42">Depuis que je suis en voyage.</l>
	<l id="43">Ici-bas, à ce qu'on m'a dit,</l>
	<l id="44">Pour les bien connaître, il est sage</l>
	<l id="45">De se monter au ton des gens chez qui l'on vit.</l>
</sp>
<sp who="THALIE"><speaker>THALIE.</speaker>
	<l id="46">Vous voilà bien. L'inconséquence</l>
	<l id="47">Est toujours de votre côté ;</l>
	<l id="48">Car enfin nous sommes en France, </l>
	<l id="49">C'est le pays de la gaîté,</l>
	<l id="50">Et je ne vois pas, quand j'y pense,</l>
	<l id="51">Le mot pour rire à cette gravité.</l>
</sp>
<sp who="MOMUS"><speaker>MOMUS.</speaker>
	<l id="52">Depuis que vous l'avez quitté.</l>
</sp>
<sp who="THALIE"><speaker>THALIE.</speaker>
	<l id="53">Cent ans ! c'est une bagatelle.</l>
</sp>
<sp who="MOMUS"><speaker>MOMUS.</speaker>
	<l id="54">Oui pour vous, pour une Immortelle ;</l>
	<l id="55">Mais aux Français, ainsi qu'à la beauté, </l>
	<l id="56">Dix ans font quelquefois une perte cruelle.</l>
</sp>
<sp who="THALIE"><speaker>THALIE.</speaker>
	<l id="57">Vous m'effrayez... Est-ce qu'on ne rit plus ?</l>
</sp>
<sp who="MOMUS"><speaker>MOMUS.</speaker>
	<l id="58">De vous répondre là-dessus</l>
	<l id="59">De grâce épargnez-moi la peine ;</l>
	<l id="60">Ainsi que moi, vous voilà sur la scène.</l>
	<l id="61">Voyez ; et supprimons des détails superflus.</l>
	<l id="62">Songeons d'abord qu'il faut faire un mystère</l>
	<l id="63">De notre venue en ces lieux ;</l>
	<l id="64">Que Jupiter, pressé du désir curieux </l>
	<l id="65">De savoir si toujours Molière</l>
	<l id="66">Plaît ici-bas comme il charme les Dieux,</l>
	<l id="67">Nous envoie exprès sur la scène, </l>
	<l id="68">Au jour précis des cent ans révolus : </l>
	<l id="69">Qu'imaginez-vous là-dessus ?</l>
</sp>
<sp who="THALIE"><speaker>THALIE.</speaker>
	<l id="70">Je n'imagine rien ; car je suis très certaine</l>
	<l id="71">Que du Public jamais il ne fut plus fêté,</l>
	<l id="72">Ni par mes Acteurs mieux traité.</l>
</sp>
<sp who="MOMUS"><speaker>MOMUS.</speaker>
	<l id="73">Moi, je soupçonne, en vérité, </l>
	<l id="74">Que Jupiter va faire la folie</l>
	<l id="75">De l'agréger à l'immortalité.</l>
</sp>
<sp who="THALIE"><speaker>THALIE.</speaker>
	<l id="76">N'est-elle pas toujours un droit pour le génie ?</l>
	<l id="77" part="i">En seriez-vous jaloux ?</l>
</sp>
<sp who="MOMUS"><speaker>MOMUS.</speaker>
	<l id="77" part="f">Oui, si parmi les Dieux,</l>
	<l id="78">Nous connaissions les humaines misères ;</l>
	<l id="79">Mais enfin nous venons chercher des caractères,</l>
	<l id="80">Et, pour vous aider de mon mieux,</l>
	<l id="81">Je crois que cet habit sera bien à la chose.</l>
</sp>
<sp who="THALIE"><speaker>THALIE.</speaker>
	<l id="82" part="i">Comment donc ?</l>
</sp>
<sp who="MOMUS"><speaker>MOMUS.</speaker>
	<l id="82" part="f">Je serais surpris</l>
	<l id="83">Si par le choix heureux de ma métamorphose</l>
	<l id="84">Nous n'attirions pas tout Paris.</l>
</sp>
<sp who="THALIE"><speaker>THALIE.</speaker>
	<l id="85">Vous croyez donc la charlatanerie </l>
	<l id="86" part="i">Une chose bien rare ?</l>
</sp>
<sp who="MOMUS"><speaker>MOMUS.</speaker>
	<l id="86" part="f">Non.</l>
</sp>
<sp who="THALIE"><speaker>THALIE.</speaker>
	<l id="87">Expliquez-moi donc, je vous prie,</l>
	<l id="88">Comment par cet habit vous croyez tout de bon</l>
	<l id="89">Faire accourir des gens de toutes les espèces.</l>
</sp>
<sp who="MOMUS"><speaker>MOMUS.</speaker>
	<l id="90">Outre l'habit, je fais répandre des adresses.</l>
</sp>
<sp who="THALIE"><speaker>THALIE.</speaker>
	<l id="91">Tout le monde en est regorgé.</l>
</sp>
<sp who="MOMUS"><speaker>MOMUS.</speaker>
	<l id="92">J'en conviens : mais point corrigé.</l>
	<l id="93">Les miennes sont d'ailleurs si subtilement faites, </l>
	<l id="94">Que je veux en trois jours tourner toutes les têtes. </l>
	<l id="95">Écoutez. Consultations,</l>
	<l id="96">Blanc éternel, vrais cosmétiques,</l>
	<l id="97">Essences, préparations ; </l>
	<l id="98">Secrets inconnus, alchimiques : </l>
	<l id="99">Et pour mieux appeler les Grands et les Petits,</l>
	<l id="100" part="i">J'ai mis un mot divin.</l>
</sp>
<sp who="THALIE"><speaker>THALIE.</speaker>
	<l id="100" part="m">Et ce mot, c'est ?</l>
</sp>
<sp who="MOMUS"><speaker>MOMUS.</speaker>
	<l id="100" part="f">Gratis.</l>
	<l id="101">On ne me prendra pas, je crois, cet artifice.</l>
</sp>
<sp who="THALIE"><speaker>THALIE.</speaker>
	<l id="102">Oh ! Je ne doute plus que tout ne réussisse. </l>
</sp>
<sp who="MOMUS"><speaker>MOMUS.</speaker>
	<l id="103">L'un y viendra par avarice.</l>
</sp>
<sp who="THALIE"><speaker>THALIE.</speaker>
	<l id="104">Un autre, ce sera par curiosité.</l>
</sp>
<sp who="MOMUS"><speaker>MOMUS.</speaker>
	<l id="105">Oui, tout Paris sera des nôtres.</l>
</sp>
<sp who="THALIE"><speaker>THALIE.</speaker>
	<l id="106">Vous oubliez la nouveauté :</l>
	<l id="107">Dans le pays de la frivolité,</l>
	<l id="108">Ce motif seul vaut tous les autres.</l>
	<l id="109">Les avez-vous déjà vos imprimés ?</l>
</sp>
<sp who="MOMUS"><speaker>MOMUS.</speaker>
	<l id="110">Oui ; dedans sont bien exprimés</l>
	<l id="111">Cent secrets différents, des cures incurables </l>
	<l id="112">De noms qualifiés, de gens bien introuvables.</l>
</sp>
<sp who="THALIE"><speaker>THALIE.</speaker>
	<l id="113">N'oubliez pas surtout le Pont-Neuf, les Cafés, </l>
	<l id="114">Ni les portes des Promenades.</l>
</sp>
<sp who="MOMUS"><speaker>MOMUS.</speaker>
	<l id="115">Je vous en garantis tous les sots bien coiffés</l>
	<l id="116">Tant je connais à fond cet art des embuscades. </l>
</sp>
<sp who="THALIE"><speaker>THALIE.</speaker>
	<l id="117">Comme les Médecins vont en être étonnés !</l>
</sp>
<sp who="MOMUS"><speaker>MOMUS.</speaker>
	<l id="118">Ils auront tous un pied de nez ;</l>
	<l id="119">Je ne tuerai pas mes malades.</l>
<stage type="exit">Il sort.</stage>
</sp>
</div2>
<div2 type="scene" n="2"><head>SCÈNE II.</head>
<sp stage="alone" who="THALIE"><speaker>THALIE, seule.</speaker>
	<l id="120">Il est railleur ce Dieu Momus,</l>
	<l id="121">Et quelque légère nuance</l>
	<l id="122">Aura suffi sans doute à ses yeux prévenus,</l>
	<l id="123">Pour m'annoncer qu'on ne rit plus</l>
	<l id="124">Dans mon charmant pays de France.</l>
	<l id="125">Non, non : j'en crois peu ses discours.</l>
	<l id="126">Ah ! si mes chers Français, que j'aimerai toujours,</l>
	<l id="127">De leurs tristes voisins avoient pris la manie, </l>
	<l id="128">Je dois voler à leur secours ;</l>
	<l id="129">Et c'est un trait bien digne de Thalie</l>
	<l id="130">Que de les rappeler à l'aimable folie,</l>
	<l id="131">Qui fut pour eux l'époque des beaux jours.</l>
<stage type="sing">On entend Sosie qui chante.</stage>
	<l id="132">J'entends du bruit ; tâchons de nous contraindre ;</l>
	<l id="133">Ce voile-ci va cacher mes efforts :</l>
<stage type="dress">Elle met un voile.</stage>
	<l id="134">Si je vois que l'on m'aime, alors</l>
	<l id="135">Il ne sera plus temps de feindre.</l>
</sp>
</div2>
<div2 type="scene" n='3'><head>SCÈNE III. Thalie, Sosie : il entre en chantant, sa Lanterne à la main.</head>
<sp who="THALIE"><speaker>THALIE.</speaker>
	<l id="136">Eh ! te voilà, mon cher ami Sosie ?</l>
</sp>
<sp who="SOSIE"><speaker>SOSIE.</speaker>
	<l id="137">Qui ? moi, votre ami ! quelque sot !</l>
	<l id="138">De cette amitié-là ne croyez pas un mot ;</l>
	<l id="139">Et ça pour raison, je vous prie.</l>
</sp>
<sp who="THALIE"><speaker>THALIE.</speaker>
	<l id="140">Toujours ta brusque répartie...</l>
</sp>
<sp stage="examinate" who="SOSIE"><speaker>SOSIE, examinant avec sa lanterne.</speaker>
	<l id="141" part="i">N'êtes-vous pas la Nuit ?</l>
</sp>
<sp who="THALIE"><speaker>THALIE.</speaker>
	<l id="141" part="f">Et quand cela serait ?</l>
</sp>
<sp who="SOSIE"><speaker>SOSIE.</speaker>
	<l id="142">Certains coups de bâton dont vous fûtes la cause...</l>
</sp>
<sp who="THALIE"><speaker>THALIE.</speaker>
	<l id="143" part="i">Ce n'est rien, va.</l>
</sp>
<sp who="SOSIE"><speaker>SOSIE.</speaker>
	<l id="143" part="f">Peut-être il me faudrait</l>
	<l id="144">Vous dire encor grand merci de la chose.</l>
	<l id="145">De me louer de vous, oui, sans doute, j'ai lieu.</l>
	<l id="146">Que ne me dites-vous aussi, comme Mercure,</l>
	<l id="147">Que les coups de bâton d'un Dieu</l>
	<l id="148">Font honneur à qui les endure ?</l>
</sp>
<sp who="THALIE"><speaker>THALIE.</speaker>
	<l id="149">Je ne dis pas cela ; mais de ce déplaisir,</l>
	<l id="150">Dont tu dois tirer peu de gloire,</l>
	<l id="151">Faut-il toujours t'entretenir ?</l>
</sp>
<sp who="SOSIE"><speaker>SOSIE.</speaker>
	<l id="152">Je tâche en vain d'en perdre la mémoire,</l>
	<l id="153">Et ce n'est pas faute de boire</l>
	<l id="154">Que j'en garde le souvenir.</l>
</sp>
<sp who="THALIE"><speaker>THALIE.</speaker>
	<l id="155">Le voilà bien, le cher Sosie ; </l>
	<l id="156">Toujours gai, toujours mon ami. </l>
</sp>
<sp who="SOSIE"><speaker>SOSIE.</speaker>
	<l id="157">Quand vous me cajolez ainsi, </l>
	<l id="158">Je le vois, vous avez envie </l>
	<l id="159">Que je vous serve en tout ceci.</l>
	<l id="160">Je gage de nouveau, pour tromper un mari,</l>
	<l id="161">Que quelqu'ordre secret ici-bas vous ramène.</l>
</sp>
<sp who="THALIE"><speaker>THALIE.</speaker>
	<l id="162">Mais en ce cas quel serait ton souci ?</l>
</sp>
<sp who="SOSIE"><speaker>SOSIE.</speaker>
	<l id="163">C'est que depuis le temps qu'on vous vit sur la scène,</l>
	<l id="164">Tout est bien changé là-dessus ;</l>
	<l id="165">Les maris ne se fâchent plus,</l>
	<l id="166">Et les femmes ont moins de peine.</l>
</sp>
<sp who="THALIE"><speaker>THALIE.</speaker>
	<l id="167" part="i">J'entends ; les moeurs...</l>
</sp>
<sp who="SOSIE"><speaker>SOSIE.</speaker>
	<l id="167" part="f">Vous m'étonnez.</l>
	<l id="168">Je pensais que de ces affaires</l>
	<l id="169">Vous ne vous embarrassiez guères,</l>
	<l id="170">Et que vos soins étaient toujours bornés</l>
	<l id="171">À présider tout bas aux amoureux mystères.</l>
</sp>
<sp who="THALIE"><speaker>THALIE.</speaker>
	<l id="172" part="i">Si tu me connaissais !...</l>
</sp>
<sp stage="aparte" who="SOSIE"><speaker>SOSIE, à part.</speaker>
	<l id="172" part="f">Ah ! Voici le roman,</l>
	<l id="173">Femme de qui la vertu cloche</l>
	<l id="174">En a toujours un dans la poche</l>
	<l id="175">Pour accrocher ou duper un amant.</l>
</sp>
<sp who="THALIE"><speaker>THALIE.</speaker>
	<l id="176">Pour revenir à mon histoire,</l>
	<l id="177" part="i">Je suis veuve.</l>
</sp>
<sp who="SOSIE"><speaker>SOSIE.</speaker>
	<l id="177" part="f">Depuis longtemps ?</l>
</sp>
<sp who="THALIE"><speaker>THALIE.</speaker>
	<l id="178">Tu ne me voudras jamais croire,</l>
	<l id="179">Si je te dis que c'est depuis cent ans.</l>
</sp>
<sp who="SOSIE"><speaker>SOSIE.</speaker>
	<l id="180">Va pour cent ans, je vous les passe ; </l>
	<l id="181">Mais aussi faites-moi la grâce</l>
	<l id="182">De ne pas vous apercevoir</l>
	<l id="183">Si je m'endors sans vous dire bon soir.</l>
</sp>
<sp who="THALIE"><speaker>THALIE.</speaker>
	<l id="184">Tu crois donc que je fais un conte ?</l>
</sp>
<sp who="SOSIE"><speaker>SOSIE.</speaker>
	<l id="185">Et quand cela serait, je ne m'en plaindrais pas.</l>
	<l id="186">D'un conte, s'il est gai, je fais assez de cas ;</l>
	<l id="187">Et je vous avouerai sans honte,</l>
	<l id="188">Que j'aime encore à rire quelquefois,</l>
	<l id="189">Quoique le rire soit bourgeois ;</l>
	<l id="190">Il faut se mesurer justement à sa toise.</l>
</sp>
<sp who="THALIE"><speaker>THALIE.</speaker>
	<l id="191">À chaque mot, si tu me cherches noise,</l>
	<l id="192" part="i">Je ne finirai pas.</l>
</sp>
<sp who="SOSIE"><speaker>SOSIE.</speaker>
	<l id="192" part="m">Continuez.</l>
</sp>
<sp stage="slow" who="THALIE"><speaker>THALIE, lentement</speaker>
	<l id="192" part="f">L'époux</l>
	<l id="193">Que m'enleva le fort jaloux</l>
	<l id="194">Dans le brillant de sa noble carrière... </l>
</sp>
<sp who="SOSIE"><speaker>SOSIE.</speaker>
	<l id="195" part="i">Après ?</l>
</sp>
<sp who="THALIE"><speaker>THALIE.</speaker>
	<l id="195" part="m">Il s'appelait.</l>
</sp>
<sp who="SOSIE"><speaker>SOSIE.</speaker>
	<l id="195" part="m">Eh ! bien, comment ?</l>
</sp>
<sp who="THALIE"><speaker>THALIE.</speaker>
	<l id="195" part="f">Molière. </l>
</sp>
<sp who="SOSIE"><speaker>SOSIE.</speaker>
	<l id="196">Quoi ! Molière ? Que dites-vous ?</l>
</sp>
<sp who="THALIE"><speaker>THALIE.</speaker>
	<l id="197" part="i">Rien que de vrai.</l>
</sp>
<sp who="SOSIE"><speaker>SOSIE.</speaker>
	<l id="197" part="f">Vous êtes donc Thalie ?</l>
</sp>
<sp who="THALIE"><speaker>THALIE.</speaker>
	<l id="198" part="i">Oui.</l>
</sp>
<sp who="SOSIE"><speaker>SOSIE.</speaker>
	<l id="198" part="m">Levez ce voile.</l>
</sp>
<sp stage="dress" who="THALIE"><speaker>THALIE, ôtant son voile.</speaker>
	<l id="198" part="f">Tiens, vois.</l>
</sp>
<sp who="SOSIE"><speaker>SOSIE.</speaker>
	<l id="199">À cette mine réjouie, </l>
	<l id="200">Qui ne reconnaîtrait ?... Permettez que Sosie</l>
	<l id="201">Dans son transport, vous embrasse une fois.</l>
</sp>
<sp who="THALIE"><speaker>THALIE.</speaker>
	<l id="202" part="i">Soit.</l>
</sp>
<sp stage="throw" who="SOSIE"><speaker>SOSIE, jetant sa lanterne.</speaker>
	<l id="202" part="m">Eh ! Ma lanterne. Deux ? </l>
</sp>
<sp who="THALIE"><speaker>THALIE.</speaker>
	<l id="202" part="f">Trois.</l>
</sp>
<sp stage="lazzi/sigh" who="SOSIE"><speaker>SOSIE, après s'être livré à toute sa joie, laisse tomber ses bras, et dit en soupirant :</speaker>
	<l id="203">Oh ! comme c'est touchant, une reconnaissance !</l>
	<l id="204">Me voilà prêt à pleurer de plaisir.</l>
</sp>
<sp who="THALIE"><speaker>THALIE.</speaker>
	<l id="205">Pleurer ! Fi, quelle extravagance !</l>
	<l id="206">Toi qui dis que ton seul désir</l>
	<l id="207">Est de m'accompagner sans cesse.</l>
</sp>
<sp who="SOSIE"><speaker>SOSIE.</speaker>
	<l id="208">J'aurais grand tort, je le confesse,</l>
	<l id="209">D'aller pleurnicher près de vous.</l>
	<l id="210">Non, des symboles de tristesse</l>
	<l id="211">Ne doivent point gâter des passe-temps si doux.</l>
</sp>
<sp who="THALIE"><speaker>THALIE.</speaker>
	<l id="212">Suis-je encore ton ennemie ?</l>
</sp>
<sp who="SOSIE"><speaker>SOSIE.</speaker>
	<l id="213">Comblé de vos faveurs, ô divine Thalie,</l>
	<l id="214">Je n'ai plus d'ennemis ; mais j'aurai des jaloux.</l>
</sp>
<sp who="THALIE"><speaker>THALIE.</speaker>
	<l id="215">Va, de les désespérer tous,</l>
	<l id="216">Momus et moi, nous savons la manière. </l>
</sp>
<sp who="SOSIE"><speaker>SOSIE.</speaker>
	<l id="217">Bon. Cette bonté singulière</l>
	<l id="218">Voudrait-elle lever un scrupule que j'ai ? </l>
</sp>
<sp who="THALIE"><speaker>THALIE.</speaker>
	<l id="219" part="i">Parle.</l>
</sp>
<sp who="SOSIE"><speaker>SOSIE.</speaker>
	<l id="219" part="f">Sur cet hymen de vous et de Molière.</l>
	<l id="220">Si par hasard j'étais interrogé...</l>
</sp>
<sp who="THALIE"><speaker>THALIE.</speaker>
	<l id="221">Eh bien ! C'était un hymen arrangé.</l>
</sp>
<sp who="SOSIE"><speaker>SOSIE.</speaker>
	<l id="222">Où ? Quand ? Comment ? Un curieux s'informe...</l>
</sp>
<sp who="THALIE"><speaker>THALIE.</speaker>
	<l id="223">Je t'entends. Tu diras que mon contrat en forme</l>
	<l id="224">Fut par Apollon rédigé.</l>
</sp>
<sp stage="estonish" who="SOSIE"><speaker>SOSIE, étonné</speaker>
	<l id="225" part="i">Là-haut, l'on s'épouse ?</l>
</sp>
<sp who="THALIE"><speaker>THALIE.</speaker>
	<l id="225" part="f">Et l'on s'aime.</l>
</sp>
<sp who="SOSIE"><speaker>SOSIE.</speaker>
	<l id="226">C'est la moitié plus qu'à Paris.</l>
	<l id="227">Passe encor pour des favoris.</l>
	<l id="228">Mais je n'en reviens pas, quand vous dites vous-même</l>
	<l id="229">Que les Muses ont des maris.</l>
</sp>
<sp who="THALIE"><speaker>THALIE.</speaker>
	<l id="230">Melpomène est au quatrième.</l>
</sp>
<sp who="SOSIE"><speaker>SOSIE.</speaker>
	<l id="231">Bon. Me voilà bien éclairci ;</l>
	<l id="232">Et je n'ai plus d'autre souci</l>
	<l id="233">Que d'être occupé de vous plaire.</l>
	<l id="234">A présent de ce qu'il faut faire,</l>
	<l id="235" part="i">Instruisez-moi donc.</l>
</sp>
<sp who="THALIE"><speaker>THALIE.</speaker>
	<l id="235" part="f">Le voici. </l>
	<l id="236">Premièrement que ma venue ici</l>
	<l id="237">Pour tout autre soit un mystère.</l>
</sp>
<sp who="SOSIE"><speaker>SOSIE.</speaker>
	<l id="238" part="i">Soit.</l>
</sp>
<sp who="THALIE"><speaker>THALIE.</speaker>
	<l id="238" part="f">Jupiter, lassé de s'ennuyer,</l>
	<l id="239">Avec Momus, qui me sert d'Ecuyer, </l>
	<l id="240">M'a commandé de venir sur la terre,</l>
	<l id="241">Et de lui rapporter au séjour du Tonnerre,</l>
	<l id="242">Quelques travers nouveaux qui puissent l'égayer. </l>
</sp>
<sp who="SOSIE"><speaker>SOSIE.</speaker>
	<l id="243">Vous pourriez avoir de la peine.</l>
	<l id="244">On a bien appauvri la scène.</l>
</sp>
<sp who="THALIE"><speaker>THALIE.</speaker>
	<l id="245">Que m'importe ? J'ai de bons yeux.</l>
</sp>
<sp who="SOSIE"><speaker>SOSIE.</speaker>
	<l id="246">Aussi bons que jolis. Tant mieux.</l>
	<l id="247">Peste ! où prend mon esprit toute sa gentillesse.</l>
</sp>
<sp who="THALIE"><speaker>THALIE.</speaker>
	<l id="248">Songe ensuite qu'il faut que je passe pour Nièce </l>
	<l id="249">De Momus : nous venons ensemble exprès céans,</l>
	<l id="250">Pour tâcher de saisir un nouveau caractère.</l>
</sp>
<sp who="SOSIE"><speaker>SOSIE.</speaker>
	<l id="251">C'est prendre assez mal votre temps</l>
	<l id="252">Et ce ne sera pas une petite affaire.</l>
</sp>
<sp who="THALIE"><speaker>THALIE.</speaker>
	<l id="253" part="i">Comment ?</l>
</sp>
<sp who="SOSIE"><speaker>SOSIE.</speaker>
	<l id="253" part="f">C'est qu'il paraît que la plupart des gens</l>
	<l id="254">Ont donné dans le goût fantasque,</l>
	<l id="255">De n'avoir, pour eux tous, qu'un masque ;</l>
	<l id="256">Et qui les reconnaît a des yeux bien perçants.</l>
</sp>
<sp who="THALIE"><speaker>THALIE.</speaker>
	<l id="257">Pour qu'ils se montrent sans contrainte,</l>
	<l id="258">D'un habit de Docteur Momus s'est revêtu.</l>
	<l id="259">Se douteront-ils de la feinte ?</l>
	<l id="260">Là, dis-le-moi, qu'en penses-tu ?</l>
</sp>
<sp who="SOSIE"><speaker>SOSIE.</speaker>
	<l id="261">S'il faut parler avec franchise,</l>
	<l id="262">Moi j'imagine qu'un projet</l>
	<l id="263">Fondé sur l'humaine sottise</l>
	<l id="264">Manque rarement son effet.</l>
</sp>
<sp who="THALIE"><speaker>THALIE.</speaker>
	<l id="265" part="i">Çà, tu peux nous servir.</l>
</sp>
<sp who="SOSIE"><speaker>SOSIE.</speaker>
	<l id="265" part="f">Eh ! de quelle manière </l>
	<l id="266">Puis-je mériter vos faveurs ?</l>
</sp>
<sp who="THALIE"><speaker>THALIE.</speaker>
	<l id="267">Aux gens qui nous viendront en faisant les honneurs.</l>
</sp>
<sp who="SOSIE"><speaker>SOSIE.</speaker>
	<l id="268">Et s'il se présentait des sujets de Molière ?</l>
</sp>
<sp who="THALIE"><speaker>THALIE.</speaker>
	<l id="269" part="i">Tu railles, ils sont morts. </l>
</sp>
<sp who="SOSIE"><speaker>SOSIE.</speaker>
	<l id="269" part="f">Eux, morts ? Oh, par ma foi,</l>
	<l id="270">Ils se portent tous mieux que moi,</l>
	<l id="271">Et je crois qu'ils feront douze fois ma carrière.</l>
</sp>
<sp who="THALIE"><speaker>THALIE.</speaker>
	<l id="272">De ton zèle empressé je connais tout le prix ;</l>
	<l id="273">Compte sur ma reconnaissance.</l>
</sp>
<sp who="SOSIE"><speaker>SOSIE.</speaker>
	<l id="274">Vous avez bien raison de chérir les Petits ;</l>
	<l id="275">Et des Petits la bienveillance </l>
	<l id="276">Vaut, en plus d'une occasion,</l>
	<l id="277">Cette vaine protection </l>
	<l id="278">Dont un Grand fait la récompense,</l>
	<l id="279">Et du Sot qui le sert avec affection</l>
	<l id="280">Et du vil flatteur qui l'encense.</l>
</sp>
<sp stage="aparte" who="THALIE"><speaker>THALIE, à part.</speaker>
	<l id="281">Tant de bon sens dans un Valet !</l>
<stage type="toward">À Sosie.</stage>
	<l id="282">On a frappé ; va voir qui c'est.</l>
<stage type="alone">Restée seule.</stage>
	<l id="283">Nous en allons avoir de toutes les espèces.</l>
	<l id="284">Et je jouerais d'un malheur peu commun, </l>
	<l id="285">Si dans la quantité je n'en attrapais un.</l>
	<l id="286">Oh ! Ma foi, vive les adresses !</l>
<stage type="toward">À Sosie, qui revient.</stage>
	<l id="287" part="i">Eh bien ?</l>
</sp>
<sp who="SOSIE"><speaker>SOSIE.</speaker>
	<l id="287" part="f">C'est un beau cavalier.</l>
</sp>
<sp who="THALIE"><speaker>THALIE.</speaker>
	<l id="288" part="i">Et son nom ?</l>
</sp>
<sp who="SOSIE"><speaker>SOSIE.</speaker>
	<l id="288" part="f">C'est Monsieur Lélie.</l>
</sp>
<sp who="THALIE"><speaker>THALIE.</speaker>
	<l id="289">Il n'a pas changé de métier :</l>
	<l id="290">À la plus nouvelle folie</l>
	<l id="291">Un étourdi court toujours le premier.</l>
<stage type="exit">Sosie sort.</stage>
</sp>
</div2>
<div2 type="scene" n="4"><head>SCÈNE IV. Lélie, Thalie.</head>
<sp stage="run" who="LÉLIE"><speaker>LÉLIE, entrant avec empressement.</speaker>
	<l id="292">Ah ! Que le ciel m'oblige, en offrant à ma vue</l>
	<l id="293">Les célestes attraits dont vous êtes pourvue. </l>
	<l id="294">Madame, un Charlatan qui me fait accourir,</l>
	<l id="295">Du mal que font vos yeux sait-il aussi guérir ?</l>
	<l id="296">Oh ! Qu'il le sache ou non, qu'il garde sa recette.</l>
	<l id="297">Que mon bonheur est grand ! Que ma joie est complète !</l>
	<l id="298">Et pouvais-je espérer de trouver en ces lieux,</l>
	<l id="299">Au lieu d'un ignorant, cette grâce et ces yeux ?</l>
</sp>
<sp who="THALIE"><speaker>THALIE.</speaker>
	<l id="300">Ils sont bien obscurcis par ma douleur extrême.</l>
</sp>
<sp who="LÉLIE"><speaker>LÉLIE.</speaker>
	<l id="301">Je vous consolerai, puisqu'enfin je vous aime,</l>
	<l id="302">Et que me voilà prêt à finir vos malheurs.</l>
</sp>
<sp who="THALIE"><speaker>THALIE.</speaker>
	<l id="303">Vous savez donc, Monsieur, le sujet de mes pleurs ?</l>
</sp>
<sp who="LÉLIE"><speaker>LÉLIE.</speaker>
	<l id="304">Et qu'en est-il besoin ! pour l'imaginative,</l>
	<l id="305">Croyez que je ne cède à personne qui vive :</l>
	<l id="306">Si j'avais un valet que je regrette encore,</l>
	<l id="307">Mascarille ; il valait, ma foi, son pesant d'or.</l>
</sp>
<sp who="THALIE"><speaker>THALIE.</speaker>
	<l id="308" part="i">Que m'importe un valet, à moi ?</l>
</sp>
<sp who="LÉLIE"><speaker>LÉLIE.</speaker>
	<l id="308" part="f">Quand je le cite,</l>
	<l id="309">C'est qu'il convient toujours d'honorer le mérite.</l>
</sp>
<sp who="THALIE"><speaker>THALIE.</speaker>
	<l id="310" part="i">Il était donc bien grand, ce mérite ?</l>
</sp>
<sp who="LÉLIE"><speaker>LÉLIE.</speaker>
	<l id="310" part="f">Au besoin,</l>
	<l id="311">D'imaginer pour moi je lui laissais le soin.</l>
</sp>
<sp who="THALIE"><speaker>THALIE.</speaker>
	<l id="312">Ainsi de ma douleur il aurait su la cause ?</l>
</sp>
<sp who="LÉLIE"><speaker>LÉLIE.</speaker>
	<l id="313">Mieux que vous : et tenez, quand tout seul je suppose </l>
	<l id="314">Votre coeur en secret par l'amour lutiné,</l>
	<l id="315">Avouez franchement, n'ai-je pas deviné ?</l>
</sp>
<sp who="THALIE"><speaker>THALIE.</speaker>
	<l id="316">De l'art d'imaginer donnez une autre preuve.</l>
</sp>
<sp who="LÉLIE"><speaker>LÉLIE.</speaker>
	<l id="317" part="i">Pourquoi donc, s'il vous plaît, Madame ?</l>
</sp>
<sp who="THALIE"><speaker>THALIE.</speaker>
	<l id="317" part="f">Je suis veuve.</l>
</sp>
<sp who="LÉLIE"><speaker>LÉLIE.</speaker>
	<l id="318">Bon ! pour mieux me cacher le sujet de vos pleurs,</l>
	<l id="319">Faut-il vous aviser du moindre des malheurs ?</l>
</sp>
<sp who="THALIE"><speaker>THALIE.</speaker>
	<l id="320">Monsieur, encore un coup je suis veuve, vous dis-je. </l>
</sp>
<sp who="LÉLIE"><speaker>LÉLIE.</speaker>
	<l id="321">Tant mieux : votre douleur en tient plus du prodige.</l>
</sp>
<sp who="THALIE"><speaker>THALIE.</speaker>
	<l id="322">Vous vous doutez assez que depuis ce trépas, </l>
	<l id="323">Et faite comme on est, ayant quelques appas... </l>
</sp>
<sp stage="interrupt" who="LÉLIE"><speaker>LÉLIE, interrompant.</speaker>
	<l id="324">J'entends. Pour adoucir les horreurs du veuvage,</l>
	<l id="325">Vous n'avez pas voulu déroger à l'usage</l>
	<l id="326" part="i">Des amants.</l>
</sp>
<sp who="THALIE"><speaker>THALIE.</speaker>
<note type="C">Le Joueur, comédie de Régnard (1692).</note>
<note type="C">Le Glorieux, comédie de Néricault-Destouches (1732).</note>
	<l id="326" part="f">Un Joueur et puis un Glorieux </l>
	<l id="327">Fixèrent, j'en conviens, et mon coeur et mes yeux :</l>
	<l id="328">Mais d'un dernier, surtout, mon âme est enivrée.</l>
</sp>
<sp who="LÉLIE"><speaker>LÉLIE.</speaker>
	<l id="329" part="i">Et c'est ?...</l>
</sp>
<sp who="THALIE"><speaker>THALIE.</speaker>
	<l id="329" part="m">Il est connu.</l>
</sp>
<sp who="LÉLIE"><speaker>LÉLIE.</speaker>
	<l id="329" part="m">Son nom ?</l>
</sp>
<sp who="THALIE"><speaker>THALIE.</speaker>
	<l id="329" part="f">De l'Empirée.</l>
	<l id="330">J'en eus d'autres encor ; j'aime à le publier.</l>
</sp>
<sp who="LÉLIE"><speaker>LÉLIE.</speaker>
	<l id="331">N'importe : me voilà pour les faire oublier.</l>
</sp>
<sp who="THALIE"><speaker>THALIE.</speaker>
	<l id="332" part="i">Qui ? vous, Monsieur ?</l>
</sp>
<sp who="LÉLIE"><speaker>LÉLIE.</speaker>
	<l id="332" part="f">Oui, moi : moi, vous dis-je, Madame.</l>
	<l id="333">Vous n'imaginez pas tout l'excès de ma flamme ;</l>
	<l id="334">Et mon coeur est capable, en son transport jaloux,</l>
	<l id="335">De vous aimer toujours, fussé-je votre époux.</l>
	<l id="336" part="i">Oui, je jure...</l>
</sp>
</div2>
<div2 type="scene" n="5"><head>SCÈNE V. Sosie, Lélie, Thalie</head>
<sp stage="toward" who="SOSIE"><speaker>SOSIE, à Lélie.</speaker>
	<l id="336" part="f">Eh ! doit-on jurer de telle sorte, </l>
	<l id="337">Monsieur ? Là, là, calmez l'ardeur qui vous transporte.</l>
</sp>
<sp who="LÉLIE"><speaker>LÉLIE.</speaker>
	<l id="338">Ce maraud-là me tient des propos bien hardis.</l>
<stage type="toward">À Sosie.</stage>
	<l id="339">Sais-tu que, si j'étais un de ces étourdis</l>
	<l id="340">Capables de manquer à ce qu'on doit aux Belles,</l>
	<l id="341">Un bâton sur ton dos m'en dirait des nouvelles</l>
</sp>
<sp stage="ironic" who="LÉLIE"><speaker>SOSIE, avec ironie.</speaker>
	<l id="342">Bon ! vous n'avez pas l'air de ces étourdis-là.</l>
</sp>
<sp who="LÉLIE"><speaker>LÉLIE.</speaker>
	<l id="343" part="i">Je n'en ai pas l'air.</l>
</sp>
<sp stage="ironic" who="SOSIE"><speaker>SOSIE, de même.</speaker>
	<l id="343" part="m">Non.</l>
</sp>
<sp who="LÉLIE"><speaker>LÉLIE.</speaker>
<stage type="fight">Il le bat.</stage>
	<l id="343" part="m">Tu vas voir.</l>
</sp>
<sp who="SOSIE"><speaker>SOSIE.</speaker>
	<l id="343" part="f">Ah ! Ah ! Ah !</l>
	<l id="344">Au secours, au secours, voisins, je vous en prie.</l>
</sp>
<sp who="LÉLIE"><speaker>LÉLIE.</speaker>
	<l id="345">Comment ! bourreau, tu fais des cris !</l>
</sp>
<sp who="SOSIE"><speaker>SOSIE.</speaker>
	<l id="346">De mille coups tu me meurtris,</l>
	<l id="347">Et tu ne veux pas que je crie ?</l>
</sp>
<sp who="LÉLIE"><speaker>LÉLIE.</speaker>
	<l id="348" part="i">Madame, pardonnez.</l>
</sp>
<sp who="THALIE"><speaker>THALIE.</speaker>
	<l id="348" part="f">Quoi ! votre étourderie...</l>
	<l id="349" part="i">Sortez d'ici, Monsieur.</l>
</sp>
<sp who="LÉLIE"><speaker>LÉLIE.</speaker>
	<l id="349" part="f">Il y va de ma vie.</l>
	<l id="350" part="i">Cruelle ! À vos genoux...</l>
</sp>
<sp who="SOSIE"><speaker>SOSIE.</speaker>
	<l id="350" part="f">Madame, tenez bon.</l>
</sp>
<sp who="THALIE"><speaker>THALIE.</speaker>
	<l id="351">Mon Oncle, qui paraît, va me faire raison</l>
	<l id="352">De votre extravagance et de votre furie.</l>
</sp>
<sp who="LÉLIE"><speaker>LÉLIE.</speaker>
	<l id="353">Il saura pardonner un peu d'étourderie</l>
	<l id="354">À ce coeur pour vos yeux si fortement épris. </l>
</sp>
</div2>
<div2 type="scene" n="6"><head>SCÈNE VI. Momus, Thalie, Lélie, Sosie.</head>
<sp stage="entrance" who="MOMUS"><speaker>MOMUS, en entrant.</speaker>
	<l id="355">N'ai-je pas entendu des cris ? </l>
</sp>
<sp stage="toward" who="THALIE"><speaker>THALIE, à Momus.</speaker>
	<l id="356" part="i">Ah ! Mon Oncle !</l>
</sp>
<sp who="LÉLIE"><speaker>LÉLIE.</speaker>
	<l id="356" part="f">Ah ! Monsieur, cette charmante nièce</l>
	<l id="357">Peut vous dire l'ardeur qui pour elle me presse ;</l>
	<l id="358">Et je dois ajouter qu'il nous serait bien doux</l>
	<l id="359">D'obtenir votre aveu pour devenir époux.</l>
</sp>
<sp who="THALIE"><speaker>THALIE.</speaker>
	<l id="360">Avant de s'épouser, il faut bien se connaître.</l>
</sp>
<sp who="MOMUS"><speaker>MOMUS.</speaker>
	<l id="361" part="i">On se marierait peu. </l>
</sp>
<sp who="LÉLIE"><speaker>LÉLIE.</speaker>
	<l id="361" part="f">Dès qu'on m'a vu paraître,</l>
	<l id="362" part="i">Je suis connu. </l>
</sp>
<sp who="THALIE"><speaker>THALIE.</speaker>
	<l id="362" part="f">Tant pis. Soyez sûr qu'en ce cas</l>
	<l id="363">C'est plutôt un bonheur de ne vous avoir pas.</l>
</sp>
<sp who="LÉLIE"><speaker>LÉLIE.</speaker>
	<l id="364">Oh ! puisque vous osez en venir aux injures,</l>
	<l id="365">Je conterai partout toutes vos aventures ;</l>
	<l id="366">Je connais un Poète, il vous chansonnera.</l>
</sp>
<sp who="MOMUS"><speaker>MOMUS.</speaker>
	<l id="367" part="i">Chansons !</l>
</sp>
<sp stage="toward" who="LÉLIE"><speaker>LÉLIE, à Momus.</speaker>
	<l id="367" part="m">Vous...</l>
</sp>
<sp who="MOMUS"><speaker>MOMUS.</speaker>
	<l id="367" part="m">Je m'en moque.</l>
</sp>
<sp who="LÉLIE"><speaker>LÉLIE.</speaker>
	<l id="367" part="f">Eh bien ! on le saura.</l>
	<l id="368">Et je vous couvrirai si bien de ridicule,</l>
	<l id="369">Que vous ne vendrez pas une seule pilule,</l>
	<l id="370" part="i">Pas un petit paquet.</l>
<stage type="exit">Il sort brusquement.</stage>
</sp>
</div2>
<div2 type="scene" n="7"><head>SCÈNE VII. Momus, Sosie, Thalie.</head>
<sp stage="toward/exit" who="MOMUS"><speaker>MOMUS, à Lélie qui sort.</speaker>
	<l id="370" part="f">Je ris de vos raisons ;</l>
	<l id="371">Quoi que vous disiez, peu m'importe.</l>
<stage type="toward">À Sosie, qui fuit Lélie.</stage>
	<l id="372">Toi, que vas-tu chercher à cette porte ?</l>
</sp>
<sp who="SOSIE"><speaker>SOSIE.</speaker>
	<l id="373">Voir s'il prend le chemin des petites maisons.</l>
</sp>
<sp who="MOMUS"><speaker>MOMUS.</speaker>
	<l id="374">Vit-on jamais pareille étourderie ?</l>
</sp>
<sp who="THALIE"><speaker>THALIE.</speaker>
	<l id="375">Vous n'avez pas tout vu. Demandez à Sosie :</l>
	<l id="376">Comme il en est très fidèle témoin,</l>
	<l id="377">Mieux que personne il pourra vous le dire.</l>
</sp>
<sp stage="back/toward" who="SOSIE"><speaker>SOSIE, revenant à la porte, où il a paru parler à quelqu'un.</speaker>
	<l id="378">Si vous avez sujet de rire,</l>
	<l id="379">Je ne dois pas avoir le même soin.</l>
<stage type="toward">À Momus.</stage>
	<l id="380">Monsieur, à cette porte un homme </l>
	<l id="381">Qui n'a pas voulu qu'on le nomme,</l>
	<l id="382">Dit en secret avoir affaire à vous.</l>
	<l id="383">Il est vêtu de noir et parle d'un ton doux. </l>
</sp>
<sp who="MOMUS"><speaker>MOMUS.</speaker>
	<l id="384" part="i">Son nom.</l>
</sp>
<sp who="SOSIE"><speaker>SOSIE.</speaker>
	<l id="384" part="f">Je vous ai dit qu'il ne veut pas le dire.</l>
</sp>
<sp who="MOMUS"><speaker>MOMUS.</speaker>
	<l id="385" part="i">Fais entrer.</l>
</sp>
<sp who="THALIE"><speaker>THALIE.</speaker>
	<l id="385" part="f">Moi je me retire</l>
	<l id="386">Pour vous le laisser recevoir.</l>
<stage type="exit">Elle sort.</stage>
</sp>
</div2>
<div2 type="scene" n="8"><head>SCÈNE VIII. Sosie, Momus.</head>
<sp who="SOSIE"><speaker>SOSIE.</speaker>
	<l id="387">Et vous consentez à le voir</l>
	<l id="388" part="i">Tête-à-tête ?</l>
</sp>
<sp who="MOMUS"><speaker>MOMUS.</speaker>
	<l id="388" part="m">Oui.</l>
</sp>
<sp who="SOSIE"><speaker>SOSIE.</speaker>
	<l id="388" part="f">Mais c'est une folie.</l>
</sp>
<sp who="MOMUS"><speaker>MOMUS.</speaker>
	<l id="389">Je ris de ta poltronnerie.</l>
</sp>
<sp who="SOSIE"><speaker>SOSIE.</speaker>
	<l id="390">D'accord, je suis poltron ; on en vit plus longtemps.</l>
	<l id="391">Vous autres Dieux, vous êtes gais, contents ;</l>
	<l id="392">Vous ne mourez jamais de votre vie ;</l>
	<l id="393">Mais aux pauvres humains il ne faut rien qu'un coup.</l>
</sp>
<sp who="MOMUS"><speaker>MOMUS.</speaker>
	<l id="394" part="i">Fais-le toujours venir.</l>
</sp>
<sp who="SOSIE"><speaker>SOSIE.</speaker>
	<l id="394" part="f">Vous hasardez beaucoup. </l>
<stage type="wave/toward">Il fait signe à Tartuffe d'entrer.</stage>
</sp>
</div2>
<div2 type="scene" n="9"><head>SCÈNE IX. Tartuffe, Momus, Sosie.</head>
<sp who="TARTUFFE"><speaker>TARTUFFE.</speaker>
	<l id="395">Que le Ciel à jamais par sa toute bonté</l>
	<l id="396">Et de l'âme et du corps vous donne la santé.</l>
	<l id="397">Monsieur ; le bien de vous que partout on publie...</l>
</sp>
<sp who="MOMUS"><speaker>MOMUS.</speaker>
	<l id="398" part="i">Arrivé d'aujourd'hui... </l>
</sp>
<sp who="TARTUFFE"><speaker>TARTUFFE.</speaker>
	<l id="398" part="f">Permettez, je vous prie : </l>
	<l id="399">Il est juste, et je crois tout ce qu'on dit de vous :</l>
	<l id="400">Je ne suis, grâce au Ciel, envieux ni jaloux ;</l>
	<l id="401">Mais j'ai vu si souvent les horreurs de l'envie</l>
	<l id="402">Empoisonner les jours d'une innocente vie,</l>
	<l id="403">Que j'ai cru vous devoir ce secret entretien,</l>
	<l id="404">Où mon zèle empressé va ne vous cacher rien.</l>
</sp>
<sp who="MOMUS"><speaker>MOMUS.</speaker>
	<l id="405" part="i">Parlez, Monsieur.</l>
</sp>
<sp who="TARTUFFE"><speaker>TARTUFFE.</speaker>
	<l id="405" part="f">Mon coeur de douleur se déchire,</l>
	<l id="406">Quand je vois les méchants agrandir leur empire.</l>
</sp>
<sp stage="aparte" who="MOMUS"><speaker>MOMUS, à part.</speaker>
	<l id="407" part="i">Je te connais. </l>
<stage type="toward">À Tartuffe.</stage>
	<l id="407" part="m">Où tend ce discours ?</l>
</sp>
<sp who="TARTUFFE"><speaker>TARTUFFE.</speaker>
	<l id="407" part="f">Le voici ; </l>
	<l id="408">Et vous en allez être à l'instant éclairci.</l>
	<l id="409">On dit (mais je crois peu ce propos condamnable) </l>
	<l id="410">Que vous avez chez vous un objet jeune, aimable ;</l>
	<l id="411">Que sa beauté fragile, appelant tous les coeurs,</l>
	<l id="412">Peut malheureusement décréditer vos moeurs. </l>
	<l id="413" part="i">Et mon zèle...</l>
</sp>
<sp who="MOMUS"><speaker>MOMUS.</speaker>
	<l id="413" part="f">Je sais ce qu'il convient d'en croire :</l>
	<l id="414">Mais pensez-vous qu'on puisse avoir l'âme assez noire ?...</l>
</sp>
<sp stage="enthousiamsm" who="TARTUFFE"><speaker>TARTUFFE, avec vivacité.</speaker>
	<l id="415">Oui, Monsieur. Arrivé depuis fort peu de temps,</l>
	<l id="416">Vous n'imaginez pas la malice des gens ;</l>
	<l id="417">Et combien la vertu jadis si respectée,</l>
	<l id="418">Est partout aujourd'hui bassement insultée,</l>
	<l id="419">Sur vous, qu'autant que moi, je crois homme de bien,</l>
	<l id="420">Je ne répondrais pas qu'on ne répandit rien,</l>
	<l id="421">Étant amis tous deux. La vertu réunie,</l>
	<l id="422">Avec plus de succès, fera taire l'envie :</l>
	<l id="423" part="i">Je suis connu.</l>
</sp>
<sp who="MOMUS"><speaker>MOMUS.</speaker>
	<l id="423" part="m">Sans doute.</l>
</sp>
<sp who="TARTUFFE"><speaker>TARTUFFE.</speaker>
	<l id="423" part="f">Et mon zèle discret </l>
	<l id="424">Peut, dans votre maison, faire un très bon effet.</l>
</sp>
<sp stage="aparte" who="MOMUS"><speaker>MOMUS, à part.</speaker>
	<l id="425" part="i">Le Cafard ! </l>
</sp>
<sp who="TARTUFFE"><speaker>TARTUFFE.</speaker>
	<l id="425" part="f">En voyant votre charmante nièce,</l>
	<l id="426">Mes avis paternels guideraient sa jeunesse,</l>
	<l id="427">Et je la sauverais peut-être d'un écueil. </l>
</sp>
<sp who="MOMUS"><speaker>MOMUS.</speaker>
	<l id="428" part="i">Peut-être, est trop modeste. </l>
</sp>
<sp who="TARTUFFE"><speaker>TARTUFFE.</speaker>
	<l id="428" part="f">Oh ! Je hais tant l'orgueil !</l>
</sp>
<sp who="MOMUS"><speaker>MOMUS.</speaker>
	<l id="429">Fort bien ; mais je craindrais qu'on ne dît qu'une flamme</l>
	<l id="430" part="i">En secret...</l>
</sp>
<sp stage="frighten" who='TARTUFFE'><speaker>TARTUFFE, avec un mouvement d'horreur.</speaker>
	<l id="430" part="f">Moi, Monsieur, j'aimerais une femme ! </l>
	<l id="431">Vous m'objectez en vain ce motif de refus ;</l>
	<l id="432">On sait bien que j'ai fait mes preuves là-dessus.</l>
</sp>
<sp stage="aparte" who='TARTUFFE'><speaker>MOMUS, à part.</speaker>
	<l id="433">Je vais, pour le punir, l'envoyer chez Thalie.</l>
<stage type="toward">À Tartuffe.</stage>
	<l id="434">Je me rends. Oui, je vois que toute votre envie</l>
	<l id="435">Est de contribuer à mon contentement ;</l>
	<l id="436">Et vous pouvez passer dans son appartement.</l>
<stage type="exit">Tartuffe entre chez Thalie.</stage>
</sp>
</div2>
<div2 type="scene" n='10'><head>SCÈNE X. Sosie, Momus.</head>
<sp stage="closer" who='SOSIE'><speaker>SOSIE, se rapprochant.</speaker>
	<l id="437">Qu'en dites-vous, Seigneur ? Parle-t-il avec force ? </l>
	<l id="438" part="i">Voilà l'homme de bien.</l>
</sp>
<sp who="MOMUS"><speaker>MOMUS.</speaker>
	<l id="438" part="f">Ce n'en est que l'écorce.</l>
	<l id="439">Jusqu'à quand verra-t-on l'homme simple et les sots </l>
	<l id="440">Trompés indignement par l'abus des grands mots ?</l>
</sp>
<sp who="SOSIE"><speaker>SOSIE.</speaker>
	<l id="441" part="i">Avez-vous su son nom ?</l>
</sp>
<sp who="MOMUS"><speaker>MOMUS.</speaker>
	<l id="441" part="m">Tartuffe.</l>
</sp>
<sp who="SOSIE"><speaker>SOSIE.</speaker>
	<l id="441" part="f">De Molière ?</l>
	<l id="442">À sa tournure singulière,</l>
	<l id="443">Je l'aurais pris, ma foi, pour un homme de bien :</l>
	<l id="444">Sur la mine jamais je ne croirai plus rien.</l>
</sp>
</div2>
<div2 type="scene" n='11'><head>SCÈNE XI. Madame Pernelle, Phlipotte, Momus, Sosie.</head>
<sp who="MADAME PERNELLE"><speaker>MADAME PERNELLE.</speaker>
	<l id="445" part="i">Allons, Phlipotte, allons.</l>
<stage type="toward">À Momus.</stage>
	<l id="445" part="f">Faites-vous votre compte</l>
	<l id="446">Que j'attendrai longtemps ? N'est-ce pas une honte,</l>
	<l id="447">À vous, le beau Docteur, qu'on ne trouve chez vous</l>
	<l id="448">Que des impertinents, des fripons et des fous ?</l>
</sp>
<sp who="MOMUS"><speaker>MOMUS.</speaker>
	<l id="449" part="i">Pourquoi donc y venir ?</l>
</sp>
<sp who="MADAME PERNELLE"><speaker>MADAME PERNELLE.</speaker>
	<l id="449" part="f">Pourquoi ? Mort de ma vie !</l>
	<l id="450">Évitez, croyez-moi, de me mettre en furie.</l>
	<l id="451">Et si Tartuffe ici n'avait porté ses pas,</l>
	<l id="452">Soyez sûr que chez vous vous ne me verriez pas.</l>
</sp>
<sp who="SOSIE"><speaker>SOSIE.</speaker>
	<l id="453">Mais vous en voulez donc beaucoup à ce pauvre homme ?</l>
</sp>
<sp who="MOMUS"><speaker>MOMUS.</speaker>
	<l id="454" part="i">Molière a corrigé...</l>
</sp>
<sp who="MADAME PERNELLE"><speaker>MADAME PERNELLE.</speaker>
	<l id="454" part="f">Je veux que l'on m'assomme,</l>
	<l id="455">Si lui ni ses pareils se tiennent pour battus ;</l>
	<l id="456">Car j'en vois tous les jours, et je crois même plus.</l>
	<l id="457" part="i">Mais enfin ce maroufle est ici. </l>
</sp>
<sp who="MOMUS"><speaker>MOMUS.</speaker>
	<l id="457" part="f">Non, Madame ; </l>
	<l id="458" part="i">Il n'a fait que passer.</l>
</sp>
<sp who="MADAME PERNELLE"><speaker>MADAME PERNELLE.</speaker>
	<l id="458" part="m">Où donc ?</l>
</sp>
<sp who="MOMUS"><speaker>MOMUS.</speaker>
	<l id="458" part="f">Chez une femme.</l>
</sp>
<sp who="MADAME PERNELLE"><speaker>MADAME PERNELLE.</speaker>
	<l id="459" part="i">Ah ! Que je crains pour elle ! </l>
</sp>
<sp who="MOMUS"><speaker>MOMUS.</speaker>
	<l id="459" part="f">Oh ! moi je ne crains rien. </l>
</sp>
<sp who="MADAME PERNELLE"><speaker>MADAME PERNELLE.</speaker>
	<l id="460">Vous êtes donc très sûr qu'elle est femme de bien ?</l>
</sp>
<sp who="MOMUS"><speaker>MOMUS.</speaker>
	<l id="461" part="i">Oh !</l>
</sp>
<sp who="MADAME PERNELLE"><speaker>MADAME PERNELLE.</speaker>
	<l id="461" part="f">Malgré tout cela, j'ai quelque inquiétude.</l>
	<l id="462">Une femme de bien peut n'être qu'une prude ;</l>
	<l id="463">Et je vais vous conter le fait qui m'engagea</l>
	<l id="464" part="i">À penser de la sorte...</l>
<stage type="laugh">Voyant rire Momus et Sosie.</stage>
	<l id="464" part="f">Oui, ricanez déjà.</l>
	<l id="465">Chercher ailleurs vos fous qui vous donnent à rire,</l>
	<l id="466">Ce n'est pas moi, toujours ; adieu, je me retire.</l>
	<l id="467">Vous apprendrez bientôt, Messieurs les Charlatans,</l>
	<l id="468">Avant d'en rire, au moins, à connaître vos gens.</l>
<stage type="toward">À Phlipotte.</stage>
	<l id="469">Allons, vous ; vous rêvez et bayez aux corneilles.</l>
	<l id="470">Jour de Dieu ! je saurai vous frotter les oreilles.</l>
	<l id="471" part="i">Marchons, gaupe, marchons. </l>
<stage type="exit">Elle sort.</stage>
</sp>
</div2>
<div2 type="scene" n='12'><head>SCÈNE XII. Sosie, Momus.</head>
<sp who='SOSIE'><speaker>SOSIE.</speaker>
	<l id="471" part="f">C'est pire qu'un Démon</l>
	<l id="472" part="i">Cette dame Pernelle. </l>
</sp>
<sp who="MOMUS"><speaker>MOMUS.</speaker>
	<l id="472" part="f">Elle a souvent raison.</l>
	<l id="473">Mais s'il ne vient jamais que des gens de Molière,</l>
	<l id="474">À Jupiter qui veut un nouveau caractère, </l>
	<l id="475" part="i">Que dire ?</l>
</sp>
<sp who='SOSIE'><speaker>SOSIE.</speaker>
	<l id="475" part="f">Que les gens de bon sens sont d'avis</l>
	<l id="476">Qu'on ne doit point changer, quand on craint d'être pis.</l>
</sp>
</div2>
<div2 type="scene" n='13'><head>SCÈNE XIII. Harpagon, Momus, Sosie.</head>
<sp who="HARPAGON"><speaker>HARPAGON.</speaker>
<p id="1">
	<s id="1">On lit dans votre adresse, Monsieur, que vous guérissez gratis ; et s'il n'y a point de friponnerie (comme il s'en rencontre toujours dans ces sortes d'écrits) il est tout naturel que vous me voyiez chez vous.</s>
</p>
</sp>
<sp who="MOMUS"><speaker>MOMUS.</speaker>
<p id='2'>
	<s id='1'>Il convient d'abord de savoir quel est le genre de votre maladie ? </s>
</p>
</sp>
<sp who="HARPAGON"><speaker>HARPAGON.</speaker>
<p id='3'>
	<s id='1'>Eh ! </s>
	<s id='2'>Ne le devinez-vous pas à mon air ?</s>
</p>
</sp>
<sp who="MOMUS"><speaker>MOMUS.</speaker>
<p id='4'>
	<s id='1'>Non... </s>
	<s id='2'>À moins que ce ne soit la goutte.</s>
</p>
</sp>
<sp who="HARPAGON"><speaker>HARPAGON.</speaker>
<p id='5'>
	<s id='1'>Vous moquez-vous ? </s>
	<s id='2'>Ai-je l'air d'un homme assez riche pour cette maladie-là ?</s>
</p>
</sp>
<sp who="MOMUS"><speaker>MOMUS.</speaker>
<p id='6'>
	<s id='1'>Le poumon ?</s>
</p>
</sp>
<sp who="HARPAGON"><speaker>HARPAGON.</speaker>
<p id='7'>
	<s id='1'>Non.</s>
</p>
</sp>
<sp who="MOMUS"><speaker>MOMUS.</speaker>
<p id='8'>
	<s id='1'>L'estomac ?</s>
</p>
</sp>
<sp who="HARPAGON"><speaker>HARPAGON.</speaker>
<p id='9'>
	<s id='1'>Non. </s>
</p>
</sp>
<sp who="SOSIE"><speaker>SOSIE.</speaker>
<p id='10'>
	<s id='1'>Vous verrez que ce sera la tête.</s>
</p>
</sp>
<sp who="HARPAGON"><speaker>HARPAGON.</speaker>
<p id='11'>
	<s id='1'>À l'autre ! </s>
	<s id='2'>Non. </s>
</p>
</sp>
<sp who="MOMUS"><speaker>MOMUS.</speaker>
<p id='12'>
	<s id='1'>M'y voilà. </s>
	<s id='2'>Le coeur ?</s>
</p>
</sp>
<sp who="HARPAGON"><speaker>HARPAGON.</speaker>
<p id='13'>
	<s id='1'>Non, non, non. </s>
	<s id='2'>De par tous les Diables, c'est dépenser bien du temps à se ruiner en questions. </s>
</p>
</sp>
<sp who="MOMUS"><speaker>MOMUS.</speaker>
<p id='14'>
	<s id='1'>Donnez-nous donc vous-même l'exemple de l'économie.</s>
</p>
</sp>
<sp who="HARPAGON"><speaker>HARPAGON.</speaker>
<p id='15'>
	<s id='1'>En deux mots le voici : c'est un appétit dévorant. </s>
	<s id='2'>Tout est fort cher à présent ; je me ruine pour vivre, et cela altère ma santé.</s>
</p>
</sp>
<sp who="MOMUS"><speaker>MOMUS.</speaker>
<p id='16'>
	<s id='1'>S'il ne faisait pas aussi cher mourir, je vous conseillerais, moi...</s>
</p>
</sp>
<sp who="HARPAGON"><speaker>HARPAGON.</speaker>
<p id='17'>
	<s id='1'>Et je ne le sais que trop. </s>
	<s id='2'>On n'a pas la moindre petite ressource ; mais enfin, voyons toujours de vos remèdes ; ils feront ce qu'ils pourront.</s>
</p>
</sp>
<sp who="MOMUS"><speaker>MOMUS.</speaker>
<p id='18'>
	<s id='1'>Vous prendrez...</s>
</p>
</sp>
<sp stage="dress/give" who='HARPAGON'><speaker>HARPAGON, tendant son chapeau.</speaker>
<p id='19'>
	<s id='1'>Tenez, mettez là-dedans.</s>
</p>
</sp>
<sp who="MOMUS"><speaker>MOMUS.</speaker>
<p id='20'>
	<s id='1'>De quoi ?</s>
</p>
</sp>
<sp who="HARPAGON"><speaker>HARPAGON.</speaker>
<p id='21'>
	<s id='1'>De vos drogues.</s>
</p>
</sp>
<sp stage="aparte" who='SOSIE'><speaker>SOSIE, à part.</speaker>
<p id='22'>
	<s id='1'>Il les irait vendre.</s>
</p>
</sp>
<sp who="MOMUS"><speaker>MOMUS.</speaker>
<p id='23'>
	<s id='1'>De mes drogues ? </s>
	<s id='2'>Je n'en donne point.</s>
</p>
</sp>
<sp who="HARPAGON"><speaker>HARPAGON.</speaker>
<p id='24'>
	<s id='1'>Et que diable donnez-vous donc ?</s>
</p>
</sp>
<sp who="MOMUS"><speaker>MOMUS.</speaker>
<p id='25'>
	<s id='1'>Des conseils.</s>
</p>
</sp>
<sp who="HARPAGON"><speaker>HARPAGON.</speaker>
<p id='26'>
	<s id='1'>Des conseils ? </s>
	<s id='2'>C'est-à-dire, des paroles ; mais voyez donc la belle merveille de donner des paroles gratis ! </s>
</p>
</sp>
<sp who="SOSIE"><speaker>SOSIE.</speaker>
<p id='27'>
	<s id='1'>Monsieur, Monsieur, ne vous moquez pas tant ; il y a bien des gens qui les vendent.</s>
</p>
</sp>
<sp who="MOMUS"><speaker>MOMUS.</speaker>
<p id='28'>
	<s id='1'>Eh ! </s>
	<s id='2'>Tenez, voilà Monsieur Trissotin qui vous en dira des nouvelles.</s>
</p>
</sp>
</div2>
<div2 type="scene" n='14'><head>SCÈNE XIV. Trissotin, et les acteurs précédents.</head>
<sp who="TRISSOTIN"><speaker>TRISSOTIN.</speaker>
	<l id="477">Qui de vous trois, Messieurs, est Médecin ? </l>
</sp>
<sp who='HARPAGON'><speaker>HARPAGON.</speaker>
	<l id="478" part="i">Ce n'est pas moi toujours.</l>
</sp>
<sp who='SOSIE'><speaker>SOSIE.</speaker>
	<l id="478" part="m">Ni moi non plus.</l>
</sp>
<sp who="TRISSOTIN"><speaker>TRISSOTIN.</speaker>
	<l id="478" part="f">Enfin,</l>
<stage type="toward">À Momus.</stage>
	<l id="479">Ce sera donc Monsieur. Sachez que ma présence</l>
	<l id="480">Peut ramener chez vous une heureuse abondance.</l>
</sp>
<sp stage="aparte" who='HARPAGON'><speaker>HARPAGON, à part.</speaker>
	<l id="481" part="i">Prenons-lui sa recette. </l>
</sp>
<sp who="TRISSOTIN"><speaker>TRISSOTIN.</speaker>
	<l id="481" part="f">Et ma prose et mes vers</l>
	<l id="482" part="i">Font un bruit assez grand.</l>
</sp>
<sp who="MOMUS"><speaker>MOMUS.</speaker>
	<l id="482" part="m">Où ?</l>
</sp>
<sp who="TRISSOTIN"><speaker>TRISSOTIN.</speaker>
	<l id="482" part="f">Dans tout l'univers. </l>
</sp>
<sp who='HARPAGON'><speaker>HARPAGON.</speaker>
<stage type="aparte">À part.</stage>
	<l id="483" part="i">Quel fou !</l>
<stage type="toward">À Momus.</stage>
	<l id="483" part="f">Quand un conseil me sera nécessaire, </l>
	<l id="484">Monsieur, je viendrai vous revoir.</l>
	<l id="485">Je vois bien que chez vous je n'ai plus rien à faire,</l>
	<l id="486">Et je vous prête le bon soir.</l>
<stage type="expression/exit">Il regarde Trissotin en haussant les épaules, et sort.</stage>
</sp>
</div2>
<div2 type="scene" n='15'><head>SCÈNE XV. Trissotin, Sosie, Momus.</head>
<sp stage="laugh" who='TRISSOTIN'><speaker>TRISSOTIN, en ricanant.</speaker>
	<l id="487">D'honneur, je crois que c'est l'Avare de Molière ;</l>
	<l id="488">Ô le plaisant original ! </l>
</sp>
<sp stage="aparte" who='SOSIE'><speaker>SOSIE, à Trissotin.</speaker>
	<l id="489">Vous l'avez deviné ? Ce n'est pas voir trop mal,</l>
	<l id="490">Et vous ne lui ressemblez guère.</l>
</sp>
<sp who="TRISSOTIN"><speaker>TRISSOTIN.</speaker>
	<l id="491">À son propos qui ne le connaîtrait ?</l>
</sp>
<sp stage="toward" who='SOSIE'><speaker>SOSIE, à Momus.</speaker>
	<l id="492">Mais revenons au bruit dont Monsieur nous parlait. </l>
</sp>
<sp stage="toward" who='TRISSOTIN'><speaker>TRISSOTIN, à Momus.</speaker>
	<l id="493">On lit avec fureur mon recueil d'épigrammes</l>
	<l id="494">Contre les Beaux esprits, les savants et les femmes.</l>
	<l id="495" part="i">L'avez-vous lu, Monsieur ?</l>
</sp>
<sp who="MOMUS"><speaker>MOMUS.</speaker>
	<l id="495" part="m">Qui ? moi ? </l>
</sp>
<sp who="TRISSOTIN"><speaker>TRISSOTIN.</speaker>
	<l id="495" part="m">Vous. </l>
</sp>
<sp who="MOMUS"><speaker>MOMUS.</speaker>
	<l id="495" part="f">Point du tout.</l>
</sp>
<sp who="TRISSOTIN"><speaker>TRISSOTIN.</speaker>
	<l id="496">Tant pis pour vous. Jamais la justesse et le goût</l>
	<l id="497">N'ont d'un si grand éclat brillé dans la critique,</l>
	<l id="498">Et tout homme occupé de la chose publique,</l>
	<l id="499">Poète, Médecin, Artiste, Bel esprit,</l>
	<l id="500">Ne peut être estimé qu'autant que je l'ai dit.</l>
</sp>
<sp who="MOMUS"><speaker>MOMUS.</speaker>
	<l id="501">Seriez-vous, par hasard, un de ces gens sans titres,</l>
	<l id="502">Qu'on a vu depuis peu s'ériger en arbitres</l>
	<l id="503">Du goût et des talents qu'ils ne peuvent avoir ? </l>
</sp>
<sp who="TRISSOTIN"><speaker>TRISSOTIN.</speaker>
	<l id="504">Chacun peut, à son gré, s'arroger ce pouvoir.</l>
</sp>
<sp who="MOMUS"><speaker>MOMUS.</speaker>
	<l id="505">Contre cette manie, et folle et singulière,</l>
	<l id="506">Que vous êtes heureux qu'on n'ait plus de Molière !</l>
	<l id="507">Il vous corrigerait bien vite à vos dépens.</l>
</sp>
<sp who="TRISSOTIN"><speaker>TRISSOTIN.</speaker>
	<l id="508">Bon ! Molière et Boileau, propos de vieilles gens !</l>
	<l id="509">On fut dupe autrefois de leur verve caustique.</l>
	<l id="510">Qu'était-ce dans le fond ? Rien que du vieux comique ;</l>
	<l id="511">Tous nos honnêtes gens font blasés là-dessus,</l>
	<l id="512">Et la preuve, tenez, c'est que l'on n'en fait plus.</l>
</sp>
</div2>
<div2 type="scene" n='16'><head>SCÈNE XVI. Alceste, et les acteurs précédents.</head>
<sp stage="loud" who='SOSIE'><speaker>SOSIE, annonçant</speaker>
	<l id="513" part="i">Monsieur Alceste. </l>
</sp>
<sp stage="leave/sit" who='MOMUS'><speaker>MOMUS, quitte brusquement Trissotin, et va recevoir Alceste avec beaucoup de respect, et veut le faire asseoir dans le fauteuil de Molière.</speaker>
	<l id="513" part="m">Oh ! Oh !</l>
</sp>
<sp who="ALCESTE"><speaker>ALCESTE.</speaker>
	<l id="513" part="f">Point de cérémonie ;</l>
	<l id="514">Supprimez avec moi les façons, je vous prie.</l>
</sp>
<sp who="MOMUS"><speaker>MOMUS.</speaker>
	<l id="515" part="i">Je sais trop le respect...</l>
</sp>
<sp who="ALCESTE"><speaker>ALCESTE.</speaker>
	<l id="515" part="f">Je veux être debout.</l>
</sp>
<sp stage="stress" who='MOMUS'><speaker>MOMUS, insistant.</speaker>
	<l id="516" part="i">Monsieur.</l>
</sp>
<sp stage="stress" who='SOSIE'><speaker>SOSIE, de même.</speaker>
	<l id="516" part="m">Monsieur. </l>
</sp>
<sp who="TRISSOTIN"><speaker>TRISSOTIN.</speaker>
	<l id="516" part="f">Laissez chacun vivre à son goût.</l>
</sp>
<sp stage="decor" who='SOSIE'><speaker>SOSIE, retire le fauteuil.</speaker>
	<l id="517" part="i">Enfin.</l>
</sp>
<sp stage="show" who='ALCESTE'><speaker>ALCESTE, montrant Trissotin.</speaker>
	<l id="517" part="f">Monsieur, sans doute, est un de vos confrères ? </l>
</sp>
<sp who="MOMUS"><speaker>MOMUS.</speaker>
	<l id="518" part="i">À peu de chose près.</l>
</sp>
<sp who="TRISSOTIN"><speaker>TRISSOTIN.</speaker>
	<l id="518" part="f">Je hais trop les chimères,</l>
	<l id="519">Pour oser tourmenter par des remèdes vains</l>
	<l id="520">Les jours infortunés des malheureux humains. </l>
</sp>
<sp who="ALCESTE"><speaker>ALCESTE.</speaker>
	<l id="521" part="i">Vous les plaignez donc ?</l>
</sp>
<sp who="TRISSOTIN"><speaker>TRISSOTIN.</speaker>
	<l id="521" part="m">Moi ?</l>
</sp>
<sp who="ALCESTE"><speaker>ALCESTE.</speaker>
	<l id='521' part="f">Pour moi, je les déteste.</l>
</sp>
<sp who="TRISSOTIN"><speaker>TRISSOTIN.</speaker>
	<l id="522" part="i">Oh ! J'en fais bien autant.</l>
</sp>
<sp who="ALCESTE"><speaker>ALCESTE.</speaker>
	<l id="522" part="f">De leur rage funeste</l>
	<l id="523">Je prétends par la suite au moins me garantir.</l>
	<l id="524">Mais de ce monde affreux avant que de sortir,</l>
	<l id="525">J'ai voulu, par mes yeux, faire l'expérience,</l>
	<l id="526">Si je pourrais trouver dans la veste science</l>
	<l id="527">Qu'on voit briller en vous, (à ce que chacun dit,)</l>
	<l id="528">Le moyen de fixer un doute qui m'aigrit.</l>
	<l id="529">Dites-moi donc, Messieurs, si mon humeur austère</l>
	<l id="530">Vient de tempérament, ou bien de caractère ?</l>
</sp>
<sp who="MOMUS"><speaker>MOMUS.</speaker>
	<l id="531" part="i">Monsieur...</l>
</sp>
<sp who="ALCESTE"><speaker>ALCESTE.</speaker>
	<l id="531" part="m">Vous hésitez, Monsieur ?</l>
</sp>
<sp who="TRISSOTIN"><speaker>TRISSOTIN.</speaker>
	<l id="531" part="f">On peut, je crois ;</l>
	<l id="532">Expliquer tout cela par de certaines lois.</l>
</sp>
<sp who="ALCESTE"><speaker>ALCESTE.</speaker>
	<l id="533" part="i">Voyons un peu ces lois.</l>
</sp>
<sp who="TRISSOTIN"><speaker>TRISSOTIN.</speaker>
	<l id="533" part="f">En entrant dans le monde,</l>
	<l id="534">Les vices, les travers dont notre espèce abonde</l>
	<l id="535" part="i">Inspirent la pitié.....</l>
</sp>
<sp who="ALCESTE"><speaker>ALCESTE.</speaker>
	<l id="535" part="f">Dites plutôt, l'horreur.</l>
	<l id="536">Des hommes sans vertu, des femmes sans pudeur,</l>
	<l id="537">Des obscurs parvenus l'insolente bassesse,</l>
	<l id="538">Des jeunes gens tarés la dégoûtante ivresse ;</l>
	<l id="539">De nos femmes de bien l'horrible fausseté,</l>
	<l id="540">De nos frêles Auteurs l'auguste vanité,</l>
	<l id="541">Des vices affichés la morgue fastueuse</l>
	<l id="542">Rallument dans mon coeur la haine vigoureuse</l>
	<l id="543">Qu'à ces excès cruels doit tout homme bien né.</l>
</sp>
<sp who="TRISSOTIN"><speaker>TRISSOTIN.</speaker>
	<l id="544">A penser comme vous je me sens destiné,</l>
	<l id="545">Et la même fureur dans mon âme s'élève ;</l>
	<l id="546">Mon coeur la commença, votre tableau l'achève :</l>
	<l id="547">Il est temps que je montre à tous nos Beaux esprits</l>
	<l id="548">Ce que je sens pour eux de haine et de mépris,</l>
	<l id="549">Et joignant le sarcasme au fiel de la satire....</l>
</sp>
<sp who="ALCESTE"><speaker>ALCESTE.</speaker>
	<l id="550">La satire, Monsieur ? que voulez-vous donc dire !</l>
</sp>
<sp who="TRISSOTIN"><speaker>TRISSOTIN.</speaker>
	<l id="551" part="i">Ne craignez rien Monsieur pour vous-même. </l>
</sp>
<sp who="ALCESTE"><speaker>ALCESTE.</speaker>
	<l id="551" part="f">Et pourquoi ?</l>
</sp>
<sp who="TRISSOTIN"><speaker>TRISSOTIN.</speaker>
	<l id="552">C'est que vous paraissez du même avis que moi.</l>
</sp>
<sp who="ALCESTE"><speaker>ALCESTE.</speaker>
	<l id="553">Et cela fût-il vrai, vous auriez la bassesse</l>
	<l id="554">D'aller aux yeux de tous encenser ma faiblesse !</l>
</sp>
<sp who="TRISSOTIN"><speaker>TRISSOTIN.</speaker>
	<l id="555">Nous savons là-dessus ce qui nous est permis ;</l>
	<l id="556">Nul ne doit être honnête, hors nous et nos amis.</l>
</sp>
<sp who="ALCESTE"><speaker>ALCESTE.</speaker>
	<l id="557">Et vous osez prétendre à l'estime publique ?</l>
</sp>
<sp who="TRISSOTIN"><speaker>TRISSOTIN.</speaker>
	<l id="558">Pourquoi non, s'il vous plaît ? Sachez que la critique</l>
	<l id="559" part="i">Est utile pour moi.</l>
</sp>
<sp who="ALCESTE"><speaker>ALCESTE.</speaker>
	<l id="559" part="m">Je le vois.</l>
</sp>
<sp who="TRISSOTIN"><speaker>TRISSOTIN.</speaker>
	<l id="559" part="f">Et pour l'art.</l>
	<l id="560">Il faut se faire un nom, je vous parle sans fard.</l>
</sp>
<sp who="ALCESTE"><speaker>ALCESTE.</speaker>
	<l id="561">Quel nom ! Ainsi que vous, je parlerai sans feinte.</l>
	<l id="562">Recueillir les mépris en répandant la crainte,</l>
	<l id="563">N'est pas, à mon avis un fort joli métier ;</l>
	<l id="564">Et j'estime bien plus l'honnête Savetier,</l>
	<l id="565">Qui, tranquille en un coin sans offenser personne,</l>
	<l id="566">Gagne, tout en chantant, le pain que je lui donne,</l>
	<l id="567">Que celui dont le coeur, aussi bas que l'esprit, </l>
	<l id="568">Ose insulter en lâche au talent dont il vit.</l>
</sp>
<sp stage="offended" who='TRISSOTIN'><speaker>TRISSOTIN, outré.</speaker>
	<l id="569" part="i">Vous apprendrez bientôt...</l>
<stage type="exit">Il sort par la porte qui va chez Thalie.</stage>
</sp>
</div2>
<div2 type="scene" n='17'><head>SCÈNE XVII. Alceste, Sosie, Momus.</head>
<sp who="ALCESTE"><speaker>ALCESTE.</speaker>
	<l id="569" part="f">L'exécrable folie !</l>
	<l id="570">Voilà, voilà des gens à livrer à Thalie.</l>
</sp>
<sp who="SOSIE"><speaker>SOSIE.</speaker>
	<l id="571" part="i">On l'y verra.</l>
</sp>
<sp who="MOMUS"><speaker>MOMUS.</speaker>
	<l id="571" part="f">Comment, avec si peu d'esprit, </l>
	<l id="572">Ce petit homme a-t-il une telle arrogance ?</l>
</sp>
<sp who="ALCESTE"><speaker>ALCESTE.</speaker>
	<l id="573">C'est en pesant son importance</l>
	<l id="574">Au poids du fatras qu'il écrit.</l>
<stage type="exit">Il sort.</stage>
</sp>
</div2>
<div2 type="scene" n='18'><head>SCÈNE XVIII. Momus, Sosie.</head>
<sp who="MOMUS"><speaker>MOMUS.</speaker>
	<l id="575">Quoi donc ? Quand nous cherchons un nerveux caractère,</l>
	<l id="576">Nous ne verrons ici que des gens de Molière ?</l>
</sp>
<sp who="SOSIE"><speaker>SOSIE.</speaker>
	<l id="577" part="i">Je vous l'avais bien dit.</l>
</sp>
<sp who="MOMUS"><speaker>MOMUS.</speaker>
	<l id="577" part="f">Dois-je écouter un fat ?</l>
</sp>
<sp who="SOSIE"><speaker>SOSIE.</speaker>
	<l id="578">Tous les discours sont des sottises,</l>
	<l id="579">Venant d'un homme sans éclat :</l>
	<l id="580">Ce seraient paroles exquises,</l>
	<l id="581">Si c'était un Grand qui parlât. </l>
<p id='1'>
	<s id='1'>Voilà encore des femmes : je voudrais, pour beaucoup, qu'elles fussent aussi de Molière.</s>
</p>
</sp>
</div2>
<div2 type="scene" n='19'><head>SCÈNE XIX. Angélique, Claudine, Clitandre, Momus, Sosie.</head>
<sp stage="toward" who="ANGÉLIQUE"><speaker>ANGÉLIQUE, à Claudine.</speaker>
<p id='1'>
	<s id='1'>Restez à cette porte, petite fille, et si par malheur vous voyez arriver mon bourgeois de Mari, Monsieur George Dandin, vous nous avertirez ; entendez-vous ?</s>
</p>
</sp>
<sp who='CLAUDINE'><speaker>CLAUDINE.</speaker>
<p id='2'>
	<s id='1'>Cela suffit, Madame ; faudra-t-il lui dire que vous êtes venue avec Monsieur ?</s>
</p>
</sp>
<sp who="ANGÉLIQUE"><speaker>ANGÉLIQUE.</speaker>
<p id='3'>
	<s id='1'>Eh ! </s>
	<s id='2'>Non, petite sotte.</s>
</p>
</sp>
<sp stage="toward" who='CLITANDRE'><speaker>CLITANDRE, à Angélique.</speaker>
<p id='4'>
	<s id='1'>Voilà, Madame, le fameux Médecin dont on a tant parlé ce matin chez Monsieur_le_Baron de Sotenville, Monsieur votre père.</s>
</p>
</sp>
<sp stage="toward" who="ANGÉLIQUE"><speaker>ANGÉLIQUE, à Momus.</speaker>
<p id='5'>
	<s id='1'>Monsieur, parmi les secrets merveilleux que vous avez apportés des Pays Étrangers, je désirerais bien qu'il y eût une recette contre les migraines de l'espèce de la mienne ; votre fortune serait faite. </s>
	<s id='2'>Ensuite des vapeurs dont j'ai été dévorée, il m'en est resté une qui revient régulièrement tous les jours à la même heure.</s>
</p>
</sp>
<sp who="MOMUS"><speaker>MOMUS.</speaker>
<p id='6'>
	<s id='1'>Et quelle est cette heure-là ?</s>
</p>
</sp>
<sp who="ANGÉLIQUE"><speaker>ANGÉLIQUE.</speaker>
<p id='7'>
	<s id='1'>Dans ce temps-ci, environ six heures du soir.</s>
</p>
</sp>
<sp who="MOMUS"><speaker>MOMUS.</speaker>
<p id='8'>
	<s id='1'>Et vous n'imaginez point de cause étrangère à laquelle vous puissiez attribuer le retour de cette migraine.</s>
</p>
</sp>
<sp who='CLITANDRE'><speaker>CLITANDRE.</speaker>
<p id='9'>
	<s id='1'>Madame ne voit ordinairement à cette heure-là que son, mari, qui revient de ses courses vers la fin du jour, et je crois avoir remarqué que, l'été, les attaques sont moins longues.</s>
</p>
</sp>
<sp stage="toward" who='MOMUS'><speaker>MOMUS, à Angélique.</speaker>
<p id='10'>
	<s id='1'>Madame, vous êtes bienheureuse d'avoir auprès de vous un observateur comme Monsieur, et quand on connaît aussi bien les symptômes d'une maladie, il est aisé de la guérir.</s>
</p>
</sp>
<sp stage="toward" who='CLITANDRE'><speaker>CLITANDRE, à Angélique.</speaker>
<p id='11'>
	<s id='1'>Madame, vous entendez ?</s>
</p>
</sp>
<sp who="ANGÉLIQUE"><speaker>ANGÉLIQUE.</speaker>
<p id='12'>
	<s id='1'>À merveille, Monsieur.</s>
</p>
</sp>
<sp stage="run" who='CLAUDINE'><speaker>CLAUDINE, accourant.</speaker>
<p id='13'>
	<s id='1'>Le voilà ! </s>
	<s id='2'>Le voilà !</s>
</p>
</sp>
<sp who="MOMUS"><speaker>MOMUS.</speaker>
<p id='14'>
	<s id='1'>Qui donc ? </s>
	<s id='2'>Qui donc ?</s>
</p>
</sp>
<sp who="ANGÉLIQUE"><speaker>ANGÉLIQUE.</speaker>
<p id='15'>
	<s id='1'>Clitandre ? </s>
	<s id='2'>Mon mari ?</s>
</p>
</sp>
<sp stage="stage" who='MOMUS'><speaker>MOMUS, à part.</speaker>
<p id='16'>
	<s id='1'>Et la migraine ? </s>
</p>
</sp>
</div2>
<div2 type="scene" n='20'><head>SCÈNE XX. George Dandin, et les Acteurs précédents.</head>
<sp stage="entrance/toward" who='GEORGE DANDIN'><speaker>GEORGE DANDIN, en entrant, à sa femme.</speaker>
<p id='1'>
	<s id='1'>Il sera donc dit, Madame, que vous ne sortirez jamais sans avoir Monsieur avec vous ? </s>
	<s id='2'>Est-ce que votre servante Claudine ne suffit pas ?</s>
</p>
</sp>
<sp who="ANGÉLIQUE"><speaker>ANGÉLIQUE.</speaker>
<p id='2'>
	<s id='1'>Une femme comme moi, Monsieur, ne saurait sortir sans avoir quelqu'un qui lui donne la main, et je vous déclare positivement que, tant que vous ne me donnerez pas un Laquais, je prierai Monsieur de m'accompagner, ne fût-ce que pour aller chez Monsieur_le_Baron de Sotenville.</s>
</p>
</sp>
<sp who='GEORGE DANDIN'><speaker>GEORGE DANDIN.</speaker>
<p id='3'>
	<s id='1'>Voilà bien les impertinences auxquelles je dois m'attendre. </s>
	<s id='2'>Ah ! </s>
	<s id='3'>Pauvre George Dandin ! </s>
	<s id='4'>Tu l'as voulu ; à qui te plaindre ? </s>
	<s id='5'>Tu le sais bien toi, Claudine.</s>
</p>
</sp>
<sp who='CLAUDINE'><speaker>CLAUDINE.</speaker>
<p id='4'>
	<s id='1'>Moi, Monsieur ! </s>
	<s id='2'>Je ne sais rien.</s>
</p>
</sp>
<sp who='GEORGE DANDIN'><speaker>GEORGE DANDIN.</speaker>
<p id='5'>
	<s id='1'>Non, Madame : il ne sera pas dit que vous me manquiez toujours de la sorte ; je porterai mes plaintes, il faudra en venir à une séparation. </s>
</p>
</sp>
<sp who="MOMUS"><speaker>MOMUS.</speaker>
<p id='6'>
	<s id='1'>Vous paierez encore ces frais-là, au moins.</s>
</p>
</sp>
<sp who='GEORGE DANDIN'><speaker>GEORGE DANDIN.</speaker>
<p id='7'>
	<s id='1'>Et n'est-ce pas moi qui fais les frais de tout.</s>
</p>
</sp>
<sp stage="toxard" who='ANGÉLIQUE'><speaker>ANGÉLIQUE, à son mari.</speaker>
<p id='8'>
	<s id='1'>Vous avez bonne grâce de vous plaindre ; ce serait moi qui devrais le faire : moi qui ai été sacrifiée, moi qui pouvais épouser un homme de qualité.</s>
</p>
</sp>
</div2>
<div2 type="scene" n='21'><head>SCÈNE XXI. Monsieur Jourdain, et les acteurs précédents.</head>
<sp stage="entrance/decor/hide" who='MONSIEUR JOURDAIN'><speaker>MONSIEUR JOURDAIN, entre en chaise à porteur. En entendant les derniers mots de la scène avant de sortir de sa chaise, dont les stores sont baissés, il dit :</speaker>
<p id='1'>
	<s id='1'>Un homme de qualité ! </s>
	<s id='2'>Qui est-ce qui parle de moi, là ?</s>
</p>
<stage type="entrance">Sortant de sa chaise.</stage>
<p id='2'>
	<s id='1'>Eh ! </s>
	<s id='2'>Bien, qu'est-ce, mes amis ? </s>
	<s id='3'>Voyons, me voilà.</s>
</p>
</sp>
<sp who="MOMUS"><speaker>MOMUS.</speaker>
<p id='3'>
	<s id='1'>Oh ! </s>
	<s id='2'>Oh ! </s>
	<s id='3'>Eh ! </s>
	<s id='4'>C'est Monsieur Jourdain, en robe de chambre ! </s>
	<s id='5'>En cet équipage, venez-vous du bal ? </s>
</p>
</sp>
<sp who='MONSIEUR JOURDAIN'><speaker>JOURDAIN.</speaker>
<p id='4'>
	<s id='1'>Non : je sors de chez Poitevin ; c'est le rendez-vous des gens les plus qualifiés : et...</s>
</p>
</sp>
<sp who='MOMUS'><speaker>MOMUS.</speaker>
<p id='5'>
	<s id='1'>Et vous n'avez garde de ne pas vous y trouver ?</s>
</p>
</sp>
<sp who='MONSIEUR JOURDAIN'><speaker>JOURDAIN.</speaker>
<p id='6'>
	<s id='1'>Vous croyez peut-être que c'est par ton ? </s>
	<s id='2'>Point du tout ; et si ce n'était pour des raisons de santé...</s>
</p>
</sp>
<sp who="MOMUS"><speaker>MOMUS.</speaker>
<p id='7'>
	<s id='1'>Vous paraissez pourtant vous porter à merveille.</s>
</p>
</sp>
<sp who='MONSIEUR JOURDAIN'><speaker>JOURDAIN.</speaker>
<p id='8'>
	<s id='1'>N'est-ce pas qu'on ne voit guère de gens de qualité se porter aussi bien que moi ?</s>
</p>
</sp>
<sp who="MOMUS"><speaker>MOMUS.</speaker>
<p id='9'>
	<s id='1'>Je ne peux pas vous dissimuler que cet embonpoint a l'air un peu bourgeois. </s>
</p>
</sp>
<sp who='MONSIEUR JOURDAIN'><speaker>JOURDAIN.</speaker>
<p id='10'>
	<s id='1'>Que je suis malheureux ! </s>
	<s id='2'>Allez, allez, laissez-moi faire, j'y mettrai bon ordre ; en vous comptant, voilà le huitième Médecin que je vois.</s>
</p>
</sp>
<sp stage="aparte" who='SOSIE'><speaker>SOSIE, à part.</speaker>
<p id='11'>
	<s id='1'>Quand nous serons à dix, nous ferons une croix.</s>
</p>
</sp>
<sp stage="toward" who='MOMUS'><speaker>MOMUS, à Jourdain.</speaker>
<p id='12'>
	<s id='1'>Peste ! </s>
	<s id='2'>Vous devez avoir un tempérament de fer.</s>
</p>
</sp>
<sp who='MONSIEUR JOURDAIN'><speaker>JOURDAIN.</speaker>
<p id='13'>
	<s id='1'>Ce qu'il y a de plus désolant pour moi, c'est que je n'ai pas même la ressource des chagrins pour maigrir. </s>
	<s id='2'>Ma femme est morte.</s>
</p>
</sp>
<sp who="MOMUS"><speaker>MOMUS.</speaker>
<p id='14'>
	<s id='1'>Cette pauvre Madame Jourdain ! </s>
	<s id='2'>Et de quoi ?</s>
</p>
</sp>
<sp who='MONSIEUR JOURDAIN'><speaker>JOURDAIN.</speaker>
<p id='15'>
	<s id='1'>De jalousie : parce que les Maîtresses de mes amis de la Cour auxquels je prête quelquefois de l'argent venaient chez moi ; et que je suis un peu aimable, elle s'est allé fourrer dans la tête... </s>
	<s id='2'>Enfin elle est morte, et me voilà veuf.</s>
</p>
</sp>
<sp who="MOMUS"><speaker>MOMUS.</speaker>
<p id='16'>
	<s id='1'>Et prêt à vous remarier ?</s>
</p>
</sp>
<sp who='MONSIEUR JOURDAIN'><speaker>JOURDAIN.</speaker>
<p id='17'>
	<s id='1'>C'est selon ; je ne dis pas que, si je trouvais une personne d'une certaine façon... </s>
	<s id='2'>Quelle est cette Dame-là ?</s>
</p>
</sp>
<sp who="MOMUS"><speaker>MOMUS.</speaker>
<p id='18'>
	<s id='1'>C'est une Dame de qualité avec son mari.</s>
</p>
</sp>
<sp who='MONSIEUR JOURDAIN'><speaker>JOURDAIN.</speaker>
<p id='19'>
	<s id='1'>Une Dame de qualité ? </s>
	<s id='2'>Et c'est son mari, ça ?</s>
</p>
</sp>
<sp who='SOSIE'><speaker>SOSIE.</speaker>
<p id='20'>
	<s id='1'>Pourquoi vous en moquer ? </s>
	<s id='2'>Est-ce que Monsieur n'en a pas bien la mine, oui ?</s>
</p>
</sp>
<sp who='MONSIEUR JOURDAIN'><speaker>JOURDAIN.</speaker>
<p id='21'>
	<s id='1'>Vous allez voir. </s>
	<s id='2'>Madame, que je suis fâché que vous soyez tombée en de si pauvres mains ! </s>
	<s id='3'>Mais, en vérité, c'est un meurtre : j'espère au moins que vous ne faites pas l'honneur à Monsieur de le traiter comme votre mari ?</s>
</p>
</sp>
<sp who="ANGÉLIQUE"><speaker>ANGÉLIQUE.</speaker>
<p id='22'>
	<s id='1'>Hélas ! </s>
	<s id='2'>Pardonnez-moi. </s>
	<s id='3'>Malheureusement, j'ai été trop bien élevée pour manquer à mes devoirs.</s>
</p>
</sp>
<sp who="SOSIE"><speaker>SOSIE.</speaker>
<p id='23'>
	<s id='1'>Aussi elle le déteste.</s>
</p>
</sp>
</div2>
<div2 type="scene" n="22"><head>SCÈNE XXII. Les Acteurs précédents, Thalie, Tartuffe, Trissotin.</head>
<stage type="stress">Ces deux derniers sont fort empressés autour de Thalie.</stage>
<sp stage="toward" who="THALIE"><speaker>THALIE, à tous deux.</speaker>
	<l id="582">Vous me pressez en vain : ce n'est qu'aux yeux de tous</l>
	<l id="583">Que je peux donner à connaître</l>
	<l id="584">Les sentiments qu'en moi votre ardeur a fait naître :</l>
	<l id="585" part="i">Encore je crains... </l>
</sp>
<sp who="TARTUFFE"><speaker>TARTUFFE.</speaker>
	<l id="585" part="f">Peut-on craindre de nous ? ...</l>
</sp>
<sp who="THALIE"><speaker>THALIE.</speaker>
	<l id="586">Oui, je crains qu'un transport jaloux</l>
	<l id="587">Dans ce moment ne fasse disparaître</l>
	<l id="588">L'amitié qui règne entre vous ;</l>
	<l id="589" part="i">Car vous êtes amis...</l>
</sp>
<sp who="MOMUS"><speaker>MOMUS.</speaker>
	<l id='589' part="f">Et très dignes de l'être.</l>
</sp>
<sp who="THALIE"><speaker>THALIE.</speaker>
	<l id="590">Avant de m'expliquer, jurez à mes genoux,</l>
	<l id="591">Que l'un de vous, sans haine et sans envie,</l>
	<l id="592">Dans cet instant, par force abandonné,</l>
	<l id="593">Verra son rival fortuné</l>
	<l id="594">Triompher avec modestie.</l>
</sp>
<sp who="TRISSOTIN"><speaker>TRISSOTIN.</speaker>
	<l id="595">Oh ! De grand coeur, nous le jurons.</l>
</sp>
<sp stage="aparte" who="TARTUFFE"><speaker>TARTUFFE, à part.</speaker>
	<l id="596">Jurons toujours ; ensuite nous verrons.</l>
</sp>
<sp who="THALIE"><speaker>THALIE.</speaker>
	<l id="597">Quoi ! N'acceptez-vous pas ce que je vous propose ?</l>
</sp>
<sp who="TARTUFFE"><speaker>TARTUFFE.</speaker>
	<l id="598">La volonté du Ciel soit faite en toute chose.</l>
</sp>
<sp stage="toward" who="THALIE"><speaker>THALIE, à Tartuffe.</speaker>
	<l id="599">Partager sa bouche et son coeur</l>
	<l id="600">Entre les vertus et les vices</l>
	<l id="601">Me paraît un excès d'horreur,</l>
	<l id="602">Dont vous avez trop de complices.</l>
<stage type="show">Montrant Trissotin.</stage>
	<l id="603" part="i">Au moins Monsieur...</l>
</sp>
<sp stage="interrupt/happy/aparte" who="TRISSOTIN"><speaker>TRISSOTIN, interrompant d'un air de satisfaction, et à part.</speaker>
	<l id="603" part="f">Je le savais bien, moi. </l>
</sp>
<sp stage="continur" who="THALIE"><speaker>THALIE, reprenant.</speaker>
	<l id="604">Au moins, Monsieur, d'une feinte inutile </l>
	<l id="605">Ne s'est pas imposé la Loi ;</l>
	<l id="606">Et le poison que sa plume distille</l>
	<l id="607">Est un crime de bonne foi.</l>
</sp>
<sp who="MOMUS"><speaker>MOMUS.</speaker>
	<l id="608">Les voilà bien payés chacun en leurs espèces. </l>
</sp>
<sp who="SOSIE"><speaker>SOSIE.</speaker>
	<l id="609">Pour vous guérir de vos faiblesses,</l>
	<l id="610">Cet avis-là vous paraît-il suspect ?</l>
</sp>
<sp who="TRISSOTIN"><speaker>TRISSOTIN.</speaker>
	<l id="611" part="i">J'écrirai...</l>
</sp>
<sp who="TARTUFFE"><speaker>TARTUFFE.</speaker>
	<l id="611" part="m">Je dirai...</l>
</sp>
<sp who="TRISSOTIN"><speaker>TRISSOTIN.</speaker>
	<l id="611" part="f">Vous apprendrez, ma mie...</l>
</sp>
<sp who="THALIE"><speaker>THALIE.</speaker>
	<l id="612">Tout beau, Messieurs ; vous manquez de respect :</l>
<stage type="show">Montrant son masque.</stage>
	<l id="613">Sous ces traits connaissez Thalie.</l>
</sp>
<sp who="TRISSOTIN"><speaker>TRISSOTIN.</speaker>
	<l id="614" part="i">Ô Ciel !</l>
</sp>
<sp who="TARTUFFE"><speaker>TARTUFFE.</speaker>
	<l id="614" part="m">Je suis perdu ! </l>
</sp>
<sp who="MONSIEUR JOURDAIN"><speaker>MONSIEUR JOURDAIN.</speaker>
	<l id="614" part="f">Je la trouve jolie,</l>
	<l id="615">Malgré son petit air tant soi peu goguenard ;</l>
	<l id="616">Et ces yeux éveillés m'inspirent pour ma part</l>
	<l id="617">Certain désir de faire une folie.</l>
</sp>
<sp who="SOSIE"><speaker>SOSIE.</speaker>
	<l id="618">Votre Marquise si jolie,</l>
	<l id="619">Convenez-en, Monsieur Jourdain,</l>
	<l id="620">N'avait pas ce regard malin, </l>
	<l id="621">Ni cette mine réjouie.</l>
</sp>
<sp who="MONSIEUR JOURDAIN"><speaker>MONSIEUR JOURDAIN.</speaker>
	<l id="622">Non, sans doute ; enfin l'on sait bien </l>
	<l id="623">Qu'une mortelle, ce n'est rien</l>
	<l id="624">Auprès de la moindre Déesse, </l>
	<l id="625">Fût-elle-même et Marquise et Princesse.</l>
</sp>
<sp who="MOMUS"><speaker>MOMUS.</speaker>
	<l id="626">Bravo ! L'ami Jourdain ! C'est parler tout au mieux ;</l>
	<l id="627">Je ne répondrais pas qu'un jour au rang des Dieux</l>
	<l id="628">Avec éclat on ne vous vit paraître.</l>
</sp>
<sp who="MONSIEUR JOURDAIN"><speaker>MONSIEUR JOURDAIN.</speaker>
	<l id="629" part="i">Quoi ! Cela se pourrait ?</l>
</sp>
<sp who="MOMUS"><speaker>MOMUS.</speaker>
	<l id="629" part="f">Vous en êtes le maître :</l>
	<l id="630" part="i">Il ne faut seulement...</l>
</sp>
</div2>
<div2 type="scene" n="23"><head>SCÈNE XXIII. Lélie, et les Acteurs précédents.</head>
<sp stage="run" who="LÉLIE"><speaker>LÉLIE, accourant.</speaker>
	<l id="630" part="f">Craignez tous le Docteur ;</l>
	<l id="631">Il n'est pas Médecin, ce n'est qu'un imposteur :</l>
	<l id="632">Je le sais par la voix commune.</l>
</sp>
<sp who="SOSIE"><speaker>SOSIE.</speaker>
	<l id="633" part="i">Peste de l'étourdi ! </l>
<stage type="toward">À Lélie.</stage>
	<l id="633" part="f">Monsieur, d'un tour de main,</l>
	<l id="634">Par votre présence importune, </l>
	<l id="635">Vous faites perdre au bon Monsieur Jourdain</l>
	<l id="636">La plus éclatante fortune.</l>
</sp>
<sp who="LÉLIE"><speaker>LÉLIE.</speaker>
	<l id="637">J'en suis désespéré, d'honneur ;</l>
	<l id="638">Car je n'ai pas cette basse manie</l>
	<l id="639">De nuire avec gaîté de coeur,</l>
	<l id="640">Et j'ai fait une étourderie.</l>
</sp>
<sp who="THALIE"><speaker>THALIE.</speaker>
	<l id="641" part="i">Vous le deviez...</l>
<stage type="toward">À tous les Acteurs.</stage>
	<l id="641" part="f">Rendez grâce aux bienfaits</l>
	<l id="642">Que répandit sur vous un immortel génie,</l>
	<l id="643">En vous peignant de ces grands traits </l>
	<l id="644">Que les fureurs du Temps, ni celles de l'Envie </l>
	<l id="645">Ne pourront effacer jamais.</l>
</sp>
<sp who="MOMUS"><speaker>MOMUS.</speaker>
	<l id="646">Vous l'entendez : contre le caractère</l>
	<l id="647">Mes remèdes sont sans crédit ;</l>
	<l id="648">Et, comme la Déesse a dit, </l>
	<l id="649">Chacun de vous l'a reçu de son père :</l>
	<l id="650">Il faut s'en plaindre à celui qui vous fit. </l>
</sp>
<sp who="LÉLIE"><speaker>LÉLIE.</speaker>
	<l id="651" part="i">Où le chercher ?</l>
</sp>
<sp stage="show" who="THALIE"><speaker>THALIE, montrant la statue de Molière qui se découvre.</speaker>
	<l id="651" part="m">Le voilà.</l>
</sp>
<sp who="TOUS LES ACTEURS"><speaker>TOUS LES ACTEURS.</speaker>
	<l id="651" part="f">C'est Molière :</l>
	<l id="652">Courons embrasser ses genoux.</l>
</sp>
<sp stage="location" who="SOSIE"><speaker>SOSIE, aux coulisses.</speaker>
	<l id="653">Acteurs, Souffleur, Ballets, Messieurs, accourez tous ;</l>
	<l id="654">Qu'après cent ans complets, ce vif et pur hommage</l>
	<l id="655">À tous les yeux retrace au moins l'image</l>
	<l id="656">Des transports de nos coeurs à le revoir chez nous. </l>
</sp>
</div2>
<div2 type="scene" n="24" stage="costume/decor/location"><head>SCÈNE XXIV, et DERNIÈRE. Tous les acteurs de la Comédie, en habit de caractère des pièces de Molière, sur l'aile droite du Théâtre, et tous les acteurs de la Tragédie en habit Tragique, sur l'aile gauche.</head>
<sp stage="location" who="MONSIEUR LE KAIN"><speaker>MONSIEUR LE KAIN, à la tête de la Tragédie.</speaker>
	<l id="657">De quel éclat nouveau brille aujourd'hui la Scène ! </l>
<stage type="toward">À Thalie.</stage>
	<l id="658">Ah ! Madame, voyez, en des moments si doux,</l>
<stage type="show">En montrant les acteurs et actrices tragiques.</stage>
	<l id="659">Les Enfants les plus chers au coeur de Melpomène,</l>
	<l id="660">Partager leur encens entre Molière et vous.</l>
</sp>
<sp stage="toward" who="THALIE"><speaker>THALIE, à Monsieur le Kain et aux autres.</speaker>
	<l id="661">Soyez assurés que Thalie</l>
	<l id="662">Goûte une douceur infinie</l>
	<l id="663">À voir en ce beau jour tous les coeurs réunis.</l>
<stage type="show">En montrant Molière et les piédestaux.</stage>
	<l id="664">Je commence une galerie,</l>
	<l id="665">Où les vrais Enfants du génie,</l>
	<l id="666">Après cent ans, rivaux, mais généraux amis,</l>
	<l id="667">De l'immortalité partageront le prix.</l>
	<l id="668">Déjà ces piédestaux attendent... </l>
</sp>
<sp who="MONSIEUR LE KAIN"><speaker>MONSIEUR LE KAIN.</speaker>
	<l id="669">Nous savons ce qu'ils nous demandent,</l>
	<l id="670">Et vos voeux seront accomplis.</l>
</sp>
<sp stage="costume" who="MONSIEUR BRIZARD"><speaker>MONSIEUR BRIZARD, en Auguste.</speaker>
	<l id="671">Le Souverain d'un vaste Empire,</l>
	<l id="672">Sous cet habit représenté,</l>
	<l id="673">Peut-il en ce beau jour être mieux imité,</l>
	<l id="674">Qu'en partageant un si noble délire ?</l>
	<l id="675">Si des Humains il devint le premier,</l>
	<l id="676">Rome et Paris ne sont qu'une même patrie ;</l>
	<l id="677">Et le plus bel emploi d'un immortel laurier,</l>
	<l id="678">Doit être de briller sur le front du génie.</l>
<stage type="dress">Il met sa couronne sur la tête de la statue de Molière.</stage>
</sp>
<sp who="CHOEUR"><speaker>CHOEUR.</speaker>
	<l id="679">Vivat, vivat, cent fois vivat,</l>
	<l id="680">Solus auitor qui tam tene parlat. </l>
</sp>
<sp stage="towrad" who="MONSIEUR BRIZARD"><speaker>MOMUS, à Thalie.</speaker>
	<l id="681">Thalie, eh bien ! ce nouveau caractère,</l>
	<l id="682">Que nous devions rapporter à Molière,</l>
	<l id="683">Le voyez-vous parmi ces gens ?</l>
	<l id="684">En faveur de sa Centenaire,</l>
	<l id="685">Vous le lui promettez depuis assez longtemps.</l>
</sp>
<sp who="THALIE"><speaker>THALIE.</speaker>
	<l id="686">Eh ! ne suffit-il pas, pour fêter un bon Père, </l>
	<l id="687">De lui présenter ses Enfants ?</l>
<stage type="together">Le Choeur répète, vivat.</stage>
</sp>
</div2>
<div2 type="marche" n="1"><head>MARCHE.</head>
<stage type="music/location">Air de la Marche des Apothicaires du Malade Imaginaire, alternativement avec une Marche caractéristique pour la Tragédie. La Comédie est conduire par Sosie en tête, sa lanterne à la main. La Tragédie, par M. le Kain, en habit de Rodrigue dans le Cid, l'épée à la main. On va saluer la statue de Molière deux à deux ; et quand Thalie et Momus sont auprès de la statue, ils attachent au piédestal, l'un sa marotte, l'autre son masque, et Sosie place sa lanterne dans l'attitude de Diogène.</stage>
</div2>
<div2 type="scene" n="2"><head>Ballet de caractère.</head>
<stage type="title">Des principaux Divertissements de Molière.</stage>
</div2>
<div2 type="vaudeville" n="1"><head>VAUDEVILLE.</head>
<sp who="THALIE"><speaker>THALIE.</speaker>
	<l id="688">Amis, que l'éclat de ce jour</l>
	<l id="689">Vous anime et vous intéresse :</l>
	<l id="690">De reconnaissance et d'amour</l>
	<l id="691">Les Dieux nous permettent l'ivresse.</l>
	<l id="692">Dans les coeurs amis des talents,</l>
	<l id="693">Que sa place soit la première ;</l>
	<l id="694">Et qu'on redise après cent ans : </l>
	<l id="695">Vive la gaieté de Molière !</l>
</sp>
<sp who="CHOEUR"><speaker>CHOEUR.</speaker>
	<l id="696">Et qu'on redise, etc.</l>
</sp>
<sp who="MOMUS"><speaker>MOMUS.</speaker>
	<l id="697">Les jours passés chez mes Français</l>
	<l id="698">Furent pour moi dignes d'envie.</l>
	<l id="699">Joyeux, malins, plaisants et gais,</l>
	<l id="700">Qu'ils soient toujours chers à Thalie ;</l>
	<l id="701">Et s'ils s'endormaient une fois</l>
	<l id="702">Dans leur agréable carrière, </l>
	<l id="703">Qu'ils se rappellent qu'autrefois, </l>
	<l id="704">Je dis mon secret à Molière.</l>
</sp>
<sp who="CHOEUR"><speaker>CHOEUR.</speaker>
	<l id="705">Qu'ils se rappellent, etc.</l>
</sp>
<sp who="SOSIE"><speaker>SOSIE.</speaker>
	<l id="706">Au genre humain déplaît souvent</l>
	<l id="707">Une triste Philosophie,</l>
	<l id="708">Quand elle prétend gauchement</l>
	<l id="709">Corriger les gens qu'elle ennuie.</l>
	<l id="710">Égayer la leçon des moeurs</l>
	<l id="711">Est la seule bonne manière.</l>
	<l id="712">Charmer l'esprit, former les coeurs,</l>
	<l id="713">Pour cet art il n'est que Molière.</l>
</sp>
<sp who="CHOEUR"><speaker>CHOEUR.</speaker>
	<l id="714">Charmer l'esprit, etc.</l>
</sp>
<sp who="MADAME PERNELLE"><speaker>MADAME PERNELLE.</speaker>
	<l id="715">À se moquer des vieilles gens,</l>
	<l id="716">On voit s'occuper la Jeunesse ;</l>
	<l id="717">Et de nos Catons de vingt ans,</l>
	<l id="718">L'ennui fait toute la sagesse.</l>
	<l id="719">Ô vous qui de la vérité </l>
	<l id="720">Craignez la démarche trop fière,</l>
	<l id="721">Sous le masque de la gaÏté,</l>
	<l id="722">Vous la goûterez chez Molière.</l>
</sp>
<sp who="CHOEUR"><speaker>CHOEUR.</speaker>
	<l id="723">Sous le masque, etc.</l>
</sp>
<sp who="ANGÉLIQUE"><speaker>ANGÉLIQUE.</speaker>
	<l id="724">Quand deux coeurs, pour un doux soupir,</l>
	<l id="725">Forment une amoureuse chaîne,</l>
	<l id="726">De s'opposer à leur désir,</l>
	<l id="727">C'est temps perdu, c'est plainte vaine.</l>
	<l id="728">Infortunés maris jaloux,</l>
	<l id="729">Qu'Amour irrite et désespère,</l>
	<l id="730">Venez prendre leçon chez nous ;</l>
	<l id="731">Vous la recevrez de Molière.</l>
</sp>
<sp who="CHOEUR"><speaker>CHOEUR.</speaker>
	<l id="732">Venez prendre leçon, etc.</l>
</sp>
<sp who="SOSIE"><speaker>SOSIE.</speaker>
	<l id="733">Bien des gens plus huppés que moi,</l>
	<l id="734">En ce bas monde, ont plus d'un père.</l>
	<l id="735">Mais, plus qu'eux, je suis, sur ma foi,</l>
	<l id="736">Fier de leur devoir la lumière.</l>
	<l id="737">Fils de Plaute, on vit commencer</l>
	<l id="738">Et mes succès, et ma carrière ;</l>
	<l id="739">Mais il fallait, pour l'achever, </l>
	<l id="740">Me voir adopter par Molière.</l>
</sp>
<sp who="CHOEUR"><speaker>CHOEUR.</speaker>
	<l id="741">Mais il fallait, etc.</l>
</sp>
<sp stage="toward" who="THALIE"><speaker>THALIE, au parterre.</speaker>
	<l id="742">En nous accordant vos faveurs, </l>
	<l id="743">Messieurs, pour cette bagatelle,</l>
	<l id="744">Daignez n'y voir que de nos coeurs</l>
	<l id="745">La reconnaissance et le zèle ;</l>
	<l id="746">Et si nous avions quelques torts,</l>
	<l id="747">Étant empressés à vous plaire,</l>
	<l id="748">Pardonnez nos faibles efforts</l>
	<l id="749">En faveur du nom de Molière. </l>
<stage type="wave">On fait la révérence.</stage>
</sp>
<sp stage="toward" who="MOMUS"><speaker>MOMUS, à Monsieur Jourdain.</speaker>
<p id='1'>
	<s id='1'>À vous, Monsieur Jourdain ; allons, vous ne donnerez pas quelque chose ?</s>
</p>
</sp>
<sp who="MONSIEUR JOURDAIN"><speaker>MONSIEUR JOURDAIN.</speaker>
<p id='2'>
	<s id='1'>Est-ce du bon ton de chanter ? </s>
	<s id='2'>Là, franchement, foi de Gentilhomme, je ne le crois pas.</s>
</p>
<stage type="toward">À Alceste.</stage>
<p id='3'>
	<s id='1'>Qu'en dites-vous, Monsieur ?</s>
</p>
</sp>
<sp who="ALCESTE"><speaker>ALCESTE.</speaker>
<p id='4'>
	<s id='1'>Est-ce qu'on chante ?</s>
</p>
</sp>
<sp who="MONSIEUR JOURDAIN"><speaker>MONSIEUR JOURDAIN.</speaker>
<p id='5'>
	<s id='1'>Tous ces airs là !... </s>
	<s id='2'>Je n'en sais rien, moi ; attendez, voici... </s>
	<s id='3'>Oui... :</s>
</p>
<stage type="sing">Il fait un petit prélude et chante, sur l'air ; C'est l'ouvrage d'un moment : </stage>
	<l id="750">En faveur de l'ami Molière,</l>
	<l id="751">Que je protège ouvertement,</l>
	<l id="752">Je parle à la Cour très souvent :</l>
	<l id="753">J'y mets son éloquence entière ;</l>
	<l id="754">C'est l'ouvrage d'un moment.</l>
</sp>
<sp stage="toward" who="MOMUS"><speaker>MOMUS, à Alceste.</speaker>
<note type="C">Rubant vert : En référence à la tenue d'Alceste dans le Misanthrope (Acte V scène 4. Lecture de la lettre). Sganarelle, dans le Médecin Malgré lui, est décrit comme portant un habit jaune et vert.</note>
	<l id="755">Et vous, Monsieur du Ruban-vert ?</l>
</sp>
<sp who="ALCESTE"><speaker>ALCESTE.</speaker>
	<l id="756">Ma foi, louer, chanter, n'est pas mon caractère ;</l>
	<l id="757">Mais j'y veux déroger, seulement pour Molière.</l>
	<l id="758">Au surplus, je ne sais qu'un air.</l>
</sp>
<sp stage="together" who="MOMUS, MONSIEUR JOURDAIN"><speaker>MOMUS et MONSIEUR JOURDAIN.</speaker>
	<l id="759">Chantez, chantez toujours.</l>
</sp>
<sp who="ALCESTE"><speaker>ALCESTE.</speaker>
<stage type="title">Air : Si le Roi m'avait donné. </stage>
	<l id="760">Du Roi sans un ordre exprès, </l>
	<l id="761">Non, jamais d'Oronte</l>
	<l id="762">Je ne louerai les Sonnets :</l>
	<l id="763">Mais je dis, sans honte, </l>
	<l id="764">Qu'en révérant les talents </l>
	<l id="765">De nos auteurs excellents,</l>
	<l id="766">J'aime mieux Molière,</l>
	<l id="767">Ô gué,</l>
	<l id="768">J'aime mieux Molière. </l>
<stage type="danse">Une contredanse termine le Divertissement.</stage>
</sp>
</div2>
</div1>
</body>
</text>
</TEI>