<?xml version="1.0" encoding="utf-8" ?>
<TEI xml:lang="fr">
	<teiHeader>
		<fileDesc>
			<titleStmt>
				<title>DOROTHÉE, PANTOMIME À SPECTACLE.</title>
				<author ISNI="0000 0000 7823 7682">Nicolas-Médard AUDINOT (1732-1801)</author>
			</titleStmt>
			<publicationStmt>	
				<publisher>Texte établi par Paul FIEVRE, septembre 2016.</publisher>
				<publisher>Publié par Paul FIEVRE, octobre 2016.</publisher>
				<idno>AUDINOT_DOROTHEE</idno>
				<rights>Creative Commons BY-NC-SA</rights>
			</publicationStmt>	
			<SourceDesc>
				<genre>Pantomime</genre>
				<inspiration>moeurs</inspiration><structure>Trois actes, un prologue</structure>
				<type>prose</type>
				<periode>1781-1790</periode>
				<taille>(mesure non pertinente)</taille>
				<permalien>http://gallica.bnf.fr/ark:/12148/bpt6k5831610h</permalien>
			</SourceDesc>
		</fileDesc>
	</teiHeader>
	<text>
		<front>
			<docTitle>
				<titlePart type="main">DOROTHÉE</titlePart>
				<titlePart type="sub">PANTOMIME À SPECTACLE</titlePart>
				<titlePart type="sub">PRÉCÉDÉE DES PREUX CHEVALIERS, PROLOGUE PANTOMIME</titlePart>
				<titlePart type="sub">Réprésentée sur le Théâtre de l'Ambigu-Comique à la Foire Saint-Germain, en l'an 1782.</titlePart>
			</docTitle> 
			<docDate value='1782'>M. DCC LXXXII.</docDate>
			<docAuthor id='AUDINOT, Nicolas-Médard' bio=''></docAuthor>
			<docImprint>
				<approbation><head>APPROBATION</head>
					<p>Lu et approuvé, le 26 Janvier 1782. SUARD.</p>
					<p>Vu l'Approbation, permis de représenter et d'imprimer. À Paris, ce 26 Janvier 1782. LE NOIR.</p>
				</approbation>
				<printer id='DEMONVILLE'>À PARIS, De l'Imprimerie de CAILLEAU, rue Saint-Séverin. On trouvera des exemplaires audit Spectacle</printer>
			</docImprint>
			<performance>
				<premiere date='1782' location='Théâtre de la Foire Saint-Germain'></premiere>
			</performance>
	<div type="preface">
		<p type="v">Ô VOUS sensibles coeurs, qui ne rougissez pas</p>
		<p type="v">D'écouter la Nature, et de verser des larmes :</p>
		<p type="v">Venez partager les alarmes,</p>
		<p type="v">D'une mère aux abois, qui brave le trépas</p>
		<p type="v">Parce qu'elle est sans crime ;</p>
		<p type="v">Mais qui, malheureuse victime,</p>
		<p type="v">Et de l'amour et du devoir,</p>
		<p type="v">Ne peut quitter sans désespoir</p>
		<p type="v">Son fils, objet de sa tendresse,</p>
		<p type="v">Et fruit infortuné du plus fidèle amour ;</p>
		<p type="v">Après avoir maudit l'Auteur de sa détresse,</p>
		<p type="v">Bientôt vous le verrez , par un juste retour,</p>
		<p type="v">Dans les feux allumés par sa fureur traîtresse ,</p>
		<p type="v">Expier ses forfaits et sa scélératesse.</p>
		<p type="v">Aux horreurs des bûchers succéderont les jeux ;</p>
		<p type="v">L'amour récompensé, la vertu triomphante ,</p>
		<p type="v">Dans les bras de l'époux, son épouse innocente,</p>
		<p type="v">Et son enfant chéri, le bonheur de tous deux ,</p>
		<p type="v">Gage de leur hymen , et de leur foi constante.</p>
		<p type="v">Par une vive émotion,</p>
		<p type="v">Je vois vos âmes s'attendrir :</p>
		<p type="v">Les fleurs de la compassion,</p>
		<p type="v">Cèdent aux larmes du plaisir.</p>
		<p type="v">Ah ! c'est le cri du coeur, la voix de la Nature !</p>
		<p type="v">Quels tendres mouvements vous doivent agiter !</p>
		<p type="v">Mères, dignes de l'être, et qui savez aimer, </p>
		<p type="v">Et vous, jeunes Beautés, dont l'âme est encor pure,</p>
		<p type="v">Et qui méconnaissez le vice et l'imposture ;</p>
		<p type="v">Livrez-vous sans réserve à des transports si doux ;</p>
		<p type="v">Ce sont plaisirs du coeur, qui ne font que pour vous,</p>
		<p type="v">Et daignez recevoir l'hommage,</p>
		<p type="v">Que je vous fais de mon Ouvrage.</p>
		<p type="v">Ce n'est qu'à la vertu qu'il se peut adresser,</p>
		<p type="v">Puisque c'est la vertu qu'on y voit triompher.</p>
		<p type="v">Il est par-là sûr de votre suffrage.</p>
		<p type="v">Loin de nous ces gens à tapage,</p>
		<p type="v">Qui d'un futile bavardage</p>
		<p type="v">Étourdissent tous leurs voisins ;</p>
		<p type="v">De la langue, des pieds, des mains ,</p>
		<p type="v">Agissants toujours, sans rien faire.</p>
		<p type="v">Ces gens à la tête légère,</p>
		<p type="v">Qui jugent de tout au hasard ,</p>
		<p type="v">Sont partout, ne sont nulle part.</p>
		<p type="v">Qui munis de vastes lorgnettes,</p>
		<p type="v">Pour qu'ils disent des sornettes,</p>
		<p type="v">Et qu'ils fassent des pirouettes,</p>
		<p type="v">S'imaginent être divins.</p>
		<p type="v">Qui ne frappent jamais des mains,</p>
		<p type="v">Qu'aux Spectacles où la licence,</p>
		<p type="v">La basse charge et l'indécence,</p>
		<p type="v">Par des coups rudement frappés.</p>
		<p type="v">Réveillent leurs sens émoussés.</p>
		<p type="v">Fuyez, trop inutile engeance,</p>
		<p type="v">Honorez-nous de votre absence.</p>
		<p type="v">Mais vous, dont l'âme est noble, et qui savez penser,</p>
		<p type="v">Accourez en ces lieux, venez voir Dorothée.</p>
		<p type="v">Je sais que le vrai seul a droit de vous charmer,</p>
		<p type="v">Vos plaisirs sont le but où vise ma pensée.</p>
		<p type="v">Votre goût est mon guide ; et s'il est satisfait,</p>
		<p type="v">Mon triomphe est certain, et mon bonheur parfait.</p>
	</div>
	<castList><head>PERSONNAGES DU PROLOGUE.</head>
		<castItem><role id="LA TRÉMOUILLE" sex="1" type="H" statut="général" age='A' stat_amour='néant'>LA TRÉMOUILLE</role>, Général d'une Division de l'Armée Française.</castItem>
		<castItem><role id="ANTOINE" sex="1" type="H" statut="serviteur" age='A' stat_amour='néant'>ANTOINE</role>, vieux serviteur de la Trémouille.</castItem>
		<castItem><role id="QUATRE PAGES" sex="1" type="H" statut="page" age='A' stat_amour='néant'>QUATRE PAGES</role>.</castItem>
		<castItem><role id="UN OFFICIER" sex="1" type="H" statut="chevalier" age='A' stat_amour='néant'>UN OFFICIER</role>, reçu Chevalier.</castItem>
		<castItem><role id="UN GRENADIER" sex="1" type="H" statut="soldat" age='A' stat_amour='néant'>UN GRENADIER</role>, fait Officier.</castItem>
		<castItem><role id="PLUSIEURS CHEVALIERS" sex="1" type="H" statut="chevalier" age='A' stat_amour='néant'>PLUSIEURS CHEVALIERS</role>.</castItem>
		<castItem><role id="DEUX PAYSANS" sex="1" type="H" statut="paysan" age='A' stat_amour='néant'>DEUX PAYSANS</role>.</castItem>
		<castItem><role id="UNE PAYSANNE" sex="2" type="H" statut="paysan" age='A' stat_amour='néant'>UNE PAYSANNE</role>.</castItem>
		<castItem><role id="TROUPE DE SOLDATS FRANÇAIS" sex="1" type="H" statut="soldat" age='A' stat_amour='néant'>TROUPE DE SOLDATS FRANÇAIS</role>.</castItem>
		<castItem><role id="UN CHEF DE L'ARMÉE ANGLAISE" sex="1" type="H" statut="officier" age='A' stat_amour='néant'>UN CHEF DE L'ARMÉE ANGLAISE</role>, fait Prisonnier.</castItem>
	</castList>
	<castList><head>PERSONNAGES DE LA PANTOMIME.</head>
		<castItem><role id="DOROTHÉE" sex="2" type="H" statut="bourgeois" age='A' stat_amour='néant'>DOROTHÉE</role>.</castItem>
		<castItem><role id="UN JEUNE ENFANT" sex="1" type="H" statut="enfant" age='E' stat_amour='néant'>UN JEUNE ENFANT</role>, fils de Dorothée.</castItem>
		<castItem><role id="UNE GOUVERNANTE" sex="2" type="H" statut="gouvernante" age='A' stat_amour='néant'>UNE GOUVERNANTE</role>.</castItem>
		<castItem><role id="PLUSIEURS SUIVANTES de DOROTHÉE" sex="1" type="H" statut="suivante" age='A' stat_amour='néant'>PLUSIEURS SUIVANTES de DOROTHÉE</role>.</castItem>
		<castItem><role id="LA TRÉMOUILLE" sex="1" type="H" statut="aristocrate" age='A' stat_amour='néant'>LA TRÉMOUILLE</role>, Amant de Dorothée.</castItem>
		<castItem><role id="DUNOIS" sex="1" type="H" statut="bourgeois" age='A' stat_amour='néant'>DUNOIS</role>, Preux Chevalier.</castItem>
		<castItem><role id="GARDES" sex="1" type="H" statut="garde" age='A' stat_amour='néant'>GARDES</role>.</castItem>
		<castItem><role id="UN MAIRE DE VILLE" sex="1" type="H" statut="maire" age='A' stat_amour='néant'>UN MAIRE DE VILLE</role>.</castItem>
		<castItem><role id="SACROGORGON" sex="1" type="H" statut="bourgeois" age='A' stat_amour='néant'>SACROGORGON</role>, Chef de la Garde.</castItem>
		<castItem><role id="PEUPLES ET SOLDATS" sex="1" type="H" statut="peuple" age='A' stat_amour='néant'>PEUPLES ET SOLDATS</role>.</castItem>
	</castList>
	<set location="Orléans" country="France" periode="XVIIIème" gps="47.902964, 1.909251">Pour le prologue, la Scène est aux environs de la Ville d'Orléans, lorsqu'elle fut assiégée, du temps de la Pucelle. La scène de la pantomime est à Milan.</set>
</front>
<body>
<div1 type="act" n="1"><head>PROLOGUE-PANTOMIME.</head>
<stage type="decor">Le Théâtre représente un Camp.</stage>
<div2 type="scene" n="1"><head></head>
<stage type="action">Antoine, fidèle Serviteur du Général, plein de zèle pour son maître, veille à l'entrée de sa tente, et de temps à autre, entrouvre les rideaux, pour voir s'il repose encore ; mais loin de se livrer au sommeil, le Chef, aussi vigilant qu'intrépide, est occupé à tracer le plan d'une bataille. Antoine se retire doucement, pour ne pas l'interrompre, et s'occupe à nettoyer ses armes. Un Officier de bonne humeur arrive du Camp, il veut parler au Général ; Antoine lui fait signe de ne point faire tant de bruit.</stage>
</div2>
<div2 type="scene" n="2"><head></head>
<stage type="entrance">Viennent successivement plusieurs autres Officiers, à qui Antoine recommande également de ne point troubler son Maître.</stage>
</div2>
<div2 type="scene" n="3"><head></head>
<stage type="ring/exit">Le Général sonne, Antoine entre. Le Général lui demande s'il y a quelqu'un a recevoir ; Antoine ayant fait signe que des Officiers l'attendent, ouvre par son ordre les rideaux de la tente, et introduit les Officiers.</stage>
</div2>
<div2 type="scene" n="4"><head></head>
<stage type="show">Le Général leur fait part des dispositions qu'il a pris, en cas que les ennemis approchent, et leur indique la marche qu'ils doivent suivre , d'après le plan qu'il a conçu.</stage>
</div2>
<div2 type="scene" n="5"><head></head>
<stage type="noise/exit">Les Officiers, reçoivent ses ordres, et lui font observer qu'on entend de loin le canon de l'ennemi ; le Général ayant achevé de prescrire á chacun d'eux ce qu'il a à faire, ils se retirent.</stage>
</div2>
<div2 type="scene" n="6"><head></head>
<stage type="hit">On bat la Générale.</stage>
</div2>
<div2 type="scene" n="7"><head></head>
<stage type="entrance/location">Différents corps de troupes traversent le Camp, et vont se rendre à la place destinée au ralliement.</stage>
</div2>
<div2 type="scene" n="8"><head></head>
<stage type="dress/call">Le Général ordonne à Antoine d'agrafer sa cuirasse, de lui passer son écharpe, de préparer ses armes et d'appeler un de ses pages. Il se livre pour un moment à toute la tendresse qu'il a pour sa chère Dorothée. L'image de sa bien-aimée qu'il contemple avec admiration, lui rappelle sans cesse le souvenir de cette beauté chère ; ensuite il se met en devoir de lui écrire.</stage>
</div2>
<div2 type="scene" n="9"><head></head>
<stage type="entrance">Le Page arrive, il reçoit de son maître la lettre qu'il vient d'écrire, et un étui dans lequel est renfermé son portrait, qu'il doit porter en diligence à Dorothée.</stage>
</div2>
<div2 type="scene" n="10"><head></head>
<stage type="loud/run">Un Aide-de-Camp vient annoncer au Général que les Troupes rassemblées n'attendent plus que de le voir à leur tête pour marcher au combat ; le Général prend son casque, son épée et vole à la victoire.</stage>
</div2>
<div2 type="scene" n="11"><head></head>
<stage type="alone">Antoine, ce vieux Serviteur plein de zèle et d'affection pour son maître, reste seul dans la tente ; il déplace tout en voulant le mettre en ordre, il écoute de temps en temps les différents [qui] indiquent la situation des deux armées.</stage>
</div2>
<div2 type="scene" n="12"><head></head>
<stage type="entrance/noise/exit">Un Paysan arrive tout essoufflé ; il fait à Antoine le récit de ce qui se passe à la bataille. Comme on entend redoubler le bruit du canon et celui des armes, il se sauve de frayeur.</stage>
</div2>
<div2 type="scene" n="13"><head></head>
<stage type="entrance/fight">Un autre Paysan paraît avec un bâton d'une main et sa femme de l'autre, qu'il veut défendre contre un soldat qui la poursuit.</stage>
</div2>
<div2 type="scene" n="14"><head></head>
<stage type="stress/noise/happy">Antoine, toujours dans les mêmes inquiétudes sur le sort de son maître, ne cesse de s'agiter en allant, venant d'un côté et d'un autre. Des fanfares et des cris victorieux frappent son oreille et raniment tout-à-coup son espoir ; enfin, il se livre à toute sa joie.</stage>
</div2>
<div2 type="scene" n="15"><head></head>
<stage type="entrance/dress/kiss">Les Officiers ramènent le Général a sa tente et s'empressent tous à le féliciter. Le Général les remercie, leur témoigne qu'ils ont part, aussi bien que lui, à la gloire de cette journée. Il pose son casque et ses gantelets, et embrassent ses meilleurs amis et ceux qui se sont le plus distingués.</stage>
</div2>
<div2 type="scene" n="16"><head></head>
<stage type="entrance/give/gentle">Un jeune Officier, accompagné d'un Grenadier en qui il a mis toute sa confiance, arrive chargé des dépouilles de l'ennemi ; il fait apporter sur un brancard un Chef de l'Armée Anglaise dangereusement blessé, qui ne veut remettre  ses armes qu'au Général. Ce dernier les reçoit des mains de son prisonnier, après lui avoir fait connaître la part qu'il prend à sa situation ; il le recommande aux gens qui doivent en prendre soin, et le fait conduire au camp.</stage>
</div2>
<div2 type="scene" n="17"><head></head>
<stage type="turn/decor/give">Le Général se retourne ensuite vers le jeune officier et lui prodigue les éloges qu'il a mérité. Celui-ci les reçoit avec autant de modestie que de noblesse, et ne désire, pour récompense de ses services, que d'être reçu Chevalier. Le Général accueille favorablement sa proposition. Après avoir décoré du grade d'Officier le grenadier, il donne ordre sur le champ de préparer tout ce qui est nécessaire pour la réception du nouveau candidat. On dresse un trône sous la tente du Général où il doit monter, et chacun se met en place pour la cérémonie.</stage>
</div2>
<div2 type="scene" n="18"><head></head>
<stage type="entrance/kneel/help/stand/show">La femme du paysan qui avait été poursuivie par un soldat, vient tout-a-coup en d[écou]dre, se précipiter aux genoux du Générai pour implorer sa justice. Il la relève en lui demandant le sujet de son affliction. Elle lui montre à quelque distance des Soldats qui maltraitent son mari, et qui veulent l'engager. Le général ordonne qu'on les arrête, et qu'on les lui amène.</stage>
</div2>
<div2 type="scene" n="19"><head></head>
<stage type="entrance">Les Soldats arrivent avec le paysan qu'ils ont déjà affublé d'un casque et d'une écharpe. Le Général fait à ses Soldats des reproches amers sur leur conduite. Ceux-ci s'excusent du mieux qu'il leur est possible, en montrant un engagement qu'ils disent être signé du Paysan. Après vérification faite de la part du Général et des Officiers présents, cet engagement se trouve faux. Alors le Général les fait sortir de sa présence, et conduire aux arrêts. Il réunit les deux époux qui sortent en le bénissant d'avoir daigné leur rendre justice.</stage>
</div2>
<div2 type="scene" n="20"><head></head>
<stage type="title">Cérémonies qui s'observaient à la Réception des Chevaliers.</stage>
</div2>
<div2 type="scene" n="21"><head></head>
<stage type="sit/wave/ceremony">Le Général assis sur son trône, deux hérauts d'armes s'approchent et le saluent. L'un d'eux présente avec respect un écrit contenant les motifs qui font désirer au Candidat l'honneur d'être admis dans l'ordre de la Chevalerie. Le Général agrée sa demande, pourvu que les Parrains en répondent. Ceux-ci tirent à moitié leur épée pour preuve de leur consentement. Les Hérauts se retirent dans le même ordre où ils sont entrés pour aller chercher
le nouvel Initié.</stage>
</div2>
<div2 type="scene" n="14"><head></head>
<note type="L">Pennon : En général, toute espèce de bannière ou de banderole.</note>
<note type="L">Gongalon : écharpe ou bandelette terminée en pointe et dont les chevaliers ornaient leurs lances.</note>
<stage type="entrance/costume/decor/location">Le jeune guerrier arrive couvert d'une longue robe blanche, sous laquelle il est armé de cuirasse, etc. Il est précédé du Roi d'Armes, des deux Hérauts d'Armes, et au milieu des deux parrains. Il est suivi des deux écuyers portant son pennon, sa bannière, son étendard et son gonfalon. Après avoir salué le Général, il se place et se tient debout dans le fond. Le Général demande aux chevaliers s'ils acceptent la réception du candidat. Ceux-ci répondent d'abord en élevant la main droite les deux index étendus, ensuite ils tirent l'épée, l'agitent trois fois en l'air, la remettent au fourreau, portent la main droite sur leur coeur, et enfin frappent trois fois des mains en ligne de consentement unanime. Les parrains précédés des hérauts d'armes amènent le candidat au pied du trône où il se met à genoux sur un carreau de velours. Il prononce le serment sur un grand livre que le Général tient sur ses genoux, et celui-ci suspend la pointe de son épée sur la tête du récipiendaire, ensuite avec les deux index il lui donne un petit soufflet sur la joue gauche, le frappe du plat de son épée à trois différentes fois sur l'épaule gauche, relève le nouveau Chevalier, lui donne l'accolade et l'embrasse sur la parole. Après cette cérémonie on le ramené au milieu du théâtre, on le dépouille de sa robe blanche ; le Général descend du trône et prenant une épée de la main d'un des plus braves Chevaliers, il la lui ceint au côté, puis retourne sur son trône. Le nouveau chevalier reçoit de l'un des gantelets, de l'autre un bouclier, de celui-ci une lance, de celui-ci un casque, un cinquième lui chausse un éperon d'or au pied droit, tout le monde le félicite et l'embrasse l'un après l'autre.</stage>
</div2>
<div2 type="scene" n="15"><head></head>
<stage type="entrance/dress/kiss/wave">Les Dames entrent sur deux lignes, passent devant le Trône en saluant le Général, et forment un demi cercle autour du nouveau chevalier. Deux demoiselles prennent de la main d'un page, l'une une écharpe, l'autre un manteau doublé d'hermine. La première lui passe l'écharpe sur l'épaule de droite à gauche, la seconde lui attache le Manteau sur les épaules, le baise sur la joue droite et toutes se retirent en se saluant.</stage>
</div2>
<div2 type="scene" n="16"><head></head>
<stage type="up/wave/music/touch/kiss">Le Roi d'Armes et les deux hérauts d'Armes élèvent le chevalier sur un bouclier et toute l'assemblée tirent l'épée en signe de réjouissance. Le Général, les Chevaliers et toute la Cour le saluent au son des instruments militaires et d'une musique triomphante. On le descend : deux dames lui présentent la main, deux autres portent devant lui son casque et son bouclier, deux autres sa lance et ses gantelets et tout le monde sort en ordre.</stage>
</div2>
<div2 type="scene" n="17"><head></head>
<stage type="dress">Le Général ayant forcé les ennemis de se retirer, et ne craignant plus aucunes incursions de leur part, ordonne à son écuyer de prendre son armure et de le suivre. L'écuyer lui représente que la gloire l'environne de toutes parts dans sa patrie, sans aller la chercher plus loin ; à quoi le héros lui répond confidemment qu'il vole revoir sa chère Dorothée et qu'il ne tardera pas à revenir sur ses pas.</stage>
<stage type="exit">Ils sortent.</stage>
</div2>
</div1>
<div1 type="act" n="1"><head>ACTE I</head>
<stage type="decor/work">Le Théâtre représente un Salon.</stage> 
<div2 type="scene" n="1"><head></head>
<stage type="work/closer/kiss">Dorothée assise est occupée avec deux de ses femmes à broder une écharpe. Elle laisse de temps en temps échapper quelques soupirs. Ses femmes cherchent à la distraire du mieux qu'il leur est possible, tandis que, d'un autre côté, une Gouvernante fait sauter un enfant sur ses genoux. Dorothée lui fait signe d'approcher, et de lui apporter l'enfant. La Gouvernante le lui remet entre les bras ; Dorothée le regarde avec satisfaction, lui sourit et l'embrasse tendrement.</stage>
</div2>
<div2 type="scene" n="2"><head></head>
<stage type="entrance/give/happy/show/admiration">Un Page arrive de l'armée, apporte à Dorothée une lettre qu'il a de la peine à retrouver. Enfin, il la donne à Dorothée qui l'ouvre avec précipitation, et la lit avec une action qui désigne ce qu'elle renferme. Le Page lui remet ensuite un étui dans lequel est renfermé le portrait de son maître. Elle le reçoit avec transport, le couvre de baisers et le montre à ses femmes, qui en admirent la ressemblance.</stage>
</div2>
<div2 type="scene" n="3"><head></head>
<stage type="entance/announce/exit">Un Domestique vient annoncer à Dorothée que le Maire de la Ville veut lui parler. On fait disparaître l'enfant, la gouvernante et le page.</stage>
</div2>
<div2 type="scene" n="4"><head></head>
<stage type="entrance/nervous/exit">Le Maire témoigne son mécontentement de ce qu'on l'a fait attendre pour entrer. Ensuite, il fait connaître à Dorothée qu'il désire être seul avec elle. Les Dames se retirent.</stage>
</div2>
<div2 type="scene" n="5"><head></head>
<stage type="frighten/listen/stress">Dorothée tremblante écoute avec patience pendant quelque temps les déclarations amoureuses du Maire de Ville. Excédée de ses importunités, et justement indignée contre son persécuteur, elle l'accable de reproches, et cherche en vain à lui faire pressentir les remords qui suivent toujours de près une indigne pa[ssi]on ; mais le Maire n'écoutant que ses violents désirs, n'en devient que plus pressant. Dorothée résiste à la proposition.... Il oublie le respect que l'on doit à la vertu. Dorothée appelle à son secours, et laisse tomber, sans s'en apercevoir, la lettre que venait de lui remettre le page. Le Maire s'en saisit, parcourt d'un oeil avide ce qu'elle contient, et ne pouvant plus tenir aux violons excès de sa jalousie, il accuse Dorothée devant ses gens d'être coupable envers l'État ; et sort, en la menaçant de la livrer à toute les rigueurs des lois.</stage>
</div2>
<div2 type="scene" n="6"><head></head>
<stage type="estonish/pain">Dorothée frappée de ce coup de foudre, ne songe plus qu'aux malheurs qui vont l'accabler. Ses dames cherchent inutilement à la consoler. Elle se livre à toute se douleur. On entend du bruit : ce sont des archers qui viennent pour l'enlever, et qui se disputent avec les domestiques qui ne veulent pas les laisser entier.</stage>
</div2>
<div2 type="scene" n="7"><head></head>
<stage type="entrance/dress/cry">Les Archers paraissent ; ils présentent leur ordre à Dovothée, qui, n'ayant presque pas la force de les regarder, exprime ion désespoir par des soupirs, des plaintes et des sanglots, auxquels ils ne répondent que par des gestes durs et menaçants. Dorothée se dépouille, en faveur de ses femmes des ajustements qu'elle a sur elle, et demande en grâce qu'on lui laisse voir et embrasser son enfant : ce que les barbares lui refusent impitoyablement. Enfin, on l'entraîne plus morte que vive.</stage>
</div2>
</div1>
<div1 type="act" n="1"><head>ACTE II</head>
<stage type="decor">Le Théâtre représente une prison.</stage>
<div2 type="scene" n="1"><head></head>
<note type="L">Escot : Terme de commerce. Sorte d'étoffe de laine à tissu croisé, dont on fait des robes de deuil, des vêtements pour religieuses et des tabliers communs. </note>
</div2>
<div2 type="scene" n="2"><head></head>
<stage type="entrance/location">Le Geôlier arrange un siège, nettoyé son escot du mieux qu'il peut pour recevoir sa nouvelle prisonnière. </stage>
<stage type="entrance">Les Archers apportent dans leurs bras Dorothée évanouie, la posent sur un siège de pierre, placé au bas d'un pilier, et l'y enchaînent. Ils s'essuient le visage, et sortent, en murmurant, de ce qu'ils n'ont rien reçu pour boire.</stage>
</div2>
<div2 type="scene" n="3"><head></head>
<stage type="watch/touch/exit">Le Geôlier regarde attentivement Dorothée, la plaint de tout son coeur ; il lui prend envie de temps en temps de la faire revenir de son évanouissement en lui portant à la bouche quelque boisson. Alors il fait réflexion qu'il vaut mieux la laisser revenir d'elle-même. On frappe ; il se retire.</stage>
</div2>
<div2 type="scene" n="4"><head></head>
<stage type="alone">Dorothée reste seule ; elle soupire ; elle sanglote, et enfin ouvre les yeux. Quel spectacle affreux pour elle ! Au milieu d'un cachot, enchaînée à un énorme pilier, abandonnée à elle-même ; c'est ici que sa douleur s'exhale dans toute la force de son amertume pour augmenter l'horreur de sa situation.</stage>
</div2>
<div2 type="scene" n="5"><head></head>
<stage type="watch/listen">Elle voit entrer son persécuteur, qui ne l'aborde que pour lui faire envisager une mort affreuse, ou la sauver aux dépens de son innocence. Accablée des persécutions du Maire, elle ne feint de l'écouter un moment, que pour demander a voir son enfant. Il ordonne au Geôlier de le faire venir. Celui-ci témoigne que l'enfant et la Gouvernante sont à la porte, et qu'il va les faire entrer.</stage>
</div2>
<div2 type="scene" n="6"><head></head>
<stage type="entrance/push">Il fait entrer l'enfant, et on repousse la Gouvernante. Le Maire prend l'enfant par la main, et le présente à sa mère qui le prend entre ses bras et le serre tendrement contre son coeur. Le Maire lui demande que, pour prix de se complaisance, elle lui promette d'être à lui, et qu'elle se verra au comble du bonheur. Dorothée préfère ses supplices les plus honteux à la bassesse de trahir ses serments. Le Maire voyant tous ses efforts inutiles, sort rugissant de colère, et pour consommer ses forfaits, il la condamne dès ce moment à la plus affreuse mort.</stage>
</div2>
<div2 type="scene" n="7"><head></head>
<stage type="tenderness">L'enfant de Dorothée , après avoir fait de vains efforts pour apaiser la cruauté du Maire de Ville cherche à consoler sa mère, en essuyant les larmes qui coulent de ses yeux, et fléchissant les genoux, il demande au Ciel sa protection contre un ennemi si puissant.</stage>
</div2>
<div2 type="scene" n="8"><head></head>
<stage type="alone/complain">Dorothée seule, tenant son [***] oublie pour ainsi dire où elle est, et le sort qui la menace pour ne voir et ne s'occuper que de lui.</stage>
</div2>
<div2 type="scene" n="9"><head></head>
<stage type="push/get">Des archers viennent la chercher pour la mener au supplice ; il faut lui arracher son enfant, et c'est lui donner deux fois la mort. Après tant de résistance, elle s'affaiblit : on lui ravit le précieux gage de son amour, à mesure que les forces lui manquent, et ses yeux fixés sur lui n'en perdent sa vue qu'en s'éteignant dans les larmes.</stage>
</div2>
</div1>
<div1 type="act" n="3"><head>ACTE III</head>
<stage type="decor">Le Théâtre représente une place publique ; dans le milieu est un bucher prêt à être enflammé. Sur le devant on lit cette inscription :</stage>
<div2 type="scene" n="1"><head></head>
<stage type="message">LA BELLE DOROTHÉE AU FEU SERA JETTÉE SI LA VALEUR D'UN CHEVALIER LOYAL NE LA RECOURT DE CE BRASIER FATAL.</stage>
</div2>
<div2 type="scene" n="2"><head></head>
<stage type="decor/watch">Dunois arrive sur la place, suivi de son écuyer, il regarde avec indignation le bûcher et les soldats qui l'environnent. Il parcourt la place et ordonne à son écuyer de s'informer quel est la victime pour qui l'on a fait tous ces apprêts. L'écuyer le demande à un des gardes qui entourent le bûcher. Ce soldat ne lui répond qu'en lui montrant du doigt l'inscription. L'Ecuyer après avoir lu, va pour en instruire Dunois, qui en ayant pris lecture à son tour commande à son écuyer de mettre son nom au bas, ce qu'ayant fait, ils sortent l'un et l'autre.</stage>
<stage type="noise/music/location">Le bruit d'une marche lugubre annonce l'arrivée de la victime. Elle arrive escortée des Officiers de Justice, de la Garde et suivi de tout le Peuple. Après que chacun a pris sa place, le Chef de la Garde fait le serment accoutumé sur un Drapeau qu'on déploie et où on lit :</stage>
</div2>
<div2 type="scene" n="3"><head></head>
<stage type="title">JE JURE QUE DE DOROTHÉE</stage>
<stage type="title">LA PERTE EST MÉRITÉE</stage>
<stage type="title">SI QUELQUE AUDACIEUX</stage>
<stage type="title">VEUT PRENDRE SA QUERELLE</stage>
<stage type="title">ET COMBATTRE POUR ELLE,</stage>
<stage type="title">QU'IL S'OFFRE À L'INSTANT À MES YEUX.</stage>
</div2>
<div2 type="scene" n="4"><head></head>
<stage type="anger/dress/courage">Aussitôt Dunois se présente, lui lance un regard furieux, et jure à son tour de prendre la défense de Dorothée envers lui et contre tous. Puis courant à Dorothée, lui demande la permission de combattre pour elle, il met un genoux en terre et ne se relève qu'en obtenant d'elle cette grâce. Dunois se retourne alors vers le Chef de la Garde, et lui commande d'aller prendre son armure pour se mesurer avec lui. II sort pour y aller ; mais avec autant de peur que Dunois montre de bravoure.</stage>
</div2>
<div2 type="scene" n="5"><head></head>
<stage type="back/show/anger/walk">Dunois retourne à l'innocente Dorothée et la supplie de lui dire le sujet d'un si horrible traitement. Elle lui montre l'objet de tous ses malheurs. C'est pour lui seul, c'est pour lui rester fidèle qu'elle est prête à monter sur le bûcher. Danois reconnaît son ami dans le portrait que Dorothée lui présente, et ne respire que la brûlante impatience de venger l'innocence outragée et le plus digne ami : enfin, ne pouvant plus modérer sa colère, il se fait jour à travers le Peuple et les Gardes.</stage>
</div2>
<div2 type="scene" n="6"><head></head>
<stage type="fight">Il ramène le Chef de la Garde par le défaut de sa cuirasse et le force de combattre à outrance. Ce Chef ne tarde pas à éprouver sa défaite, il tombe sous les coups de la valeur et se roule par terre en expiant ses forfaits.</stage>
</div2>
<div2 type="scene" n="7"><head></head>
<stage type="fight">Les Soldats voyant ainsi expirer leur Chef, cherchent à le venger, en fonçant de tous côtés sur le généreux Dunois, mais secondé de son écuyer, il se défend avec tant de courage et d'adresse, qu'il les repousse sans en être atteint.</stage>
</div2>
<div2 type="scene" n="8"><head></head>
<stage type="attach/noise">Pendant ce temps on entraîne Dorothée sur le bûcher, et on l'attache au poteau. On entend de toutes parts des cris tumultueux.</stage>
</div2>
<div2 type="scene" n="9"><head></head>
<stage type="fight/burn">L'Epoux de Dorothée arrive, court à elle, la sauve des flammes qui l'environnent déjà, et remet ea femme évanouie entre les bras de son écuyer. Dans cet instant, le Maire qui vient pour jouir de fa vengeance ; furieux et désespéré de voir qu'on lui arrache sa victime, se jette, le poignard à la main, sur La Trémouille mais celui-ci le terrasse, ainsi que ses Satellites, et le précipite au milieu des flammes, que cet homme odieux avait fait allumer.</stage>
</div2>
<div2 type="scene" n="10"><head></head>
<stage type="happy">Enfin la Trémouille et Dunois vainqueurs tous les deux, marquent par les témoignages de leur amitié, combien ils sont flattés qu'un si heureux hasard les réunisse.</stage>
</div2>
<div2 type="scene" n="11"><head></head>
<stage type="watch/run/kiss/thanks">Dorothée revenue de son évanouissement n'ouvre les yeux que pour contempler un époux qu'elle adore, elle vole dans ses bras et remercie son libérateur.</stage> 
</div2>
<div2 type="scene" n="12"><head></head>
<stage type="danse">Fête générale.</stage>
</div2>
</div1>
</body>
</text>
</TEI>