<?xml version="1.0" encoding='utf-8'?>
<TEI xml:lang="fr">
<teiHeader>
		<fileDesc>
			<titleStmt>
				<title>MOLIÈRE AU THÉÂTRE, À PROPOS</title>
				<author born='1825' born_location='' death='1901' death_location='' academie=''>BORNIER, Henri de</author>
			</titleStmt>
			<publicationStmt>	
				<publisher>publié par Paul FIEVRE, août 2017</publisher>
				<idno>BAYARD-BORNIER_BAYARDAUTHEATRE</idno>
			<rights>Creative Commons BY-NC-SA</rights>
			</publicationStmt>
			<SourceDesc>
				<genre>Comédie</genre>
				<inspiration>vie littéraire</inspiration>				<structure>Un acte</structure>
				<type>vers</type>
				<periode>1821-1830</periode>
				<taille>500-750</taille>
				<permalien></permalien>
			</SourceDesc>
		</fileDesc>
</teiHeader>
<text>
	<front>
		<docTitle>
			<titlePart type="main">MOLIÈRE AU THÉÂTRE</titlePart>
			<titlePart type="sub">COMÉDIE EN UN ACTE ET EN VERS LIBRES</titlePart>
			<titlePart type="sub">Représentée pour la première fois, par les Comédiens ordinaires du Roi, sur le second Théâtre-Français, le 15 janvier 1824.</titlePart> 
			<titlePart type="sub">JOUR ANNIVERSAIRE DE LA NAISSANCE DE MOLIÈRE.</titlePart>
		</docTitle> 
		<docDate value='1824'>M DCCC XXIV.</docDate>
		<docAuthor id='BAYARD, ROMIEU' bio='bornier'>De Mrs Bayard et Romieu.</docAuthor>
		<docImprint>
			<printer id='BRIERE, BARBA'>À PARIS, CHEZ J.L.J. BRIÈRE, LIBRAIRE, rue Saint-André des Arts, n°68. ET CHEZ BARBA, LIBRAIRE, au Palais-Royal, Derrière le Théâtre Français, n°15.</printer>
		</docImprint>
		<performance>

			<premiere date='1824-01-15' location='Théâtre Français'>Représentée pour la première fois, par les Comédiens ordinaires du Roi, sur le second Théâtre-Français, le 15 janvier 1824.</premiere>
		</performance>
	<castList><head>PERSONNAGES. ACTEURS.</head>
		<castItem><role id='MOLIÈRE' sex="1" type="H" statut='comédien' age='A' stat_amour='néant'>MOLIÈRE</role>, M. SAMSON.</castItem>
		<castItem><role id='BOILEAU' sex="1" type="H" statut='auteur' age='A' stat_amour='néant'>BOILEAU</role>, M. THÉNARD.</castItem>
		<castItem><role id='CHAPELLE' sex="1" type="H" statut='auteur' age='A' stat_amour='néant'>CHAPELLE</role>. M. CHAZEL.</castItem>
		<castItem><role id='LA THORILLIÈRE' sex="1" type="H" statut='comédien' age='A' stat_amour='néant'>LA THORILLIÈRE</role>, comédien. M. DUPARAI.</castItem>
		<castItem><role id='LUCILE' sex="2" type="H" statut='comédien' age='J' stat_amour='néant'>LUCILE</role>, sa fille. Mlle ANAÏS.</castItem>
		<castItem><role id='BARON' sex="1" type="H" statut='comédien' age='J' stat_amour='néant'>BARON</role>, âgé de seize ans. Mlle DELATTRE.</castItem>
		<castItem><role id='LULLI' sex="1" type="H" statut='musicien' age='A' stat_amour='néant'>LULLI</role>, M. PROVOST.</castItem>
		<castItem><role id='BRÉCOURT' sex="1" type="H" statut='comédien' age='A' stat_amour='néant'>BRÉCOURT</role>, Comédien, M. MÉNÉTRIER.</castItem>
		<castItem><role id='MADEMOISELLE DE BRIE' sex="2" type="H" statut='comédien' age='A' stat_amour='néant'>MADEMOISELLE DE BRIE</role>, Comédienne. Mlle BROHAN.</castItem>
		<castItem><role id='COMÉDIENS' sex="9" type="H" statut='comédien' age='A' stat_amour='néant'>COMÉDIENS</role>.</castItem>
	</castList>
	<set location="Paris" country="France" periode="XVIIème" gps="48.856614, 2.352222">La scène se passe à Paris, sur le théâtre de Molière.</set>
	</front>
<body>
<div1 type="act" n="1"><head>MOLIÈRE AU THÉÂTRE</head>
<stage type="decor">Au lever du rideau le théâtre est en désordre.</stage>
<div2 type="scene" n="1"><head>SCÈNE PREMIÈRE. Lathorillière, Lucile.</head>
<sp who="LATHORILLIÈRE"><speaker>LATHORILLIÈRE.</speaker>
<stage type="stop/anxious">Il arrête Lucile, qui paraît fort inquiète pendant toute la scène.</stage>
	<l id="1" syll="7" part="i">Bon ! J'arrive et tu sors !</l>
</sp>
<sp who="LUCILE"><speaker>LUCILE.</speaker>
	<l id="1" syll="3" part="m">Mais, mon père...</l>
</sp>
<sp who="LATHORILLIÈRE"><speaker>LATHORILLIÈRE.</speaker>
	<l id="1" syll="2" part="f">Demeure.</l>
	<l id="2" syll="6" part="i">Que fais-tu donc ici ?</l>
</sp>
<sp who="LUCILE"><speaker>LUCILE.</speaker>
	<l id="2" syll="6" part="f">Je viens étudier.</l>
</sp>
<sp who="LATHORILLIÈRE"><speaker>LATHORILLIÈRE.</speaker>
	<l id="3" syll="3" part="i">Et quel rôle ?</l>
</sp>
<sp who="LUCILE"><speaker>LUCILE.</speaker>
	<l id="3" syll="3" part="m">Psyché.</l>
</sp>
<sp who="LATHORILLIÈRE"><speaker>LATHORILLIÈRE.</speaker>
	<l id="3" syll="6" part="f">Toujours, à la même heure,</l>
	<l id="4">Je te retrouve seule, au théâtre, au foyer...</l>
	<l id="5">Et ton rôle n'avance guère.</l>
	<l id="6">Lorsque nous répétons, ma chère,</l>
	<l id="7">Ce rôle trop peu su nous fait pester, crier...</l>
	<l id="8">Quelque secret que je ne puis comprendre,</l>
	<l id="9">Te le fait sans doute oublier...</l>
	<l id="10">S'il ne t'empêche de l'apprendre.</l>
</sp>
<sp who="LUCILE"><speaker>LUCILE.</speaker>
	<l id="11" syll="8" part="i">Mon Dieu ! C'est singulier... J'apprends.</l>
</sp>
<sp who="LATHORILLIÈRE"><speaker>LATHORILLIÈRE.</speaker>
	<l id="11" syll="4" part="f">Oui, mais je crois</l>
	<l id="12">Qu'on peut justifier ta mémoire infidèle.</l>
	<l id="13">Tiens, on m'a dit une nouvelle</l>
	<l id="14">Qui te surprendra moins que moi...</l>
	<l id="15" syll="9" part="i">Baron est à Paris... Tu le sais...</l>
</sp>
<sp who="LUCILE"><speaker>LUCILE.</speaker>
	<l id="15" syll="3" part="f">Oui, mon père.</l>
</sp>
<sp who="LATHORILLIÈRE"><speaker>LATHORILLIÈRE.</speaker>
	<l id="16">Je l'aurais parié ! Tu l'as peut-être vu ?... </l>
	<l id="17">Heim ?.. Oui... T'a-t-il parlé ? Toujours oui... Mais crois-tu</l>
	<l id="18">Qu'en ces lieux quelquefois il vienne te distraire ?</l>
</sp>
<sp who="LUCILE"><speaker>LUCILE.</speaker>
	<l id="19">Je crois qu'il m'aime, et moi je l'aime aussi.</l>
	<l id="20">Vous le savez, lorsqu'il était ici,</l>
	<l id="21">Tous deux élevés par Molière,</l>
	<l id="22">Notre amour paraissait vous plaire.</l>
	<l id="23">Lorsqu'il nous venait voir, vous ne l'éloigniez pas,</l>
	<l id="24">Et dans la troupe, on l'appelait tout bas</l>
	<l id="25">Le gendre de Lathorillière.</l>
</sp>
<sp who="LATHORILLIÈRE"><speaker>LATHORILLIÈRE.</speaker>
	<l id="26">Mais alors on pouvait l'aimer.</l>
	<l id="27">Quand Molière autrefois se plut à le former,</l>
	<l id="28">À ses jeunes talents, à son esprit facile,</l>
	<l id="29">Nous comptions bien voir Baron quelque jour</l>
	<l id="30">Nous disputer les faveurs de la cour</l>
	<l id="31">Et les suffrages de la ville.</l>
	<l id="32">Et qu'a-t-il fait ? Paresseux, indocile,</l>
	<l id="33">Loin de tenir ce qu'il avait promis,</l>
	<l id="34">Fuyant soudain son bienfaiteur, son maître,</l>
	<l id="35">Avec des baladins il a quitté Paris </l>
	<l id="36">Pour courir la province, et s'y perdre peut-être !</l>
	<l id="37">De tant de soins était-ce là le prix ?</l>
	<l id="38">Qui fut ingrat, doit cesser de te plaire ;</l>
	<l id="39">Et puisqu'il a perdu l'amitié de Molière,</l>
	<l id="40">Parmi nous il n'a plus d'amis.</l>
</sp>
<sp who="LUCILE"><speaker>LUCILE.</speaker>
	<l id="41">Allons !... Peut-être je m'abuse...</l>
	<l id="42">Mais notre Molière est si bon !</l>
	<l id="43">Si je vais l'en prier, croyez-vous qu'il refuse</l>
	<l id="44">De reprendre son cher Baron ?</l>
	<l id="45">Le coupable a seize ans... seize ans ! C'est une excuse !</l>
</sp>
<sp who="LATHORILLIÈRE"><speaker>LATHORILLIÈRE.</speaker>
	<l id="46">Non, ma fille ; on peut bien pardonner une ruse,</l>
	<l id="47">Mais pour l'ingratitude il n'est point de pardon.</l>
</sp>
<sp who="LUCILE"><speaker>LUCILE.</speaker>
	<l id="48">Laissez-nous un peu d'espérance.</l>
</sp>
<sp who="LATHORILLIÈRE"><speaker>LATHORILLIÈRE.</speaker>
	<l id="49">Eh, non !... Écoute-moi : Molière est à la Cour ;</l>
	<l id="50">Il ne viendra que tard. Ce soir, à son retour,</l>
	<l id="51">Nous devons célébrer le jour de sa naissance ;</l>
	<l id="52">Tous nos apprêts se font en son absence.</l>
	<l id="53">Par de pénibles souvenirs </l>
	<l id="54">Ne trouble pas au moins sa fête et nos plaisirs !</l>
</sp>
<sp who="LUCILE"><speaker>LUCILE.</speaker>
	<l id="55" syll="2" part="i">Baron... </l>
</sp>
<sp who="LATHORILLIÈRE"><speaker>LATHORILLIÈRE.</speaker>
	<l id="55" syll="10" part="f">Un petit fat sans état, sans famille !</l>
</sp>
<sp who="LUCILE"><speaker>LUCILE.</speaker>
	<l id="56">Ah ! Ne l'accablez pas, il est bien malheureux !</l>
</sp>
<sp who="LATHORILLIÈRE"><speaker>LATHORILLIÈRE.</speaker>
	<l id="57">J'en suis fâché... N'en parlons plus, ma fille.</l>
	<l id="58">Qu'un homme soit frappé d'un coup trop rigoureux,</l>
	<l id="59">S'il est honnête et bon, on le plaint... car on l'aime...</l>
	<l id="60">Mais qu'un petit ingrat vienne prier, gémir ;</l>
	<l id="61">Ma foi tant pis ! il faut savoir souffrir</l>
	<l id="62">Le mal que l'on s'est fait soi-même...</l>
	<l id="63">Mais on m'attend ; Lulli veut nous faire chanter</l>
	<l id="64">Molière, son ami, qu'il vient aussi fêter.</l>
	<l id="65" syll="4" part="i">Tu chanteras.</l>
</sp>
<sp who="LUCILE"><speaker>LUCILE.</speaker>
	<l id="65" syll="2" part="m">Moi ? Non.</l>
</sp>
<sp who="LATHORILLIÈRE"><speaker>LATHORILLIÈRE.</speaker>
	<l id="65" syll="6" part="f">Ma fille, je l'exige.</l>
	<l id="66">Laisse-là ta Psyché... surtout plus d'embarras,</l>
	<l id="67">Plus d'amour !... Rejoins-nous... Tu chanteras, te dis-je.</l>
<stage type="exit">Il sort.</stage>
</sp>
<sp who="LUCILE"><speaker>LUCILE.</speaker>
	<l id="68">Ah ! Ce pauvre Baron ! Je ne chanterai pas.</l>
</sp>
</div2>
<div2 type="scene" n="2"><head>SCÈNE II. Baron, Lucile.</head>
<sp who="LUCILE"><speaker>LUCILE.</speaker>
	<l id="69" syll="6" part="i">Sortez, il est parti !</l>
</sp>
<sp who="BARON"><speaker>BARON.</speaker>
	<l id="69" syll="6" part="f">C'est un homme intraitable !</l>
</sp>
<sp who="LUCILE"><speaker>LUCILE.</speaker>
	<l id="70">Hé bien ! Baron, vous avez entendu ?...</l>
</sp>
<sp who="BARON"><speaker>BARON.</speaker>
	<l id="71">Oui, mon panégyrique ! Il n'est pas fort aimable ;</l>
	<l id="72">Mais du moins il est clair : je n'en ai rien perdu.</l>
</sp>
<sp who="LUCILE"><speaker>LUCILE.</speaker>
	<l id="73">Vous voyez ; au théâtre on pourrait vous surprendre !...</l>
	<l id="74">Mon père sait votre retour !</l>
	<l id="75">À mon trouble il vient de comprendre</l>
	<l id="76">Que je vous ai revu, que vous parlez d'amour...</l>
</sp>
<sp who="BARON"><speaker>BARON.</speaker>
	<l id="77">Oui, certes ! Et je serai son gendre !...</l>
	<l id="78">En faisant mon portrait, il ne l'a pas flatté.</l>
	<l id="79">Oh ! Que j'aurais voulu me montrer, me défendre,</l>
	<l id="80">Lui dire que je suis, que j'ai toujours été...</l>
</sp>
<sp who="LUCILE"><speaker>LUCILE.</speaker>
	<l id="81">Un étourdi, Monsieur !... Vous auriez tout gâté !</l>
	<l id="82">Ici, je venais seule étudier mon rôle ;</l>
	<l id="83">Vous m'avez suivie en secret :</l>
	<l id="84">Moi qui suis bonne, et peut-être un peu folle,</l>
	<l id="85">J'ai pardonné, j'ai cru que vous seriez discret.</l>
	<l id="86">Nous avons entendu mon père,</l>
	<l id="87">Et je vous ai caché là, dans ce cabinet...</l>
	<l id="88">Il fallait vous montrer !... Jugez de sa colère !</l>
</sp>
<sp who="BARON"><speaker>BARON.</speaker>
	<l id="89">Lucile, ne me grondez pas :</l>
	<l id="90">C'est pour vous que j'ai su me taire.</l>
	<l id="91">Mais je comptais sur lui pour décider Molière</l>
	<l id="92">À me voir, à m'ouvrir ses bras.</l>
	<l id="93">Il refuse. C'est mal... c'est très-mal ! Mais que faire ?</l>
</sp>
<sp who="LUCILE"><speaker>LUCILE.</speaker>
	<l id="94">Mais, mon ami, d'abord, il faut vous éloigner...</l>
	<l id="95">Oui... Les comédiens arrangent une fête :</l>
	<l id="96">Déjà dans le foyer on s'assemble, on s'apprête ;</l>
	<l id="97" syll="6" part="i">Ils vont venir ici.</l>
</sp>
<sp who="BARON"><speaker>BARON.</speaker>
	<l id="97" syll="6" part="f">Pourquoi me chagriner ?...</l>
	<l id="98">De grâce, laissez-moi dans mon secret asile !</l>
</sp>
<sp who="LUCILE"><speaker>LUCILE.</speaker>
	<l id="99">Bon ! Mais je vous préviens qu'une fois renfermé</l>
	<l id="100" syll="6" part="i">Vous y serez longtemps !</l>
</sp>
<sp who="BARON"><speaker>BARON.</speaker>
	<l id="100" syll="6" part="f">Eh ! Qu'importe, Lucile ?</l>
	<l id="101">Près de mes vieux amis je serai plus tranquille.</l>
</sp>
<sp who="LUCILE"><speaker>LUCILE.</speaker>
	<l id="102">Ne comptez pas sur eux, vous n'êtes plus aimé ;</l>
	<l id="103">Molière vous avait formé...</l>
</sp>
<sp who="BARON"><speaker>BARON.</speaker>
	<l id="104">Oh ! Je retrouverai mon maître, mon modèle !</l>
	<l id="105">Qu'avec ravissement ici je me rappelle</l>
	<l id="106">Les vertus dont lui-même ornait son cher Baron !</l>
	<l id="107">Chaque trait de sa vie était une leçon.</l>
	<l id="108">Un jour, j'étais bien jeune encore !...</l>
	<l id="109">Je lui dis : Un pauvre homme implore</l>
	<l id="110">Quelques secours... C'était un vieux comédien</l>
	<l id="111">Qui rejoignait sa troupe en Basse-Normandie :</l>
	<l id="112">Pour faire le voyage il ne lui restait rien.</l>
	<l id="113">« Vivons en gens d'honneur, faisons un peu de bien :</l>
	<l id="114">Que ce soit ta philosophie !</l>
	<l id="115">Me dit Molière ; vois, décide, je te prie,</l>
	<l id="116">Là... que donnerons-nous à ce pauvre vieillard ?</l>
	<l id="117">Quatre pistoles ? - Soit ! donne-les de ma part...</l>
	<l id="118">Attends... joins-y ces vingt pistoles,</l>
	<l id="119">Que tu lui donneras, mais pour toi, mon ami...</l>
	<l id="120">Va, ne soyons jamais généreux à demi !.. »</l>
	<l id="121">Ainsi ses actions appuyaient ses paroles ;</l>
	<l id="122">Ainsi pour ma jeunesse il savait ennoblir</l>
	<l id="123">Une trop pénible carrière ;</l>
	<l id="124">Et comme mes talents, aux leçons de Molière,</l>
	<l id="125">Mon âme devait s'agrandir !</l>
	<l id="126">Mais pour moi ces beaux jours vont enfin revenir !</l>
	<l id="127">À ce coeur qui m'aima j'ai fait une blessure</l>
	<l id="128">Que moi seul je pourrai guérir.</l>
	<l id="129">À ses yeux si je viens m'offrir,</l>
	<l id="130">Il verra mes regrets, mon amitié si pure...</l>
	<l id="131">Vous vous joindrez à moi, nous saurons l'attendrir.</l>
</sp>
<sp who="LUCILE"><speaker>LUCILE.</speaker>
	<l id="132">Vous croyez ? Mais pour vous il paraît inflexible,</l>
	<l id="133">Et ce beau dénouement est peut-être impossible...</l>
	<l id="134">Cependant nous devons jouer au premier jour,</l>
	<l id="135">Psyché, que Molière et Corneille</l>
	<l id="136">Avec Quinault ont faite pour la Cour.</l>
	<l id="137">Le rôle de l'Amour vous irait à merveille !</l>
	<l id="138">Tous nos acteurs l'ont pris et quitté tour à tour :</l>
	<l id="139">Ils sont trop vieux pour un tel personnage.</l>
	<l id="140">Si Molière voulait !.. Ne perdons pas courage ;</l>
	<l id="141">Je parlerai de vous ce soir à son retour...</l>
	<l id="142">Il y va du sort de l'ouvrage :</l>
	<l id="143">Je jouerais mieux Psyché si vous étiez l'Amour !..</l>
</sp>
<sp who="BARON"><speaker>BARON.</speaker>
	<l id="144" syll="6" part="i">Oui, ce serait charmant...</l>
</sp>
<sp who="LUCILE"><speaker>LUCILE.</speaker>
	<l id="144" syll="6" part="f">Ciel !.. Les voici... Je tremble!...</l>
</sp>
<sp who="BARON"><speaker>BARON.</speaker>
	<l id="145">Chut ! Personne en ces lieux n'a pu nous voir ensemble...</l>
</sp>
<sp who="LUCILE"><speaker>LUCILE.</speaker>
	<l id="146" syll="6" part="i">J'entends Monsieur Lulli...</l>
</sp>
<sp who="BARON"><speaker>BARON.</speaker>
	<l id="146" syll="6" part="f">Je me cache... Un baiser !</l>
<stage type="kiss/hide">Il l'embrasse et se cache.</stage>
</sp>
<sp stage="alone" who="LUCILE"><speaker>LUCILE, seule. </speaker>
	<l id="147">Il est si malheureux qu'on ne peut refuser.</l>
<stage type="estonish/away">Elle paraît d'abord interdite, puis elle s'éloigne doucement.</stage>
</sp>
</div2>
<div2 type="scene" n="3"><head>SCÈNE III. Lulli, Lathorillière, Brécourt, M" DE BRIE, coMÉDIENs.</head>
<sp who="LULLI"><speaker>LULLI.</speaker>
	<l id="148" syll="6" part="i">Eh ! Oui, vous chantez faux !</l>
</sp>
<sp who="MADEMOISELLE DE BRIE"><speaker>MADEMOISELLE DE BRIE.</speaker>
	<l id="148" syll="6" part="f">Soyez donc plus aimable !</l>
</sp>
<sp who="LATHORILLIÈRE"><speaker>LATHORILLIÈRE.</speaker>
	<l id="149" syll="6" part="i">Dire qu'on chante faux !</l>
</sp>
<sp who="BRÉCOURT"><speaker>BRÉCOURT.</speaker>
	<l id="149" syll="6" part="f">Oh ! C'est un cas pendable,</l>
	<l id="150" syll="6" part="i">Mesdames, n'est-ce pas ?</l>
</sp>
<sp who="MADEMOISELLE DE BRIE"><speaker>MADEMOISELLE DE BRIE.</speaker>
	<l id="150" syll="6" part="f">Je chante faux, Lulli ?...</l>
</sp>
<sp who="LULLI"><speaker>LULLI.</speaker>
<stage type="toward">À Mademoiselle Duparc.</stage>
	<l id="151">Là ! Ne vous fâShez pas ! Vous êtes adorable...</l>
<stage type="toward">À Mademoiselle de Brie.</stage>
	<l id="152">Vous avez pour zouer un talent... admirable...</l>
	<l id="153">Mon coeur il est à vous... Ne suis-ze pas pouli ?...</l>
	<l id="154">Mais, mes petits amours, vous shantez faux en diable !</l>
</sp>
<sp who="MADEMOISELLE DE BRIE"><speaker>MADEMOISELLE DE BRIE.</speaker>
	<l id="155" syll="6" part="i">C'est que l'air est mauvais.</l>
</sp>
<sp who="LULLI"><speaker>LULLI.</speaker>
	<l id="155" syll="6" part="f">Il est zouli, zouli...</l>
</sp>
<sp who="MADEMOISELLE DE BRIE"><speaker>MADEMOISELLE DE BRIE.</speaker>
	<l id="156" syll="6" part="i">Je le trouve trop haut,</l>
</sp>
<sp who="BRÉCOURT"><speaker>BRÉCOURT.</speaker>
	<l id="156" syll="3" part="m">Moi, trop bas</l>
</sp>
<sp who="LULLI"><speaker>LULLI.</speaker>
	<l id="156" syll="6" part="f">À merveille !</l>
	<l id="157">Il me faut plous de temps pour vous mettre d'accord</l>
	<l id="158">Qu'il ne m'en a fallou d'abord</l>
	<l id="159">Pour composer !... Tenez, ze vous conseille</l>
	<l id="160">De souivre mes leçons... ze ne me trompe pas,</l>
	<l id="161">Per che, pourquoi, lorsqu'on a de l'oreille</l>
	<l id="162">On n'écrit un morceau ni trop haut ni trop bas.</l>
	<l id="163">Ze souis mousicien... mousicien habile...</l>
	<l id="164">Et ce n'est pas moi qui le dis ;</l>
	<l id="165">Ze ne me flatte pas ! Ma la cour et la ville</l>
	<l id="166">Sour ce point sont du même avis.</l>
	<l id="167">Quand ze compose oun air, ze shershe, ze combine ;</l>
	<l id="168">C'est ainsi que z'ai fait Armide, Proserpine,</l>
	<l id="169">Des chefs-d'oeuvre... Mon sher Quinault,</l>
	<l id="170">Avec ses lioux communs de mourale loubrique,</l>
	<l id="171">Sans vanité, me doit tout ce qu'il vaut...</l>
	<l id="172">Ze le reshauffe, ainsi, des sons de ma mousique...</l>
	<l id="173">Boileau le dit dans la critique ;</l>
	<l id="174">Et mon ami Boileau se connaît en mousique!...</l>
	<l id="175" syll="6" part="i">Vous riez que ze crois !...</l>
</sp>
<sp who="MADEMOISELLE DE BRIE"><speaker>MADEMOISELLE DE BRIE.</speaker>
	<l id="175" syll="6" part="f">Vous n'avez pas ici</l>
	<l id="176">Vos acteurs d'opéra... Nous parlons, Dieu merci !...</l>
	<l id="177">Aujourd'hui, par hasard, quittant la comédie,</l>
	<l id="178">Tant bien que mal nous voudrions chanter.</l>
	<l id="179">Nous ne demandons pas une oeuvre de génie ; </l>
	<l id="180">C'est Molière, un ami que nous devons fêter ;</l>
	<l id="181" syll="6" part="i">Et l'air doit être simple...</l>
</sp>
<sp who="LULLI"><speaker>LULLI.</speaker>
	<l id="181" syll="6" part="f">Ascoltate ma mie !</l>
	<l id="182">Il est simple et sharmant !... Moi, quand z'ai fait cela</l>
	<l id="183">Ze connaissais vos voix, l'orchestre il était là.</l>
	<l id="184">Ze me disais : Mamezelle de Brie</l>
	<l id="185" syll="6" part="i">Shante en ut !... </l>
</sp>
<sp who="MADEMOISELLE DE BRIE"><speaker>MADEMOISELLE DE BRIE.</speaker>
	<l id="185" syll="2" part="m">En ut !...</l>
</sp>
<sp who="LULLI"><speaker>LULLI.</speaker>
	<l id="185" syll="6" part="f">Oui ! Mais Brécourt shante en la !</l>
	<l id="186">Mamezelle Douparc a la voix très-zoulie,</l>
	<l id="187">Un poco fausse... A shacun sa partie...</l>
	<l id="188">Alors z'ai composé mon air... et le voilà.</l>
<stage type="sing">Il chante.</stage>
	<l id="189">Ut, ut, la, ut, la, etc.</l>
	<l id="190">La... la... picchiato... Sentez-vous l'harmonie ?</l>
	<l id="191">Tenez, cet air shanté par des Italiens,</l>
	<l id="192" syll="6" part="i">Il serait ravissant !...</l>
</sp>
<sp who="BRÉCOURT"><speaker>BRÉCOURT.</speaker>
	<l id="192" syll="6" part="f">Bon ! Ces musiciens</l>
	<l id="193">N'aiment que leurs voix d'Italie;</l>
	<l id="194" syll="6" part="i">Hors de là, rien de bon !...</l>
</sp>
<sp who="LULLI"><speaker>LULLI.</speaker>
	<l id="194" syll="6" part="f">Eh ! non, sans doute... Mais</l>
	<l id="195">Vede Rome, Milan, Florence, ma patrie !</l>
	<l id="196">Là, pour faire valoir nos airs, notre génie,</l>
	<l id="197">Nous avons des gosiers que nous faisons exprès.</l>
</sp>
<sp stage="laugh" who="BRÉCOURT"><speaker>BRÉCOURT, riant.</speaker>
	<l id="198">Oh ! C'est une gloire trop chère !</l>
</sp>
<sp who="LATHORILLIÈRE"><speaker>LATHORILLIÈRE.</speaker>
	<l id="199">Mais voyons, on attend Molière ;</l>
	<l id="200" syll="6" part="i">Ne perdons pas de temps.</l>
</sp>
<sp who="LULLI"><speaker>LULLI.</speaker>
	<l id="200" syll="6" part="f">Eh ! Oui, nous sommes prêts...</l>
	<l id="201">Allons, rapprochez-vous, et que l'on soit docile !</l>
	<l id="202">La, la, la... n'est-ce pas que c'est délicioux ?</l>
</sp>
<sp who="LATHORILLIÈRE"><speaker>LATHORILLIÈRE.</speaker>
	<l id="203">Chantons juste et d'accord... C'est assez difficile.</l>
</sp>
<sp who="LULLI"><speaker>LULLI.</speaker>
	<l id="204">Shacun shantera de son mioux...</l>
	<l id="205">Mais où donc est votre Loucile ?</l>
</sp>
<sp who="MADEMOISELLE DE BRIE"><speaker>MADEMOISELLE DE BRIE.</speaker>
	<l id="206">Quand nous sommes entrés, j'ai cru la voir ici.</l>
</sp>
<sp who="LATHORILLIÈRE"><speaker>LATHORILLIÈRE.</speaker>
	<l id="207">Eh ! Mais, on vient.... C'est elle... la voici.</l>
</sp>
</div2>
<div2 type="scene" n="4"><head>SCÈNE IV. Les précédents, Lucile.</head>
<sp who="LULLI"><speaker>LULLI.</speaker>
	<l id="208">Qu'avez-vous donc sharmante demoizelle ?</l>
</sp>
<sp who="LUCILE"><speaker>LUCILE.</speaker>
	<l id="209" syll="6" part="i">Molière est de retour.</l>
</sp>
<sp who="LULLI"><speaker>LULLI.</speaker>
	<l id="209" syll="3" part="m">Ah ! Bon diou !</l>
</sp>
<sp who="MADEMOISELLE DE BRIE"><speaker>MADEMOISELLE DE BRIE.</speaker>
	<l id="209" syll="3" part="f">Que dit-elle ?</l>
</sp>
<sp who="LATHORILLIÈRE"><speaker>LATHORILLIÈRE.</speaker>
	<l id="210">Déjà Molière !... Il ne vient que ce soir.</l>
</sp>
<sp who="LUCILE"><speaker>LUCILE.</speaker>
	<l id="211">Il arrive à l'instant, et vous pourrez le voir.</l>
</sp>
<sp who="BRÉCOURT"><speaker>BRÉCOURT.</speaker>
	<l id="212">Eh vite !... Il faut ailleurs répéter notre fête.</l>
</sp>
<sp who="LULLI"><speaker>LULLI.</speaker>
	<l id="213">Cashons notre mousique ; il faut adroitement</l>
	<l id="214">Shersher quelque prétexte honnête</l>
	<l id="215">Pour le laisser seul un moment.</l>
</sp>
<sp who="MADEMOISELLE DE BRIE"><speaker>MADEMOISELLE DE BRIE.</speaker>
	<l id="216" syll="6" part="i">Quel contre-temps fâcheux !</l>
</sp>
<sp who="LULLI"><speaker>LULLI.</speaker>
	<l id="216" syll="6" part="f">Shout ! Voici le poète.</l>
	<l id="217">N'allez pas répéter !.. Foi de mousicien,</l>
	<l id="218">À nos projets il ne comprendra rien.</l>
</sp>
</div2>
<div2 type="scene" n="5"><head>SCÈNE V. Les Précédents, Molière.</head>
<sp who="MOLIÈRE"><speaker>MOLIÈRE.</speaker>
	<l id="219">Eh ! Bonjour, mes amis, Brécourt, Lathorillière,</l>
	<l id="220" syll="10" part="i">Mesdames... Ah! Lulli, comment vas-tu ?</l>
</sp>
<sp who="LULLI"><speaker>LULLI.</speaker>
	<l id="220" syll="2" part="f">Fort bien.</l>
	<l id="221">Je souis ravi de voir notre excellent Molière...</l>
	<l id="222">Que ze n'attendais pas sitôt !</l>
</sp>
<sp who="MOLIÈRE"><speaker>MOLIÈRE.</speaker>
	<l id="223" syll="6" part="i">J'ai hâté mon retour.</l>
</sp>
<sp who="LULLI"><speaker>LULLI.</speaker>
	<l id="223" syll="6" part="f">Et c'est ce qu'il nous faut.</l>
<stage type="toward">Aux Comédiens.</stage>
	<l id="224" syll="1" part="i">Heim !</l>
</sp>
<sp who="MOLIÈRE"><speaker>MOLIÈRE.</speaker>
	<l id="224" syll="6" part="f">Mais apprenez-en la cause singulière.</l>
	<l id="225">Vous me voyez confus des bontés de mon roi...</l>
</sp>
<sp who="LULLI"><speaker>LULLI.</speaker>
	<l id="226">Ses bontés ne m'étonnent guère.</l>
	<l id="227">Louis ze le connais ; il fait grand cas de moi,</l>
	<l id="228" syll="6" part="i">Et moi grand cas de lui.</l>
</sp>
<sp who="MOLIÈRE"><speaker>MOLIÈRE.</speaker>
	<l id="228" syll="6" part="f">Vous savez qu'à Versailles</l>
	<l id="229">Le plaisir est de mode, et chacun à son tour,</l>
	<l id="230">Depuis les dernières batailles,</l>
	<l id="231">Offre un brillant repas aux seigneurs de la Cour ;</l>
	<l id="232">Les gens du palais ont leur jour.</l>
	<l id="233">Mais le comédien n'était pas de ces fêtes...</l>
	<l id="234">Oui, j'en étais exclus... Oh ! Ne m'en plaignez pas.</l>
	<l id="235">Libre du moins, dans ces belles retraites</l>
	<l id="236">Je pouvais égarer mes pas,</l>
	<l id="237">Et prendre à mon loisir un paisible repas.</l>
	<l id="238">Là, rien de mes travaux ne venait me distraire,</l>
	<l id="239">Et je rêvais, loin du fracas,</l>
	<l id="240">À mon Malade imaginaire.</l>
	<l id="241">Le roi, je ne sais trop comment,</l>
	<l id="242">A tout su. Ce matin, avant l'heure ordinaire,</l>
	<l id="243">Il m'a fait appeler dans son appartement :</l>
	<l id="244">« Molière, me dit-il, tu dînes seul... personne</l>
	<l id="245">À ses repas ne s'honore de toi ;</l>
	<l id="246">Approche cette table et déjeune avec moi. »</l>
	<l id="247">Je m'assieds. Alors il ordonne</l>
	<l id="248">Qu'on ouvre aux courtisans pour le lever du roi.</l>
	<l id="249">Ils entrent... Sans les voir leur maître m'encourage,</l>
	<l id="250">Me parle avec bonté. Fier d'un si noble appui,</l>
	<l id="251">Je me sentais un personnage ;</l>
	<l id="252">Il semblait que Louis m'élevât jusqu'à lui !</l>
	<l id="253">La leçon a produit son effet aujourd'hui.</l>
	<l id="254">Chacun me voulait pour convive ;</l>
	<l id="255">Mais en vain ! Vous voyez, j'arrive.</l>
<stage type="laugh">Riant.</stage>
	<l id="256">Quand on déjeune avec le roi,</l>
	<l id="257">Messieurs les courtisans, il faut dîner chez soi !</l>
</sp>
<sp who="MADEMOISELLE DE BRIE"><speaker>MADEMOISELLE DE BRIE.</speaker>
	<l id="258" syll="4" part="i">C'est fort bien dit.</l>
</sp>
<sp who="LULLI"><speaker>LULLI.</speaker>
	<l id="258" syll="8" part="f">Le trait est soublime, sans doute ;</l>
	<l id="259" syll="6" part="i">Digne d'être shanté.</l>
</sp>
<sp who="MOLIÈRE"><speaker>MOLIÈRE.</speaker>
	<l id="259" syll="6" part="f">J'ai trouvé sur ma route.</l>
	<l id="260">Chapelle, Despréaux... ils me suivent, je croi...</l>
	<l id="261">Et Monsieur de Vivonne... Il vient souvent chez moi.</l>
</sp>
<sp who="LATHORILLIÈRE"><speaker>LATHORILLIÈRE.</speaker>
	<l id="262">Oui, richesse sans faste et grandeur sans jactance :</l>
	<l id="263">Tel jadis Laelius vivait avec Térence.</l>
</sp>
<sp who="MOLIÈRE"><speaker>MOLIÈRE.</speaker>
	<l id="264">Ah !... nous allons pour eux, à l'instant même, ici,</l>
	<l id="265">Répéter la nouvelle pièce,</l>
	<l id="266">Psyché !... Je l'ai promis ; vous tiendrez ma promesse.</l>
<stage type="wave">Lulli leur fait des signes.</stage>
</sp>
<sp who="MADEMOISELLE DE BRIE"><speaker>MADEMOISELLE DE BRIE.</speaker>
	<l id="267" syll="4" part="i">C'est impossible !</l>
</sp>
<sp who="MOLIÈRE"><speaker>MOLIÈRE.</speaker>
	<l id="267" syll="8" part="f">Heim ! Quoi ? Que veut dire ceci ?</l>
</sp>
<sp who="MADEMOISELLE DE BRIE"><speaker>MADEMOISELLE DE BRIE.</speaker>
	<l id="268" syll="6" part="i">Sans être prévenus !...</l>
</sp>
<sp who="LULLI"><speaker>LULLI.</speaker>
	<l id="268" syll="6" part="f">Allons, point de faiblesse ;</l>
	<l id="269" syll="3" part="i">Tenez bon !</l>
</sp>
<sp who="MADEMOISELLE DE BRIE"><speaker>MADEMOISELLE DE BRIE.</speaker>
	<l id="269" syll="9" part="f">Je ne puis répéter à présent.</l>
</sp>
<sp who="MOLIÈRE"><speaker>MOLIÈRE.</speaker>
	<l id="270">Y pensez-vous ? Ces Messieurs nous attendent.</l>
</sp>
<sp who="MADEMOISELLE DE BRIE"><speaker>MADEMOISELLE DE BRIE.</speaker>
	<l id="271" syll="4" part="i">J'en suis fâchée.</l>
</sp>
<sp who="MOLIÈRE"><speaker>MOLIÈRE.</speaker>
	<l id="271" syll="6" part="f">Eh ! mais, assurément,</l>
	<l id="272" syll="4" part="i">Vous plaisantez.</l>
</sp>
<sp who="MADEMOISELLE DE BRIE"><speaker>MADEMOISELLE DE BRIE.</speaker>
	<l id="272" syll="2" part="m">Non pas.</l>
</sp>
<sp who="MOLIÈRE"><speaker>MOLIÈRE.</speaker>
	<l id="272" syll="6" part="f">Au théâtre ils se rendent ;</l>
	<l id="273" syll="4" part="i">Et vous voulez...</l>
</sp>
<sp who="MADEMOISELLE DE BRIE"><speaker>MADEMOISELLE DE BRIE.</speaker>
	<l id="273" syll="8" part="f">Je veux... je veux qu'une autre fois</l>
	<l id="274">Ils prennent pour venir un moment plus propice.</l>
</sp>
<sp who="MOLIÈRE"><speaker>MOLIÈRE.</speaker>
	<l id="275" syll="4" part="i">Qu'avez-vous donc ?</l>
</sp>
<sp who="MADEMOISELLE DE BRIE"><speaker>MADEMOISELLE DE BRIE.</speaker>
	<l id="275" syll="8" part="f">Je suis... malade... je le crois.</l>
	<l id="276">Mais que ce soit ou raison ou caprice,</l>
	<l id="277" syll="6" part="i">Je ne répète pas.</l>
</sp>
<sp stage="low" who="LULLI"><speaker>LULLI, bas.</speaker>
	<l id="277" syll="4" part="m">À merveille !</l>
</sp>
<sp who="MOLIÈRE"><speaker>MOLIÈRE.</speaker>
	<l id="277" syll="2" part="f">Morbleu !</l>
	<l id="278">De me pousser à bout vous faites-vous un jeu ?</l>
	<l id="279">Mais je me passe d'une actrice.</l>
	<l id="280" syll="3" part="i">Ces Messieurs... </l>
</sp>
<sp who="LATHORILLIÈRE"><speaker>LATHORILLIÈRE.</speaker>
	<l id="280" syll="3" part="m">Je ne puis...</l>
</sp>
<sp who="MOLIÈRE"><speaker>MOLIÈRE.</speaker>
	<l id="280" syll="2" part="m">Encor...</l>
</sp>
<sp who="BRÉCOURT"><speaker>BRÉCOURT.</speaker>
	<l id="280" syll="4" part="f">Ni moi non plus.</l>
</sp>
<sp who="MOLIÈRE"><speaker>MOLIÈRE.</speaker>
	<l id="281">Qu'est-ce à dire ? Comment ?... D'où viennent ces refus ?</l>
</sp>
<sp who="LATHORILLIÈRE"><speaker>LATHORILLIÈRE.</speaker>
	<l id="282" syll="6" part="i">Mais cela nous dérange.</l>
</sp>
<sp stage="aparte" who="LULLI"><speaker>LULLI, à part.</speaker>
	<l id="282" syll="4" part="m">Eh ! oui, beaucoup.</l>
</sp>
<sp who="MOLIÈRE"><speaker>MOLIÈRE.</speaker>
	<l id="282" syll="2" part="f">J'enrage !</l>
	<l id="283">Mes amis m'ont suivi pour entendre l'ouvrage;</l>
	<l id="284">Ils attendent... Et vous !... Oh ! Vous répéterez !</l>
	<l id="285" syll="6" part="i">Là, je vous en supplie ! </l>
</sp>
<sp who="LATHORILLIÈRE"><speaker>LATHORILLIÈRE.</speaker>
	<l id="285" syll="6" part="f">Impossible, vous dis-je.</l>
</sp>
<sp who="MOLIÈRE"><speaker>MOLIÈRE.</speaker>
	<l id="286">D'un entêtement qui m'afflige</l>
	<l id="287">Je ne puis savoir la raison !</l>
	<l id="288">Vous vous taisez... Eh bienl répétez, je l'exige,</l>
	<l id="289">Ou je romps avec vous pour ne plus vous revoir;</l>
	<l id="290" syll="4" part="i">Vous m'entendez ?</l>
</sp>
<sp who="MADEMOISELLE DE BRIE"><speaker>MADEMOISELLE DE BRIE.</speaker>
	<l id="290" syll="6" part="f">J'en suis au désespoir.</l>
	<l id="291">Les circonstances... puis... enfin, mon cher Molière...</l>
	<l id="292" syll="6" part="i">Demandez à Lulli.</l>
<stage type="exit">Elle sort.</stage>
</sp>
<sp who="MOLIÈRE"><speaker>MOLIÈRE.</speaker>
	<l id="292" syll="6" part="f">Mais toi, Lathorillière... ?</l>
</sp>
<sp who="LATHORILLIÈRE"><speaker>LATHORILLIÈRE.</speaker>
	<l id="293">Le cas est grave, et je voudrais pouvoir</l>
	<l id="294">À l'instant vous tirer d'affaire...</l>
	<l id="295">Mais un engagement... vous entendez... ce soir...</l>
	<l id="296" syll="6" part="i">Demandez à Lulli.</l>
<stage type="exit">Il sort.</stage>
</sp>
<sp who="MOLIÈRE"><speaker>MOLIÈRE.</speaker>
	<l id="296" syll="6" part="f">J'étouffe de colère !...</l>
	<l id="297" syll="3" part="i">Vous, Brécourt...? </l>
</sp>
<sp who="BRÉCOURT"><speaker>BRÉCOURT.</speaker>
	<l id="297" syll="9" part="f">Oh ! Ma foi ! demandez à Lulli.</l>
<stage type="exit">Il sort.</stage>
</sp>
<sp who="MOLIÈRE"><speaker>MOLIÈRE.</speaker>
	<l id="298">Ouais! veut-on me jouer et m'insulter ici? -</l>
	<l id="299">Crois-tu qu'impunément je souffre que toi-même...</l>
</sp>
<sp who="LULLI"><speaker>LULLI.</speaker>
	<l id="300">Là, pourquoi te fâsher ?... Tu sais bien que ze t'aime</l>
	<l id="301">Et beaucoup... Mais, vois-tu... la mousique, mon sher...</l>
	<l id="302">Ces dames... ces messieurs... mazoie, elle est extrême...</l>
<stage type="low/toward">Bas, à Lucile.</stage>
	<l id="303">Et... tu m'entends... Adiou... Venez shanter notre air.</l>
<stage type="give/touch">Il donne la main à Lucile.</stage>
</sp>
<sp who="LUCILE"><speaker>LUCILE.</speaker>
	<l id="304" syll="6" part="i">Oh ! Je lui parlerai.</l>
<stage type="exit">Elle sort avec Lulli.</stage>
</sp>
</div2>
<div2 type="scene" n="6"><head>SCÈNE VI.</head>
<sp stage="alone" who="MOLIÈRE"><speaker>MOLIÈRE, seul.</speaker>
	<l id="304" syll="6" part="f">C'est de l'impertinence ;</l>
	<l id="305">Tant de caprices à la fin</l>
	<l id="306">Ont fatigué ma patience !...</l>
	<l id="307">Ah ! Messieurs les rieurs... Je bénis le destin</l>
	<l id="308">Qui me ramène ici dans cette circonstance...</l>
	<l id="309">Corbleu ! Je suis content de me voir insulté !...</l>
	<l id="310">À mes amis j'ai longtemps résisté,</l>
	<l id="311">Mais je n'hésite plus !... Je vous quitte !... Courage !...</l>
	<l id="312">Point de regrets !... C'est vous... vous qui m'avez quitté !...</l>
	<l id="313">Vous qui m'avez forcé par ce nouvel outrage</l>
	<l id="314">À reprendre ma liberté...</l>
	<l id="315">Vous me perdez. Plus tard vous saurez me connaître...</l>
	<l id="316">Gardez, gardez longtemps cette folle gaîté ;</l>
	<l id="317">Pour moi me voilà libre, et je veux toujours l'être !</l>
</sp>
</div2>
<div2 type="scene" n="7"><head>SCÈNE VII. Molière, Boileau, Chapelle.</head>
<sp who="CHAPELLE"><speaker>CHAPELLE.</speaker>
	<l id="318">Eh bien, que fais-tu donc?tu nous a oubliés. .</l>
</sp>
<sp who="MOLIÈRE"><speaker>MOLIÈRE.</speaker>
	<l id="319" syll="6" part="i">Chapelle... Ah ! Despréaux...!</l>
</sp>
<sp who="BOILEAU"><speaker>BOILEAU.</speaker>
	<l id="319" syll="6" part="f">Tu nous fais bien attendre.</l>
	<l id="320">Si tu savais, pour vous entendre,</l>
	<l id="321">Quels plaisirs aujourd'hui je t'ai sacrifiés !</l>
	<l id="322">C'est jour d'académie... à son poste fidèle</l>
	<l id="323">Chapelain y lit à présent,</l>
	<l id="324">Un nouveau chant de la Pucelle.</l>
</sp>
<sp who="CHAPELLE"><speaker>CHAPELLE.</speaker>
	<l id="325">Parbleu ! Voilà ce qui s'appelle</l>
	<l id="326" syll="3" part="i">Se venger !</l>
</sp>
<sp stage="laugh" who="BOILEAU"><speaker>BOILEAU, riant.</speaker>
	<l id="326" syll="9" part="f">Par bonheur le coupable est absent !</l>
<stage type="TOWARD">À Molière.</stage>
	<l id="327">Mais, Molière, qu'as-tu ?... Quelque peine nouvelle ?...</l>
</sp>
<sp who="MOLIÈRE"><speaker>MOLIÈRE.</speaker>
	<l id="328">Oui : je suis furieux !... '</l>
</sp>
<sp who="CHAPELLE"><speaker>CHAPELLE.</speaker>
	<l id="329">Et Psyché qu'on attend...</l>
	<l id="330">Vivonne et ses amis veulent qu'on les prévienne.</l>
</sp>
<sp who="BOILEAU"><speaker>BOILEAU.</speaker>
	<l id="331" syll="3" part="i">Ils sont là.</l>
</sp>
<sp who="MOLIÈRE"><speaker>MOLIÈRE.</speaker>
	<l id="331" syll="9" part="f">Je le sais... c'est moi qui les amène ;</l>
	<l id="332">Ils veulent voir Psyché... c'est par bonté pour moi...</l>
	<l id="333">Et les acteurs se sont mis dans la tête</l>
	<l id="334" syll="6" part="i">De ne pas répéter !... : ^</l>
</sp>
<sp who="CHAPELLE"><speaker>CHAPELLE.</speaker>
	<l id="334" syll="6" part="f">Diable ! Il faut qu'on répète!...</l>
</sp>
<sp who="MOLIÈRE"><speaker>MOLIÈRE.</speaker>
	<l id="335" syll="6" part="i">Je suis d'une colère !...</l>
</sp>
<sp who="BOILEAU"><speaker>BOILEAU.</speaker>
	<l id="335" syll="6" part="f">Ils refusent !... Pourquoi ?</l>
</sp>
<sp who="MOLIÈRE"><speaker>MOLIÈRE.</speaker>
	<l id="336">Pourquoi ?... je n'en sais rien... rien du tout, je vous jure.</l>
	<l id="337">Ils ont refusé net. Mais d'une telle injure -</l>
	<l id="338" syll="9" part="i">Je prétends me venger.... c'en est fait !</l>
</sp>
<sp who="CHAPELLE"><speaker>CHAPELLE.</speaker>
	<l id="338" syll="3" part="f">C'est fort bien.</l>
</sp>
<sp who="MOLIÈRE"><speaker>MOLIÈRE.</speaker>
	<l id="339" syll="4" part="i">Je les quitte.</l>
</sp>
<sp who="BOILEAU"><speaker>BOILEAU.</speaker>
	<l id="339" syll="2" part="m">Bravo !</l>
</sp>
<sp who="MOLIÈRE"><speaker>MOLIÈRE.</speaker>
	<l id="339" syll="6" part="f">Seul, j'étais leur soutien...</l>
</sp>
<sp who="BOILEAU"><speaker>BOILEAU.</speaker>
	<l id="340" syll="6" part="i">Oh ! Ce sont des ingrats...</l>
</sp>
<sp who="CHAPELLE"><speaker>CHAPELLE.</speaker>
	<l id="340" syll="6" part="f">Bon ! Toujours il pardonne.</l>
</sp>
<sp who="MOLIÈRE"><speaker>MOLIÈRE.</speaker>
	<l id="341">Non, mon coeur irrité ne pardonne plus rien ;</l>
	<l id="342">Je faisais leur fortune, et je les abandonne.</l>
</sp>
<sp who="BOILEAU"><speaker>BOILEAU.</speaker>
	<l id="343">Nous le désirons tous : ta gloire, ta santé,</l>
	<l id="344">Depuis longtemps voulaient ce sacrifice.</l>
	<l id="345">Du bonheur qu'on a mérité</l>
	<l id="346">Il faut au moins que l'on jouisse.</l>
</sp>
<sp who="CHAPELLE"><speaker>CHAPELLE.</speaker>
	<l id="347">Sans doute... ta santé, mon cher, a grand besoin</l>
	<l id="348">D'un peu de calme... il faut en prendre soin.</l>
	<l id="349">J'ai vu ta femme hier, elle n'est pas tranquille;</l>
	<l id="350">En partant pour Auteuil, elle voulait enfin</l>
	<l id="351">Me charger... moi... de te rendre docile.</l>
	<l id="352">Ton médecin... je crois... le docteur Mauvillain</l>
	<l id="353" syll="6" part="i">Voudrait te voir, il faut...</l>
</sp>
<sp who="MOLIÈRE"><speaker>MOLIÈRE.</speaker>
	<l id="353" syll="6" part="f">Eh! mon vieux camarade,</l>
	<l id="354">Que parles-tu d'un médecin ...</l>
	<l id="355">C'est bien assez d'être malade !</l>
</sp>
<sp who="BOILEAU"><speaker>BOILEAU.</speaker>
	<l id="356">Je suis de ton avis... et j'aime ta boutade.</l>
	<l id="357">Le théâtre t'accable, il le faut quitter.... mais</l>
	<l id="358">Ne vas pas reprendre ta chaîne.</l>
</sp>
<sp who="MOLIÈRE"><speaker>MOLIÈRE.</speaker>
	<l id="359">Non, mes amis, non, je vous le promets, .</l>
	<l id="360">J'ai bien pris mon parti, je renonce à la scène,</l>
	<l id="361">Et sans retour... je ne veux désormais</l>
	<l id="362">Que me livrer en paix aux soins que je préfère...</l>
	<l id="363">J'ai là des plans nombreux...etmes pinceaux sont prêts:</l>
	<l id="364">Je fuirai dans Auteuil, et de nouveaux portraits</l>
	<l id="365">Viendront bientôt égayer le parterre.</l>
</sp>
<sp who="BOILEAU"><speaker>BOILEAU.</speaker>
	<l id="366">Dans Auteuill... c'est charmant! et nous irons t'y voir.</l>
	<l id="367">Ta maison est pourtant bien près de la rivière...</l>
	<l id="368" syll="6" part="i">N'est-il pas vrai, Chapelle?...</l>
</sp>
<sp who="CHAPELLE"><speaker>CHAPELLE.</speaker>
	<l id="368" syll="6" part="f">Oui, tu dois le savoir !...</l>
</sp>
<sp who="MOLIÈRE"><speaker>MOLIÈRE.</speaker>
	<l id="369">Va, pour longtemps encor, j'ai, mon pauvre Chapelle,</l>
	<l id="370">Des ridicules à tracer.</l>
	<l id="371">On croit qu'en vieillissant, ils vont enfin cesser;</l>
	<l id="372">Mais chaque jour les renouvelle.</l>
</sp>
<sp who="BOILEAU"><speaker>BOILEAU.</speaker>
	<l id="373">C'est comme mes Cotins : ils reviennent toujours;.</l>
	<l id="374">Je les accable tous les jours ! -</l>
	<l id="375">De mon inflexible franchise,</l>
	<l id="376">Et tous les jours je vois dans de nouveaux écrits</l>
	<l id="377">Non pas les mêmes mots, mais la même sottise;</l>
	<l id="378">Et tous les jours je vois des Cotins rajeunis,</l>
	<l id="379">Qui, se modelant bien sur des oeuvres barbares,</l>
	<l id="380">Ne pouvant être beaux, veulent être bizarres.</l>
	<l id="381">Le mauvais goût est une hydre, morbleu !</l>
	<l id="382">J'ai beau couper, couper les têtes qui renaissent,</l>
	<l id="383">Plus fières elles reparaissent !</l>
	<l id="384">Et, ma foi! ce n'est plus un jeu.</l>
	<l id="385">Les sots feront lignée !... Adieu, la poésie!...</l>
	<l id="386">Nos efforts seront superflus !</l>
	<l id="387">Voilà les hommes de génie</l>
	<l id="388">Qui doivent occuper, quand nous ne serons plus,</l>
	<l id="389">Nos places à l'Académie ! </l>
</sp>
<sp who="MOLIÈRE"><speaker>MOLIÈRE.</speaker>
	<l id="390">Ne perdons pas courage, allons, mon cher Boileau,</l>
	<l id="391">Marchons ensemble, unissons nos férules ;</l>
	<l id="392">Comme le vieux Cotin poursuivons le nouveau,</l>
	<l id="393">Et fouettons tous les ridicules!...</l>
</sp>
<sp who="BOILEAU"><speaker>BOILEAU.</speaker>
	<l id="394">Pour moi j'avais promis de faire, à tout jamais,</l>
	<l id="395">La guerre aux sots... j'ai tenu ma parole.</l>
</sp>
<sp who="CHAPELLE"><speaker>CHAPELLE.</speaker>
	<l id="396">Prenez garde, Messieurs ! Leurs rangs sont bien épais !...</l>
</sp>
<sp stage="sweet" who="MOLIÈRE"><speaker>MOLIÈRE, avec affection.</speaker>
	<l id="397">Eh bien ! S'ils troublent nos succès,</l>
	<l id="398">Que notre amitié nous console !</l>
</sp>
<sp who="CHAPELLE"><speaker>CHAPELLE.</speaker>
	<l id="399">Ah ! Pour nous consoler, aimons et buvons frais !</l>
	<l id="400">Plaisir vaut mieux que renommée...</l>
	<l id="401">L'amour, le vin, voilà ce qui m'émeut...</l>
	<l id="402">La gloire, voyez-vous, n'est que de la fumée.</l>
</sp>
<sp who="MOLIÈRE"><speaker>MOLIÈRE.</speaker>
	<l id="403">De la fumée !... Oui, oui... mais n'en a pas qui veut !...</l>
</sp>
<sp satge="warm" who="BOILEAU"><speaker>BOILEAU, avec chaleur.</speaker>
	<l id="404">Bien ! Molière, il me vient une idée... Oui... j'espère</l>
	<l id="405">Que de tes ennemis tu vas être vengé.</l>
	<l id="406">Tu quittes le théâtre; eh bien ! Sois mon confrère,</l>
	<l id="407">Sois de l'Académie... Un puissant préjugé</l>
	<l id="408">T'en éloignait... plus d'obstacles sans doute.</l>
</sp>
<sp who="MOLIÈRE"><speaker>MOLIÈRE.</speaker>
	<l id="409" syll="3" part="i">Cet honneur...</l>
</sp>
<sp who="BOILEAU"><speaker>BOILEAU.</speaker>
	<l id="409" syll="5" part="f">Laisse donc... écoute :</l>
	<l id="410">Il est onze heures... bien ! On doit être assemblé.</l>
</sp>
<sp who="CHAPELLE"><speaker>CHAPELLE.</speaker>
	<l id="411">C'est un honneur suprême,</l>
	<l id="412">Despréaux a raison, il faut aujourd'hui même</l>
	<l id="413">Que là-bas tu sois appelé !</l>
</sp>
<sp who="MOLIÈRE"><speaker>MOLIÈRE.</speaker>
	<l id="414" syll="1" part="i">Mais...</l>
</sp>
<sp who="BOILEAU"><speaker>BOILEAU.</speaker>
	<l id="414" syll="9" part="f">Et j'y cours... Oui, je veux leur apprendre</l>
	<l id="415">Que l'obstacle est levé.... je vais bien les surprendre...</l>
	<l id="416">Molière, sois à nous! le siècle de Louis</l>
	<l id="417">De ton nom s'embellit encore.</l>
	<l id="418">Ah! que d'un nom si beau notre temple s'honore !</l>
	<l id="419">Consacre-nous des jours dont enfin tu jouis.</l>
	<l id="420">Pour aller à la gloire en dépit de la haine</l>
	<l id="421">Par notre temple il faut passer ;</l>
	<l id="422">Et Molière doit s'y placer</l>
	<l id="423">Entre Racine et La Fontaine.</l>
<stage type="exit">Il sort.</stage>
</sp>
</div2>
<div2 type="scene" n="8"><head>SCÈNE VIII. Molière, Chapelle.</head>
<sp who="MOLIÈRE"><speaker>MOLIÈRE.</speaker>
	<l id="424" syll="3" part="i">Despréaux...?</l>
</sp>
<sp who="CHAPELLE"><speaker>CHAPELLE.</speaker>
	<l id="424" syll="9" part="f">Il est loin... C'est un brave homme au fond.</l>
</sp>
<sp who="MOLIÈRE"><speaker>MOLIÈRE.</speaker>
	<l id="425" syll="6" part="i">Allons ! Je ne veux pas...</l>
</sp>
<sp who="CHAPELLE"><speaker>CHAPELLE.</speaker>
	<l id="425" syll="6" part="f">Et pourquoi ne pas faire,</l>
	<l id="426">En ce cas, mon ami, ce que tant d'autres font ?</l>
	<l id="427" syll="9" part="i">Regrettes-tu déjà tes acteurs ?</l>
</sp>
<sp who="MOLIÈRE"><speaker>MOLIÈRE.</speaker>
	<l id="427" syll="3" part="f">Au contraire :</l>
	<l id="428" syll="6" part="i">Ils m'ont trop fait de mal !...</l>
</sp>
<sp who="CHAPELLE"><speaker>CHAPELLE.</speaker>
	<l id="428" syll="6" part="f">Eh ! Vraiment je te crois !...</l>
	<l id="429">Des soucis du théâtre enfin te voilà quitte...</l>
	<l id="430">C'est un parti fort sage et je t'en félicite.</l>
</sp>
<sp who="MOLIÈRE"><speaker>MOLIÈRE.</speaker>
	<l id="431" syll="3" part="i">Les ingrats !</l>
</sp>
<sp who="CHAPELLE"><speaker>CHAPELLE.</speaker>
	<l id="431" syll="9" part="f">Oui, sans doute, et je t'ai vu cent fois</l>
	<l id="432">Querellant les acteurs, joué par les actrices :</l>
	<l id="433">Quand de leurs intérêts tu portais tout le poids,</l>
	<l id="434">Ils t'accablaient de leurs caprices.</l>
	<l id="435">Mais de ces tyrans de coulisses</l>
	<l id="436">Il faut te venger, tu le dois ! .</l>
	<l id="437">Quand tu fais tout pour eux, que font-ils pour te plaire ?</l>
</sp>
<sp who="MOLIÈRE"><speaker>MOLIÈRE.</speaker>
	<l id="438" syll="6" part="i">Rien.</l>
</sp>
<sp who="CHAPELLE"><speaker>CHAPELLE.</speaker>
	<l id="438" syll="9" part="m">Les vois-tu du moins te seconder ?</l>
</sp>
<sp who="MOLIÈRE"><speaker>MOLIÈRE.</speaker>
	<l id="438" syll="2" part="f">Jamais.</l>
	<l id="439">Je les crains plus que le parterre :</l>
	<l id="440">Ils me font tous les jours expier mes succès.</l>
</sp>
<sp who="CHAPELLE"><speaker>CHAPELLE.</speaker>
	<l id="441">Aux yeux du monde enfin tu subis leur disgrâce.</l>
	<l id="442">Franchement, est-ce là ta place ?</l>
	<l id="443">Travailler... bien encor... mais vivre au milieu d'eux...</l>
</sp>
<sp who="MOLIÈRE"><speaker>MOLIÈRE.</speaker>
	<l id="444">Chapelle... oh ! Que dis-tu ?... Quelle erreur est la tienne !</l>
	<l id="445">J'ai partagé leur sort, leur gloire était la mienne,</l>
	<l id="446">Et je n'en rougis pas ; querelleurs, glorieux,</l>
	<l id="447">Jaloux parfois, un seul mot les ramène :</l>
	<l id="448">Passons-leur des travers ; c'est une grande chaîne</l>
	<l id="449">Qui s'attache aux mortels et les réunit tous.</l>
	<l id="450">Le bourgeois à les siens, et la Cour en fourmille ;</l>
	<l id="451">Les travers, mon ami, ce sont là parmi nous</l>
	<l id="452">Des ressemblances de famille ;</l>
	<l id="453">Mais, s'il est des vertus aussi,</l>
	<l id="454">Crois-moi, Chapelle, on les connaît ici...</l>
	<l id="455">Dans la société d'où l'orgueil les efface</l>
	<l id="456">Plus d'un pauvre comédien</l>
	<l id="457">À coup sûr tiendrait mieux sa place,</l>
	<l id="458">Qu'un bel esprit, qu'un aimable vaurien,</l>
	<l id="459">Ou qu'un prôneur de vertu par grimace...</l>
	<l id="460">L'honneur n'est pas aux lieux où l'on va le chercher,</l>
	<l id="461">Messieurs les gens du monde : il rit de vos hommages ;</l>
	<l id="462">C'est souvent dans ces coeurs chargés de vos outrages</l>
	<l id="463">Que la vertu va se nicher.</l>
</sp>
<sp who="CHAPELLE"><speaker>CHAPELLE.</speaker>
	<l id="464">Bonnes leçons que j'aime à suivre,</l>
	<l id="465" syll="6" part="i">Car je suis philosophe.</l>
</sp>
<sp who="MOLIÈRE"><speaker>MOLIÈRE.</speaker>
	<l id="465" syll="6" part="f">Oui, quand tu n'es pas ivre.</l>
</sp>
<sp who="CHAPELLE"><speaker>CHAPELLE.</speaker>
	<l id="466">Eh ! Qu'importe ? Vois-tu, je cherche à m'étourdir,</l>
	<l id="467">Sur les vices et la folie r</l>
	<l id="468">De ces pauvres humains que je ne puis haïr :</l>
	<l id="469">En philosophe aussi je me livre au plaisir.</l>
	<l id="470">Cette route ici bas que nous avons suivie</l>
	<l id="471">Ne diffère jamais que par les voyageurs :</l>
	<l id="472">Toi, tu suis en rêvant nos sublimes penseurs;</l>
	<l id="473">Moi, de lierre gaîment je couronne ma vie,</l>
	<l id="474">Et je marche avec les buveurs :</l>
	<l id="475">Mais au fond sous d'autres couleurs</l>
	<l id="476">C'est la même philosophie.</l>
</sp>
<sp who="MOLIÈRE"><speaker>MOLIÈRE.</speaker>
	<l id="477">La tienne te pourrait jouer un mauvais tour,</l>
	<l id="478">La mienne est ce qu'il faut; tu le vois chaque jour.</l>
	<l id="479">J'ai de nouveaux chagrins que par elle j'oublie.</l>
</sp>
<sp who="CHAPELLE"><speaker>CHAPELLE.</speaker>
	<l id="480">Tout va changer... tu dois jouir de tes succès...</l>
	<l id="481" syll="2" part="i">Ta gloire...</l>
</sp>
<sp who="MOLIÈRE"><speaker>MOLIÈRE.</speaker>
	<l id="481" syll="10" part="f">Non, les sots aiment trop la vengeance :</l>
	<l id="482">Je ne me flatte pas d'une vaine espérance,</l>
	<l id="483">Le vice démasqué ne pardonne jamais.</l>
	<l id="484">Je dois à mes travaux les chagrins de ma vie,</l>
	<l id="485">Mais je suis consolé par eux.</l>
	<l id="486">Contre la sottise et l'envie</l>
	<l id="487">Ce qui soutient un talent généreux,</l>
	<l id="488">C'est ce pressentiment de grandeur et de gloire,</l>
	<l id="489">C'est cet avis secret qu'il ne doit pas mourir ;</l>
	<l id="490">Dans un équitable avenir</l>
	<l id="491">Il voit le jour de la victoire.</l>
	<l id="492">Quand je ne serai plus on me jugera mieux.</l>
	<l id="493">Et la fureur des envieux</l>
	<l id="494">Tombera devant ma mémoire !</l>
</sp>
<sp stage="touch" who="CHAPELLE"><speaker>CHAPELLE, avec émotion.</speaker>
	<l id="495" syll="2" part="i">Molière !...</l>
</sp>
<sp who="MOLIÈRE"><speaker>MOLIÈRE.</speaker>
	<l id="495" syll="10" part="f">Mon ami !... Fais-moi donc un plaisir :</l>
	<l id="496">Vois mes comédiens... là-bas que vont-ils faire?</l>
	<l id="497">Ils m'ont trop irrité... mais je suis un bon père :</l>
	<l id="498" syll="6" part="i">Quittons-les en amis...</l>
</sp>
<sp who="CHAPELLE"><speaker>CHAPELLE.</speaker>
	<l id="498" syll="6" part="f">Oui, c'est fort bien agir...</l>
	<l id="499">Sur ta promesse au moins ne va pas revenir !</l>
</sp>
<sp who="MOLIÈRE"><speaker>MOLIÈRE.</speaker>
	<l id="500">Je te réponds de ma colère !...</l>
<stage type="alone">Seul.</stage>
	<l id="501">Oui certe! enfin je suis las de souffrir ;</l>
	<l id="502">Eux-mêmes sont venus m'offrir</l>
	<l id="503">L'occasion de me montrer sévère...</l>
</sp>
</div2>
<div2 type="scene" n="9"><head>SCÈNE IX. Molière, Lucile.</head>
<sp who="LUCILE"><speaker>LUCILE.</speaker>
	<l id="504">Le voilà seul... je tremble !... Il le faut aborder.</l>
</sp>
<sp stage="watch" who="MOLIÈRE"><speaker>MOLIÈRE, sans la voir.</speaker>
	<l id="505">Grand Dieu ! Pour des ingrats quelle était ma faiblesse !</l>
</sp>
<sp who="LUCILE"><speaker>LUCILE.</speaker>
	<l id="506">Je n'ose hélas le regarder.</l>
	<l id="507">Allons, un peu de hardiesse :</l>
<stage type="loud">Haut.</stage>
	<l id="508" syll="2" part="i">Monsieur... ?</l>
</sp>
<sp who="MOLIÈRE"><speaker>MOLIÈRE.</speaker>
	<l id="508" syll="4" part="m">Que me veut-on?</l>
</sp>
<sp who="LUCILE"><speaker>LUCILE.</speaker>
	<l id="508" syll="6" part="f">Comme il est en courroux !</l>
	<l id="509" syll="4" part="i">Je me retire.</l>
</sp>
<sp who="MOLIÈRE"><speaker>MOLIÈRE.</speaker>
	<l id="509" syll="6" part="f">Ah ! Lucile... c'est vous.</l>
	<l id="510" syll="6" part="i">Demeurez, mon enfant.</l>
</sp>
<sp who="LUCILE"><speaker>LUCILE.</speaker>
	<l id="510" syll="6" part="f">Mon bon monsieur Molière,</l>
	<l id="511">D'où vient un accueil si sévère ?</l>
	<l id="512">Votre coeur serait-il changé ?</l>
	<l id="513">Le mien de vos bontés conserve la mémoire...</l>
</sp>
<sp who="MOLIÈRE"><speaker>MOLIÈRE.</speaker>
	<l id="514">Changé pour toi !... Le peux-tu croire ?</l>
	<l id="515">Mais il est du moins corrigé</l>
	<l id="516">De son aveugle confiance</l>
	<l id="517">Et de sa folle complaisance :</l>
	<l id="518">Désormais, j'en fais le serment,</l>
	<l id="519">Je deviendrai bourru, dur, sauvage, intraitable,</l>
	<l id="520">Et j'enverrai tous les humains au diable.</l>
</sp>
<sp stage="aparte" who="LUCILE"><speaker>LUCILE, à part.</speaker>
	<l id="521">Pour le fléchir j'ai pris un bon moment.</l>
</sp>
<sp who="MOLIÈRE"><speaker>MOLIÈRE.</speaker>
	<l id="522">Mais toi, que voulais-tu ? Parle, ma bonne amie.</l>
	<l id="523">Pour le travail, négligeant le plaisir,</l>
	<l id="524">Aurais-tu besoin de loisir ?...</l>
	<l id="525">Je le sais, trop d'étude ennuie,</l>
	<l id="526" syll="4" part="i">Et je permets...</l>
</sp>
<sp who="LUCILE"><speaker>LUCILE.</speaker>
	<l id="526" syll="6" part="f">Vous, devenir méchant !...</l>
	<l id="527">Vous en voulez jouer le personnage;</l>
	<l id="528">Ce rôle ne sera jamais votre partage,</l>
	<l id="529">Vous l'oubliez à tout instant.</l>
</sp>
<sp who="MOLIÈRE"><speaker>MOLIÈRE.</speaker>
	<l id="530" syll="4" part="i">Que je t'embrasse !...</l>
</sp>
<sp who="LUCILE"><speaker>LUCILE.</speaker>
	<l id="530" syll="6" part="f">Allons, il me rassure,</l>
	<l id="531">Et le voilà bien disposé.</l>
<stage type="loud">Haut.</stage>
	<l id="532">Plus je raisonne et moins je me figure</l>
	<l id="533">Qui peut ici s'être exposé</l>
	<l id="534">A caresser la Cour d'une espérance vaine ;</l>
	<l id="535" syll="6" part="i">Car jamais cette pièce...</l>
</sp>
<sp who="MOLIÈRE"><speaker>MOLIÈRE.</speaker>
	<l id="535" syll="6" part="f"> Oui, je t'entends sans peine,</l>
	<l id="536">Tu parles de Psyché... je ne m'en mêle plus ;</l>
	<l id="537">Consulte Quinault là-dessus ;</l>
	<l id="538">Corneille aussi peut te répondre ;</l>
	<l id="539">Dans cet ouvrage qu'on attend,</l>
	<l id="540">Tous deux ont bien voulu confondre,</l>
	<l id="541">Pour célébrer le roi, leur zèle et leur talent.</l>
	<l id="542">J'y renonce, pour moi. Par leurs soins répétée,</l>
	<l id="543">La pièce enfin sera représentée,</l>
	<l id="544" syll="4" part="i">Et plus heureux...</l>
</sp>
<sp who="LUCILE"><speaker>LUCILE.</speaker>
	<l id="544" syll="4" part="f">Y pensez-vous ?</l>
	<l id="545">En vain, hélas ! chacun de nous</l>
	<l id="546">Pour être prêt hâterait sa mémoire,</l>
	<l id="547">Il manque un rôle, et l'on peut croire</l>
	<l id="548" syll="6" part="i">Que de longtemps... </l>
</sp>
<sp who="MOLIÈRE"><speaker>MOLIÈRE.</speaker>
	<l id="548" syll="6" part="f">Oui, l'Amour, en effet...</l>
	<l id="549" syll="4" part="i">Ils chercheront.</l>
</sp>
<sp who="LUCILE"><speaker>LUCILE.</speaker>
	<l id="549" syll="6" part="f">Mais, c'est très difficile ;</l>
	<l id="550" syll="6" part="i">Car au quatrième acte...</l>
</sp>
<sp who="MOLIÈRE"><speaker>MOLIÈRE.</speaker>
	<l id="550" syll="6" part="f">Ah ! Lorsque je l'ai fait,</l>
	<l id="551">Je pensais à quelqu'un : va, ma pauvre Lucile,</l>
	<l id="552">C'était bien lui qu'il nous fallait.</l>
	<l id="553">Sans cesse, en écrivant ce rôle,</l>
	<l id="554">Je voyais son maintien, j'entendais sa parole ;</l>
	<l id="555">A sa jeunesse, à son noble abandon,</l>
	<l id="556">Chacun eût reconnu le maître de Cythère :</l>
	<l id="557">Comme l'Amour il avait tout pour plaire, </l>
	<l id="558" syll="6" part="i">Talent, grâce, beauté...</l>
</sp>
<sp who="LUCILE"><speaker>LUCILE.</speaker>
	<l id="558" syll="6" part="f">Vous parlez de Baron.</l>
</sp>
<sp who="MOLIÈRE"><speaker>MOLIÈRE.</speaker>
	<l id="559">Oui, ce petit ingrat, dont la tête éventée,</l>
	<l id="560">Oubliant en un jour mes soins et mes bienfaits,</l>
	<l id="561">En me fuyant éteignit pour jamais</l>
	<l id="562">De ses succès l'espérance avortée.</l>
</sp>
<sp who="LUCILE"><speaker>LUCILE.</speaker>
	<l id="563" syll="6" part="i">Peut-être il reviendra...</l>
</sp>
<sp who="MOLIÈRE"><speaker>MOLIÈRE.</speaker>
	<l id="563" syll="6" part="f">J'en conserve l'espoir.</l>
<stage type="entrance/wave">Lucile fait un signe à Baron qui paraît dans le fond.</stage>
	<l id="564">Je l'élevai... mais non, je ne veux plus le voir.</l>
<stage type="away">Baron s'éloigne un peu.</stage>
	<l id="565">Il méconnut son bienfaiteur, son père...</l>
	<l id="566" syll="4" part="i">Je l'aimais tant.... !</l>
</sp>
</div2>
<div2 type="scene" n="10"><head>SCÈNE X. Les mêmes, Baron.</head>
<sp stage="kneel" who="BARON"><speaker>BARON, se jetant aux genoux de Molière.</speaker>
	<l id="567" syll="6" part="i">Grâce, monsieur Molière.</l>
</sp>
<sp who="MOLIÈRE"><speaker>MOLIÈRE.</speaker>
	<l id="568" syll="4" part="i">Grand Dieu !... C'est lui.</l>
</sp>
<sp who="BARON"><speaker>BARON.</speaker>
	<l id="568" syll="6" part="f">J'embrasse vos genoux.</l>
</sp>
<sp who="MOLIÈRE"><speaker>MOLIÈRE.</speaker>
	<l id="569" syll="6" part="i">Ah ! Petite rusée !...</l>
<stage type="toward">À Baron. </stage>
	<l id="569" syll="6" part="f">Allons, relevez-vous.</l>
	<l id="570">Comme le voilà grand !... Je sens que ma tendresse...</l>
</sp>
<sp who="BARON"><speaker>BARON.</speaker>
	<l id="571">Ah ! Pardonnez à ma folle jeunesse,</l>
	<l id="572">Si je fuyais ingrat, j'arrive repentant;</l>
	<l id="573">Loin de vous mon âme inquiète,</l>
	<l id="574">Cédant à sa peine secrète,</l>
	<l id="575">Me tourmentait d'un remords déchirant.</l>
	<l id="576">Les applaudissements d'un public idolâtre,</l>
	<l id="577">Qui jusqu'alors avait fait mon bonheur,</l>
	<l id="578">Sans me flatter rappelaient à mon coeur</l>
	<l id="579">Ces jours où sous vos yeux je brillais au théâtre.</l>
	<l id="580">Entouré, recherché, j'étais dans l'abandon,</l>
	<l id="581">Tout me manquait, au milieu de l'aisance ;</l>
	<l id="582">Je reviens, n'ayant plus hélas que l'espérance</l>
	<l id="583">D'obtenir de vous mon pardon.</l>
</sp>
<sp who="MOLIÈRE"><speaker>MOLIÈRE.</speaker>
	<l id="584">Pauvre enfant !... Ton pardon ! Ah ! Tu connais Molière !</l>
	<l id="585">D'avance il était dans mon coeur.</l>
</sp>
<sp stage="quick" who="LUCILE"><speaker>LUCILE, vivement.</speaker>
	<l id="586">Je disais bien qu'à sa prière</l>
	<l id="587">Vous ne tiendriez pas rigueur.</l>
</sp>
<sp who="MOLIÈRE"><speaker>MOLIÈRE.</speaker>
	<l id="588">Oui da ! Mais la gaîté t'est bientôt revenue;</l>
	<l id="589">Cela te touche fort à ce qu'il me paraît.</l>
</sp>
<sp who="BARON"><speaker>BARON.</speaker>
	<l id="590">Je l'avais priée en secret</l>
	<l id="591">De parler en mon nom ; votre bonté connue...</l>
	<l id="592" syll="4" part="i">Pour son talent...</l>
</sp>
<sp who="MOLIÈRE"><speaker>MOLIÈRE.</speaker>
	<l id="592" syll="6" part="f">J'ignorais celui-là...</l>
	<l id="593">Qui l'aurait dit !.. Oui vraiment elle en a,</l>
	<l id="594">Et beaucoup pour une ingénue.</l>
	<l id="595">Je crois me rappeler... Eh ! Sans doute, autrefois</l>
	<l id="596">Chacun riait de vos amours d'enfance ;</l>
	<l id="597">Et cela dure encor ? Voilà de la constance !</l>
	<l id="598">Je gagerais que pendant son absence</l>
	<l id="599">Vous vous écriviez quelquefois ?</l>
	<l id="600">Plaît-il ?... Hem ?... Je vous vois sourire.</l>
</sp>
<sp who="LUCILE"><speaker>LUCILE.</speaker>
	<l id="601" syll="6" part="i">Ne pouvant plus causer...</l>
</sp>
<sp who="BARON"><speaker>BARON.</speaker>
	<l id="601" syll="6" part="f">Il fallait bien s'écrire.</l>
</sp>
<sp who="MOLIÈRE"><speaker>MOLIÈRE.</speaker>
	<l id="602">C'est juste. Épris de ses jeunes appas,</l>
	<l id="603">Plus que jamais Lucile t'est donc chère?...</l>
	<l id="604">C'est au mieux; mais enfin que prétendez-vous faire ?</l>
</sp>
<sp who="BARON"><speaker>BARON.</speaker>
	<l id="605" syll="6" part="i">Nous voulons être heureux.</l>
</sp>
<sp who="MOLIÈRE"><speaker>MOLIÈRE.</speaker>
	<l id="605" syll="6" part="f">Ne vous mariez pas.</l>
</sp>
<sp who="LUCILE"><speaker>LUCILE.</speaker>
	<l id="606">Au contraire ; c'est là toute notre espérance,</l>
	<l id="607">Croyez-vous que l'hymen arrive tout exprès</l>
	<l id="608">Pour chasser aussitôt le bonheur ? Moi je pense</l>
	<l id="609">Que, quand on s'aime avant, l'on peut s'aimer après.</l>
</sp>
<sp who="BARON"><speaker>BARON.</speaker>
	<l id="610" syll="3" part="i">Et toujours...</l>
</sp>
<sp who="MOLIÈRE"><speaker>MOLIÈRE.</speaker>
	<l id="610" syll="5" part="f">J'ai pensé de même,</l>
	<l id="611">Et long-temps aussi j'ai rêvé</l>
	<l id="612">Ce bonheur dont l'hymen vous présente l'emblème ;</l>
	<l id="613">Je me trompais, et c'est un faux système;</l>
	<l id="614">Ma femme me l'a bien prouvé.</l>
</sp>
<sp who="BARON"><speaker>BARON.</speaker>
	<l id="615">Nous savons que le mariage</l>
	<l id="616">Fut toujours attaqué par vous,</l>
	<l id="617">Mais vous verriez un bon ménage</l>
	<l id="618">Si je devenais son époux.</l>
</sp>
<sp who="MOLIÈRE"><speaker>MOLIÈRE.</speaker>
	<l id="619">Par curiosité j'irais donc à la noce.</l>
</sp>
<sp who="LUCILE"><speaker>LUCILE.</speaker>
	<l id="620">Il dépendra de vous d'en hâter le moment.</l>
</sp>
<sp who="MOLIÈRE"><speaker>MOLIÈRE.</speaker>
	<l id="621" syll="2" part="i">De moi ?</l>
</sp>
<sp who="LUCILE"><speaker>LUCILE.</speaker>
	<l id="621" syll="3" part="m">Oui sans doute.</l>
</sp>
<sp who="MOLIÈRE"><speaker>MOLIÈRE.</speaker>
	<l id="621" syll="3" part="f">Et comment ?</l>
</sp>
<sp who="LUCILE"><speaker>LUCILE.</speaker>
	<l id="622">Mon père sait nos voeux ; mais, pour qu'il les exauce,</l>
	<l id="623" syll="4" part="i">Un mot de vous...</l>
</sp>
<sp who="MOLIÈRE"><speaker>MOLIÈRE.</speaker>
	<l id="623" syll="6" part="f">Je n'ai plus de crédit,</l>
	<l id="624">Lucile ; ne t'ai-je pas dit</l>
	<l id="625">Que, dégoûté d'un métier si pénible,</l>
	<l id="626">Et las d'essuyer des rebuts,</l>
	<l id="627">Je vais dans un séjour paisible</l>
	<l id="628">Oublier les momens qu'en ces lieux j'ai perdus.</l>
</sp>
<sp who="BARON"><speaker>BARON.</speaker>
	<l id="629" syll="6" part="i">Oh ! Ciel ! Vous nous quittez!</l>
</sp>
<sp who="LUCILE"><speaker>LUCILE.</speaker>
	<l id="629" syll="6" part="f">Dieu ! Serait-ce possible?</l>
</sp>
<sp who="BARON"><speaker>BARON.</speaker>
	<l id="630">Qui peut vous inspirer ce funeste projet ?</l>
</sp>
<sp who="MOLIÈRE"><speaker>MOLIÈRE.</speaker>
	<l id="631">Depuis longtemps je le médite ;</l>
	<l id="632">Ah! pour eux que n'ai-je pas fait ?</l>
	<l id="633">Les ingrats !... Mais enfin pour toujours je les quitte.</l>
</sp>
<sp stage="touch" who="LUCILE"><speaker>LUCILE, avec émotion.</speaker>
	<l id="634" syll="6" part="i">Non, vous nous resterez...</l>
</sp>
<sp who="MOLIÈRE"><speaker>MOLIÈRE.</speaker>
	<l id="634" syll="6" part="f">Après ce dernier trait !</l>
	<l id="635">Quand ce matin refusant de m'entendre...</l>
</sp>
<sp who="LUCILE"><speaker>LUCILE.</speaker>
	<l id="636">Quoi ! C'est là le motif ?... Que vous m'avez fait peur !</l>
</sp>
<sp who="MOLIÈRE"><speaker>MOLIÈRE.</speaker>
	<l id="637">Que dis-tu ? Je ne puis comprendre...</l>
</sp>
<sp who="BARON"><speaker>BARON.</speaker>
	<l id="638">Oui, vous pouvez encor faire notre bonheur.</l>
	<l id="639">Vous obtiendrez tout de son père.</l>
</sp>
<sp who="LUCILE"><speaker>LUCILE.</speaker>
	<l id="640">Vous resterez auprès de vos amis.</l>
</sp>
<sp who="BARON"><speaker>BARON.</speaker>
	<l id="641">Vos protégés seront unis.</l>
</sp>
<sp who="LUCILE"><speaker>LUCILE.</speaker>
	<l id="642">Et nous conserverons Molière.</l>
</sp>
<sp who="MOLIÈRE"><speaker>MOLIÈRE.</speaker>
	<l id="643" syll="3" part="i">Mais encor.</l>
</sp>
<sp who="LUCILE"><speaker>LUCILE.</speaker>
	<l id="643" syll="5" part="f">Ceux que votre voix</l>
	<l id="644">Accuse ici d'ingratitude</l>
	<l id="645">Pour être heureux suivront toujours vos lois.</l>
	<l id="646">Oui, leur tendre sollicitude,</l>
	<l id="647">En se déguisant à vos yeux,</l>
	<l id="648">De plaire à leur ami s'était fait une étude ;</l>
	<l id="649">Ils veulent célébrer un jour si glorieux.</l>
</sp>
<sp who="BARON"><speaker>BARON.</speaker>
	<l id="650" syll="4" part="i">Comprenez-vous ?</l>
</sp>
<sp who="MOLIÈRE"><speaker>MOLIÈRE.</speaker>
	<l id="650" syll="8" part="f">Du tout ; quelle époque fameuse ?...</l>
	<l id="651">J'ai beau chercher : ma tête en vain se creuse.</l>
</sp>
<sp who="LUCILE"><speaker>LUCILE.</speaker>
	<l id="652">Je vais vous le dire tout bas...</l>
	<l id="653">Je vous fais une confidence,</l>
	<l id="654">Ainsi ne me trahissez pas :</l>
	<l id="655">C'est le jour de votre naissance.</l>
</sp>
<sp who="MOLIÈRE"><speaker>MOLIÈRE.</speaker>
	<l id="656" syll="4" part="i">En vérité ?...</l>
</sp>
<sp who="LUCILE"><speaker>LUCILE.</speaker>
	<l id="656" syll="6" part="f">Voulez-vous les punir?</l>
</sp>
<sp who="MOLIÈRE"><speaker>MOLIÈRE.</speaker>
	<l id="657" syll="6" part="i">Ma naissance ? Oui ; c'est vrai.</l>
</sp>
<sp who="BARON"><speaker>BARON.</speaker>
	<l id="657" syll="6" part="f">Lui seul ici l'ignore ;</l>
	<l id="658">Mais de ce jour à jamais l'avenir</l>
	<l id="659">Conservera le souvenir,</l>
	<l id="660">Et nos derniers neveux le fêteront encore.</l>
</sp>
<sp who="MOLIÈRE"><speaker>MOLIÈRE.</speaker>
	<l id="661">C'était pour moi... Leur fol entêtement,</l>
	<l id="662">Leurs refus, leur gaîté, je vois tout à présent !</l>
	<l id="663">Et je les accusais... Ah ! Combien je déplore !</l>
	<l id="664">Les soupçons dont mon coeur avait pu les flétrir.</l>
	<l id="665">Faut-il donc qu'il se mêle encore</l>
	<l id="666">Des regrets à tant de plaisir !</l>
</sp>
<sp who="LUCILE"><speaker>LUCILE.</speaker>
	<l id="667" syll="4" part="i">Oubliez-les.</l>
</sp>
<sp who="MOLIÈRE"><speaker>MOLIÈRE.</speaker>
	<l id="667" syll="6" part="f">Et vous dont la tendresse</l>
	<l id="668">A rendu la paix à mon coeur,</l>
	<l id="669">C'est par mes mains que le bonheur</l>
	<l id="670">Embellira votre jeunesse.</l>
	<l id="671">Vous voulez être unis; je ferai mes efforts</l>
	<l id="672">Pour que votre hymen s'accomplisse.</l>
</sp>
<sp who="BARON"><speaker>BARON.</speaker>
	<l id="673" syll="4" part="i">Que de bontés!...</l>
</sp>
<sp who="MOLIÈRE"><speaker>MOLIÈRE.</speaker>
	<l id="673" syll="6" part="f">Modère tes transports :</l>
	<l id="674">À tous deux j'aurais pu rendre un meilleur office.</l>
</sp>
<sp who="LUCILE"><speaker>LUCILE.</speaker>
	<l id="675" syll="9" part="i">Justement, j'aperçois mon père.</l>
</sp>
<sp who="MOLIÈRE"><speaker>MOLIÈRE.</speaker>
	<l id="675" syll="3" part="f">Tu vas voir.</l>
</sp>
<sp who="BARON"><speaker>BARON.</speaker>
	<l id="676">Songez qu'en vous est notre unique espoir.</l>
</sp>
</div2>
<div2 type="scene" n="11"><head>SCÈNE XI. Les mêmes, Lathorillière.</head>
<sp who="LATHORILLIÈRE"><speaker>LATHORILLIÈRE.</speaker>
	<l id="677" syll="4" part="i">Baron ici !</l>
</sp>
<sp who="MOLIÈRE"><speaker>MOLIÈRE.</speaker>
	<l id="677" syll="6" part="f">Hé bien ! La Thorillière,</l>
	<l id="678">Tu parais étonné de le voir en ces lieux.</l>
</sp>
<sp who="BARON"><speaker>BARON.</speaker>
	<l id="679">J'ai regagné l'amitié de Molière.</l>
</sp>
<sp who="LATHORILLIÈRE"><speaker>LATHORILLIÈRE.</speaker>
	<l id="680">Il est bien bon ! Et vous êtes heureux.</l>
	<l id="681">J'aurais, certes, moins d'indulgence.</l>
</sp>
<sp who="LUCILE"><speaker>LUCILE.</speaker>
	<l id="682" syll="6" part="i">Quand tout est oublié...</l>
</sp>
<sp who="LATHORILLIÈRE"><speaker>LATHORILLIÈRE.</speaker>
	<l id="682" syll="6" part="f">Taisez-vous s'il vous plaît.</l>
</sp>
<sp who="MOLIÈRE"><speaker>MOLIÈRE.</speaker>
	<l id="683">Ne vas-tu pas gronder ? Cela me déplairait.</l>
	<l id="684">Baron n'est pas coupable, et de ma confiance</l>
	<l id="685">Désormais je veux l'honorer.</l>
	<l id="686">Dès ce jour au théâtre on l'aurait vu rentrer,</l>
	<l id="687">Si j'y gardais quelqu'influence ;</l>
	<l id="688">Mais il suit ma fortune, et bientôt, par mes soins,</l>
	<l id="689">Rien ne manquera, je l'espère,</l>
	<l id="690">À ses désirs, à ses besoins, </l>
	<l id="691">Car je veux lui servir de père.</l>
</sp>
<sp stage="low" who="LUCILE"><speaker>LUCILE, bas.</speaker>
	<l id="692" syll="2" part="i">Très bien !</l>
</sp>
<sp who="LATHORILLIÈRE"><speaker>LATHORILLIÈRE.</speaker>
	<l id="692" syll="6" part="f">Comment ? Que dites-vous ?</l>
	<l id="693">Seriez-vous encore en courroux.</l>
</sp>
<sp who="MOLIÈRE"><speaker>MOLIÈRE.</speaker>
	<l id="694">Moi, point ; mais soit dégoût, soit fatigue ou caprice,</l>
	<l id="695">Je renonce au théâtre, et comme un bon bourgeois</l>
	<l id="696">J'espère vivre en paix loin du bonheur factice</l>
	<l id="697">Qui m'éblouissait autrefois.</l>
</sp>
<sp who="LATHORILLIÈRE"><speaker>LATHORILLIÈRE.</speaker>
	<l id="698" syll="6" part="i">C'est sérieusement ?</l>
</sp>
<sp who="MOLIÈRE"><speaker>MOLIÈRE.</speaker>
	<l id="698" syll="2" part="f">Sans doute.</l>
</sp>
<sp who="LATHORILLIÈRE"><speaker>LATHORILLIÈRE.</speaker>
	<l id="699">Mais je venais vous avertir</l>
	<l id="700">Que nous voulions, pour prévenir</l>
	<l id="701">Ce coup qu'ici chacun redoute,</l>
	<l id="702" syll="6" part="i">Répéter à l'instant.</l>
</sp>
<sp who="MOLIÈRE"><speaker>MOLIÈRE.</speaker>
	<l id="702" syll="6" part="f">Ces soins sont superflus :</l>
	<l id="703">À mon tour moi je ne veux plus.</l>
</sp>
<sp who="BARON"><speaker>BARON.</speaker>
	<l id="704" syll="4" part="i">On ne peut mieux.</l>
</sp>
<sp who="LATHORILLIÈRE"><speaker>LATHORILLIÈRE.</speaker>
	<l id="704" syll="6" part="f">Vous prenez mal la chose.</l>
</sp>
<sp who="MOLIÈRE"><speaker>MOLIÈRE.</speaker>
	<l id="705" syll="4" part="i">C'est possible.</l>
</sp>
<sp who="LATHORILLIÈRE"><speaker>LATHORILLIÈRE.</speaker>
	<l id="705" syll="2" part="m">Pourquoi... ?</l>
</sp>
<sp who="MOLIÈRE"><speaker>MOLIÈRE.</speaker>
	<l id="705" syll="3" part="m">Je ne sais.</l>
</sp>
<sp who="LATHORILLIÈRE"><speaker>LATHORILLIÈRE.</speaker>
	<l id="705" syll="3" part="f">La raison... ?</l>
</sp>
<sp who="MOLIÈRE"><speaker>MOLIÈRE.</speaker>
	<l id="706">Mais... ma foi demande à Baron.</l>
</sp>
<sp who="BARON"><speaker>BARON.</speaker>
	<l id="707">Je dis qu'il agit bien, et je le dis pour cause.</l>
</sp>
<sp who="LATHORILLIÈRE"><speaker>LATHORILLIÈRE.</speaker>
	<l id="708">Petit flatteur, voyez un peu...</l>
	<l id="709">Lucile qu'en dis-tu, ma chère ?</l>
</sp>
<sp who="LUCILE"><speaker>LUCILE.</speaker>
	<l id="710">Moi ? j'approuve très fort Molière.</l>
</sp>
<sp who="LATHORILLIÈRE"><speaker>LATHORILLIÈRE.</speaker>
	<l id="711">Encore ! Allons, pour le coup c'est un jeu.</l>
	<l id="712" syll="6" part="i">Nous allons répéter.</l>
</sp>
<sp who="MOLIÈRE"><speaker>MOLIÈRE.</speaker>
	<l id="712" syll="6" part="f">Non vraiment, je vous jure.</l>
</sp>
<sp who="LATHORILLIÈRE"><speaker>LATHORILLIÈRE.</speaker>
	<l id="713" syll="2" part="i">Si fait.</l>
</sp>
<sp who="MOLIÈRE"><speaker>MOLIÈRE.</speaker>
	<l id="713" syll="1" part="m">Non.</l>
</sp>
<sp who="LATHORILLIÈRE"><speaker>LATHORILLIÈRE.</speaker>
	<l id="713" syll="5" part="f">Je vous en conjure...</l>
	<l id="714">Si vous saviez pourquoi nous avons refusé !</l>
</sp>
<sp who="MOLIÈRE"><speaker>MOLIÈRE.</speaker>
	<l id="715" syll="6" part="i">J'en sais tout ce qu'il faut.</l>
</sp>
<sp who="BARON"><speaker>BARON.</speaker>
	<l id="715" syll="6" part="f">Allons, ferme, courage !</l>
</sp>
<sp who="LATHORILLIÈRE"><speaker>LATHORILLIÈRE.</speaker>
	<l id="716" syll="4" part="i">Écoutez-moi.</l>
</sp>
<sp who="MOLIÈRE"><speaker>MOLIÈRE.</speaker>
	<l id="716" syll="6" part="f">Je suis mal disposé.</l>
	<l id="717">Et ne veux point t'entendre d'avantage.</l>
</sp>
<sp who="LATHORILLIÈRE"><speaker>LATHORILLIÈRE.</speaker>
	<l id="718">Mais quel étrange entêtement !</l>
</sp>
<sp who="MOLIÈRE"><speaker>MOLIÈRE.</speaker>
	<l id="719">Le mien est des plus forts... il n'est qu'une manière</l>
	<l id="720">De le faire cesser, elle est en ton pouvoir,</l>
	<l id="721" syll="8" part="i">Mais tu n'en voudrais pas user.</l>
</sp>
<sp who="LATHORILLIÈRE"><speaker>LATHORILLIÈRE.</speaker>
	<l id="721" syll="4" part="f">Parlez, Molière.</l>
	<l id="722">Je sais qu'il est de mon devoir,</l>
	<l id="723">Puisque le sort de mes confrères</l>
	<l id="724">En mes mains est remis par vous,</l>
	<l id="725">De leur sacrifier, pour fléchir ce courroux,</l>
	<l id="726">Mes espérances les plus chères.</l>
</sp>
<sp stage="low/toward" who="MOLIÈRE"><speaker>MOLIÈRE, bas à Baron.</speaker>
	<l id="727">Tous mes comédiens ont du bon... entre nous...</l>
<stage type="loud">Haut.</stage>
	<l id="728">Je vais donc m'expliquer : ta fille est jeune et belle,</l>
	<l id="729">Un bon mari doit être heureux près d'elle ;</l>
	<l id="730">Il faut la marier. Je te donne ma foi</l>
	<l id="731" syll="3" part="i">De rester...</l>
</sp>
<sp who="LATHORILLIÈRE"><speaker>LATHORILLIÈRE.</speaker>
	<l id="731" syll="5" part="f">Quelle fantaisie !</l>
	<l id="732" syll="4" part="i">Et quel rapport... ?</l>
</sp>
<sp who="MOLIÈRE"><speaker>MOLIÈRE.</speaker>
	<l id="732" syll="6" part="f">Je ne sais... je suis, moi,</l>
	<l id="733">Dans mon jour de bizarrerie ;</l>
	<l id="734">Mais j'y tiens fort et lui veux d'un époux</l>
	<l id="735">Faire présent, morbleu!... c'est mon envie.</l>
</sp>
<sp who="LATHORILLIÈRE"><speaker>LATHORILLIÈRE.</speaker>
	<l id="736">Maison croirait vraiment que vous parlez pour vous...</l>
	<l id="737" syll="3" part="i">Quelle chaleur... !</l>
</sp>
<sp who="MOLIÈRE"><speaker>MOLIÈRE.</speaker>
	<l id="737" syll="6" part="f">Pour moi, non, sur mon âme :</l>
	<l id="738">L'hymen est un lien fort doux ;</l>
	<l id="739">Mais j'ai bien assez de ma femme.</l>
	<l id="740">Quoi qu'il en soit, réfléchis mûrement.</l>
	<l id="741">Le mari que je lui destine</l>
	<l id="742">Est jeune, aimable, et c'est, je m'imagine,</l>
	<l id="743">Celui qui lui convient; du reste, un beau talent,</l>
	<l id="744">De puissants protecteurs et de l'argent comptant.</l>
</sp>
<sp who="LATHORILLIÈRE"><speaker>LATHORILLIÈRE.</speaker>
	<l id="745">Ce sacrifice là n'est pas pénible à faire,</l>
	<l id="746">Mais ma fille avant tout m'est chère,</l>
	<l id="747">Et si son coeur y consent j'y souscris.</l>
</sp>
<sp who="MOLIÈRE"><speaker>MOLIÈRE.</speaker>
	<l id="748">Allons, enfans, vous voilà réunis ;</l>
	<l id="749">J'ai pris en pitié votre flamme ;</l>
	<l id="750">Mes soins ont comblé votre espoir...</l>
	<l id="751">Baron, je te donne une femme,</l>
	<l id="752">Et puisses-tu ne m'en jamais vouloir.</l>
</sp>
<sp who="LATHORILLIÈRE"><speaker>LATHORILLIÈRE.</speaker>
	<l id="753" syll="6" part="i">Quoi ! Ce mauvais sujet ?...</l>
</sp>
<sp who="BARON"><speaker>BARON.</speaker>
	<l id="753" syll="6" part="f">Monsieur Lathorillière,</l>
	<l id="754">L'amour est un grand maître et change bien un coeur ;</l>
	<l id="755">Pour mériter Lucile et votre estime,</l>
	<l id="756">Sous les leçons de cet esprit sublime,</l>
	<l id="757">Mes succès vont bientôt égaler mon ardeur;</l>
	<l id="758">Votre fille est à moi, je vous dois mon bonheur,</l>
	<l id="759">Et vous serez bientôt fier de m'avoir pour gendre.</l>
</sp>
<sp who="MOLIÈRE"><speaker>MOLIÈRE.</speaker>
	<l id="760" syll="3" part="i">J'en réponds.</l>
</sp>
<sp who="LUCILE"><speaker>LUCILE.</speaker>
	<l id="760" syll="3" part="m">J'en suis sûre.</l>
</sp>
<sp who="MOLIÈRE"><speaker>MOLIÈRE.</speaker>
	<l id="760" syll="6" part="f">Un refus obstiné</l>
	<l id="761" syll="4" part="i">Me fâcherait !...</l>
</sp>
<sp who="LATHORILLIÈRE"><speaker>LATHORILLIÈRE.</speaker>
	<l id="761" syll="8" part="f">Allons, comment ne pas se rendre</l>
	<l id="762">Lorsque Molière a pardonné.</l>
</sp>
</div2>
<div2 type="scene" n="12"><head>SCÈNE XII. Les Mêmes, Chapelle, Les Comédiens.</head>
<sp who="CHAPELLE"><speaker>CHAPELLE.</speaker>
	<l id="763">Vos efforts seront vains, je vous le dis d'avance.</l>
</sp>
<sp who="LATHORILLIÈRE"><speaker>LATHORILLIÈRE.</speaker>
	<l id="764" syll="6" part="i">Mes amis, il nous reste...</l>
</sp>
<sp who="CHAPELLE"><speaker>CHAPELLE.</speaker>
	<l id="764" syll="6" part="f">Allons, il recommence...</l>
	<l id="765">Cet homme-là jamais n'a pu prendre un parti.</l>
</sp>
<sp who="MOLIÈRE"><speaker>MOLIÈRE.</speaker>
	<l id="766">Au contraire, mon vieil ami,</l>
	<l id="767">J'ai toujours pris celui de la reconnaissance;</l>
	<l id="768">Ils voulaient me fêter... je sais tout, mes enfants...</l>
	<l id="769">Lorsque mon humeur inquiète,</l>
	<l id="770">Prompte à se créer des tourments,</l>
	<l id="771">Loin d'eux rêvait une retraite.</l>
	<l id="772">Mes vains soupçons s'éloignent pour toujours,</l>
	<l id="773">Et près de vous je veux finir mes jours.</l>
</sp>
<sp who="MADEMOISELLE DE BRIE"><speaker>MADEMOISELLE DE BRIE.</speaker>
	<l id="774" syll="4" part="i">Ce bon Molière !</l>
</sp>
<sp who="BRÉCOURT"><speaker>BRÉCOURT.</speaker>
	<l id="774" syll="6" part="f">Il est toujours le même.</l>
</sp>
<sp who="MOLIÈRE"><speaker>MOLIÈRE.</speaker>
	<l id="775">Pour vous prouver à quel point je vous aime,</l>
	<l id="776">Je veux aussi vous faire un don:</l>
	<l id="777">Mes bons amis, embrassez tous Baron.</l>
</sp>
<sp who="LATHORILLIÈRE"><speaker>LATHORILLIÈRE.</speaker>
	<l id="778" syll="4" part="i">C'est mon gendre.</l>
</sp>
<sp who="MADEMOISELLE DE BRIE"><speaker>MADEMOISELLE DE BRIE.</speaker>
	<l id="778" syll="8" part="f">Vraiment ?... Ma surprise est extrême.</l>
	<l id="779">Et quoi! tu consens tout de bon ?</l>
</sp>
</div2>
<div2 type="scene" n="13"><head>SCÈNE XIII. Les mêmes, Boileau.</head>
<sp who="BOILEAU"><speaker>BOILEAU.</speaker>
	<l id="780">Réjouis-toi, mon cher Molière,</l>
	<l id="781">De notre Académie accourant à l'instant,</l>
	<l id="782">J'embrasse mon nouveau confrère.</l>
</sp>
<sp who="CHAPELLE"><speaker>CHAPELLE.</speaker>
	<l id="783">Je vous en fais à tous mon compliment.</l>
</sp>
<sp who="MOLIÈRE"><speaker>MOLIÈRE.</speaker>
	<l id="784" syll="6" part="i">Quoi ! L'on m'aurait choisi.</l>
</sp>
<sp who="LULLI"><speaker>LULLI.</speaker>
	<l id="784" syll="6" part="f">Tout le monde te fête.</l>
</sp>
<sp who="BOILEAU"><speaker>BOILEAU.</speaker>
	<l id="785">Parmi nous ta place était prête</l>
	<l id="786">Depuis long-temps; après de trop dangereux coups,</l>
	<l id="787">La sottise finit par avoir le dessous.</l>
	<l id="788">La justice et le goût tôt ou tard la renversent ;</l>
	<l id="789">Leurs jugements qu'en vain traversent</l>
	<l id="790">L'ignorance et la vanité</l>
	<l id="791">Sont toujours accueillis par la postérité.</l>
	<l id="792">Sans attendre cette victoire,</l>
	<l id="793">Nous avons adopté ta gloire.</l>
	<l id="794">L'envie opposait à nos voeux</l>
	<l id="795">De ses prétentions la trop faible barrière ;</l>
	<l id="796">Elle est levée enfin, nous pouvons être heureux :</l>
	<l id="797">Tu quittes le théâtre, et nous avons Molière.</l>
</sp>
<sp who="MOLIÈRE"><speaker>MOLIÈRE.</speaker>
	<l id="798">D'un tel empressement je suis vraiment confus ;</l>
	<l id="799">Et trop flatté de cet honneur insigne :</l>
	<l id="800">Le choix qu'on fait de moi prouve qu'on m'en croit digne,</l>
	<l id="801">Et mon coeur ne veut rien de plus.</l>
	<l id="802">Sans l'avoir mendié, j'obtiens votre suffrage ;</l>
	<l id="803">Mais, mon ami, penses-tu qu'à mon âge</l>
	<l id="804">On sacrifie ainsi ses goûts et son repos ?</l>
	<l id="805">Le bonheur est le but que chacun veut atteindre.</l>
	<l id="806">Je le trouve en ces lieux : qu'on cesse de me plaindre;</l>
	<l id="807">Ici j'ai des amis, et chez vous des rivaux.</l>
</sp>
<sp who="BOILEAU"><speaker>BOILEAU.</speaker>
	<l id="808" syll="6" part="i">Tu nous refuses donc ?</l>
</sp>
<sp who="CHAPELLE"><speaker>CHAPELLE.</speaker>
	<l id="808" syll="6" part="f">Quel homme inconcevable.</l>
</sp>
<sp who="MOLIÈRE"><speaker>MOLIÈRE.</speaker>
	<l id="809">Regarde ma famille, elle est autour de moi.</l>
	<l id="810">Si je l'abandonnais, quel autre près du roi</l>
	<l id="811">Élèverait pour elle une voix secourable ?</l>
	<l id="812">Moi, les abandonner !... Quels honneurs éclatants</l>
	<l id="813">Remplaceraient leur tendresse si chère !</l>
	<l id="814">Approuve-moi, Boileau ; tu sais qu'un père</l>
	<l id="815">Se doit d'abord à ses enfants.</l>
<stage type="closer">Tous les comédiens l'entourent.</stage>
</sp>
<sp who="LUCILE"><speaker>LUCILE.</speaker>
	<l id="816" syll="4" part="i">Quelle bonté !</l>
</sp>
<sp who="LULLI"><speaker>LULLI.</speaker>
	<l id="816" syll="6" part="f">Moi, ze crois que z'en pleure.</l>
</sp>
<sp who="CHAPELLE"><speaker>CHAPELLE.</speaker>
	<l id="817" syll="4" part="i">J'en suis ému.</l>
</sp>
<sp who="BOILEAU"><speaker>BOILEAU.</speaker>
	<l id="817" syll="6" part="f">Oui, Molière, demeure.</l>
	<l id="818">Chéri, fêté, qui n'envierait ton sort;</l>
	<l id="819">Pour son bonheur, Messieurs,soyez toujours d'accord.</l>
	<l id="820">C'est du sien que dépend le vôtre.</l>
	<l id="821">Molière, tes vertus ont trompé notre espoir.</l>
	<l id="822">Parmi nos noms, il faut donc voir</l>
	<l id="823">Ton nom remplacé par un autre.</l>
	<l id="824">Sans nous tu marcheras à l'immortalité ;</l>
	<l id="825">Et nous dirons à la postérité :</l>
	<l id="826">Rien ne manque à sa gloire ; il manquait à la notre.</l>
</sp>
<sp who="LULLI"><speaker>LULLI.</speaker>
	<l id="827">Ce soir, nous shanterons : tou vas entendre un air...</l>
	<l id="828">Dont le mérite est dans la circonstance,</l>
	<l id="829">Fort beau du reste; il est de moi, mon sher...</l>
	<l id="830">Et digne dou souzet : c'est tout dire, ze pense.</l>
</sp>
<sp stage="give" who="BOILEAU"><speaker>BOILEAU, donnant une couronne à Molière.</speaker>
	<l id="831">Que le laurier de Plaute, en dépit des jaloux,</l>
	<l id="832">S'unisse sur son front aux palmes de Térence.</l>
</sp>
<sp who="MOLIÈRE"><speaker>MOLIÈRE.</speaker>
	<l id="833" syll="6" part="i">De grâce, mes amis...</l>
</sp>
<sp who="CHAPELLE"><speaker>CHAPELLE.</speaker>
	<l id="833" syll="6" part="f">Nous te la donnons tous,</l>
	<l id="834">Et c'est le bouquet de la France.</l>
</sp>
</div2>
</div1>
</body>
</text>
</TEI>