<?xml version="1.0" encoding='utf-8'?>
<TEI xml:lang="fr">
<teiHeader>
	<fileDesc>
		<titleStmt>
			<title>VÉNUS PÉLERINE,, COMÉDIE</title>
			<author type="texte" ISNI="0000 0001 2101 7547">Alexandre-Louis-Bertrand Robineau de BEAUNOIR (1746-1823)</author>
			
		</titleStmt>
		<publicationStmt>	
			<publisher>publié par Paul FIEVRE, mai 2015</publisher>
			<idno>BEAUNOIR_VENUS</idno>
			<rights>Creative Commons BY-NC-SA</rights>
		</publicationStmt>
		<SourceDesc>
			<genre>Comédie</genre>
			<inspiration>moeurs</inspiration>
			<structure>Un acte</structure>
			<type>prose</type>
			<periode>1771-1780</periode>
			<taille>(mesure non pertinente)</taille>
			<permalien>http://gallica.bnf.fr/ark:/12148/bpt6k1081661</permalien>
		</SourceDesc>
	</fileDesc>
	</teiHeader>
<text>
	<front>
		<docTitle>
			<titlePart type='main'>VÉNUS PÉLERINE</titlePart>
			<titlePart type='sub'>COMÉDIE ÉPISODIQUE</titlePart>
			<titlePart type='sub'>En un Acte, et en Prose, Mêlée de Chants et de Danses.</titlePart>
		</docTitle> 
		<docDate value='1778'>M. DCC. LXXVIII.</docDate>
		<docAuthor id='BEAUNOIR, Alexandre-Louis-Bertrand Robineau dit de' bio='beaunoir'>Par M. de BEAUNOIR.</docAuthor>
		<docImprint>
			<printer id='CAILLEAU'>À AMSTERDAM, Et se trouve À PARIS, Chez CAILLEAU, Imprimeur-Libraire, rue Galande, vis-à-vis celle du Fouare.</printer>
		</docImprint>
		<performance>
			<premiere date='1779-07-31' location="Théâtre des Grands Danseurs du Roi">Représentée, pour la première fois le 31 juillet 1779, à Paris, sur le Théâtre des Grands Danseurs du Roi.</premiere>
		</performance>
	<div type="preface"><head>PRÉFACE.</head>
		<p>Cette Comédie épisodique était destinée aux Italiens : ce genre que Boissy a fait régner longtemps sur ce Théâtre, plaisait beaucoup au Public, à en juger par le je ne sais quoi, la bagatelle, la frivolité, etc. Pièces qui ont eu le plus grand succès, et qui ont produit des recettes abondantes. Il faut tout dire aussi, il y avait alors des acteurs ; aujourd'hui point. Les Ariettes sont en vogue, et étouffent le germe du talent. Nous avons bien des chanteurs, mais point de comédiens ; témoin le sieur Dossonville, qui chante merveilleusement , mais qui débite mal. Je reviens à Vénus Pèlerine, qui fut entre les mains du Comité près de quinze jours. J'attendais une lecture, lorsque je reçus cette lettre honnête et polie.</p>
		<p>MONSIEUR,</p>
		<p>Je suis chargé par les Comédiens, de vous témoigner toute leur reconnaissance de votre bonne volonté à leur égard, et de vous en remercier : agréez votre pièce, dont ils ne peuvent faire usage.</p>
		<p>J'ai l'honneur d'être, etc.</p>
		<p>Signé, Anseaume.</p>
		<p>Je l'ai transcrite pour cause. On me taxe d'être l'ennemi juré de la race Histrione. Il est vrai que je déteste les mauvais acteurs ; mais j'estime le talent : ma Correspondance Dramatique*, en fait foi. Je n'approuverai jamais que les Comédiens exercent un empire insolent, un despotisme injurieux sur les Gens de Lettres : à ce sujet je pris la liberté d'écrire au Magistrat....</p>
		<p>Comme c'était l'intérêt de l'Art qui me guidait, ce prononcé engagea le Magistrat ( malgré le refus des sieurs de Hesse et Préville ) à donner des ordres pour faire jouer VÉNUS PÉLERINE. A l'égard de la mienne, j'ai pensé que n'excitant point assez le gros rire, le rire du peuple qui compose ordinairement les chambrées des Spectacles de nos remparts, je ne devais point y risquer une représentation. De plus, quelques personnes distinguées ont prétendu que ma Comédie n'était faite que pour être sentie et jugée par le petit nombre : elles ont voulu aussi me persuader qu'elle était bien écrite, et vivement dialoguée : la lecture en décidera.</p>
		<p>Il est vrai qu'on ne trouvera point dans mes pièces qui forment le Théâtre de Famille, ce que les Anciens appelaient vis comica ; mais on y verra cette grande simplicité d'action, dont les Maîtres de l'Art nous ont tant enseigné les principes, et dont les Grecs ont si bien donné l'exemple. J'ajouterai que le Théâtre François n'a point dédaigné le genre épisodique : nous y avons des Farces et des Comédies excellentes ; savoir, ÉSOPE À LA COUR, ÉSOPE À LA VILLE. À ce sujet, des amis peu difficiles m'ont blâmé de n'avoir point présenté VÉNUS PÈLERINE, à ces Messieurs et à ces Dames qui viennent de jouer L'AVEUGLE PAR CRÉDULITÉ, vraie Parade, dit-on.</p>
		<p>Il ne me reste plus à dire que mon sujet est pris de ma Chanson, gravée et burinée de cinq ou six façons différentes. Or voici, comme je l'avoue :</p>
		<p type="v">Vénus apprenant que l'Amour</p>
		<p type="v">Chez les humains portait besace,</p>
		<p type="v">De crainte d'en perdre la trace,</p>
		<p type="v">Quitta l'Olimpe et sa Cour :</p>
		<p type="v">Sur terre en habit de mortelle,</p>
		<p type="v">Cherchant son fils, avec Momus :</p>
		<p type="v">Sous une coiffe, Vénus, ( bis )</p>
		<p type="v">N'en était que plus belle.</p>
		<p type="v">Ne sachant point dans quel climat, </p>
		<p type="v">Elle se transporte en Turquie ; </p>
		<p type="v">Mais sa douleur fut infinie </p>
		<p type="v">Lorsqu'on lui dit sans format</p>
		<p type="v">« On ne connaît dans notre Histoire.</p>
		<p type="v">Ce Dieu tout au plus que de nom ; </p>
		<p type="v">Mais entrez dans la maison (bis)</p>
		<p type="v">Nous en ferons mémoire.»</p>
		<p type="v">Notre Quêreuse à l'oeil fripon.</p>
		<p type="v">S'en va chez l'autre Monastère</p>
		<p type="v">Demander l'Enfant de Cythère.</p>
		<p type="v">Un Calender** lui répond :</p>
		<p type="v">« Ma soeur, vous êtes bien novice,</p>
		<p type="v">De chercher l'amour en ces lieux :</p>
		<p type="v">Nous n'éprouvons que ses feux ; (bis)</p>
		<p type="v">Fort à votre service.</p>
		<p type="v">Cypris parcourut à loisir »</p>
		<p type="v">Les cellules les plus secrètes :</p>
		<p type="v">Dans certain couvent de Coquettes</p>
		<p type="v">On lui conte avec plaisir :</p>
		<p type="v">« L'aimable Dieu de la tendresse</p>
		<p type="v">Que depuis longtemps vous cherchez,</p>
		<p type="v">Sans doute pour nos péchés</p>
		<p type="v">Ne va que chez Lucrece. »</p>
		<p type="v">Elle y vole du même pas :</p>
		<p type="v">Mais ses recherches furent vaines ;</p>
		<p type="v">Car les plus agréables chaînes</p>
		<p type="v">Pour ce Dieu n'ont point d'appas.</p>
		<p type="v">Lasse d'un aussi long voyage,</p>
		<p type="v">Vénus retournait dans sa Cour,</p>
		<p type="v">Quand on lui dit que l'Amour</p>
		<p type="v">N'habitait qu'au Village.***</p>
		<p>Je ne renonce point aux honneurs de la représentation. ( Je compare une Pièce, non jouée, à une jolie femme sans toilette ). Si donc le nouveau Théâtre est au dessus des deux existants, si leurs sujets de l'un et de l'autre sexe sont meilleurs, si le Gouvernement permets la sollicitation des Gens de Lettres, de représenter les petites Pièces que les François et Italiens refusent tous les jours ; je consens dès lors à faire jouer la mienne sur ce théâtre intermédiaire. En effet, les Comédiens ne trouvent point telle pièce digne d'être jouée sur leur théâtre : Pourquoi en priver le Public ? Leur refus est une permission tacite du laissez-passer. Heureux ! Si nous pouvons là-dessus persuader le Gouvernement, et rengager à ne plus mettre d'entraves au génie dramatique, dont les productions ont si fort contribué à la gloire du siècle de Louis XIV. Peut-être même serait-il nécessaire que les Auteurs de nos jours s'essayassent d'abord sur les petits Théâtres, avant de paraître sur celui de la Nation. Ces Messieurs connaîtraient leurs forces et leur savoir faire ; ils ne donneraient plus au Public des Tragédies et des Comédies en cinq actes, qui tombent en un jour. Ô mes Concitoyens ! Ne vous ressouvient-il plus que Le Sage et Piron ont travaillé pour la Foire. Sans ces coups d'essai, auriez-vous eu TURCARET et LA MÉTROMANIE. Mais, sans y penser, je fais une dissertation : je finis donc en disant, qu'il m'eût été facile de donner deux actes à cette Comédie épisodique, avec d'autres scènes à tiroir, que j'ai dans mon porte-feuille. Mais comme a prononcé Boileau :</p>
		<p type="v">« Qui ne sait se borner, ne sut jamais écrire.»</p>
		<p>Elle est suivie d'un divertissement, intitulé L'Amour au Village : dont voici le sujet.</p>
		<p type="v">Ennuyé du ton de la Cour,</p>
		<p type="v">Étourdi du bruit de la Ville,</p>
		<p type="v">Enfin, devenu plus tranquille,</p>
		<p type="v">Le Dieu que l'on nomme Amour,</p>
		<p type="v">Quittant son pompeux étalage,</p>
		<p type="v">Sans caprice et sans passion,</p>
		<p type="v">Prit la résolution, (bis)</p>
		<p type="v">D'habiter au Village.</p>
		<p type="v">Ce fut dans un bois écarté </p>
		<p type="v">Qu'il termina sa longue traite : </p>
		<p type="v">Content de sa belle retraite, </p>
		<p type="v">Il chantait avec gaîté : </p>
		<p type="v">« Sans être pour cela sauvage,</p>
		<p type="v">Ni renoncer à tous désirs,</p>
		<p type="v">Je goûte de vrais plaisirs (bis)</p>
		<p type="v">D'habiter au Village.</p>
		<p type="v">Mille objets ravissants et beaux</p>
		<p type="v">Viennent frapper ma faible vue : </p>
		<p type="v">Colette simple, Lise ingénue,</p>
		<p type="v"> Courant après leurs agneaux ; </p>
		<p type="v">Pour les enfermer dans sa cage, </p>
		<p type="v">Eglé qui découvre des nids : </p>
		<p type="v">Je vois les jeux et les ris (bis)</p>
		<p type="v">Habiter au Village.</p>
		<p type="v">Le repas de ces bonnes gens</p>
		<p type="v">Sans aucun apprêt magnifique, </p>
		<p type="v">Simple, frugal et stomachique,</p>
		<p type="v">M'offre des mets succulents ; »</p>
		<p type="v">Dans leur danse ils font du tapage, » </p>
		<p type="v">L'esprit content, le coeur joyeux, </p>
		<p type="v">L'Amour dit qu'il est heureux, (bis)</p>
		<p type="v">D'habiter au Village.</p>
	<p>* Deux volumes in-8°. prix 6 liv. chez Desventes , Ruault, et Cailleau, Libraires.</p>
	<p>** Moine Mahométan.</p>
	<p>*** Les sieurs Tessier et Abraham, Directeurs.</p>
</div>
		<castList><head>ACTEURS</head>
			<castItem><role id="VÉNUS" sex="2" type="D" statut='dieu' age='A' stat_amour='néant'>VÉNUS</role>.</castItem>
			<castItem><role id="MOMUS" sex="1" type="D" statut='dieu' age='A' stat_amour='néant'>MOMUS</role>.</castItem>
			<castItem><role id="L'AMOUR" sex="1" type="D" statut='dieu' age='A' stat_amour='néant'>L'AMOUR</role>.</castItem>
			<castItem><role id="LES TROIS GRÂCES" sex="2" type="D" statut='grâce' age='A' stat_amour='néant'>LES TROIS GRÂCES</role>.</castItem>
			<castItem><role id="CALENDER DE LA SECTE D'OMAR" sex="1" type="H" statut='calender' age='A' stat_amour='néant'>CALENDER DE LA SECTE D'OMAR</role>.</castItem>
			<castItem><role id="CALENDER DE LA SECTE D'HALI" sex="1" type="H" statut='calender' age='A' stat_amour='néant'>CALENDER DE LA SECTE D'HALI</role>.</castItem>
			<castItem><role id="UN VOLUPTUEUX" sex="1" type="H" statut='bourgeois' age='A' stat_amour='néant'>UN VOLUPTUEUX</role>.</castItem>
			<castItem><role id="UNE JEUNE FILLE" sex="2" type="H" statut='bourgeois' age="J" stat_amour='néant'>UNE JEUNE FILLE</role>.</castItem>
			<castItem><role id="UN DRAMATURGE" sex="1" type="H" statut='auteur' age='A' stat_amour='néant'>UN DRAMATURGE</role>.</castItem>
			<castItem><role id="UN SAUVAGE" sex="1" type="H" statut='sauvage' age='A' stat_amour='néant'>UN SAUVAGE</role>.</castItem>
			<castItem><role id="UN OFFICIER FRANÇAIS" sex="1" type="H" statut='officier' age='A' stat_amour='néant'>UN OFFICIER FRANÇAIS</role>.</castItem>
			<castItem><role id="ARLEQUIN" sex="1" type="H" statut="valet" age='A' stat_amour='néant'>ARLEQUIN</role>, Valet de Momus.</castItem>

		</castList>
		<set location="Constantinople" country="Turquie" periode="XVIIIème" gps="41.008238, 28.978359">La Scène est a Constantinople.</set>
</front>
<body>
<div1 type="act" n='1'><head></head>
<div2 type="scene" n='1'><head>SCÈNE PREMIÈRE. Vénus, Momus.</head>
<sp who='MOMUS'><speaker>MOMUS.</speaker>
<p id='1'>
	<s id='1'>Belle Vénus, la chose est donc bien véritable ?</s>
</p>
</sp>
<sp who='VÉNUS'><speaker>VÉNUS.</speaker>
<p id='2'>
	<s id='1'>Hélas ! </s>
	<s id='2'>Que trop véritable.</s>
</p>
</sp>
<sp who="MOMUS"><speaker>MOMUS.</speaker>
<p id="3">
	<s id="1">Dans ce bas univers votre fils porte la besace ?</s>
</p>
</sp>
<sp who='VÉNUS'><speaker>VÉNUS.</speaker>
<p id='4'>
	<s id='1'>Porte la besace.</s>
</p>
</sp>
<sp who="MOMUS"><speaker>MOMUS.</speaker>
<p id="5">
	<s id="1">L'idée est singulière, et l'accoutrement peu noble.</s>
</p>
</sp>
<sp who='VÉNUS'><speaker>VÉNUS.</speaker>
<p id="6">
	<s id="1">Ajoutez, Seigneur Momus, ridicule, et indigne de l'Amour.</s>
</p>
</sp>
<sp who="MOMUS"><speaker>MOMUS.</speaker>
<p id="7">
	<s id="1">Pas tout-à-fait.</s>
</p>
</sp>
<sp who='VÉNUS'><speaker>VÉNUS.</speaker>
<p id='8'>
	<s id='1'>Quoi ! </s>
	<s id='2'>Se travestir en gueux, la besace sur le dos et le bâton blanc à la main ? </s>
	<s id='3'>Ce fait est digne de mon fils.</s>
</p>
</sp>
<sp who="MOMUS"><speaker>MOMUS.</speaker>
<p id='9'>
	<s id='1'>Sans doute. </s>
	<s id='2'>Le Destin l'a fait naître pour jouer différents rôles, riche ou pauvre, berger et Roi.</s>
</p>
</sp>
<sp who='VÉNUS'><speaker>VÉNUS.</speaker>
<p id='10'>
	<s id='1'>À la bonne heure. </s>
	<s id='2'>Mais s'établir sur les Boulevards, et par-là s'exposer à la risée du peuple !</s>
</p>
</sp>
<sp who="MOMUS"><speaker>MOMUS.</speaker>
<p id='11'>
	<s id='1'>Vous pouviez bien dire de la canaille.</s>
</p>
</sp>
<sp who='VÉNUS'><speaker>VÉNUS.</speaker>
<p id='12'>
	<s id='1'>De la canaille : soit. </s>
	<s id='2'>Ne disputons point sur les mots.</s>
</p>
</sp>
<sp who="MOMUS"><speaker>MOMUS.</speaker>
<p id='13'>
	<s id='1'>Non ; car nous aurions trop à faire : n'est-ce pas ?</s>
</p>
</sp>
<sp who='VÉNUS'><speaker>VÉNUS.</speaker>
<p id='14'>
	<s id='1'>Je suis accoutumé à vos traits de satire.</s>
</p>
</sp>
<sp who='MOMUS'><speaker>MOMUS.</speaker>
<p id='15'>
	<s id='1'>D'accord. </s>
	<s id='2'>Mais raisonnons. </s>
	<s id='3'>Quel est votre dessein en quittant l'Olympe ?</s>
</p>
</sp>
<sp who='VÉNUS'><speaker>VÉNUS.</speaker>
<p id='16'>
	<s id='1'>Le voici. </s>
	<s id='2'>Je viens sur la terre chercher mon fils, et le faire rougir de l'état honteux qu'il a pris.</s>
</p>
</sp>
<sp who="MOMUS"><speaker>MOMUS.</speaker>
<p id="17">
	<s id="1">C'est fort bien fait à vous, charmante Vénus.</s>
</p>
</sp>
<sp who='VÉNUS'><speaker>VÉNUS.</speaker>
<p id='18'>
	<s id='1'>Quand une fois je l'aurai trouvé, je le corrigerai de la bonne manière.</s>
</p>
</sp>
<sp who="MOMUS"><speaker>MOMUS.</speaker>
<p id="19">
	<s id="1">À merveille : mais vous, ô rigide Déesse, n'avez-vous pas descendu sur la terre pour converser, soit le jour et la nuit, la nuit ou le jour, et peut-être toutes deux ensemble, pour converser, dis-je, avec le charmant et bel Adonis ?</s>
</p>
</sp>
<sp who='VÉNUS'><speaker>VÉNUS.</speaker>
<p id='20'>
	<s id='1'>Point du tout, Seigneur Momus, ce sont les poètes qui m'ont prête cette faiblesse-là. </s>
	<s id='2'>Moi, un amant ? </s>
	<s id='3'>Je suis mariée.</s>
</p>
</sp>
<sp who="MOMUS"><speaker>MOMUS.</speaker>
<p id="21">
	<s id="1">Et c'est justement pour cela : votre cher époux, le Seigneur Vulcain, n'est pas trop beau, quoique, Dieu : ainsi le mortel a eu la préférence.</s>
</p>
</sp>
<sp who='VÉNUS'><speaker>VÉNUS.</speaker>
<p id='22'>
	<s id='1'>Qui vous l'a dit, caustique Momus ? </s>
	<s id='2'>Y étiez-vous?</s>
</p>
</sp>
<sp who="MOMUS"><speaker>MOMUS.</speaker>
<p id="23">
	<s id="1">Oh ! </s>
	<s id='2'>Non assurément. </s>
	<s id='3'>Mais encore, sans parler de vos amours avec le Dieu des Guerriers...</s>
</p>
</sp>
<sp who='VÉNUS'><speaker>VÉNUS.</speaker>
<p id='24'>
	<s id='1'>Laissons tout cela.</s>
</p>
</sp>
<sp who="MOMUS"><speaker>MOMUS.</speaker>
<p id="25">
	<s id="1">Je le veux bien. </s>
	<s id='2'>Oui, changeons de discours.</s>
</p>
</sp>
<sp stage="watch" who='VÉNUS'><speaker>VÉNUS, se mirant.</speaker>
<p id='26'>
	<s id='1'>Comment me trouvez vous ?</s>
</p>
</sp>
<sp who="MOMUS"><speaker>MOMUS.</speaker>
<p id="27">
	<s id="1">Moi, à merveille !</s>
</p>
</sp>
<sp who='VÉNUS'><speaker>VÉNUS.</speaker>
<p id='28'>
	<s id='1'>Ce déguisement me sied-il bien ?</s>
</p>
</sp>
<sp who="MOMUS"><speaker>MOMUS.</speaker>
<p id="29">
	<s id="1">On ne peut mieux. </s>
	<s id='2'>Vous êtes radieuse, quoique mise bien simplement.</s>
</p>
</sp>
<sp stage="watch" who='VÉNUS'><speaker>VÉNUS, se mirant.</speaker>
<p id='30'>
	<s id='1'>Est-ce galanterie, ou bien raillerie ?</s>
</p>
</sp>
<sp who="MOMUS"><speaker>MOMUS.</speaker>
<p id="31">
	<s id="1">Ni l'un ni l'autre, je vous assure.</s>
</p>
</sp>
<sp who='VÉNUS'><speaker>VÉNUS.</speaker>
<p id='32'>
	<s id='1'>À propos, ce voile ?</s>
</p>
</sp>
<sp stage="kiss" who='MOMUS'><speaker>MOMUS, lui baisant la main.</speaker>
<p id='33'>
	<s id='1'>Sous ce voile Vénus n'en est que plus belle.</s>
</p>
</sp>
<sp stage="laugh" who='VÉNUS'><speaker>VÉNUS, riant.</speaker>
<p id='34'>
	<s id='1'>Ah ! </s>
	<s id='2'>Ah ! </s>
	<s id='3'>Ah! </s>
	<s id='4'>Seigneur Momus, vous donnez dans la fadeur ?</s>
</p>
</sp>
<sp who="MOMUS"><speaker>MOMUS.</speaker>
<p id="35">
	<s id="1">Moi, Déesse, point du tout : je rends justice à vos charmes.</s>
</p>
</sp>
<sp who='VÉNUS'><speaker>VÉNUS.</speaker>
<p id='36'>
	<s id='1'>Laissez-là mes charmes, et occupez vous de ma peine. </s>
	<s id='2'>Instruisez-moi des coutumes de ce pays-ci. </s>
	<s id='3'>Où sommes-nous d'abord ?</s>
</p>
</sp>
<sp who="MOMUS"><speaker>MOMUS.</speaker>
<p id="37">
	<s id="1">Vous êtes à Constantinople, capitale de la Turquie.</s>
</p>
</sp>
<sp who='VÉNUS'><speaker>VÉNUS.</speaker>
<p id='38'>
	<s id='1'>Quelle est cette place ? </s>
	<s id='2'>Quelles sont ces deux maisons ?</s>
</p>
</sp>
<sp who='MOMUS'><speaker>MOMUS.</speaker>
<p id="39">
	<s id="">Celle-ci, qui est à droite, est une maison de Calender de la Secte d'Omar.</s>
</p>
</sp>
<sp who='VÉNUS'><speaker>VÉNUS.</speaker>
<p id='40'>
	<s id='1'>Quels font ces animaux-là ?</s>
</p>
</sp>
<sp who='MOMUS'><speaker>MOMUS.</speaker>
<p id='41'>
	<s id='1'>Ces animaux-là, pour me servir de votre expression, belle Vénus, sont des hommes fainéants mais pieux, qui ne travaillent point, et qui néanmoins gagnent beaucoup.</s>
</p>
</sp>
<sp who='VÉNUS'><speaker>VÉNUS.</speaker>
<p id='42'>
	<s id='1'>Cette vie inutile n'est point du tout ordonnée par le grand Jupiter.</s>
</p>
</sp>
<sp who="MOMUS"><speaker>MOMUS.</speaker>
<p id="43">
	<s id="1">Non ; les Dieux ne l'approuvent point : mais les mortels souvent font penser la Divinité à leur manière.</s>
</p>
</sp>
<sp who='VÉNUS'><speaker>VÉNUS.</speaker>
<p id='44'>
	<s id='1'>C'est une des faibleses humaines. </s>
	<s id='2'>Et cette autre maison ?</s>
</p>
</sp>
<sp who="MOMUS"><speaker>MOMUS.</speaker>
<p id="45">
	<s id="1">Ce sont encore des Calenders d'une autre espèce, d'une autre conduite, d'un autre uniforme, mais toujours du même ordre.</s>
</p>
</sp>
<sp who='VÉNUS'><speaker>VÉNUS.</speaker>
<p id='46'>
	<s id='1'>Ils ne diffèrent peut-être que du blanc au noir.</s>
</p>
</sp>
<sp who="MOMUS"><speaker>MOMUS.</speaker>
<p id="47">
	<s id="1">Vous l'avez deviné : ces derniers font de la Secte d'Hali.</s>
</p>
</sp>
<sp who='VÉNUS'><speaker>VÉNUS.</speaker>
<p id='48'>
	<s id='1'>Je vous remercie, Seigneur Momus ; me voilà un peu au fait. </s>
	<s id='2'>Je vais voir si mon fils n'est point dans ces retraites.</s>
</p>
</sp>
<sp who='MOMUS'><speaker>MOMUS.</speaker>
<p id='49'>
	<s id='1'>Quelle idée ! </s>
	<s id='2'>Pourquoi ne point vous transporter dans le Sérail du Grand Seigneur ?</s>
</p>
</sp>
<sp who='VÉNUS'><speaker>VÉNUS.</speaker>
<p id='50'>
	<s id='1'>Y pensez-vous, Momus ? </s>
	<s id='2'>L'Amour est-il jamais dans ce lieu là ?</s>
</p>
</sp>
<sp who='MOMUS'><speaker>MOMUS.</speaker>
<p id='51'>
	<s id='1'>Vous avez raison, vous le trouverez plutôt chez le Grand Muphti.</s>
</p>
</sp>
<sp who='VÉNUS'><speaker>VÉNUS.</speaker>
<p id='52'>
	<s id='1'>Vous devinez cette fois : laissez-moi seule, et ne vous éloignez pas.</s>
</p>
</sp>
<sp who="MOMUS"><speaker>MOMUS.</speaker>
<p id="53">
	<s id="1">Je vais faire ma ronde chez les auteurs, et peut-être irai-je aux spectacles.</s>
</p>
</sp>
</div2>
<div2 type="scene" n='2'><head>SCÈNE II. Vénus, Un Calender Noir.</head>
<sp stage="aparte" who='VÉNUS'><speaker>VÉNUS, à part.</speaker>
<p id='1'>
	<s id='1'>Bon, le Ciel me favorise : voici un Calender qui sort de sa retraite.</s>
</p>
</sp>
<sp stage="aparte" who='LE CALENDER'><speaker>LE CALENDRER, à part.</speaker>
<note type="L">Calender : ou Kalender, Derviche.</note>
<p id='2'>
	<s id='1'>Allons à la quête, je pense qu'aujourd'hui elle sera bonne.</s>
</p>
</sp>
<sp stage="aparte" who='VÉNUS'><speaker>VÉNUS, à part.</speaker>
<p id='3'>
	<s id='1'>Je tremble... </s>
	<s id='2'>Tout coup vaille... </s>
	<s id='3'>Abordons-le.</s>
</p>
</sp>
<sp who="LE CALENDER"><speaker>LE CALENDER.</speaker>
<p id="4">
	<s id="1">L'heureuse vie ! </s>
	<s id='2'>Point de peine ; aucun travail.</s>
</p>
</sp>
<sp stage="gently" who='VÉNUS'><speaker>VÉNUS, poliment.</speaker>
<p id='5'>
	<s id='1'>Monsieur, sans vous interrompre, pourrais-je vous demander...</s>
</p>
</sp>
<sp stage="abrupt" who='LE CALENDER'><speaker>LE CALENDER, brusquement.</speaker>
<p id='6'>
	<s id='1'>Me demander, Madame ? </s>
	<s id='2'>Dites donc me prier.</s>
</p>
</sp>
<sp who='VÉNUS'><speaker>VÉNUS.</speaker>
<p id='7'>
	<s id='1'>Soit, Monsieur, vous prier.</s>
</p>
</sp>
<sp who="LE CALENDER"><speaker>LE CALENDER.</speaker>
<p id="8">
	<s id="1">Une réflexion encore : changez le nom de Monsieur en Monseigneur.</s>
</p>
</sp>
<sp stage="wave" who='VÉNUS'><speaker>VÉNUS, salue.</speaker>
<p id='9'>
	<s id='1'>Volontiers , Monseigneur. </s>
	<s id='2'>Oserais-je donc vous prier, Monseigneur ?</s>
</p>
</sp>
<sp who="LE CALENDER"><speaker>LE CALENDER.</speaker>
<p id="10">
	<s id="1">Bon, voilà comme on parle à des personnes de notre état.</s>
</p>
</sp>
<sp stage="wave" who='VÉNUS'><speaker>VÉNUS, salue.</speaker>
<p id='11'>
	<s id='1'>Je l'ignorais, Monseigneur.</s>
</p>
</sp>
<sp who="LE CALENDER"><speaker>LE CALENDER.</speaker>
<p id='12'>
	<s id='1'>Les petits et les grands fléchissent le genou devant mes confrères.</s>
</p>
</sp>
<sp stage="wave" who='VÉNUS'><speaker>VÉNUS, salue.</speaker>
<p id='13'>
	<s id='1'>Je vous crois , Monseigneur.</s>
</p>
</sp>
<sp who="LE CALENDER"><speaker>LE CALENDER.</speaker>
<p id='14'>
	<s id='1'>Il paraît, jeune Pèlerine, que vous n'êtes point de ce pays.</s>
</p>
</sp>
<sp stage="wave" who='VÉNUS'><speaker>VÉNUS, salue.</speaker>
<p id='15'>
	<s id='1'>Vous l'avez dit, Monseigneur.</s>
</p>
</sp>
<sp who="LE CALENDER"><speaker>LE CALENDER.</speaker>
<p id='16'>
	<s id='1'>Vous n'êtes pas obligé de savoir nos usages, nos coutumes : mais qui êtes-vous ?</s>
</p>
</sp>
<sp stage="wave" who='VÉNUS'><speaker>VÉNUS, salue.</speaker>
<p id='17'>
	<s id='1'>Hélas ! </s>
	<s id='2'>Monseigneur, je suis une pauvre femme.</s>
</p>
</sp>
<sp who="LE CALENDER"><speaker>LE CALENDER.</speaker>
<p id='18'>
	<s id='1'>Joignez-vous à moi, et vous deviendrez riche.</s>
</p>
</sp>
<sp who='VÉNUS'><speaker>VÉNUS.</speaker>
<p id='18'>
	<s id='1'>De plus, je fuis une m7re affligée qui a perdu son fils, et son fils unique.</s>
</p>
</sp>
<sp who="LE CALENDER"><speaker>LE CALENDER.</speaker>
<p id='19'>
	<s id='1'>N'importe, vous êtes en âge d'une heureuse fécondité.</s>
</p>
</sp>
<sp who='VÉNUS'><speaker>VÉNUS.</speaker>
<p id='20'>
	<s id='1'>Oui, encore, Monseigneur : je le crois, du moins...</s>
</p>
</sp>
<sp who="LE CALENDER"><speaker>LE CALENDER.</speaker>
<p id='21'>
	<s id='1'>Enfin, finisions ; que cherchez vous ?</s>
</p>
</sp>
<sp who='VÉNUS'><speaker>VÉNUS.</speaker>
<p id='22'>
	<s id='1'>Je vous l'ai déjà dit, Monseigneur, je cherche mon fils.</s>
</p>
</sp>
<sp who="LE CALENDER"><speaker>LE CALENDER.</speaker>
<p id='23'>
	<s id='1'>Votre fils ! </s>
	<s id='2'>Eh ! </s>
	<s id='3'>Comment est-il ? </s>
	<s id='4'>Comment s'appelle-t-il ?</s>
</p>
</sp>
<sp stage="wave" who='VÉNUS'><speaker>VÉNUS, salue.</speaker>
<p id='24'>
	<s id='1'>L'Amour.</s>
</p>
</sp>
<sp stage="surprise" who='LE CALENDER'><speaker>LE CALENDER, surpris.</speaker>
<p id='25'>
	<s id='1'>L'Amour ?</s>
</p>
</sp>
<sp who='VÉNUS'><speaker>VÉNUS.</speaker>
<p id='26'>
	<s id='1'>Oui, Monseigneur, l'Amour.</s>
</p>
</sp>
<sp who="LE CALENDER"><speaker>LE CALENDER.</speaker>
<p id='26'>
	<s id='1'>« On ne connaît dans notre hospice ce petit Dieu tout au plus que de nom. »</s>
</p>
</sp>
<sp stage="wave" who='VÉNUS'><speaker>VÉNUS, salue.</speaker>
<p id='27'>
	<s id='1'>Je ne le savais pas, Monseigneur.</s>
</p>
</sp>
<sp who="LE CALENDER"><speaker>LE CALENDER.</speaker>
<p id='28'>
	<s id='1'>Mais si vous voulez, gentille Pèlerine, entrer dans la maison, mes confr7res et moi ensemble nous en serons mémoire.</s>
</p>
</sp>
<sp who='VÉNUS'><speaker>VÉNUS.</speaker>
<p id='29'>
	<s id='1'>Cela m'est impossible pour le présent.</s>
</p>
</sp>
<sp who="LE CALENDER"><speaker>LE CALENDER.</speaker>
<p id="30">
	<s id="1">Eh bien ! Remettons cet office mystérieux à tantôt : aussi bien je n'ai pas ce loisir : il faut que j'aille à la quête.</s>
</p>
</sp>
<sp who='VÉNUS'><speaker>VÉNUS.</speaker>
<p id='31'>
	<s id='1'>Comment ? </s>
	<s id='2'>Le monde vous donne ce que vous demandez ainsi ?</s>
</p>
</sp>
<sp who="LE CALENDER"><speaker>LE CALENDER.</speaker>
<p id='32'>
	<s id='1'>Bien plus encore : les personnes nous rapportent : nous paraissons ; on vient au devant de nous, et on nous comble de présents.</s>
</p>
</sp>
<sp who='VÉNUS'><speaker>VÉNUS.</speaker>
<p id='33'>
	<s id='1'>Eh ! </s>
	<s id='2'>Par quelle puissance, par quel pouvoir ?</s>
</p>
</sp>
<sp who="LE CALENDER"><speaker>LE CALENDER.</speaker>
<p id='34'>
	<s id='1'>Par le pouvoir, par la puissance de notre robe seule.</s>
</p>
</sp>
<sp stage="wave" who='VÉNUS'><speaker>VÉNUS, salue.</speaker>
<p id='35'>
	<s id='1'>Je ne le savais pas, Monseigneur.</s>
</p>
</sp>
<sp who="LE CALENDER"><speaker>LE CALENDER.</speaker>
<p id='36'>
	<s id='1'>Je ne fais que sonner ; les hommes et les femmes se rendent au son de ma clochette, et m'apportent ce que je désire, quelquefois au delà.</s>
</p>
</sp>
<sp stage="toward" who='VÉNUS'><speaker>VÉNUS, au Parterre.</speaker>
<p id='37'>
	<s id='1'>Il n'est pas surprenant après tout, si on considère qu'il y a plus de sots que de gens d'esprit.</s>
</p>
</sp>
<sp stage="low" who='LE CALENDER'><speaker>LE CALENDER, bas.</speaker>
<p id='38'>
	<s id='1'>Nous faisons bien des dupes, je m'en vante.</s>
</p>
<stage type="loud">Haut.</stage>
<p id='39'>
	<s id='1'>Sans adieu, Pèlerine.</s>
</p>
<stage type="exit/ring">II sort en sonnant.</stage>
</sp>
</div2>
<div2 type="scene" n='3'><head>SCÈNE III. Vénus, Un Calender.</head>
<sp stage="alone" who='VÉNUS'><speaker>VÉNUS, seule.</speaker>
<p id='1'>
	<s id='1'>Je crains que ma recherche ne soit vaine ; néanmoins essayons de frapper à l'autre porte.</s>
</p>
<stage type="knock">Elle frappe.</stage>
</sp>
<sp stage="locattion" who='LE CALENDER'><speaker>LE CALENDER, du dedans.</speaker>
<p id='2'>
	<s id='1'>Qui va là ? </s>
	<s id='2'>Qui va là ?</s>
</p>
</sp>
<sp who='VÉNUS'><speaker>VÉNUS.</speaker>
<p id='3'>
	<s id='1'>Une pauvre femme, une mère affligée qui cherche son fils, et son fils unique.</s>
</p>
</sp>
<sp stage="location" who='LE CALENDER'><speaker>LE CALENDER, du dedans.</speaker>
<stage type="entrance">Il paraît.</stage>
<p id='4'>
	<s id='1'>Voyons. </s>
	<s id='2'>Ouf... </s>
	<s id='3'>Quel minois friand ! </s>
	<s id='4'>Quelle bouche appétissante ! </s>
	<s id='5'>Quelles vives prunelles !</s>
</p>
</sp>
<sp stage="wave" who='VÉNUS'><speaker>VÉNUS, salue.</speaker>
<p id='5'>
	<s id=''>Monsieur, ou Monseigneur.</s>
</p>
</sp>
<sp stage="touch" who='LE CALENDER'><speaker>LE CALENDER, lui prenant la main.</speaker>
<p id='6'>
	<s id='1'>Le nom de Monsieur me suffit ; je ne suis point glorieux.</s>
</p>
</sp>
<sp who='VÉNUS'><speaker>VÉNUS.</speaker>
<p id='7'>
	<s id='1'>Soit, Monsieur. </s>
	<s id='2'>N'est-il point entré chez vous, Monsieur, un jeune enfant ?</s>
</p>
</sp>
<sp stage="kiss" who='LE CALENDER'><speaker>LE CALENDER, lui baisant la main.</speaker>
<p id='8'>
	<s id='1'>Oui, belle Pèlerine, oui. </s>
	<s id='2'>Un jeune homme assez grand est venu hier se rendre à la maison pour se faire de notre état.</s>
</p>
</sp>
<sp who='VÉNUS'><speaker>VÉNUS.</speaker>
<p id='9'>
	<s id='1'>Ce n'est pas lui, Monsieur ; mon fils est petit.</s>
</p>
</sp>
<sp stage="warmly" who='LE CALENDER'><speaker>LE CALENDER, chaudement.</speaker>
<p id='10'>
	<s id='1'>J'en suis fâché, car je me sens actif à vous obliger.</s>
</p>
</sp>
<sp who='VÉNUS'><speaker>VÉNUS.</speaker>
<p id='11'>
	<s id='1'>Oh ! </s>
	<s id='2'>Vous obligeriez un[e] ingrate.</s>
</p>
</sp>
<sp who="LE CALENDER"><speaker>LE CALENDER.</speaker>
<p id='12'>
	<s id='1'>N'importe : mais comment nommez-vous Monsieur votre fils ?</s>
</p>
</sp>
<sp who='VÉNUS'><speaker>VÉNUS.</speaker>
<p id='13'>
	<s id='1'>L'Amour.</s>
</p>
</sp>
<sp stage="warmly" who='LE CALENDER'><speaker>LE CALENDER, chaudement.</speaker>
<p id='14'>
	<s id='1'>L'Amour ! </s>
	<s id='2'>L'Amour qui regne à Cythère ?</s>
</p>
</sp>
<sp who='VÉNUS'><speaker>VÉNUS.</speaker>
<p id='15'>
	<s id='1'>Oui, lui-même, le Dieu de Cythère.</s>
</p>
</sp>
<sp stage="enthousiasm" who='LE CALENDER'><speaker>LE CALENDER, avec feu.</speaker>
<p id='16'>
	<s id=''>Vous êtes donc Vénus.</s>
</p>
</sp>
<sp who='VÉNUS'><speaker>VÉNUS.</speaker>
<p id='17'>
	<s id='1'>Oui, à peu près.</s>
</p>
</sp>
<sp who="LE CALENDER"><speaker>LE CALENDER.</speaker>
<p id='17'>
	<s id='1'>Eh bien, Madame Vénus, vous êtes bien novice de chercher votre fils en ces lieux.</s>
</p>
</sp>
<sp who='VÉNUS'><speaker>VÉNUS.</speaker>
<p id='18'>
	<s id='1'>Eh, pourquoi cela, je vous prie ?</s>
</p>
</sp>
<sp stage="warmly" who='LE CALENDER'><speaker>LE CALENDER, avec feu.</speaker>
<p id='18'>
	<s id='1'>Pourquoi ? </s>
	<s id='2'>Parce que nous ne ressentons, mes confrères et moi, de l'amour, que les flammes qui nous brûlent, nous consument, en un mot qui..... qui sont fort à votre service.</s> 
</p>
<stage type="push">Il la force.</stage>
</sp>
<sp who='VÉNUS'><speaker>VÉNUS.</speaker>
<p id='19'>
	<s id='1'>Doucement, doucement : ne vous échauffez pas sous votre casaque.</s>
</p>
</sp>
<sp stage="loud" who='LE CALENDER'><speaker>LE CALENDER, fortement.</speaker>
<p id="20">
	<s id="1">Vous êtes bien froide, Madame : non , vous n'êtes pas Vénus, la Déesse de Paphos et d'Amathonte : il faut que vous soyez une fausse Vénus.</s>
</p>
</sp>
<sp who='VÉNUS'><speaker>VÉNUS.</speaker>
<p id='21'>
	<s id='1'>Fausse ou véritable ; vous n'êtes point mon fait.</s>
</p>
</sp>
<sp stage="warmly" who='LE CALENDER'><speaker>LE CALENDER, avec feu.</speaker>
<p id='22'>
	<s id='1'>Un petit baiser seulement sur vos lèvres de corail, soleil de mes jours ! </s>
	<s id='2'>Astre de lumière en merveilles si féconde.</s>
</p>
</sp>
<sp stage="push" who='VÉNUS'><speaker>VÉNUS, le repousse.</speaker>
<p id='23'>
	<s id='1'>Allons, rentrez à la maison, ou je porterai mes plaintes à votre	Supérieur.</s>
</p>
</sp>
<sp stage="anger" who='LE CALENDER'><speaker>LE CALENDER, avec colère.</speaker>
<p id='23'>
	<s id='1'>Ô coeur de diamants ! </s>
	<s id='2'>Ô rosier garni d'épines fans fleurs ! </s>
	<s id='3'>Fille indigne de Mahomet ! </s>
	<s id='4'>Le Prophète te rejettera.</s>
</p>
<stage type="exit">Il sort en grondant.</stage>
</sp>
</div2>
<div2 type="scene" n='4'><head>SCÈNE IV. Vénus, Une jeune fille.</head>
<sp stage="alone" who='VÉNUS'><speaker>VÉNUS, seule.</speaker>
<p id='1'>
	<s id='1'>Que je fuis malheureuse ! </s>
	<s id='2'>Ô mère infortunée ! </s>
	<s id='3'>Le Destin doit-il t'être toujours contraire.</s>
</p>
</sp>
<sp stage="entrance/happy" who='LA JEUNE FILLE'><speaker>LA JEUNE FILLE, entre en sautant.</speaker>
<p id='2'>
	<s id='1'>Malgré les remontrances de ma Maîtresse je veux connaître l'Amour.</s>
</p>
</sp>
<sp who='VÉNUS'><speaker>VÉNUS.</speaker>
<p id='3'>
	<s id='1'>L'Amour ! </s>
	<s id='2'>Qui parle là de mon fils ?</s>
</p>
</sp>
<sp stage="aparte" who='LA JEUNE FILLE'><speaker>LA JEUNE FILLE, à part.</speaker>
<p id='4'>
	<s id='1'>L'Amour est, dit-on, un Dieu charmant, et ma Maîtresse ose me dire qu'il est un monstre.</s>
</p>
</sp>
<sp who='VÉNUS'><speaker>VÉNUS.</speaker>
<p id='5'>
	<s id='1'>Vous souhaitez, la belle enfant, connaître l'Amour ?</s>
</p>
</sp>
<sp who='LA JEUNE FILLE'><speaker>LA JEUNE FILLE.</speaker>
<p id='6'>
	<s id='1'>Oui, Madame, c'est toute mon envie.</s>
</p>
</sp>
<sp who='VÉNUS'><speaker>VÉNUS.</speaker>
<stage type="low">Bas.</stage>
<p id='7'>
	<s id='1'>L'aimable enfant ; elle m'intéresse.</s>
</p>
<stage type="loud">Haut.</stage>
<p id='8'>
	<s id='1'>Répondez : quel est l'Amour ?</s>
</p>
</sp>
<sp who='LA JEUNE FILLE'><speaker>LA JEUNE FILLE.</speaker>
<p id='9'>
	<s id='1'>Je n'en sais rien ; tout ce que je sais , c'est que je l'aimerai beaucoup.</s>
</p>
</sp>
<sp who='VÉNUS'><speaker>VÉNUS.</speaker>
<note type="L">Masque : Terme familier d'injure dont on se sert quelquefois pour qualifier une jeune fille, une femme, et lui reprocher sa laideur ou sa malice. [L]</note>
<p id='10'>
	<s id='1'>Voyez-vous ? </s>
	<s id='2'>La petite masque !</s>
</p>
</sp>
<sp who='LA JEUNE FILLE'><speaker>LA JEUNE FILLE.</speaker>
<p id='11'>
	<s id='1'>On dit comme ça que l'Amour est le maître de tout le monde ; pour moi je serai charmée d'être son écolière.</s>
</p>
</sp>
<sp who='VÉNUS'><speaker>VÉNUS.</speaker>
<p id='12'>
	<s id='1'>Mais s'il allait vous donner le fouet ?</s>
</p>
</sp>
<sp who='LA JEUNE FILLE'><speaker>LA JEUNE FILLE.</speaker>
<p id='13'>
	<s id='1'>Oh que non ! </s>
	<s id='2'>Madame ; l'Amour ne donne point le fouet ; il n'a ni verges, ni martinet : au contraire, on dit que ce Dieu ne donne que des sucreries et des bonbons, surtout aux jeunes filles.</s>
</p>
</sp>
<sp who='VÉNUS'><speaker>VÉNUS.</speaker>
<stage type="low">Bas.</stage>
<p id='12'>
	<s id='1'>Elle n'est pas mal instruite pour son âge... </s>
</p>
<stage type="loud">Haut.</stage>
<p id="13">
	<s id='2'>L'avez-vous vu ?</s>
</p>
</sp>
<sp who='LA JEUNE FILLE'><speaker>LA JEUNE FILLE.</speaker>
<p id='14'>
	<s id='1'>Jamais ma Maîtresse ne l'a voulu souffrir.</s>
</p>
</sp>
<sp who='VÉNUS'><speaker>VÉNUS.</speaker>
<p id='15'>
	<s id='1'>Comment ? </s>
	<s id='2'>Il est donc venu ici ?</s>
</p>
</sp>
<sp who='LA JEUNE FILLE'><speaker>LA JEUNE FILLE.</speaker>
<p id='16'>
	<s id='1'>Apparemment ; ces jours derniers il y était encore.</s>
</p>
</sp>
<sp who='VÉNUS'><speaker>VÉNUS.</speaker>
<p id='17'>
	<s id='1'>Je suis bien malheureuse de n'être point arrivée plutôt.</s>
</p>
</sp>
<sp who='LA JEUNE FILLE'><speaker>LA JEUNE FILLE.</speaker>
<p id='18'>
	<s id='1'>Pourquoi, Madame ?</s>
</p>
</sp>
<sp who='VÉNUS'><speaker>VÉNUS.</speaker>
<p id='19'>
	<s id='1'>Parce que je l'aurais trouvé.</s>
</p>
</sp>
<sp who='LA JEUNE FILLE'><speaker>LA JEUNE FILLE.</speaker>
<p id='20'>
	<s id='1'>Par hasard, Madame, est-ce que vous cherchez aussi l'Amour ?</s>
</p>
</sp>
<sp who='VÉNUS'><speaker>VÉNUS.</speaker>
<p id='21'>
	<s id='1'>Sans doute, ma belle enfant.</s>
</p>
</sp>
<sp who='LA JEUNE FILLE'><speaker>LA JEUNE FILLE.</speaker>
<p id='22'>
	<s id='1'>Oh bien ! </s>
	<s id='2'>Vous pourrez le trouver chez notre Maîtresse, car elle l'a toujours détenu bien enfermé, et mis les deux verrous même.</s>
</p>
</sp>
<sp who='VÉNUS'><speaker>VÉNUS.</speaker>
<p id='23'>
	<s id='1'>Or sus, ma chère enfant, daignez me conduire dans votre maison.</s>
</p>
</sp>
<sp who='LA JEUNE FILLE'><speaker>LA JEUNE FILLE.</speaker>
<p id='24'>
	<s id='1'>Avec grand plaisir, Madame.</s>
</p>
</sp>
<sp who='VÉNUS'><speaker>VÉNUS.</speaker>
<p id='25'>
	<s id='1'>Et enseignez moi l'appartement de votre Maîtresse.</s>
</p>
</sp>
<sp who='LA JEUNE FILLE'><speaker>LA JEUNE FILLE.</speaker>
<p id='26'>
	<s id='1'>Volontiers, volontiers. </s>
	<s id='2'>Suivez-moi, Madame.</s>
</p>
<stage type="danse">Marche des Calenders allant à la mosquée.</stage>
</sp>
</div2>
<div2 type="scene" n='5'><head>SCÈNE V. Momus, Un Voluptueux.</head>
<sp who='MOMUS'><speaker>MOMUS.</speaker>
<p id='1'>
	<s id=''>À juger par vos propos, Monsieur, vous me paraissez un peu sensuel.</s>
</p>
</sp>
<sp who="LE VOLUPTUEUX"><speaker>LE VOLUPTUEUX.</speaker>
<note type="L">Cadédis : Jurement qu'on met habituellement dans la bouche des Gascons. [L]</note>
<p id="2">
	<s id="1">Un peu, Cadédis, vous pouvez diré beaucoup.</s>
</p>
</sp>
<sp who='MOMUS'><speaker>MOMUS.</speaker>
<p id='2'>
	<s id='1'>Beaucoup, soit ; mais vous ne devriez pas vous en vanter.</s>
</p>
</sp>
<sp who="LE VOLUPTUEUX"><speaker>LE VOLUPTUEUX.</speaker>
<p id="3">
	<s id="1">Pourquoi pas, Seigneur Momus ? </s>
	<s id='2'>Jé vis avec mes sens, parcé qu'ils mé sont plus chers, parcé qu'ils sont plus près dé moi qué tous ces sentiments romanesques.</s>
</p>
</sp>
<sp who='MOMUS'><speaker>MOMUS.</speaker>
<p id='4'>
	<s id='1'>Vous traitez cela de sentiments romanesques.</s>
</p>
</sp>
<sp who='LE VOLUPTUEUX'><speaker>LE VOLUPTUEUX.</speaker>
<p id="5">
	<s id="1">Sans doute ; et jé né vis point dé Romans. </s>
	<s id='2'>Moi, jé suis la bonné et fimplé nature ; j'obéis toujours à son instinct ; jé mé régardé cornmé lé benjamin dé la terre ; j'en pompé les sucs jusqués au moment du sommeil.</s>
</p>
</sp>
<sp who='MOMUS'><speaker>MOMUS.</speaker>
<p id='6'>
	<s id='1'>Vous n'avez pas tort tout-à-fait.</s>
</p>
</sp>
<sp who='LE VOLUPTUEUX'><speaker>LE VOLUPTUEUX.</speaker>
<p id='7'>
	<s id='1'>Par ce moyen jé jouis dé tout cé qué jé désire ; et jé né désiré rien non plus dont la possession né soit en mon pouvoir.</s>
</p>
</sp>
<sp who='MOMUS'><speaker>MOMUS.</speaker>
<p id='8'>
	<s id='1'>À merveille.</s>
</p>
</sp>
<sp who="LE VOLUPTUEUX"><speaker>LE VOLUPTUEUX.</speaker>
<p id="9">
	<s id="1">'J'ai très peu dé peine et dé chagrin, parcé qué j'en éloigné jusqu'à l'ombré : content dé profiter du présent, jé n'esperé rien dé l'avenir, afin dé n'être point trompé.</s>
</p>
</sp>
<sp who='MOMUS'><speaker>MOMUS.</speaker>
<p id='10'>
	<s id='1'>Encore mieux.</s>
</p>
</sp>
<sp who="LE VOLUPTUEUX"><speaker>LE VOLUPTUEUX.</speaker>
<p id="11">
	<s id="1">Quand il mé viendra quelques maux, jé les endurerai avec patience et couragé, parce que je mé dirai à moi-même : ce sont-là les seuls moyens d'alléger lés douleurs.</s>
</p>
</sp>
<sp who="MOMUS"><speaker>MOMUS.</speaker>
<p id="12">
	<s id="1">C'est fort bien penser.</s>
</p>
</sp>
<sp who="LE VOLUPTUEUX"><speaker>LE VOLUPTUEUX.</speaker>
<p id="13">
	<s id="1">Voilà sur quoi roulé tout le système dé ma vie ; elle n'est point mélancoliqué commé celle dé ces prétendus Sages, qui font presqué dé l'ennui une vertu méritoire.</s>
</p>
</sp>
<sp who="MOMUS"><speaker>MOMUS.</speaker>
<p id="14">
	<s id="1">Eh quoi ! </s>
	<s id='2'>Monsieur, vous faites un mérite de suivre le culte de la volupté ? </s>
	<s id='3'>On doit vous savoir gré, en effet, des efforts que vous coûte un tel hommage : prétendez-vous aussi être recommandable par les plaisirs que vous vous procurez tous les jours ?</s>
</p>
</sp>
<sp who="LE VOLUPTUEUX"><speaker>LE VOLUPTUEUX.</speaker>
<p id="15">
	<s id="1">Bellé démandé ! </s>
	<s id='2'>Plaisanté question ! </s>
	<s id='3'>Apparemment.</s>
</p>
</sp>
<sp who="MOMUS"><speaker>MOMUS.</speaker>
<p id="16">
	<s id="1">C'est-à-dire qu'on doit vous respecter à raison des fruits délicieux que vous savourez, du bon vin que vous buvez, de la chère délicate que vous mangez.</s>
</p>
</sp>
<sp who="LE VOLUPTUEUX"><speaker>LE VOLUPTUEUX.</speaker>
<p id="17">
	<s id="1">Sandis ! </s>
	<s id='2'>Né croyez point plaisanter, Seigneur Momus : il n'appartient pas à tout lé monde dé savoir êtré voluptueux.</s>
</p>
</sp>
<sp stage="laugh" who='MOMUS'><speaker>MOMUS, rit.</speaker>
<p id='18'>
	<s id='1'>Un Gascon, voluptueux ! </s>
	<s id='2'>Ah ! </s>
	<s id='3'>Ah ! </s>
	<s id='4'>Ah ! </s>
	<s id='5'>Ah !</s>
</p>
</sp>
<sp who="LE VOLUPTUEUX"><speaker>LE VOLUPTUEUX.</speaker>
<p id="19">
	<s id="1">C'est uné maniéré d'être qui né convient qu'au pétit nombré.</s>
</p>
</sp>
<sp stage="ironic" who='MOMUS'><speaker>MOMUS, avec ironie.</speaker>
<p id='20'>
	<s id='1'>Qu'au petit nombre : croyez-vous ça ?</s>
</p>
</sp>
<sp who="LE VOLUPTUEUX"><speaker>LE VOLUPTUEUX.</speaker>
<p id="21">
	<s id="1">Si peu d'hommés sont dignés dé sacrifier au plaisir.</s>
</p>
</sp>
<sp who='MOMUS'><speaker>MOMUS.</speaker>
<p id="22">
	<s id="1">Cette Divinité vous inspire sans doute les principes sur lesquels vous fondez toute votre conduite ; elle vous donne la boussole des bonnes moeurs : nourrit en vous cette vertu qui honore l'humanité.</s>
</p>
</sp>
<sp who="LE VOLUPTUEUX"><speaker>LE VOLUPTUEUX.</speaker>
<p id="23">
	<s id="1">L'humanité, la vertu, lés bonnés moeurs, quel galimatias !</s>
</p>
</sp>
<sp who="MOMUS"><speaker>MOMUS.</speaker>
<p id="24">
	<s id="1">Sans doute, elle élève, elle perfectionne votre âme ; elle lui découvre d'importantes et sublimes vérités.</s>
</p>
</sp>
</div2>
<div2 type="scene" n='6'><head>SCÈNE VI. Momus, Le Dramaturge, en habit noir et blanc.</head>
<sp stage="alone" who='MOMUS'><speaker>MOMUS, seul.</speaker>
<p id="1">
	<s id="1">Les mortels ne doivent point se plaindre des maux qui les affligent : ils se procurent eux-mêmes les douleurs qui les tourmentent.</s>
</p>
</sp>
<sp who="LE DRAMATURGE"><speaker>LE DRAMATURGE.</speaker>
<p id="2">
	<s id="1">Ah ! </s>
	<s id='2'>Seigneur Momus, ayez pitié de mot et de mes Drames.</s>
</p>
</sp>
<sp who='MOMUS'><speaker>MOMUS.</speaker>
<p id='3'>
	<s id=''>De vous et de vos Drames, volontiers.</s>
</p>
</sp>
<sp who="LE DRAMATURGE"><speaker>LE DRAMATURGE.</speaker>
<p id="4">
	<s id="1">Ces productions merveilleuses, ces enfants de mon génie, en un mot mes Drames sombres étaient joués avec succès en Province.</s>
</p>
</sp>
<sp who='MOMUS'><speaker>MOMUS.</speaker>
<p id='5'>
	<s id='1'>D'où vient n'avoir point donné la préférence à la Capitale ?...</s>
</p>
</sp>
<sp stage="declamation" who='LE DRAMATURGE'><speaker>LE DRAMATURGE, déclame.</speaker>
<p id='6'>
	<s id='1'>Pour deux raisons. </s>
	<s id='2'>La première, les Comédiens ne s'en sont point souciés. </s>
	<s id='3'>La seconde , le mauvais goût des Constantinopolins, ce faux goût pour les chef-d'oeuvres de nos anciens Tragiques, malgré nos grands principes en faveur du nouveau genre, de ce genre sublime...</s>
</p>
</sp>
<sp who='MOMUS'><speaker>MOMUS.</speaker>
<p id='7'>
	<s id='1'>Quel est ce genre nouveau, ce genre sublime ?</s>
</p>
</sp>
<sp stage="proud" who='LE DRAMATURGE'><speaker>LE DRAMATURGE, pompeusement. </speaker>
<note type="C">Michel de Cubières de Palmezeaux a écrit une comédie intitulée "La Manie des drames sombres" parue chez Ruault en 1777.</note>
<p id='8'>
	<s id='1'>Le genre des Drames sombres.</s>
</p>
</sp>
<sp who='MOMUS'><speaker>MOMUS.</speaker>
<p id='9'>
	<s id='1'>Il n'est point du goût de tout le monde.</s>
</p>
</sp>
<sp who='LE DRAMATURGE'><speaker>LE DRAMATURGE. </speaker>
<p id='10'>
	<s id='1'>Ne fait pas des Drames qui veut !</s>
</p>
</sp>
<sp who='MOMUS'><speaker>MOMUS.</speaker>
<p id='11'>
	<s id='1'>Bon ! </s>
	<s id='2'>Ils font au rabais.</s>
</p>
</sp>
<sp who='LE DRAMATURGE'><speaker>LE DRAMATURGE. </speaker>
<p id='11'>
	<s id='1'>De plus, j'avoue, je prétends et je soutiens que la Tragédie doit être écrite en prose.</s>
</p>
</sp>
<sp who='MOMUS'><speaker>MOMUS.</speaker>
<p id='12'>
	<s id='1'>En prose ? </s>
	<s id='2'>Une Tragédie en prose ?</s>
</p>
</sp>
<sp stage="declamation" who='LE DRAMATURGE'><speaker>LE DRAMATURGE, avec emphase.</speaker>
<p id='13'>
	<s id='1'>Sans doute. </s>
	<s id='2'>Pourquoi pas ? </s>
	<s id='3'>Les Empereurs et les Rois parlent-ils plus en vers dans leurs palais, que les Bourgeois dans leurs maisons, et les Artisans dans leurs boutiques.</s>
</p>
</sp>
<sp who='MOMUS'><speaker>MOMUS.</speaker>
<p id='14'>
	<s id='1'>Il est vrai, Monsieur, vous avez quelque raison en ce point.</s>
</p>
</sp>
<sp who="LE DRAMATURGE"><speaker>LE DRAMATURGE.</speaker>
<p id="15">
	<s id="1">Ce principe établi, il est donc convenable de ne point faire parler en vers des personnes qui n'y parent jamais : j'ajouterai même qu'il est indécent...</s>
</p>
</sp>
<sp who='MOMUS'><speaker>MOMUS.</speaker>
<p id='16'>
	<s id='1'>Tout beau, Monsieur, tout beau : l'usage où nous sommes : le précepte et la manière des Anciens.</s>
</p>
</sp>
<sp who="LE DRAMATURGE"><speaker>LE DRAMATURGE.</speaker>
<p id="17">
	<s id="1">Les Anciens n'étaient que de pauvres génies là-dessus, et je prétends en désabuser mon siècle. </s>
	<s id='2'>Voici à ce sujet une dissertation, sur la Tragédie moderne.</s>
</p>
</sp>
<sp stage="watch" who='MOMUS'><speaker>MOMUS, l'examine.</speaker>
<p id='18'>
	<s id='1'>L'exemplaire est frais ; les feuilles font encore humides.</s>
</p>
</sp>
<sp who="LE DRAMATURGE"><speaker>LE DRAMATURGE.</speaker>
<p id="19">
	<s id="1">Cela sort dessous presse ; c'est nouvellement imprimé ; vous y lirez que les vers font inutiles à la Tragédie, et que la prose seule lui convient.</s>
</p>
</sp>
<sp who='MOMUS'><speaker>MOMUS.</speaker>
<p id="20">
	<s id="1">À la bonne heure. </s>
	<s id='2'>La prose convient également à la Comédie ; mais dans la Tragédie il y faut des vers : mais vous n'aimez pas les vers.</s>
</p>
</sp>
<sp who="LE DRAMATURGE"><speaker>LE DRAMATURGE.</speaker>
<p id="21">
	<s id="1">Je les hais à tel point, Seigneur Momus , que je me fais appeler depuis longues années, Monsieur de Prousas ; c'est mon nom favori.</s>
</p>
</sp>
<sp who='MOMUS'><speaker>MOMUS.</speaker>
<p id="22">
	<s id="1">À vous permis, Monsieur de Prousas. </s>
	<s id='2'>Prousas ! </s>
	<s id='3'>Le beau nom de famille !... </s>
	<s id='4'>Dans quel cas Monsieur de Prousas, admettez-vous les vers ?</s>
</p>
</sp>
<sp who="LE DRAMATURGE"><speaker>LE DRAMATURGE.</speaker>
<p id="23">
	<s id="1">Pour que je les admisse, il faudrait d'abord qu'ils se rapprochassent de la prose.</s>
</p>
</sp>
<sp who='MOMUS'><speaker>MOMUS.</speaker>
<p id="24">
	<s id="1">En ce cas, Monsieur de Prousas, tous les Poètes de Constantinople sont vos amis, car leurs vers ne diffèrent aucunement de la prose.</s>
</p>
</sp>
<sp who="LE DRAMATURGE"><speaker>LE DRAMATURGE.</speaker>
<p id="25">
	<s id="1">Point d'épigramme, Seigneur Momus, point d'épigramme : je m'explique ; c'est-à-dire, que les vers fussent doux, simples, faciles et naturels.</s>
</p>
</sp>
<sp who='MOMUS'><speaker>MOMUS.</speaker>
<note type="L">Racinios : Déformation de Jean Racine (1639-1699), poète dramatique.</note>
<note type="L">Volterios : Déformation de Voldaire (1694-1778), poète dramatique.</note>
<p id="26">
	<s id="1">J'entends : comme ceux de Racinios, par exemple, et de nos jours ceux de Volterios.</s>
</p>
</sp>
<sp who="LE DRAMATURGE"><speaker>LE DRAMATURGE.</speaker>
<p id="27">
	<s id="1">Ces deux célèbres Poètes tragiques se sont donné beaucoup de peine, à mon avis, pour n'opérer que ce que la prose aurait fait tout aussi bien et peut-être mieux.</s>
</p>
</sp>
<sp who='MOMUS'><speaker>MOMUS.</speaker>
<p id="28">
	<s id="1">Je ne conviendrai pas de ce point, Monsieur de Prousas.</s>
</p>
</sp>
<sp who="LE DRAMATURGE"><speaker>LE DRAMATURGE.</speaker>
<p id="29">
	<s id="1">Tout comme vous voudrez : mais je ne changerai jamais de sentiment.</s>
</p>
</sp>
<sp who='MOMUS'><speaker>MOMUS.</speaker>
<p id="30">
	<s id="1">Eh quoi ! </s>
	<s id='2'>Monsieur de Prousas, malgré votre nom si je vous faisais voir clair comme le jour !</s>
</p>
</sp>
<sp who="LE DRAMATURGE"><speaker>LE DRAMATURGE.</speaker>
<p id="31">
	<s id="1">Oui, clair comme le jour ! </s>
	<s id='2'>Dites plutôt clair comme la bouteille à l'encre.</s>
</p>
</sp>
<sp who='MOMUS'><speaker>MOMUS.</speaker>
<note type="L">Hérésiarque : Auteur d'une hérésie, chef d'une secte hérétique. [L]</note>
<p id="32">
	<s id="1">En matière de l'art tragique, vous êtes un hérésiarque.</s>
</p>
</sp>
<sp who="LE DRAMATURGE"><speaker>LE DRAMATURGE.</speaker>
<p id="33">
	<s id="1">Point du tout : je vous fais juge, Seigneur Momus : n'y a-t-il point de la bizarrerie à parler en vers devant la populace, comme dans une assemblée de Gens de Lettres : répondez à cet argument ?</s>
</p>
</sp>
<sp who='MOMUS'><speaker>MOMUS.</speaker>
<note type="L">Sophisme : Faux raisonnement qui a quelque apparence de vérité. [L]</note>
<p id="34">
	<s id="1">C'est un sophisme, et des plus forts ; car il faudrait, d'après votre raisonnement, parler le même langage de la populace.</s>
</p>
</sp>
<sp who="LE DRAMATURGE"><speaker>LE DRAMATURGE.</speaker>
<p id="35">
	<s id="1">Oui, à peu près, mais un langage épuré.</s>
</p>
</sp>
<sp who='MOMUS'><speaker>MOMUS.</speaker>
<p id="36">
	<s id="1">La scène du monde et celle du Théâtre sont bien différentes : d'ailleurs le Parterre est très instruit, et les meilleurs juges quelquefois y résident.... </s>
	<s id='2'>Serviteur.</s>
</p>
</sp>
<sp who="LE DRAMATURGE"><speaker>LE DRAMATURGE.</speaker>
<p id="37">
	<s id="1">Ah ! Seigneur Momus, ne m'abandonnez point, ni mes Drames sombres.</s>
</p>
</sp>
<sp who='MOMUS'><speaker>MOMUS.</speaker>
<p id="38">
	<s id="1">Vous me faites pitié par vos blasphèmes dramatiques.</s>
</p>
</sp>
<sp who="LE DRAMATURGE"><speaker>LE DRAMATURGE.</speaker>
<p id="39">
	<s id="1">Oh ! </s>
	<s id='2'>Je suivrai toujours vos pas.</s>
</p>
</sp>
<sp stage="awake" who='MOMUS'><speaker>MOMUS, le réveillant.</speaker>
<p id='40'>
	<s id='1'>Arlequin, songez à bien recevoir les personnes qui se présenteront ici.</s>
</p>
</sp>
<sp stage="shout" who='ARLEQUIN'><speaker>ARLEQUIN, criant.</speaker>
<p id='41'>
	<s id='1'>Oui, Monsieur.</s>
</p>
</sp>
</div2>
<div2 type="scene" n='7'><head>SCÈNE VII. Un Sauvage, Arlequin.</head>
<sp stage="alone" who='ARLEQUIN'><speaker>ARLEQUIN, seul.</speaker>
<p id='1'>
	<s id='1'>Mais ! </s>
	<s id='2'>Je représente donc mon Maître ? </s>
	<s id='3'>Je joue ici le rôle du Seigneur Momus... </s>
	<s id='4'>Donnons6nous un air d importance...</s>
</p>
<stage type="lazzis">Lazzis. </stage>
<p id='2'>
	<s id='1'>Quel est ce nouveau personnage-là ? </s>
	<s id='2'>Je l'ignore. </s>
	<s id='3'>En vérité, une massue à la main. </s>
	<s id='4'>Ouf ! </s>
	<s id='5'>Il s'avance, Sangodemini, je tremble.</s>
</p>
</sp>
<sp stage="toward" who='LE SAUVAGE'><speaker>LE SAUVAGE, au parterre.</speaker>
<p id='3'>
	<s id='1'>Que n'ai-je toujours eu commerce avec les habitants des forêts!</s>
</p>
</sp>
<sp stage="toward" who='ARLEQUIN'><speaker>ARLEQUIN, au Parterre.</speaker>
<p id='4'>
	<s id='1'>Sans doute c'est un chasseur ; en tout cas il est bien crasseux.</s>
</p>
</sp>
<sp who='LE SAUVAGE'><speaker>LE SAUVAGE.</speaker>
<p id='5'>
	<s id='1'>Avec leur rustique franchise, je jouirais de leur bonheur.</s>
</p>
</sp>
<sp who='ARLEQUIN'><speaker>ARLEQUIN.</speaker>
<p id='6'>
	<s id='1'>Quel bonheur ! </s>
	<s id='2'>Manger de l'herbe comme des lapins, et boire de l'eau comme des grenouilles, sans macaronis encore !</s>
</p>
</sp>
<sp stage="declamation" who='LE SAUVAGE'><speaker>LE SAUVAGE, déclame.</speaker>
<p id='7'>
	<s id='1'>Ô homme ! </s>
	<s id='2'>Quelque soit ton rang, ton pays, tes moeurs, si tu n'es sauvage, écoute et réforme-toi.</s>
</p>
</sp>
<sp stage="lazzis" who='ARLEQUIN'><speaker>ARLEQUIN, lazzis.</speaker>
<p id='8'>
	<s id='1'>Ah ! </s>
	<s id='2'>C'est un sauvage ; écoutons et formons-nous.</s>
</p>
</sp>
<sp who='LE SAUVAGE'><speaker>LE SAUVAGE.</speaker>
<note type="C">Les textes cités sont extraits de L'Isle enchantée, épisode de la Lusiade, traduit de Camoëns, dans Voyages imaginaires, songes, visions et romans cabalistiques, tome XXVII, 1787. - Ch. II, p. 92.</note>
<p id='9'>
	<s id='1'>Le premier qui se fit des habits, se donna en cela des choses peu nécessaires.</s>
</p>
</sp>
<sp who='ARLEQUIN'><speaker>ARLEQUIN.</speaker>
<p id='10'>
	<s id='1'>Il me semble cependant que mon habit me sert bien à couvrir ma nudité, et que lorsqu'il fait froid un bon manteau sur les épaules et un bonnet fourré sur la tête, me font choses nécessaires.</s>
</p>
</sp>
<sp stage="declamation" who='LE SAUVAGE'><speaker>LE SAUVAGE, déclame.</speaker>
<p id='11'>
	<s id='1'>Le premier qui se bâtit une maison fit très mal.</s>
</p>
</sp>
<sp who='ARLEQUIN'><speaker>ARLEQUIN.</speaker>
<p id='12'>
	<s id='1'>Et moi j'ose dire, Monsieur Sauvaget, qu'il fit très bien ; car, où se mettre à l'abri quand il pleut ?</s>
</p>
</sp>
<sp who='LE SAUVAGE'><speaker>LE SAUVAGE.</speaker>
<p id='13'>
	<s id='1'>Sous des arbres.</s>
</p>
</sp>
<sp stage="lazzis" who='ARLEQUIN'><speaker>ARLEQUIN, lazzis.</speaker>
<p id='14'>
	<s id='1'>Sous des arbres ! </s>
	<s id='2'>Hai, hai , hai.</s>
</p>
</sp>
<sp stage="declamation" who='LE SAUVAGE'><speaker>LE SAUVAGE, déclame.</speaker>
<p id='15'>
	<s id='1'>« Le premier qui inventa les sabots devait être puni comme l'auteur du luxe et corrupteur de la société. »</s>
</p>
</sp>
<sp who='ARLEQUIN'><speaker>ARLEQUIN.</speaker>
<p id='16'>
	<s id='1'>Un moment, Monsieur Sabot, si je marchais sans souliers, je me piquerais la plante des pieds avec une épine ou un morceau de verre.</s>
</p>
</sp>
<sp who='LE SAUVAGE'><speaker>LE SAUVAGE.</speaker>
<p id='17'>
	<s id='1'>« ... Plus on y réfléchit, plus on trouve que l'état de nature est le moins sujet aux révolutions, le meilleur à l'homme.» </s>
</p>
</sp>
<sp stage="lazzis" who='ARLEQUIN'><speaker>ARLEQUIN, lazzis.</speaker>
<p id='18'>
	<s id='1'>Et à la femme.</s>
</p>
</sp>
<sp who='LE SAUVAGE'><speaker>LE SAUVAGE.</speaker>
<p id='19'>
	<s id='1'>« L'exemple des Sauvages, qu'on a presque tous trouvés à ce point, semble confirmer que le genre humain était fait pour y demeurer toujours. »</s>
</p>
</sp>
<sp stage="lazzis" who='ARLEQUIN'><speaker>ARLEQUIN, lazzis.</speaker>
<p id='20'>
	<s id='1'>Toujours et jamais, jamais et toujours, c'est clair , c'est clair. </s>
	<s id='2'>Après.</s>
</p>
</sp>
<sp who='LE SAUVAGE'><speaker>LE SAUVAGE.</speaker>
<p id='21'>
	<s id='1'>« Que cet état est la véritable jeunesse du monde, et que tous les progrès ultérieurs ont été en apparence autant de pas vers la perfection de l'individu, mais, en effet, vers la décrépitude de l'espèce.»</s>
</p>
</sp>
<sp who='ARLEQUIN'><speaker>ARLEQUIN.</speaker>
<p id='22'>
	<s id='1'>Monsieur le décrépit de l'espèce, dans tous ses discours je n'y vois pas de macaronis.</s>
</p>
</sp>
<sp stage="declamation" who='LE SAUVAGE'><speaker>LE SAUVAGE, déclame.</speaker>
<p id='23'>
	<s id='1'>« Non, encore une fois, ce n'est point l'état originel de l'homme, c'est le seul esprit de la société qui change et altère ainsi nos inclinations naturelles. »</s>
</p>
</sp>
<sp who='ARLEQUIN'><speaker>ARLEQUIN.</speaker>
<p id='24'>
	<s id='1'>Mes inclinations naturelles à moi, c'est de boire et de manger.</s>
</p>
</sp>
<sp who='LE SAUVAGE'><speaker>LE SAUVAGE.</speaker>
<p id='25'>
	<s id='1'>Boire et manger seulement, dis-tu ?</s>
</p>
</sp>
<sp who='ARLEQUIN'><speaker>ARLEQUIN.</speaker>
<p id='26'>
	<s id='1'>Oui, je le dis, parce que c'est vrai. </s>
	<s id='2'>Il m'arrive quelquefois de dormir après.</s>
</p>
</sp>
<sp who='LE SAUVAGE'><speaker>LE SAUVAGE.</speaker>
<p id='27'>
	<s id='1'>Dormir après ! </s>
	<s id='2'>L'homme heureux ! </s>
	<s id='3'>Tu ne médites jamais ?</s>
</p>
</sp>
<sp stage="lazzis" who='ARLEQUIN'><speaker>ARLEQUIN, lazzis.</speaker>
<p id='28'>
	<s id='1'>Médites ! </s>
	<s id='2'>Je ne connais point cet animal-là.</s>
</p>
</sp>
<sp who='LE SAUVAGE'><speaker>LE SAUVAGE.</speaker>
<p id='29'>
	<s id='1'>Méditer, c'est faire des réflexions.</s>
</p>
</sp>
<sp who='ARLEQUIN'><speaker>ARLEQUIN.</speaker>
<p id='30'>
	<s id='1'>Je n'en fais point faire, Monsieur Sauvage ; mon ch'père ne m'a point appris ce métier-là.</s>
</p>
</sp>
<sp who='LE SAUVAGE'><speaker>LE SAUVAGE.</speaker>
<p id='31'>
	<s id='1'>Ô homme digne des premiers siècles ! </s>
	<s id='2'>Digne d'habiter les bois !</s>
</p>
</sp>
<sp stage="shout" who='ARLEQUIN'><speaker>ARLEQUIN, criant.</speaker>
<p id='32'>
	<s id='1'>Ahi ! </s>
	<s id='2'>Ahi ! </s>
	<s id='3'>Ahi ! vous m'allez étouffer. </s>
	<s id='4'>Nenni, nenni, j'ai peur des loups.</s>
</p>
</sp>
<sp who='LE SAUVAGE'><speaker>LE SAUVAGE.</speaker>
<p id='33'>
	<s id='1'>Apprends de moi que « l'état de réflexion est un état contre nature et que l'homme qui médite est un animal dépravé. »</s>
</p>
</sp>
<sp who='ARLEQUIN'><speaker>ARLEQUIN.</speaker>
<p id='34'>
	<s id='1'>Animal, animal toi-même. </s>
	<s id='2'>Je ne suis point animal, ni Annibal ; je suis Arlequin.</s>
</p>
</sp>
<sp who='LE SAUVAGE'><speaker>LE SAUVAGE.</speaker>
<p id='35'>
	<s id='1'>Quoi ! </s>
	<s id='2'>Tu ne fais pas que l'homme est un animal plus féroce, plus vorace, plus carnassier, que les loups , les lions et les tigres ?</s>
</p>
</sp>
<sp stage="lazzis" who='ARLEQUIN'><speaker>ARLEQUIN, lazzis.</speaker>
<p id='36'>
	<s id='1'>Ah ! </s>
	<s id='2'>Ah ! </s>
	<s id='3'>Ah ! </s>
	<s id='4'>Vous avez bon air, bon air vous avez tout-à-fait.</s>
</p>
</sp>
<sp who='LE SAUVAGE'><speaker>LE SAUVAGE.</speaker>
<p id='37'>
	<s id='1'>Il me siffle ; tant mieux, je n'en fuis que plus content de moi-même, et d'ailleurs ma propre estime me suffit.</s>
</p>
</sp>
<sp who='ARLEQUIN'><speaker>ARLEQUIN.</speaker>
<p id='38'>
	<s id='1'>Monsieur Sauvaget, vous raisonnez comme un ange...</s>
</p>
<stage type="low">Bas.</stage>
<p id='39'>
	<s id='1'>Cornu...</s>
</p>
</sp>
<sp who='LE SAUVAGE'><speaker>LE SAUVAGE.</speaker>
<p id='39'>
	<s id='1'>Continue ! </s>
	<s id='2'>C'est une occupation qui t'empêche de plus mal faire, et puisqu'il est ainsi, je viendrai te haranguer tous les jours.</s>
</p>
</sp>
<sp who='ARLEQUIN'><speaker>ARLEQUIN.</speaker>
<p id='40'>
	<s id='1'>Sans doute ; comme dit la Chanson, pour une fois, ce n'est pas la peine, pour une fois, c'est trop bourgeois.</s>
</p>
</sp>
<sp stage="declamation" who='LE SAUVAGE'><speaker>LE SAUVAGE, déclame.</speaker>
<p id='41'>
	<s id='1'>Que n'ai-je que l'instinct !... </s>
	<s id=''>« Dieux! que sont devenus ces toits couverts de chaumes qu'habitaient jadis la modération et la vertu ? »</s>
</p>
</sp>
<sp who='ARLEQUIN'><speaker>ARLEQUIN.</speaker>
<p id='42'>
	<s id='1'>Ma foi je n'en fais rien, et je ne les ai point pris ; fouillez-moi plutôt.</s>
</p>
</sp>
<sp who='LE SAUVAGE'><speaker>LE SAUVAGE.</speaker>
<p id='43'>
	<s id='1'>» Quel[le] splendeur funeste a succédé à la simplicité de nos aïeux ! </s>
	<s id='2'>Quoi ? </s>
	<s id='3'>Vous ne renversez pas ces édifices ? </s>
	<s id='4'>Quoi ! </s>
	<s id='5'>Vous ne brûlez pas ces tableaux ? </s>
	<s id='6'>Quoi ! </s>
	<s id='7'>Vous ne brisez point ces statue...» </s>
</p>
<stage type="exit">Il sort.</stage>
</sp>
<sp who='ARLEQUIN'><speaker>ARLEQUIN.</speaker>
<p id='44'>
	<s id='1'>Adieu, Monsieur Cataquoi.</s>
</p>
<stage type="lazzis">Lazzis.</stage>
<note type="L">Petites-maisons : nom donné autrefois à un hôpital de Paris où l'on renfermait les aliénés. [F]</note>
<p id='45'>
	<s id='1'>Si nous étions à Paris, je croirais que Monsieur Sauvaget est un échappé des Petites-Maisons ; mais retirons-nous pour faire place aux Calenders qui reviennent de la mosquée.</s>
</p>
<stage type="danse">Marche des Calenders revenant de la Mosquée.</stage>
</sp>
</div2>
<div2 type="scene" n='8'><head>SCÈNE VIII. Venus, Un Officier.</head>
<sp who='VÉNUS'><speaker>VÉNUS.</speaker>
<p id='1'>
	<s id='1'>Vous avez bien l'air d'un petit-maître, d'un officier français.</s>
</p>
</sp>
<sp who="L'OFFICIER"><speaker>L'OFFICIER.</speaker>
<p id='2'>
	<s id='1'>Aussi le suis-je : j'ai voulu porter mes conquêtes jusqu'à Constantinople.</s>
</p>
</sp>
<sp who='VÉNUS'><speaker>VÉNUS.</speaker>
<p id='3'>
	<s id='1'>N'avez-vous pas envie d'enlever la Sultane favorite ?</s>
</p>
</sp>
<sp who="L'OFFICIER"><speaker>L'OFFICIER.</speaker>
<p id='4'>
	<s id='1'>Pourquoi pas ?... </s>
	<s id='é'>Mais pour revenir à ce que nous disions, vous avez de l'esprit, mais vous raisonnez faussement.</s>
</p>
</sp>
<sp stage="laugh" who='VÉNUS'><speaker>VÉNUS, riant.</speaker>
<p id='5'>
	<s id='1'>Voilà une galanterie à la Turque.</s>
</p>
</sp>
<sp who="L'OFFICIER"><speaker>L'OFFICIER.</speaker>
<p id='6'>
	<s id='1'>D'accord, votre esprit subtil et faux bâtit un édifice où il se plaît à habiter seul : vous vous enfoncez dans des rêves fantastiques, qui vous abusent et vous dérobent le véritable état du beau monde.</s>
</p>
</sp>
<sp who='VÉNUS'><speaker>VÉNUS.</speaker>
<p id='7'>
	<s id='1'>Je le connais peut-être aussi bien que vous Monsieur l'officier français.</s>
</p>
</sp>
<sp who="L'OFFICIER"><speaker>L'OFFICIER.</speaker>
<p id='8'>
	<s id='1'>En tout cas, je vous plains : votre figure vous destinait à tous les hommages qu'une jolie femme peut recevoir : mais votre façon de penser vous rendra ridicule, je vous en avertis, belle Pèlerine.</s>
</p>
</sp>
<sp who='VÉNUS'><speaker>VÉNUS.</speaker>
<p id='9'>
	<s id='1'>Recevez-en tous mes remerçiements par cette révérence.</s>
</p>
</sp>
<sp who="L'OFFICIER"><speaker>L'OFFICIER.</speaker>
<p id='10'>
	<s id='1'>Dans le beau monde que vous connaissez aussi peu que vous en êtes connue, vous ressemblez à une habitante de la lune, qui aurait fait un grand saut sur notre globe.</s>
</p>
</sp>
<sp who='VÉNUS'><speaker>VÉNUS.</speaker>
<p id='11'>
	<s id='1'>Comment ! </s>
	<s id='2'>Un officier, et un officier français faire des allégories ; parler par métaphores !</s>
</p>
</sp>
<sp who="L'OFFICIER"><speaker>L'OFFICIER.</speaker>
<p id='12'>
	<s id='1'>Voyageuse dans les espaces imaginaires ; étrangère aux usages les plus communs.</s>
</p>
</sp>
<sp who='VÉNUS'><speaker>VÉNUS.</speaker>
<p id='13'>
	<s id='1'>Je ne suis point si étrangère que vous le vous imaginez bien.</s>
</p>
</sp>
<sp who="L'OFFICIER"><speaker>L'OFFICIER.</speaker>
<p id='14'>
	<s id='1'>Vous m'interrompez toujours.</s>
</p>
</sp>
<sp stage="laugh" who='VÉNUS'><speaker>VÉNUS, riant.</speaker>
<p id='15'>
	<s id='1'>C'est grand dommage, en vérité.</s>
</p>
</sp>
<sp who="L'OFFICIER"><speaker>L'OFFICIER.</speaker>
<p id='16'>
	<s id='1'>En un mot, comment peut-on former une femme qui a des craintes, des scrupules ?</s>
</p>
</sp>
<sp who='VÉNUS'><speaker>VÉNUS.</speaker>
<p id='17'>
	<s id='1'>Avez-vous bientôt fini votre période ? </s>
	<s id='2'>Elle m'ennuie, au moins.</s>
</p>
</sp>
<sp who="L'OFFICIER"><speaker>L'OFFICIER.</speaker>
<p id='18'>
	<s id='1'>Une femme, dis-je, et une jolie femme encore, qui exalte les douceurs de la campagne, tandis qu'elle dédaigne celles de la ville ou elle pourrait briller ?</s>
</p>
</sp>
<sp who='VÉNUS'><speaker>VÉNUS.</speaker>
<note type="L">Petit-Maître : C'est un nom qu'on a donné aux jeunes Seigneurs de la Cour. La qualité de petits-maîtres tombe dans le mépris à mesure qu'elle se communique à la Bourgeoisie, et qu'on dit les petits-maîtres des Tuilleries, etc. (St Evremond) [T]</note>
<p id='19'>
	<s id='1'>Tout cela, Monsieur le Petit-Maître, ne sont que des mots superflus, de vaines paroles.</s>
</p>
</sp>
<sp who="L'OFFICIER"><speaker>L'OFFICIER.</speaker>
<p id='20'>
	<s id='1'>Croyez-moi, Philosophe femelle ; vous avez, lu Platon, et moi j'ai lu dans le Livre du monde : vous avez étudié le Grec, et moi j'ai l'expérience de la société : celle-ci en fait plus que toutes les Langues Turques et Arabes jointes aux volumes antiques.</s>
</p>
</sp>
<sp who='VÉNUS'><speaker>VÉNUS.</speaker>
<p id='21'>
	<s id='1'>Néanmoins vous conviendrez que la philosophie est bonne.</s>
</p>
</sp>
<sp who="L'OFFICIER"><speaker>L'OFFICIER.</speaker>
<p id='22'>
	<s id='1'>La philosophie est bonne pour amuser quelques instans ; mais sa pratique est folle. </s>
	<s id='2'>Les Sectateurs d'Omar et d'Hali eux-mêmes n'en font qu'un jeu, et hors du cabinet ils redeviennent fort légers et frivoles.</s>
</p>
</sp>
<sp who='VÉNUS'><speaker>VÉNUS.</speaker>
<p id='23'>
	<s id='1'>Oui, les faux Philosophes, les Philosophes tels que vous.</s>
</p>
</sp>
<sp who="L'OFFICIER"><speaker>L'OFFICIER.</speaker>
<p id='24'>
	<s id='1'>Ah ! ah ! ah ! ah ! </s>
	<s id='2'>Moi Philosophe ! </s>
	<s id='3'>À travers vos extravagances j'ai aperçu du bon ; vous ne tarderez pas à nous suivre, à être des nôtres... </s>
</p>
<stage type="low">Bas.</stage>
<p id='25'>
	<s id='1'>ou des miennes.</s>
</p>
</sp>
<sp who='VÉNUS'><speaker>VÉNUS.</speaker>
<p id='26'>
	<s id='1'>Qu'entendez-vous, Monsieur le Galantin par cette confidence mystérieuse, par ce mot des miennes.</s>
</p>
</sp>
<sp who="L'OFFICIER"><speaker>L'OFFICIER.</speaker>
<p id='27'>
	<s id='1'>C'est-à-dire, ma Reine, que je vous propose d'être ma Sultane favorite.</s>
</p>
</sp>
<sp who='VÉNUS'><speaker>VÉNUS.</speaker>
<p id='28'>
	<s id='1'>On voit bien que vous êtes à Constantinople, vous parlez comme le Grand Seigneur.</s>
</p>
</sp>
<sp who="L'OFFICIER"><speaker>L'OFFICIER.</speaker>
<note type="L">Tout coup vaille : Arrive ce qu'il pourra. [L]</note>
<p id='29'>
	<s id='1'>Vous persiflez, je pense. </s>
	<s id='2'>Tout coup vaille, je vous donnerai pour vingt-quatre mille francs de diamants, une voiture anglaise, et cent pistoles par mois.</s>
</p>
</sp>
<sp who='VÉNUS'><speaker>VÉNUS.</speaker>
<p id='30'>
	<s id='1'>Oh ! </s>
	<s id='2'>Je vous entends, mon cher Colonel ; mais vous aurez de la peine à me convaincre.</s>
</p>
</sp>
<sp who="L'OFFICIER"><speaker>L'OFFICIER.</speaker>
<p id='31'>
	<s id='1'>Si je ne puis vous convaincre, Madame ou Mademoiselle ( car je ne sais encore qui vous êtes, ne vous connaissant que dans la minute ), le temps saura le faire.</s>
</p>
</sp>
<sp stage="ironic" who='VÉNUS'><speaker>VÉNUS, avec ironie.</speaker>
<p id='32'>
	<s id='1'>Oui, le temps vient à bout de tout.</s>
</p>
</sp>
<sp who="L'OFFICIER"><speaker>L'OFFICIER.</speaker>
<p id='33'>
	<s id='1'>Je ne me rebute point, vous verrez qu'il n'y a rien de plus solide que le plaisir ; qu'il est nécessaire à l'homme, encore plus à la femme.</s>
</p>
</sp>
<sp who='VÉNUS'><speaker>VÉNUS.</speaker>
<p id='34'>
	<s id='1'>Touchez là, beau Chevalier, défenseur des Belles... </s>
	<s id='2'>Je ne suis pas pour vous.</s>
</p>
</sp>
<sp who="L'OFFICIER"><speaker>L'OFFICIER.</speaker>
<p id='35'>
	<s id='1'>Une de perdue, cent de retrouvées. </s>
	<s id='2'>La nuit s'approche ; voici bientôt le moment du sommeil ; je vais jouir des faveurs de la plus jolie femme de Constantinople, et demain avant l'aurore je dois enlever la maîtresse du Grand Muphti, pour la façonner en France.</s>
</p>
<stage type="exit/sing">Il sort en chantant.</stage>
</sp>
</div2>
<div2 type="scene" n='9'><head>SCÈNE IX ET DERNIÈRE. Vénus, Momus.</head>
<sp stage="alone" who='VÉNUS'><speaker>VÉNUS, seule.</speaker>
<p id='1'>
	<s id='1'>Cet officier français ne dément point le caractère de sa nation.</s>
</p>
</sp>
<sp who='MOMUS'><speaker>MOMUS.</speaker>
<p id='2'>
	<s id='1'>À la fin, tendre mère des Amours, je vous rejoins. </s>
	<s id='2'>Avez-vous trouvé votre fils ?</s>
</p>
</sp>
<sp who='VÉNUS'><speaker>VÉNUS.</speaker>
<p id='3'>
	<s id='1'>Hélas ! </s>
	<s id='2'>Non. </s>
	<s id='3'>J'ai rencontré plusieurs originaux.</s>
</p>
</sp>
<sp who='MOMUS'><speaker>MOMUS.</speaker>
<p id='4'>
	<s id='1'>Et moi aussi. </s>
	<s id='2'>Je sors des spectacles, où l'on se plaint de l'éternelle reprise des anciennes pièces, de la négligence, de la paresse des acteurs à jouer les nouveautés.</s>
</p>
</sp>
<sp who='VÉNUS'><speaker>VÉNUS.</speaker>
<p id='5'>
	<s id='1'>On prétend que leur Répertoire abonde en pièces nouvelles, et que l'on attend un second théâtre, un théatre intermédiaire, sous la dénomination, d'École Dramatique.</s>
</p>
</sp>
<sp who='MOMUS'><speaker>MOMUS.</speaker>
<p id='6'>
	<s id='1'>Il est vrai, c'est le voeu de Constantinople entier. </s>
	<s id='2'>À propos, je peux vous donner des nouvelles do votre petit déserteur.</s>
</p>
</sp>
<sp who='VÉNUS'><speaker>VÉNUS.</speaker>
<p id='7'>
	<s id='1'>Rendez la paix et la consolation à une mère affligée.</s>
</p>
</sp>
<sp who='MOMUS'><speaker>MOMUS.</speaker>
<p id='8'>
	<s id='1'>Dans le moment même on vient de me dire que l'Amour n'habitait plus qu'au village.</s>
</p>
</sp>
<sp who='VÉNUS'><speaker>VÉNUS.</speaker>
<p id='9'>
	<s id='1'>Transportons-nous-y, et faisons des heureux.</s>
</p>
</sp>
</div2>
<div2 type="scene" n='10'><head>DIVERTISSEMENT. L'AMOUR AU VILLAGE.</head>
<stage type="decor">Le théâtre doit représenter un vallon délicieux.</stage>
<stage type="action">Plusieurs groupes de Bergers et de Bergères jouant à divers jeux.</stage>
<stage type="expression">Bouderie de deux Amoureux. L'AMOUR.</stage>
<stage type="action">Un repas champêtre. L'AMOUR.</stage>
<stage type="action">Une noce villageoise. Les Trois Grâces.</stage>
<stage type="noise">Un départ de chasse.</stage>
<stage type="meteo">Un orage d'été, pluie, éclairs et tonnerre. </stage>
<stage type="entrance">Vénus et Momus paraissent sur la scène. </stage>
<sp stage="aparte" who='VÉNUS'><speaker>VÉNUS, bas, à part.</speaker>
<p id='1'>
	<s id='1'>J'aperçois les Grâces! </s>
</p>
</sp>
<sp who='MOMUS'><speaker>MOMUS. </speaker>
<p id='2'>
	<s id='1'>Sans doute que l'Amour n'est pas loin.</s>
</p>
<stage type="danse">Les Grâces forment quelques danses. </stage>
<p id='3'>
	<s id='1'>Tenez, voici là-bas notre petit libertin.</s>
</p>
</sp>
<sp who='VÉNUS'><speaker>VÉNUS.</speaker>
<p id='4'>
	<s id='1'>Ah ! </s>
	<s id='2'>Mon fils, il y a longtemps que je vous cherche.</s>
</p>
</sp>
<sp who="L'AMOUR"><speaker>L'AMOUR.</speaker>
<p id='5'>
	<s id='1'>Ah ! </s>
	<s id='2'>Ma mère, que je suis heureux d'habiter au village !</s>
</p>
<stage type="fly/down">Le char de Vénus descend sur des nuages ; la Déesse s'y place avec son fils et s'envole par les airs.</stage>
</sp>
</div2>
</div1>
</body>
</text>
<bottom>
</bottom>
</TEI>