<?xml version="1.0" encoding="utf-8"?>
<TEI xml:lang="fr">
<teiHeader>
	<fileDesc>
		<titleStmt>
			<title>VEUVE !, DRAME.</title>
			<author type="texte" ISNI="0000 0001 1042 1907">Henry BECQUE (1837-1899)</author>
		</titleStmt>
		<publicationStmt>
			<editor>Texte établi par Paul FIEVRE septembre 2019.</editor>
			<publisher>Publié par Paul FIEVRE, octobre 2019</publisher>
			<idno>BECQUE_VEUVE</idno>
			<rights>Creative Commons BY-NC-SA</rights>			
		</publicationStmt>
		<SourceDesc>
			<genre>Comédie</genre>
			<inspiration>moeurs</inspiration>			<structure>Un acte</structure>
			<type>prose</type>
			<periode>1921-1930</periode>
			<taille>(mesure non pertinente)</taille>
			<permalien>https://gallica.bnf.fr/ark:/12148/bpt6k209967c/f287.image.r=Henry%20Becque%20ex%C3%A9cution</permalien>
		</SourceDesc>
</fileDesc>
</teiHeader>
<text>
	<front>
		<docTitle>
			<titlePart type="main">VEUVE !</titlePart>
			
		</docTitle> 
		<docDate value='1924'>M CM XXIV</docDate>
		<docAuthor id='BECQUE, Henry'>d'Henry BECQUE.</docAuthor>
		<docImprint>
			<editor>PARIS, Les édition G. GRÈS et compagnie, 21 rue d'Hautefeuille, 21.</editor>
			<printer>5543. Tours, Imprimerie E. Arrault, et Cie.</printer>
		</docImprint>
	<castList><head>PERSONNAGES</head>
		<castItem><role id="MADAME CHARPENTIER" sex="2" type="H" statut='bourgeois' age='A' stat_amour='néant'>MADAME MÈRE</role> mère de Charpentier.</castItem>
		<castItem><role id="MONSIEUR CHARPENTIER" sex="1" type="H" statut='bourgeois' age='A' stat_amour='néant'>MONSIEUR CHARPENTIER</role> père de Charpentier.</castItem>
		<castItem><role id="MADEMOISELLE CHARPENTIER" sex="2" type="H" statut='bourgeois' age='A' stat_amour='néant'>MADEMOISELLE CHARPENTIER</role>, fille de Monsieur et Madame Charpentier.</castItem>
		<castItem><role id="CHARPENTIER" sex="1" type="H" statut='employé' age='A' stat_amour='néant'>CHARPENTIER</role>.</castItem>
		<castItem><role id="ERNEST" sex="1" type="H" statut='bourgeois' age='A' stat_amour='néant'>ERNEST</role>, cousin de Charpentier.</castItem>
		<castItem><role id="MAÎTRESSE DE CHARPENTIER" sex="1" type="H" statut='bourgeois' age='A' stat_amour='néant'>LA MAÎTRESSE DE CHARPENTIER</role>.</castItem>
		<castItem><role id="POLICIER" sex="1" type="H" statut='policier' age='A' stat_amour='néant'>POLICIER FRANÇAIS</role>.</castItem>
		<castItem><role id="ALDERMAN" sex="1" type="H" statut='policier' age='A' stat_amour='néant'>ALDEMAN</role>, du port de Boston.</castItem>
    </castList>
<set location="Province" country="France" periode="XIXème" gps="">À la gare d'une petite ville.</set>
<note>Texte issu de l'ouvrage "HENRY BECQUE, OEuvres complète, tome III", Paris, G. Grès, 1924. pp.124-136.</note>
</front>
<body>
<div1 type="acte" n="1"><head>VEUVE !</head>
<div2 type="scene" n="1"><head>SCÈNE PREMIÈRE.</head>
<stage type="decor">Un petit salon tout ce qu'il y a de plus parisien. Les volets fermés aux trois quarts, ne laissent pénétrer qu'une faible lumière. Clotilde, habillée de noir, les traits tirés, songeuse, parcourt des lettres qu'elle vient de recevoir.</stage>
<sp who="CLOTILDE"><speaker>CLOTILDE, lisant.</speaker>
<p id="1">
	<s id="1">« MA CHÈRE COUSINE,</s>
</p>
<p id="2">
	<s id="1">J'ai compris tout de suite que vous aviez une grave raison pour m'écrire et qu'un malheur était arrivé. </s>
	<s id="3">Je ne me trompais pas. </s>
	<s id="4">Mon pauvre Adolphe ! </s>
	<s id="5">Si jeune encore et enlevé en quelques jours !</s>
</p>
<p id="3">
	<s id="1">Je ne voyais plus mon cousin depuis longtemps, depuis qu'il avait pris ces habitudes mondaines pour lesquelles il n'était pas fait et qui ont bien certainement abrégé sa vie. </s>
	<s id="2">Mais j'avais gardé de nos années d'enfance et de jeunesse un souvenir toujours présent. </s>
	<s id="3">Il a bien tenu tout ce qu'il promettait. </s>
	<s id="4">Il était bon, laborieux, confiant. </s>
	<s id="5">C'est un honnête homme de moins à une époque où ils sont rares.</s>
</p>
<p id="4">
	<s id="1">Excusez-moi, ma chère cousine, si je vous fais attendre ma visite. </s>
	<s id="2">Je ne trouve plus le temps de sortir de chez moi. </s>
	<s id="3">Je ne m'en plains pas. </s>
	<s id="4">Qu'est-ce qu'une femme peut faire de mieux que de se consacrer à son mari et à ses enfants ?</s>
</p>
<p id="5">
	<s id="1">Votre toute dévouée,</s>
</p>
<p id="6">
	<s id="1">SOPHIE MARTINEAU. »</s>
</p>
<p id="7">
	<s id="1">Quelle gale ! </s>
	<s id="2">C'est une peste que cette Sophie.</s>
</p>
<stage type="give/read">Elle prend une autre lettre et la lit.</stage>
<p id="8">
	<s id="">« CHÈRE MADAME, </s>
</p>
<p id="9">
	<s id="1">J'apprends à l'instant, par le petit mot que vous avez bien voulu m'écrire, la mort de cet excellent homme, si justement apprécié de tous ceux qui l'ont connu. </s>
	<s id="2">Cette triste nouvelle, en reportant mon esprit vers le passé, m'a troublé profondément.</s>
</p>
<p id="10">
	<s id="1">Il y a huit ans maintenant, lorsque mon mariage m'a imposé des devoirs nouveaux, j'ai dû m'éloigner un peu brusquement de bien des amis qui avaient occupé une grande place dans mon coeur. </s>
	<s id="2">Depuis, j'ai bien souvent évoqué leur souvenir et je leur suis resté toujours reconnaissant des heures de joie et d'abandon que je leur ai dues.</s>
</p>
<p id="11">
	<s id="1">Je veux espérer, chère Madame, que votre mari vous laisse dans une situation de fortune digne de vous. </s>
	<s id="2">Ce n'est pas une question que je vous fais ; je ne me la permettrais pas. </s>
	<s id="3">C'est le voeu d'un homme d'affaires, qui ne l'est devenu que sur le tard, et qui sait que l'argent est un grand consolateur.</s>
</p>
<p id="12">
	<s id="1">Si je pouvais vous être bon à quelque chose, disposez de moi entièrement. </s>
	<s id="2">Vous me trouveriez au Crédit Lyonnais, tous les jours, de trois à sept. </s>
	<s id="3">C'est là que mes amis sont certains de me rencontrer et qu'ils ont l'habitude de m'adresser leurs lettres.</s>
</p>
<p id="13">
	<s id="1">Veuillez, je vous prie, chère Madame, avec tous mes regrets pour celui qui n'est plus, agréer l'hommage de mon dévouement et de mon respect.</s>
</p>
<p id="14">
	<s id="1">ALBERT CERISIER, Administrateur délégué. »</s>
</p>
</sp>
<sp who="CLOTILDE"><speaker>CLOTILDE.</speaker>
<p id="15">
	<s id="1">Un coureur ! </s>
	<s id="2">Mais il se souvient, c'est quelque chose.</s>
</p>
</sp>
<sp stage="entrance" who="ADÈLE"><speaker>ADÈLE, entrant.</speaker>
<p id="16">
	<s id="1">Monsieur_Lafont, Madame.</s>
</p>
</sp>
<sp who="CLOTILDE"><speaker>CLOTILDE.</speaker>
<p id="17">
	<s id="1">Faites entrer.</s>
</p>
</sp>
<sp stage="costume/face/tender/low" who="LAFONT"><speaker>LAFONT, toilette sévère, figure de circonstance, allant à elle, tendrement, à mi-voix.</speaker>
<p id="18">
	<s id="1">Comment allez-vous ?</s>
</p>
</sp>
<sp who="CLOTILDE"><speaker>CLOTILDE.</speaker>
<p id="19">
	<s id="1">Bien fatiguée. </s>
	<s id="2">Et vous ?</s>
</p>
</sp>
<sp who="LAFONT"><speaker>LAFONT.</speaker>
<p id="20">
	<s id="1">Je ne vis plus depuis deux jours. </s>
	<s id="2">La pensée que vous étiez là, seule, sans une personne qui vous aime, pendant que ce malheureux.</s>
</p>
</sp>
<sp who="CLOTILDE"><speaker>CLOTILDE.</speaker>
<p id="21">
	<s id="1">Vous êtes bon, je le sais.</s>
</p>
</sp>
<sp who="LAFONT"><speaker>LAFONT.</speaker>
<p id="22">
	<s id="1">J'ai envoyé une couronne, vous l'avez reçue ?</s>
</p>
</sp>
<sp who="CLOTILDE"><speaker>CLOTILDE.</speaker>
<p id="23">
	<s id="1">Oui.</s>
</p>
</sp>
<sp who="LAFONT"><speaker>LAFONT.</speaker>
<p id="24">
	<s id="1">Elle est bien ?</s>
</p>
</sp>
<sp who="CLOTILDE"><speaker>CLOTILDE.</speaker>
<p id="25">
	<s id="1">Très bien, je vous remercie.</s>
</p>
</sp>
<sp who="LAFONT"><speaker>LAFONT.</speaker>
<p id="26">
	<s id="1">À quel moment est-il mort ?</s>
</p>
</sp>
<sp who="CLOTILDE"><speaker>CLOTILDE.</speaker>
<p id="27">
	<s id="1">Vers sept heures.</s>
</p>
</sp>
<sp who="LAFONT"><speaker>LAFONT.</speaker>
<p id="28">
	<s id="1">A-t-il beaucoup souffert ?</s>
</p>
</sp>
<sp who="CLOTILDE"><speaker>CLOTILDE.</speaker>
<p id="29">
	<s id="1">Modérément.</s>
</p>
</sp>
<sp who="LAFONT"><speaker>LAFONT.</speaker>
<p id="30">
	<s id="1">Est-ce qu'il a parlé de moi?</s>
</p>
</sp>
<sp who="CLOTILDE"><speaker>CLOTILDE.</speaker>
<p id="31">
	<s id="1">Oui.</s>
</p>
</sp>
<sp who="LAFONT"><speaker>LAFONT.</speaker>
<p id="32">
	<s id="1">En de bons termes ?</s>
</p>
</sp>
<sp who="CLOTILDE"><speaker>CLOTILDE.</speaker>
<p id="33">
	<s id="1">En d'excellents termes.</s>
</p>
</sp>
<sp who="LAFONT"><speaker>LAFONT.</speaker>
<p id="34">
	<s id="1">Cher Adolphe ! </s>
	<s id="2">Il ne s'est jamais douté de rien ?</s>
</p>
</sp>
<sp who="CLOTILDE"><speaker>CLOTILDE.</speaker>
<p id="35">
	<s id="1">Est-ce qu'on sait !</s>
</p>
</sp>
<sp who="LAFONT"><speaker>LAFONT.</speaker>
<p id="36">
	<s id="1">Qu'est-ce qu'il vous a dit de moi ?</s>
</p>
</sp>
<sp who="CLOTILDE"><speaker>CLOTILDE.</speaker>
<p id="37">
	<s id="1">Plus tard. </s>
	<s id="2">Je vous conterai ça un autre jour. </s>
	<s id="3">Je vais peut-être partir.</s>
</p>
<stage type="wave">Mouvement de Lafont.</stage>
<p id="38">
	<s id="">J'irai passer un mois chez ma belle-mère.</s>
</p>
</sp>
<sp who="LAFONT"><speaker>LAFONT.</speaker>
<p id="39">
	<s id="1">Seule ?</s>
</p>
</sp>
<sp who="CLOTILDE"><speaker>CLOTILDE.</speaker>
<p id="40">
	<s id="1">Je ne serai pas seule chez ma belle-mère.</s>
</p>
</sp>
<sp who="LAFONT"><speaker>LAFONT.</speaker>
<p id="41">
	<s id="1">Et vos enfants ?</s>
</p>
</sp>
<sp who="CLOTILDE"><speaker>CLOTILDE.</speaker>
<p id="42">
	<s id="1">Je voudrais les emmener avec moi. </s>
	<s id="2">D'un autre côté, ce ne serait peut-être pas sage d'interrompre leurs études.</s>
</p>
</sp>
<sp who="LAFONT"><speaker>LAFONT.</speaker>
<p id="43">
	<s id="1">Restez à Paris. </s>
	<s id="2">Votre présence peut être nécessaire.</s>
</p>
</sp>
<sp who="CLOTILDE"><speaker>CLOTILDE.</speaker>
<p id="44">
	<s id="1">Je verrai. </s>
	<s id="2">Ma belle-mère arrive ce soir. </s>
	<s id="3">Nous déciderons cette question ensemble. </s>
	<s id="4">Est-ce que je vous ai parlé d'une cousine de mon mari, Madame Martineau ?</s>
</p>
</sp>
<sp who="LAFONT"><speaker>LAFONT.</speaker>
<p id="45">
	<s id="1">Peut-être. Je ne m'en souviens pas. </s>
	<s id="2">Pourquoi ? </s>
</p>
</sp>
<sp who="CLOTILDE"><speaker>CLOTILDE.</speaker>
<p id="46">
	<s id="1">J'ai fait la sottise de lui écrire moi-même pour lui annoncer la mort d'Adolphe. </s>
	<s id="2">Elle vient de me répondre une petite lettre, très sèche, très perfide, où elle me donne à entendre que c'est moi, en menant mon mari dans le monde, qui suis cause de sa mort. </s>
	<s id="3">Qu'est-ce que nous serions devenus, mon Dieu ! </s>
	<s id="4">Qu'est-ce qu'il aurait fait, mon pauvre mari, avec des relations comme Monsieur et Madame Martineau ? </s>
	<s id="5">Si j'ai quelque chose à me reprocher, ce n'est pas ça.</s>
</p>
</sp>
<sp who="LAFONT"><speaker>LAFONT.</speaker>
<p id="47">
	<s id="1">Vous n'avez rien à vous reprocher.</s>
</p>
</sp>
<sp who="CLOTILDE"><speaker>CLOTILDE.</speaker>
<p id="48">
	<s id="1">Taisez-vous.</s>
</p>
</sp>
<sp who="ADÈLE"><speaker>ADÈLE, entrant.</speaker>
<p id="49">
	<s id="">Voici des lettres pour Madame.</s>
</p>
</sp>
<sp who="CLOTILDE"><speaker>CLOTILDE.</speaker>
<p id="50">
	<s id="1">Donnez. </s>
</p>
<stage type="watch">Après avoir jeté un coup d'oeil sur les lettres.</stage>
<p id="51">
	<s id="">Celle-ci est d'une personne qui vous est antipathique, je n'ai jamais su pourquoi.</s>
</p>
</sp>
<sp who="LAFONT"><speaker>LAFONT.</speaker>
<p id="52">
	<s id="1">Madame Beaulieu ?</s>
</p>
</sp>
<sp who="CLOTILDE"><speaker>CLOTILDE.</speaker>
<p id="53">
	<s id="1">Précisément.</s>
</p>	
<stage type="read/smile">Après avoir lu la lettre ; avec un demi-sourire.</stage>
<p id="54">
	<s id="1">Quelle enfant que cette Pauline! </s>
	<s id="2">Elle se moque toujours.</s>
</p>
</sp>
<sp who="LAFONT"><speaker>LAFONT.</speaker>
<p id="55">
	<s id="1">Montrez-moi sa lettre, voulez-vous ?</s>
</p>
</sp>
<sp who="CLOTILDE"><speaker>CLOTILDE.</speaker>
<p id="56">
	<s id="1">Jamais.</s>
</p>
</sp>
<sp who="LAFONT"><speaker>LAFONT.</speaker>
<p id="57">
	<s id="1">C'est vrai. </s>
	<s id="2">Je ne l'aime pas, votre Madame_Beaulieu. </s>
	<s id="3">Je ne peux pas comprendre cet engouement que vous avez pour elle. </s>
	<s id="4">Vous perdez votre mari, ça la fait rire, et vous l'approuvez.</s>
</p>
</sp>
<sp who="CLOTILDE"><speaker>CLOTILDE.</speaker>
<p id="58">
	<s id="1">Je ne l'approuve pas.</s>
</p>
</sp>
<sp who="LAFONT"><speaker>LAFONT.</speaker>
<p id="59">
	<s id="1">Si je m'étais permis, moi, la plaisanterie la plus inoffensive, vous n'auriez pas assez de reproches à me faire.</s>
</p>
</sp>
<sp who="CLOTILDE"><speaker>CLOTILDE.</speaker>
<p id="60">
	<s id="1">Ce n'est pas la même chose. </s>
	<s id="2">Pauline ne connaissait pour ainsi dire pas mon mari. </s>
	<s id="3">Ils se parlaient une fois par an. </s>
	<s id="4">Tandis qu'Adolphe et vous, vous étiez liés depuis le collège ; vous ne vous êtes jamais quittés ; Adolphe avait pour vous une affection profonde et il l'a montrée jusqu'à son dernier soupir.</s>
</p>
</sp>
<sp who="LAFONT"><speaker>LAFONT.</speaker>
<p id="61">
	<s id="1">Qu'est-ce qu'il vous a dit de moi ?</s>
</p>
</sp>
<sp who="CLOTILDE"><speaker>CLOTILDE.</speaker>
<p id="62">
	<s id="1">Vous voulez le savoir ?</s>
</p>
</sp>
<sp who="LAFONT"><speaker>LAFONT.</speaker>
<p id="63">
	<s id="1">Certainement.</s>
</p>
</sp>
<sp who="CLOTILDE"><speaker>CLOTILDE.</speaker>
<p id="64">
	<s id="1">Soit. </s>
	<s id="2">Mon mari, à peu près une heure avant de mourir, s'est trouvé beaucoup mieux ; il ne souffrait plus. </s>
	<s id="3">Il m'a pris les mains, m'a parlé de ses affaires, de l'argent que nous avions et que je trouverais quand il n'y serait plus. </s>
	<s id="4">Il était très touchant, Adolphe, dans ce moment-là ; oh! très touchant, il n'y a pas à dire. </s>
	<s id="5">Il m'a regardée et il a ajouté « Tu vas te trouver dans une situation délicate avec tous tes besoins et deux enfants à élever. </s>
	<s id="6">Remarie-toi, ce sera plus sage. </s>
	<s id="7">Tu t'entends très bien avec Lafont. </s>
	<s id="8">C'est un homme de coeur et un garçon intelligent. </s>
	<s id="9">Si la pensée lui venait de t'épouser, il faudrait accepter. »</s>
</p>
</sp>
<sp who="LAFONT"><speaker>LAFONT.</speaker>
<p id="65">
	<s id="1">Il a dit cela?</s>
</p>
</sp>
<sp who="CLOTILDE"><speaker>CLOTILDE.</speaker>
<p id="66">
	<s id="1">Je vous répète ses paroles textuellement.</s>
</p>
</sp>
<sp who="LAFONT"><speaker>LAFONT.</speaker>
<p id="67">
	<s id="1">C'est drôle. </s>
	<s id="2">Je croyais que ces choses-là ne se passaient que dans les comédies.</s>
</p>
</sp>
<sp who="CLOTILDE"><speaker>CLOTILDE.</speaker>
<p id="68">
	<s id="1">Tranquillisez-vous, mon ami. </s>
	<s id="2">Je ne suivrai pas le conseil d'Adolphe : je ne pense pas une minute à me remarier.</s>
</p>
<stage type="entrance">Adèle entre.</stage>
<p id="69">
	<s id="1">Qu'est-ce qu'il y a, Adèle?</s>
</p>
</sp>
<sp who="ADÈLE"><speaker>ADÈLE.</speaker>
<p id="70">
	<s id="1">On vient d'apporter une couronne de la part de Monsieur Simpson.</s>
</p>
<stage type="wave">Mouvement de Lafont.</stage>
</sp>
<sp who="CLOTILDE"><speaker>CLOTILDE.</speaker>
<p id="71">
	<s id="1">C'est bien. </s>
	<s id="2">Portez-la avec les autres.</s>
</p>
</sp>
<sp who="LAFONT"><speaker>LAFONT.</speaker>
<p id="72">
	<s id="1">Vous voyez donc toujours ce monsieur ?</s>
</p>
</sp>
<sp who="CLOTILDE"><speaker>CLOTILDE.</speaker>
<p id="73">
	<s id="1">Je vous ai dit mille fois le contraire.</s>
</p>
</sp>
<sp who="LAFONT"><speaker>LAFONT.</speaker>
<p id="74">
	<s id="1">De quoi se mêle-t-il alors ?</s>
</p>
</sp>
<sp who="CLOTILDE"><speaker>CLOTILDE.</speaker>
<p id="75">
	<s id="1">Adèle se sera trompée. C'est Madame_Simpson qui envoie cette couronne. </s>
	<s id="2">Elle a peut-être chargé son fils de s'en occuper à sa place. </s>
	<s id="3">Pas de scène, n'est-ce pas, pensez un peu au jour où nous sommes. </s>
	<s id="4">Vous viendrez me voir demain, après la cérémonie ?</s>
</p>
</sp>
<sp who="LAFONT"><speaker>LAFONT.</speaker>
<p id="76">
	<s id="1">Certainement.</s>
</p>
</sp>
<sp who="CLOTILDE"><speaker>CLOTILDE.</speaker>
<p id="77">
	<s id="1">C'est bien. </s>
	<s id="2">Il faut me quitter maintenant.</s>
</p>
</sp>
<sp who="LAFONT"><speaker>LAFONT.</speaker>
<p id="78">
	<s id="1">Déjà ?</s>
</p>
</sp>
<sp who="CLOTILDE"><speaker>CLOTILDE.</speaker>
<p id="79">
	<s id="1">Oui, déjà. </s>
	<s id="2">Les visites vont arriver d'un instant à l'autre ; je ne veux pas qu'on vous trouve installé chez moi.</s>
</p>
</sp>
<sp who="LAFONT"><speaker>LAFONT.</speaker>
<p id="80">
	<s id="1">Vous avez raison. </s>
</p>
<stage type="stand/touch">Il se lève et lui donne la main ; avec émotion.</stage>
<p id="81">
	<s id="1">Est-ce que je peux le voir ?</s>
</p>
</sp>
<sp who="CLOTILDE"><speaker>CLOTILDE.</speaker>
<p id="82">
	<s id="1">Si vous le voulez. </s>
	<s id="2">Tenez, passez par ici.</s>
</p>
</sp>
<sp who="LAFONT"><speaker>LAFONT, arrivé à la porte.</speaker>
<p id="83">
	<s id="1">À demain !</s>
</p>
</sp>
<sp who="CLOTILDE"><speaker>CLOTILDE.</speaker>
<p id="84">
	<s id="1">À demain.</s>
</p>
<stage type="exit/location">Il entre dans la chambre mortuaire.</stage>
<p id="85">
	<s id="1">À choisir entre mon mari et lui. c'est peut-être lui que j'aurais préféré perdre.</s>
</p>
<stage type="get/read">Elle prend une autre lettre et la lit.</stage>
<p id="86">
	<s id="">« MADAME,</s>
</p>
<p id="87">
	<s id="1">Habitant la même maison que vous, je pense que mon nom ne vous est pas inconnu. </s>
	<s id="2">Cependant, je ne me serais pas cru autorisée à vous écrire, si nous n'étions désormais attachées l'une à l'autre par la conformité de notre situation et de notre malheur.</s>
</p>
<p id="88">
	<s id="1">Vous êtes veuve, Madame, je le suis aussi. </s>
	<s id="2">Vous adoriez votre mari et le mien était tout pour moi. </s>
	<s id="4">Le Baron_Formichel n'avait que des qualités et pas un défaut. </s>
	<s id="5">J'ai connu avec lui toutes les joies de ce monde et je les ai toutes repoussées, après l'avoir perdu. </s>
	<s id="6">Il y aura bientôt vingt-sept ans que mon mari est mort, sans que j'aie cessé un instant de chérir et de respecter sa mémoire.</s>
</p>
<p di="89">
	<s id="1">Si vous le voulez bien, Madame, je monterai vous prendre un jour de la semaine prochaine et nous irons nous prosterner ensemble devant Dieu. </s>
	<s id="2">Les secours de la religion sont bien puissants en pareil cas ; c'est elle qui m'a donné la force de vivre, de m'immoler, de vaincre ma chair, en attendant que le baron et moi nous soyons réunis pour l'éternité.</s>
</p>
<p id="90">
	<s id="1">Permettez-moi, Madame, de me dire votre amie.</s>
</p>
<p id="91">
	<s id="">ROSE-CHRISTIANE-ADÉLAIDE, BARONNE_FORMICHEL. »</s>
</p>
</sp>
<sp who="CLOTILDE"><speaker>CLOTILDE.</speaker>
<p id="92">
	<s id="1">C'est la folle.</s>
</p>
</sp>
</div2>
</div1>
</body>
</text>
</TEI>