<?xml version="1.0" encoding='utf-8'?>
<TEI xml:lang="fr">
<teiHeader> 
		<fileDesc>
			<titleStmt>
				<title>LES PLAISIRS DU DIMANCHE, COMÉDIE</title>
				<author type="text" ISNI="0000 0001 2137 1490">Tristan BERNARD (1866-1947)</author>
			</titleStmt>
			<publicationStmt>	
				<publisher>Texte établi par Paul FIEVRE avril 2019</publisher>
				<publisher>Publié par Paul FIEVRE mai 2020</publisher>
				<idno>BERNARD_PLAISIRSDUDIMANCHE</idno>
			<rights>Creative Commons BY-NC-SA</rights>
			</publicationStmt>
			<SourceDesc>
				<genre>Comédie</genre>
				<inspiration>moeurs françaises</inspiration>
				<structure>Un acte</structure>
				<type>prose</type>
				<periode>1921-1930</periode>
				<taille>(mesure non pertinente)</taille>
				<permalien>https://gallica.bnf.fr/ark:/12148/bpt6k9795676r</permalien>
			</SourceDesc>
		</fileDesc>
</teiHeader>
<text>
<front>
	<docTitle>
	    <titlePart part="main">LES PLAISIRS DU DIMANCHE</titlePart>
		<titlePart part="sub">COMÉDIE EN UN ACTE</titlePart> 
	</docTitle>
   <docDate value="1930">1930.</docDate>
   <docAuthor id='BERNARD, Tristan'>de Tristan Bernard.</docAuthor>
	<docImprint>
		<editor>ALBIN MICHEL, 22 rue Huyghens, PARIS (14°)</editor>
		<printer>ÉTABLISSEMENTS BUSSON IMPRIMEURS, 117 rue des Poisonniers, PARIS (18°)</printer>
		<acheveImprime>Achevé d'imprimer le 20 SEPTEMBRE 1930 par les ÉTABLISSEMENTS BUSSON.</acheveImprime>
		<copyright>Droits de traduction, reproduction, représentation théâtrale et adaptation cinématographique réservés pour tous pays.</copyright>
	</docImprint>
	<castList><head>PERSONNAGES</head>
		<castItem><role id="MADAME COMMERCY" sex="2" type="H" statut="bourgeois" age="A" stat_amour=''>MADAME COMMERCY</role>.</castItem>
		<castItem><role id="COMMERCY" sex="1" type="H" statut="bourgeois" age="A" stat_amour=''>COMMERCY</role>.</castItem>
		<castItem><role id="TONY" sex="1" type="H" statut="bourgois" age="A" stat_amour=''>TONY</role>.</castItem>
		<castItem><role id="LARCADIER" sex="1" type="H" statut="bourgeois" age="A" stat_amour=''>LARCADIER</role>.</castItem>
	</castList>
	<set location="Province" country="France" periode="XXème" gps=""></set>
	<note>Extrait de l'ouvrage "Théâtre sans directeur" Paris, Albin Michel, 1930, pp. 174-229</note>
</front>
<body>
<div1 type="acte" n="1"><head>LES PLAISIRS DU DIMANCHE</head>
<stage type="decor">Au lever du rideau, les quatre personnages sont -assis dans
un petit salon. Ils viennent de déjeuner, et paraissent un
peu accablés.</stage>
<div2 type="scene" n="1"><head></head>
<sp stage="watch" who="LARCADIER"><speaker>LARCADIER, tirant sa montre.</speaker>
<p id="1">
	<s id="1">Je vous demande pardon si je regarde l'heure, mais je m'embête énormément.</s>
</p>
</sp>
<sp who="LARCADIER"><speaker>LARCADIER.</speaker>
<p id="2">
	<s id="1">Cet homme grossier me paraît d'ailleurs exprimer le sentiment général.</s>
</p>
</sp>
<sp who="COMMERCY"><speaker>COMMERCY.</speaker>
<p id="3">
	<s id="1">Tout ça ne me dit pas l'heure qu'il est, ma montre est arrêtée...</s>
</p>
</sp>
<sp stage="watch" who="TONY"><speaker>TONY, regardant à son poignet.</speaker>
<p id="4">
	<s id="1">Il est une heure et demie.</s>
</p>
</sp>
<sp who="LARCADIER"><speaker>LARCADIER.</speaker>
<p id="5">
	<s id="1">II n'est qu'une heure vingt-huit, mais je ne veux pas provoquer d'incident.</s>
</p>
</sp>
<sp stage="toward" who="MADAME COMMERCY"><speaker>MADAME COMMERCY, à son mari</speaker>
<p id="6">
	<s id="1">Je trouve absurde, le dimanche, de demander qu'on déjeune de bonne heure sous prétexte qu'il faut faire quelque chose l'après-midi.</s>
</p>
</sp>
<sp who="LARCADIER"><speaker>LARCADIER.</speaker>
<p id="7">
	<s id="1">Alors qu'on n'a rien à faire cet après-midi là.</s>
</p>
</sp>
<sp who="COMMERCY"><speaker>COMMERCY.</speaker>
<p id="8">
	<s id="1">Si on va au théâtre en matinée, comme j'ai horreur de sortir tout de suite après mon déjeuner, je veux avoir une heure devant moi pour faire ma petite partie de billard, qui m'est absolument nécessaire.</s>
</p>
</sp>
<sp stage="toward" who="MADAME COMMERCY"><speaker>MADAME COMMERCY, aux autres.</speaker>
<p id="9">
	<s id="1">Oui, il s'est mis dans la tête de jouer au billard le dimanche après déjeuner. </s>
	<s id="2">Il dit que c'est une culture physique nécessaire et que ça remplace la marche qu'il fait en semaine pour aller jusqu'à son bureau.</s>
</p>
</sp>
<sp who="COMMERCY"><speaker>COMMERCY.</speaker>
<p id="10">
	<s id="1">Le fait irrécusable est que c'est excellent de tourner autour du billard après le déjeuner.</s>
</p>
</sp>
<sp who="LARCADIER"><speaker>LARCADIER.</speaker>
<p id="11">
	<s id="1">Il y a combien de temps que tu as découvert cela ?</s>
</p>
</sp>
<sp who="COMMERCY"><speaker>COMMERCY.</speaker>
<p id="12">
	<s id="1">C'est vieux comme le monde.</s>
</p>
</sp>
<sp who="MADAME COMMERCY"><speaker>MADAME COMMERCY.</speaker>
<p id="13">
	<s id="1">Ça date de six mois... </s>
	<s id="2">Parce qu'il y a six mois, quand nous avons emménagé dans cet appartement, nous avons été obligés d'acheter le mobilier et le billard qui s 'y trouvait. </s>
	<s id="3">Alors comme on nous a vendu ce billard très cher, il fait du billard, bien que ça l'ennuie et qu'il joue très mal, mais il en fait pour rentrer dans son argent.</s>
</p> 
<stage type="ring">Téléphone.</stage>
<p id="14">
	<s id="1">Qu'est-ce que c'est ? </s>
</p>
<stage type="closer">Allant au téléphone.</stage>
<p id="15">
	<s id="1">Allô... </s>
	<s id="2">Ah ! </s>
	<s id="3">C'est vous ?... </s>
	<s id="4">Ah ! </s>
	<s id="5">Bien... </s>
	<s id="6">Comment ça va ?...</s>
</p>
<stage type="">Silence.</stage>
<p id="16">
	<s id="1">Bien, je vous remercie... </s>
	<s id="2">Vous êtes tout à fait gentil. </s>
	<s id="3">Nous vous remercions tous...</s>
</p> 
<stage type="drop/pain">Raccrochant le téléphone avec accablement. </stage>
<p id="17">
	<s id="1">C'est André_Colfin qui nous téléphone pour nous dire qu'il avait loué une loge à ce nouveau théâtre, près de la Madeleine, pour cet après-midi. </s>
	<s id="2">Ils ne peuvent y aller. </s>
	<s id="3">Alors il nous donne la loge.</s>
</p>
</sp>
<sp who="COMMERCY"><speaker>COMMERCY.</speaker>
<p id="18">
	<s id="1">C'est bien, cette pièce ?</s>
</p>
</sp>
<sp who="TONY"><speaker>TONY.</speaker>
<p id="19">
	<s id="1">On le dit, il paraît que c'est un gros succès. </s>
	<s id="2">J'ai des amis qui ont voulu y aller jeudi dernier, ils n'ont pas trouvé de places au bureau.</s>
</p>
</sp>
<sp who="COMMERCY"><speaker>COMMERCY.</speaker>
<p id="20">
	<s id="1">Mais à quelle heure ça commence-t-il?</s>
</p>
</sp>
<sp who="TONY"><speaker>TONY.</speaker>
<p id="21">
	<s id="1">Oh ! </s>
	<s id="2">La pièce est courte, dit-on. </s>
	<s id="3">Elle doit commencer à trois heures.</s>
</p>
</sp>
<sp who="COMMERCY"><speaker>COMMERCY.</speaker>
<p id="22">
	<s id="1">Ça va très bien, alors !</s>
</p>
<stage type="toward">À Tony.</stage>
<p id="23">
	<s id="1">Mais êtes-vous bien sûr que ça commence si tard ? </s>
	<s id="2">Où est le journal ?</s>
</p>
</sp>
<sp who="MADAME COMMERCY"><speaker>MADAME COMMERCY.</speaker>
<p id="24">
	<s id="1">Tu l'as pris ce matin dans ton bureau.</s>
</p>
</sp>
<sp who="COMMERCY"><speaker>COMMERCY.</speaker>
<p id="25">
	<s id="1">Je vais voir.</s>
</p>
<stage type="exit">Il sort par le fond.</stage>
</sp>
<sp stage="toward/stand" who="MADAME COMMERCY"><speaker>MADAME COMMERCY, à Larcadier qui se lève.</speaker>
<p id="26">
	<s id="1">Vous cherchez les cigares, Monsieur_Larcadier ?</s>
</p>
</sp>
<sp who="LARCADIER"><speaker>LARCADIER.</speaker>
<p id="27">
	<s id="1">Oh ! </s>
	<s id="2">Non, j'en ai déjà fumé un ; ça me suffit. </s>
	<s id="3">Je voudrais une cigarette. </s>
	<s id="4">Mais vous n'en avez pas de celles qu'il me faut.</s>
</p>
</sp>
<sp who="MADAME COMMERCY"><speaker>MADAME COMMERCY.</speaker>
<p id="28">
	<s id="1">Il y a des Maryland et des Egyptiennes.</s>
</p>
</sp>
<sp who="LARCADIER"><speaker>LARCADIER.</speaker>
<p id="29">
	<s id="1">J'aime mieux le Caporal. </s>
	<s id="2">J'en ai dans mon pardessus.</s>
</p>
</sp>
<sp who="MADAME COMMERCY"><speaker>MADAME COMMERCY.</speaker>
<p id="30">
	<s id="1">On va vous chercher votre pardessus. </s>
	<s id="2">Les domestiques sont encore là.</s>
</p>
</sp>
<sp who="LARCADIER"><speaker>LARCADIER.</speaker>
<p id="31">
	<s id="1">Pensez-vous !</s>
</p>
<stage type="stand/exit">Il se lève et sort par la gauche.</stage>
</sp>
<sp who="TONY"><speaker>TONY, à Madame Commercy.</speaker>
<p id="32">
	<s id="1">Eh bien ! </s>
	<s id="2">C'est gai, ce qui m'arrive !</s>
</p>
</sp>
<sp who="MADAME COMMERCY"><speaker>MADAME COMMERCY.</speaker>
<p id="33">
	<s id="1">Qu'est-ce qui vous arrive ?</s>
</p>
</sp>
<sp who="TONY"><speaker>TONY.</speaker>
<p id="34">
	<s id="1">Voyons, chérie... </s>
	<s id="2">Il y avait toutes les chances pour qu'on passe l'après-midi ensemble. </s>
	<s id="3">Je ne t'ai pas vue toute la semaine. </s>
	<s id="4">J'attendais ce dimanche avec une impatience...</s>
</p>
</sp>
<sp who="MADAME COMMERCY"><speaker>MADAME COMMERCY.</speaker>
<p id="35">
	<s id="1">Enfin, nous ne savions pas si nous serions libres.</s>
</p>
</sp>
<sp who="TONY"><speaker>TONY.</speaker>
<p id="36">
	<s id="1">C'est entendu. </s>
	<s id="2">Nous ne le savions pas. </s>
	<s id="3">Mais j'espérais qu'on serait libres vers le milieu de l'après-midi. </s>
	<s id="4">Il aurait fini par s'ennuyer, il aurait été au cercle, nous aurions été tranquilles.</s>
</p>
</sp>
<sp who="MADAME COMMERCY"><speaker>MADAME COMMERCY.</speaker>
<p id="37">
	<s id="1">Mais, mon ami, que voulez-vous ? </s>
	<s id="2">C'est votre faute, et à vous seul.</s>
</p>
</sp>
<sp who="TONY"><speaker>TONY.</speaker>
<p id="38">
	<s id="1">Comment c'est ma faute ?</s>
</p>
</sp>
<sp who="MADAME COMMERCY"><speaker>MADAME COMMERCY.</speaker>
<p id="39">
	<s id="1">Certainement. </s>
	<s id="2">Vous vous fiez toujours au hasard pour organiser les choses.</s>
</p>
</sp>
<sp who="TONY"><speaker>TONY.</speaker>
<p id="40">
	<s id="1">Mais comment veux-tu...</s>
</p>
<stage type="wave">Elle lui fait signe de faire attention.</stage>
<p id="41">
	<s id="1">Mais comment voulez-vous tout de même que j'organise quelque chose ? </s>
	<s id="2">Je ne suis pas maître des actes de votre mari, et ne sais pas s'il nous fichera la paix !</s>
</p>
<stage type="wave">Elle lui fait de nouveau signe de se taire. Commercy entre.</stage>
</sp>
<sp who="COMMERCY"><speaker>COMMERCY.</speaker>
<p id="42">
	<s id="1">Eh bien ! </s>
	<s id="2">C'est à trois heures ! </s>
	<s id="3">J'ai eu de la peine à trouver le journal. </s>
	<s id="4">Hubert l'avait déjà flanqué dans le panier à papiers. </s>
	<s id="5">Il avait fait mon bureau à la six-quatre-deux. </s>
	<s id="6">C'était son jour de sortie, tu comprends...</s>
</p>
<stage type="entrance/smoke/carry">Larcadier entre avec une cigarette à la bouche et un paquet de cigarettes à la main.</stage>
</sp>
<sp stage="get" who="COMMERCY"><speaker>COMMERCY, il prend une espèce de petit vase en onyx sur la cheminée.</speaker> 
<p id="43">
	<s id="1">Il y a là-dedans quatre numéros, c'est pour les poules.</s>
</p>
</sp>
<sp who="LARCADIER"><speaker>LARCADIER.</speaker>
<p id="44">
	<s id="1">Comment pour les poules ?</s>
</p>
</sp>
<sp who="COMMERCY"><speaker>COMMERCY.</speaker>
<p id="45">
	<s id="1">Oui, pour les poules au billard. </s>
	<s id="2">Le un et le deux jouent ensemble. </s>
	<s id="3">Puis le vainqueur avec le numéro 3. </s>
	<s id="4">Puis le vainqueur du second match avec le numéro 4, en tout trois parties en dix points ; ce n'est pas long.</s>
</p>
</sp>
<sp who="TONY"><speaker>TONY.</speaker>
<p id="46">
	<s id="1">C'est proportionné à notre force.</s>
</p>
</sp>
<sp who="COMMERCY"><speaker>COMMERCY.</speaker>
<p id="47">
	<s id="1">Allons, tirez !</s>
</p>
</sp>
<sp stage="play" who="LARCADIER"><speaker>LARCADIER, tirant.</speaker>
<p id="48">
	<s id="1">Quatre !</s>
</p>
</sp>
<sp who="MADAME COMMERCY"><speaker>MADAME COMMERCY.</speaker>
<p id="49">
	<s id="1">Deux !</s>
</p>
</sp>
<sp who="TONY"><speaker>TONY.</speaker>
<p id="50">
	<s id="1">Un !</s>
</p>
</sp>
<sp who="COMMERCY"><speaker>COMMERCY.</speaker>
<p id="51">
	<s id="1">Tout porte à croire que j'ai le numéro trois. </s>
	<s id="2">Allons, commencez, vous deux.</s>
</p>
</sp>
<sp stage="toward" who="TONY"><speaker>TONY, à Madame Commercy.</speaker>
<p id="52">
	<s id="1">Venez ?</s>
</p>
</sp>
<sp stage="sad" who="MADAME COMMERCY"><speaker>MADAME COMMERCY, résignée.</speaker>
<p id="53">
	<s id="1">Ah ! </s>
	<s id="2">Comme c'est amusant !</s>
</p>
<stage type="exit">Ils sortent. Larcadier et Commercy restent seuls.</stage>
</sp>
<sp stage="ironic" who="COMMERCY"><speaker>COMMERCY, ironique.</speaker>
<p id="54">
	<s id="1">Eh bien ! </s>
	<s id="2">Qu'est-ce que tu dis de cette loge ? </s>
	<s id="3">Ça te fait plaisir d'aller au théâtre ?</s>
</p>
</sp>
<sp who="LARCADIER"><speaker>LARCADIER.</speaker>
<p id="55">
	<s id="1">Te fous pas de moi! T'en as de bonnes ! </s>
	<s id="2">J'avais une partie de bridge organisée au cercle. </s>
	<s id="3">Tu me dis : « Viens déjeuner avec moi ; comme ça, je pourrai aller au cercle avec toi vers trois heures et demie. </s>
	<s id="4">On ne saura que faire à la maison et ma femme finira elle-même par me le proposer. »</s>
</p>
</sp>
<sp who="COMMERCY"><speaker>COMMERCY.</speaker>
<p id="56">
	<s id="1">Tout se serait passé ainsi, si on n'avait pas reçu cette loge ! </s>
	<s id="2">C'est insupportable ! </s>
	<s id="3">Elle me fait déjà une vie du diable, tous les soirs, parce que je vais faire mon bridge avant le dîner. </s>
	<s id="4">Je l'entends d'ici : « Même le dimanche ! Même le dimanche... » </s>
	<s id="5">À moins que ce soit elle qui ait l'idée. </s>
	<s id="6">Voilà déjà en plusieurs dimanches qu'il lui arrive de me dire vers les trois heures : « Allons, va faire ton bridge... » et puis elle, elle s'en va dans un concert avec cet imbécile de Tony.</s>
</p>
</sp>
<sp who="LARCADIER"><speaker>LARCADIER.</speaker>
<p id="57">
	<s id="1">En tous cas, très peu pour moi du théâtre.</s>
</p>
</sp>
<sp who="COMMERCY"><speaker>COMMERCY.</speaker>
<p id="58">
	<s id="1">Tu ne vas pas me lâcher ?...</s>
</p>
</sp>
<sp who="LARCADIER"><speaker>LARCADIER.</speaker>
<p id="59">
	<s id="1">Je ne te lâcherai pas avant trois heures, parce que je t'aime bien, et parce qu'il n'y aurait pas de partie avant cette heure-là. </s>
	<s id="2">Je me demande même s'il va y avoir une partie... </s>
	<s id="3">Nous étions cinq avec toi, et, pour peu qu'il y en ait qui manquent, nous ne serons pas quatre. </s>
	<s id="4">Ils vont tous aux courses et ne s'amènent que vers cinq heures.</s>
</p>
</sp>
<sp who="COMMERCY"><speaker>COMMERCY.</speaker>
<p id="60">
	<s id="1">Ah ! </s>
	<s id="2">C'est empoisonnant...</s>
</p>
</sp>
<sp who="LARCADIER"><speaker>LARCADIER.</speaker>
<p id="61">
	<s id="1">Je vais tâcher d'avoir un cinquième. </s>
	<s id="2">Il y a Crombez, qui doit venir. </s>
	<s id="3">Je vais lui dire d'amener son frère.</s>
</p>
</sp>
<sp who="COMMERCY"><speaker>COMMERCY.</speaker>
<p id="62">
	<s id="1">Tu sais son numéro ?</s>
</p>
</sp>
<sp who="LARCADIER"><speaker>LARCADIER.</speaker>
<p id="63">
	<s id="1">Mais oui, je sais son numéro. </s>
	<s id="2">Allô... allô... Auteuil 62-63. Allô... </s>
	<s id="3">Le dimanche est un jour de repos pour les demoiselles du téléphone... Allô... </s>
	<s id="4">C'est vous, Crombez ? </s>
	<s id="5">Dites donc, Crombez... vous ne pourriez pas amener votre frère, tout à l'heure, au cercle ?... </s>
	<s id="6">Comment, vous ne venez pas ?... </s>
	<s id="7">Vous n'êtes pas fou... </s>
	<s id="8">Vous n'êtes pas sûr de venir ?... </s>
	<s id="9">Ah ! </s>
	<s id="10">Mon vieux, si, tout de même, venez !... </s>
	<s id="11">Je pensais que l'on serait cinq, maintenant on n'est plus que quatre, vous téléphonerez tout à l'heure si vous pouvez venir ?...</s>
</p>
<stage type="toward">À Commercy.</stage>
<p id="64">
	<s id="1">Il téléphonera tout à l'heure s'il peut venir... </s>
</p>
<stage type="toward">Au téléphone.</stage>
<p id="65">
	<s id="1">Dites donc, je suis chez Commercy. </s>
</p>
<stage type="toward">À Commercy. </stage>
<p id="66">
	<s id="1">Quel est ton numéro ?</s>
</p>
</sp>
<sp who="COMMERCY"><speaker>COMMERCY.</speaker>
<p id="67">
	<s id="1">Elysées-20-02.</s>
</p>
</sp>
<sp who="LARCADIER"><speaker>LARCADIER.</speaker>
<p id="68">
	<s id="1">Elysées-20-02... </s>
	<s id="2">Tâchez de venir, mon vieux, nous serions fichus si vous ne veniez pas...</s>
</p>
<stage type="drop/toward">Il raccroche l'appareil. À Commercy. </stage>
<p id="69">
	<s id="1">Il faut que tu t'arranges... absolument.</s>
</p>
<stage type="silence">Un moment de silence morne.</stage>
</sp>
<sp who="COMMERCY"><speaker>COMMERCY.</speaker>
<p id="79">
	<s id="1">Je ne t'ai pas montré les deux Utrillo que j'ai achetés ? </s>
	<s id="2">Deux petits tableaux épatants. </s>
	<s id="3">Viens les voir dans la chambre de ma femme.</s>
</p>
</sp>
<sp stage="pain" who="LARCADIER"><speaker>LARCADIER, gémissant.</speaker>
<p id="80">
	<s id="1">Mais je m'en fous !</s>
</p>
</sp>
<sp who="COMMERCY"><speaker>COMMERCY.</speaker>
<p id="81">
	<s id="1">Je croyais que tu t'intéressais à la peinture ?</s>
</p>
</sp>
<sp who="LARCADIER"><speaker>LARCADIER.</speaker>
<p id="82">
	<s id="1">De temps en temps, mais pas aujourd'hui.</s>
</p>
<stage type="silence">Nouveau silence.</stage>
</sp>
<sp stage="open" who="TONY"><speaker>TONY, ouvrant la porte.</speaker>
<p id="83">
	<s id="1">Eh bien ! </s>
	<s id="2">C'est Madame Commercy qui est la grande victorieuse ! </s>
	<s id="3">Elle a terminé ses dix, en me laissant à trois.</s>
</p>
<stage type="toward">À Commercy. </stage>
<p id="84">
	<s id="1">C'est à vous maintenant de vous mesurer avec elle.</s>
</p>
</sp>
<sp who="COMMERCY"><speaker>COMMERCY.</speaker>
<p id="85">
	<s id="1">Je vais y aller. </s>
	<s id="2">Le vainqueur matchera Larcadier.</s>
</p>
</sp>
<sp who="LARCADIER"><speaker>LARCADIER.</speaker>
<p id="86">
	<s id="1">Passionnant ! </s>
	<s id="2">Passionnant !</s>
</p>
<stage type="exit">Sort Commercy.</stage>
</sp>
<sp who="LARCADIER"><speaker>LARCADIER.</speaker>
<p id="87">
	<s id="1">Encore une belle invention que son billard ! </s>
	<s id="2">On pourrait ne pas s'apercevoir qu'on s'embête : le fait d être obligé de jouer au billard vous donne bien l'impression qu'on n'a rien d'autre à faire. </s>
	<s id="3">Dites donc, Tony ?...</s>
</p>
</sp>
<sp stage="get/read" who="TONY"><speaker>TONY, qui a pris un journal et s'est mis à lire</speaker>
<p id="88">
	<s id="1">Qu'est-ce qu'il y a ?</s>
</p>
</sp>
<sp who="LARCADIER"><speaker>LARCADIER.</speaker>
<p id="89">
	<s id="1">Vous avez de l'influence sur Madame_Commercy ?</s>
</p>
</sp>
<sp stage="embarrassed" who="TONY"><speaker>TONY, troublé</speaker>
<p id="90">
	<s id="1">Mais pourquoi me dites-vous cela ?</s>
</p>
</sp>
<sp who="LARCADIER"><speaker>LARCADIER.</speaker>
<p id="91">
	<s id="1">Je ne fais aucune insinuation. </s>
	<s id="2">Je ne dis pas que vous êtes son amant. </s>
	<s id="3">Ce serait bien possible. </s>
	<s id="4">Mais ce n'est pas mes oignons et je m'en balance complètement. </s>
	<s id="5">Ce que je veux dire, c'est que vous devriez bien vous organiser pour aller la promener au Bois, n'importe où, et la faire renoncer à cet embêtement de théâtre. </s>
	<s id="6">Comme ça, vous comprenez, j'emmènerai Commercy au cercle et la partie ne sera pas compromise.</s>
</p>
</sp>
<sp who="TONY"><speaker>TONY.</speaker>
<p id="92">
	<s id="1">Mais pourquoi n'a-t-il pas dit qu'il voulait faire sa partie ?</s>
</p>
</sp>
<sp who="LARCADIER"><speaker>LARCADIER.</speaker>
<p id="93">
	<s id="1">Vous êtes jeune. </s>
	<s id="2">Il ne l'a pas dit à sa femme, parce qu'il faut que ça soit elle qui le lui propose, mais il n'attend qu'une chose, c'est qu'elle le lui dise. </s>
	<s id="3">Vous n'avez jamais été marié, vous ?</s>
</p>
</sp>
<sp who="TONY"><speaker>TONY.</speaker>
<p id="94">
	<s id="1">Pas encore.</s>
</p>
</sp>
<sp who="LARCADIER"><speaker>LARCADIER.</speaker>
<p id="95">
	<s id="1">Moi, j'ai été marié, je ne le suis plus. </s>
	<s id="2">Ma femme l'est encore.</s>
</p>
</sp>
<sp who="TONY"><speaker>TONY.</speaker>
<p id="96">
	<s id="1">Comment cela ?</s>
</p>
</sp>
<sp who="LARCADIER"><speaker>LARCADIER.</speaker>
<p id="97">
	<s id="1">C'est-à-dire qu elle s'est remariée. </s>
	<s id="2">Ce n'est pas plus compliqué que ça. </s>
	<s id="3">Les femmes n'ont pas de mémoire. </s>
	<s id="4">Quand il a été question de divorcer, nous nous sommes précipités avec ivresse dans le célibat. </s>
	<s id="5">Seulement, moi, j'y suis resté, parce que je n'avais pas oublié ce que c'était que le mariage. </s>
	<s id="6">Tandis qu'elle, frivole, elle a recommencé. </s>
	<s id="7">Enfin, la question n'est pas là ; il y a quinze ans que ça s'est passé. Elle m'a trompé avec un grand nombre d'amis à moi, dont cet imbécile de Commercy qui était garçon alors... </s>
	<s id="8">Je ne vous dis pas cela pour vous inciter à lui rendre la pareille... </s>
	<s id="9">Il ne sait pas que je le sais ; autrement, ça me gênerait pour le fréquenter. </s>
	<s id="10">Si j'avais eu l'air de savoir, je me serais fermé un certain nombre de portes. </s>
	<s id="11">Mais, hélas ! </s>
	<s id="12">Je le savais toujours. </s>
	<s id="13">Ma femme ne manquait pas de me le dire elle-même chaque fois. </s>
	<s id="14">Elle avait une rage de confidences, et, comme elle n'avait pas d'amis intimes, et que j'étais, somme toute, la personne avec laquelle elle était le plus liée, c'était à moi qu'elle venait raconter tout ça ! </s>
	<s id="15">Chaque fois qu'elle était en retard pour dîner, je me disais : « Qu'est-ce qu'elle va encore me raconter ? » </s>
	<s id="16">En dehors du récit de ses prouesses, elle n'avait d'ailleurs aucune espèce de conversation. </s>
	<s id="17">C'est pour cela que j'ai divorcé. </s>
	<s id="18">Pour pouvoir enfin parler d'autre chose !... </s>
	<s id="19">Alors, écoutez, mon vieux, voilà ce que vous allez faire. </s>
	<s id="20">Vous allez tâcher de dire à Madame... Machinchouette, enfin à Madame_Commercy qu'elle propose à son mari d'aller faire un bridge, vous irez au théâtre avec elle. </s>
	<s id="21">Vous trouverez bien deux malheureux qui vous accompagneront.</s>
</p>
</sp>
<sp who="TONY"><speaker>TONY.</speaker>
<p id="98">
	<s id="1">Moi, je veux bien lui demander...</s>
</p>
</sp>
<sp who="LARCADIER"><speaker>LARCADIER, prêtant l'oreille</speaker>
<p id="99">
	<s id="1">Vous avez entendu ?</s>
</p>
</sp>
<sp who="TONY"><speaker>TONY.</speaker>
<p id="100">
	<s id="1">Quoi ?</s>
</p>
</sp>
<sp who="LARCADIER"><speaker>LARCADIER.</speaker>
<p id="101">
	<s id="1">Un cri de triomphe. </s>
	<s id="2">C'est le cri de l'animal Commercy qui vient de gagner une partie de billard... </s>
	<s id="3">Eh bien ! </s>
	<s id="4">C'est très bien comme ça, c'est moi qui vais jouer avec lui ! </s>
	<s id="5">Pendant ce temps-là, vous travaillerez Madame_Commercy, et j'aurai mon bridge.</s>
</p>
</sp>
<sp stage="open/entrance" who="COMMERCY"><speaker>COMMERCY, ouvrant la porte.</speaker>
<p id="102">
	<s id="1">Quel est le vainqueur ?</s>
</p>
</sp>
<sp who="LARCADIER"><speaker>LARCADIER.</speaker>
<p id="103">
	<s id="1">C'est toi, imbécile.</s>
</p>
</sp>
<sp stage="entrance" who="MADAME COMMERCY"><speaker>MADAME COMMERCY, entrant.</speaker>
<p id="104">
	<s id="1">Oh ! </s>
	<s id="2">Il m'a battu avec deux ou trois raccrocs. </s>
	<s id="3">Jamais il n'aurait dû  gagner.</s>
</p>
</sp>
<sp stage="toward" who="COMMERCY"><speaker>COMMERCY, à Larcadier.</speaker>
<p id="105">
	<s id="1">Tu me donnes gagné pour notre match ?</s>
</p>
</sp>
<sp who="LARCADIER"><speaker>LARCADIER.</speaker>
<p id="106">
	<s id="1">Non, non... </s>
	<s id="2">Je ne te donne pas gagné... </s>
	<s id="3">Je veux le jouer.</s>
</p>
</sp>
<sp who="COMMERCY"><speaker>COMMERCY.</speaker>
<p id="107">
	<s id="1">Ah ! </s>
	<s id="2">Je savais bien que tu aimais jouer au billard...</s>
</p>
</sp>
<sp who="LARCADIER"><speaker>LARCADIER.</speaker>
<p id="108">
	<s id="1">Oui, oui... </s>
	<s id="2">Je suis un fanatique du billard.</s>
</p>
<stage type="toward/aparte">À Tony, en partant.</stage>
<p id="109">
	<s id="1">Allez-y pour ce que je vous ai dit !</s>
</p>
<stage type="exit/together/location">Commercy sort, Larcadier le suit dans la salle de billard.</stage>
</sp>
<sp who="TONY"><speaker>TONY, à Madame Commercy.</speaker>
<p id="110">
	<s id="1">Eh bien ! </s>
	<s id="2">Tu sais, ça s'arrange très bien.</s>
</p>
</sp>
<sp who="MADAME COMMERCY"><speaker>MADAME COMMERCY.</speaker>
<p id="111">
	<s id="1">Qu'est-ce qui s'arrange bien ?</s>
</p>
</sp>
<sp who="TONY"><speaker>TONY.</speaker>
<p id="112">
	<s id="1">Tu ne tiens pas absolument à aller à ce théâtre ?</s>
</p>
</sp>
<sp who="MADAME COMMERCY"><speaker>MADAME COMMERCY.</speaker>
<p id="113">
	<s id="1">Non, pourquoi?</s>
</p>
</sp>
<sp who="TONY"><speaker>TONY.</speaker>
<p id="114">
	<s id="1">Parce que ton mari n'y tient pas du tout.</s>
</p>
</sp>
<sp who="MADAME COMMERCY"><speaker>MADAME COMMERCY.</speaker>
<p id="115">
	<s id="1">Pourquoi n'y tient-il pas du tout ?</s>
</p>
</sp>
<sp who="TONY"><speaker>TONY.</speaker>
<p id="116">
	<s id="1">Parce qu'il veut aller faire un bridge au cercle. </s>
	<s id="2">Il n'ose pas te le dire.</s>
</p>
</sp>
<sp who="MADAME COMMERCY"><speaker>MADAME COMMERCY.</speaker>
<p id="117">
	<s id="1">Qui est-ce qui t'a raconté ça ?</s>
</p>
</sp>
<sp who="TONY"><speaker>TONY.</speaker>
<p id="118">
	<s id="1">Larcadier. </s>
	<s id="2">C'était organisé avec lui. </s>
	<s id="3">Ton mari n'attendait qu'une chose, c'est que tu lui dises : « Va faire ton bridge. » </s>
	<s id="4">Alors, tu comprends, quand ce ballot de Larcadier m'a dit : « Tâchez d'influencer Madame Commercy », tu penses si j'ai rigolé intérieurement.</s>
</p>
</sp>
<sp who="MADAME COMMERCY"><speaker>MADAME COMMERCY.</speaker>
<p id="119">
	<s id="1">Pourquoi ça ? </s>
	<s id="2">Vous trouviez ça drôle ?</s>
</p>
</sp>
<sp stage="" who="TONY"><speaker>TONY, déconcerté.</speaker>
<p id="120">
	<s id="1">Mais oui, voyons ! </s>
	<s id="2">Nous désirons tous les deux qu'il nous laisse tranquilles, et il n'a qu'une idée, c'est de nous laisser tranquilles ! </s>
	<s id="3">Il n'osait pas nous le proposer.</s>
</p>
</sp>
<sp who="MADAME COMMERCY"><speaker>MADAME COMMERCY.</speaker>
<p id="121">
	<s id="1">Alors, vous vous figurez comme ça, paisiblement, que je vais lui dire : « Va faire ta partie », à cette espèce de jésuite ? </s>
	<s id="2">Il avait arrangé ça avec l'ignoble Larcadier. </s>
	<s id="3">C'était organisé depuis trois ou quatre jours, je suis sûre.</s>
</p>
</sp>
<sp who="TONY"><speaker>TONY.</speaker>
<p id="122">
	<s id="1">Eh bien ! </s>
	<s id="2">Tout va pour le mieux, puisque ça nous arrange aussi.</s>
</p>
</sp>
<sp who="MADAME COMMERCY"><speaker>MADAME COMMERCY.</speaker>
<p id="123">
	<s id="1">Vous vous figurez que je n'ai aucune espèce de dignité, que je vais me laisser rouler par ces gens-là ? </s>
	<s id="2">Nous irons au théâtre tous les quatre.</s>
</p>
</sp>
<sp who="TONY"><speaker>TONY.</speaker>
<p id="124">
	<s id="1">Mais c'est insensé, puisque nous n'attendions que l'instant d'être libres !</s>
</p>
</sp>
<sp who="MADAME COMMERCY"><speaker>MADAME COMMERCY.</speaker>
<p id="125">
	<s id="1">Parlez pour vous ! </s>
	<s id="2">Parbleu !... </s>
	<s id="3">Ça vous est égal que mon mari aille faire sa partie ou non ! </s>
	<s id="4">Vous n'êtes pas marié avec lui ! </s>
	<s id="5">Qu'il se laisse aller à son vice et à son hypocrisie, ça vous laisse froid. </s>
	<s id="6">Je comprends ça d'ailleurs. </s>
	<s id="7">Si vous voulez mon avis, vous êtes immonde d'avoir accepté cette commission de la part de Larcadier.</s>
</p>
</sp>
<sp who="TONY"><speaker>TONY.</speaker>
<p id="126">
	<s id="1">Mais je ne peux pas saisir, ma chère amie...</s>
</p>
</sp>
<sp stage="closer" who="MADAME COMMERCY"><speaker>MADAME COMMERCY, allant du côté de la porte.</speaker>
<p id="127">
	<s id="1">Je vais commencer par lui dire ma façon de penser, à mon mari !</s>
</p>
</sp>
<sp stage="pull" who="TONY"><speaker>TONY, la retenant.</speaker>
<p id="128">
	<s id="1">Mais non, ma chère amie, ce n'est pas possible, voyons !</s>
</p>
</sp>
<sp who="MADAME COMMERCY"><speaker>MADAME COMMERCY.</speaker>
<p id="129">
	<s id="1">Pourquoi n'est-ce pas possible ?</s>
</p>
</sp>
<sp who="TONY"><speaker>TONY.</speaker>
<p id="130">
	<s id="1">Mais saisissez donc un peu. </s>
	<s id="2">S'il sait que c'est moi qui vous ai révélé leur machination, il se demandera pourquoi j'ai pu vous le dire. </s>
	<s id="3">Il se dira : « Ils sont donc bien intimes ? »</s>
</p>
</sp>
<sp who="MADAME COMMERCY"><speaker>MADAME COMMERCY.</speaker>
<p id="131">
	<s id="1">Vous avez raison. </s>
	<s id="2">Je ne vais pas lui faire de scène, mais je vais l'embêter autrement.</s>
</p>
</sp>
<sp who="TONY"><speaker>TONY.</speaker>
<p id="132">
	<s id="1">Et moi, j'en suis pour mes espoirs détruits. </s>
	<s id="2">Je me dis qu'avec l'entêtement que vous y mettez...</s>
</p>
</sp>
<sp who="MADAME COMMERCY"><speaker>MADAME COMMERCY.</speaker>
<p id="133">
	<s id="1">Des insolences, maintenant !</s>
</p>
</sp>
<sp who="TONY"><speaker>TONY.</speaker>
<p id="134">
	<s id="1">Mais en quoi suis-je insolent ? </s>
	<s id="2">Si le mot d'entêtement vous choque, cette espèce de fausse dignité...</s>
</p>
</sp>
<sp who="MADAME COMMERCY"><speaker>MADAME COMMERCY.</speaker>
<p id="135">
	<s id="1">De mieux en mieux...</s>
</p>
</sp>
<sp who="TONY"><speaker>TONY.</speaker>
<p id="136">
	<s id="1">Écoutez, je ferais mieux de ne plus parler. </s>
	<s id="2">Parce que tout ce que je vous dirai sera mal accueilli.</s>
</p>
</sp>
<sp who="MADAME COMMERCY"><speaker>MADAME COMMERCY.</speaker>
<p id="137">
	<s id="1">Oui, vous ferez mieux de vous taire. </s>
	<s id="2">Nous allons tous aller au théâtre... </s>
	<s id="3">Ah ! </s>
	<s id="4">Tu voulais faire ton bridge ! </s>
	<s id="5">Eh bien ! </s>
	<s id="6">Tu ne le feras pas...</s>
</p>
</sp>
<sp who="TONY"><speaker>TONY.</speaker>
<p id="138">
	<s id="1">Ce qui me désespère là-dedans, c'est que ça vous soit égal de ne pas passer la journée avec moi !</s>
</p>
</sp>
<sp who="MADAME COMMERCY"><speaker>MADAME COMMERCY.</speaker>
<p id="139">
	<s id="1">Alors rien n'existe pour vous... rien n'existe en dehors de ces histoires-là ? </s>
	<s id="2">Les questions de dignité vous échappent. </s>
	<s id="3">Je peux tromper mon mari, c'est entendu, mais cela mis à part, est-ce que vous croyez que je ne tiens pas à la tenue de ma vie ? </s>
	<s id="4">Enfin, vous ne sentez pas ça, vous ?...</s>
</p>
</sp>
<sp who="TONY"><speaker>TONY.</speaker>
<p id="140">
	<s id="1">Je ne sens qu une chose, c'est le désir violent j'avais que de passer l'après-midi avec vous...</s>
</p>
</sp>
<sp who="MADAME COMMERCY"><speaker>MADAME COMMERCY.</speaker>
<p id="141">
	<s id="1">Eh bien ! </s>
	<s id="2">Ce sera pour une autre fois... </s>
	<s id="3">Pour aujourd'hui, je me conduirais comme la dernière des dernières si je me laissais manoeuvrer par mon mari. </s>
	<s id="4">Vous parlez de le tromper, mais il me tromperait bien davantage, lui...</s>
</p>
</sp>
<sp who="TONY"><speaker>TONY.</speaker>
<p id="142">
	<s id="1">Bien davantage ?</s>
</p>
</sp>
<sp who="MADAME COMMERCY"><speaker>MADAME COMMERCY.</speaker>
<p id="143">
	<s id="1">Vous ne saisissez pas cela ? </s>
	<s id="2">Il y a en dehors de ce qu'on appelle adultère </s>
	<s id="3">- Oh! le vilain mot ! - </s>
	<s id="4">d'autres façons de se tromper quand on est mariés. </s>
	<s id="5">Il ne me trompera pas avec une maîtresse, ça j'en suis sûre ! </s>
	<s id="6">Ce n'est pas l'envie qui lui en manquerait — ou plutôt si, malheureusement, c'est l'envie qui lui en manque — mais il me trompera en allant jouer au cercle... </s>
	<s id="7">C'est une façon honteuse de me mentir et de me bafouer.</s>
</p>
</sp>
<sp stage="quick" who="TONY"><speaker>TONY, vivement</speaker>
<p id="144">
	<s id="1">Les voilà qui reviennent!</s>
</p>
</sp>
<sp who="COMMERCY"><speaker>COMMERCY, entrant.</speaker>
<p id="145">
	<s id="1">Larcadier aplati... et Commercy grand vainqueur.</s>
</p>
</sp>
<sp who="LARCADIER"><speaker>LARCADIER.</speaker>
<p id="146">
	<s id="1">Je supporte très bien cette défaite. </s>
	<s id="2">La seule chose qui m'ennuie, c'est que tu aies été si long à me vaincre... </s>
	<s id="3">Il n'arrivait pas à faire ses dix points...</s>
</p>
</sp>
<sp who="COMMERCY"><speaker>COMMERCY.</speaker>
<p id="147">
	<s id="1">Oui, oui... je te connais... </s>
	<s id="2">Tu veux avoir l'air de ne t'être pas défendu, mais tu as fait ce que tu as pu.</s>
</p>
</sp>
<sp stage="closer/low" who="LARCADIER"><speaker>LARCADIER, en passant près de Tony, à mi-voix.</speaker>
<p id="148">
	<s id="1">Eh bien ! </s>
	<s id="2">Ça va ?</s>
</p>
</sp>
<sp stage="closer/low" who="TONY"><speaker>TONY, de même.</speaker>
<p id="149">
	<s id="1">Non, ça ne va pas...</s>
</p>
</sp>
<sp stage="closer/low" who="LARCADIER"><speaker>LARCADIER, de même.</speaker>
<p id="150">
	<s id="1">Zut ! </s>
	<s id="2">Vous ne savez pas y faire !</s>
</p>
</sp>
<sp who="MADAME COMMERCY"><speaker>MADAME COMMERCY.</speaker>
<p id="151">
	<s id="1">Eh bien ! </s>
	<s id="2">Mon ami, il ne nous reste plus qu'à aller au théâtre.</s>
</p>
</sp>
<sp who="COMMERCY"><speaker>COMMERCY.</speaker>
<p id="152">
	<s id="1">Eh bien ! </s>
	<s id="2">On va aller au théâtre.</s>
</p>
<stage type="toward">À Larcadier.</stage>
<p id="153">
	<s id="1">On va aller au théâtre...</s>
</p>
</sp>
<sp who="LARCADIER"><speaker>LARCADIER.</speaker>
<p id="154">
	<s id="1">Qui ça, on ?</s>
</p>
</sp>
<sp who="MADAME COMMERCY"><speaker>MADAME COMMERCY.</speaker>
<p id="155">
	<s id="1">Nous quatre.</s>
</p>
</sp>
<sp who="LARCADIER"><speaker>LARCADIER.</speaker>
<p id="156">
	<s id="1">Je ne crois pas...</s>
</p>
<stage type="toward">À Madame Commercy.</stage>
<p id="157">
	<s id="1">Vous m'excuserez, Madame, si je vous fausse compagnie, mais je ne m'en ressens pas du tout pour le théâtre, aujourd'hui.</s>
</p>
</sp>
<sp who="COMMERCY"><speaker>COMMERCY.</speaker>
<p id="158">
	<s id="1">Eh bien ! </s>
	<s id="2">On ira sans toi.</s>
</p>
</sp>
<sp who="MADAME COMMERCY"><speaker>MADAME COMMERCY.</speaker>
<p id="159">
	<s id="1">Je vais m'habiller.</s>
</p>
</sp>
<sp who="COMMERCY"><speaker>COMMERCY.</speaker>
<p id="160">
	<s id="1">Tu sais qu'il est trois heures moins le quart ?</s>
</p>
</sp>
<sp who="MADAME COMMERCY"><speaker>MADAME COMMERCY.</speaker>
<p id="161">
	<s id="1">Qu'est-ce que tu veux que j'y fasse ? </s>
	<s id="2">Il est trois heures moins le quart. </s>
	<s id="3">Tu veux jouer au billard pendant des heures !</s>
</p>
</sp>
<sp who="COMMERCY"><speaker>COMMERCY.</speaker>
<p id="162">
	<s id="1">Si on va au théâtre, il faut arriver pour le commencement.</s>
</p>
</sp>
<sp who="MADAME COMMERCY"><speaker>MADAME COMMERCY.</speaker>
<p id="163">
	<s id="1">Eh bien ! </s>
	<s id="2">Vas-y pour le commencement. </s>
	<s id="3">J'ai horreur : qu'on me presse et qu'on m'ennuie. </s>
	<s id="4">Tu vas prendre un taxi et y aller avec Tony et Larcadier.</s>
</p>
</sp>
<sp who="LARCADIER"><speaker>LARCADIER.</speaker>
<p id="164">
	<s id="1">Je descends avec vous, mais je ne vous accompagne pas !</s>
</p>
</sp>
<sp who="TONY"><speaker>TONY.</speaker>
<p id="165">
	<s id="1">Mais je puis vous attendre, Madame !</s>
</p>
</sp>
<sp who="MADAME COMMERCY"><speaker>MADAME COMMERCY.</speaker>
<p id="166">
	<s id="1">Non, non, non... </s>
	<s id="2">Allez avec mon mari, je ne veux pas qu'on m'attende, ça m'est insupportable. </s>
	<s id="3">J'arriverai quand j'arriverai, mais je ne veux pas qu'on m'attende.</s>
</p>
</sp>
<sp who="TONY"><speaker>TONY.</speaker>
<p id="167">
	<s id="1">Pourtant, Madame...</s>
</p>
</sp>
<sp who="MADAME COMMERCY"><speaker>MADAME COMMERCY.</speaker>
<p id="168">
	<s id="1">Vous avez entendu ce que je vous ai dit ? </s>
	<s id="2">Si vous ne voulez pas aller au théâtre, n'y allez pas.</s>
</p>
</sp>
<sp who="TONY"><speaker>TONY.</speaker>
<p id="169">
	<s id="1">Mais si, Madame, je veux bien y aller avec vous...</s>
</p>
</sp>
<sp who="MADAME COMMERCY"><speaker>MADAME COMMERCY.</speaker>
<p id="170">
	<s id="1">Eh bien ! </s>
	<s id="2">Partez avec mon mari.</s>
</p>
</sp>
<sp who="COMMERCY"><speaker>COMMERCY.</speaker>
<p id="171">
	<s id="1">On va descendre.</s>
</p>
</sp>
<sp who="LARCADIER"><speaker>LARCADIER.</speaker>
<p id="172">
	<s id="1">Je descends aussi.</s>
</p>
</sp>
<sp who="MADAME COMMERCY"><speaker>MADAME COMMERCY.</speaker>
<p id="173">
	<s id="1">Je vais m'habiller.</s>
</p>
<stage type="exit">Elle sort.</stage>
</sp>
<sp who="LARCADIER"><speaker>LARCADIER.</speaker>
<p id="174">
	<s id="1">Je descends avec vous... </s>
	<s id="2">Au fait, non, je ne descends pas avec vous, je vais attendre quelques minutes... </s>
	<s id="3">Crombez, en effet, doit me téléphoner, et si vous partez tout de suite...</s>
</p>
</sp>
<sp who="COMMERCY"><speaker>COMMERCY.</speaker>
<p id="175">
	<s id="1">Oh ! </s>
	<s id="2">Du moment qu'on y va, partons...</s>
</p>
</sp>
<sp who="LARCADIER"><speaker>LARCADIER.</speaker>
<p id="176">
	<s id="1">Je vais encore attendre un instant. </s>
	<s id="2">S'il ne me rappelle pas, je le demanderai.</s>
</p>
</sp>
<sp who="COMMERCY"><speaker>COMMERCY.</speaker>
<p id="177">
	<s id="1">Eh bien ! </s>
	<s id="2">Alors, au revoir !</s>
</p>
</sp>
<sp who="LARCADIER"><speaker>LARCADIER.</speaker>
<p id="178">
	<s id="1">On te verra à la fin de la journée au cercle ?</s>
</p>
</sp>
<sp who="COMMERCY"><speaker>COMMERCY.</speaker>
<p id="179">
	<s id="1">Si je peux, ce n'est pas sûr. </s>
	<s id="2">Si elle n 'a pas l'idée d'aller voir une tante à nous, pour m'embêter...</s>
</p>
</sp>
<sp who="TONY"><speaker>TONY.</speaker>
<p id="180">
	<s id="1">Au revoir, Monsieur_Larcadier.</s>
</p>
</sp>
<sp who="LARCADIER"><speaker>LARCADIER.</speaker>
<p id="181">
	<s id="1">Au revoir, Tony !</s>
</p>
<stage type="low">Bas.</stage>
<p id="182">
	<s id="1">Vous êtes encore un joli diplomate !</s>
</p>
</sp>
<sp who="TONY"><speaker>TONY.</speaker>
<p id="183">
	<s id="1">J'ai fait ce que j'ai pu.</s>
</p>
<stage type="exit">Sortent Tony et Commercy.</stage>
</sp>
<sp stage="alone" who="LARCADIER"><speaker>LARCADIER, seul.</speaker>
<p id="184">
	<s id="1">Bon Dieu ! </s>
	<s id="2">Que ces gens-là sont embêtants !... </s>
	<s id="3">Enfin Crombez va peut-être se décider à venir au cercle.</s>
</p>
<stage type="entrance/costume">Entre Madame Commercy. Elle porte une espèce de kimono.</stage>
</sp>
<sp who="MADAME COMMERCY"><speaker>MADAME COMMERCY.</speaker>
<p id="185">
	<s id="1">Vous n'êtes pas parti, Monsieur_Larcadier ?</s>
</p>
</sp>
<sp who="LARCADIER"><speaker>LARCADIER.</speaker>
<p id="186">
	<s id="1">Je vous demande pardon, Madame ; j'attends un coup de téléphone ; ça ne vous gêne pas, que je reste encore quelques minutes ?</s>
</p>
</sp>
<sp who="MADAME COMMERCY"><speaker>MADAME COMMERCY.</speaker>
<p id="187">
	<s id="1">Ça ne me gêne pas du tout.</s>
</p>
<stage type="location">Elle va jusqu'à un tiroir de commode.</stage>
<p id="188">
	<s id="1">Ma femme de chambre est sortie, elle n'a rien préparé de ce qu'il me fallait.</s>
</p>
<stage type="silence/watch">Elle est un peu penchée en avant, tournant le dos à Larcadier qui regarde sa croupe. Un moment de silence.</stage>
</sp>
<sp who="LARCADIER"><speaker>LARCADIER.</speaker>
<p id="189">
	<s id="1">Voulez-vous que je vous aide à chercher ?</s>
</p>
</sp>
<sp who="MADAME COMMERCY"><speaker>MADAME COMMERCY.</speaker>
<p id="190">
	<s id="1">Oh ! </s>
	<s id="2">Vous ne trouveriez pas !</s>
</p>
</sp>
<sp who="LARCADIER"><speaker>LARCADIER.</speaker>
<p id="191">
	<s id="1">Je pourrais vous servir de femme de chambre ?</s>
</p>
<stage type="silence">Silence. Au bout d'un instant.</stage>
<p id="192">
	<s id="1">D'abord, vous n'êtes pas pressée, du moment que vous n'arrivez pas pour le commencement.</s>
</p>
</sp>
<sp who="MADAME COMMERCY"><speaker>MADAME COMMERCY.</speaker>
<p id="193">
	<s id="1">C'est pour ça que je ne tenais pas à ce qu'ils m'attendent. </s>
	<s id="2">Je déteste qu'on me bouscule... </s>
</p>
<stage type="turn/toward">Se tournant vers Larcadier. </stage>
<p id="194">
	<s id="1">Alors vous êtes bien déçu, Monsieur_Larcadier ?</s>
</p>
</sp>
<sp who="LARCADIER"><speaker>LARCADIER.</speaker>
<p id="195">
	<s id="1">De quoi ?</s>
</p>
</sp>
<sp who="MADAME COMMERCY"><speaker>MADAME COMMERCY.</speaker>
<p id="196">
	<s id="1">Je vous prive de mon mari pour votre bridge... </s>
	<s id="2">Tout était bien organisé, hein ?</s>
</p>
</sp>
<sp who="LARCADIER"><speaker>LARCADIER.</speaker>
<p id="197">
	<s id="1">Organisé ? </s>
	<s id="2">C'est-à-dire que c'était organisé, mais sans moi ou sans lui. </s>
	<s id="3">Il y a toujours de quoi faire un bridge, là-bas, le dimanche. </s>
	<s id="4">Quelquefois, cependant, il manque du monde, parce qu'ils vont aux courses, ils ne sont là qu'à cinq heures.</s>
</p>
</sp>
<sp who="MADAME COMMERCY"><speaker>MADAME COMMERCY.</speaker>
<p id="198">
	<s id="1">Alors, jusqu'à cinq heures, c'est le marasme ?</s>
</p>
</sp>
<sp who="LARCADIER"><speaker>LARCADIER.</speaker>
<p id="199">
	<s id="1">Oh ! </s>
	<s id="2">Le marasme ! </s>
	<s id="3">Il ne faut pas croire que je ne pense qu'au bridge, dans la vie, tout de même...</s>
</p>
</sp>
<sp who="MADAME COMMERCY"><speaker>MADAME COMMERCY.</speaker>
<p id="200">
	<s id="1">Vous me faites pourtant l'effet de ne penser qu'à cela.</s>
</p>
</sp>
<sp who="LARCADIER"><speaker>LARCADIER.</speaker>
<p id="201">
	<s id="1">Pourquoi est-ce que je vous fais cet effet-là ?</s>
</p>
</sp>
<sp who="MADAME COMMERCY"><speaker>MADAME COMMERCY.</speaker>
<p id="202">
	<s id="1">Parce que vous êtes joueur et que le monde n'existe pas pour vous en dehors du jeu.</s>
</p>
</sp>
<sp who="LARCADIER"><speaker>LARCADIER.</speaker>
<p id="203">
	<s id="1">Je vois que vous avez une bonne opinion de moi... </s>
	<s id="2">Par exemple ! </s>
	<s id="3">Permettez-moi de vous dire que vous vous trompez du tout au tout.</s>
</p>
<stage type="silence">Silence.</stage>
<p id="204">
	<s id="1">Non, il y a des choses qui m'intéressent beaucoup plus que le bridge, dans la vie.</s>
</p>
</sp>
<sp who="MADAME COMMERCY"><speaker>MADAME COMMERCY.</speaker>
<p id="205">
	<s id="1">Les jolies femmes ?</s>
</p>
</sp>
<sp who="LARCADIER"><speaker>LARCADIER.</speaker>
<p id="206">
	<s id="1">Mais oui, les jolies femmes... </s>
	<s id="2">Seulement j'ai tort de dire les jolies femmes : pas toutes les jolies femmes. </s>
	<s id="3">Je suis arrivé à un âge où l'on ne s'intéresse pas à toutes les femmes, mais à certaines femmes seulement. </s>
	<s id="4">Qu'est-ce que vous voulez ? </s>
	<s id="5">C'est la vie, les femmes à qui on pourrait s'intéresser ne pensent pas à vous...</s>
</p>
</sp>
<sp who="MADAME COMMERCY"><speaker>MADAME COMMERCY.</speaker>
<p id="207">
	<s id="1">Vous avez des déceptions de ce côté-là, monsieur Larcadier ?</s>
</p>	
</sp>
<sp who="LARCADIER"><speaker>LARCADIER, après un silence</speaker>
<p id="208">
	<s id="1">Ne parlons pas de ça, Madame.</s>
</p>
</sp>
<sp who="MADAME COMMERCY"><speaker>MADAME COMMERCY.</speaker>
<p id="209">
	<s id="1">Vous ne voulez pas me prendre comme confidente, je vois bien...</s>
</p>
</sp>
<sp who="LARCADIER"><speaker>LARCADIER.</speaker>
<p id="210">
	<s id="1">Ça me serait difficile, Madame...</s>
</p>
</sp>
<sp stage="surprise" who="MADAME COMMERCY"><speaker>MADAME COMMERCY, sans comprendre.</speaker>
<p id="211">
	<s id="1">Ça vous serait difficile ?</s>
</p>
</sp>
<sp who="LARCADIER"><speaker>LARCADIER.</speaker>
<p id="212">
	<s id="1">Vous tenez absolument à ce que je vous fasse des confidences ?</s>
</p>
</sp>
<sp stage="" who="MADAME COMMERCY"><speaker>MADAME COMMERCY, à peu près indifférente.</speaker>
<p id="213">
	<s id="1">Oh ! </s>
	<s id="2">J'y tiens... j'y tiens...</s>
</p>
</sp>
<sp who="LARCADIER"><speaker>LARCADIER.</speaker>
<p id="214">
	<s id="1">Si vous y tenez, vous savez, je peux vous en faire... </s>
	<s id="2">Ce n'est pas moi qui vous l'aurai demandé.</s>
</p>
</sp>
<sp who="MADAME COMMERCY"><speaker>MADAME COMMERCY, déjà plus intéressée</speaker>
<p id="215">
	<s id="1">Vous êtes curieux, Monsieur_Larcadier, je ne vous voyais pas sous ce jour-là.</s>
</p>
</sp>
<sp who="LARCADIER"><speaker>LARCADIER.</speaker>
<p id="216">
	<s id="1">Vous êtes extraordinaire, Madame ! </s>
	<s id="2">Pour vous, j'étais simplement un être dépourvu de sensibilité, qui allait au cercle ou au bridge et pour qui rien n'existait dans la vie en dehors de ça. </s>
	<s id="3">Vous n'avez jamais pensé à vous demander si le bridge n'était pas pour moi... une façon de m'étourdir ?... </s>
	<s id="4">Vous ne me connaissez pas, Madame. </s>
	<s id="5">Le jeu, pour moi, ce n'est qu'un pis-aller. </s>
	<s id="6">J'ai toujours été un passionné...</s>
</p>
<stage type="WATCH">Elle le regarde.</stage>
<p id="217">
	<s id="1">Oui, ça a l'air bête de vous dire ça comme ça... </s>
	<s id="2">Jamais je ne le dis à personne, parce que je n'aime pas faire de confidences. </s>
	<s id="3">Ma vie a été complètement loupée. </s>
	<s id="4">J'ai été marié à une petite femme quelconque, qui ne m'intéressait pas du tout, au point de vue intellectuel, ni d'ailleurs à aucun autre point de vue. </s>
	<s id="5">Je l'ai laissée faire tout ce qu'elle voulait. </s>
	<s id="6">Elle en a profité, jusqu'au moment où nous nous sommes séparés... </s>
	<s id="7">Alors, qu'est-ce que vous voulez, c'est le renoncement...</s>
</p>
</sp>
<sp who="MADAME COMMERCY"><speaker>MADAME COMMERCY.</speaker>
<p id="218">
	<s id="1">Vous êtes pourtant encore jeune ?</s>
</p>
</sp>
<sp who="LARCADIER"><speaker>LARCADIER.</speaker>
<p id="219">
	<s id="1">Je me sens plus jeune que jamais... </s>
	<s id="2">Quand j'y pense... </s>
	<s id="3">Mais j'essaie de ne pas y penser... </s>
	<s id="4">C'est curieux, que je vous dise tout cela, ou plutôt ce n'est pas curieux, car plusieurs fois j'aurais voulu vous le dire, et l'occasion ne s'est pas présentée...</s>
</p>
</sp>
<sp who="MADAME COMMERCY"><speaker>MADAME COMMERCY.</speaker>
<p id="220">
	<s id="1">Vous auriez voulu me le dire ?</s>
</p>
</sp>
<sp who="LARCADIER"><speaker>LARCADIER.</speaker>
<p id="221">
	<s id="1">Mais oui, c'est étrange et mystérieux ! </s>
	<s id="2">C'est à peine si nous avons échangé quelques paroles... </s>
	<s id="3">Je pensais bien que vous ne feriez pas attention à moi, vous ne me connaissez pas en réalité, vous me méconnaissez... </s>
	<s id="4">Vous ne pouvez pas vous imaginer la joie que j'ai à vous parler ainsi. </s>
	<s id="5">Qu'est-ce que vous voulez ? </s>
	<s id="6">Je suis seul dans la vie, n'est-ce pas ? </s>
	<s id="7">Je n'ai pas de soucis matériels, je n'ai même pas cette distraction. </s>
	<s id="8">Alors, je vais jouer... </s>
	<s id="9">Oh ! </s>
	<s id="10">Que c'est bête de vous avoir dit tout ça !</s>
</p>
</sp>
<sp who="MADAME COMMERCY"><speaker>MADAME COMMERCY.</speaker>
<p id="222">
	<s id="1">Pourquoi ?</s>
</p>
</sp>
<sp who="LARCADIER"><speaker>LARCADIER.</speaker>
<p id="223">
	<s id="1">Mais oui, c'est bête de vous avoir dit tout ça, parce que j'étais tranquille... </s>
	<s id="2">C'est une façon de parler... </s>
	<s id="3">Je menais une vie monotone, mais je ne pensais pas trop à tout ce dont je suis privé... </s>
	<s id="4">Je vais y penser, je le sens bien... </s>
	<s id="5">Ah ! </s>
	<s id="6">Que la vie est mal faite... </s>
	<s id="7">Vous êtes mariée à ce Commercy qui ne vous comprend pas...</s>
</p>
</sp>
<sp who="MADAME COMMERCY"><speaker>MADAME COMMERCY.</speaker>
<p id="224">
	<s id="1">Il a des qualités...</s>
</p>
</sp>
<sp who="LARCADIER"><speaker>LARCADIER.</speaker>
<p id="225">
	<s id="1">Bien sûr, je ne vous dirai pas de mal de votre mari... </s>
	<s id="2">D'ailleurs, nous sommes fixés, vous aussi bien que moi, sur l'intérêt qu'il peut présenter pour une femme comme vous... </s>
	<s id="3">Ah ! </s>
	<s id="4">Que la vie est stupide... </s>
	<s id="5">Tenez, je suis certain que, vous et moi, nous avons Jes mêmes goûts... </s>
	<s id="6">Nous n'avons pas besoin de nous le dire, ce sont des choses qui se sentent... </s>
	<s id="7">Votre mari, évidemment, il a l'air de s'intéresser à des choses... À la peinture, par exemple. </s>
	<s id="8">Il me disait qu'il avait acheté deux Utrillo. </s>
	<s id="9">Il voulait me les faire voir, je n'ai pas voulu, parce que ça m'embête de parler d'art avec lui. </s>
	<s id="10">Je sens que, lui, c'est par une espèce de snobisme. </s>
	<s id="11">Il ne peut pas du tout y avoir entre lui et moi la même communion de pensée.</s>
</p>
</sp>
<sp who="MADAME COMMERCY"><speaker>MADAME COMMERCY.</speaker>
<p id="226">
	<s id="1">Si ce n'est pour jouer au bridge.</s>
</p>
</sp>
<sp who="LARCADIER"><speaker>LARCADIER.</speaker>
<p id="227">
	<s id="1">Oui, pour jouer au bridge, mais en dehors de ça... </s>
	<s id="2">Ah ! Madame_Commercy, quelle funeste idée j'ai eue de ne pas les accompagner au théâtre !</s>
</p>
</sp>
<sp who="MADAME COMMERCY"><speaker>MADAME COMMERCY.</speaker>
<p id="228">
	<s id="1">Il est encore temps.</s>
</p>
</sp>
<sp who="LARCADIER"><speaker>LARCADIER.</speaker>
<p id="229">
	<s id="1">Non, non... </s>
	<s id="2">Le mal est fait maintenant, non. </s>
	<s id="3">Je vais rester près de vous. </s>
	<s id="4">On n'a pas le droit, quand la vie est si mauvaise, quand on peut avoir une heure heureuse à passer, on n'a pas le droit d'y renoncer...</s>
</p>
<stage type="touch/wave">Il lui prend la main, elle fait le geste de la retirer.</stage>
<p id="230">
	<s id="1">Non, non... </s>
	<s id="2">Ne retirez pas votre main, voyons, je vous assure que c'est une bonne action que vous faites en me la laissant. </s>
	<s id="3">C'est cette petite main-là qui me rattache à la vie en me faisant croire qu'il y a encore du bonheur en ce monde.</s>
</p>
</sp>
<sp who="MADAME COMMERCY"><speaker>MADAME COMMERCY.</speaker>
<p id="231">
	<s id="1">Il faut pourtant que j'aille les rejoindre au théâtre.</s>
</p>
</sp>
<sp who="LARCADIER"><speaker>LARCADIER.</speaker>
<p id="232">
	<s id="1">Eh bien ! </s>
	<s id="2">vous irez plus tard. </s>
	<s id="3">Du moment que vous avez manqué le commencement, ça n'a aucune importance... </s>
	<s id="4">Faites-moi voir vos deux petits Utrillo... </s>
	<s id="5">Vous aimez Utrillo ?... </s>
	<s id="6">J'aimerais vous dire tout ce que je ressens devant la peinture. </s>
	<s id="7">Je suis sûr que nous avons les mêmes sentiments... </s>
	<s id="8">Et puis, je vous parlerai encore d'autre chose... </s>
	<s id="9">De vous avoir dit tout ça, c'est comme une renaissance en moi ! </s>
	<s id="10">C'est comme un printemps nouveau qui entre dans mon âme... </s>
	<s id="11">Il me semble que vous êtes l'amie dont je ne saurais me passer... </s>
	<s id="12">Ce n'est pas un sentiment qui est venu subitement, vous savez... </s>
	<s id="13">Ces sentiments-là couvent... </s>
	<s id="14">Il y a deux ou trois signes avertisseurs... </s>
	<s id="15">J'ai rêvé plusieurs fois de vous... </s>
	<s id="16">J'ai rêvé à des choses... </s>
	<s id="17">On n'est pas responsable de ses rêves... </s>
	<s id="18">Des choses qui m'avaient enfiévré... </s>
	<s id="19">Je vous assure que c'est une belle oeuvre que vous faites. </s>
	<s id="20">C'est un homme que vous sauvez d'une vie imbécile.</s>
</p>
</sp>
<sp who="MADAME COMMERCY"><speaker>MADAME COMMERCY.</speaker>
<p id="233">
	<s id="1">Une vie imbécile à laquelle vous tenez...</s>
</p>
</sp>
<sp who="LARCADIER"><speaker>LARCADIER.</speaker>
<p id="234">
	<s id="1">Qui me fait horreur maintenant. </s>
	<s id="2">Je ne pense plus qu'aux heures, aux journées, que vous voudrez bien me donner, que vous ne me donnerez jamais assez...</s>
</p>
<stage type="silence">Silence.</stage>
<p id="235">
	<s id="1">Venez me faire voir les deux petits Utrillo...</s>
</p>
</sp>
<sp who="MADAME COMMERCY"><speaker>MADAME COMMERCY.</speaker>
<p id="236">
	<s id="1">Vous y tenez ?... </s>
	<s id="2">Je vais vous les montrer...</s>
</p>
<stage type="away/ring">Elle se dirige vers la porte. À ce moment, sonnerie du téléphone.</stage>
</sp>
<sp stage="nervous" who="LARCADIER"><speaker>LARCADIER, agacé.</speaker>
<p id="237">
	<s id="1">Ah !...</s>
</p>
</sp>
<sp who="MADAME COMMERCY"><speaker>MADAME COMMERCY.</speaker>
<p id="238">
	<s id="1">Qu'est-ce que c'est ?</s>
</p>
<stage type="closer">Elle se dirige Vers le téléphone.</stage>
<p id="239">
	<s id="1">Allô, allô !... </s>
	<s id="2">Monsieur Larcadier, c'est vous qu'on demande...</s>
</p>
</sp>
<sp who="LARCADIER"><speaker>LARCADIER.</speaker>
<p id="240">
	<s id="1">Ah ! </s>
	<s id="2">Oui, je sais ce que c'est... des embêteurs... </s>
	<s id="3">Oh ! </s>
	<s id="4">Vous pouvez rester...</s>
</p>
</sp>
<sp who="MADAME COMMERCY"><speaker>MADAME COMMERCY.</speaker>
<p id="241">
	<s id="1">Non... </s>
	<s id="2">Non... </s>
	<s id="3">Téléphonez...</s>
</p>
<stage type="exit">Elle sort.</stage>
</sp>
<sp who="LARCADIER"><speaker>LARCADIER.</speaker>
<p id="242">
	<s id="1">Je vous rejoins...</s>
</p>
<stage type="toward">Au téléphone.</stage>
<p id="243">
	<s id="1">C'est vous, Crombez ?... </s>
	<s id="2">Qu'est-ce que vous dites ? </s>
	<s id="3">Que votre frère vient ?... </s>
	<s id="4">Eh bien ! </s>
	<s id="5">Maintenant, c'est moi qui ne suis plus libre... </s>
	<s id="6">Oh ! </s>
	<s id="7">Vous trouverez toujours bien un quatrième pour la partie... </s>
	<s id="8">Non, non... </s>
	<s id="9">Je ne peux pas venir. </s>
	<s id="10">Absolument impossible... </s>
	<s id="11">Je suis engagé ailleurs... </s>
	<s id="12">Enfin pas avant une heure ou deux...</s>
</p>
</sp>
</div2>
</div1>
</body>
</text>
</TEI>