<?xml version="1.0" encoding='utf-8'?>
<TEI xml:lang="fr">
<teiHeader> 
		<fileDesc>
			<titleStmt>
				<title>LE PRÉTENDANT, PIÈCE EN UN ACTE</title>
				<author type="texte" ISNI="0000 0001 2137 1490">Tristan BERNARD (1866-1947) </author>
			</titleStmt>
			<publicationStmt>	
				<publisher>Texte établi par Paul FIEVRE novembre 2019</publisher>
				<publisher>Publié par Paul FIEVRE avril 2020</publisher>
				<idno>BERNARD_SACOCHE</idno>
			<rights>Creative Commons BY-NC-SA</rights>
			</publicationStmt>
			<SourceDesc>
				<genre>Pièce</genre>
				<inspiration>moeurs</inspiration><structure>Un acte</structure>
				<type>vers</type>
				<periode>1921-1930</periode>
				<taille>0-250</taille>
				<permalien>https://gallica.bnf.fr/ark:/12148/bpt6k9795676r</permalien>
			</SourceDesc>
		</fileDesc>
</teiHeader>
<text>
<front>
	<docTitle>
	    <titlePart part="main">LA SACOCHE</titlePart>
		<titlePart part="sub">PIÈCE EN UN ACTE</titlePart> 
	</docTitle>
   <docDate value="1930">1930.</docDate>
   <docAuthor id='BERNARD, Tristan'>de Tristan Bernard.</docAuthor>
	<docImprint>
		<editor>ALBIN MICHEL, 22 rue Huyghens, PARIS (14°)</editor>
		<printer>ÉTABLISSEMENTS BUSSON IMPRIMEURS, 117 rue des Poisonniers, PARIS (18°)</printer>
		<acheveImprime>Achevé d'imprimer le 20 SEPTEMBRE 1930 par les ÉTABLISSEMENTS BUSSON.</acheveImprime>
		<copyright>Droits de traduction, reproduction, représentation théâtrale et adaptation cinématographique réservés pour tous pays.</copyright>
	</docImprint>
	<castList><head>PERSONNAGES</head>
		<castItem><role id="ÉMILE" sex="1" type="H" statut="employé" age="A" stat_amour=''>ÉMILE</role>, garçon de banque.</castItem>
		<castItem><role id="ADRIEN" sex="1" type="H" statut="voleur" age="A" stat_amour=''>ADRIEN</role>, cambrioleur.</castItem>
		<castItem><role id="UN COMPLICE" sex="1" type="H" statut="voleur" age="A" stat_amour=''>UN COMPLICE</role>.</castItem>
		<castItem><role id="LE CHEF DES AGENTS" sex="1" type="H" statut="policier" age="A" stat_amour=''>LE CHEF DES AGENTS</role>.</castItem>
		<castItem><role id="AGENTS" sex="1" type="H" statu="policier" age="A" stat_amour=''>AGENTS</role>.</castItem>
	</castList>
	<set location="Paris" country="France" periode="XXème" gps="48.856614, 2.352222"></set>
	<note>Extrait de l'ouvrage "Théâtre sans directeur" Paris, Albin Michel, 1930, pp. 105-112</note>
</front>
<body>
<div1 type="acte" n="1"><head>LA SACOCHE</head>
<stage type="location">Sur une berge de la Seine, entre Asnières et Saint-Denis. Fin de jour.</stage>
<div2 type="scene" n="1"><head></head>
<sp stage="dress" who="ÉMILE"><speaker>ÉMILE, en uniforme de garçon de banque.</speaker>
	<l id="1">Si j'ai la mine déconfite,</l>
	<l id="2">C'est pour d'assez graves raisons :</l>
	<l id="3">J'arrive à l'instant de Maisons...</l>
	<l id="4">Pas de Maisons-Alfort, mais de Maisons-Laffitte...</l>
	<l id="5">... Pour fuir un avenir, hélas! plein de noirceur,</l>
	<l id="6">Je suis venu tout droit au bord de ces eaux mornes.</l>
	<l id="7">Car, bien que de métier on soit un encaisseur,</l>
	<l id="8">Le pouvoir d'encaisser a quelquefois des bornes!</l>
	<l id="9">Me voici ruiné sans espoir, et failli!</l>
	<l id="10">Et pour qui, Dieu puissant? Pour une cuisinière</l>
	<l id="11">Qui m'affolait d'amour la semaine dernière,</l>
	<l id="12">Et dont le jeune fils est lad à Chantilly...</l>
	<l id="13">Connaissant- prétend-il - leurs coups qu'ils font sous</l>
	<l id="14">L'indésirable compagnon [roche,</l>
	<l id="15">M'a dit d'aventurer le fond de ma sacoche</l>
	<l id="16">Sur un pâle outsider dont je maudis le nom...</l>
	<l id="17">Quittons l'existence traîtresse...</l>
<stage type="LOCATION">Il s'avance jusqu'à la berge.</stage>
	<l id="18">Je tombe de sommeil autant que de détresse...</l>
<stage type="dream">Songeur.</stage>
	<l id="19">Mais sur les sombres bords trouve-t-on le repos ?</l>
	<l id="20">Le repos éternel, est-ce un bobard de l'homme ?</l>
	<l id="21">Je crois qu'il est prudent de faire un petit somme,</l>
	<l id="22">Afin à tout hasard d'être au moins plus dispos...</l>
<stage type="location">Reculant jusqu'à un remblai.</stage>
	<l id="23">Un sort bénin a garni d'herbe tendre</l>
	<l id="24">Le doux versant de ce talus,</l>
	<l id="25">Où sans tarder je vais m'étendre...</l>
	<l id="26">Puis, sitôt réveillé, j'irai, sans plus attendre,</l>
	<l id="27">Dans la direction des infernaux palus...</l>
<stage type="lie/sleep">Il s'étend et s'endort d'un sommeil profond.</stage>
</sp>
<sp stage="entrance/carry" who="ADRIEN"><speaker>ADRIEN, entrant en scène, un portefeuille à la main.</speaker>
	<l id="28">L'audace des bandits est vraiment sans limite !</l>
	<l id="29">En quel temps vivons-nous ? La police est un mythe !</l>
	<l id="30">À quatre heures dix, en plein jour,</l>
	<l id="31">Mon pote et moi, dans le plus bruyant carrefour,</l>
	<l id="32">Nous avons mis à sac une bijouterie...</l>
	<l id="33">Aussi tranquillement qu'on prend des numéros</l>
	<l id="34">D'autobus... Et pourtant, croyez-moi, je vous prie,</l>
	<l id="35">Je suis un être simple, et n'ai rien d'un héros...</l>
<stage type="think">Il médite.</stage>
	<l id="36">Le bijoutier, couvert par la forte assurance,</l>
	<l id="37">Considère sa perte avec indifférence...</l>
	<l id="38">La Compagnie... y voit une publicité</l>
	<l id="39">Parfaite et des plus légitimes,</l>
	<l id="40">Grâce à quoi son papier déjà très haut coté,</l>
	<l id="41">Atteindra de plus hautes cimes...</l>
	<l id="42">Quant à mon brave recéleur,</l>
	<l id="43">Qui m'a pris ces bijoux au tiers de leur valeur,</l>
	<l id="44">Sa joie était vraiment touchante...</l>
	<l id="45">Enfin moi, je m'en trouve bien,</l>
	<l id="46">Car l'affaire reste excellente,</l>
	<l id="47">Vu la modicité de mon prix de revient...</l>
<stage type="location">Il se dirige vers le talus, et aperçoit Emile qui continue à dormir lourdement.</stage>
	<l id="48" syll="6" part="i">Que vois-je ? Un encaisseur ?</l>
<stage type="tender">Avec attendrissement.</stage>
	<l id="48" syll="6" part="f">Dormeur plein d'innocence,</l>
	<l id="49">Que ton destin narquois sur ma route a conduit !</l>
	<l id="50">Décidément la Providence</l>
	<l id="51">Me gâte en ce jour d'aujourdhui...</l>
	<l id="52">Voyons cette sacoche... Hé ! Le diable m'emporte !</l>
	<l id="53">Elle est vide ! Ceci me semble assez vexant...</l>
	<l id="54">Vraiment la concurrence est forte,</l>
	<l id="55">Et je ne croyais pas cet endroit si passant.</l>
	<l id="56" syll="6" part="i">... Déception ! Tant pis !</l>
<stage type="listen">On entend un bruit de pas.</stage>
	<l id="56" syll="6" part="f">Qui vient là ?... Mon complice ?</l>
	<l id="57" syll="6" part="i">Il a l'air agité...</l>
</sp>
<sp who="LE COMPLICE"><speaker>LE COMPLICE.</speaker>
	<l id="57" syll="6" part="f">Pet ! pet ! C'est la police !</l>
	<l id="58">Il en vient par la gauche et par la droite aussi !...</l>
	<l id="59">Pas moyen de filer d'ici...</l>
</sp>
<sp who="ADRIEN"><speaker>ADRIEN.</speaker>
	<l id="60" syll="4" part="i">C'est bien pour nous ?</l>
</sp>
<sp who="LE COMPLICE"><speaker>LE COMPLICE.</speaker>
	<l id="60" syll="9" part="f">Pour nous ou pour d'autres personnes,</l>
	<l id="61">Ce n'est jamais, crois-moi, des rencontres fort bonnes...</l>
	<l id="62">Surtout quand on n'a pas un casier des plus blancs...</l>
</sp>
<sp stage="wave" who="ADRIEN"><speaker>ADRIEN, hochant la tête.</speaker>
	<l id="63">Et puis, ce dormeur imbécile,</l>
	<l id="64">- Pour peu que ces vieux flics aient le soupçon facile -</l>
	<l id="65">Pourrait leur inspirer des pronostics troublants...</l>
	<l id="66">Il est des cas où le sacrifice s'impose...</l>
	<l id="67">Il faut faire la part du feu,</l>
	<l id="68">Et que dans la sacoche on trouve quelque chose...</l>
<stage type="get">Il prend des billets dans une grosse liasse.</stage>
	<l id="69" syll="6" part="i">Dix billets sur cent vingt </l>
<stage type="sigh">Avec un soupir.</stage>
	<l id="69" syll="3" part="m">C'est beaucoup... </l>
<stage type="">Sagement.</stage>
	<l id="69" syll="3" part="f">Et c'est peu...</l>
<stage type="drop">Il garnit rapidement la sacoche d'Emile.</stage>
</sp>
<sp stage="low" who="LE COMPLICE"><speaker>LE COMPLICE, bas.</speaker>
	<l id="70" syll="2" part="i">Les flics !</l>
</sp>
<sp stage="closer" who="ADRIEN"><speaker>ADRIEN, allant au-devant des hommes de police.</speaker>
	<l id="70" syll="10" part="f">Ah ! C'est le Ciel, messieurs, qui vous envoie !</l>
	<l id="71">Nous avons découvert sur le bord de la voie</l>
	<l id="72" syll="6" part="i">Cet homme qui dormait...</l>
</sp>
<sp stage="serious" who="LE CHEF"><speaker>LE CHEF, sentencieux.</speaker>
	<l id="72" syll="6" part="f">Avec un verre en trop</l>
	<l id="73">Probablement... Quel est ce drôle de pierrot ?</l>
	<l id="74">Si l'on était méchant, un rapport à la Banque...</l>
	<l id="75">Et nous ferions sacquer ce garçon à la manque...</l>
	<l id="76">Mais regardons... Sans doute on l'aura détroussé.</l>
<stage type="open">Il visite la sacoche.</stage>
	<l id="77" syll="3" part="i">Non ! voici </l>
<stage type="count">Il compte.</stage>
	<l id="77" syll="9" part="f">dix billets... Ils n'auraient rien laissé.</l>
</sp>
<sp stage="shy" who="ADRIEN"><speaker>ADRIEN, déférent.</speaker>
	<l id="78">Vous n'avez plus besoin de nous, messieurs ? C'est l'heure</l>
	<l id="79">Où l' on commence à s'affamer.</l>
	<l id="80">La soupe et la patronne, en notre humble demeure,</l>
	<l id="81">Toutes deux à l'envi sont en train de fumer...</l>
</sp>
<sp who="LE CHEF"><speaker>LE CHEF.</speaker>
	<l id="82" syll="1" part="i">Allez...</l>
<stage type="exit">Adrien et son pote ne se le font pas dire deux fois.</stage>
</sp>
<sp stage="awake" who="LE CHEF"><speaker>LE CHEF, réveillant le dormeur.</speaker>
	<l id="82" syll="4" part="m">Que fais-tu là ?</l>
<stage type="awake/estonish">Emile le regarde éberlué.</stage>
	<l id="82" syll="2" part="m">Ton nom ?</l>
</sp>
<sp stage="hesitate" who="ÉMILE"><speaker>ÉMILE, balbutiant.</speaker>
	<l id="82" syll="4" part="f">Durand, Emile...</l>
</sp>
<sp who="LE CHEF"><speaker>LE CHEF.</speaker>
	<l id="83">Alors quoi ? C'est une façon</l>
	<l id="84">De venir roupiller par ici, mon garçon ?</l>
	<l id="85">Avec ton maroquin plein de billets de mille !</l>
</sp>
<sp who="ÉMILE"><speaker>ÉMILE.</speaker>
	<l id="86" syll="6" part="i">Hélas, ils n'y sont plus !</l>
</sp>
<sp who="LE CHEF"><speaker>LE CHEF.</speaker>
	<l id="86" syll="6" part="f">Comment ? Ils n'y sont plus ?</l>
	<l id="87">Je viens d'en compter dix, sans que tu te réveilles !</l>
</sp>
<sp who="ÉMILE"><speaker>ÉMILE, comptant à son tour.</speaker>
	<l id="88">Huit... neuf... dix... Dix billets ! Merveille des merveilles !</l>
<stage type="aparte">À part.</stage>
	<l id="89" syll="6" part="i">Je n'en avais que sept !</l>
<stage type="sit">Il est resté assis sur le remblai.</stage>
</sp>
<sp who="LE CHEF"><speaker>LE CHEF.</speaker>
	<l id="89" syll="6" part="f">Tu tiens à ce talus ?</l>
	<l id="90">Je dois te prévenir que la route est peu sûre.</l>
</sp>
<sp who="ÉMILE"><speaker>ÉMILE.</speaker>
	<l id="91" syll="6" part="i">Je vais rentrer chez moi.</l>
</sp>
<sp who="LE CHEF"><speaker>LE CHEF.</speaker>
	<l id="91" syll="6" part="f">Sois très heureux, mon fieu,</l>
	<l id="92">Qu'on étouffe ton aventure.</l>
</sp>
<sp who="ÉMILE"><speaker>ÉMILE.</speaker>
	<l id="93" syll="6" part="i">Merci, messieurs. Bonsoir !</l>
</sp>
<sp who="LE CHEF"><speaker>LE CHEF.</speaker>
	<l id="93" syll="2" part="m">Bonsoir !</l>
</sp>
<sp stage="toward" who="ÉMILE"><speaker>ÉMILE, au public.</speaker>
	<l id="93" syll="4" part="f">Je crois en Dieu...</l>
<stage type="">STANCES</stage>
<poem type="stances">
<lg n="1">
	<l id="94">Le Seigneur est trop bon pour notre humaine engeance...</l>
	<l id="95">Si je me plaignais, j'aurais tort...</l>
	<l id="96">Mais je pense à part moi que, dans son indulgence,</l>
	<l id="97">Il va cette fois un peu fort...</l>
</lg>
<lg n="2">
	<l id="98">Cependant ses desseins sont assez pénétrables</l>
	<l id="99">Pour qui s'astreint à réfléchir :</l>
	<l id="100">Il veut, en nous tendant des mains trop secourables,</l>
	<l id="101">Nous avoir par le repentir...</l>
</lg>
<lg n="3">
	<l id="102">J'ai bu la Vérité de la divine source....</l>
	<l id="103">Et je jure, animé d'esprits tout différents,</l>
	<l id="104">De jouer désormais au plus cent sous par course,</l>
	<l id="105">... Sauf le jour du Grand Prix où je mettrai dix francs.</l>
</lg>
</poem>
</sp>
</div2>
</div1>
</body>
</text>
</TEI>