<?xml version="1.0" encoding="utf-8" ?>
<TEI xml:lang="fr">
<teiHeader>
		<fileDesc>
			<titleStmt>
				<title>À LA MER, MONOLOGUE.</title>
				<author type="texte" ISNI="0000 0000 6651 3213">BERTOL-GRAIVIL (1857-1910)</author>
			</titleStmt>
			<publicationStmt>	
				<editor>Texte établi par Paul FIEVRE, juillet 2019</editor>
				<publisher>Publié par Paul FIEVRE, août 2019.</publisher>
				<idno>BERTOL-GRAIVIL_ALAMER</idno>
			<rights>Creative Commons BY-NC-SA</rights>
			</publicationStmt>
			<SourceDesc>
				<genre>Monologue</genre>
				<inspiration>moeurs</inspiration><type>prose</type>
				<structure>Un acte</structure>
				<periode>1881-1890</periode>
				<taille>(mesure non pertinente)</taille>
				<permalien>https://gallica.bnf.fr/ark:/12148/bpt6k8630851z</permalien>
			</SourceDesc>
		</fileDesc>
</teiHeader>
<text>
	<front>
		<docTitle>
			<titlePart type="main">À LA MER !</titlePart>
			<titlePart type="sub">MONOLOGUE</titlePart>
			<titlePart type="sub">DIT PAR M. COQUELIN Cadet, de la Comédie-Française.</titlePart>
			<titlePart type="sub">A mon ami GRENET-DANCOURT</titlePart>
		</docTitle> 
		<docDate value='1883'>1883. Tous droits réservés.</docDate>
		<docAuthor id="BERTOL-GRAIVIL">BERTOL-GRAIVIL</docAuthor>
		<docImprint>
			<editor id='TRESSE'>PARIS, TRESSE, ÉDITEUR GALERIE DU THÉATRE-FRANÇAIS PALAIS-ROYAL</editor>
			<printer>Imprimerie générale de Châtillon-sur-Seine. A. PICHAT .</printer>
		</docImprint>
	<castList><head>PERSONNAGES</head>
		<castItem><role id="UN HOMME" sex="1" type="H" statut='bourgeois' age='A' stat_amour='néant'>UN HOMME</role>.</castItem> 
	</castList>
	<set location="Paris" country="France" periode="XIXème" gps="48.856614, 2.352222"></set>
</front>
<body>
<div1 type="acte" n="1"><head>À LA MER.</head>
<div2 type="scene" n="1"><head></head>
<sp who="UN HOMME"><speaker></speaker>
<p id="1">
	<s id="1">Né dans le quartier_de_la_Petite_Villette, - que desservent trois lignes d'omnibus, - père de famille, marié, naturellement, ayant trois enfants jumeaux, le plus jeune, pouvant être malade, j'éprouvais, en pleine canicule - 103 à l'ombre - le besoin d'expédier ma famille au bord de la mer.</s>
</p>
<p id="2">
	<s id="1">Ce que j'ai eu de tintouin vous ne pourrez jamais vous le figurer.</s>
</p>
<p id="3">
	<s id="1">J'avais, grâce à une amie de la soeur de ma femme, qui connaissait une parente de la mère du directeur de son mari, écrit à un monsieur qui demeurait près de Dieppe, à Saleville, pour le prier de me trouver quelque chose de pas trop cher. - </s>
	<s id="2">Il trouva tout de suite, au bout d'un mois. </s>
	<s id="3">- Il m'envoya une longue lettre embêtante - je l'ai gardée - dans laquelle il m'informait qu'il avait découvert une maisonnette « que je ne blâmerais pas, si je la louais . » </s>
	<s id="4">- Je n'ai pas encore compris. </s>
	<s id="5">- Elle était située au milieu d'un grand pré vert, comme un cheval malade, - et de plus il y avait une vache superbe que l'on trairait exprès pour mon bébé. - </s>
	<s id="6">Bref, c'était magnifique et cher.</s>
</p>
<p id="4">
	<s id="1">J'y envoyai ma famille, et deux jours après son départ ma femme m'écrivait qu'ils étaient tous très mal logés, que l'on n'aurait du lait pour l'enfant que lorsque la vache aurait vêlé, ce qui demandait au moins quatre mois, - seulement trois si elle y mettait de la bonne volonté. </s>
	<s id="2">- Enfin tout cela était horrible.</s>
</p>
<p id="5">
	<s id="1">Je n'en voulus rien croire, les femmes sont tellement exigeantes ! </s>
	<s id="2">Le logement on l'arrangerait ; quant à la vache, en la prenant par la douceur... </s>
	<s id="3">Oh ! </s>
	<s id="4">Qui sait ? </s>
	<s id="5">On gagnerait peut-être quinze jours. </s>
	<s id="6">Pour me rassurer et aussi dans l'espérance de voir la mer, - je ne l'avais jamais vue, - ça peut arriver à tout le monde, - à Paris - je pris un samedi soir le train à la Gare_Saint-Lazare désirant me reposer un jour, loin des bruits de la capitale. </s>
</p>
<p id="6">
	<s id="1">J'arrivai à onze heures du soir à Dieppe. </s>
	<s id="2">La voiture de Saleville était partie, je me fis indiquer la route et la suivis mélancolique... et humide. </s>
	<s id="3">- Il pleuvait, -il pleuvait, je ne marchais pas, je nageais de pied ferme.</s>
</p>
<p id="7">
	<s id="1">À deux heures du matin, je nageais encore, il y avait des chemins à droite, il y en avait à gauche, il y avait des côtes à monter, il y en avait à descendre, il fallait passer sous des ponts, plus loin il fallait passer dessus, on n'en finissait pas.</s>
</p>
<p id="8">
	<s id="1">Craignant de m'être trompé, je cognai à une cabane, on m'envoya coucher : je ne demandais que ça, j'étais gelé . </s>
	<s id="2">- J'interrogeai un voiturier. </s>
	<s id="3">Est-ce par ici ? </s>
	<s id="4">Il se pourrait. </s>
	<s id="5">- Est-ce par là ? </s>
	<s id="6">C'est bien possible. </s>
	<s id="7">- Serait-ce de ce côté ? </s>
	<s id="8">On peut le croire. </s>
	<s id="9">- Ou de celui-là ? je ne dis pas non. </s>
	<s id="10">- J'étais renseigné.</s>
</p>
<p id="9">
	<s id="1">Je continuai à gravir des côtes et à les descendre quand je les avais montées.</s>
</p>
<p id="10">
	<s id="1">Soudain je me trouvai à un rond point, il y avait quatre routes : une devant, - une derrière, - une à gauche, - une à droite. </s>
	<s id="2">Ne sachant laquelle prendre, j'essayai un peu de toutes, mon pied glissa, je crus tomber dans la mer... </s>
	<s id="3">C'était une flaque d'eau . </s>
	<s id="4">- Je dus franchir des ravins, sauter par-dessus des précipices, lisant, au clair de la lune les poteaux indicateurs. </s>
	<s id="5">Sur l'un d'eux, portant une flèche, étaient écrits ces mots : « Comment vas-tu, ma vieille ? » </s>
	<s id="6">J'allais très mal. </s>
	<s id="7">- Il ne pleuvait plus, mais le vent soufflait dans les arbres qui versaient sur moi leur réserve d'eau, - douce intention !</s>
</p>
<p id="11">
	<s id="1">Enfin j'arrivai à Saleville à trois heures du matin. </s>
	<s id="2">- Un chien de garde sauta sur moi. </s>
	<s id="3">- À mes cris, ma femme accourut, on me coucha, et le dimanche à midi je m'éveillai pour voir lever le soleil. </s>
	<s id="4">- Il était déjà levé. </s>
	<s id="5">- Le soleil est très matinal à la campagne.</s>
</p>
<p id="12">
	<s id="1">J'étais au regret d'être obligé de donner raison à ma femme : la villa était une horrible baraque exposée à tous les vents. </s>
	<s id="2">- Ceux de la mer, me dis-je ? </s>
	<s id="3">- La mer ! </s>
	<s id="4">Nous étions à deux heures de ses bords.</s>
</p>
<p id="13">
	<s id="1">Désireux de la contempler, nous partîmes, mais pour arriver jusqu'à elle, il fallut prendre une carriole sale, traînée par un cheval malade, conduit par un charretier idiot, il fallut avaler toute la poussière des routes.</s>
</p>
<p id="14">
	<s id="1">Pour ne pas fatiguer le cheval, à chaque côte à gravir, on descendait de voiture, et à la descente on ne remontait pas car il fallait retenir la carriole qui eût poussé le cheval. </s>
	<s id="2">De plus, je devais traîner ma femme et porter les enfants.</s>
</p>
<p id="15">
	<s id="1">Comme paysage de grands champs stupides, divisés en rectangles jaunes, verts, gris, je ne sais pas trop pourquoi. </s>
	<s id="2">- C'était peut-être du pittoresque ?</s>
</p>
<p id="16">
	<s id="1">On voyait des bicoques auxquelles les maçons n'avaient seulement pas fait deux étages. </s>
	<s id="2">- Quelques pauvres arbres estropiés, aux bras tordus, placés sur le bord de la route, pour demander l'aumône.</s>
</p>
<p id="17">
	<s id="1">Puis enfin des cailloux, des gros cailloux, il paraît que c'est des galets - ça abîme les bottines, et un petit peu après ce qu'ils appellent la mer.</s>
</p>
<p id="18">
	<s id="1">La mer... </s>
	<s id="2">Pouah ! </s>
	<s id="3">Pas autre chose que de l'eau, de l'eau sale encore. </s>
	<s id="'">- Toujours avec ces  galets, des galets de pauvres - pas de peinture dessus.</s>
</p>
<p id="19">
	<s id="1">Impossible de me baigner, j'avais trop chaud.</s>
</p>
<p id="20">
	<s id="1">La mer tapait les galets qui ne lui avaient rien fait.</s>
</p>
<p id="21">
	<s id="1">Je l'ai regardée dix minutes avec de grands yeux - comme ça ; - elle a reculé, - elle s'est retirée bien loin, moi aussi.</s>
</p>
<p id="22">
	<s id="1">Nous étions de retour à Saleville à neuf heures du soir. </s>
	<s id="2">- Je n'ai pas eu le temps de dîner. </s>
	<s id="3">- La voiture du courrier passait. </s>
	<s id="4">- Je suis monté dedans, nous étions quinze. </s>
	<s id="5">- Il y avait place pour trois; </s>
	<s id="6">- Le conducteur disait toujours : montez, montez on se serrera un peu.</s>
</p>
<p id="23">
	<s id="1">À Dieppe, le train pour Paris était complet. </s>
	<s id="2">- Je suis allé dans le fourgon à bagages - ça sentait le poisson - j'ai dû m'asseoir sur le coin d'une baignoire pleine d'eau de mer. </s>
	<s id="3">- Un voyageur qui emportait un bain, - son médecin lui avait ordonné de prendre des bains de mer, - il n'avait pas compris . </s>
	<s id="4">- Je suis arrivé rompu à Paris.</s>
</p>
<p id="24">
	<s id="1">Il y a des gens qui font ça tous les samedis. </s>
	<s id="2">- On ne les décore pas.</s>
</p>
<p id="25">
	<s id="1">Croyez-moi... la mer - Pouah ! </s>
	<s id="2">N'y allez pas.</s>
</p>
</sp>
</div2>
</div1>
</body>
</text>
</TEI>