<?xml version="1.0" encoding='utf-8'?>
<TEI xml:lang="fr">
<teiHeader>
	<fileDesc>
		<titleStmt>
			<title>LA BONNE FEME, Parodie de l'opéra d'Hypermnestre</title>
			<author born='1680' born_location='Paris' death='1734' death_location='Paris' academie=''>BIANCOLELLI Pierre-François (1680-1734), ROMAGNESI Jean-Antoine (1690-1742)</author>
					</titleStmt>
		<publicationStmt>	
			<publisher>publié par Paul FIEVRE, octobre 2014, revu décembre 2016</publisher>
			<idno>BIANCOLLELLIROMAGNESI_BONNEFEMME</idno>
			<rights>Creative Commons BY-NC-SA</rights>
		</publicationStmt>
		<SourceDesc>
				<genre>Parodie</genre>
				<inspiration>mythologie</inspiration>			<structure>Un acte</structure>
				<type>mixte</type>
				<periode>1721-1730</periode>
				<taille>250-500</taille>
				<permalien>http://gallica.bnf.fr/ark:/12148/bpt6k81680</permalien>
				<liens>
					<lien type='parodie'>Hypermnestre.</lien>
				</liens>
		</SourceDesc>
	</fileDesc>
	</teiHeader>
<text>
	<front>
		<docTitle>
			<titlePart type='main'>LA BONNE FEMME</titlePart>
			<titlePart type='sub'>Parodie de l'opéra d'Hypermnestre</titlePart>
		</docTitle> 
		<docDate value='1738'>M. DCC. XXXVIII. Avec Approbation et Privilège du Roi.</docDate>
		<docAuthor id='BIANCOLELLI, ROMAGNESI' bio='biancolelli'>Par les sieurs DOMINIQUE et ROMAGNESI, comédiens du Roi.</docAuthor>
		<docImprint>
				<printer id='BRIASSON'>À PARIS. Chez BRIASSON, rue Saint-Jacques, à la Science.</printer>
		</docImprint>
		<performance>
			<premiere date='1726-08-10' location="Hôtel de Bourgogne">Représentée pour la première fois sur le théâtre de l'Hôtel de Bourgogne, par les Comédiens italiens ordinaires du Roi, le 10 août 1726.</premiere>
		</performance>
		<castList><head>ACTEURS</head>
			<castItem><role id="DANAÜS" sex="1" type="H" statut='roi' age='A' stat_amour='néant'>DANAÜS</role>.</castItem>
			<castItem><role id="HYPERMNESTRE" sex="2" type="H" statut='prince' age='A' stat_amour='néant'>HYPERMNESTRE</role>.</castItem>
			<castItem><role id="LYNCÉE" sex="1" type="H" statut='prince' age='A' stat_amour='néant'>LYNCÉE</role>.</castItem>
			<castItem><role id="ARCAS" sex="1" type="H" statut='conseiller' age='A' stat_amour='néant'>ARCAS</role>.</castItem>
			<castItem><role id="L'OMBRE DE GÉLANOR" sex="1" type="H" statut='ombre' age='A' stat_amour='néant'>L'OMBRE DE GÉLANOR</role>.</castItem>
			<castItem><role id="LE GRAND PRÊTRE d'ISIS" sex="1" type="H" statut='prêtre' age='A' stat_amour='néant'>LE GRAND PRÊTRE d'ISIS</role>.</castItem>
			<castItem><role id="UN PAYSAN" sex="1" type="H" statut='paysan' age='A' stat_amour='néant'>UN PAYSAN</role>.</castItem>
			<castItem><role id="CHOEUR d'ÉGYPTIENS" sex="9" type="H" statut='choeur' age='A' stat_amour='néant'>CHOEUR d'ÉGYPTIENS</role>.</castItem>
			<castItem><role id="CHOEUR d'ARGIENS" sex="9" type="H" statut='choeur' age='A' stat_amour='néant'>CHOEUR d'ARGIENS</role>.</castItem>
			<castItem><role id="DANSEUSES EN MATELOTS ET MATELOTES" sex="9" type="H" statut='danseur' age='A' stat_amour='néant'>DANSEUSES EN MATELOTS ET MATELOTES</role>.</castItem>
			<castItem><role id="UNE MATELOTE" sex="2" type="H" statut='marin' age='A' stat_amour='néant'>UNE MATELOTE</role>.</castItem>
			<castItem><role id="LA BONNE FEMME" sex="2" type="H" statut='bourgeois' age='A' stat_amour='néant'>LA BONNE FEMME</role>.</castItem>
		</castList>
		<set location='Memphis' country='Egypte' periode='Temps mythologiques' gps='29.8431299608, 31.2525656564'>Le théâtre représente plusieurs tombeaux, et au milieu le mausolée de Gélanor, Roi d'Argos. On voit dans la perspective le soleil qui s'élève peu à peu.</set>
		<note>Paru dans les "Parodies du Nouveau théâtre italien ou recueil des parodies représentées sur le théâtre de l'Hotel de Bourgogne, par les Comédiens Italiens Ordinaires du Roi, avec les airs gravés. Nouvelle édition, revue et corrigée et augmentée de plusieurs Parodies. Tome Quatrième". pp. 37-72</note>
	</front>
<body>
<div1 type="act" n='1'><head>ACTE UNIQUE</head>
<div2 type="scene" n='1'><head>SCÈNE I. Danaüs, Arcas.</head>
<sp who='ARCAS'><speaker>ARCAS.</speaker>
<stage type="title">Air : Sais-tu la différence</stage>
	<l id='1'>Deux illustres familles,</l>
	<l id='2'>Apaisent leur courroux,</l>
	<l id='3'>Tuchoux ;</l>
	<l id='4'>Et vos cinquante filles</l>
	<l id='5'>Trouvent cinquante époux,</l>
	<l id='6'>Tuchoux,</l>
<note type="L">Drille : Méchant soldat. Il ne se dit que par mépris et par raillerie. Se dit aussi de tout autre malheureux qui porte l'épée, quoiqu'il ne soit point enrôlé. [F]</note>
	<l id='7'>Tous Princes et bons drilles,</l>
	<l id='8'>Tuchoux,</l>
	<l id='9'>Ah, quel bonheur pour vous !</l>
<p id='1'>
	<s id='1'>Que ce jour est heureux !</s>
</p>
</sp>
<sp who='DANAÜS'><speaker>DANAÜS.</speaker>
<stage type="title">Air : Je jure par tes yeux.</stage>
	<l id='10'>Pas tant que tu le dis.</l>
	<l id='11'>Pas tant que tu le dis.</l>
	<l id='12'>Un frère chicaneur me chassa de Memphis,</l>
	<l id='13'>Et me force en ces lieux à couronner ses fils.</l>
</sp>
<sp who='ARCAS'><speaker>ARCAS.</speaker>
<p id='2'>
	<s id='1'>Ne sont-ils pas vos neveux ?</s>
</p>
</sp>
<sp who='DANAÜS'><speaker>DANAÜS</speaker>
<p id='3'>
	<s id='1'>Oui.</s>
</p>
</sp>
<sp who='ARCAS'><speaker>ARCAS.</speaker>
<p id='4'>
	<s id='1'>Par conséquent, vos filles sont leurs cousines ?</s>
</p>
</sp>
<sp who='DANAÜS'><speaker>DANAÜS.</speaker>
<p id='5'>
	<s id='1'>Hé bien.</s>
</p>
</sp>
<sp who='ARCAS'><speaker>ARCAS.</speaker>
<p id='6'>
	<s id='1'>Hé bien.</s>
</p>
<stage type="title">Fin de l'air : Compère et commère</stage>
	<l id='14'>Cousins et cousines</l>
	<l id='15'>Sont faits pour s'aimer,</l>
	<l id='16'>Et pour s'entre-couronner.</l>
<p id='7'>
	<s id='1'>Mais, Seigneur, si cette alliance vous faisait tant de peine, que ne refusiez-vous la paix ?</s>
</p>
</sp>
<sp who='DANAÜS'><speaker>DANAÜS.</speaker>
<stage type="title">Air : Pierre Bagnolet.</stage>
	<l id='17'>Pouvais-je soutenir la guerre,</l>
	<l id='18'>Et ne sais-tu pas comme moi,</l>
	<l id='19'>Que la moitié de la terre</l>
	<l id='20'>D'Égyptus reconnaît la loi ?</l>
	<l id='21'>Voilà pourquoi,bis</l>
	<l id='22'>Je n'ai pu soutenir la guerre,</l>
	<l id='23'>Parce qu'il est plus fort que moi.</l>
<p id='8'>
	<s id='1'>Il a plus de soldats que je n'ai de sujets, et quels sujets !</s>
</p>
<stage type="title">Air : Quand la bergère vient des champs.</stage>
	<l id='24'>Ils se ressouviennent encor</l>
	<l id='25'>De Gélanor.</l>
</sp>
<sp who='ARCAS'><speaker>ARCAS.</speaker>
	<l id='26'>Ils ont grand tort.</l>
	<l id='27'>Ne savent-ils pas qu'il est mort,</l>
	<l id='28'>Et que tout ombre</l>
	<l id='29'>Du palais sombre</l>
	<l id='30'>Jamais ne sort.</l>
</sp>
<sp who='DANAÜS'><speaker>DANAÜS.</speaker>
<p id='9'>
	<s id='1'>Oui, mais c'est moi qui l'ai tué.</s>
</p>
</sp>
<sp who='ARCAS'><speaker>ARCAS.</speaker>
<p id='10'>
	<s id='1'>Bon, ne fallait-il pas toujours qu'il mourut ? </s>
	<s id='2'>Mais on vient...</s>
</p>
</sp>
</div2>
<div2 type="scene" n='2'><head>SCÈNE II. Hypermnestre, Danaüs.</head>
<sp who='HYPERMNESTRE'><speaker>HYPERMNESTRE.</speaker>
<stage type="title">Air : Pourquoi vous en prendre à moi.</stage>
	<l id='31'>À quoi vous amusez-vous,</l>
	<l id='32'>Mon père, mon père ?</l>
	<l id='33'>Nous attendons nos époux,</l>
	<l id='34'>Est-ce dans un cimetière</l>
	<l id='35'>Qu'on forme des noeuds si doux ?</l>
	<l id='36'>À quoi, etc.</l>
<p id='1'>
	<s id='1'>Venez, venez, fuyez ces lieux tristes, et lugubres qui redoublent votre peine.</s>
</p>
</sp>
<sp who='DANAÜS'><speaker>DANAÜS.</speaker>
<stage type="title">Air : Sois complaisant, affable, débonnaire.</stage>
	<l id='37'>D'un doux regard</l>
	<l id='38'>Le ciel nous favorise,</l>
	<l id='39'>Mais de sa part</l>
	<l id='40'>Je crains encor la crise.</l>
	<l id='41'>Car</l>
	<l id='42'>Quand on fait une sottise,</l>
	<l id='43'>On la paye tôt ou tard.</l>
</sp>
<sp who='HYPERMNESTRE'><speaker>HYPERMNESTRE.</speaker>
<p id='2'>
	<s id='1'>N'ayez aucune peur.</s>
</p>
<stage type="title">Air : Que je chéris mon cher voisin.</stage>
	<l id='44'>De vos neveux la quantité,</l>
	<l id='45'>La valeur, l'alliance,</l>
	<l id='46'>Du trône où vous êtes monté</l>
	<l id='47'>Affermit la puissance.</l>
<p id='3'>
	<s id='1'>Songez qu'ils sont cinquante, quoiqu'on n'en parle point à l'Opéra.</s>
</p>
<stage type="title">Air : Allons gai.</stage>
	<l id='48'>Par un destin prospère,</l>
	<l id='49'>Avant qu'il soit deux ans,</l>
	<l id='50'>Vous vous verrez grand-père</l>
	<l id='51'>D'un régiment d'enfants.</l>
	<l id='52'>Allons gai, d'un air gai, toujours gai.</l>
</sp>
<sp who='DANAÜS'><speaker>DANAÜS.</speaker>
<p id='4'>
	<s id='1'>J'attends mes gendres avec impatience. </s>
	<s id='2'>J'ai promis Lyncée à votre amour, je vous tiendrai parole.</s>
</p>
</sp>
<sp who='HYPERMNESTRE'><speaker>HYPERMNESTRE.</speaker>
<p id='5'>
	<s id='1'>Il parut ici par l'ordre d'Égyptus ; vous me vantâtes son mérite, et vous m'ordonnâtes de l'aimer, je ne balançai pas un moment à exécuter vos ordres.</s>
</p>
<stage type="title">Air : Quand le péril est agréable.</stage>
	<l id='53'>Mon soin d'abord fut de lui plaire,</l>
	<l id='54'>Il fut l'objet de mes amours,</l>
	<l id='55'>Car une fille doit toujours</l>
	<l id='56'>Obéir à son père.</l>
<p id='6'>
	<s id='1'>Mais quand je vous vois si fort enseveli dans la tristesse, est-il quelque bonheur pour moi ?</s>
</p>
</sp>
<sp who='DANAÜS'><speaker>DANAÜS.</speaker>
<p id='7'>
	<s id='1'>Oh, ma foi, je n'ai pas envie de rire.</s>
</p>
</sp>
<sp who='HYPERMNESTRE'><speaker>HYPERMNESTRE.</speaker>
<p id='8'>
	<s id='1'>Quel nouveau chagrin peut encore vous agiter ?</s>
</p>
<stage type="title">Air : Diablezot.</stage>
	<l id='57'>Ma fille j'ai vu cette nuit</l>
	<l id='58'>De Gélanor l'ombre implacable,</l>
	<l id='59'>Dans ma chambre il a fait grand bruit,</l>
	<l id='60'>D'une voix rauque et formidable,</l>
	<l id='61'>Arrête, arrête, m'a-t-il dit.</l>
</sp>
<sp who='HYPERMNESTRE'><speaker>HYPERMNESTRE.</speaker>
	<l id='62'>Croyez-vous que Pluton renvoie</l>
	<l id='63'>Les morts qu'il tient dans son cachot ?</l>
	<l id='64'>L'Achéron lâche-t-il sa proie ?</l>
	<l id='65'>Diable zot.</l>
</sp>
<sp who='DANAÜS'><speaker>DANAÜS.</speaker>
<p id='9'>
	<s id='1'>Ce n'est pas là tout, écoutez le reste.</s>
</p>
<stage type="title">Air : L'autre nuit j'aperçus en songe.</stage>
	<l id='66'>Les dieux l'ont armé de la foudre,</l>
	<l id='67'>Soigneux de venger son trépas.</l>
	<l id='68'>J'ai vu mon trône en mille éclats,</l>
	<l id='69'>Et mon palais réduit en poudre.</l>
</sp>
<sp who='HYPERMNESTRE'><speaker>HYPERMNESTRE.</speaker>
	<l id='70'>Ah ! Vos songes sont trop mauvais,</l>
	<l id='71'>Puissiez-vous ne rêver jamais.</l>
</sp>
<sp who='DANAÜS'><speaker>DANAÜS.</speaker>
<stage type="title">Air : La Serrure.</stage>
	<l id='72'>Je vais lui donner une fête,</l>
	<l id='73'>Ce spectacle sera nouveau.</l>
	<l id='74'>Allons, enfants, que l'on s'apprête</l>
	<l id='75'>À l'amuser dans son tombeau.</l>
</sp>
<sp who='HYPERMNESTRE'><speaker>HYPERMNESTRE.</speaker>
<stage type="title">Air : Ami, qui l'aurait pu croire.</stage>
	<l id='76'>Mon père, pouvez-vous dire</l>
	<l id='77'>Qu'on aime à rire</l>
	<l id='78'>Chez les morts ?</l>
</sp>
<sp who='DANAÜS'><speaker>DANAÜS.</speaker>
<p id='10'>
	<s id='1'>Ma fille, retirez-vous, et laissez-moi.</s>
</p>
</sp>
<sp stage="exit" who='HYPERMNESTRE'><speaker>HYPERMNESTRE, en s'en allant.</speaker>
<p id='11'>
	<s id='1'>En vérité, le bonhomme radote !</s>
</p>
</sp>
</div2>
<div2 type="scene" n='3'><head>SCÈNE III. Marche des danseurs, en longs manteaux noirs et crêpes, qui portent des plats devant le tombeau de Gélanor.</head>
<stage type="dance">Après qu'on a dansé.</stage>
<sp who='DANAÜS'><speaker>DANAÜS.</speaker>
<stage type="title">Air : Ô reguingué.</stage>
	<l id='79'>Ombre d'un Prince infortuné</l>
	<l id='80'>Que j'ai moi-même assassiné,</l>
	<l id='81'>Ô reguingué, ô lon lan la,</l>
	<l id='82'>Soyons amis, plus de querelle,</l>
	<l id='83'>Pardonne cette bagatelle.</l>
<stage type="title">Fin de l'air : Revenant de Lorette.</stage>
	<l id='84'>Honorez,</l>
	<l id='85'>Célébrez,</l>
	<l id='86'>Et sa gloire</l>
	<l id='87'>Et sa mémoire.</l>
	<l id='88'>Que nos jeux, que nos chants</l>
	<l id='89'>Lui fassent passer le temps.</l>
</sp>
<sp who='LE CHOEUR'><speaker>LE CHOEUR.</speaker>
	<l id='90'>Honorons,</l>
	<l id='91'>Célébrons,</l>
	<l id='92'>Et sa gloire</l>
	<l id='93'>Et sa mémoire.</l>
	<l id='94'>Que nos jeux, que nos chants</l>
	<l id='95'>Lui fassent passer le temps.</l>
<stage type="dance/light/shake">Après les danses, le soleil s'éclipse, la terre tremble.</stage>
</sp>
<sp who='UN DU CHOEUR'><speaker>UN DU CHOEUR.</speaker>
<stage type="title">Air : Je ne suis né ni roi, ni prince.</stage>
	<l id='96'>Le jour pâlit ! la terre tremble !</l>
	<l id='97'>Quel pouvoir contre nous rassemble,</l>
	<l id='98'>Et confond tous les éléments ?</l>
	<l id='99'>Quels sifflements ! L'ombre cruelle</l>
	<l id='100'>Reçoit nos divertissements</l>
	<l id='101'>Tout comme une pièce nouvelle.</l>
<stage type="exit/entrance">Tout le peuple fuit. L'ombre de Gélanor sort de son tombeau.</stage>
</sp>
<sp who="L'OMBRE"><speaker>L'OMBRE.</speaker>
<stage type="title">Air : Or écoutez petits et grands.</stage>
	<l id='102'>Tous tes regrets sont superflus,</l>
	<l id='103'>Bientôt un des fils d'Égyptus,</l>
	<l id='104'>Pour me venger de ton audace,</l>
	<l id='105'>Tyran, va régner en ta place.</l>
	<l id='106'>Mon sang fut répandu par toi,</l>
	<l id='107'>Il versera le tien pour moi.</l>
</sp>
<sp who='DANAÜS'><speaker>DANAÜS.</speaker>
<stage type="title">Air : On vous en ratisse.</stage>
	<l id='108'>Que mon coeur est agité !</l>
	<l id='109'>Ah ! par cette obscurité,</l>
	<l id='110'>Tu redoubles mon supplice,</l>
	<l id='111'>Dis-moi donc qui me tuera.</l>
</sp>
<sp stage="exit/location" who="L'OMBRE"><speaker>L'OMBRE, en rentrant dans son tombeau.</speaker>
	<l id='112'>On vous en ratisse, tisse, tisse,</l>
	<l id='113'>On vous en ratissera.</l>
</sp>
<sp who='DANAÜS'><speaker>DANAÜS.</speaker>
<stage type="title">Air : Comment faire.</stage>
	<l id='114'>Ombre inhumaine expliquez-vous,</l>
	<l id='115'>Sur qui doivent tomber mes coups ?</l>
	<l id='116'>Dans une telle pépinière,</l>
	<l id='117'>Il s'agit de développer</l>
	<l id='118'>Celui que ma main doit frapper,</l>
	<l id='119'>Comment faire ?</l>
<stage type="title">Air : Quand je tiens de ce jus d'octobre</stage>
	<l id='120'>Voyez la plaisante vétille,</l>
	<l id='121'>Je n'ai pour sortir d'embarras</l>
	<l id='122'>Qu'à tuer toute la famille,</l>
	<l id='123'>Et je ne m'y tromperai pas.</l>
</sp>
</div2>
<div2 type="scene" n='4'><head>SCÈNE IV.</head>
<sp stage="alone" who='HYPERMNESTRE'><speaker>HYPERMNESTRE, seule.</speaker>
<stage type="decor">Le théâtre change, et représente une mer agitée.</stage>
<stage type="title">Air : Sortez de vos retraites.</stage>
	<l id='124'>Ah ! quel affreux orage,</l>
	<l id='125'>Cessez vents furieux</l>
	<l id='126'>D'exercer votre rage</l>
	<l id='127'>Sur l'objet de mes feux.</l>
	<l id='128'>Dans vos grottes profondes</l>
	<l id='129'>Rentrez en ce moment,</l>
	<l id='130'>Doux Zéphirs sur les ondes,</l>
	<l id='131'>Conduisez mon amant.</l>
<p id='1'>
	<s id='1'>Que je suis heureuse ! </s>
	<s id='2'>La tempête cesse.</s>
</p>
<stage type="title">Air.</stage>
	<l id='132'>Le temps est calme, et le vent doux,</l>
	<l id='133'>Dépêchez-vous,</l>
	<l id='134'>Mon cher époux.</l>
	<l id='135'>L'Hymen nous attend au port,</l>
	<l id='136'>Pour vous y faire un heureux sort.</l>
	<l id='137'>Ce dieu dans ce jour</l>
	<l id='138'>D'accord avec l'Amour</l>
	<l id='139'>Va couronner l'ardeur qui nous presse,</l>
	<l id='140'>Faisons sur ces bords,</l>
	<l id='141'>Éclater nos transports,</l>
	<l id='142'>Et que nos tendres désirs,</l>
	<l id='143'>Comblés par les plaisirs,</l>
	<l id='144'>Dans nos coeurs renaissent sans cesse.</l>
</sp>
</div2>
<div2 type="scene" n='5'><head>SCÈNE V. Hypermnestre, troupe de matelots et matelotes</head>
<sp who='HYPERMNESTRE'><speaker>HYPERMNESTRE.</speaker>
<stage type="title">Air : Y avance, y avance.</stage>
	<l id='145'>Viens promptement, jeune héros,</l>
	<l id='146'>Hâte-toi, traverse les flots,</l>
	<l id='147'>L'Amour veut de la diligence.</l>
</sp>
<sp who='LE CHOEUR DES MATELOTS'><speaker>LE CHOEUR DES MATELOTS.</speaker>
	<l id='148'>Y avance, avance,</l>
	<l id='149'>Réponds à son impatience.</l>
</sp>
<sp who='HYPERMNESTRE'><speaker>HYPERMNESTRE.</speaker>
<p id='1'>
	<s id="1">Que ne vous dois-je point, mes chers enfants ? </s>
	<s id='2'>Voilà ce qui s'appelle être bien secondée. </s>
	<s id='3'>Lyncée ne peut manquer d'arriver lorsque tout un peuple l'appelle... </s>
	<s id='4'>Mais n'est-ce pas lui que j'aperçois... </s>
	<s id='5'>Ô ciel ! </s>
	<s id='6'>En quel état s'offre-t-il à mes yeux ?</s>
</p>
</sp>
</div2>
<div2 type="scene" n='6'><head>SCÈNE VI. Lyncée, les acteurs de la scène précédente.</head>
<stage type="swim/dress">On voit Lyncée qui traverse les flots à la nage, il est en chemise. </stage>
<sp who='LYNCÉE'><speaker>LYNCÉE.</speaker>
<stage type="title">Air : Ça du vin, mettons-nous en train.</stage>
	<l id='150'>Ça Fanchon,</l>
	<l id='151'>Mon petit bouchon,</l>
	<l id='152'>Ça ma chère</l>
	<l id='153'>Faites faire</l>
	<l id='154'>Du feu car j'ai le frisson.</l>
</sp>
<sp who='HYPERMNESTRE'><speaker>HYPERMNESTRE.</speaker>
	<l id='155'>Cher époux</l>
	<l id='156'>Je tremblais pour vous.</l>
</sp>
<sp who='LYNCÉE'><speaker>LYNCÉE.</speaker>
	<l id='157'>Des poissons l'humide canaille,</l>
	<l id='158'>Les huitres à l'écaille,</l>
	<l id='159'>De moi tout était jaloux.</l>
	<l id='160'>Mais enfin,</l>
	<l id='161'>L'Amour bien plus fin</l>
	<l id='162'>M'a malgré l'orage,</l>
	<l id='163'>Conduit à la plage,</l>
	<l id='164'>Je promets...</l>
	<l id='165'>De n'en dériver jamais.</l>
</sp>
<sp who='HYPERMNESTRE'><speaker>HYPERMNESTRE.</speaker>
<stage type="title">Air : Ma fable est-elle obscure lure lure.</stage>
	<l id='166'>Tout parle ici de votre amour extrême,</l>
	<l id='167'>Mon tendre coeur n'a rien à désirer.</l>
</sp>
<sp who='LYNCÉE'><speaker>LYNCÉE.</speaker>
	<l id='168'>De vous aimer je fais mon bien suprême,</l>
	<l id='169'>De mon ardeur tout doit vous assurer.</l>
</sp>
<sp who='HYPERMNESTRE'><speaker>HYPERMNESTRE.</speaker>
	<l id='170'>Mon cher amant, croyez-vous qu'elle dure ?</l>
	<l id='171'>Lure, lure, lure.</l>
	<l id='172'>Oh ! sans doute, elle durera</l>
	<l id='173'>Autant qu'à l'Opéra.</l>
</sp>
<sp stage="together" who='HYPERMNESTRE, LYNCÉE'><speaker>HYPERMNESTRE et LYNCÉE, ensemble.</speaker>
<stage type="title">Air : Par bonheur ou par malheur.</stage>
	<l id='174'>Sort heureux, aimable jour,</l>
	<l id='175'>Vous augmentez mon amour</l>
	<l id='176'>En finissant mes alarmes.</l>
</sp>
<sp who='LE CHOEUR'><speaker>LE CHOEUR.</speaker>
	<l id='177'>Sort heureux, aimable jour.</l>
</sp>
<sp who='LYNCÉE'><speaker>LYNCÉE.</speaker>
<p id='1'>
	<s id='1'>Oh ! </s>
	<s id='2'>Finissez, s'il vous plaît, vous m'étourdissez. </s>
	<s id='3'>J'ai bien autre chose à faire que de vous entendre brailler, allons chercher le Roi, mon futur beau-père.</s>
</p>
</sp>
<sp who='HYPERMNESTRE'><speaker>HYPERMNESTRE.</speaker>
<stage type="title">Air : Je n'aimerai jamais que vous.</stage>
	<l id='178'>Déjà vos frères et mes soeurs</l>
	<l id='179'>Se jurent dans le temple</l>
	<l id='180'>Les plus sincères ardeurs,</l>
	<l id='181'>Suivons leur exemple.</l>
</sp>
<sp who='LYNCÉE'><speaker>LYNCÉE.</speaker>
	<l id='182'>Cessons d'inutiles discours,</l>
	<l id='183'>Nous n'avancerons rien si nous chantons toujours.</l>
	<l id='184'>Venez, Princesse mes amours,</l>
	<l id='185'>Venez au temple.</l>
</sp>
</div2>
<div2 type="scene" n='7'><head>SCÈNE VII. Danaüs, Hypermnestre, Lyncée.</head>
<sp who='DANAÜS'><speaker>DANAÜS.</speaker>
<p id='1'>
	<s id='1'>Ah ! </s>
	<s id='2'>Mon gendre vous voilà ? </s>
	<s id='3'>Soyez le bien venu : vous avez bien tardé.</s>
</p>
<stage type="title">Air : Laire laire laire.</stage>
	<l id='186'>Vos frères plus impatients</l>
	<l id='187'>N'ont pas attendu si longtemps,</l>
	<l id='188'>Ils ont déjà conclu l'affaire,</l>
	<l id='189'>Laire, laire, laire, etc.</l>
</sp>
<sp who='LYNCÉE'><speaker>LYNCÉE.</speaker>
<p id='2'>
	<s id='1'>Malepeste ! </s>
	<s id='2'>Ils étaient bien pressés.</s>
</p>
<stage type="title">Air : Un amant avec ce qu'il aime.</stage>
	<l id='190'>Beau-père, on ne doit pas si vite</l>
	<l id='191'>Prononcer ce funeste mot,</l>
	<l id='192'>Car le mariage est un gîte</l>
	<l id='193'>Où l'on n'arrive que trop tôt.</l>
</sp>
<sp who='DANAÜS'><speaker>DANAÜS.</speaker>
<stage type="title">Air : Quel plaisir d'aimer sans contrainte.</stage>
	<l id='194'>Au temple l'Hymen vous appelle.</l>
</sp>
<sp stage="toward" who='HYPERMNESTRE'><speaker>HYPERMNESTRE, à Lyncée.</speaker>
	<l id='195' part="i">Entrez-y donc.</l>
</sp>
<sp who='LYNCÉE'><speaker>LYNCÉE.</speaker>
	<l id='195' part="f">Je vous suis, ma belle.</l>
</sp>
<sp who='DANAÜS'><speaker>DANAÜS.</speaker>
	<l id='196'>Tout est prêt pour la cérémonie.</l>
</sp>
<sp who='LYNCÉE'><speaker>LYNCÉE.</speaker>
	<l id='197'>Oh ! point de façon, je vous en prie.</l>
</sp>
</div2>
<div2 type="scene" n='8'><head>SCÈNE VIII. Le grand prêtre, ministres, et prêtresses.</head>
<stage type="decor">Le théâtre change et représente le temple d'Isis avec la statue de cette déesse. Après la danse, Danaüs, Hypermnestre, Lyncée, arrivent.</stage>
<sp who='LE GRAND PRÊTRE'><speaker>LE GRAND PRÊTRE.</speaker>
<stage type="title">Air : J'offre ici mon savoir faire.</stage>
	<l id='198'>Sur cet autel qu'on révère,</l>
	<l id='199'>Isis recevez les serments,</l>
	<l id='200'>Que toujours y font les amants,</l>
	<l id='201'>Et plus souvent ne tiennent guère.</l>
</sp>
<sp who='LE CHOEUR'><speaker>LE CHOEUR.</speaker>
	<l id='202'>Que toujours, etc.</l>
<stage type="closer/location/swear">On approche l'autel de l'Hymen où Hypermnestre et Lyncée posent la main, le grand prêtre reçoit leur serment.</stage>
</sp>
<sp who='HYPERMNESTRE'><speaker>HYPERMNESTRE.</speaker>
<stage type="title">Air : Amis sans scrupule</stage>
	<l id='203'>De ma vive flamme</l>
	<l id='204'>Hymen soit le garant.</l>
</sp>
<sp who='LYNCÉE'><speaker>LYNCÉE.</speaker>
	<l id='205'>Je jure à ma femme</l>
	<l id='206'>D'être toujours constant.</l>
</sp>
<sp who='HYPERMNESTRE'><speaker>HYPERMNESTRE.</speaker>
	<l id='207'>Je vous serai fidèle,</l>
	<l id='208'>J'en fais, cher amant,</l>
	<l id='209'>Le serment.</l>
</sp>
<sp who='LYNCÉE'><speaker>LYNCÉE.</speaker>
	<l id='210'>Hélas, ma belle,</l>
	<l id='211'>L'Amour le fait, mais l'Hymen le dément.</l>
</sp>
<sp who='DANAÜS'><speaker>DANAÜS.</speaker>
<p id='1'>
	<s id='1'>Allons, qu'on ouvre les portes du temple, et que tout le monde y entre pèle-mêle.</s>
</p>
</sp>
</div2>
<div2 type="scene" n='9'><head>SCÈNE IX. Les acteurs de la scène précédente, paysans, paysannes qui entrent dans le temple.</head>
<sp who='UN PAYSAN'><speaker>UN PAYSAN.</speaker>
<stage type="title">Air : Gai, gai, gai, Madame la mariée.</stage>
	<l id='212'>Gai, gai, gai,</l>
	<l id='213'>Madame la mariée.</l>
	<l id='214'>Bon, bon,</l>
	<l id='215'>Je sommes ravis tatigué,</l>
	<l id='216'>De vous voir si bien accouplée.</l>
</sp>
<sp who='LE CHOEUR'><speaker>LE CHOEUR.</speaker>
	<l id='217'>Gai, gai, gai.</l>
<stage type="danse">On danse.</stage>
</sp>
<sp who='UNE BERGÈRE'><speaker>UNE BERGÈRE.</speaker>
<stage type="title">Air : Menuet d'Hypermnestre</stage>
	<l id='218'>À l'Amour,</l>
	<l id='219'>En ce jour,</l>
	<l id='220'>Rendons tous hommage.</l>
	<l id='221'>Quelle douceur !</l>
	<l id='222'>Quand ce vainqueur</l>
	<l id='223'>Nous engage,</l>
	<l id='224'>Livrons-nous</l>
	<l id='225'>À ses coups.</l>
	<l id='226'>Jeunes coeurs hâtez-vous,</l>
	<l id='227'>Il ne veut votre encens</l>
	<l id='228'>Que dans vos beaux ans.</l>
<stage type="danse">On danse.</stage>
</sp>
</div2>
<div2 type="scene" n='10'><head>SCÈNE X. Arcas, les susdits.</head>
<sp who='ARCAS'><speaker>ARCAS.</speaker>
<stage type="title">Air : Lanturlu.</stage>
	<l id='229'>Que votre présence</l>
	<l id='230'>calme les mutins,</l>
	<l id='231'>Voyez l'insolence</l>
	<l id='232'>De tous ces coquins.</l>
	<l id='233'>Pendant que l'on danse</l>
	<l id='234'>Ils nous rossent tant et plus,</l>
	<l id='235'>Lanturlu, lanturlu, lanturlu.</l>
</sp>
<sp who='DANAÜS'><speaker>DANAÜS.</speaker>
<stage type="title">Air : Talaleri, talaleri, talalerire.</stage>
	<l id='236'>Sur moi leur injuste vengeance</l>
	<l id='237'>Poursuit le sang de Gélanor,</l>
	<l id='238'>Mais c'est en vain que ma clémence</l>
	<l id='239'>Voudrait les épargner encor.</l>
	<l id='240'>Ah ! morbleu, nous allons bien rire</l>
	<l id='241'>Talaleri, talaleri, talalerire.</l>
</sp>
<sp who='LYNCÉE'><speaker>LYNCÉE.</speaker>
<stage type="title">Air : Ce n'est point par effort qu'on aime.</stage>
	<l id='242'>De vous, que j'obtienne une grâce,</l>
	<l id='243'>Souffrez qu'en cette occasion,</l>
	<l id='244'>Sur cette vile populace,</l>
	<l id='245'>Je fasse une belle action.</l>
</sp>
<sp who='DANAÜS'><speaker>DANAÜS.</speaker>
	<l id='246'>Allez donc vous battre à ma place.</l>
</sp>
<sp stage="exit" who='LYNCÉE'><speaker>LYNCÉE, en s'en allant.</speaker>
	<l id='247'>Le beau-père est un peu poltron.</l>
</sp>
</div2>
<div2 type="scene" n='11'><head>SCÈNE XI. Danaüs, Hypermnestre.</head>
<sp who='DANAÜS'><speaker>DANAÜS.</speaker>
<p id='1'>
	<s id='1'>Sortez tous, et vous ma fille demeurez. </s>
</p>
<stage type="aparte">À part.</stage>
<p id='2'>
	<s id='1'>Je ne sais comment elle recevra le beau compliment que je vais lui faire.</s>
</p>
<stage type="title">Air : Mais surtout prenez bien garde.</stage>
	<l id='248'>Quoique les liens les plus doux</l>
	<l id='249'>Vous attachent à votre époux,</l>
	<l id='250'>Vous devez votre affection</l>
	<l id='251'>À votre cher papa mignon.</l>
</sp>
<sp who='HYPERMNESTRE'><speaker>HYPERMNESTRE.</speaker>
	<l id='252'>Vraiment, je le sais mon père.</l>
</sp>
<sp who='DANAÜS'><speaker>DANAÜS.</speaker>
	<l id='253'>Écoutez-moi donc. (bis)</l>
<stage type="title">Air : Que je chéris, mon cher voisin</stage>
	<l id='254'>Ma fille, l'on a résolu</l>
	<l id='255'>D'immoler votre père.</l>
	<l id='256'>J'ai besoin de votre vertu.</l>
</sp>
<sp who='HYPERMNESTRE'><speaker>HYPERMNESTRE.</speaker>
	<l id='257'>Et qu'en voulez-vous faire ?</l>
</sp>
<sp who='DANAÜS'><speaker>DANAÜS.</speaker>
<p id='3'>
	<s id='1'>Elle doit armer votre bras.</s>
</p>
</sp>
<sp who='HYPERMNESTRE'><speaker>HYPERMNESTRE.</speaker>
<stage type="title">Air : Le beau berger Tircis.</stage>
	<l id='258'>Sachons sur qui je dois</l>
	<l id='259'>Exercer mon courage.</l>
	<l id='260'>Sans différer nommez-moi</l>
	<l id='261'>L'ennemi qui vous outrage.</l>
</sp>
<sp who='DANAÜS'><speaker>DANAÜS.</speaker>
	<l id='262'>Son nom seul va, je gage,</l>
	<l id='263'>Glacer ton coeur d'effroi.</l>
</sp>
<sp who='HYPERMNESTRE'><speaker>HYPERMNESTRE.</speaker>
<stage type="title">Air : Dedans nos bois il y a un ermite.</stage>
	<l id='264'>Quoi ! Vous pouvez soupçonner ma faiblesse ?</l>
	<l id='265'>Seigneur, si du serment</l>
	<l id='266'>Que dans ce jour j'ai fait à la déesse,</l>
	<l id='267'>Vous n'êtes pas content,</l>
	<l id='268'>Pour vous prouver mon amitié sincère,</l>
	<l id='269'>Je vais encor faire, </l>
	<l id='270'>Moi</l>
	<l id='271'>Je vais encor faire.</l>
</sp>
<sp who='DANAÜS'><speaker>DANAÜS.</speaker>
<stage type="title">Air : Ah ! qu'il est beau l'oiseau.</stage>
	<l id='272'>À vous parler sincèrement, (bis)</l>
	<l id='273'>Je crains que le second serment</l>
	<l id='274'>N'ennuie, n'ennuie.</l>
	<l id='275'>Jamais on en fit tant</l>
	<l id='276'>En Normandie.</l>
</sp>
<sp who='HYPERMNESTRE'><speaker>HYPERMNESTRE.</speaker>
<p id='4'>
	<s id='1'>Écoutez celui-ci, il vous fera trembler.</s>
</p>
<stage type="swear">Elle met sa main sur l'autel.</stage>
<stage type="title">Air : Charivari.</stage>
	<l id='277'>Malgré le respect sincère</l>
	<l id='278'>Que j'ai pour toi,</l>
	<l id='279'>Si je ne venge mon père,</l>
	<l id='280'>Hymen fais-moi</l>
	<l id='281'>Manquer de foi dès aujourd'hui</l>
	<l id='282'>À mon mari.</l>
</sp>
<sp who='DANAÜS'><speaker>DANAÜS.</speaker>
<p id='5'>
	<s id='1'>En vérité, voilà un terrible serment !</s>
</p>
<stage type="show">Il lui présente un poignard.</stage>
<stage type="title">Air : Contre un engagement.</stage>
	<l id='283'>Du plus funeste sort</l>
	<l id='284'>Ma tête est menacée,</l>
	<l id='285'>Pour empêcher ma mort</l>
	<l id='286' part="i">Va percer...</l>
</sp>
<sp who='HYPERMNESTRE'><speaker>HYPERMNESTRE.</speaker>
	<l id='286' part="m">Qui ?</l>
</sp>
<sp who='DANAÜS'><speaker>DANAÜS.</speaker>
	<l id='286' part="f">Lyncée.</l>
</sp>
<sp who='HYPERMNESTRE'><speaker>HYPERMNESTRE.</speaker>
	<l id='287'>Quelle loi sanguinaire,</l>
	<l id='288'>Hélas, m'imposez-vous !</l>
	<l id='289'>Me convient-il, mon père,</l>
	<l id='290'>De tuer mon époux !</l>
</sp>
<sp who='DANAÜS'><speaker>DANAÜS.</speaker>
<p id='6'>
	<s id='1'>L'ombre de Gélanor m'a prédit tantôt qu'un des fils d'Égyptus me ravirait la vie, et la couronne. </s>
	<s id='2'>Vos soeurs n'ont pas fait tant de difficulté, elles sont bien plus résolues que vous.</s>
</p>
<stage type="title">Air : Quand on a prononcé ce malheureux oui</stage>
	<l id='291'>Elles vont dans la nuit m'immoler mes victimes.</l>
</sp>
<sp who='HYPERMNESTRE'><speaker>HYPERMNESTRE.</speaker>
	<l id='292'>Hélas !</l>
</sp>
<sp who='DANAÜS'><speaker>DANAÜS.</speaker>
	<l id='293'>Vous soupirez ! Vos soupirs sont des crimes...</l>
	<l id='294'>Vous balancez encor ! Qui peut vous arrêter ?</l>
	<l id='295'>Votre serment vous lie, allez l'exécuter...</l>
<p id='7'>
	<s id='1'>Hé bien, que ne partez-vous ?</s>
</p>
<stage type="title">Air : Tarare ponpon.</stage>
	<l id='296'>Lorsque ma volonté, ma fille, se déclare,</l>
	<l id='297'>C'est à vous de répondre à mon intention.</l>
</sp>
<sp who='HYPERMNESTRE'><speaker>HYPERMNESTRE.</speaker>
	<l id='298'>Serais-je assez barbare !</l>
</sp>
<sp who='DANAÜS'><speaker>DANAÜS.</speaker>
	<l id='299'>Obéissez-moi donc.</l>
</sp>
<sp stage="" who='HYPERMNESTRE'><speaker>HYPERMNESTRE, en s'en allant.</speaker>
	<l id='300'>Mon cher père tarare,</l>
	<l id='301'>Pompon.</l>
</sp>
</div2>
<div2 type="scene" n='12'><head>SCÈNE XII.</head>
<sp stage="alone" who='DANAÜS'><speaker>DANAÜS, seul.</speaker>
<p id='1'>
	<s id='1'>Va, va, j'ai pris se si justes mesures que Lyncée ne pourra se soustraire à ma fureur. </s>
	<s id='2'>La nuit favorisera mon projet.</s>
</p>
<stage type="title">Air : Quand on tient de ce jus d'octobre.</stage>
	<l id='302'>J'ai su m'assurer ma vengeance.</l>
	<l id='303'>En vain l'amour retient tes coups,</l>
	<l id='304'>On va dans l'ombre et le silence,</l>
	<l id='305'>Partout assiéger ton époux.</l>
</sp>
</div2>
<div2 type="scene" n='13'><head>SCÈNE XIII.</head>
<sp stage="alone/carry" who='HYYPERMNESTRE'><speaker>HYYPERMNESTRE, seule avec un poignard</speaker>
<stage type="decor">Le théâtre change et représente la façade du palais de Danaüs, une nuit très obscure règne sur le théâtre.</stage>
<stage type="title">Air : Depuis que j'ai vu Nanette.</stage>
	<l id='306'>Justes dieux ! Que dois-je faire ?</l>
	<l id='307'>Quoi ! cédant à son courroux,</l>
	<l id='308'>Mes soeur par l'ordre d'un père</l>
	<l id='309'>Assassinent leurs époux.</l>
	<l id='310'>Ô nuit de tes voiles sombres</l>
	<l id='311'>Quel est le fatal secours ?</l>
	<l id='312'>Toi qui ne devais tes ombres</l>
	<l id='313'>Qu'au triomphe des amours.</l>
</sp>
</div2>
<div2 type="scene" n='14'><head>SCÈNE XIV. Lyncée avec une lanterne sourde, Hypermnestre.</head>
<sp who='LYNCÉE'><speaker>LYNCÉE.</speaker>
<p id='1'>
	<s id='1'>Où diable trouverai-je ma femme ? </s>
	<s id='2'>Je la cherche partout... </s>
	<s id='3'>Si je ne me trompe, je crois que c'est vous, ma mignonne ?</s>
</p>
<stage type="title">Air : J'ai fait à ma maîtresse.</stage>
	<l id='314'>Doux objet de ma flamme</l>
	<l id='315'>Je vous retrouve enfin...</l>
<stage type="watch">Il aperçoit le poignard.</stage>
	<l id='316'>Mais, que vois-je ?... Ma femme,</l>
	<l id='317'>Quel est votre dessein ?</l>
	<l id='318'>Cet instrument, ma mie,</l>
	<l id='319'>N'est guère de mon goût.</l>
	<l id='320'>N'auriez-vous point envie</l>
	<l id='321'>De faire un mauvais coup ?</l>
</sp>
<sp who='HYPERMNESTRE'><speaker>HYPERMNESTRE.</speaker>
<p id='1'>
	<s id='1'>Que lui dirai-je ?... </s>
	<s id='2'>Croyez-moi, Lyncée, éloignez-vous de ces lieux, fuyez-moi de grâce.</s>
</p>
</sp>
<sp who='LYNCÉE'><speaker>LYNCÉE.</speaker>
<p id='2'>
	<s id='1'>Moi vous fuir !... </s>
	<s id='2'>Vous n'y pensez pas.</s>
</p>
<stage type="title">Air : La verte jeunesse.</stage>
	<l id='322'>Par ma foi j'ignore</l>
	<l id='323'>Pour quelle raison,</l>
	<l id='324'>Je ne suis encore</l>
	<l id='325'>Mari que de nom.</l>
	<l id='326'>Il faudrait, Madame,</l>
	<l id='327'>À vous parler net,</l>
	<l id='328'>Pour quitter ma femme,</l>
	<l id='329'>L'être tout à fait.</l>
<p id='3'>
	<s id='1'>Mais que veut dire ceci ? </s>
	<s id='2'>Vous me parlez par énigme, expliquez-vous mieux.</s>
</p>
</sp>
<sp who='HYPERMNESTRE'><speaker>HYPERMNESTRE.</speaker>
<stage type="title">Air : Pour passer doucement la vie.</stage>
	<l id='330'>Pour sauver un époux que j'aime,</l>
	<l id='331'>Fer fatal à toi j'ai recours,</l>
	<l id='332'>Ne sert qu'à m'immoler moi-même,</l>
	<l id='333'>Mourons pour conserver ses jours.</l>
</sp>
<sp stage="stop" who='LYNCÉE'><speaker>LYNCÉE, l'arrêtant.</speaker>
<stage type="title">Air.</stage>
	<l id='334'>Turlututu rengaine, rengaine,</l>
	<l id='335'>Rengaine ton couteau.</l>
<p id='4'>
	<s id='1'>Que diable voulez-vous faire ?</s>
</p>
<stage type="title">Air : Je n'saurais.</stage>
	<l id='336'>Quoi, tu prétends, assassine,</l>
	<l id='337'>Te percer de part en part ?</l>
</sp>
<sp who='HYPERMNESTRE'><speaker>HYPERMNESTRE.</speaker>
	<l id='338'>Ma vertu m'y détermine,</l>
	<l id='339'>Mon cher, rends-moi ce poignard.</l>
</sp>
<sp who='LYNCÉE'><speaker>LYNCÉE.</speaker>
	<l id='340'>Je n'saurais,</l>
	<l id='341'>S'il entrait dans ta poitrine,</l>
	<l id='342'>Tu mourrais.</l>
<stage type="thunder/light">Le tonnerre gronde, les éclairs brillent.</stage>
<stage type="title">Air : À la façon de Barbari.</stage>
	<l id='343'>Mais quel tonnerre, quels éclairs</l>
	<l id='344'>Étonnent la nature !</l>
	<l id='345'>Ces feux qui brillent dans les airs</l>
	<l id='346'>Sont d'un sinistre augure.</l>
</sp>
<sp who="CHOEUR DES FILS D'EGYPTUS"><speaker>CHOEUR DES FILS D'EGYPTUS.</speaker>
	<l id='347'>Quelle funeste trahison,</l>
	<l id='348'>La faridondaine,</l>
	<l id='349'>La faridondon !</l>
	<l id='350'>Dieux, ô dieux ! on nous traite ici</l>
	<l id='351'>Biribi,</l>
	<l id='352'>À la façon de Barbari</l>
	<l id='353'>Mes amis.</l>
</sp>
<sp who='LYNCÉE'><speaker>LYNCÉE.</speaker>
<stage type="title">Air : Joconde.</stage>
	<l id='354'>Quelles voix implorent les dieux !</l>
	<l id='355'>Quels transports sanguinaires !</l>
	<l id='356'>Je n'en doute plus, dans ces lieux,</l>
	<l id='357'>On égorge mes frères.</l>
	<l id='358'>Secourons-les... dois-je souffrir</l>
	<l id='359'>Leur sanglante défaite...</l>
	<l id='360'>Mais à quoi bon les secourir</l>
	<l id='361'>Lorsque l'affaire est faite ?</l>
<p id='5'>
	<s id='1'>Il vaut autant que je reste ici.</s>
</p>
</sp>
</div2>
<div2 type="scene" n='15'><head>SCÈNE XV. Troupe d'Égyptiens, les susdits.</head>
<sp who="L'ÉGYPTIEN"><speaker>UN ÉGYPTIEN.</speaker>
<stage type="title">Air.</stage>
	<l id='362'>Aux armes, camarades,</l>
	<l id='363'>L'ennemi n'est pas loin.</l>
</sp>
<sp who='LYNCÉE'><speaker>LYNCÉE.</speaker>
	<l id='364'>Courons tous au vin.</l>
</sp>
<sp who="L'ÉGYPTIEN"><speaker>L'ÉGYPTIEN.</speaker>
	<l id='365'>Aux armes, camarades,</l>
	<l id='366'>Mettons tous l'épée à la main.</l>
</sp>
<sp stage="location" who='CHOEUR DES ARGIENS'><speaker>CHOEUR DES ARGIENS, derrière le théâtre.</speaker>
<stage type="title">Air : Je suis un bon soldat.</stage>
	<l id='367'>Portons dans le combat,</l>
	<l id='368'>Titata,</l>
	<l id='369'>L'horreur et le carnage.</l>
	<l id='370'>Que Lyncée abattu</l>
	<l id='371'>Tututu,</l>
	<l id='372'>Cède à notre courage.</l>
</sp>
<sp who='LYNCÉE'><speaker>LYNCÉE.</speaker>
<p id='1'>
	<s id='1'>Comment morbleu ! </s>
	<s id='2'>On parle de moi. </s>
	<s id='3'>Ah ! </s>
	<s id='4'>Chien de beau-père, vous faites donc des vôtres ! </s>
	<s id='5'>Tout à l'heure nous allons voir beau jeu : mes amis commencez toujours.</s>
</p>
</sp>
<sp who='HYPERMNESTRE'><speaker>HYPERMNESTRE.</speaker>
<p id='2'>
	<s id='1'>Où allez-vous donc, mon cher époux ?</s>
</p>
</sp>
<sp who='LYNCÉE'><speaker>LYNCÉE.</speaker>
<p id='3'>
	<s id='1'>Je vais boire un coup.</s>
</p>
<stage type="exit/noise/entrance">Lyncée sort. On sonne la charge, le combat se fait entre les Égyptiens et les Argiens. À la fin, Lyncée arrive avec un grand bâton et les repousse.</stage>
</sp>
</div2>
<div2 type="scene" n='16'><head>SCÈNE XVI.</head>
<sp stage="alone" who='HYPERMNESTRE'><speaker>HYPERMNESTRE, seule.</speaker>
<stage type="title">Air : Flon, flon.</stage>
	<l id='373'>Quelle horreur ! Quel tapage !</l>
	<l id='374'>Où porter mes regards !</l>
	<l id='375'>Le sang dans ce carnage</l>
	<l id='376'>Coule de toutes parts.</l>
<stage type="title">Air : Un Cavalier d'une riche encolure.</stage>
	<l id='377'>Mais quel spectacle à mes yeux se découvre ?</l>
	<l id='378'>La terre s'entrouvre,</l>
	<l id='379'>Je vois des enfers</l>
	<l id='380'>Les supplices divers.</l>
<stage type="title">Air : Ne craignez rien, l'Hymen est votre asile.</stage>
	<l id='381'>Je vois mes soeurs sur l'infernale rive...</l>
	<l id='382'>Quel est le but de leurs soins empressés ?</l>
	<l id='383'>Elles voudraient d'une onde fugitive</l>
	<l id='384'>Fixer le cours dans des tonneaux percés.</l>
<stage type="title">Air : Je ne suis né ni roi, ni prince.</stage>
	<l id='385'>Non, vos mains sont trop criminelles,</l>
	<l id='386'>Des dieux, n'espérez pas, cruelles,</l>
	<l id='387'>Apaiser le juste courroux.</l>
	<l id='388'>Vous puisez vainement, perfides,</l>
	<l id='389'>Vous avez tué vos époux,</l>
	<l id='390'>Vos tonneaux seront toujours vides.</l>
</sp>
</div2>
<div2 type="scene" n='17'><head>SCÈNE XVII. Lyncée victorieux, Hypermnestre.</head>
<sp who='LYNCÉE'><speaker>LYNCÉE.</speaker>
<stage type="title">Air : Il faut quand l'Amour nous presse.</stage>
	<l id='391'>Décampons avec vitesse,</l>
	<l id='392'>Suivez-moi, mon petit coeur.</l>
	<l id='393'>Du combat je reviens vainqueur :</l>
	<l id='394'>Belle Princesse,</l>
	<l id='395'>Ma foi l'on a bien du bonheur</l>
	<l id='396'>Quand on adresse.</l>
<stage type="watch/help">Il aperçoit Danaüs soutenu par deux gardes.</stage>
<p id='1'>
	<s id='1'>Mais que vois-je ! </s>
	<s id='2'>Vous verrez que j'aurais tué le beau-père.</s>
</p>
</sp>
</div2>
<div2 type="scene" n='18'><head>SCÈNE XVIII. Danaüs soutenu par des gardes, Hypermnestre, Lyncée.</head>
<sp who='HYPERMNESTRE'><speaker>HYPERMNESTRE.</speaker>
<stage type="title">Fin de l'air : Réjouissez-vous bons Français.</stage>
	<l id='397'>Grands dieux ! quel horrible spectacle !</l>
	<l id='398'>Ta main vient d'accomplir l'oracle.</l>
</sp>
<sp who='DANAÜS'><speaker>DANAÜS.</speaker>
<stage type="title">Air : Colin va t'en dire à Nanon.</stage>
	<l id='399'>Non, fille perfide, c'est toi</l>
	<l id='400'>Qui trahis ton père et ton Roi</l>
	<l id='401'>Pour l'amour de ce misérable.</l>
	<l id='402'>Je voudrais pouvoir avec moi</l>
	<l id='403'>Tous deux vous entraîner au diable.</l>
</sp>
<sp who='LYNCÉE'><speaker>LYNCÉE.</speaker>
<p id='1'>
	<s id='1'>Allez-y toujours devant, mon cher papa.</s>
</p>
<stage type="title">Air : Et zeste, zeste, zeste</stage>
	<l id='404'>Grands dieux, quelle fureur !</l>
</sp>
<sp who='DANAÜS'><speaker>DANAÜS.</speaker>
	<l id='405'>Vite que l'on m'emporte.</l>
</sp>
<sp who='LYNCÉE'><speaker>LYNCÉE.</speaker>
	<l id='406'>La rage le transporte.</l>
</sp>
<sp who='HYPERMNESTRE'><speaker>HYPERMNESTRE.</speaker>
	<l id='407'>Il expire, Seigneur...</l>
	<l id='408'>Ô ciel quel coup funeste !</l>
	<l id='409'>Il ne faut pas quitter le Roi.</l>
</sp>
<sp who='LYNCÉE'><speaker>LYNCÉE.</speaker>
	<l id='410'>Et zeste, zeste, zeste,</l>
	<l id='411'>Puisqu'il est défunt, croyez-moi,</l>
	<l id='412'>Songeons au reste.</l>
</sp>
</div2>
</div1>
</body>
</text>
</TEI>