<?xml version="1.0" encoding='utf-8'?>
<TEI xml:lang="fr">
<teiHeader>
	<fileDesc>
		<titleStmt>
			<title>LES COMÉDIENS ESCLAVES, PROLOGUE</title>
			<author type="texte" ISNI="0000 0000 7975 178X">Pierre-François BIANCOLELLI (1680-1734)</author>
			<author type="texte" ISNI="0000 0001 1585 7945">Luigi RICCOBONI (1676-1753)</author>
			<author type="texte" ISNI="0000 0001 2119 3196">Jean-Antoine ROMAGNESI (1690-1742)</author>
		</titleStmt>
		<publicationStmt>	
			<editor>Texte établi par Paul FIEVRE, août 2020.</editor>
			<publisher>Publié par Paul FIEVRE, septembre 2020.</publisher>
			<idno>BIANCOLLELLI-RICCOBONI-ROMAGNESI_COMEDIENSESCLAVES</idno>
			<rights>Creative Commons BY-NC-SA</rights>
		</publicationStmt>
		<SourceDesc>
				<genre>Prologue</genre>
				<inspiration>moeurs</inspiration>
				<structure>Un acte</structure>
				<type>prose</type>
				<periode>1721-1730</periode>
				<taille>(mesure non pertinente) </taille>
				<permalien></permalien>
		</SourceDesc>
	</fileDesc>
	</teiHeader>
<text>
	<front>
		<docTitle>
			<titlePart type='main'>LES COMÉDIENS ESCLAVES</titlePart>
			<titlePart type='sub'>PROLOGUE</titlePart>
			<titlePart type='sub'>Représenté pour la première fois par les Comédiens Italiens le 10 août 1726..</titlePart>
		</docTitle> 
		<docDate value='1726'>M. DCC. XXVI. Avec Approbation et Privilège du Roi.</docDate>
		<docAuthor id='LELIO, DOMINIQUE, ROMAGNESI' bio='biancolelli'>Par Messieurs LELIO fils, DOMINIQUE et ROMAGNESI.</docAuthor>
		<docImprint>
				<printer id='BRISSON'>À PARIS, Chez BRIASSON, rue saint Jacques, à la science.</printer>
		</docImprint>
		<performance>
			<premiere date='1726-08-10' location="Hôtel de Bourgogne">Représentée pour la première fois sur le théâtre de l'Hôtel de Bourgogne, par les Comédiens italiens ordinaires du Roi, le 10 août 1726.</premiere>
		</performance>
		<castList><head>ACTEURS </head>
			<castItem><role id="ACMET" sex="1" type="H" statut='aristocrate' age='A' stat_amour='néant'>ACMET</role>.</castItem>
			<castItem><role id="HALI" sex="1" type="H" statut='serviteur' age='A' stat_amour='néant'>HALI</role>.</castItem>
			<castItem><role id="ARLEQUIN" sex="1" type="H" statut='comédien' age='A' stat_amour='néant'>ARLEQUIN</role>.</castItem>
			<castItem><role id="PANTALON" sex="1" type="H" statut='comédien' age='A' stat_amour='néant'>PANTALON</role>.</castItem>
			<castItem><role id="LE DOCTEUR" sex="1" type="H" statut='comédien' age='A' stat_amour='néant'>LE DOCTEUR</role>.</castItem>
			<castItem><role id="SCARAMOUCHE" sex="1" type="H" statut='comédien' age='A' stat_amour='néant'>SCARAMOUCHE</role>.</castItem>
			<castItem><role id="MEZETTIN" sex="1" type="H" statut='comédien' age='A' stat_amour='néant'>MEZETTIN</role>.</castItem>
			<castItem><role id="LE ROI" sex="1" type="H" statut='roi' age='A' stat_amour='néant'>LE ROI</role>.</castItem>
			<castItem><role id="SUITE" sex="9" type="H" statut='suite' age='A' stat_amour='néant'>SUITE</role>.</castItem>
		</castList>
		<set location="(Lieu indéterminé)" country='Maroc' periode='XVIIIème' gps="(N/A)">La scène est dans le Palais du Roi.</set>
	</front>
<body>
<div1 type="acte" n="1"><head>LES COMÉDIENS ESCLAVES.</head>
<div2 type="scene" n="1"><head>SCÈNE PREMIÈRE. Acmet, Hali.</head>
<sp who="ACMET"><speaker>ACMET.</speaker>
<note type="L">Cochenille ; Insecte hémiptère, famille des gallinsectes, vivant sur le nopal et fournissant le principe colorant avec lequel on fabrique les plus belles teintures écarlates. [L]</note>
<p id="1">
	<s id="1">Par Mahomet nous avons fait une prise singulière ; il en faudrait bien de pareille pour nous enrichir. </s>
	<s id="2">Je croyais quand j'ai vu ces grands coffres si bien ferrés, qu'ils étaient pleins de poudre d'or ou de cochenille ; et je ne me serais jamais imaginé qu'ils ne renfermassent que des cordes, que des poulies, et des morceaux de toile très mal peinte.</s>
</p>
</sp>
</div2>
<div2 type="scene" n="2"><head>SCÈNE II. Les Comédiens, Acmet, Arlequin.</head>
<sp who="ARLEQUIN"><speaker>ARLEQUIN.</speaker>
<p id="1">
	<s id="1">Le diable vous emporte, maudits Marocains, je voudrais bien savoir Messieurs les marabouts, pourquoi vous nous ôtez nos habits de voyage, et faites mettre ceux-ci ?</s>
</p>
</sp>
<sp who="ACMET"><speaker>ACMET.</speaker>
<p id="2">
	<s id="1">Pour me réjouir ; je vous demande plutôt pourquoi ces habits étaient dans vos coffres ? </s>
	<s id="2">À quel usage vous servaient-ils ! </s>
	<s id="3">Le plaisant équipage ! </s>
	<s id="4">Quelle figure ! </s>
	<s id="5">Si c'est avec ces marchandises que vous négociez dans votre pays, on y fait un drôle de commerce.</s>
</p>
</sp>
<sp who="PANTALON"><speaker>PANTALON.</speaker>
<p id="3">
	<s id="1">si vous connaissiez la propriété de ces habits, vous ne vous moqueriez pas tant d'eux, Messieurs les Turcs ; et c'est avec cela que nous avons gagné beaucoup d'argent à Paris.</s>
</p>
</sp>
<sp who="ACMET"><speaker>ACMET.</speaker>
<p id="4">
	<s id="1">Beaucoup d'argent ; nous ne vous en avons point trouvé.</s>
</p>
</sp>
<sp who="ARLEQUIN"><speaker>ARLEQUIN.</speaker>
<p id="5">
	<s id="1">C'est que nous avons pris des lettres_de_change.</s>
</p>
</sp>
<sp who="ACMET"><speaker>ACMET.</speaker>
<p id="6">
	<s id="1">Des lettres_de_change ? </s>
	<s id="2">Où sont-elles ?</s>
</p>
</sp>
<sp who="ARLEQUIN"><speaker>ARLEQUIN.</speaker>
<p id="6">
	<s id="1">Nous avons été obligés de les jeter en mer pour soulager le vaisseau dans la tempête.</s>
</p>
</sp>
<sp who="ACMET"><speaker>ACMET.</speaker>
<p id="7">
	<s id="1">Vous avez très mal fait ; n'y pouviez vous pas jeter autre chose ?</s>
</p>
</sp>
<sp who="ARLEQUIN"><speaker>ARLEQUIN.</speaker>
<p id="8">
	<s id="1">Hélas ! </s>
	<s id="2">Il ne ne nous restait que nos femmes et les habits que vous nous voyez, et on n'ose se défaire de ces meubles là qu'à la dernière extrémité. </s>
	<s id="3">À propos, que sont-elles devenues nos pauvres femmes ?</s>
</p>
</sp>
<sp who="ACMET"><speaker>ACMET.</speaker>
<p id="9">
	<s id="1">Ne craignez rien, elles sont en sûreté ; mes compagnons les gardent, elles n'échapperont pas.</s>
</p>
</sp>
<sp who="ARLEQUIN"><speaker>ARLEQUIN.</speaker>
<p id="10">
	<s id="1">Que je les plains ! </s>
	<s id="2">Elles vont être vendues indubitablement, nous serons séparés d'elles pour jamais.</s>
</p>
</sp>
<sp who="ACMET"><speaker>ACMET.</speaker>
<p id="11">
	<s id="1">Ne vous affligez point, la coutume du pays est avantageuse aux captifs mariés.</s>
</p>
</sp>
<sp who="ARLEQUIN"><speaker>ARLEQUIN.</speaker>
<p id="12">
	<s id="1">Comment donc ?</s>
</p>
</sp>
<sp who="ACMET"><speaker>ACMET.</speaker>
<p id="13">
	<s id="1">Ils ont la consolation d'être enfermés avec leurs femmes, et ils ne se quittent point jusqu'à ce qu'ils aient payé leur rançon.</s>
</p>
</sp>
<sp who="ARLEQUIN"><speaker>ARLEQUIN.</speaker>
<p id="14">
	<s id="1">Quoi ! </s>
	<s id="2">Ils sont toujours ensemble ?</s>
</p>
</sp>
<sp who="ACMET"><speaker>ACMET.</speaker>
<p id="15">
	<s id="1">Depuis le matin jusqu'au soir.</s>
</p>
</sp>
<sp who="ARLEQUIN"><speaker>ARLEQUIN.</speaker>
<p id="16">
	<s id="1">Cela est fort consolant.</s>
</p>
</sp>
<sp who="PANTALON"><speaker>PANTALON.</speaker>
<p id="17">
	<s id="1">Heureusement pour moi j'ai laissé la mienne à Paris.</s>
</p>
</sp>
<sp who="LE DOCTEUR"><speaker>LE DOCTEUR.</speaker>
<p id="18">
	<s id="1">Qu'allons-nous devenir, mes chers camarades ?</s>
</p>
</sp>
<sp who="SCARAMOUCHE"><speaker>SCARAMOUCHE.</speaker>
<p id="19">
	<s id="1">Si j'avais prévu le malheur qui m'arrive, je n'aurais pas quitté Paris...</s>
</p>
</sp>
<sp who="LE DOCTEUR"><speaker>LE DOCTEUR.</speaker>
<p id="20">
	<s id="1">Dites-moi, Monsieur Mahomet, votre Roi est-il un peu affable aux étrangers ?</s>
</p>
</sp>
<sp who="ACMET"><speaker>ACMET.</speaker>
<p id="21">
	<s id="1">Il a de très bons moments, et je souhaite que vous soyez assez heureux pour le trouver dans son humeur badine.</s>
</p>
</sp>
<sp who="SCARAMOUCHE"><speaker>SCARAMOUCHE.</speaker>
<p id="22">
	<s id="1">Quoi, il aime donc à rire et à se réjouir ?</s>
</p>
</sp>
<sp who="ACMET"><speaker>ACMET.</speaker>
<p id="23">
	<s id="1">N'en doutez point.</s>
</p>
</sp>
<sp who="ARLEQUIN"><speaker>ARLEQUIN.</speaker>
<p id="24">
	<s id="1">Bon, voilà ce qu'il nous faut.</s>
</p>
</sp>
<sp who="ACMET"><speaker>ACMET.</speaker>
<p id="25">
	<s id="1">Je suis sûr même que vos figures lui inspireront de la gaieté.</s>
</p>
</sp>
<sp who="ARLEQUIN"><speaker>ARLEQUIN.</speaker>
<p id="26">
	<s id="1">Quel divertissement prend-il ordinairement.</s>
</p>
</sp>
<sp who="ACMET"><speaker>ACMET.</speaker>
<p id="27">
	<s id="1">Il en prend de plusieurs genres ; mais Celui qui le flatte le plus, c'est de voir donner la bastonnade.</s>
</p>
</sp>
<sp who="PANTALON"><speaker>PANTALON.</speaker>
<p id="28">
	<s id="1">Comment, la bastonnade ?</s>
</p>
</sp>
<sp who="ACMET"><speaker>ACMET.</speaker>
<p id="29">
	<s id="1">Oui ; cela l'amuse.</s>
</p>
</sp>
<sp who="ARLEQUIN"><speaker>ARLEQUIN.</speaker>
<p id="30">
	<s id="">Quel chien d'amusement !</s>
</p>
</sp>
<sp who="ACMET"><speaker>ACMET.</speaker>
<p id="31">
	<s id="1">Ahi !</s>
</p>
</sp>
<sp who="PANTALON"><speaker>PANTALON.</speaker>
<p id="32">
	<s id="1">Qu'avez-vous donc ? </s>
	<s id="2">Vous soupirez.</s>
</p>
</sp>
<sp who="ACMET"><speaker>ACMET.</speaker>
<p id="33">
	<s id="1">C'est que je suis son sujet, et la Loi m'exclut de contribuer a divertissement du Roi.</s>
</p>
</sp>
<sp who="ARLEQUIN"><speaker>ARLEQUIN.</speaker>
<p id="34">
	<s id="1">Consolez-vous, vous ne faites pas une grande perte.</s>
</p>
</sp>
<sp who="ACMET"><speaker>ACMET.</speaker>
<p id="35">
	<s id="1">Comment, c'est un honneur particulier. </s>
	<s id="2">N'est il pas bien fâcheux pour nous d'en voir les étrangers revêtis, et que s'il y a quelques coups de bâtons, c'est sur eux qu'ils tombent ?</s>
</p>
</sp>
<sp who="SCARAMOUCHE"><speaker>SCARAMOUCHE.</speaker>
<p id="36">
	<s id="1">Sur les étrangers ?</s>
</p>
</sp>
<sp who="PANTALON, LE DOCTEUR"><speaker>PANTALON et LE DOCTEUR.</speaker>
<p id="37">
	<s id="1">Miséricorde !</s>
</p>
</sp>
<sp who="ARLEQUIN"><speaker>ARLEQUIN.</speaker>
<p id="38">
	<s id="1">Faisons nous naturaliser.</s>
</p>
</sp>
<sp who="ACMET"><speaker>ACMET.</speaker>
<p id="39">
	<s id="1">Voici le Roi, ce bruit nous l'annonce : comment ! </s>
	<s id="2">J'entends des trompettes ; il faut qu'il soit de mauvaise humeur, je vous plains.</s>
</p>
</sp>
<sp who="ARLEQUIN"><speaker>ARLEQUIN.</speaker>
<p id="40">
	<s id="1">Eh nous sommes perdus ! </s>
	<s id="2">Maudites trompettes !</s>
</p>
</sp>
</div2>
<div2 type="scene" n="3"><head>SCÈNE III. Le Roi, les susdits Acteurs.</head>
<sp who="ACMET"><speaker>ACMET.</speaker>
<p id="1">
	<s id="1">Grand Roi, voilà des voyageurs que nous avons pris sur la côte.</s>
</p>
</sp>
<sp who="LE ROI"><speaker>LE ROI.</speaker>
<p id="2">
	<s id="1">Que l'on m'apporte le sabre qui sert pour les étrangers.</s>
</p>
</sp>
<sp who="ARLEQUIN"><speaker>ARLEQUIN.</speaker>
<p id="3">
	<s id="1">Ah ! </s>
	<s id="2">Pouvretti no ! </s>
	<s id="3">Qu'en veut-il faire ?</s>
</p>
</sp>
<sp who="ACMET"><speaker>ACMET.</speaker>
<p id="4">
	<s id="1">Rassurez-vous, il n'est pas si en colère que je le pensais : il veut agir avec circonspection, quand il est furieux, il coupe la tête aux étrangers avec son propre sabre, et sans cérémonie ; mais il veut vous faire l'honneur de vous traiter dans les règles prescrites par la coutume et la bienséance.</s>
</p>
</sp>
<sp who="PANTALON"><speaker>PANTALON.</speaker>
<p id="5">
	<s id="1">Nous craignions la bastonnade, et nous serions charmés de la recevoir maintenant.</s>
</p>
</sp>
<sp who="ARLEQUIN"><speaker>ARLEQUIN.</speaker>
<p id="6">
	<s id="1">Que pourrions-nous faire pour l'adoucir.</s>
</p>
</sp>
<sp who="ACMET"><speaker>ACMET.</speaker>
<p id="7">
	<s id="1">Il aime la musique, chantez-lui quelque chose de bien tendre.</s>
</p>
</sp>
<sp who="LE ROI"><speaker>LE ROI.</speaker>
<p id="8">
	<s id="1">Qu'on m'apporte le sabre.</s>
</p>
<stage type="sing">Ils chantent tous quatre.</stage>
</sp>
<sp who="ARLEQUIN"><speaker>ARLEQUIN.</speaker>
<p id="9">
	<s id="1">Vous dites qu'il aime la musique, et il résiste à un pareil quatuor ! </s>
	<s id="2">Allons mes amis, ayons recours à nos singeries, peut-être le divertirons-elles.</s>
</p>
<stage type="lazzis">Ils font des lazzis.</stage>
</sp>
<sp who="LE ROI"><speaker>LE ROI.</speaker>
<p id="10">
	<s id="1">Il faut que ce soit des Démons ; alla Bachala. </s>
</p>
<stage type="lazzis">Ils font des lazzis.</stage>
<p id="11">
	<s id="1">Ces gens-là me paraissent bien extraordinaires, je veux les examiner de plus près. </s>
	<s id="2">Qui êtes-vous ?</s>
</p>
</sp>
<sp who="ARLEQUIN"><speaker>ARLEQUIN.</speaker>
<p id="12">
	<s id="1">Nous sommes comédiens.</s>
</p>
</sp>
<sp who="LE ROI"><speaker>LE ROI.</speaker>
<p id="13">
	<s id="1">Comédiens ? </s>
	<s id="2">Je n'ai jamais entendu parler de cette Nation là ; d'où tire-t-elle son
  origine ?</s>
 </p>
</sp>
<sp who="ARLEQUIN"><speaker>ARLEQUIN.</speaker>
<p id="14">
	<s id="1">De la folie des hommes.</s>
</p>
</sp>
<sp who="LE ROI"><speaker>LE ROI.</speaker>
<p id="15">
	<s id="1">Est-elle bien ancienne ?</s>
</p>
</sp>
<sp who="ARLEQUIN"><speaker>ARLEQUIN.</speaker>
<p id="16">
	<s id="1">Autant que le monde, depuis qu'il existe, notre race respire : il est vrai que nos prédécesseurs et nos contemporains même ne se revêtissent point du nom de comédien ; mais cela ne les empêche pas de l'avoir été et de l'être.</s>
</p>
</sp>
<sp who="LE ROI"><speaker>LE ROI.</speaker>
<p id="17">
	<s id="1">Votre état est-il républicain ou monarchique ? </s>
</p>
</sp>
<sp who="ARLEQUIN"><speaker>ARLEQUIN.</speaker>
<note type="L">Cacaphonie : cacophonie, déformation scatologique.</note>
<p id="18">
	<s id="">Ni l'un ni l'autre ; il est cacaphonique.</s>
</p>
</sp>
<sp who="LE ROI"><speaker>LE ROI.</speaker>
<p id="19">
	<s id="">Quelle est ta charge parmi tes compatriotes ?</s>
</p>
</sp>
<sp who="ARLEQUIN"><speaker>ARLEQUIN.</speaker>
<p id="20">
	<s id="">Ma charge est de m'acquitter bien ou mal des commissions qu'on me donne, d'être balourd ou homme d'esprit, de donner des coups de bâton ou d'en recevoir, de tromper les uns pour rendre service aux autres ; d'être amoureux, gourmand, paresseux, ivrogne.</s>
</p>
</sp>
<sp who="LE ROI"><speaker>LE ROI.</speaker>
<p id="21">
	<s id="">Voici un plaisant emploi !</s>
</p>
</sp>
<sp who="ARLEQUIN"><speaker>ARLEQUIN.</speaker>
<p id="22">
	<s id="">Je ne suis pas le seul qui l'exerce.</s>
</p>
</sp>
<sp who="LE ROI"><speaker>LE ROI.</speaker>
<p id="23">
	<s id="">Et toi ?</s>
</p>
</sp>
<sp who="LE DOCTEUR"><speaker>LE DOCTEUR，</speaker>
<p id="24">
	<s id="1">Je suis Docteur en Médecine.</s>
</p>
</sp>
<sp who="LE ROI"><speaker>LE ROI.</speaker>
<p id="25">
	<s id="1">Tu arrives fort à propos pour être mon Médecin, la place est vacante ; il n'y a que deux jours que je fis étrangler le mien pour n'avoir pu m'arrêter un éternuement qui m'incommodait fort.</s>
</p>
</sp>
<sp who="LE DOCTEUR"><speaker>LE DOCTEUR，</speaker>
<p id="26">
	<s id="1">Je suis perdu.</s>
</p>
</sp>
<sp who="LE ROI"><speaker>LE ROI.</speaker>
<p id="27">
	<s id="1">Je crois qu'il me reprend, faisons l'essai de tes talents.</s>
</p>
</sp>
<sp who="LE DOCTEUR"><speaker>LE DOCTEUR，</speaker>
<p id="28">
	<s id="1">Que vais-je devenir, mon cher Arlequin ?</s>
</p>
</sp>
<sp who="ARLEQUIN"><speaker>ARLEQUIN.</speaker>
<p id="29">
	<s id="1">Donnez-lui vite de cette poudre.</s>
</p>
</sp>
<sp who="LE DOCTEUR"><speaker>LE DOCTEUR，</speaker>
<p id="30">
	<s id="1">De quelle poudre est-ce là ?</s>
</p>
</sp>
<sp who="ARLEQUIN"><speaker>ARLEQUIN.</speaker>
<note type="L">Bétoine : Plante de la famille des labiées (betonica officinalis, L.) dont la racine est purgative. [L]</note>
<p id="31">
	<s id="">C'est de la bétoine.</s>
</p>
</sp>
<sp who="LE ROI"><speaker>LE ROI.</speaker>
<p id="32">
	<s id="1">Hé bien, quand me soulageras-tu ?</s>
</p>
</sp>
<sp who="LE DOCTEUR"><speaker>LE DOCTEUR，</speaker>
<p id="33">
	<s id="1">Ah ! </s>
	<s id="2">Sire, je ne suis médecin que de nom, je n'en ai pas la science.</s>
</p>
</sp>
<sp who="LE ROI"><speaker>LE ROI.</speaker>
<p id="34">
	<s id="1">Comment, malheureux, tu n'es médecin que de nom ?</s>
</p>
</sp>
<sp who="ARLEQUIN"><speaker>ARLEQUIN.</speaker>
<p id="35">
	<s id="1">Ne vous fâchez pas, Sire, nous n'en avons point d'autres dans notre nation.</s>
</p>
</sp>
<sp who="LE ROI"><speaker>LE ROI.</speaker>
<p id="36">
	<s id="1">Il me semble pourtant que cela se passe, et je te crois plus habile qu'il ne le dit.</s>
</p>
</sp>
<sp who="LE DOCTEUR"><speaker>LE DOCTEUR，</speaker>
<p id="37">
	<s id="1">Ne croyez point cela, Sire, c'est le hasard.</s>
</p>
</sp>
<sp who="LE ROI"><speaker>LE ROI.</speaker>
<p id="38">
	<s id="">E[t] cette figure-là ?</s>
</p>
</sp>
<sp who="MEZETTIN"><speaker>MEZETTIN.</speaker>
<p id="39">
	<s id="">Sire, vous voyez en moi le fourbe le plus insigne, je vole les avares, je trompe les jaloux ; et malgré toutes leurs précautions, j'introduis les amants aimés dans les maisons les plus inaccessibles.</s>
</p>
</sp>
<sp who="LE ROI"><speaker>LE ROI.</speaker>
<p id="40">
	<s id="1">Oh, oh, je suis bien aise que tu m'avertisse de tes talents : cet homme pénétrerait jusques dans mon sérail, qu'on le mette aux galères.</s>
</p>
</sp>
<sp who="MEZETTIN"><speaker>MEZETTIN.</speaker>
<p id="41">
	<s id="1">Ah ! </s>
	<s id="2">Sire, ce que je vous dit n'est qu'une fiction.</s>
</p>
</sp>
<sp who="ARLEQUIN"><speaker>ARLEQUIN.</speaker>
<p id="42">
	<s id="1">Il faut lui expliquer plus clairement qui nous sommes. </s>
	<s id="2">Sire, comme nous vous avons crû homme d'esprit, nous vous avons jusqu'ici parlé par figure ; vous voyez en nous des gens qui représentent tout, et qui ne sont rien. </s>
	<s id="2">Notre métier est de fronder les défauts des hommes, et de tâcher de les faire rire de leurs propres ridicules ; on appelle cela jouer la Comédie.</s>
</p>
</sp>
<sp who="LE ROI"><speaker>LE ROI.</speaker>
<p id="43">
	<s id="1">Je serais curieux de voir cela.</s>
</p>
</sp>
<sp who="PANTALON"><speaker>PANTALON.</speaker>
<p id="44">
	<s id="">Votre Majesté n'a qu'à ordonner, nous lui donnerons en raccourci une idée des spectacles de Paris.</s>
</p>
</sp>
<sp who="LE ROI"><speaker>LE ROI.</speaker>
<p id="45">
	<s id="">Il y en a donc plusieurs ?</s>
</p>
</sp>
<sp who="ARLEQUIN"><speaker>ARLEQUIN.</speaker>
<p id="46">
	<s id="1">La Comédie Française, l'Italienne, l'Opéra sérieux, l'Opéra comique.</s>
</p>
</sp>
<sp who="LE ROI"><speaker>LE ROI.</speaker>
<p id="47">
	<s id="">Je veux voir tout cela ; mais surtout ne m'ennuyez pas.</s>
</p>
</sp>
<sp who="ARLEQUIN"><speaker>ARLEQUIN.</speaker>
<p id="48">
	<s id="1">Ah ! </s>
	<s id="2">Sire, nous ne vous donnerons point d'Opéra sérieux, ce spectacle n'est point de notre district ; nous représenterons d'abord une petite Comédie qui consiste entièrement dans le jeu Italien. </s>
	<s id="3">Souvenez vous bien, au moins, de ce que je vous dis ; qui consiste entièrement dans le jeu Italien : ensuite une Tragédie Française en un acte, pour ne pas vous ennuyer ; et nous finirons par un Opéra-comique.</s>
</p>
</sp>
<sp who="LE ROI"><speaker>LE ROI.</speaker>
<p id="49">
	<s id="1">Qu'est-ce qu'une Tragédie ?</s>
</p>
</sp>
<sp who="ARLEQUIN"><speaker>ARLEQUIN.</speaker>
<p id="50">
	<s id="1">Diable, c'est ce qu'il y a de plus beau ; on y apostrophe les Dieux, on se met au dessus de la fortune, on y craint peu la mort, on y parle beaucoup de son grand coeur, et l'amour y devient une vertu.</s>
</p>
</sp>
<sp who="LE ROI"><speaker>LE ROI.</speaker>
<p id="51">
	<s id="1">Préparez-vous sur le champ.</s>
</p>
</sp>
<sp who="PANTALON"><speaker>PANTALON.</speaker>
<p id="52">
	<s id="1">Ayez la bonté d'ordonner, Sire, qu'on nous rende nos camarades et notre équipage.</s>
</p>
</sp>
<sp who="LE ROI"><speaker>LE ROI.</speaker>
<p id="53">
	<s id="1">Meraforif poullaf.</s>
</p>
</sp>
<sp who="PANTALON"><speaker>PANTALON.</speaker>
<p id="54">
	<s id="1">De quoi vous êtes vous avisé, de lui promettre une Tragédie Française : comment allons-nous faire ?</s>
</p> 
</sp>
<sp who="ARLEQUIN"><speaker>ARLEQUIN.</speaker>
<note type="C">Ce prologue a été joué avant Arcagambis, tragédie jouée le même jour par la même troupe.</note>
<p id="55">
	<s id="1">N'avons-nous pas cette tragédie en un acte que nous devions jouer à Paris.</s>
</p>	
</sp>
<sp who="SCARAMOUCHE"><speaker>SCARAMOUCHE.</speaker>
<p id="56">
	<s id="1">Mais, c'est une tragédie ridicule.</s>
</p>
</sp>
<sp who="ARLEQUIN"><speaker>ARLEQUIN.</speaker>
<p id="57">
	<s id="1">Bon, il la prendra pour argent comptant. </s>
	<s id="2">Après tout, j'ai vu autant de plaisant dans les véritables tragédies, que dans celles que nous allons jouer.</s>
</p>
</sp>
</div2>
<div2 type="scene" n=""><head>SCÈNE DERNIÈRE. Acmet, etc.</head>
<sp who="ACMET"><speaker>[ACMET].</speaker>
<p id="1">
	<s id="">Venez vous préparer, vos camarades vous attendent ; et le Grand Seigneur vous promet votre liberté si vous le divertissez.</s>
</p>
</sp>
</div2>
</div1>
</body>
</text>
</TEI>