<?xml version="1.0" encoding='utf-8'?>
<TEI xml:lang="fr">
<teiHeader>
	<fileDesc>
		<titleStmt>
			<title>OEDIPE TRAVESTI, COMÉDIE</title>
			<author born='1680' born_location='Paris' death='1734' death_location='Paris' academie=''>BIANCOLELLI, Pierre François</author>
		</titleStmt>
		<publicationStmt>	
			<publisher>publié par Paul FIEVRE, juillet 2015</publisher>
			<idno>BIANCOLLELLI_OEDIPETRAVESTI</idno>
			<rights>Creative Commons BY-NC-SA</rights>
		</publicationStmt>
		<SourceDesc>
				<genre>Parodie</genre>
				<inspiration>moeurs</inspiration><structure>Un acte</structure>
				<type>vers</type>
				<periode>1711-1720</periode>
				<taille>1250-1500</taille>
				<permalien></permalien>
		</SourceDesc>
	</fileDesc>
	</teiHeader>
<text>
	<front>
		<docTitle>
			<titlePart type='main'>OEDIPE TRAVESTI</titlePart>
			<titlePart type='sub'>PARODIE DE LA TRAGÉDIE D'OEDIPE</titlePart>
			<titlePart type='sub'>DE M. DE VOLTAIRE</titlePart>
		</docTitle> 
		<docDate value='1719'>M. DCC. XIX. AVEC PRIVILÈGE DU ROI.</docDate>
		<docAuthor id='BIANCOLELLI, Pierre François' bio='biancolelli'>PAR M. DOMINIQUE, COMÉDIEN DU ROI.</docAuthor>
		<performance>
			<premiere date='1719-04-17' location="Salle de l'Opéra d Lyon">Représentée pour la première fois par les Comédiens italiens ordinaires du Roi, le 17 avril 1719.</premiere>
		</performance>
		<div type="preface"><head>Préface de l'édition de 1889</head>
			<p>L'OEdipe de Voltaire, sa première tragédie, avait été représentée pour la première fois le 18 novembre 1718. La pièce qui se rapprochait davantage de Sophocle que l'OEdipe de Corneille eut un succès des plus vifs, mit Voltaire à la mode, et tout naturellement son oeuvre fut visée par les parodistes, la parodie étant en grande faveur aux Théâtres de la Foire et à la Comédie Italienne. Il ne se produisait pas alors un ouvrage important sans qu'il donnât naissance à trois on quatre parodies. Parfois même la parodie avait plus de succès que la pièce qu'on s'était amusé à travestir. Celle d'OEdipe compte parmi les meilleures.</p>
		</div>
		<castList><head>ACTEURS</head>
			<castItem><role id="COLOMBINE" sex="1" type="H" statut="hôte" age='A' stat_amour='néant'>COLOMBINE</role>, hôtesse du Bourget.</castItem>
			<castItem><role id="CLAUDINE" sex="2" type="H" statut="servante" age='A' stat_amour='néant'>CLAUDINE</role>, servante de Colombine.</castItem>
			<castItem><role id="SCARAMOUCHE" sex="1" type="H" statut="garçon de cabaret" age='A' stat_amour='néant'>SCARAMOUCHE</role>, garçon de cabaret.</castItem>
			<castItem><role id="TRIVELIN" sex="1" type="H" statut="bourgeois" age='A' stat_amour='néant'>TRIVELIN</role>, mari et fils de Colombine.</castItem>
			<castItem><role id="FINEBRETTE" sex="1" type="H" statut="soldat" age='A' stat_amour='néant'>FINEBRETTE</role>, soldat gascon.</castItem>
			<castItem><role id="LE MAGISTER" sex="1" type="H" statut="magister" age='A' stat_amour='néant'>LE MAGISTER du Village</role>.</castItem>
			<castItem><role id="LUCAS" sex="1" type="H" statut="paysan" age='A' stat_amour='néant'>LUCAS</role>, paysan.</castItem>
			<castItem><role id="PAYSANS" sex="1" type="H" statut="paysan" age='A' stat_amour='néant'>PLUSIEURS PAYSANS</role>.</castItem>
			<castItem><role id="SIMOX" sex="1" type="H" statut="bourgeois" age='V' stat_amour='néant'>SIMOX</role>, vieillard.</castItem>
			<castItem><role id="GUILLAUME" sex="1" type="H" statut="cuisinier" age='A' stat_amour='néant'>GUILLAUME</role>, cuisinier de Montmartre.</castItem>
			<castItem><role id="BLAISE" sex="1" type="H" statut="bourgeois" age='A' stat_amour='néant'>BLAISE</role>, ami de Finebrette.</castItem>
		</castList>
		<set location="Le Bourget" country="France" periode="XVIIème" gps="48.936752, 2.425377">La scène est au Bourget.</set>
</front>
<body>
<div1 type="act" n='1'><head></head>
<div2 type="scene" n='1'><head>SCÈNE PREMIÈRE. Finebrette, Blaise.</head>
<sp who='BLAISE'><speaker>BLAISE.</speaker>
	<l id="1">Finebrette au Bourget ! À quoi donc pensiez-vous ?</l>
	<l id="2">Morgue, gardez-vous bien d'habiter parmi nous :</l>
	<l id="3">Ces lieux sont infectés, et j'y mourons par bande :</l>
	<l id="4">Que la témérité de votre pied est grande !</l>
	<l id="5">Du reste des vivants je semblons séparés,</l>
	<l id="6">Et je sommes ici tretous pestiférés :</l>
	<l id="7">La mort a moissonné la moitié du village,</l>
	<l id="8" part="i">Ça, rebroussez chemin...</l>
</sp>
<sp who="FINEBRETTE"><speaker>FINEBRETTE.</speaker>
	<l id="8" part="f">Non : j'ai trop de courage,</l>
	<l id="9">Va, va, j'ai vu la mort de plus près sans effroi ;</l>
	<l id="10">Elle n'ose attaquer un héros tel que moi.</l>
	<l id="11">Je ne crains point les coups de sa faulx meurtrière.</l>
	<l id="12">Pour peu qu'elle voulût terminer ma carrière,</l>
<note type="L">Sandis : Espèce de jurement gascon. Sang, et dis pour Dieu. [L]</note>
	<l id="13">Je la ferais, sandis, reculer de cent pas.</l>
</sp>
<sp who='BLAISE'><speaker>BLAISE.</speaker>
	<l id="14">Croyez-moi, cependant, ne vous y fiez pas.</l>
</sp>
<sp who="FINEBRETTE"><speaker>FINEBRETTE.</speaker>
	<l id="15">De celle affreuse mort la fureur vengeresse,</l>
	<l id="16">A-t-elle respecté les jours de ma maîtresse ?</l>
	<l id="17" part="i">Colombine...</l>
</sp>
<sp who='BLAISE'><speaker>BLAISE.</speaker>
	<l id="17" part="f">Elle vit, je ne sais pas comment...</l>
</sp>
<sp who="FINEBRETTE"><speaker>FINEBRETTE.</speaker>
	<l id="18">Cette femme eut toujours un bon tempérament :</l>
	<l id="19">Mais d'où peut provenir tout ce remue-ménage ?</l>
	<l id="20">Et pourquoi donc la peste est-elle en ce village ?</l>
</sp>
<sp who='BLAISE'><speaker>BLAISE.</speaker>
	<l id="21">Depuis que notre ami Pierrot est trépassé...</l>
</sp>
<sp who="FINEBRETTE"><speaker>FINEBRETTE.</speaker>
<note type="L">Cadedis : Jurement qu'on met habituellement dans la bouche des Gascons. [L]</note>
	<l id="22">Qu'entends-je ! Cadedis ; qui l'eût jamais pensé !</l>
	<l id="23">Pierrot n'est plus au monde ? Ah l'heureuse nouvelle !</l>
	<l id="24">Sa femme est veuve, hé bien je m'unis avec elle.</l>
	<l id="25">Dans mon coeur se réveille un espoir décevant...</l>
	<l id="26">Elle oubliera bientôt le mort pour le vivant.</l>
	<l id="27">Mais pourquoi le défunt n'est-il donc plus en vie ?</l>
</sp>
<sp who="BLAISE"><speaker>BLAISE.</speaker>
	<l id="28">Depuis plus de quatre ans une main ennemie,</l>
	<l id="29">Lui fil en un moment perdre le goût du pain.</l>
	<l id="30" part="i">Il fut assassiné.</l>
</sp>
<sp who="FINEBRETTE"><speaker>FINEBRETTE.</speaker>
	<l id="30" part="f">Le trait est inhumain !</l>
	<l id="31">Mais la perte pourtant n'est pas irréparable.</l>
	<l id="32">Je veux bien l'avouer, Pierrot était bon diable ;</l>
	<l id="33">Mais quel rang tenait-il ? Il était gargotier ;</l>
	<l id="34">Quant à moi je suis noble, et de plus, bon guerrier ;</l>
	<l id="35">La Déesse à cent voix, de mes exploits charmée,</l>
	<l id="36">Les a tant publiés, qu'elle en est enrhumée.</l>
	<l id="37">Blaise, de mon ardeur je te ferai l'aveu,</l>
	<l id="38">L'absence ni le temps n'ont point éteint mon feu :</l>
	<l id="39">Mars n'a pu triompher de ma flamme fidèle,</l>
	<l id="40">Pour Colombine, ami, j'en al toujours dans l'aile.</l>
	<l id="41">Dès nos plus jeunes ans nous nous aimions tous deux,</l>
	<l id="42">Et nous jouions ensemble à mille petits jeux.</l>
	<l id="43">Ah ! Qu'elle était alors sémillante, badine !</l>
	<l id="44">Et cependant malgré sa jeunesse enfantine,</l>
	<l id="45">Elle aimait le solide, et déjà l'on voyait</l>
	<l id="46">Que la condition de fille l'ennuyait.</l>
	<l id="47">J'admirais en secret son penchant pour la noce ;</l>
	<l id="48">Dès ce temps elle était une femme précoce.</l>
	<l id="49">Pierrot fut son époux, pour mes feux quel échec !</l>
	<l id="50">Le drôle me passa la plume par le bec.</l>
	<l id="51">Je m'enrôlai d'abord, et partis pour la Flandre ;</l>
	<l id="52">Mais de l'aimer toujours je n'ai pu me défendre.</l>
	<l id="53">Pour ravir cette gloire à l'enfant de Cypris,</l>
	<l id="54">J'ai rendu de mes faits tout l'univers surpris ;</l>
	<l id="55">De lauriers immortels j'ai vu ceindre ma tête.</l>
	<l id="56">Il est bien juste, après mainte et mainte conquête,</l>
	<l id="57">Que Colombine ici me couronne à son tour,</l>
	<l id="58">Et que l'hymen succède à mon parfait amour ;</l>
	<l id="59">J'ai fait loin de ses yeux d'assez rudes épreuves.</l>
</sp>
<sp who="BLAISE"><speaker>BLAISE.</speaker>
	<l id="60">Vous n'êtes pas de taille à consoler les veuves,</l>
	<l id="61">Vous occuperiez mal la place de Pierrot :</l>
	<l id="62" part="i">Vous êtes trop duel.</l>
</sp>
<sp who="FINEBRETTE"><speaker>FINEBRETTE.</speaker>
	<l id="62" part="f">Me prends-tu pour un sol ?</l>
</sp>
<sp who="BLAISE"><speaker>BLAISE.</speaker>
	<l id="63">Attendez que du moins la place soit vacante.</l>
</sp>
<sp who="FINEBRETTE"><speaker>FINEBRETTE.</speaker>
	<l id="64" part="i">Blaise, que me dis-tu ?</l>
</sp>
<sp who="BLAISE"><speaker>BLAISE.</speaker>
	<l id="64" part="f">Quoi le diable vous tente ?...</l>
	<l id="65">Feriez-vous cet affront à son second mari ?</l>
	<l id="66">Trivelin de sa femme est tendrement chéri,</l>
	<l id="67">Et vous ne pouvez pas en bonne conscience,</l>
	<l id="68">De son lit, lui vivant, avoir la survivance.</l>
</sp>
<sp who="FINEBRETTE"><speaker>FINEBRETTE.</speaker>
	<l id="69">Je ne puis revenir de mon étonnement !</l>
	<l id="70">Je ne le cèle point, ce coup est assommant,</l>
	<l id="71">Je n'aurais jamais pu former cette pensée...</l>
	<l id="72">De ses nécessités, la veuve était pressée.</l>
	<l id="73">Réfléchissons un peu, sans nous mettre en courroux :</l>
	<l id="74">La mort la délivra de son premier époux,</l>
	<l id="75">Sans doute du second elle en fera de même :</l>
	<l id="76">Il faut patienter, je serai son troisième.</l>
</sp>
<sp who="BLAISE"><speaker>BLAISE.</speaker>
	<l id="77">Oui vous l'épouserez, vous devez l'espérer,</l>
	<l id="78">Peut-être pourra-t-elle aussi vous enterrer.</l>
<stage type="exit">Ils sortent.</stage>
</sp>
</div2>
<div2 type="scene" n='2'><head>SCÈNE II. Colombine, Scaramouche, Claudine.</head>
<sp who='SCARAMOUCHE'><speaker>SCARAMOUCHE.</speaker>
	<l id="79">Oui, tous nos paysans accusent Finebrette,</l>
	<l id="80">Madame, il est l'objet d'une haine secrète ;</l>
	<l id="81">Le peuple furieux, animé de courroux,</l>
	<l id="82">Assure que Pierrot expira sous ses coups.</l>
	<l id="83">Son retour à nos maux donnera quelque trêve,</l>
	<l id="84">Et va faire cesser la peste qui nous crève.</l>
	<l id="85">Car depuis le trépas de notre ami Pierrot,</l>
	<l id="86">Tous les malheurs ici s'avancent au grand trot :</l>
	<l id="87">Nos moutons sont galeux ; la campagne stérile,</l>
	<l id="88">Nous prive tous les ans de son secours utile ;</l>
<note type="L">Roussin :  Cheval entier un peu épais et entre deux tailles. Être monté sur un roussin. [L]</note>
	<l id="89">Et dans tout le Bourget, il n'est point de roussin,</l>
<note type="L">Farcin : Terme de vétérinaire. Affection chronique et souvent contagieuse qui attaque les chevaux, les mulets, et qui consiste en une inflammation, suivie de ramollissement, des ganglions et vaisseaux lymphatiques. [L]</note>
	<l id="90">Qui ne soit attaqué d'un dangereux farcin ;</l>
	<l id="91">Les garçons n'osent plus aller jouer aux quilles,</l>
	<l id="92">Et la jaunisse enfin gâte toutes nos filles.</l>
</sp>
<sp who='COLOMBINE'><speaker>COLOMBINE.</speaker>
	<l id="93">Qu'ai-je entendu, grands Dieux ? On peut le soupçonner !</l>
	<l id="94">Une telle injustice a lieu de m'étonner,</l>
	<l id="95" part="i">Claudine, se peut-il...</l>
</sp>
<sp who='CLAUDINE'><speaker>CLAUDINE.</speaker>
	<l id="95" part="f">Ma surprise est extrême.</l>
</sp>
<sp who='COLOMBINE'><speaker>COLOMBINE.</speaker>
	<l id="96" part="i">Finebrette, dit-on...</l>
</sp>
<sp who='SCARAMOUCHE'><speaker>SCARAMOUCHE.</speaker>
	<l id="96" part="f">Oui, Madame, lui-même ;</l>
	<l id="97">Tout franc, je ne crois pas qu'on puisse s'abuser.</l>
	<l id="98">Et quel autre en effet pourrait-on accuser.</l>
	<l id="99">On sait que le gaillard vous a compté fleurette,</l>
	<l id="100">Que vous alliez souvent ensemble à ta guinguette,</l>
	<l id="101">Et que votre mari jaloux avec raison,</l>
	<l id="102">Craignait de votre part un peu de trahison...</l>
</sp>
<sp who='COLOMBINE'><speaker>COLOMBINE.</speaker>
	<l id="103">Scaramouche, cessez de tenir ce langage,</l>
	<l id="104">Vous en avez menti, vous et tout le village,</l>
	<l id="105" part="i">Sortez.</l>
</sp>
</div2>
<div2 type="scene" n='3'><head>SCÈNE III. Colombine, Claudine.</head>
<sp who='COLOMBINE'><speaker>COLOMBINE.</speaker>
	<l id="105" part="f">De l'accuser on peut avoir le front ?</l>
	<l id="106">À sa vertu, c'est faire un trop cruel affront.</l>
</sp>
<sp who="CLAUDINE"><speaker>CLAUDINE.</speaker>
	<l id="107" part="i">Que je vous plains, Madame !</l>
</sp>
<sp who='COLOMBINE'><speaker>COLOMBINE.</speaker>
	<l id="107" part="f">Ah ma chère Claudine !</l>
	<l id="108">Cet injuste soupçon désole Colombine :</l>
	<l id="109">Finebrette accusé ! Peut-on l'imaginer ?</l>
</sp>
<sp who="CLAUDINE"><speaker>CLAUDINE.</speaker>
	<l id="110">On a quelques raisons, et pour le condamner.</l>
</sp>
<sp who='COLOMBINE'><speaker>COLOMBINE.</speaker>
	<l id="111">Lui, qu'un assassinat ail pu souiller son âme !</l>
	<l id="112">Des lâches scélérats c'est le partage infâme.</l>
	<l id="113">Non, il n'a point commis cette indigne action,</l>
	<l id="114">Car il est tout ensemble honnête homme et Gascon,</l>
	<l id="115">Apprends que ces soupçons irritent ma colère,</l>
	<l id="116">Et qu'il est vertueux puisqu'il m'avait su plaire.</l>
</sp>
<sp who="CLAUDINE"><speaker>CLAUDINE.</speaker>
	<l id="117">Finebrette longtemps vous a fait les yeux doux,</l>
	<l id="118">Pourquoi donc n'est-il pas devenu votre époux ?</l>
</sp>
<sp who='COLOMBINE'><speaker>COLOMBINE.</speaker>
	<l id="119">Nous brûlâmes tous deux d'une inutile flamme ;</l>
	<l id="120">Et malgré tout le feu qui dévorait son âme,</l>
	<l id="121">Il ne put obtenir l'aveu de mes parents,</l>
	<l id="122">Des désirs d'une fille indomptables tyrans.</l>
	<l id="123">Mon père qui voyait Pierrot dans l'abondance,</l>
	<l id="124">Sur l'autre lui donna d'abord la préférence.</l>
	<l id="125">Il fallut oublier, dans ses embrassements,</l>
	<l id="126">Et mes premiers amours, et mes premiers serments.</l>
	<l id="127">Finebrette se fit soldat dans la milice.</l>
	<l id="128">Il partit ; cet hymen pour lui fut un supplice.</l>
	<l id="129">Depuis ce temps fatal, ce généreux Gascon,</l>
	<l id="130">Par ses exploits guerriers s'est acquis un grand nom :</l>
<note type="L">Gazette : Écrit périodique contenant les nouvelles politiques, littéraires, etc. dit aujourd'hui plus habituellement journal. [L]</note>
	<l id="131">On vante son courage, et même la gazette</l>
	<l id="132">A parlé plusieurs fois du vaillant Finebrette.</l>
</sp>
<sp who="CLAUDINE"><speaker>CLAUDINE.</speaker>
	<l id="133">Après avoir perdu votre premier époux,</l>
	<l id="134">Puisqu'il vous plaisait tant, que ne l'épousiez-vous ?</l>
</sp>
<sp who='COLOMBINE'><speaker>COLOMBINE.</speaker>
	<l id="135">Un gros loup furieux désolait le village,</l>
	<l id="136">Nul n'osait contre lui signaler son courage ;</l>
	<l id="137">Le brave Trivelin, sans craindre le danger,</l>
	<l id="138">De ce fier animal s'offrit à nous venger ;</l>
	<l id="139">Ce héros exigea pour prix de sa vaillance,</l>
	<l id="140">Qu'une femme du lieu devint sa récompense,</l>
	<l id="141">Qu'à la plus opulente il pût donner la main :</l>
	<l id="142">Tu sais bien que le choix ne fut pas incertain,</l>
	<l id="143">Pour l'intérêt commun il fallut y souscrire ;</l>
	<l id="144">Finebrette pour lors sur moi n'eut plus d'empire :</l>
	<l id="145">Trivelin triomphant obtint d'abord ma foi,</l>
	<l id="146">Et le vainqueur d'un loup était digne de moi.</l>
</sp>
<sp who="CLAUDINE"><speaker>CLAUDINE.</speaker>
	<l id="147">Ah ! Madone, en ces lieux Finebrette s'avance.</l>
</sp>
<sp who='COLOMBINE'><speaker>COLOMBINE.</speaker>
	<l id="148">Je crains de succomber, évitons sa présence.</l>
</sp>
</div2>
<div2 type="scene" n='4'><head>SCÈNE IV. Finebrette, Colombine, Claudine.</head>
<sp who="FINEBRETTE"><speaker>FINEBRETTE.</speaker>
	<l id="149">Hé donc, vous me fuyez ! Quoi, vous fais-je trembler ?</l>
	<l id="150">Osez me voir, osez m'entendre, et me parler.</l>
	<l id="151">Je ne viens point ici vous chanter votre gamme.</l>
	<l id="152">Puisqu'enfin je n'ai pu vous obtenir pour femme,</l>
	<l id="153">J'en suis tout consolé, que faire à tout cela ?</l>
	<l id="154">Se pendre ? Bagatelle, il en faut rester là :</l>
	<l id="155">Vous n'étiez point du tout faite pour le veuvage.</l>
	<l id="156">Hé bien, ma chère enfant, comment va le ménage ?</l>
	<l id="157">Ce Trivelin a-t-il de l'esprit, du bon sens ?</l>
	<l id="158">En êtes-vous contente, ayez-vous des enfants ?</l>
</sp>
<sp who='COLOMBINE'><speaker>COLOMBINE.</speaker>
	<l id="159" part="i">Oui, seigneur.</l>
</sp>
<sp who="FINEBRETTE"><speaker>FINEBRETTE.</speaker>
	<l id="159" part="f">Cadedis, que vous êtes féconde !</l>
	<l id="160">J'en suis charmé ; pour moi, j'ai trimé par le monde,</l>
	<l id="161">J'ai fait plus d'une fois trembler mes ennemis ;</l>
	<l id="162">Tel que vous me voyez, j'ai vu bien du pays :</l>
	<l id="163">Hé mais, vous n'en avez pas mal vu, ma charmante,</l>
	<l id="164">Deux maris ! Cadédis, vous êtes prévoyante.</l>
	<l id="165">Je ne vous blâme pas, chacun sent son besoin.</l>
	<l id="166">Ma belle, cependant, si je n'eusse été loin,</l>
	<l id="167">Quand ici ce gros loup faisait le diable à quatre,</l>
	<l id="168">Contre cet animal vous m'auriez vu combattre :</l>
	<l id="169">Par moi facilement il eût été dompté,</l>
	<l id="170">Et moi-même à vos pieds je l'aurais apporté.</l>
	<l id="171">Trivelin plus heureux triompha de la bête,</l>
	<l id="172">Et fort mal à propos me ravit ma conquête.</l>
</sp>
<sp who="COLOMBINE"><speaker>COLOMBINE.</speaker>
	<l id="173">Oubliez ce qui peut encor vous chagriner.</l>
	<l id="174">On forme un grand soupçon qui va vous étonner,</l>
	<l id="175">Du meurtre de Pierrot, le village en furie,</l>
	<l id="176" part="i">Vous accuse, et soutient...</l>
</sp>
<sp who="FINEBRETTE"><speaker>FINEBRETTE.</speaker>
	<l id="176" part="f">Vous vous moquez, ma mie,</l>
	<l id="177">Qui, moi, de tels forfaits ? Moi, des assassinats ?</l>
	<l id="178">Et que de votre époux... vous ne le croyez pas.</l>
</sp>
<sp who="COLOMBINE"><speaker>COLOMBINE.</speaker>
	<l id="179">Non, je ne le crois point, et c'est vous faire injure,</l>
	<l id="180">Que vouloir un moment combattre l'imposture ;</l>
	<l id="181">Mais cependant, mon cher, puisqu'on a ce soupçon,</l>
	<l id="182">Les archers vous pourraient fort bien mettre en prison.</l>
</sp>
<sp who="FINEBRETTE"><speaker>FINEBRETTE.</speaker>
	<l id="183">En prison ? Dites-vous : ah ! je les en défie.</l>
	<l id="184">Finebrette, morbleu, n'entend pas raillerie ;</l>
<note type="L">Pousse-cul : terme odieux dont on qualifie les Recors [assistants du sergent] des Sergents, et autres qui servent à mettre et à pousser les gens en prison. [F]</note>
	<l id="185">Qu'ils viennent contre moi, Messieurs les pousse-culs,</l>
	<l id="186">Sandis, fussent-ils trente, lisseront tous vaincus.</l>
</sp>
</div2>
<div2 type="scene" n='5'><head>SCÈNE V. Trivelin, Scaramouche, Finebrette, Colombine, Claudine.</head>
<sp who='TRIVELIN'><speaker>TRIVELIN.</speaker>
	<l id="187">Scaramouche, est-ce là le seigneur Finebrette ?</l>
</sp>
<sp who="FINEBRETTE"><speaker>FINEBRETTE.</speaker>
	<l id="188">Oui, c'est lui qu'on outrage à tort, et qu'on maltraite,</l>
	<l id="189">Lui qui n'a jamais fait une lâche action,</l>
	<l id="190">Et qui soutient si bien sa réputation.</l>
	<l id="191">On fait à mon honneur une sensible offense,</l>
	<l id="192">Je sais qu'on ose ici noircir mon innocence :</l>
	<l id="193">Je vous estimais fort, et je ne pensais pas,</l>
	<l id="194">Que vous pussiez descendre à des soupçons si bas.</l>
	<l id="195">L'injustice est criante, et ma valeur s'étonne,</l>
	<l id="196">Qu'on accuse un héros des bords de la Garonne ;</l>
	<l id="197">Joli-Coeur, la Ramée, et moi, braves soldats,</l>
	<l id="198">Nous avons fait parler de nous dans les combats.</l>
	<l id="199">Que de sang répandu, dans plus d'une bataille !</l>
	<l id="200">On sait bien, que j'allais, et d'estoc et de taille :</l>
	<l id="201">Qu'il faisait beau me voir affronter les hasards !</l>
	<l id="202">Rien ne me fait trembler, je suis un second Mars,</l>
	<l id="203">Plus vaillant que César, plus brave que Pompée.</l>
	<l id="204">Si par quelque malheur je perdais mon épée.</l>
	<l id="205">J'en abattais plus d'un avec le seul fourreau.</l>
</sp>
<sp who="TRIVELIN"><speaker>TRIVELIN.</speaker>
<note type="L">Alcide : autre nom d'Hercule.</note>
	<l id="206">Vous êtes, je l'avoue, un Alcide nouveau.</l>
</sp>
<sp who="FINEBRETTE"><speaker>FINEBRETTE.</speaker>
	<l id="207">Ce que je vous dis-là n'est point fanfaronnade.</l>
	<l id="208">Quoique je sois Gascon, je hais la gasconnade.</l>
	<l id="209">Je suis connu partout, j'ai bon coeur et bon bras,</l>
	<l id="210">Et dans l'occasion, je ne recule pas ;</l>
	<l id="211">Votre femme le sait, elle peut vous le dire.</l>
	<l id="212">Vous m'accusez pourtant, sandis, je vous admire ;</l>
	<l id="213">Je veux bien l'avouer, je croyais qu'un Gascon,</l>
	<l id="214">Devait être toujours au-dessus du soupçon.</l>
</sp>
<sp who="TRIVELIN"><speaker>TRIVELIN.</speaker>
	<l id="215">Certes, je ne veux point vous imputer ce crime,</l>
	<l id="216">Mais le ciel en courroux demande une victime.</l>
	<l id="217">Par le sang du coupable il le faut apaiser,</l>
	<l id="218">Seigneur, tout le village a su vous accuser.</l>
</sp>
<sp who="FINEBRETTE"><speaker>FINEBRETTE.</speaker>
	<l id="219">Quelle raison a-t-il? je n'y puis rien comprendre.</l>
</sp>
<sp who="TRIVELIN"><speaker>TRIVELIN.</speaker>
	<l id="220">Croyez-moi, sans tarder, songez à vous défendre.</l>
</sp>
<sp who="FINEBRETTE"><speaker>FINEBRETTE.</speaker>
	<l id="221">Pour un garçon d'honneur, partout on me connaît,</l>
	<l id="222">Ma foi, si c'était moi, je le dirais tout net :</l>
	<l id="223">Pourquoi tant finasser ? Allez je suis un drôle,</l>
	<l id="224">Que l'on peut aisément croire sur sa parole.</l>
	<l id="225">Un valeureux soldat, un grivois tel que moi,</l>
	<l id="226">Quand il a dit un mot, en est cru sur sa foi. i</l>
</sp>
</div2>
<div2 type="scene" n='6'><head>SCÈNE VI. Le Magister, Lucas, plusieurs paysans, Colombine, Finebrette, Trivelin, Claudine.</head>
<sp who="TRIVELIN"><speaker>TRIVELIN.</speaker>
	<l id="227" part="i">Que veut le Magister ?</l>
</sp>
<sp who="LE MAGISTER"><speaker>LE MAGISTER.</speaker>
	<l id="227" part="f">Je viens pour vous apprendre,</l>
	<l id="228">Un funeste secret, qui va bien vous surprendre.</l>
	<l id="229">Écoutez-moi, village... au milieu de la nuit.</l>
	<l id="230">L'ombre du grand Pierrot a paru dans mon lit.</l>
</sp>
<sp who="COLOMBINE"><speaker>COLOMBINE.</speaker>
	<l id="231" part="i">Que dites-vous ?</l>
</sp>
<sp who="LE MAGISTER"><speaker>LE MAGISTER.</speaker>
	<l id="231" part="f">J'ai vu son image sanglante,</l>
	<l id="232">Lui-même m'a parlé d'une voix menaçante ;</l>
	<l id="233">Finebrette, a-t-il dit, n'a pas percé mon sein,</l>
	<l id="234" part="i">Un autre plus cruel...</l>
</sp>
<sp who="TRIVELIN"><speaker>TRIVELIN.</speaker>
	<l id="234" part="f">Nommez son assassin,</l>
	<l id="235">Qui peut vous retenir ?... Dites donc...</l>
</sp>
<sp who="LE MAGISTER"><speaker>LE MAGISTER.</speaker>
	<l id="236" part="i">Ah ! Je n'ose.</l>
</sp>
<sp who="FINEBRETTE"><speaker>FINEBRETTE.</speaker>
	<l id="236" part="f">Parlez, l'ami, parlez, voici bien autre chose :</l>
	<l id="237">Non, cadedis, il faut me tirer d'embarras.</l>
</sp>
<sp who="LE MAGISTER"><speaker>LE MAGISTER.</speaker>
	<l id="238" part="i">Ne me demandez rien.</l>
</sp>
<sp who="TRIVELIN"><speaker>TRIVELIN.</speaker>
	<l id="238" part="m">Expliquez-vous.</l>
</sp>
<sp who="LE MAGISTER"><speaker>LE MAGISTER.</speaker>
	<l id="238" part="f">Hélas!</l>
</sp>
<sp who='LUCAS'><speaker>LUCAS.</speaker>
	<l id="239">Non, morgué, s'il vous plaît, cette affaire nous touche,</l>
	<l id="240">Et je voulons savoir de votre propre bouche,</l>
	<l id="241">Qui fut l'assassineur ; ça, point tant de façons :</l>
	<l id="242">Ce ne sont point ici des fables, des chansons,</l>
	<l id="243">Dégoisez au plutôt : je mourrons de la peste,</l>
	<l id="244" part="i">Si vous ne le nommez...</l>
</sp>
<sp who="LE MAGISTER"><speaker>LE MAGISTER.</speaker>
	<l id="244" part="f">Ô contrainte funeste !</l>
	<l id="245">Malheureux paysans, que me demandez-vous ?</l>
</sp>
<sp who="LUCAS"><speaker>LUCAS.</speaker>
	<l id="246">Quand il sera branché, je nous sauverons tous.</l>
</sp>
<sp who="LE MAGISTER"><speaker>LE MAGISTER.</speaker>
	<l id="247">Lorsque je vous aurai découvert le coupable.</l>
	<l id="248" part="i">Vous frémirez d'horreur.</l>
</sp>
<sp who="LUCAS"><speaker>LUCAS.</speaker>
	<l id="248" part="f">Non, je me donne au diable,</l>
	<l id="249">J'en aurons dû plaisir, et du soulagement.</l>
</sp>
<sp who="LE MAGISTER"><speaker>LE MAGISTER.</speaker>
	<l id="250">Pierrot veut que l'exil soit son seul châtiment :</l>
	<l id="251">Mais cet infortuné, se punissant lui-même,</l>
	<l id="252">Se livrera bientôt à sa fureur extrême,</l>
	<l id="253">Et dans son désespoir, se pochant les deux yeux,</l>
	<l id="254">Il ne jouira plus de la clarté des cieux.</l>
</sp>
<sp who="TRIVELIN"><speaker>TRIVELIN.</speaker>
	<l id="255">Obéissez, morbleu, je perdrai patience.</l>
</sp>
<sp who="LE MAGISTER"><speaker>LE MAGISTER.</speaker>
	<l id="256">C'est vous qui me forcez à rompre le silence.</l>
</sp>
<sp who="TRIVELIN"><speaker>TRIVELIN.</speaker>
	<l id="257">Que ces retardement irritent mon courroux.</l>
</sp>
<sp who="LE MAGISTER"><speaker>LE MAGISTER.</speaker>
	<l id="258" part="i">Vous le voulez ? Hé bien, c'est...</l>
</sp>
<sp who="TRIVELIN"><speaker>TRIVELIN.</speaker>
	<l id="258" part="m">Achevez, qui ?</l>
</sp>
<sp who="LE MAGISTER"><speaker>LE MAGISTER.</speaker>
	<l id="258" part="f">Vous.</l>
</sp>
<sp who="TRIVELIN"><speaker>TRIVELIN.</speaker>
	<l id="259" part="i">Moi ! Bon, vous vous moquez.</l>
</sp>
<sp who="LE MAGISTER"><speaker>LE MAGISTER.</speaker>
	<l id="259" part="f">Non, le diable m'emporte.</l>
</sp>
<sp who="TRIVELIN"><speaker>TRIVELIN.</speaker>
	<l id="260">Quel mensonge ! Peut-on m'outrager de la sorte ?</l>
</sp>
<sp stage="toward" who='COLOMBINE'><speaker>COLOMBINE, à Trivelin.</speaker>
	<l id="261">Quoi ! Du pauvre Pierrot, vous seriez l'assassin ?</l>
</sp>
<sp who="FINEBRETTE"><speaker>FINEBRETTE.</speaker>
	<l id="262">Hé bien, vous m'accusiez, monsieur de Trivelin,</l>
	<l id="263">J'avais assassiné Pierrot, à vous entendre ;</l>
	<l id="264">Jugez, qui de nous deux à présent on va pendre.</l>
<note type="L">Camus : Fig. et familièrement, embarrassé, interdit. [L]</note>
	<l id="265">Qu'en dites-vous, l'ami ? Vous voilà bien camus.</l>
	<l id="266">Je me retire, adieu, vous ne me verrez plus;</l>
	<l id="267">On me dégraderait de noblesse, à Iran titre,</l>
	<l id="268">Si je me faufilais avec un tel bélître.</l>
	<l id="269">Colombine je pars : mon coeur, console-loi,</l>
	<l id="270">En m'éloignant d'ici, je fais ce que je dois ;</l>
	<l id="271">Je ferais d'y rester, une folie extrême :</l>
	<l id="272">Tu m'aimais tendrement, et je t'aimais de même,</l>
	<l id="273">Mais tu n'ignores pas, que j'ai trop de vertu,</l>
	<l id="274">Pour vouloir épouser la veuve d'un pendu.</l>
<stage type="exit">Il s'en va.</stage>
</sp>
<sp who="LUCAS"><speaker>LUCAS.</speaker>
	<l id="275">Dans le village encor, osez-vous bien paraître ?</l>
	<l id="276">Assassiner Pierrot ! Morgué le tour est traître.</l>
	<l id="277">Il faut que cela soit, le Magister le dit ;</l>
	<l id="278">Il ne se trompe pas, c'est un homme d'esprit :</l>
	<l id="279">Pour nous je n'irons point demander votre grâce,</l>
	<l id="280">Il faut tout au plutôt que justice se fasse.</l>
</sp>
<sp stage="toward" who='TRIVELIN'><speaker>TRIVELIN, au Magister.</speaker>
	<l id="281">Non ! Je ne reviens point de mon saisissement,</l>
	<l id="282">Et ma rage est égale à mon étonnement.</l>
	<l id="283">Je rendrais par ta mort ma vengeance certaine :</l>
	<l id="284">Mais non, vieux radoteur, tu n'en vaux pas la peine...</l>
	<l id="285">Va, fuis loin de ces lieux, fourbe, infâme, menteur.</l>
</sp>
<sp who='LE MAGISTER'><speaker>LE MAGISTER.</speaker>
	<l id="286">Vous me traitez toujours de traître et d'imposteur,</l>
	<l id="287">Votre père autrefois me croyait plus sincère.</l>
</sp>
<sp who="TRIVELIN"><speaker>TRIVELIN.</speaker>
	<l id="288">Arrête... que dis-tu, quoi maître André mon père...</l>
</sp>
<sp who='LE MAGISTER'><speaker>LE MAGISTER.</speaker>
	<l id="289">Non, il ne s'agit point ici de maître André.</l>
	<l id="290">Vous apprendrez par qui vous fûtes engendré,</l>
	<l id="291">Il ne faut pas toujours en croire l'apparence :</l>
	<l id="292">Rien n'est plus incertain, mon cher, que la naissance</l>
	<l id="293">Je vais faire à l'instant sortir le gros Simon</l>
	<l id="294">Retenu dans les fers pour un simple soupçon.</l>
<stage type="toward">À Colombine.</stage>
	<l id="295">Du meurtre de Pierrot vous le crûtes complice,</l>
	<l id="296">Il fut livré par vous aux mains de la justice.</l>
<stage type="toward">À Trivelin.</stage>
	<l id="297">L'ami, vous n'êtes pas encore où vous pensez.</l>
	<l id="298">Adieu, songez à vous, je vous en dis assez.</l>
<stage type="exit">Il s'en va avec les paysans.</stage>
</sp>
</div2>
<div2 type="scene" n='7'><head>SCÈNE VII. Trivelin, Colombine.</head>
<sp who='TRIVELIN'><speaker>TRIVELIN.</speaker>
	<l id="299">Quel cruel embarras ! Mon âme inquiétée,</l>
	<l id="300">De soupçons importuns n'est que trop agitée :</l>
	<l id="301">Le Magister me gêne, et prêt à l'excuser,</l>
	<l id="302">Je commence en secret, moi-même à m'accuser.</l>
</sp>
<sp who='COLOMBINE'><speaker>COLOMBINE.</speaker>
	<l id="303">Quoi donc, n'êtes-vous pas sûr de votre innocence !</l>
</sp>
<sp who="TRIVELIN"><speaker>TRIVELIN.</speaker>
	<l id="304">On est plus criminel quelquefois qu'on ne pense.</l>
</sp>
<sp who="COLOMBINE"><speaker>COLOMBINE.</speaker>
	<l id="305">Non, non, le Magister est un extravagant,</l>
	<l id="306">Il vous a tenu même un discours arrogant.</l>
</sp>
<sp who="TRIVELIN"><speaker>TRIVELIN.</speaker>
	<l id="307">Ma mie, un petit mot ; sans vous parler du reste,</l>
	<l id="308">Quand Pierrot entreprit ce voyage funeste,</l>
	<l id="309">Trois ou quatre valets ne le suivaient-ils pas ?</l>
</sp>
<sp who="COLOMBINE"><speaker>COLOMBINE.</speaker>
	<l id="310">Non, son compère seul accompagnait ses pas.</l>
</sp>
<sp who="TRIVELIN"><speaker>TRIVELIN.</speaker>
	<l id="311" part="i">Un seul homme !</l>
</sp>
<sp who="COLOMBINE"><speaker>COLOMBINE.</speaker>
	<l id="311" part="f">Pierrot, ce sublime génie,</l>
	<l id="312">Dédaignait, comme vous, la grande compagnie.</l>
	<l id="313">Il allait tous les jours faire un tour dans les champs,</l>
	<l id="314">Il n'avait point, mon cher, d'autres amusements :</l>
	<l id="315">Avec tous ses voisins, uni dès son enfance,</l>
	<l id="316">Comme il était sans crainte, il marchait sans défense.</l>
	<l id="317">Avec un ami seul, comme je vous l'ai dit,</l>
	<l id="318">Un samedi matin mon pauvre époux partit :</l>
	<l id="319">Montés sur deux bidets, Pierrot et son compère,</l>
	<l id="320" part="i">Se mirent en voyage, hélas!</l>
</sp>
<sp who="TRIVELIN"><speaker>TRIVELIN.</speaker>
	<l id="320" part="f">Pour quelle affaire !</l>
</sp>
<sp who="COLOMBINE"><speaker>COLOMBINE.</speaker>
	<l id="321">Il allait en Bourgogne à l'emplette du vin,</l>
	<l id="322">Quand il fut rencontré par un lâche assassin.</l>
</sp>
<sp who="TRIVELIN"><speaker>TRIVELIN.</speaker>
	<l id="323">Des bons marchands de vin, exemple auguste et rare,</l>
	<l id="324">Aurai-je pu sur toi porter ma main barbare !</l>
	<l id="325">Dépeignez-moi du moins cet époux malheureux.</l>
</sp>
<sp who="COLOMBINE"><speaker>COLOMBINE.</speaker>
	<l id="326">Puisque vous rappelez ce souvenir fâcheux,</l>
	<l id="327">Il était déjà vieux, mais malgré sa vieillesse,</l>
	<l id="328">Il avait quelquefois des retours de jeunesse ;</l>
	<l id="329">Ses yeux étaient petits, même fort enfoncés,</l>
	<l id="330">Et le pauvre Pierrot vous ressemblait assez...</l>
	<l id="331">Mon cher, qu'a ce discours qui doive vous surprendre ?</l>
</sp>
<sp who="TRIVELIN"><speaker>TRIVELIN.</speaker>
	<l id="332">J'entrevois des malheurs que je ne puis comprendre :</l>
	<l id="333">Le magister peut-être a dit la vérité.</l>
</sp>
<sp who="COLOMBINE"><speaker>COLOMBINE.</speaker>
	<l id="334">Non, tout ce qu'il a dit n'est qu'une fausseté.</l>
	<l id="335">Pour avoir cru jadis une vieille sorcière,</l>
	<l id="336">Il m'en coûte mon fils, ô douleur trop amère !</l>
</sp>
<sp who="TRIVELIN"><speaker>TRIVELIN.</speaker>
	<l id="337">Votre fils ! Par quels coups l'avez-vous donc perdu ?</l>
	<l id="338">Pourquoi jusqu'à présent n'en avais-je rien su ?</l>
</sp>
<sp who="COLOMBINE"><speaker>COLOMBINE.</speaker>
	<l id="339">Apprenez, apprenez dans ce péril extrême,</l>
	<l id="340">Ce que j'aurais voulu me cacher à moi-même ;</l>
	<l id="341">Et de vous alarmer ne soyez plus si sot.</l>
	<l id="342">Je vous l'ai déjà dit, j'eus un fils de Pierrot ;</l>
	<l id="343">Mais à peine avait-il commencé sa carrière,</l>
	<l id="344">Que j'allai consulter une vieille sorcière.</l>
	<l id="345">Pardonnez si je tremble à ce seul souvenir,</l>
	<l id="346">Voici ses propres mots, J'ai] dû les retenir :</l>
	<l id="347">Ton fis tuera Pierrot, et ce fils téméraire...</l>
	<l id="348" part="i">Achèverai-je ?</l>
</sp>
<sp who="TRIVELIN"><speaker>TRIVELIN.</speaker>
	<l id="348" part="m">Hé bien!</l>
</sp>
<sp who="COLOMBINE"><speaker>COLOMBINE.</speaker>
	<l id="348" part="f">Fera cocu son père...</l>
	<l id="349">Que vois-Je, Trivelin ? Vous changez de couleur.</l>
</sp>
<sp who="TRIVELIN"><speaker>TRIVELIN.</speaker>
	<l id="350">De grâce, poursuivez, je suis saisi d'horreur...</l>
	<l id="351" part="i">Qu'en fîtes-vous ?</l>
</sp>
<sp who="COLOMBINE"><speaker>COLOMBINE.</speaker>
	<l id="351" part="f">Je crus cette laide mégère.</l>
	<l id="352">Et renonçant enfin aux sentiments de mère,</l>
	<l id="353">Je voulus l'arracher aux rigueurs de son sort.</l>
	<l id="354">Et qu'aux enfants trouvés on le porta d'abord.</l>
	<l id="355">Cet ordre fut suivi :( malgré mon injustice,</l>
	<l id="356">Celui qui me rendit ce funeste service.</l>
	<l id="357">Alla, deux jours après, s'informer de mon fils,</l>
	<l id="358">Il sut qu'il était mort, à rigoureux ennuis !</l>
	<l id="359">Vaine précaution ! Sentiments trop sévères !</l>
	<l id="360">Pierrot fut massacré par des mains étrangères,</l>
	<l id="361">Ce ne fut point son fils qui lui porta ces coups,</l>
	<l id="362">Et j'ai perdu mon fils sans sauver mon époux.</l>
</sp>
<sp who="TRIVELIN"><speaker>TRIVELIN.</speaker>
	<l id="363">Qu'entends-je ! mais il faut que par reconnaissance,</l>
	<l id="364">Je vous fasse à mon tour une autre confidence ;</l>
	<l id="365">Et que vous connaissiez par ce triste entretien,</l>
	<l id="366">Le rapport étonnant de votre sort au mien.</l>
<note type="C">Montmartre n'était pas dans Paris au XVIIème siècle.</note> 
	<l id="367">Je suis né dans Montmartre, et tout franc j'en enrage,</l>
	<l id="368">Je ne me plaisais point du tout dans ce village ;</l>
	<l id="369">Mon père y fait encor le métier d'hôtellier.</l>
	<l id="370">Un jour j'allai tirer du vin dans le cellier...</l>
	<l id="371">Ô malheur ! Tout à coup les tonneaux s'entr'ouvrirent.</l>
	<l id="372">Le vin coula partout, et les murs se rougirent ;</l>
	<l id="373">Ma chandelle souillée augmenta ma terreur :</l>
	<l id="374">A vous dire le vrai, j'avais diablement peur.</l>
	<l id="375">Une effrayante voix me parla de la sorte :</l>
	<l id="376">Éloignes-toi d'ici, gagne au plutôt la porte,</l>
	<l id="377">Ne vient plus du bon vin souiller la pureté ;</l>
	<l id="378">Bacchus est contre toi justement irrité...</l>
	<l id="379">Cette voix me prédit, le croirez-vous, Madame ?</l>
	<l id="380">Que ma mère devait un jour être ma femme,</l>
	<l id="381" part="i">Que je tuerais mon père...</l>
</sp>
<sp who="COLOMBINE"><speaker>COLOMBINE.</speaker>
	<l id="381" part="f">Ô ciel, que dites-vous?</l>
	<l id="382" part="i">L'ai-je bien entendu ? je frissonne...</l>
</sp>
<sp who="TRIVELIN"><speaker>TRIVELIN.</speaker>
	<l id="382" part="f">Tout doux.</l>
	<l id="383">Vraiment j'ai bien encore autre chose à vous dire,</l>
	<l id="384">Laissez-moi respirer, et je vais vous instruire.</l>
	<l id="385">Lorsque de cet effroi mes sens furent remis,</l>
	<l id="386">Je résolus d'abord de quitter mon pays ;</l>
	<l id="387">J'abandonnai Montmartre, et sans beaucoup de peine</l>
<note type="L">Prétentaine : Terme burlesque, qui ne se dit qu'en cette phrase proverbiale : ils ont été tout 1e jour courir la prétentaine ; pour dire, ils font allez deçà et delà. [F]</note>
	<l id="388">J'allai deux jours après courir la prétentaine.</l>
	<l id="389">Je déguisai partout ma naissance et mon nom,</l>
	<l id="390">Un jeune plâtrier fut mon seul compagnon :</l>
	<l id="391">Nous avions l'un pour l'autre une amitié sincère.</l>
	<l id="392">Un jour, près de Dijon (Il m'en souvient, ma chère,</l>
	<l id="393">Je ne sais pas comment je l'avais oublié,</l>
	<l id="394">L'oracle de la cave est trop vérifié.)</l>
	<l id="395">Trouvant deux cavaliers dans un étroit passage ;</l>
	<l id="396">Le vin qui me guidait seconda mon courage ; </l>
<note type="L">Bacchique : Qui appartient à Bacchux [dieu du vin]. [F]</note> 
	<l id="397">J'avais un peu trinqué, la bacchique liqueur</l>
	<l id="398">M'échauffait la cervelle, et me donnait du coeur ;</l>
	<l id="399">Je voulus disputer, comme un homme peu sage.</l>
	<l id="400">Des vains honneurs du pas le frivole avantage.</l>
	<l id="401">J'étais ivre en un mot, mon camarade aussi.</l>
	<l id="402">Je marche donc vers eux, et comme un étourdi</l>
<note type="L">Bidet : Cheval ordinairement de petite taille, spécialement destiné à porter un cavalier dans les voyages. [L]</note>
	<l id="403">J'arrête des bidets la fougue impétueuse :</l>
	<l id="404">Les voyageurs saisis, sous ma main furieuse,</l>
	<l id="405">Succombent à l'instant, et sont percés de coups ;</l>
	<l id="406" part="i">Ils tombent à mes pieds...</l>
</sp>
<sp who="COLOMBINE"><speaker>COLOMBINE.</speaker>
	<l id="406" part="f">Ah ! Que m'apprenez-vous</l>
	<l id="407">Simon vers nous s'avance, il était le compère</l>
	<l id="408" part="i">De Pierrot...</l>
</sp>
<sp who="TRIVELIN"><speaker>TRIVELIN.</speaker>
	<l id="408" part="f">Il pourra dévoiler ce mystère.</l>
</sp>
</div2>
<div2 type="scene" n='8'><head>SCÈNE VIII. Simon, Colombine, Trivelin.</head>
<sp who="TRIVELIN"><speaker>TRIVELIN.</speaker>
	<l id="409">Je veux être éclairci : viens malheureux vieillard,</l>
	<l id="410">Approche... mais je crois t'avoir vu quelque part.</l>
</sp>
<sp stage="toward" who='SIMON'><speaker>SIMON, à Colombine.</speaker>
	<l id="411">Hé bien, est-ce aujourd'hui qu'il faut que l'on me pende ?</l>
	<l id="412">À ce funeste sort, faut-il que je m'attende ?</l>
	<l id="413">N'avez-vous point encor calmé votre courroux ?</l>
</sp>
<sp who='COLOMBINE'><speaker>COLOMBINE.</speaker>
	<l id="414">Rassurez-vous, Simon, parlez à mon époux.</l>
</sp>
<sp stage="toward" who='SIMON'><speaker>SIMON, à Trivelin.</speaker>
	<l id="415">Quoi donc ? Pierrot est mort, et voilà votre femme !</l>
<stage type="toward">À Colombine.</stage>
	<l id="416">Vous n'avez pas été longtemps veuve, Madame.</l>
</sp>
<sp who="TRIVELIN"><speaker>TRIVELIN.</speaker>
	<l id="417">Simon, venons au fait, je ne dis plus qu'un mot,</l>
	<l id="418">Tu fus le seul témoin du meurtre de Pierrot,</l>
	<l id="419">Tu fus blessé, dit-on, en voulant le défendre ?</l>
</sp>
<sp who='SIMON'><speaker>SIMON.</speaker>
	<l id="420">L'ami, Pierrot est mort, laissez en paix sa cendre</l>
	<l id="421">Et cessez d'insulter au rigoureux destin,</l>
	<l id="422">D'un malheureux vieillard blessé de votre main.</l>
</sp>
<sp who="TRIVELIN"><speaker>TRIVELIN.</speaker>
	<l id="423">Moi, je t'aurais blessé ? Quoi c'est toi que ma rage</l>
	<l id="424">Attaqua vers Dijon dans cet étroit passage ?...</l>
	<l id="425">Oui Je te reconnais : que je suis étonné !</l>
</sp>
<sp who='SIMON'><speaker>SIMON.</speaker>
	<l id="426">Vous avez fait le crime, et j'en fus soupçonné :</l>
	<l id="427">De cet affreux forfait, j'ai seul porté l'endosse ;</l>
	<l id="428">On m'a donné pour gîte un cul de basse-fosse.</l>
</sp>
<sp who="TRIVELIN"><speaker>TRIVELIN.</speaker>
	<l id="429" part="i">Que je suis un grand chien !</l>
</sp>
<sp who="COLOMBINE"><speaker>COLOMBINE.</speaker>
	<l id="429" part="f">Ne vous emportez pas.</l>
	<l id="430" part="i">Ce n'est pas votre faute.</l>
</sp>
<sp who="TRIVELIN"><speaker>TRIVELIN.</speaker>
	<l id="430" part="m">Il faut mourir.</l>
</sp>
<sp who='COLOMBINE'><speaker>COLOMBINE.</speaker>
	<l id="430" part="f">Hélas !</l>
</sp>
<sp who="TRIVELIN"><speaker>TRIVELIN.</speaker>
	<l id="431">Vous devez vous venger de ma fureur extrême ;</l>
	<l id="432">Punissez-moi, Madame, étranglez-moi vous-même,</l>
	<l id="433" part="i">Ou de mes propres mains...</l>
</sp>
<sp who="COLOMBINE"><speaker>COLOMBINE.</speaker>
	<l id="433" part="f">Que faites-vous, ô Dieux !</l>
	<l id="434">Trivelin, épargnez ce spectacle à mes yeux ;</l>
	<l id="435">Êtes-vous possédé, quel démon vous tourmente ?</l>
	<l id="436">Je ne puis plus rester, ici tout m'épouvante.</l>
<stage type="exit">File sort avec Simon.</stage>
</sp>
</div2>
<div2 type="scene" n='9'><head>SCÈNE IX.</head>
<sp stage="alone" who='TRIVELIN'><speaker>TRIVELIN, seul.</speaker>
	<l id="437">Elle fait bien de fuir un monstre tel que moi,</l>
	<l id="438">J'assassine Pierrot, et sans savoir pourquoi.</l>
	<l id="439">Ah ! je suis un infâme, un gibier de potence,</l>
	<l id="440" part="i">Et je mérite enfin...</l>
</sp>
</div2>
<div2 type="scene" n='10'><head>SCÈNE X. Scaramouche, Guillaume, Trivelin.</head>
<sp who='SCARAMOUCHE'><speaker>SCARAMOUCHE.</speaker>
	<l id="440" part="f">L'étranger qui s'avance,</l>
	<l id="441" part="i">Veut vous entretenir.</l>
</sp>
<sp who="TRIVELIN"><speaker>TRIVELIN.</speaker>
	<l id="441" part="f">C'est assez, laissez-moi.</l>
</sp>
<sp who='GUILLAUME'><speaker>GUILLAUME.</speaker>
	<l id="442" part="i">Cher Trivelin !</l>
</sp>
<sp who="TRIVELIN"><speaker>TRIVELIN.</speaker>
	<l id="442" part="f">Guillaume, est-ce vous que je vois ?</l>
	<l id="443">Oui, c'est le cuisinier de maître André, mon père,</l>
	<l id="444">C'est lut dont l'amitié m'a toujours été chère.</l>
	<l id="445" part="i">Comment se porte-t-il ? Répondez.</l>
</sp>
<sp who='GUILLAUME'><speaker>GUILLAUME.</speaker>
	<l id="445" part="f">Il est mort.</l>
</sp>
<sp who="TRIVELIN"><speaker>TRIVELIN.</speaker>
	<l id="446">Quoi, maître André n'est plus ? Il a vraiment grand tort.</l>
	<l id="447">Partons, Guillaume, allons ; je veux dans ma patrie,</l>
	<l id="448">Prendre possession de son hôtellerie :</l>
	<l id="449" part="i">Tu m'accompagneras.</l>
</sp>
<sp who='GUILLAUME'><speaker>GUILLAUME.</speaker>
	<l id="449" part="f">Il n'y faut plus penser ;</l>
	<l id="450">À Montmartre, mon cher, vous devez renoncer : </l>
	<l id='451'>Si vous y paraissez, votre mort est jurée.</l>
</sp>
<sp who="TRIVELIN"><speaker>TRIVELIN.</speaker>
	<l id="452">Qui de mon cabaret me défendrait l'entrée ?</l>
	<l id="453">Parbleu je plaiderai, nous verrons si je puis</l>
	<l id="454" part="i">Par la...</l>
</sp>
<sp who='GUILLAUME'><speaker>GUILLAUME.</speaker>
	<l id="454" part="f">De maître André, vous n'étiez point le fils.</l>
</sp>
<sp who="TRIVELIN"><speaker>TRIVELIN.</speaker>
	<l id="455">Je n'étais pas son fils ! Et qul donc est mon père ?</l>
</sp>
<sp who='GUILLAUME'><speaker>GUILLAUME.</speaker>
	<l id="456">La chose, à dire vrai, n'est pas encor bien claire.</l>
	<l id="457">Vous fûtes, mais surtout, n'en faites point de bruit,</l>
	<l id="458">Sur le haut de Montmartre exposé dans la nuit.</l>
</sp>
<sp who="TRIVELIN"><speaker>TRIVELIN.</speaker>
	<l id="459" part="i">Près de Paris ?</l>
</sp>
<sp who='GUILLAUME'><speaker>GUILLAUME.</speaker>
	<l id="459" part="m">Sans doute.</l>
</sp>
<sp who="TRIVELIN"><speaker>TRIVELIN.</speaker>
	<l id="459" part="f">Éclaircis ce mystère</l>
</sp>
<sp who='GUILLAUME'><speaker>GUILLAUME.</speaker>
	<l id="460">Un vieillard vous porta dans ce lieu solitaire.</l>
</sp>
<sp who="TRIVELIN"><speaker>TRIVELIN.</speaker>
	<l id="461" part="i">Qu'entends-je !</l>
</sp>
<sp who='GUILLAUME'><speaker>GUILLAUME.</speaker>
	<l id="461" part="f">Le hasard vous offrit sous mes pas ;</l>
	<l id="462">La pitié me saisit, je vous pris dans nies bras,</l>
	<l id="463">Je vous portai d'abord dans notre hôtellerie;</l>
	<l id="464">Du pauvre maître André l'âme fut attendrie ;</l>
	<l id="465">Il vous plaint, vous caresse : admirez votre sort !</l>
	<l id="466">Maître André vous adopte, au lieu de son fils mort.</l>
	<l id="467">Mais la taverne enfin n'était point votre place,</l>
	<l id="468">La pitié vous y mit, le remords vous en chasse.</l>
</sp>
<sp who="TRIVELIN"><speaker>TRIVELIN.</speaker>
	<l id="469">Guillaume, ce vieillard, de qui tu m'as reçu ;</l>
	<l id="470">Depuis ce temps fatal, ne l'as-tu jamais vu ?</l>
</sp>
<sp who='GUILLAUME'><speaker>GUILLAUME.</speaker>
	<l id="471">Jamais : lui seul savait le nom de votre père,</l>
	<l id="472">Et pourrait aisément éclaircir ce mystère ;</l>
	<l id="473">Il était fort ventru : si je le rencontrais,</l>
	<l id="474">Je suis persuadé, que je le connaîtrais.</l>
</sp>
<sp who="TRIVELIN"><speaker>TRIVELIN.</speaker>
	<l id="475">Pourquoi m'annonces-tu celle triste nouvelle ?</l>
	<l id="476">Je ne puis résister à ma douleur mortelle,</l>
	<l id="477">J'entrevois ma naissance, et j'ai quelque soupçon,</l>
	<l id="478">En vérité je suis un fort joli garçon...</l>
	<l id="479" part="i">Simon, approchez-vous,</l>
</sp>
</div2>
<div2 type="scene" n='11'><head>SCÈNE XI. Simon, Guillaume, Trivelin.</head>
<sp who='GUILLAUME'><speaker>GUILLAUME.</speaker>
<note type="L">Brelue : Berlue. Fig. Avoir la berlue, mal voir ; se faire une fausse idée d'une chose. [L]</note>
	<l id="479" part="f">Aurais-je la brelue !</l>
	<l id="480">Non, sans doute, sur lui plus j'attache ma vue...</l>
	<l id="481" part="i">C'est lui...</l>
</sp>
<sp who="SIMON"><speaker>SIMON.</speaker>
	<l id="481" part="f">Pardonnez-moi, si vos traits inconnus...</l>
</sp>
<sp who='GUILLAUME'><speaker>GUILLAUME.</speaker>
	<l id="482">De Montmartre, l'ami, ne vous souvient-il plus ?</l>
</sp>
<sp who="SIMON"><speaker>SIMON.</speaker>
	<l id="483" part="i">Comment ?</l>
</sp>
<sp who='GUILLAUME'><speaker>GUILLAUME.</speaker>
	<l id="483" part="f">Quoi ! Cet enfant, qu'une nuit vous portâtes ?</l>
	<l id="484">Ce malheureux enfant, qu'enfin vous exposâtes ?</l>
</sp>
<sp who="SIMON"><speaker>SIMON.</speaker>
	<l id="485" part="i">Morbleu, qu'avez-vous dit ? </l>
</sp>
<sp who='GUILLAUME'><speaker>GUILLAUME.</speaker>
	<l id="485" part="f">Vous êtes trop discret ;</l>
	<l id="486">Vous devez révéler cet important secret :</l>
	<l id="487">Je sais ce que je fais en parlant de la sorte,</l>
	<l id="488" part="i">Trivelin est l'enfant...</l>
</sp>
<sp who="SIMON"><speaker>SIMON.</speaker>
	<l id="488" part="f">Que le diable l'emporte.</l>
	<l id="489" part="i">Voyez un peu la langue! '</l>
</sp>
<sp stage="toward" who='GUILLAUME'><speaker>GUILLAUME,à Trivelin.</speaker>
	<l id="489" part="f">Allez, n'en doutez pas ;</l>
	<l id="490">Quoi que ce vieillard dise, il vous mit dans mes bras,</l>
	<l id="491" part="i">Et voilà votre père.</l>
</sp>
<sp who='TRIVELIN'><speaker>TRIVELIN.</speaker>
	<l id="491" part="f">À la fin je respire.</l>
<stage type="toward">À Simon.</stage>
	<l id="492">Mais quoi, vous vous taisez, n'avez-vous rien à dire ?</l>
	<l id="493">Vous êtes donc mon père, et le ciel a permis...</l>
</sp>
<sp who="SIMON"><speaker>SIMON.</speaker>
	<l id="494">Vous en avez menti, vous n'êtes point mon fils.</l>
</sp>
<sp who='GUILLAUME'><speaker>GUILLAUME.</speaker>
	<l id="495">De grâce expliquez-vous, pourquoi tout ce mystère ?</l>
	<l id="496" part="i">Parlez, ne craignez rien.</l>
</sp>
<sp who="SIMON"><speaker>SIMON.</speaker>
	<l id="496" part="f">Colombine est sa mère</l>
<note type="L">Enfant trouvé : enfant abandonné par ses parents, ramassé par les passants, et recueilli par les hospices. [L]</note>
	<l id="497">Au lieu de le porter chez les Enfants Trouvés,</l>
	<l id="498" part="i">J'allai droit à Montmartre...</l>
</sp>
<sp who='GUILLAUME'><speaker>GUILLAUME.</speaker>
<note type="L">Fi : Particule qui sert à faire une exclamation pour témoigner le mépris, la haine, l'aversion qu'on a pour quelque personne ou quelque chose. [F]</note>
	<l id="498" part="f">Et fi donc, vous rêvez.</l>
</sp>
<sp who='SIMON'><speaker>SIMON.</speaker>
	<l id='499' part="i">Il est fils de Pierrot.</l>
</sp>
<sp who='TRIVELIN'><speaker>TRIVELIN.</speaker>
	<l id="499" part="f">Tu redoubles ma rage ;</l>
	<l id="500">Malheureux oses-tu me tenir ce langage ?</l>
	<l id="501">Éloignez-vous tous deux, ou cent coups de bâton.</l>
	<l id="502">De vos funestes soins vont me faire raison.</l>
</sp>
</div2>
<div2 type="scene" n='12'><head>SCÈNE XII.</head>
<sp stage="alone" who='TRIVELIN'><speaker>TRIVELIN, seul.</speaker>
<note type="L">Magister : Maître d'école de village, qui enseigne à lire aux jeunes paysans. Il aide aussi à faire l'office du curé et du vicaire. Ce mot est pus latin, et s'applique aussi quelquefois à toutes sortes de pédants. [F]</note>
	<l id="503">Hé bien, es-tu content, Magister détestable ?</l>
	<l id="504">Ton oracle à la fin n'est que trop véritable.</l>
	<l id="505">Je n'ai pu me soustraire à mon cruel destin,</l>
	<l id="506">De mon père je suis l'odieux assassin ;</l>
	<l id="507">Moi-même sur son front j'osai planter des cornes :</l>
	<l id="508">Pour moi, barbare sort, tes rigueurs sont sans bornes.</l>
	<l id="509">Non, un crime si noir ne peut se pardonner.</l>
<note type="L">Turlupiner : Faire des tulupinades. [C'est à dire] Plaisantrie fade et basse. [F]</note>
	<l id="510">Que de gens à l'envi vont me turlupiner !</l>
	<l id="511">Il n'en faut point douter, les plumes satyriques,</l>
	<l id="512">Écriront contre mol plusieurs lettres critiques.</l>
	<l id="513">Tandis que d'un côté l'on me critiquera,</l>
<note type="L">Apologier : Barbarisme. Faire l'apologie de quelque chose ou quelqu'un.</note>
	<l id="514">De l'autre vainement l'on m'apologira...</l>
	<l id="515">Mais quoi le jour s'enfuit !... Que vois-je ? Le village.</l>
	<l id="516">Vient avec des flambeaux me brûler le visage ;</l>
	<l id="517">Arrêtez... où fuirai-je... il va fondre sur moi.</l>
	<l id="518">L'enfer s'ouvre... Ô Pierrot ! Ô mon père est-ce toi ?</l>
	<l id="519">Je vois, je reconnais cette honteuse crête,</l>
	<l id="520">Panache injurieux que j'ai mis sur ta tête ;</l>
	<l id="521">Punis-loi, venge-toi d'un fils dénaturé,</l>
	<l id="522">D'un fils, qui non content de l'avoir massacré,</l>
	<l id="523">Livrant à ses forfaits son âme toute entière,</l>
	<l id="524">Ose mettre en son lit son épouse, et sa mère ;</l>
	<l id="525">C'en est trop, frappons-nous... mais je le veux en vain ;</l>
	<l id="526">Je crains de me blesser, la peur retient ma main.</l>
	<l id="527">C'est à toi de punir mes crimes effroyables :</l>
	<l id="528">Approche, entraîne-moi toi-même à tous les diables.</l>
	<l id="529">Pour moi d'affreux tourments doivent être inventés :</l>
	<l id="530">Je ne m'en plaindrai point, je les ai mérités.</l>
	<l id='531' part="i">Viens vite, je le suis.</l>
</sp>
</div2>
<div2 type="scene" n='13'><head>SCÈNE XIII. Colombine, Claudine, Trivelin.</head>
<sp who='COLOMBINE'><speaker>COLOMBINE.</speaker>
	<l id='531' part="f">Quel horrible tapage,</l>
	<l id='532'>Faites-vous donc ici ? Vous n'êtes pas trop sage.</l>
	<l id='533'>Ah ! tranquillisez-vous, mon cher petit mari,</l>
	<l id='534'>Votre coeur à ce nom n'est-il point attendri ?</l>
</sp>
<sp who='TRIVELIN'><speaker>TRIVELIN.</speaker>
	<l id='535'>Qui moi, votre mari ? Ce titre abominable.</l>
	<l id='536'>Irrite en ce moment la douleur qui m'accable.</l>
</sp>
<sp who='COLOMBINE'><speaker>COLOMBINE.</speaker>
	<l id='537' part="i">Qu'entends-je !</l>
</sp>
<sp who='TRIVELIN'><speaker>TRIVELIN.</speaker>
	<l id='537' part="f">C'en est fait, nos destins sont remplis,</l>
	<l id='538'>Pierrot était mon père, et je suis votre fils.</l>
<stage type="exit">Il s'en va.</stage>
</sp>
</div2>
</div1>
</body>
</text>
</TEI>