<?xml version="1.0" encoding="utf-8"?>
<TEI xml:lang="fr">
<teiHeader>
		<fileDesc>
			<titleStmt>
				<title>AGNÈS DE CHAILLOT, COMÉDIE.</title>
				<author born='1680' born_location='' death='1734' death_location='' academie=''>BIANCOLELLI, Pierre François</author>
			</titleStmt>
			<publicationStmt>	
				<p>publié par Paul FIEVRE octobre 2012, revu décembre 2016</p>
				<idno>BIANCOLLELLI_AGNESDECHAILLOT</idno>
			<rights>Creative Commons BY-NC-SA</rights>
			</publicationStmt>
			<SourceDesc>
				<genre>Parodeie</genre>
				<inspiration>moeurs</inspiration>
				<structure>Un acte</structure>
				<type>mixte</type>
				<periode>1721-1730</periode>
				<taille>750-1000</taille>
				<permalien></permalien>
			</SourceDesc>
		</fileDesc>
</teiHeader>
<text>
	<front>
		<docTitle>
			<titlePart type="main">AGNÈS DE CHAILLOT</titlePart>
			<titlePart type="sub">COMÉDIE PAR MONSIEUR DOMINIQUE</titlePart>
			<titlePart type="sub">Comédien de S.A.R. Monseigneur le Duc d'Orléans.</titlePart>
		</docTitle> 
		<docDate value='1723'>M. DCC. XXIII. Avec Approbation, et Permission.</docDate>
		<docAuthor id='BIANCOLELLI, Pierre François' bio='biancolelli'>Par Monsieur DOMINIQUE, comédien de S.A.R. Monseigneur de Duc d'Orléans.</docAuthor>
		<docImprint>
			<privilege id=""><head>PERMISSION DU ROI.</head>
			<p>LOUIS, par la grâce de Dieu, Roi de France et de Navarre : à nos Amés et féaux Conseillers, les gens tenants nos Cours de Parlement, Maîtres des Requêtés ordinaires de nôtre Hôtel, Grand Conseil Prévôt de Paris , Baillifs, Sénéchaux, leurs Lieutenants Civils, et autres nos justiciers qu'il appartiendra, SALUT : Notre bien amé le sieur DOMINIQUE BIANCOLELLI, Comédien ordinaire de notre très cher et très amé Oncle le Duc d'Orléans : Nous ayant fait supplier de lui accorder nos Lettres de permission, pour l'impression d'un Ouvrage qui a pour titre, Agnès de Chaillot. Nous avons permis et permettons par ces présentes au dit sieur DOMINIQUE BIANCOLELLI, de faire imprimer le dit Livre, en telle forme, marge, caractère, conjointement ou séparément, et autant de fois que bon lui semblera, et de le faire vendre et débiter par tout notre Royaume pendant le temps de trois années consécutives, à compter du jour de la date desdites présentes. Faisons défenses à tous imprimeurs, Libraires et autres personnes, de quelque qualité et condition qu'elles soient, d'en introduire d'impression étrangère dans aucun lieu de notre obéissance, à la charge que ces présentes seront enregistrées tout au long sur le Registre de la Communauté des Imprimeurs et Libraires de paris, et ce dans trois mois de la date d'icelles que l'impression dudit Livre sera faite, dans notre Royaume, et non ailleurs, en bon papier et en beaux caractères, conformément aux Règlements de la Librairie : et qu'avant que de l'exposer en vente, le manuscrit ou imprimé qui aura servi de copie à l'impression du dit Livre , sera remis dans le même état où l'Approbation y aura été donnée, es mains de notre très cher et féal Chevalier, Garde des Sceaux de France, le sieur Fleuriau d'Armenonville ; et qu'il en fera ensuite remis deux exemplaires dans notre Bibliothèque publique, un dans celle de notre Château du Louvre, et un dans celle de notre dit très cher et féal Chevalier, Garde des Sceaux de France, le sieur Fleuriau d'Armenonville : le tout à peine de nullité des présentes, du contenu desquelles vous mandons et enjoignons de faire jouir le dit exposant ou ses ayants causes, pleinement et paisiblement, sans souffrir qu'il lui soit fait aucun trouble ou empêchements. Voulons qu'à la Copie des dites présentes, qui sera imprimée tout au long au commencement ou à la fin du dit Livre, foi soit ajoutée comme à l'original : Commandons au premier notre huissier ou Sergent ; de faire pour l'exécution d'icelles, tous actes requis et nécessaires, sans demander autre permission et nonobstant Clameur de Haro, Charte Normande, et Lettres à ce contraires.</p>
			<p>Car, tel est notre plaisir. Donné à Paris le vingtième jour du mois d'août en l'an de grâce mil sept cens vingt-trois, et de notre règne le huitième.</p>
			<p>Par le Roi en son Conseil CARPOT.</p> 
			<p>Il est ordonné par l'édit du Roi du mois d'Août 1686. et Arrêt de son Conseil, que les Livres dont l'impression se permet par privilège de Sa Majesté, ne pourront être vendus que par un, imprimeur ou libraire.</p> 
			<p>Registre sur le Registre V de la Communauté des Imprimeurs et Libraires de Paris, page 328 N°616, conformément aux Règlements, et notamment à l'Arrêt du Conseil du 13 août 1703. À Paris le 4 Septembre 1723.</p>
			<p>Signé BALLARD , Syndic.</p>
			<p>Je soussigné cède à perpétuité à Monsieur Flahault, Libraire de la Comédie Italienne, une pièce de ma composition, intitulée : Agnès de Chaillot, suivant l'accord fait entre nous. À paris ce 21 août 1723.</p> 
			<p>DOMINIQUE BIANCOLELLI.</p>
			<p>Registré sur le Registre V. de la Communauté des Imprimeurs et libraires de Paris page 329 conformément aux Règlements, et notamment à l'Arrêt du Conseil du 13 Août 1703. À Paris, le 4 Septembre 1723.</p>
			<p>Signé BALLARD, Syndic.</p>
			</privilege>
			<acheveImprime id=""></acheveImprime>
			<approbation id='1713-08-23'><head>APPROBATION.</head>
			<p>J'ai lu par l'ordre de Monseigneur, le Garde des Sceaux , une Comédie qui a pour titre, AGNÈS DE CHAILLOT ; et j'ai jugé comme tout le Public que les tragédies les plus intéressantes peuvent fournir la matière d'une agréable parodie. FAIT à Paris, ce 23 Août 1723. DANCHET.</p>
			</approbation>
			<printer id=''>À PARIS, Chez FRANÇOIS FLAHAULT, Quai des Augustins, au coin de la rue Pavée, au Roi de Portugal.</printer>
		</docImprint>
		<performance>
			<premiere date='1723-07-24' location='Loge de Pellegrin'>Représentée pour la première fois par les comédiens Italiens le 24 juillet 1723.</premiere>
		</performance>
	<castList><head>ACTEURS de la Comédie</head>
		<castItem><role id="TRIVELIN" sex="1" type="H" statut="bailli" age="A" stat_amour='marié'>TRIVELIN</role> , ancien Baillif de Chaillot, surnommé le Justicier.</castItem>
		<castItem><role id="LA BAILLIVE" sex="2" type="H" statut="bourgeois" age="A" stat_amour='marié'>LA BAILLIVE</role>, sa femme.</castItem>
		<castItem><role id="PIERROT" sex="1" type="H" statut="bourgeois" age="J" stat_amour='néant'>PIERROT</role>, fils de Trivelin.</castItem>
		<castItem><role id="AGNÈS" sex="2" type="H" statut="servante" age="A" stat_amour='néant'>AGNÈS</role>, servante du Baillif, et mariée secrètement à Pierrot.</castItem>
		<castItem><role id="CROUTON" sex="1" type="H" statut="ambassadeur" age="A" stat_amour='néant'>CROUTON</role>, Ambassadeur de Gonnesse.</castItem>
		<castItem><role id="DEUX MITRONS" sex="1" type="H" statut="boulanger" age="J" stat_amour='néant'>DEUX MITRONS</role>.</castItem>
		<castItem><role id="ARLEQUIN" sex="1" type="H" statut="bedeau" age="A" stat_amour='néant'>ARLEQUIN</role>, bedeau et parent du Baillif.</castItem>
		<castItem><role id="LE MAGISTER" sex="1" type="H" statut="magistrat" age="A" stat_amour='néant'>LE MAGISTER</role>, personnage muet.</castItem>
		<castItem><role id="LE MARGUILLER" sex="1" type="H" statut="marguiller" age="A" stat_amour='néant'>LE MARGUILLER D'HONNEUR</role>, personnage muet.</castItem>
		<castItem><role id="LE CARILLONNEUR" sex="1" type="H" statut="carillonneur" age="A" stat_amour='néant'>LE CARILLONNEUR</role>, personnage muet.</castItem>
		<castItem><role id="QUATRE PAYSANS" sex="9" type="H" statut="paysan" age="A" stat_amour='néant'>QUATRE PAYSANS</role>.</castItem>
		<castItem><role id="QUATRE ENFANTS" sex="9" type="H" statut="paysan" age="E" stat_amour='néant'>QUATRE ENFANTS</role>.</castItem>
		<castItem><role id="LA NOURRICE" sex="2" type="H" statut="nourrice" age="A" stat_amour='néant'>LA NOURRICE des enfants</role>.</castItem>
		<castItem><role id="UN ARCHER" sex="1" type="H" statut="archer" age="A" stat_amour='néant'>UN ARCHER</role>.</castItem>
		<castItem><role id="PAYSANS et PAYSANNES" sex="9" type="H" statut="paysan" age="A" stat_amour='néant'>PAYSANS et PAYSANNES</role>;</castItem>
	</castList>
	<set location="Chaillot" country="France" periode="XVIIIème" gps="48.868933, 2.291559">La scène est à Chaillot, dans la Maison de Trivelin.</set>
	<note>Cette pièce est la parodie d'Inès de Castro de La Motte, tragédie en 5 actes, jouée pour la première fois le 6 avril 1723.</note>
</front>
<body>
<div1 type="act" n='1'><head></head>
<div2 type="scene" n='1'><head>SCÈNE PREMIÈRE. Le Baillif, La Baillive, Agnès, Quatre Paysans.</head>
<sp who="LE BAILLY"><speaker>LE BAILLY.</speaker>
<note type="C">Dans Inès de Castro, le rôle du Baillif est celui de Alphonse, roi du Portugal.</note>
<note type="C">Le premier hémistiche du vers 1 est identique dans les deux pièces.</note>
	<l id='1'>Mon fils ne me suit point ! Sans peine je l'excuse,</l>
	<l id='2'>Il vient de remporter le prix de l'arquebuse ;</l>
	<l id='3'>Il est encor tout plein de cet excès d'honneur,</l>
	<l id='4'>Mais de Gonnesse enfin, voici l'Ambassadeur.</l>
</sp>
<sp who="LA BAILLIVE"><speaker>LA BAILLIVE.</speaker>
<note type="C">La Baillive a comme équivalent la Reine dans la pièce parodiée.</note>	
	<l id='5'>Pour me dire ces mots faut-il tant de mystère ?</l>
	<l id='6'>Moi qui fus de Gonnesse, autrefois boulangère,</l>
	<l id='7'>Je dois bien le connaître, il se nomme Crouton,</l>
	<l id='8'>Mon fils depuis un an en a fait son mitron :</l>
	<l id='9'>Mais, Monsieur le Baillif toujours avec emphase,</l>
	<l id='10'>Vous nous faites valoir jusqu'à la moindre phrase.</l>
</sp>
<sp who="LE BAILLY"><speaker>LE BAILLY.</speaker>
	<l id='11'>Apprenez qu'un Baillif doit parler gravement,</l>
	<l id='12'>Mais de l'Ambassadeur, oyons le compliment.</l>
</sp>
</div2>
<div2 type="scene" n='2'><head>SCÈNE II. Le Bailly, La Baillive, Agnès, suite du Bailly, Crouton, Ambassadeur de Gonesse, et sa suite.</head>
<sp who="CROUTON"><speaker>CROUTON.</speaker>
<note type="C">Crouton est la parodie de l'Ambassadeur du roi de Castille.</note>
	<l id='13'>Je sommes députés des Bourgeois de Gonnesse,</l>
	<l id='14'>Qui vous marquent, par Nous, Baillif, leur allégresse,</l>
	<l id='15'>Ils sont tretous joyeux, que Monsieur votre fils</l>
	<l id='16'>De l'Arquebuse enfin ait remporté le prix ;</l>
	<l id='17'>Goûtez, Baillif, goûtez, non pas deux fois, mais quatre,</l>
	<l id='18'>La gloire que ce fils, sur vous a su rabattre :</l>
	<l id='19'>Ah ! Quel plaisir pour vous, de faire tant de bruit !</l>
	<l id='20'>Et d'être par un fils, rengendré , reproduit,</l>
	<l id='21'>Que vous êtes heureux ! Chez vous rien ne décline,</l>
	<l id='22'>Vous vendez votre son, mieux que votre farine ;</l>
	<l id='23'>Vous mettez tout en branle, et vos voeux sont contents</l>
	<l id='24'>J'en partageons la joie avec vos habitants ;</l>
	<l id='25'>Notre Maître surtout, de si bon coeur s'y livre,</l>
	<l id='26'>Que depuis avant hier il n'a cessé d'être ivre.</l>
</sp>
<sp who="LE BAILLY"><speaker>LE BAILLY.</speaker>
	<l id='27'>Votre Maître, Crouton, m'est uni doublement,</l>
	<l id='28'>Sa mère est mon épouse, on ne sait pas comment,</l>
	<l id='29'>Mais n'importe, cela ne fait rien à l'affaire ;</l>
	<l id='30'>Et le même Contrat qui m'unit à sa mère,</l>
	<l id='31'>Veut que mon fils Pierrot soit l'époux de sa soeur.</l>
</sp>
<sp who="LA BAILLIVE"><speaker>LA BAILLIVE.</speaker>
	<l id='32'>Sans que vous le disiez, on sait cela par coeur.</l>
</sp>
<sp who="LE BAILLY"><speaker>LE BAILLY.</speaker>
	<l id='33'>Ainsi dans nos enfants nous nous verrons renaître,</l>
	<l id='34'>Adieu... de mes desseins instruisez votre Maître,</l>
	<l id='35'>Dites-lui, que Pierrot épousera sa soeur.</l>
<stage type="exit">L'Ambassadeur se retire avec toute sa suite.</stage>
</sp>
</div2>
<div2 type="scene" n='3'><head>SCÈNE III. Le Bailif, La Bailive, Agnès.</head>
<sp who="LA BAILLIVE"><speaker>LA BAILLIVE.</speaker>
	<l id='36'>Vous renvoyez bientôt ce pauvre Ambassadeur,</l>
	<l id='37'>Vous deviez bien du moins le prier de la Noce ;</l>
	<l id='38'>Ou pour s'en retourner lui prêter votre rosse.</l>
	<l id='39'>Mais sur un autre fait discourons entre nous :</l>
	<l id='40'>Votre fils, que déjà ma fille aime en époux,</l>
	<l id='41'>Ne la regarde pas, elle est inconsolable.</l>
</sp>
<sp who="LE BAILLY"><speaker>LE BAILLY.</speaker>
	<l id='42'>Que m'apprenez-vous là, ce serait bien le diable,</l>
	<l id='43'>Pour Constance, Pierrot serait indifférent ?</l>
	<l id='44'>Il le faut excuser, les honneurs qu'on lui rend</l>
	<l id='45'>Lui montent à la tête, il en est dans l'ivresse,</l>
	<l id='46'>Car souvent les honneurs enivrent la jeunesse.</l>
</sp>
<sp who="LA BAILLIVE"><speaker>LA BAILLIVE.</speaker>
	<l id='47'>Il faut à son devoir ranger cet étourdi,</l>
	<l id='48'>Il a du coeur, il est entreprenant, hardi,</l>
	<l id='49'>Ne manque pas d'esprit, sa figure est gentille ,</l>
	<l id='50'>Il excelle au billard, et sait bien le quadrille ;</l>
	<l id='51'>Dans tout notre village, il n'a point son égal :</l>
	<l id='52'>Mais convenez aussi qu'il est un peu brutal.</l>
</sp>
<sp who="LE BAILLY"><speaker>LE BAILLY.</speaker>
	<l id='53'>Allez, ne craignez rien, je saurai le réduire,</l>
	<l id='54'>Reposez-vous, sur moi, ce mot doit vous suffire ;</l>
	<l id='55'>Je vais trouver Constance, et dans le même temps,</l>
	<l id='56'>À mon coquin de fils parler des grosses dents.</l>
</sp>
</div2>
<div2 type="scene" n='4'><head>SCÈNE IV.</head>
<sp stage="toward/work" who="LA BAILLIVE"><speaker>LA BAILLIVE à Agnès qui travaille en tapisserie.</speaker>
	<l id='57'>Agnès pour m'écouter, laissez-là votre ouvrage.</l>
	<l id='58'>Eh bien ! Que dites-vous de tout ce tripotage.</l>
</sp>
<sp stage="naive" who="AGNÈS"><speaker>AGNÈS, d'un air simple.</speaker>
	<l id='59' part="i">Moi, Madame ?</l>
</sp>
<sp who="LA BAILLIVE"><speaker>LA BAILLIVE.</speaker>
	<l id='59' part="f">Pierrot pourrait vous en conter,</l>
	<l id='60'>Souvent dans votre chambre, il va vous visiter :</l>
	<l id='61'>Êtes-vous sa maîtresse, ou bien sa confidente ?</l>
</sp>
<sp who="AGNÈS"><speaker>AGNÈS.</speaker>
	<l id='62'>Hélas ! Je suis, Madame, une pauvre innocente,</l>
	<l id='63'>Qui ne sait pas encore à quoi sert un amant.</l>
</sp>
<sp who="LA BAILLIVE"><speaker>LA BAILLIVE.</speaker>
	<l id='64'>Vous parlez en niaise, et pensez autrement.</l>
</sp>
<sp stage="sigh" who="AGNÈS"><speaker>AGNÈS, soupirant.</speaker>
	<l id='65'>Qui, moi ? Je ne sais pas ce que vous voulez dire.</l>
</sp>
<sp who="LA BAILLIVE"><speaker>LA BAILLIVE.</speaker>
	<l id='66' part="i">Vous soupirez je crois ?</l>
</sp>
<sp who="AGNÈS"><speaker>AGNÈS.</speaker>
	<l id='66' part="f">Non, c'est que je respire.</l>
</sp>
<sp who="LA BAILLIVE"><speaker>LA BAILLIVE.</speaker>
	<l id='67'>Vous appelez cela respirer ? Jour de Dieu,</l>
	<l id='68'>Si quelqu'un à ma fille arrachait un cheveu,</l>
	<l id='69'>C'est comme s'il osait me l'ôter à moi-même,</l>
	<l id='70'>Ma Fille est mon bijou, je la chéris, je l'aime ;</l>
	<l id='71'>Est-il rien de si beau que cette fille-là ?</l>
	<l id='72'>Sitôt qu'elle paraît, chacun dit... la voilà.</l>
	<l id='73'>Qu'elle vienne à sourire, ou tourner la prunelle,</l>
	<l id='74'>On entend soupirer tout le monde autour d'elle ;</l>
	<l id='75'>Et cependant je vois qu'on la méprise ici ;</l>
	<l id='76'>Mort de ma vie, il faut éclaircir tout ceci,</l>
	<l id='77'>Chargez-vous de ce soin, entendez-vous, ma mie ?</l>
	<l id='78'>Sachez par qui ma fille est aujourd'hui trahie,</l>
	<l id='79'>Apprenez-moi sur qui doivent tomber mes coups,</l>
	<l id='80'>Découvrez sa rivale, ou je m'en prends à vous.</l>
<stage type="exit">Elle s'en va.</stage>
</sp>
</div2>
<div2 type="scene" n='5'><head>SCÈNE V.</head>
<sp stage="alone" who="AGNÈS"><speaker>AGNÈS, seul.</speaker>
	<l id='81'>Ah Ciel ! Qu'ai-je entendu ? Quelle affreuse tempête,</l>
	<l id='82'>Si j'en crois ses transports, va fondre sur ma tête ?</l>
	<l id='83'>Heureuse en ce péril qui me glace d'effroi,</l>
	<l id='84'>Si je n'avais encor à craindre que pour moi.</l>
</sp>
</div2>
<div2 type="scene" n='6'><head>SCÈNE VI. Pierrot, Agnès.</head>
<sp who="AGNÈS"><speaker>AGNÈS.</speaker>
	<l id='85' part="i">Venez mon cher Pierrot.</l>
</sp>
<sp who="PIERROT"><speaker>PIERROT.</speaker>
	<l id='85' part="f">Je vous vois toute émue,</l>
	<l id='86' part="i">Qu'avez-vous belle Agnès ?</l>
</sp>
<sp who="AGNÈS"><speaker>AGNÈS.</speaker>
	<l id='86' part="f">Votre Agnès est perdue,</l>
	<l id='87'>On vous fait épouser Constance dès ce jour.</l>
</sp>
<sp who="PIERROT"><speaker>PIERROT.</speaker>
	<l id='88'>Et que deviendra donc chère Agnès notre amour ?</l>
</sp>
<sp who="AGNÈS"><speaker>AGNÈS.</speaker>
	<l id='89'>Ô trop funeste amour ! Avant que de m'y rendre,</l>
	<l id='90'>Vous savez quels efforts je fis pour m'en défendre.</l>
	<l id='91'>Un jour dans ma Cuisine entré secrètement,</l>
	<l id='92'>Vous vîntes me conter votre amoureux tourment ;</l>
	<l id='93'>Je vous priai cent fois de me laisser tranquille,</l>
	<l id='94'>Vous n'écoutâtes point ma prière inutile ;</l>
	<l id='95'>Et me serrant les mains, embrassant mes genoux?</l>
	<l id='96'>Vous fîtes éclater les transports les plus doux.</l>
	<l id='97'>Mais piqué des rigueurs de ma vertu mutine,</l>
	<l id='98'>Vous prîtes aussitôt le couteau de cuisine ;</l>
	<l id='99'>Je craignis pour vos jours, j'arrêtai vôtre main,</l>
	<l id='100'>Et je vous empêchai de vous percer le sein.</l>
	<l id='101'>Vous jetâtes le trouble, et l'effroi dans mon âme,</l>
	<l id='102'>Dès ce même moment je devins votre femme,</l>
	<l id='103'>Mais hélas, tout conspire aujourd'hui contre nous !</l>
	<l id='104'>On veut, mon cher Pierrot, briser des noeuds si doux.</l>
	<l id='105'>Votre marâtre enfin que la rage transporte,</l>
	<l id='106' part="i">Me soupçonne déjà...</l>
</sp>
<sp who="PIERROT"><speaker>PIERROT.</speaker>
	<l id='106' part="f">Que le diable l'emporte ;</l>
	<l id='107'>Mais n'appréhendez rien, je saurai vous venger,</l>
	<l id='108'>Si quelqu'un dans ces lieux ose vous outrager :</l>
	<l id='109'>Calmez-vous, belle Agnès, bannissez les alarmes ,</l>
	<l id='110'>Vos yeux ne sont point faits pour répandre des larmes,</l>
	<l id='111'>Ils doivent s'occuper à des emplois plus doux.</l>
	<l id='112'>Vous fîtes tout pour moi, je ferai tout pour vous.</l>
</sp>
<sp who="AGNÈS"><speaker>AGNÈS.</speaker>
	<l id='113'>Point de révolte au moins ; mon fils, qu'il vous, souvienne,</l>
	<l id='114'>Que lorsque je reçus votre main, vous la mienne,</l>
	<l id='115'>Avant que nous coucher, vous me promîtes bien ,</l>
	<l id='116' part="i">Que jamais contre un père...</l>
</sp>
<sp who="PIERROT"><speaker>PIERROT.</speaker>
	<l id='116' part="f">Ah ! Je ne promis rien,</l>
	<l id='117'>Que diable dans la tête, allez-vous donc vous mettre ?</l>
	<l id='118'>Ne pouvant rien prévoir, que pouvais-je promettre ?</l>
	<l id='119'>Savais-je que mon père , à soixante et quinze-ans,</l>
	<l id='120'>Reprendrait une femme avec de grands enfants ?</l>
	<l id='121'>Et que de cette femme on m'offrirait la fille,</l>
	<l id='122'>Pour ne faire par là qu'une seule famille ?</l>
	<l id='123'>Mais pour ne rien risquer dans des périls si grands,</l>
	<l id='124'>Fuyez, fuyez, Agnès, avec nos chers enfants ;</l>
	<l id='125'>Ces gages précieux de notre amour parfaite.</l>
</sp>
<sp who="AGNÈS"><speaker>AGNÈS.</speaker>
	<l id='126'>Non, non, je ne dois point songer à la retraite,</l>
	<l id='127'>Nous découvririons tout, laissez-moi dans ces lieux ;</l>
	<l id='128' part="i">Mais ne nous voyons plus.</l>
</sp>
<sp who="PIERROT"><speaker>PIERROT.</speaker>
	<l id='128' part="f">Chère Agnès, je le veux,</l>
	<l id='129'>Il faut vous obéir, mon père va m'entendre,</l>
	<l id='130'>Cachez bien l'intérêt que vous y pouvez prendre,</l>
	<l id='131'>Pour quelque temps encor, dissimulons nos feux ;</l>
	<l id='132'>Et faisons sur nos coeurs cet effort généreux ;</l>
	<l id='133'>Mais du moins baise-moi, la chose m'est permise,</l>
	<l id='134'>C'est une liberté que l'hymen autorise.</l>
</sp>
<sp who="AGNÈS"><speaker>AGNÈS.</speaker>
	<l id='135' part="i">Que me demandez-vous ?</l>
</sp>
<sp who="PIERROT"><speaker>PIERROT.</speaker>
	<l id='135' part="f">Rien qu'un petit baiser,</l>
	<l id='136'>Cette faveur, Agnès, ne peut se refuser,</l>
	<l id='137'>C'est tout ce qu'a présent mon amour se propose,</l>
	<l id='138'>Je me garderai bien d'exiger autre chose.</l>
</sp>
<sp who="AGNÈS"><speaker>AGNÈS.</speaker>
	<l id='139'>Hé bien soit... Mais j'ai peine à sortir de ce lieu,</l>
	<l id='140'>Nous nous disons peut-être un éternel adieu.</l>
<stage type="exit">Elle s'en va.</stage>
</sp>
</div2>
<div2 type="scene" n='7'><head>SCÈNE VII.</head>
<sp stage="alone" who="PIERROT"><speaker>PIERROT, seul.</speaker>
	<l id='141'>Attends ici mon père, il croira me confondre,</l>
	<l id='142'>Mais à bon chat, bon rat, je saurai lui répondre :</l>
	<l id='143'>Il vient. Constance ici devait suivre ses pas,</l>
	<l id='144'>Mais elle fera mieux de n'y paraître pas ;</l>
	<l id='145'>La belle vainement chercherait à me plaire,</l>
	<l id='146'>Sa présence en ces lieux n'est pas fort nécessaire.</l>
</sp>
</div2>
<div2 type="scene" n='8'><head>SCÈNE VIII. La Bailly, Pierrot.</head>
<sp who="LE BAILLY"><speaker>LE BAILLY.</speaker>
	<l id='147'>Je vous cherchais, mon fils, et je vous trouve ici.</l>
</sp>
<sp stage="proud" who="PIERROT"><speaker>PIERROT, d'un air fier.</speaker>
	<l id='148' part="i">À la bonne heure.</l>
</sp>
<sp who="LE BAILLY"><speaker>LE BAILLY.</speaker>
	<l id='148' part="f">Enfin, mon cher fils, Dieu merci,</l>
	<l id='149'>Vous avez comme il faut imité mon adresse,</l>
	<l id='150'>Aux jeux où l'on m'a vu briller dans ma jeunesse :</l>
	<l id='151'>Il s'agit de savoir, si dans d'autres exploits,</l>
<note type="L">Compère : se dit en discours ordinaire, de ceux qui sont bons amis et familiers ensemble. La plupart des bourgeois se nomment compères et rien n'est plus ordinaire entre eux que ces termes d'alliance. [F]</note>
	<l id='152'>Où l'on sait que j'étais un compère autrefois,</l>
	<l id='153'>Vous pourrez dignement égaler votre père :</l>
	<l id='154'>Je veux vous marier à Constance, et j'espère... </l>
	<l id='155' part="i">Vous secouez la tête, expliquez-vous.</l>
</sp>
<sp who="PIERROT"><speaker>PIERROT.</speaker>
	<l id='155' part="f">Hélas !</l>
	<l id='156'>Sans que je dise rien, ne m'entendez-vous pas ?</l>
</sp>
<sp who="LE BAILLY"><speaker>LE BAILLY.</speaker>
	<l id='157'>Ah ! J'entends, votre coeur ne ressent rien pour elle ?</l>
	<l id='158'>Elle n'est pas peut-être à vos yeux assez belle.</l>
	<l id='159'>Est-ce au fils d'un bailly de regarder aux traits ?</l>
	<l id='160'>Il ne doit consulter que ses seuls intérêts,</l>
	<l id='161'>Constance, en l'épousant, va vous mettre à votre aise ;</l>
	<l id='162'>Enfin, que sa beauté vous plaise, ou vous déplaise,</l>
	<l id='163'>Vous serez son époux, j'ai résolu cela,</l>
	<l id='164' part="i">J'ai donné ma parole.</l>
</sp>
<sp who="PIERROT"><speaker>PIERROT.</speaker>
	<l id='164' part="f">Hé bien, retirez-la.</l>
	<l id='165'>Quoi ! Le fils d'un bailly n'aura pas l'avantage,</l>
	<l id='166'>Qu'on ne refuse pas au dernier du village ?</l>
	<l id='167'>On veut jusqu'à ce point contraindre mon ardeur,</l>
	<l id='168'>Et je ne pourrai pas disposer de mon coeur ?</l>
</sp>
<sp who="LE BAILLY"><speaker>LE BAILLY.</speaker>
	<l id='169'>Nous avons un dédit d'une assez grosse somme,</l>
	<l id='170'>Et si de le payer, il faut que l'on me somme...</l>
</sp>
<sp who="PIERROT"><speaker>PIERROT.</speaker>
	<l id='171'>Faut-il à vos genoux me jeter ? M'y voila.</l>
</sp>
<sp who="LE BAILLY"><speaker>LE BAILLY.</speaker>
<note type="L">Tarare : mot burlesque pour dire quand on s'en sert, qu'on se moque de se que l'on dit. [F]</note>
	<l id='172'>Tarare... Il s'agit bien maintenant de cela,</l>
	<l id='173'>Il s'agit de payer, ou tenir ma promesse,</l>
<note type="L">Gonnesse : ville à 15 Km au nord-est de Paris.</note>
	<l id='174'>Sur moi je ne veux point attirer tout Gonnesse.</l>
</sp>
<sp who="PIERROT"><speaker>PIERROT.</speaker>
<note type="L">Manant : paysan, habitant dans un village, ou en métairie à la campagne. [F]</note>
	<l id='175'>Nos manants, s'il le faut, vous prêteront la main :</l>
	<l id='176'>Le Bailly d'un village en est le souverain :</l>
	<l id='177'>Des Mitrons peuvent-ils vous causer tant d'alarmes ?</l>
	<l id='178'>Dites un mot, je suis prêt à prendre les armes.</l>
	<l id='179'>Le plus affreux danger ne peut m'intimider,</l>
	<l id='180'>Dans un péril pressant, il faut tout hasarder,</l>
	<l id='181'>Rien ne me fait trembler, j'ai du coeur, de l'adresse</l>
	<l id='182'>J'ose dès à présent défier tout Gonnesse.</l>
	<l id='183'>En vain ses habitants s'armeraient contre vous,</l>
	<l id='184'>C'est assez de moi seul pour les abattre tous.</l>
</sp>
<sp who="LE BAILLY"><speaker>LE BAILLY.</speaker>
	<l id='185'>À cet emportement je ferai la réponse,</l>
	<l id='186'>Que fit en pareil cas à son fils Don Alphonse.</l>
	<l id='187'>Vos fureurs ne font pas une règle pour moi,</l>
<note type="C">le vers 188 est le vers 660 du Cid de Corneille, acte II, sc. 6, Don Fernand, et le vers 446 d'Ines de Castro de La Motte, Alphonse, Acte II, sc. 2 (1723).</note>
	<l id='188'>Vous parlez, en Soldat, je dois agir en Roi.</l>
</sp>
<sp who="PIERROT"><speaker>PIERROT.</speaker>
	<l id='189'>À quoi bon me citer ce beau vers de Corneille,</l>
	<l id='190'>Dont vous avez cent fois étourdi mon oreille.</l>
</sp>
<sp who="LE BAILLY"><speaker>LE BAILLY.</speaker>
	<l id='191'>Je crois que ce coquin se moque encor de moi !</l>
	<l id='192'>Oh ! vous m'obéirez, ou vous direz pourquoi.</l>
</sp>
<sp who="PIERROT"><speaker>PIERROT.</speaker>
	<l id='193'>Non, je ne ferai point ce qu'on veut que je fasse.</l>
</sp>
<sp who="LE BAILLY"><speaker>LE BAILLY.</speaker>
	<l id='194'>Vous le ferez, ou bien du logis je vous chasse t</l>
	<l id='195' part="i">En un mot, je le veux.</l>
</sp>
<sp who="PIERROT"><speaker>PIERROT.</speaker>
	<l id='195' part="f">Et moi ce que je suis</l>
	<l id='196'>Ne me permet aussi qu'un mot... je ne le puis.</l>
</sp>
</div2>
<div2 type="scene" n='9'><head>SCÈNE IX. La Baillive, Le Bailly, Pierrot, Agnès.</head>
<sp who="LA BAILLIVE"><speaker>LA BAILLIVE.</speaker>
	<l id='197'>Mon mari, pour le coup j'ai découvert l'affaire,</l>
	<l id='198'>Ne vous étonnez plus qu'à vos désirs contraire,</l>
	<l id='199'>Pour ma fille, Pierrot ne montre que mépris,</l>
	<l id='200'>Voilà l'indigne objet dont son coeur est épris.</l>
<stage type="show">En montrant Agnès.</stage>
</sp>
<sp who="LE BAILLY"><speaker>LE BAILLY.</speaker>
	<l id='201' part="i">Ma Servante !</l>
</sp>
<sp who="AGNÈS"><speaker>AGNÈS.</speaker>
	<l id='201' part="f">Ah ! Bon Dieu, moi! l'innocence même !</l>
</sp>
<sp who="PIERROT"><speaker>PIERROT.</speaker>
	<l id='202'>Ne désavouez point, Agnès, que je vous aime :</l>
	<l id='203'>À quoi bon ces détours ? Il n'en faut plus chercher,</l>
	<l id='204'>Mon amour est trop grand pour le pouvoir cacher.</l>
</sp>
<sp stage="toward" who="LE BAILLY"><speaker>LE BAILLY, à Agnès.</speaker>
<note type="L">Mijaurée : terme populaire et injurieux, que les femmes disent à Paris, quand elles se querellent. [F]</note>
	<l id='205'>Cela serait-il vrai petite mijaurée,</l>
	<l id='206'>Qui faites devant nous la sotte et la sucrée ?</l>
</sp>
<sp who="PIERROT"><speaker>PIERROT.</speaker>
	<l id='207'>Ah ! Faites sur moi seul, tomber votre courroux,</l>
	<l id='208' part="i">Agnès n'est point coupable, et jamais...</l>
</sp>
<sp who="LE BAILLY"><speaker>LE BAILLY.</speaker>
	<l id='208' part="f">Taisez-vous,</l>
	<l id='209'>Ma femme, entre vos mains, je remets la coquine,</l>
	<l id='210'>Allez la renfermer, à clef, dans la cuisine.</l>
</sp>
<sp who="PIERROT"><speaker>PIERROT.</speaker>
	<l id='211'>Ah ! Quel ordre barbare ! Agnès, ma chère Agnès,</l>
	<l id='212'>Quoi ! Je ne verrais plus de si charmants attraits !</l>
	<l id='213'>Je ne permettrai point qu'elle me soit ravie,</l>
	<l id='214'>Et je souffrirais moins si l'on m'ôtait la vie.</l>
</sp>
<sp who="LE BAILLY"><speaker>LE BAILLY.</speaker>
	<l id='215' part="i">Vous ne la verrez plus.</l>
</sp>
<sp who="PIERROT"><speaker>PIERROT.</speaker>
	<l id='215' part="f">Ah ! Mon Père, arrêtez ;</l>
	<l id='216'>En quelles mains, hélas ! La laissez-vous ?</l>
</sp>
<sp who="LE BAILLY"><speaker>LE BAILLY.</speaker>
	<l id='217' part="i">Sortez.</l>
</sp>
<sp who="PIERROT"><speaker>PIERROT.</speaker>
	<l id='217' part="f">Quelqu'un va le payer, ou je me donne au diable.</l>
	<l id='218'>Je sors ; mais je crains bien de revenir coupable.</l>
</sp>
<sp stage="toward" who="LE BAILLY"><speaker>LE BAILLY, à sa femme.</speaker>
	<l id='219'>Avertissez nos gens de l'observer de près,</l>
	<l id='220'>Tandis que je m'en vais entretenir Agnès.</l>
</sp>
</div2>
<div2 type="scene" n='10'><head>SCÈNE X. Le Bailly, Agnès.</head>
<sp who="LE BAILLY"><speaker>LE BAILLY.</speaker>
	<l id='221'>Oh ça, ma chère Agnès, parlons sans nous contraindre</l>
	<l id='222'>Quelque sujet que j'aie aujourd'hui de me plaindre,</l>
	<l id='223'>Je vous aime, et je veux vous prendre par douceur.</l>
	<l id='224'>Mon fils nourrit pour vous une coupable ardeur,</l>
	<l id='225'>Tâchez de l'en guérir. Vous savez que Constance,</l>
	<l id='226'>Doit faire, avec Pierrot, une étroite alliance,</l>
	<l id='227'>Avec un bon garçon, je veux vous marier,</l>
	<l id='228'>Feu votre aïeul était mon père nourricier ;</l>
	<l id='229'>Le bonhomme pour moi signalant sa tendresse,</l>
	<l id='230'>Avec un soin extrême éleva ma jeunesse ;</l>
	<l id='231'>Il était l'écrivain du Procureur Fiscal,</l>
	<l id='232'>Et dans tous les procès son faux témoin banal :</l>
	<l id='233'>Aussi bien que son maître, il savait la Pratique,</l>
<note type="L">Chicane : abus de procédures judiciaires, quand on s'en sert pour délayer, tromper ou surprendre les juges ou les parties. Se dit encore de toutes les disputes et contestations qui se font dans les affaires et négociations civiles. [F]</note>
	<l id='234'>De la chicane enfin, il m'apprit la rubrique :</l>
	<l id='235'>Et comment, sans aller voler sur le chemin,</l>
	<l id='236'>On pouvait s'emparer du bien de son voisin.</l>
	<l id='237'>Mais il m'apprit encor, ce vieillard respectable,</l>
	<l id='238'>Qu'un père pour son fils doit être inexorable.</l>
	<l id='239'>Qu'il doit le châtier, et ne ménager rien,</l>
	<l id='240'>Surtout, quand il épouse une fille sans bien,</l>
	<l id='241'>Et que l'on ne peut trop punir une servante,</l>
	<l id='242'>Quand elle est assez vaine, assez impertinente,</l>
	<l id='243'>Pour oser s'amuser au fils de la maison.</l>
	<l id='244'>De votre sage aïeul, telle fut la leçon ;</l>
	<l id='245'>Chère Agnès, et pour prix de ma reconnaissance,</l>
	<l id='246'>Vos services auront bientôt leur récompense.</l>
<note type="L">Bedeau : c'était autrefois un sergent dans les justices subalternes ; et le sergents royaux, quand ils plaident contre eux, les qualifient encore de ce nom. En effet, il servent de porte-verges dans les églises des juridictions ecclésiastiques, comme on voit encore à Saint-Germain-des-Prés. [F]</note>
	<l id='247'>Arlequin, le bedeau, peut vous donner un rang,</l>
	<l id='248'>Vous savez qu'il vous aime, et qu'il est de mon sang :</l>
	<l id='249'>À l'épouser demain, chère Agnès, soyez prête,</l>
	<l id='250'>Je m'oblige à vous faire un trousseau fort honnête.</l>
</sp>
<sp who="AGNÈS"><speaker>AGNÈS.</speaker>
	<l id='251'>Pourrais-je me résoudre à lui donner ma foi,</l>
	<l id='252' part="i">Quand je ne l'aime point ?</l>
</sp>
<sp who="LE BAILLY"><speaker>LE BAILLY.</speaker>
	<l id='252' part="f">Agnès, écoutez-moi.</l>
	<l id='253'>Avec ce mien parent, si l'hymen vous engage,</l>
	<l id='254'>Moi-même je ferai les frais du mariage..</l>
	<l id='255'>Choisissez, d'un quartier de vignes, ou de pré,</l>
	<l id='256'>Foi de Bailly d'honneur, je vous le donnerai.</l>
	<l id='257'>Votre aïeul m'est si cher, j'honore tant sa cendre,</l>
	<l id='258'>Qu'il n'est rien que de moi vous ne deviez attendre :</l>
	<l id='259'>Pour faire voir à tous, que le dernier vassal</l>
	<l id='260'>Qui forme les Baillis est presque leur égal,</l>
</sp>
<sp who="AGNÈS"><speaker>AGNÈS.</speaker>
	<l id='261'>Le bedeau, je l'avoue, est homme de mérite,</l>
	<l id='262'>Mais de cette faveur, de bon coeur je vous quitte,</l>
	<l id='263'>C'est répondre fort mal à mes intentions,</l>
	<l id='264'>Que de payer ainsi vos obligations.</l>
	<l id='265'>En faveur d'un aïeul votre reconnaissance</l>
	<l id='266'>Éclate vainement, et je vous en dispense ;</l>
	<l id='267'>Car si c'est à ce prix que vous vous acquittez,</l>
	<l id='268'>Je me passerai bien de toutes vos bontés.</l>
</sp>
<sp who="LE BAILLY"><speaker>LE BAILLY.</speaker>
	<l id='269'>Qu'entends-je ! À ce discours, je ne puis rien comprendre :</l>
	<l id='270'>À la main de mon fils, oseriez-vous prétendre ?</l>
	<l id='271'>Ah ! Si je le savais, je vous ferais bien voir,</l>
<note type="C">"Brave mon pouvoir", voir le Comte d'Essex de Thomas Corneille (1678), vers 739.</note>
	<l id='272'>Que ce n'est point en vain qu'on brave mon pouvoir.</l>
	<l id='273'>Mais quoi y vous rougissez, et vous baissez la vue...</l>
	<l id='274'>Agnès, c'est pour le coup que vous seriez perdue ;</l>
	<l id='275'>Et je me servirais de mon autorité,</l>
	<l id='276'>Pour vous mettre bientôt en lieu de sûreté.</l>
</sp>
</div2>
<div2 type="scene" n='11'><head>SCÈNE XI. La Baillive, Le Bailly, Agnès.</head>
<sp who="LA BAILLIVE"><speaker>LA BAILLIVE.</speaker>
	<l id='277'>Ah ! Vraiment mon mari, voici bien du tapage,</l>
	<l id='278'>Votre fils animé de fureur et de rage,</l>
	<l id='279'>Malgré votre défense a forcé la maison ;</l>
	<l id='280'>Nos gens qu'il a chargés de cent coups de bâton,</l>
	<l id='281'>N'ont pu lui résister, il a su les abattre,</l>
	<l id='282'>Et pour ravoir Agnès, il fait le diable à quatre.</l>
</sp>
<sp who="LE BAILLY"><speaker>LE BAILLY.</speaker>
	<l id='283'>Malheur que je n'ai pu prévoir, ni prévenir !</l>
	<l id='284'>Mais tout coup vaille ; allons... me perdre... ou le punir.</l>
</sp>
</div2>
<div2 type="scene" n='12'><head>SCÈNE XII. La Baillive, Agnès.</head>
<sp who="LA BAILLIVE"><speaker>LA BAILLIVE.</speaker>
	<l id='285'>Vous vous faites aimer d'une étrange manière,</l>
	<l id='286'>Et voilà bien du train pour une cuisinière.</l>
	<l id='287'>Le beau charivari que vous causez chez nous !</l>
	<l id='288'>Vous avez tant d'attraits, que pour l'amour de vous,</l>
	<l id='289'>Votre galant ici fait naître le désordre,</l>
	<l id='290'>Et nous donne aujourd'hui bien du fil à retordre.</l>
</sp>
<sp who="AGNÈS"><speaker>AGNÈS.</speaker>
	<l id='291'>N'insultez pas du moins, Madame, à ma douleur,</l>
	<l id='292'>Et lorsque de Pierrot, je prévois le malheur,</l>
	<l id='293'>Bien loin d'être insensible au chagrin qui m'accable,</l>
	<l id='294'>Laissez-moi le plaisir de le pleurer coupable.</l>
</sp>
<sp who="LA BAILLIVE"><speaker>LA BAILLIVE.</speaker>
	<l id='295'>Vous avez animé ce petit libertin,</l>
	<l id='296'>Agnès, votre malheur n'en est que plus certain,</l>
	<l id='297'>Puisque vous révoltez le fils contre le père,</l>
	<l id='298'>Redoutez les effets de ma juste colère.</l>
</sp>
<sp who="AGNÈS"><speaker>AGNÈS.</speaker>
	<l id='299'>Madame, puis-je craindre un impuissant courroux,</l>
	<l id='300'>Quand je suis aujourd'hui plus à plaindre que vous.</l>
	<l id='301'>Dans ce qu'a fait Pierrot, que trouvez-vous d'étrange ?</l>
</sp>
<sp who="LA BAILLIVE"><speaker>LA BAILLIVE.</speaker>
	<l id='302'>Je crève de dépit, et la main me démange...</l>
	<l id='303'>Mais son galant paraît ; qui le conduit ici ?</l>
	<l id='304'>Quoiqu'il en soit, sachons ce que fait le Bailly.</l>
</sp>
</div2>
<div2 type="scene" n='13'><head>SCÈNE XIII. Pierrot l'épée à la main, Agnès.</head>
<sp who="PIERROT"><speaker>PIERROT.</speaker>
	<l id='305'>Grâce au ciel, escorté d'une troupe mutine,</l>
	<l id='306'>Je puis vous dérober au sort qu'on vous destine.</l>
	<l id='307'>De ces funestes lieux, ma chère, éloignons-nous.</l>
	<l id='308'>Venez Agnès, venez, et suivez votre époux.</l>
</sp>
<sp who="AGNÈS"><speaker>AGNÈS.</speaker>
	<l id='309'>Qu'avez-vous fait, cruel, quel horrible tapage !</l>
	<l id='310'>Ah ! Que je me repens de notre mariage !</l>
	<l id='311'>Voilà donc tout le fruit d'un funeste lien ?</l>
	<l id='312'>Votre crime aujourd'hui m'éclaire sur le mien,</l>
	<l id='313'>Contre nous vous avez ranimé votre père,</l>
	<l id='314'>Nous serons les objets de sa juste colère ;</l>
	<l id='315'>Qu'allons-nous devenir , hélas ! Ce sont vos rats</l>
	<l id='316'>Qui me jettent, cruel, dans tout cet embarras,</l>
</sp>
<sp who="PIERROT"><speaker>PIERROT.</speaker>
	<l id='317'>Moquons-nous, de cela, prenons tous deux la fuite,</l>
	<l id='318'>Nous pourrons de mon père, éviter la poursuite,</l>
	<l id='319' part="i">Hâtez-vous ; suivez-moi.</l>
</sp>
<sp who="AGNÈS"><speaker>AGNÈS.</speaker>
	<l id='319' part="f">Non, ne l'espérez pas.</l>
	<l id='320'>Pierrot, je crains le crime, et non pas le trépas :</l>
	<l id='321'>Cette indigne action irrite ma colère,</l>
	<l id='322'>Allez, dès ce moment apaiser votre père,</l>
	<l id='323'>Et sans pousser plus loin vos transports furieux,</l>
	<l id='324'>Méritez votre grâce, ou mourrez à ses yeux ;</l>
	<l id='325'>Je souffrirai bien moins du destin qui m'accable,</l>
	<l id='326'>À vous perdre innocent, qu'à vous sauver coupable.</l>
</sp>
<sp who="PIERROT"><speaker>PIERROT.</speaker>
	<l id='327'>Les plaisants sentiments, vous avez l'air naïf,</l>
	<l id='328'>Ainsi je vous plairais beaucoup plus mort que vif,</l>
	<l id='329'>Je vous suis obligé de votre courtoisie ,</l>
	<l id='330'>Mais, mon père paraît, vous le voyez, ma mie,</l>
	<l id='331'>Si nous étions sortis, il arrivait trop tard.</l>
</sp>
</div2>
<div2 type="scene" n='14'><head>SCÈNE XIV. Le Billy, La Baillive, Agnès, Pierrot.</head>
<sp stage="watch" who="LE BAILLY"><speaker>LE BAILLY, sans voir Pierrot.</speaker>
	<l id='332'>Où pourrais-je trouver mon fripon, mon pendard !</l>
	<l id='333'>Si je l'attrape, il va payer pour tous les autres ;</l>
	<l id='334'>Ah ! Ah ! Le beau garçon, vous faites donc des vôtres ?</l>
	<l id='335'>Coquin, rends ton épée ou m'en perce le sein ;</l>
	<l id='336' part="i">Viens, avance...</l>
</sp>
<sp stage="throw" who="PIERROT"><speaker>PIERROT jetant son épée.</speaker>
	<l id='336' part="f">Ce mot l'arrache de ma main,</l>
	<l id='337'>Il me ferait beau voir vous pousser une botte,</l>
	<l id='338'>Je voulais enlever mon Agnès, mais la sotte</l>
	<l id='339'>N'a pas voulu me suivre, ainsi vous voyez bien,</l>
	<l id='340'>Que dans ce que j'ai fait elle ne trempe en rien,</l>
	<l id='341'>C'est sur moi seul que doit tomber votre colère,</l>
	<l id='342'>Agnès n'est point coupable, et je le réitère...</l>
</sp>
<sp who="LE BAILLY"><speaker>LE BAILLY.</speaker>
	<l id='343'>Cesse de t'occuper de ces frivoles soins,</l>
	<l id='344'>Tu la servirais mieux, en la défendant moins :</l>
	<l id='345' part="i">Je sais ce que j'en crois.</l>
</sp>
<sp who="PIERROT"><speaker>PIERROT.</speaker>
	<l id='345' part="f">S'il faut qu'on la punisse,</l>
	<l id='346'>Ne perdez point de temps, hâtez donc mon supplice ;</l>
	<l id='347'>Sinon, vous me verrez encor plus furieux,</l>
	<l id='348'>Dès demain assommer, briser tout en ces lieux.</l>
	<l id='349'>Par des torrents de sang, s'il fallait les répandre,</l>
	<l id='350'>J'irai venger Agnès, n'ayant pu la défendre,</l>
	<l id='351'>Et je n'excepterai dans un tel désespoir, </l>
	<l id='352'>Que vous seule et Constance ; adieu, jusqu'au revoir.</l>
</sp>
</div2>
<div2 type="scene" n='14'><head>SCÈNE XV. Le Bailly, La Baillive, Agnès, Suite.</head>
<sp who="LE BAILLY"><speaker>LE BAILLY.</speaker>
	<l id='353'>Voyez-vous ce coquin, comme encor il me brave ?</l>
	<l id='354'>Qu'on aille l'enfermer dans le fond de ma cave ;</l>
	<l id='355'>Prévenons la fureur d'un tel emportement.</l>
<stage type="toward">À la Baillive.</stage>
	<l id='356'>Et vous, gardez toujours Agnès soigneusement.</l>
</sp>
</div2>
<div2 type="scene" n='16'><head>SCÈNE XVI.</head>
<sp stage="alone" who="LE BAILLY"><speaker>LE BAILLY, seul.</speaker>
	<l id='357'>Quelques réflexions sont ici nécessaires,</l>
	<l id='358'>Pour balancer les droits des baillis et des pères.</l>
	<l id='359'>Eh bien ! Bailly, tu dois punir un criminel !</l>
	<l id='360'>Quoi, Père, pourras-tu te montrer si cruels ?</l>
	<l id='361'>Bailly, point de quartier, exerce la justice...</l>
	<l id='362'>Père, ne permets pas que ton cher fils périsse.</l>
	<l id='363'>Non, je le punirai, c'est l'arrêt du Bailli...</l>
	<l id='364'>Oh ! Non pas, s'il vous plaît, vous en aurez menti.</l>
	<l id='365'>Punissons... pardonnons... soyons dur... soyons tendre.</l>
	<l id='366'>Hélas ! Dans cet état, quel conseil dois-je prendre !</l>
<note type="L">Marguillier : celui qui a l'administration temporelle d'une église, d'une paroisse, qui a soin de la fabrique et de l'oeuvre. [F]</note>
	<l id='367'>Faites entrer les Grands ; le Marguiller d'honneur,</l>
	<l id='368'>Le bedeau mon parent, et le carillonneur,</l>
	<l id='369'>Avec le magister ; dans une telle affaire ,</l>
	<l id='370'>L'avis de ces messieurs me sera nécessaire.</l>
</sp>
</div2>
<div2 type="scene" n='17'><head>SCÈNE XVII. Le Magister, Arlequin Bedeau, Le Marguiler, La Carillonneur, Le Bailly, après qu'ils se sont assis.</head>
<sp who="LE BAILLY"><speaker>LE BAILLY.</speaker>
	<l id='371'>Je vois à ce soupir, à ces pleurs, ce sanglot,</l>
	<l id='372'>Que vous êtes instruits des frasques de Pierrot :</l>
	<l id='373'>Que les enfants gâtés causent de maux aux pères !</l>
	<l id='374'>Vous êtes mes parents, mes amis, mes compères,</l>
	<l id='375'>De grâce, honorez-moi, de vos sages avis,</l>
	<l id='376'>Il s'agit de punir ou d'absoudre mon fils.</l>
	<l id='377'>Chaque jour à mes yeux son insolence augmente ;</l>
	<l id='378'>Et non content d'avoir débauché ma servante</l>
	<l id='379'>Il a presque assommé mon clerc, mon jardinier.</l>
	<l id='380'>À qui donc désormais pourrais-je me fier ?</l>
	<l id='381'>Un fils pour qui j'ai fait éclater ma tendresse,</l>
	<l id='382'>Ose pousser si loin sa fureur vengeresse !</l>
	<l id='383'>J'en dois faire un exemple, il m'a désobéi,</l>
<note type="L">Mississipi : au XVIIIème siècle, colonie française d'Amérique du Nord mais aussi fleuve des États-Unis.</note>
	<l id='384'>Je le ferai partir pour le Mississipi ;</l>
	<l id='385'>Et me laissant guider par ma juste colère,</l>
<note type="L">Salpêtrière : au XVIIIème siècle, immense hospice pour femmes âgées, infirmes et folles [B], au XXIème siècle, grand hôpital parisien situé près de la Gare d'Austerlitz.</note>
	<l id='386'>Je mettrai ma servante à la Salpêtrière.</l>
	<l id='387' part="i">Vous, Arlequin, parlez.</l>
</sp>
<sp who="ARLEQUIN"><speaker>ARLEQUIN.</speaker>
	<l id='387' part="f">On ne saurait nier</l>
	<l id='388'>Que toujours le bedeau doit marcher le premier ;</l>
	<l id='389'>Mais j'attendais, Bailly, pour rompre le silence,</l>
	<l id='390'>Que votre autorité m'en donnât la licence,</l>
	<l id='391'>Je vais donc vous parler sans feinte et sans détour ;</l>
	<l id='392'>Vous savez, pour Agnès, jusqu'où va mon amour,</l>
	<l id='393'>Et puisqu'il faut ici que tout mon coeur s'épanche,</l>
	<l id='394'>Je comptais sûrement la tenir dans ma manche ;</l>
	<l id='395'>Mais j'ai fort mal compté. Pour mes feux quel échec !</l>
	<l id='396'>Votre fils m'a passé la plume par le bec ;</l>
	<l id='397'>Et quoiqu'il soit l'auteur de mon sort déplorable,</l>
	<l id='398'>Je ne puis le haïr, car je suis un bon diable.</l>
	<l id='399'>Vous vous plaignez qu'il a forcé votre maison ;</l>
	<l id='400'>S'il vous avait donné quelques coups de bâton,</l>
	<l id='401'>Il aurait plus de tort ; excusez la jeunesse </l>
	<l id='402'>Il ne venait ici, qu'enlever sa maîtresse :</l>
	<l id='403'>Et quoique l'action vous semble un attentat,</l>
	<l id='404'>Je n'y vois pas de quoi faire fesser un chat.</l>
	<l id='405'>Rendez-lui son Agnès ; s'il le faut qu'il l'épouse ;</l>
	<l id='406'>Ce mot sort à regret d'une bouche jalouse,</l>
	<l id='407'>Mais, puisque vous voulez enfin le châtier,</l>
	<l id='408'>Le meilleur châtiment est de le marier ;</l>
	<l id='409'>Il en enragera, dans quatre jours peut-être,</l>
<note type="L">Petit maître : Fig. et familièrement. Petit-maître, jeune homme qui a de la recherche dans sa parure, et un ton avantageux avec les femmes. [L]</note>
	<l id='410'>Sa femme rabattra ses airs de petit maître,</l>
	<l id='411'>Pour ranger la jeunesse, il n'est que ce moyen,</l>
	<l id='412'>Mon avis est fort bon, le vôtre ne vaut rien.</l>
	<l id='413'>Nous avons de l'esprit, et rien ne s'y dérobé,</l>
	<l id='414'>Nous ne sommes pas sots, nous autres gens de robe.</l>
</sp>
<sp who="LE BAILLY"><speaker>LE BAILLY.</speaker>
	<l id='415'>Magister, c'est à vous de dire votre avis.</l>
</sp>
<sp who="LE MAGISTER"><speaker>LE MAGISTER.</speaker>
	<l id='416'>Il le faut avouer, j'estime votre fils,</l>
	<l id='417'>Son amitié pour moi ne s'est point ralentie,</l>
	<l id='418'>Et je ne puis nier que je lui dois la vie.</l>
	<l id='419'>Un jour, que j'étais ivre, il m'en souvient toujours,</l>
	<l id='420'>Ce généreux garçon me prêta son secours.</l>
	<l id='421'>Accablé de sommeil, étendu dans la place,</l>
	<l id='422'>Moi-même j'eusse été l'auteur de ma disgrâce ;</l>
	<l id='423'>Une charrette allait me passer sur le corps,</l>
	<l id='424'>Quand pour me relever il fait plusieurs efforts,</l>
	<l id='425'>Me charge sur son dos, fier de son entreprise,</l>
<note type="L">Énée et Anchise : personnages de l'Illiade d'Homère qui fuirent Troie après sa destruction par les grecs.</note>
	<l id='426'>Comme Énée autrefois, porta son père Anchise,</l>
	<l id='427'>Pourtant, quoique sensible aux bontés de ce fils,</l>
	<l id='428' part="i">Si j'osais m'expliquer...</l>
</sp>
<sp who="LE BAILLY"><speaker>LE BAILLY.</speaker>
	<l id='428' part="m">Achevez.</l>
</sp>
<sp who="LE MAGISTER"><speaker>LE MAGISTER.</speaker>
	<l id='428' part="f">J'obéis.</l>
	<l id='429'>Si vous ne punissez une telle insolence,</l>
	<l id='430'>Jamais vous ne serez chez vous en assurance :</l>
	<l id='431'>Puisque vous êtes Juge, il faut le condamner,</l>
<note type="L">Morigéner : corriger ; instruire, former aux bonnes moeurs. Ceux qui disent moriginer parlent mal. [F]</note>
	<l id='432'>Et vous ferez fort bien de le moriginer.</l>
	<l id='433'>Son sort me fait pitié, j'en pleure, j'en soupire ;</l>
	<l id='434'>Mais aux ordres d'un père, un enfant doit souscrire.</l>
	<l id='435'>C'est un petit mutin ; quoi qu'il m'ait bien servi,</l>
	<l id='436'>Je conclus avec vous, pour le Mississipi.</l>
</sp>
<sp stage="toward" who="LE BAILLY"><speaker>LE BAILLY, aux autres Conseillers.</speaker>
	<l id='437'>Vous ne me dites rien, vous gardez le silence,</l>
	<l id='438'>Messieurs, ah ! Je sais trop ce qu'il faut que j'en pense :</l>
	<l id='439'>Qui ne dit mot consent. Je condamne mon fils,</l>
	<l id='440'>Je ne demande point là-dessus vos avis,</l>
	<l id='441'>La chose est inutile, et n'en vaut pas la peine,</l>
	<l id='442'>Car vous n'êtes ici que pour orner la scène.</l>
</sp>
</div2>
<div2 type="scene" n='18'><head>SCÈNE XVIII.</head>
<sp stage="alone" who="LE BAILLY"><speaker>LE BAILLY, seul.</speaker>
	<l id='443'>Mon fils va donc partir pour le Mississipi ;</l>
	<l id='444'>Mais que deviendras-tu quand il sera parti ?</l>
	<l id='445'>Bailly trop malheureux ? Te voila sans lignée !</l>
	<l id='446'>Tu n'en peux espérer d'un second hyménée ?</l>
	<l id='447'>Ta race va finir, quel malheur pour l'État !</l>
	<l id='448'>Dois-je immoler un fils aux clauses d'un contrat ?</l>
	<l id='449'>Chacun avec raison dira que je radote,</l>
	<l id='450'>Et l'on m'enrôlera bientôt dans la calotte.</l>
</sp>
</div2>
<div2 type="scene" n='19'><head>SCÈNE XIX. Un Paysan, Le Bailly.</head>
<sp stage="toward" who="LE BAILLY"><speaker>LE BAILLY au Paysan.</speaker>
	<l id='451' part="i">Que me veut-on ?</l>
</sp>
<sp who='LE PAYSAN'><speaker>LE PAYSAN.</speaker>
	<l id='451' part="f">Agnès demande à vous parler :</l>
	<l id='452'>Elle a quelques secrets, dit-elle, à révéler.</l>
</sp>
<sp who="LE BAILLY"><speaker>LE BAILLY.</speaker>
	<l id='453' part="i">Qu'elle entre.</l>
</sp>
</div2>
<div2 type="scene" n='20'><head>SCÈNE XX. Agnès, Le Bailly, Un Archer.</head>
<sp who="LE BAILLY"><speaker>LE BAILLY.</speaker>
	<l id='453' part="f">Approchez-vous, venez la belle fille,</l>
	<l id='454'>Qui mettez le désordre en toute ma famille.</l>
</sp>
<sp who="AGNÈS"><speaker>AGNÈS.</speaker>
	<l id='455'>Votre courroux est juste, et loin de vous blâmer,</l>
	<l id='456'>Je sais que contre moi tout doit vous animer ;</l>
	<l id='457'>Je ne résiste point au coup qui me menace,</l>
	<l id='458'>Mais daignez m'accorder une dernière grâce.</l>
	<l id='459'>À mes voeux empressés ne la refusez pas :</l>
	<l id='460'>Ordonnez à l'Archer qui suit ici mes pas,</l>
	<l id='461'>Qu'il fasse exactement ce que j'ai su lui dire,</l>
	<l id='462'>C'est la seule faveur à laquelle j'aspire,</l>
	<l id='463'>Dans l'état où je fuis j'ose la demander.</l>
</sp>
<sp who="LE BAILLY"><speaker>LE BAILLY.</speaker>
	<l id='464' part="i">Faites ce qu'elle veut.</l>
</sp>
<sp stage="toward" who="AGNÈS"><speaker>AGNÈS, à l'Archer.</speaker>
	<l id='464' part="f">Revenez sans tarder.</l>
	<l id='465'>Enfin je vais parler, rien ne doit me contraindre,</l>
	<l id='466'>De toutes vos fureurs je n'ai plus rien à craindre ;</l>
	<l id='467'>Bailly, que la pitié ne vous retienne plus,</l>
	<l id='468'>Tous mes crimes encor ne vous sont pas connus.</l>
	<l id='469'>Armez contre mes jours votre pouvoir suprême,</l>
	<l id='470'>Pour votre aimable fils, ma tendresse est extrême ;</l>
	<l id='471'>Et loin de redouter, votre juste courroux,</l>
	<l id='472'>Je vous dirai bien plus, Pierrot est mon époux.</l>
</sp>
<sp who="LE BAILLY"><speaker>LE BAILLY.</speaker>
	<l id='473'>Votre époux ! Ciel, qu'entends-je ! Ah ! Friponne, ah ! Coquine !</l>
	<l id='474'>Avez-vous oublié votre basse origine ?</l>
	<l id='475'>Mais pourquoi m'avouer si tard un tel secret,</l>
	<l id='476'>Dès le commencement, vous deviez l'avoir fait,</l>
	<l id='477'>Vous dire de mon fils épouse, et non maîtresse,</l>
	<l id='478'>Mais vous avez voulu faire durer la pièce ;</l>
	<l id='479'>Pour étaler ici tous ces beaux sentiments,</l>
	<l id='480'>Que j'ai lus et relus cent fois dans les Romans.</l>
	<l id='481' part="i">Mon fils en pâtira...</l>
</sp>
<sp who="AGNÈS"><speaker>AGNÈS.</speaker>
	<l id='481' part="f">Suivez-donc vos maximes,</l>
	<l id='482'>On vous amène encor de nouvelles victimes,</l>
	<l id='483'>Voici du fruit nouveau qui vous est présenté ;</l>
	<l id='484'>Voyons, si d'un Bailly toute la dureté,</l>
	<l id='485' part="i">Pourra...</l>
</sp>
<sp who="LE BAILLY"><speaker>LE BAILLY.</speaker>
	<l id='485' part="f">Dans ce moment, ma fureur redoublée...</l>
	<l id='486' part="i">Mais que vois-je ?</l>
</sp>
</div2>
<div2 type="scene" n='21'><head>SCÈNE XXI. Quatre enfants amenés par une Nourrice, Agnès, Le Bailly, Un Archer.</head>
<sp who="AGNÈS"><speaker>AGNÈS.</speaker>
	<l id='486' part="f">Venez, famille désolée,</l>
	<l id='487'>Venez, pauvres enfants, qu'on veut rendre orphelins ;</l>
	<l id='488'>Venez faire parler vos soupirs enfantins.</l>
	<l id='489'>Approchez-vous, mes fils, voilà votre grand-père,</l>
	<l id='490'>Embrassez ses genoux, apaisez sa colère.</l>
</sp>
<sp stage="kneel" who='LES-ENFANTS'><speaker>LES ENFANTS, à genoux devant le Bailly.</speaker>
	<l id='491'>Mon papa, mon papa, mon papa, mon papa.</l>
</sp>
<sp who="LE BAILLY"><speaker>LE BAILLY.</speaker>
	<l id='492'>Et d'au diable a-t-on fait sortir ces marmots-là ?</l>
	<l id='493'>Ai-je dans ma maison des chambres inconnues ?</l>
	<l id='494'>Oh ! Pour le coup il faut qu'ils soient tombés des nues,</l>
	<l id='495'>Ont-ils pu parvenir à l'âge où les voilà,</l>
	<l id='496'>Sans qu'aucun du logis ait rien su de cela ?</l>
</sp>
<sp who="AGNÈS"><speaker>AGNÈS.</speaker>
	<l id='497'>N'y voyez point mes traits, n'y voyez que les vôtres</l>
	<l id='498'>Ils ignorent leur père, ainsi que beaucoup d'autres :</l>
	<l id='499'>Ces gages précieux que j'ose vous offrir,</l>
	<l id='500'>Loin de vous irriter devraient vous attendrir.</l>
</sp>
<sp who="LE BAILLY"><speaker>LE BAILLY.</speaker>
	<l id='501'>Pour prouver un hymen, petite impertinente,</l>
	<l id='502'>Vous montrez des enfants ? La preuve en est plaisante.</l>
</sp>
<sp stage="show" who="AGNÈS"><speaker>AGNÈS lui montrant son Contrat de mariage.</speaker>
	<l id='503'>Vous me faites rougir, et c'est trop m'insulter,</l>
	<l id='504'>En voyant ce contrat en pourrez-vous douter ?</l>
</sp>
<sp stage="watch" who="LE BAILLY"><speaker>LE BAILLY, après l'avoir examiné.</speaker>
	<l id='505'>Ah ! Je ne dis plus rien, et cet acte authentique</l>
	<l id='506'>Imposera du moins silence à la critique.</l>
<stage type="watch">En regardant les enfants.</stage>
	<l id='507'>Qu'ils sont jolis gentils ! J'en fuis tout réjoui,</l>
	<l id='508'>Ils ressemblent au père, on dirait que c'est lui.</l>
<stage type="kiss">Il les embrasse.</stage>
	<l id='509'>À toute ma tendresse enfin, je m'abandonne.</l>
<stage type="toward">À l'Archer.</stage>
	<l id='510'>Faites venir mon fils, allez, je lui pardonne.</l>
<stage type="toward">À Agnès.</stage>
	<l id='511'>C'en est fait, je me rends, et Pierrot est à vous,</l>
	<l id='512'>Aimez plus que jamais, Agnès , ce cher époux :</l>
	<l id='513'>Ma femme grondera, fera bien la mauvaise,</l>
	<l id='514' part="i">Mais je m'en moque.</l>
</sp>
<sp who="AGNÈS"><speaker>AGNÈS.</speaker>
	<l id='514' part="f">Hélas ! Que vous me comblez d'aise !</l>
	<l id='515'>Mais d'où vient tout à coup la douleur que je sens ?</l>
	<l id='516'>Le coeur me bat, je tremble... Éloignez mes enfants.</l>
</sp>
<sp who="LE BAILLY"><speaker>LE BAILLY.</speaker>
	<l id='517'>Quels transports imprévus ! Quelle mouche vous pique ?</l>
	<l id='518' part="i">Chère Agnès, qu'avez-vous ?</l>
</sp>
<sp stage="shout" who="AGNÈS"><speaker>AGNÈS, en criant.</speaker>
	<l id='518' part="f">Seigneur, j'ai la colique.</l>
</sp>
<sp who="LE BAILLY"><speaker>LE BAILLY.</speaker>
	<l id='519'>Ah ! Je me doute bien d'où peut venir cela,</l>
	<l id='520'>Ma carogne de femme a joué ce trait-là ;</l>
	<l id='521'>Quel temps a-t-elle pris pour un coup de la sorte ?</l>
	<l id='522'>Ma foi si j'en sais rien, que le diable m'emporte ;</l>
	<l id='523'>Et de m'en informer je prends peu de souci,</l>
	<l id='524'>Non plus que de chercher remède à tout ceci.</l>
</sp>
</div2>
<div2 type="scene" n='22'><head>SCÈNE XXII. Pierrot sans voir Agnès, Le Bailly, Agnès évanouie, Arlequin, La Nourrice.</head>
<sp who="PIERROT"><speaker>PIERROT.</speaker>
	<l id='525'>Souffrez qu'à vos genoux mon père, je déploie,</l>
	<l id='526'>Tout ce qu'en ce moment, mon coeur ressent de joie.</l>
	<l id='527' part="i">Vous me rendez Agnès.</l>
</sp>
<sp who="LE BAILLY"><speaker>LE BAILLY.</speaker>
	<l id='527' part="f">Ah ! Mon pauvre garçon,</l>
	<l id='528'>Je vous la rends ici d'une étrange façon ;</l>
	<l id='529'>Et nous avons compté tous les deux sans notre hôte ;</l>
	<l id='530'>Votre Agnès va mourir... mais ce n'est pas ma faute.</l>
</sp>
<sp who="PIERROT"><speaker>PIERROT.</speaker>
	<l id='531'>Ah ! Voilà de ces coups, où l'on ne s'attend pas,</l>
	<l id='532'>Quoi ! Faillait il sa mort pour sortir d'embarras ?</l>
	<l id='533'>Agnès, ma chère Agnès, pour jamais m'est ravie,</l>
	<l id='534'>Ce fer m'est donc rendu pour m'arracher la vie.</l>
<stage type="hit">Il veut se frapper.</stage>
</sp>
<sp stage="pull" who="LE BAILLY"><speaker>LE BAILLY, lui retenant la main.</speaker>
	<l id='535' part="i">Ah ! Mon fils, arrêtez...</l>
</sp>
<sp who="PIERROT"><speaker>PIERROT.</speaker>
	<l id='535' part="f">Pour quoi me secourir ?</l>
	<l id='536'>Laissez-vous voir, mon père, en me laissant mourir.</l>
</sp>
<sp who="LE BAILLY"><speaker>LE BAILLY.</speaker>
<note type="L">Galimatias : discours obscur, et embrouillé, où on ne comprend rien, où les paroles sont mises confusément, et sans ordre ; et où il n'y a rien de naturel. [F]</note>
	<l id='537'>Quel galimatias ! Morbleu, quelle chimère !</l>
	<l id='538'>Laissant mourir un fils, se montre-t-on son père ?</l>
	<l id='539' part="i">Je veux que vous viviez.</l>
</sp>
<sp who="PIERROT"><speaker>PIERROT.</speaker>
	<l id='539' part="f">Et si je ne meurs pas,</l>
	<l id='540'>Que deviendra Constance avec tous ses appas ?</l>
	<l id='541'>Faudra-t-il l'épouser, s'en retournera-t-elle ?</l>
	<l id='542'>Vous m'irez là-dessus chercher encor querelle.</l>
</sp>
<sp who="AGNÈS"><speaker>AGNÈS.</speaker>
	<l id='543'>Adieu mon cher époux, c'en est fait, je me meurs,</l>
	<l id='544'>Venez à mes genoux étaler vos douleurs.</l>
</sp>
<sp who="PIERROT"><speaker>PIERROT.</speaker>
	<l id='545'>Chère Agnès vous mourez : ô rigueur inhumaine.</l>
</sp>
<sp who="ARLEQUIN"><speaker>ARLEQUIN.</speaker>
	<l id='546'>Tirons tous nos mouchoirs, voici la belle scène.</l>
</sp>
<sp stage="kneel" who="PIERROT"><speaker>PIERROT, aux genoux d'Agnès.</speaker>
	<l id='547'>Pleurez, pleurez mes yeux, et fondez-vous en eau,</l>
	<l id='548'>Puisque ma chère Agnès va descendre au tombeau,</l>
	<l id='549'>Hélas ! Si l'art eut pu rendre Agnès à la vie,</l>
	<l id='550'>Que de gens en auraient ici l'âme ravie ;</l>
	<l id='551'>Le Spectateur n'eût pas été si consterné,</l>
	<l id='552'>Et sur la bonne bouche, il s'en fût retourné :</l>
	<l id='553'>Il le faut avouer, c'était un coup de maître ;</l>
	<l id='554'>Mais ce qu'on n'a point fait, je le ferai peut-être,</l>
	<l id='555'>Telle que l'on croit morte, ou près du monument,</l>
	<l id='556'>Revient souvent de loin, à la voix d'un amant.</l>
	<l id='557'>Revivez, chère Agnès, c'est moi qui vous en prie...</l>
<note type="L">Eau de la reine de Hongrie : est une distillation qui se fait au bain de sable des fleurs de romarin mondées de leurs calices sans aucune partie de l'herbe, dans de l'esprit de vin bien rectifié. [F] [ce parfum renferme : romarin, lavande, berga, jasmin, cirse, ambre.]</note>
	<l id='558'>Tenez, voilà de l'eau de la Reine d'Hongrie.</l>
</sp>
<sp who="AGNÈS"><speaker>AGNÈS.</speaker>
	<l id='559'>Quelle voix me rappelle , et m'arrache au trépas.</l>
</sp>
<sp who="PIERROT"><speaker>PIERROT.</speaker>
	<l id='560'>Hé bien, qu'avais-je dit ? Ne la voilà-t-il pas ?</l>
	<l id='561'>Ah ! Que je fuis content ! Puisqu'Agnés n'est pas morte,</l>
	<l id='562'>Chantons, cabriolions, et de la bonne forte.</l>
<stage type="happy/danse">Les paysans et paysannes viennent témoigner leur joie, et forment un divertissement.</stage>
</sp>
</div2>
</div1>
</body>
</text>
</TEI>