<?xml version="1.0" encoding="utf-8"?>
<TEI xml:lang="fr">
<teiHeader>
		<fileDesc>
			<titleStmt>
				<title>LE PLEUREUR MALGRÉ LUI, COMÉDIE.</title>
				<author type="texte" ISNI="0000 0000 5512 0721">BILLARD-DEMONCEAU, Edme (17..-1785)</author>
			</titleStmt>
			<publicationStmt>
				<editor>Texte établi par Paul FIEVRE mai 2017</editor>			
				<publisher>Publié par Paul FIEVRE juin 2017</publisher>
				<idno>BILLARD_PLEUREURMALGRELUI</idno>
			<rights>Creative Commons BY-NC-SA</rights>
			</publicationStmt>
			<SourceDesc>
				<genre>Comédie</genre>
				<inspiration>moeurs</inspiration><structure>Un acte</structure>
				<type>vers</type>
				<periode>1771-1780</periode>
				<taille>750-1000</taille>
				<permalien>http://gallica.bnf.fr/ark:/12148/bpt6k5813894z</permalien>
			</SourceDesc>
		</fileDesc>
</teiHeader>
<text>
	<front>
		<docTitle>
			<titlePart type="main">LE PLEUREUR MALGRÉ LUI</titlePart>
			<titlePart type="sub">COMÉDIE.</titlePart>
		</docTitle> 
		<docDate value='1779'>[1779]</docDate>
		<docAuthor id='BILLARD-DEMONCEAU, Edme' bio='billard'>comédie, par E*** B***</docAuthor>
		<docImprint>
			<privilege id=""><head></head>
			</privilege>
			<acheveImprime id=""></acheveImprime>
			<printer id=''></printer>
		</docImprint>
		<performance>
			<premiere date="(inconnue)" location="(inconnue)"></premiere>
		</performance>
	<castList><head>ACTEURS.</head>
		<castItem><role id="MONSIEUR JOVIAL" sex="1" type="H" statut='bourgeois' age='A' stat_amour='néant'>MONSIEUR JOVIAL</role>.</castItem>
		<castItem><role id="MADAME JOVIAL" sex="2" type="H" statut='bourgeois' age='A' stat_amour='néant'>MADAME JOVIAL</role>.</castItem>
		<castItem><role id="MONSIEUR PARTERRE" sex="1" type="H" statut='bourgeois' age='A' stat_amour='néant'>MONSIEUR PARTERRE</role>.</castItem>
		<castItem><role id="MADAME LOGE" sex="2" type="H" statut='bourgeois' age='A' stat_amour='néant'>MADAME LOGE</role>.</castItem>
		<castItem><role id="MONSIEUR BALCON" sex="1" type="H" statut='bourgeois' age='A' stat_amour='néant'>MONSIEUR BALCON</role>.</castItem>
		<castItem><role id="HÉRACLITE" sex="1" type="H" statut='bourgeois' age='A' stat_amour='néant'>HÉRACLITE</role>.</castItem>
		<castItem><role id="CATAFALCUS" sex="1" type="H" statut='bourgeois' age='A' stat_amour='néant'>CATAFALCUS</role>.</castItem>
		<castItem><role id="CASCARET" sex="1" type="H" statut='bourgeois' age='A' stat_amour='néant'>CASCARET</role>.</castItem>

	</castList>
	<set location="Paris" country="France" periode="XVIIIème" gps="48.856614, 2.352222">la Scène est au Théâtre Français.</set>
</front>
<body>
<div1 type="act" n="1"><head>LE PLEUREUR MALGRÉ LUI.</head>
<div2 type="scene" n="1"><head>SCÈNE PREMIÈRE. Jovial, Parterre, Loge, Balcon.</head>
<sp who="MONSIEUR JOVIAL"><speaker>JOVIAL.</speaker>
	<l id="1">Rhabillons, croyez-moi, le Théâtre à l'antique,</l>
	<l id="2">Qu'il prenne un ton moins dogmatique</l>
	<l id="3">Las de subtiliser le subtil Marivaux,</l>
	<l id="4">Des Rieurs plus naïfs devenons les rivaux ;</l>
	<l id="5">Dérobons au marasme un peuple d'hypocondres,</l>
	<l id="6">Aujourd'hui plus nombreux dans Paris que dans Londres ;</l>
	<l id="7">Laissons Milord en scène arriver tout exprès</l>
	<l id="8">Pour y broyer du noir, y planter des cyprès :</l>
	<l id="9">Moi, j'entends que de fleurs mes planches soient jonchées.</l>
	<l id="10">Mon Dialogue alerte, et mes pièces brochées :</l>
	<l id="11">Celle-ci, par exemple, aura ses partisans,</l>
	<l id="12">Si je dois être absous des sarcasmes plaisants :</l>
	<l id="13">Je puis tomber de haut, mais non point jusqu'à terre,</l>
	<l id="14">Attendu que pour moi j'aurai Monsieur Parterre.</l>
</sp>
<sp who="PARTERRE"><speaker>PARTERRE.</speaker>
	<l id="15">Oui, Monsieur Jovial, comptez sur votre ami ;</l>
	<l id="16">Je ne rends que pour vous mon sifflet endormi ;</l>
	<l id="17">Mais n'enguenillez point quelque farce grotesque,</l>
<note type="C">Don Japhet d'Arménie est une comédie de Paul Scarron (1653)</note>
	<l id="18">Renvoyez, Don-Japhet avec la soldatesque ;</l>
<note type="L">L'Enfant-prodigue comédie de Voltaire (1738), Euphémon est un des personnages.</note>
	<l id="19">Suivez L'Enfant-Prodigue, Euphémon dans Cognac,</l>
	<l id="20">Et laissez dans Limoge un Monsieur Pourceaugnac ;</l>
	<l id="21">Donnez-moi, vous savez, là, du comi-tragique,</l>
	<l id="22">Chaussez, à mes souhaits, le Cothurne magique ;</l>
	<l id="23">J'aime en la Comédie Alecton, ses flambeaux,</l>
	<l id="24">La lampe sépulcrale et le spectre en lambeaux.</l>
</sp>
<sp who="MONSIEUR JOVIAL"><speaker>JOVIAL.</speaker>
	<l id="25">Pour l'honneur de Momus j'avais juré d'écrire ;</l>
	<l id="26">Mais si vous décidez qu'il faille le proscrire,</l>
	<l id="27">Chassons-le du Théâtre, à coups de brodequin,</l>
<note type="L">Catafalque : Estrade élevée, par honneur, au milieu d'une église, pour recevoir le cercueil ou la représentation d'un mort. [L]</note> 
	<l id="28">Dressons le catafalque au nez du Sieur Pasquin.</l>
</sp>
<sp who="PARTERRE"><speaker>PARTERRE.</speaker>
	<l id="29">C'est ainsi que vous seul gagnerez mon suffrage,</l>
	<l id="30">Que vous garantirez vos planches du naufrage ;</l>
	<l id="31">Songez que le Public, cet animal changeant,</l>
	<l id="32">Veut, pour se divertir, un spectacle affligeant :</l>
	<l id="33">Il faudra désormais que la journée entière</l>
	<l id="34" syll="6" part="i">Vous hantiez avec moi.</l>
</sp>
<sp who="MONSIEUR JOVIAL"><speaker>JOVIAL.</speaker>
	<l id="34" syll="6" part="f">Quelque beau cimetière !</l>
	<l id="35">Là, dégoûté du monde, affamé du trépas,</l>
	<l id="36">D'avance avec les morts, quels régals n'a-t-on pas ?</l>
	<l id="37">Qu'en dit Monsieur Balcon ? Madame, on vous néglige !</l>
</sp>
<sp who="LOGE"><speaker>LOGE.</speaker>
	<l id="38">Eh bien ! Concluriez-vous que l'on me désoblige,</l>
	<l id="39">Lorsqu'on veut me prouver que les derniers avis</l>
	<l id="40">Restent les plus présents et font les mieux suivis ?</l>
</sp>
<sp who="MONSIEUR JOVIAL"><speaker>JOVIAL.</speaker>
	<l id="41">Je déchiffre à-peu-près le nom des personnages</l>
	<l id="42">Qui surprennent chez vous d'insignes patronages !</l>
</sp>
<sp who="LOGE"><speaker>LOGE.</speaker>
	<l id="43">Ce sont gens à la mode, et qu'elle a du fêter :</l>
	<l id="44">Plus d'un ciseau dateur s'obstine à les sculpter.</l>
</sp>
<sp who="MONSIEUR JOVIAL"><speaker>JOVIAL.</speaker>
	<l id="45">Grand bien leur fasse ! À moi, ni marbres, ni statues,</l>
	<l id="46">Que par le zéphir même on verrait abattues :</l>
	<l id="47">Qu'un plâtre me figure et meuble un cabinet,</l>
<note type="L">Louis Poinsinet de Sivry (1733-1804) est un auteur célèbre, qui a traduit des auteurs grecs.</note>
	<l id="48">Mon buste affrontera celui de Poinsinet.</l>
	<l id="49">Et vous, Monsieur Balcon, quel charme vous attire ?</l>
	<l id="50">Est-ce un Auteur célèbre, égayant la satyre,</l>
	<l id="51">Francaleu, Baliveau, Courez-vous Patelin,</l>
	<l id="52">Palaprat, Dufresny, Régnard et Poquelin ?</l>
</sp>
<sp who="BALCON"><speaker>BALCON.</speaker>
	<l id="53" syll="6" part="i">Je ne les connais point.</l>
</sp>
<sp who="MONSIEUR JOVIAL"><speaker>JOVIAL.</speaker>
	<l id="53" syll="6" part="f">Iriez-vous d'ordinaire</l>
	<l id="54">Courir l'enterrement, le sombre luminaire,</l>
	<l id="55" syll="6" part="i">Le lugubre Morphile ?</l>
</sp>
<sp who="BALCON"><speaker>BALCON.</speaker>
	<l id="55" syll="6" part="f">Avec lui j'ai soupé,</l>
	<l id="56">J'aime à le voir plaintif, d'un crêpe enveloppé.</l>
</sp>
<sp who="MONSIEUR JOVIAL"><speaker>JOVIAL.</speaker>
	<l id="57">Vous fréquentez d'ailleurs la dolente Artemise !</l>
	<l id="58">Nous verrons vos chagrins noyés dans la Tamise !</l>
</sp>
<sp who="BALCON"><speaker>BALCON.</speaker>
	<l id="59" syll="6" part="i">J'incline en suicide.</l>
</sp>
<sp who="MONSIEUR JOVIAL"><speaker>JOVIAL.</speaker>
	<l id="59" syll="6" part="f">Il est divertissant !</l>
</sp>
<sp who="BALCON"><speaker>BALCON.</speaker>
	<l id="60">De la Tamise au Styx franchir le pas glissant,</l>
	<l id="61" syll="3" part="i">C'est un jeu.</l>
</sp>
<sp who="MONSIEUR JOVIAL"><speaker>JOVIAL.</speaker>
	<l id="61" syll="9" part="f">Qui perd gagne ! Après la sépulture,</l>
	<l id="62">On dort, couché gratis, rien pour la couverture !</l>
</sp>
<sp who="BALCON"><speaker>BALCON.</speaker>
	<l id="63">Donnez-moi pour spectacle un amant ténébreux ;</l>
	<l id="64">Perdez-le en la forêt sur quelque mont scabreux ;</l>
	<l id="65">Faites qu'il soit jaloux, qu'il peine et se dépite,</l>
	<l id="66">Que du haut d'un rocher l'amour le précipite !</l>
</sp>
<sp who="MONSIEUR JOVIAL"><speaker>JOVIAL.</speaker>
	<l id="67">Et son Iris témoin, retombe en pâmoison,</l>
	<l id="68">Recouvre ses esprits pour sabler du poison !</l>
</sp>
<sp who="BALCON"><speaker>BALCON.</speaker>
	<l id="69" syll="3" part="i">L'arsenic.</l>
</sp>
<sp who="MONSIEUR JOVIAL"><speaker>JOVIAL.</speaker>
	<l id="69" syll="9" part="f">J'ai sur moi la drogue salutaire</l>
	<l id="70">Pour vous conduire en poste au trépas volontaire ;</l>
	<l id="71">Et s'il ne faut ici vous rien dissimuler,</l>
	<l id="72">Le mal qu'il vous plaira je puis l'inoculer :</l>
	<l id="73">Je veux que ma soubrette à votre choix finisse</l>
	<l id="74">Par le hoquet, la toux, le spleen, ou la jaunisse.</l>
</sp>
<sp who="BALCON"><speaker>BALCON.</speaker>
	<l id="75">Vous en déciderez. L'on s'évanouira !</l>
</sp>
<sp who="MONSIEUR JOVIAL"><speaker>JOVIAL.</speaker>
	<l id="76">Sans secours, et fans rate, on s'épanouira !</l>
</sp>
<sp who="BALCON"><speaker>BALCON.</speaker>
	<l id="77" syll="6" part="i">Point de rire impromptu !</l>
</sp>
<sp who="MONSIEUR JOVIAL"><speaker>JOVIAL.</speaker>
	<l id="77" syll="6" part="f">Fi donc ! Le rire ignoble</l>
	<l id="78">N'est bon que pour Grégoire, ivre de son vignoble !</l>
</sp>
<sp who="BALCON"><speaker>BALCON.</speaker>
	<l id="79">Des hélas, des soupirs, des cris, des hurlements !</l>
</sp>
<sp who="MONSIEUR JOVIAL"><speaker>JOVIAL.</speaker>
	<l id="80">Calculons : du métier voilà quatre éléments !</l>
</sp>
<sp who="BALCON"><speaker>BALCON.</speaker>
	<l id="81" syll="6" part="i">Des poignards, des fureurs.</l>
</sp>
<sp who="MONSIEUR JOVIAL"><speaker>JOVIAL.</speaker>
	<l id="81" syll="6" part="f">Oui, sans miséricorde,</l>
	<l id="82">J'évoque, à vos périls, les Enfers, la Discorde.</l>
	<l id="83">Et vous, Madame Loge, il faut vous contenter !</l>
	<l id="84">Je vous garde un valet prompt à se lamenter,</l>
	<l id="85">Qui tirant de sa poche un mouchoir pathétique,</l>
	<l id="86">Beugle jusqu'à rougir son col apoplectique :</l>
<note type="L">Phlébotomiser : Terme qui n'est plus guère usité dans le langage actuel de la chirurgie. Pratiquer la phlébotomie. Synonyme de saignée, en tant qu'il s'agit de la saignée d'une veine, et non de la saignée d'une artère ou de la saignée par sangsues ou par ventouses. [L]</note>
	<l id="87">On le phlébotomise, au plus vite, et Frontin</l>
	<l id="88">Débile et moribond, vous semble calotin !</l>
</sp>
<sp who="LOGE"><speaker>LOGE.</speaker>
	<l id="89" syll="6" part="i">II touche, il intéresse !</l>
</sp>
<sp who="MONSIEUR JOVIAL"><speaker>JOVIAL.</speaker>
	<l id="89" syll="6" part="f">On pourrait, quoiqu'on die,</l>
	<l id="90">Accoutumer au sang l'aimable Comédie :</l>
	<l id="91" syll="6" part="i">Qu'en pensez-vous ?</l>
</sp>
<sp who="LOGE"><speaker>LOGE.</speaker>
	<l id="91" syll="6" part="f">Ma foi, l'Anglais à cet égard</l>
	<l id="92">Nous donne un bel exemple, et son joueur hagard,</l>
	<l id="93">Outrant sa passion, sa fougue Britannique,</l>
	<l id="94">Sur la carte, ou le dé, perdrait son fils unique !</l>
	<l id="95">Le brelandier qu'en France adopta le tréteau,</l>
	<l id="96">Risque, pour tout potage, argent, bijou, manteau ;</l>
	<l id="97">Aussi dans un malheur n'attendez point qu'il forge</l>
	<l id="98">Le gentil coutelas dont lui même il s'égorge !</l>
</sp>
<sp who="MONSIEUR JOVIAL"><speaker>JOVIAL.</speaker>
	<l id="99" syll="3" part="i">Il lit Sénèque !</l>
</sp>
<sp who="LOGE"><speaker>LOGE.</speaker>
	<l id="99" syll="9" part="f">Eh oui ! Mais revenons ; plaisez.</l>
</sp>
<sp who="MONSIEUR JOVIAL"><speaker>JOVIAL.</speaker>
	<l id="100" syll="6" part="i">C'est le point difficile !</l>
</sp>
<sp who="LOGE"><speaker>LOGE.</speaker>
	<l id="100" syll="6" part="f">À vous des plus aisés :</l>
	<l id="101">Il suffit d'un roman, dont le héros timide</l>
	<l id="102">Ait toujours le coeur tendre et l'oeil toujours humide ;</l>
	<l id="103">Imaginez un Duc, au village amoureux,</l>
	<l id="104">J'obtiens de Nanette un soupir langoureux.</l>
</sp>
<sp who="MONSIEUR JOVIAL"><speaker>JOVIAL.</speaker>
	<l id="105">Du corset d'étamine aussitôt dépouillée,</l>
	<l id="106">Voilà notre Duchesse en velours habillée !</l>
</sp>
<sp who="LOGE"><speaker>LOGE.</speaker>
<note type="L">Pourpris : Enceinte, habitation. [L]</note>
	<l id="107">Blaise, ou quelqu'autre sot, l'admire en son pourpris.</l>
</sp>
<sp who="MONSIEUR JOVIAL"><speaker>JOVIAL.</speaker>
	<l id="108">Le noble Gentilhomme eu devient plus épris !</l>
</sp>
<sp who="LOGE"><speaker>LOGE.</speaker>
	<l id="109">Dabord il l'épousait : une dame importante</l>
	<l id="110">Veut bisser le contrat, c'est sa mère, où sa tante.</l>
</sp>
<sp who="MONSIEUR JOVIAL"><speaker>JOVIAL.</speaker>
	<l id="111" syll="6" part="i">Grande altercation !</l>
</sp>
<sp who="LOGE"><speaker>LOGE.</speaker>
	<l id="111" syll="6" part="f">Monseigneur triomphant</l>
	<l id="112">Dresse un lit nuptial pour la bénigne enfant :</l>
	<l id="113">Incidentez le fait, beaucoup de jalousie,</l>
	<l id="114">De furieux soupçons, une épitre saisie,</l>
	<l id="115">Un rival que Nanette aura bien mitonné,</l>
	<l id="116">Et c'est, par quiproquo, son père époumoné.</l>
</sp>
<sp who="MONSIEUR JOVIAL"><speaker>JOVIAL.</speaker>
	<l id="117">Pour mettre en action si commune aventure,</l>
	<l id="118">Faut-il à son esprit donner la tablature ?</l>
</sp>
<sp who="LOGE"><speaker>LOGE.</speaker>
	<l id="119" syll="1" part="i">Non !</l>
</sp>
<sp who="MONSIEUR JOVIAL"><speaker>JOVIAL.</speaker>
	<l id="119" syll="11" part="f">Mais que de la scène on usurpe l'accès,</l>
	<l id="120">Sans être un beau rieur, on accroche un succès !</l>
</sp>
<sp who="LOGE"><speaker>LOGE.</speaker>
	<l id="121">Il n'est plus temps de rire, et votre Sganarelle</l>
	<l id="122">Avec nos Beverleys peut vider sa querelle.</l>
</sp>
<sp who="BALCON"><speaker>BALCON.</speaker>
	<l id="123">Quand le Théâtre change, il faut changer aussi !</l>
</sp>
<sp who="PARTERRE"><speaker>PARTERRE.</speaker>
	<l id="124">Vous le dites, Monsieur, nous le pensons ainsi.</l>
</sp>
<sp who="LOGE"><speaker>LOGE.</speaker>
	<l id="125">Nous voilà tous d'accord, preuve que nos idées,</l>
	<l id="126">N'en déplaise aux gloseurs, sont assez bien fondées ;</l>
<note type="L">Histrion : Nom, chez les Romains, des acteurs qui jouaient dans les bouffonneries grossières importées d'Étrurie. Aujourd'hui, comédien, mais avec un sens de mépris. Un vil, un misérable histrion. [L]</note>
	<l id="127">Preuve qu'il faut bannir le Mercure histrion,</l>
	<l id="128">Qui couche Jupiter au lit d'Amphitrion,</l>
<note type="L">Élegiaque :  Qui appartient à l'élégie. Le genre élégiaque. Poëte élégiaque, poëte qui a composé des élégies. Chez nous c'est toujours dans le sens de mélancolique que ce mot est pris, à moins qu'il ne s'agisse des anciens. Des vers élégiaques. Par ironie ou par moquerie, mélancolique, qui cherche à se faire plaindre. [L]</note>
	<l id="129">Et flatter, caresser le masque élégiaque,</l>
	<l id="130">Qui ferait de Panurge un hypocondriaque.</l>
</sp>
<sp who="MONSIEUR JOVIAL"><speaker>JOVIAL.</speaker>
	<l id="131">[M]adame enfin m'éclaiie, et je dois à son goût,</l>
	<l id="132">En Cuisinier moderne, apprêter le ragoût ;</l>
	<l id="133">Vous, Messieurs, trouvez bon que dans la solitude,</l>
	<l id="134">Entouré de tombeaux, rongé d'inquiétude,</l>
	<l id="135">Abîmé dans les pleurs, je songe à vous offrir</l>
	<l id="136">Un comique, en long deuil, que vous puissiez souffrir.</l>
</sp>
<sp who="BALCON"><speaker>BALCON.</speaker>
	<l id="137" syll="3" part="i">Égorgez.</l>
</sp>
<sp who="PARTERRE"><speaker>PARTERRE.</speaker>
	<l id="137" syll="3" part="m">Enterrez.</l>
</sp>
<sp who="LOGE"><speaker>LOGE.</speaker>
	<l id="137" syll="3" part="m">Larmoyez.</l>
</sp>
<sp who="MONSIEUR JOVIAL"><speaker>JOVIAL.</speaker>
	<l id="137" syll="3" part="f">Belle affaire !</l>
</sp>
<sp who="PARTERRE"><speaker>PARTERRE.</speaker>
	<l id="138">Nous reviendrons savoir ce que vous savez faire.</l>
</sp>
</div2>
<div2 type="scene" n="2"><head>SCÈNE II.</head>
<sp who="MONSIEUR JOVIAL"><speaker>JOVIAL.</speaker>
	<l id="139">Pleurez, pleurez mes yeux, et fondez-vous en eau :</l>
	<l id="140">Ah ! Venez, Templiers, coulez-bas mon tonneau ;</l>
	<l id="141">J'ai du vin, du nectar ! Mais qu'il m'en reste goutte,</l>
	<l id="142">Je la savoure et puis, voyez ce qu'il m'en coûte !</l>
	<l id="143">Dans le vin, la gaieté, j'éclate, et mes acteurs</l>
	<l id="144">S'en vont communiquant leur joie aux spectateurs !</l>
	<l id="145">Que deviens-je ? Un Pasquin ! Gare à Monsieur Parterre !</l>
<note type="Nanterre">Nanterre : Ville à l'Ouest de Paris. Elle est actuellement le préfecture des Hauts-de-Seine.</note>
	<l id="146">On entend le sifflet de Paris à Nanterre.</l>
	<l id="147">Et vous, Monsieur Balcon, vous, la fleur des Marquis,</l>
<note type="L">Amouracher : Engager dans un amour peu justifié. Quelques oeillades l'amourachèrent de cette comédienne. [L]</note>
	<l id="148">Amourachez du titre a menus frais acquis.</l>
	<l id="149">Pourriez-vous l'heure entière, assez mal employée,</l>
	<l id="150">Rire avec la canaille à gorge déployée !</l>
<note type="L">Petites maisons : On dit aussi, qu'il faut mettre un homme aux petites maisons, quand il est fou, ou quand il fait une extravagance signalée ; à cause qu'il y a à Paris un hôpital de ce nom où on enferme ces fous. [F]</note>
	<l id="151">Et vous, Madame Loge, aux Petites-Maisons</l>
	<l id="152">Vous m'installez sans doute, et pour juste raisons !</l>
	<l id="153">C'est une archifolie, en nos jours lamentables,</l>
	<l id="154">Que tenir vieux propos, tant soit peu délectables ;</l>
	<l id="155">Et si d'un grain de sel ils sont assaisonnés,</l>
	<l id="156">Il faudra qu'un gourmet les juge empoisonnés !</l>
	<l id="157">Tel qui des Romanciers fait son plus cher délice,</l>
	<l id="158">Le Public s'écriera que j'ose avec malice</l>
	<l id="159">Pleurer à ses dépens, et qu'à moi n'appartient</l>
	<l id="160">D'apostropher ainsi les Drames qu'il soutient ;</l>
<note type="C">Pierre Claude Nivelle de la Chaussée (1691-1754) est un auteur dramatique et Académicien. On lui l'invention de la comédie larmoyante.</note>
<note type="C">L'Écossaise est une comédie de Voltaire de 1760.</note>
	<l id="161">L'Écossaise et Freeport, d'autres, ce La Chaussée,</l>
	<l id="162">Dont la muse oratoire en chaire est exhaussée ;</l>
	<l id="163">Tandis qu'on va branchant nos habiles coquins,</l>
	<l id="164">Nos Daves, qui vendraient Chremès pour deux sequins ;</l>
	<l id="165">Tandis que ces matois... On frappe, qu'est-ce ? J'ouvre.</l>
</sp>
</div2>
<div2 type="scene" n="3"><head>SCÈNE III. Héraclite, en habit brun, Jovial.</head>
<sp who="MONSIEUR JOVIAL"><speaker>JOVIAL.</speaker>
	<l id="166">Qu'on entre, avec respect ! Mon logis est un Louvre.</l>
</sp>
<sp who="HÉRACLITE"><speaker>HÉRACLITE.</speaker>
	<l id="167" syll="6" part="i">Jovial, votre nom !</l>
</sp>
<sp who="MONSIEUR JOVIAL"><speaker>JOVIAL.</speaker>
	<l id="167" syll="6" part="f">Oui, fort gai, Dieu merci : </l>
	<l id="168">Mai sauriez-vous, Monsieur, où l'on vend du souci ?</l>
	<l id="169">J'en aurais grand besoin pour l'oeuvre dramatique,</l>
	<l id="170">Qu'en dépit du Crispin je rendrai chromatique :</l>
	<l id="171">Je ménage aux Rieurs un coup inattendu,</l>
	<l id="172">Ils verront sur ma scène un massacre étendu.</l>
</sp>
<sp who="HÉRACLITE"><speaker>HÉRACLITE.</speaker>
	<l id="173" syll="6" part="i">Fort bien, vous êtes mime ?</l>
</sp>
<sp who="MONSIEUR JOVIAL"><speaker>JOVIAL.</speaker>
	<l id="173" syll="6" part="f">Oui, Monsieur, dont j'enrage.</l>
</sp>
<sp who="HÉRACLITE"><speaker>HÉRACLITE.</speaker>
	<l id="174">Qu'au métier mon exemple au moins vous encourage :</l>
	<l id="175" syll="3" part="i">Je débute.</l>
</sp>
<sp who="MONSIEUR JOVIAL"><speaker>JOVIAL.</speaker>
	<l id="175" syll="3" part="m">Et quel jour ?</l>
</sp>
<sp who="HÉRACLITE"><speaker>HÉRACLITE.</speaker>
	<l id="175" syll="6" part="f">Je viens m'en informer.</l>
</sp>
<sp who="MONSIEUR JOVIAL"><speaker>JOVIAL.</speaker>
	<l id="176">Le jour qu'en la semaine il vous plaira nommer :</l>
	<l id="177" syll="3" part="i">Dimanche.</l>
</sp>
<sp who="HÉRACLITE"><speaker>HÉRACLITE.</speaker>
	<l id="177" syll="3" part="m">Volontiers.</l>
</sp>
<sp who="MONSIEUR JOVIAL"><speaker>JOVIAL.</speaker>
	<l id="177" syll="6" part="f">Joueriez-vous d'habitude</l>
	<l id="178" syll="6" part="i">Les rôles douloureux ?</l>
</sp>
<sp who="HÉRACLITE"><speaker>HÉRACLITE.</speaker>
	<l id="178" syll="6" part="f">J'en fais ma seule étude.</l>
</sp>
<sp who="MONSIEUR JOVIAL"><speaker>JOVIAL.</speaker>
	<l id="179">Bon, vous amolliriez, par vos cris déchirants,</l>
	<l id="180">Le roc, le léopard, l'hydre et tous les tyrans !</l>
</sp>
<sp who="HÉRACLITE"><speaker>HÉRACLITE.</speaker>
	<l id="181">Je vous le dis, croyez ; dans le Pathos j'excelle,</l>
	<l id="182">Et la gaieté chez mol n'a que pâle étincelle.</l>
</sp>
<sp who="MONSIEUR JOVIAL"><speaker>JOVIAL.</speaker>
	<l id="183">Bon, vous n'irez donc point rire avec des Scapins,</l>
	<l id="184">Tandis qu'il faut, chez nous, quitter leurs escarpins!</l>
</sp>
<sp who="HÉRACLITE"><speaker>HÉRACLITE.</speaker>
	<l id="185">Moi, rire, à votre avis, le monde est-il risible ?</l>
	<l id="186">Le vice, à vos regards, serait-il invisible,</l>
	<l id="187">Ou bien dans fa laideur si vous l'envisagez,</l>
	<l id="188">N'en souhaitez-vous point voir les hommes purgés ?</l>
	<l id="189">L'orgueil nous ravala, l'intérêt nous domine ;</l>
	<l id="190">Pour s'engraisser le monstre entretient la famine,</l>
	<l id="191">Partout les usuriers infestent l'Univers,</l>
	<l id="192">Qui n'est, comme un cachot, peuplé que de pervers.</l>
</sp>
<sp stage="aparte" who="MONSIEUR JOVIAL"><speaker>JOVIAL, à part.</speaker>
	<l id="193" syll="6" part="i">M'en voudrait-il ?</l>
</sp>
<sp who="HÉRACLITE"><speaker>HÉRACLITE.</speaker>
	<l id="193" syll="6" part="f">Combien la vertu périclite ! </l>
	<l id="194" syll="6" part="i">J'en pleure avec raison.</l>
<stage type="get/cry">Tirant un ample mouchoir.</stage>
	<l id="194" syll="6" part="f">Je m'appelle Héraclite.</l>
</sp>
<sp who="MONSIEUR JOVIAL"><speaker>JOVIAL.</speaker>
	<l id="195">Héraclite ! Ô fortune ! Heureux événement !</l>
	<l id="196">C'est vous, c'est vous, Monsieur, du siècle l'ornement 1</l>
	<l id="197">Apprenez-moi, de grâce, à contrister la France,</l>
	<l id="198">À laisser mon Théâtre abattu de souffrance</l>
	<l id="199">Et que Monsieur Parterre, actif à m'applaudir,</l>
	<l id="200">Me claque et me reclaque, au point de m'assourdir.</l>
</sp>
<sp who="HÉRACLITE"><speaker>HÉRACLITE.</speaker>
	<l id="201" syll="6" part="i">Je vous réponds de lui.</l>
</sp>
<sp who="MONSIEUR JOVIAL"><speaker>JOVIAL.</speaker>
	<l id="201" syll="6" part="f">Serait-il vraisemblable</l>
	<l id="202">Qu'il méconnut en vous son féal, son semblable,</l>
	<l id="203" syll="6" part="i">Son oracle, son Dieu ?</l>
</sp>
<sp who="HÉRACLITE"><speaker>HÉRACLITE.</speaker>
	<l id="203" syll="6" part="f">Tant qu'il fut baladin,</l>
	<l id="204">Qu'il poussa Mascarille à leurrer Trufaldin</l>
	<l id="205">Nous fûmes peu d'accord : aujourd'hui moins folâtre,</l>
	<l id="206">C'est de moi, seulement, qu'il paraît idolâtre ;</l>
	<l id="207">Ou s'il peut m'oublier, c'est pour mes sectateurs,</l>
	<l id="208">Du pauvre genre humain, tristes consolateurs,</l>
	<l id="209">Toujours lui remontrant, à l'instar d'un vrai sage,</l>
	<l id="210">Que la gloire est un songé, et la vie un passage.</l>
</sp>
<sp who="MONSIEUR JOVIAL"><speaker>JOVIAL.</speaker>
	<l id="211">Vous prêchez comme un ange ! Avec votré talent</l>
	<l id="212">Je ferais, sans Minerve, un ouvrage excellent ;</l>
	<l id="213">Et je vois qu'à Momus Jovial infidèle,</l>
	<l id="214">Aurait dû vous choisir pour unique modèle.</l>
</sp>
<sp who="HÉRACLITE"><speaker>HÉRACLITE.</speaker>
	<l id="215" syll="6" part="i">Je vous en garde un autre.</l>
</sp>
<sp who="MONSIEUR JOVIAL"><speaker>JOVIAL.</speaker>
	<l id="215" syll="6" part="f">Encor plus soucieux ?</l>
</sp>
<sp who="HÉRACLITE"><speaker>HÉRACLITE.</speaker>
	<l id="216">Jamais on n'a vu d'homme aussi noir sous les cieux :</l>
	<l id="217">Toujours sur l'avenir promenant qa pensée,</l>
	<l id="218">Fuyant des jeux, des bals, l'allégresse insensée,</l>
	<l id="219">Mort avant le trépas, il vit dans les tombeaux,</l>
	<l id="220">Appréhende l'aspect des jardins les plus beaux,</l>
	<l id="221">Jette un sombre coup d'oeil sur les fleurs printanières</l>
	<l id="222">Et la Parque voulut qu'il portât ses bannières.</l>
</sp>
<sp who="MONSIEUR JOVIAL"><speaker>JOVIAL.</speaker>
	<l id="223">Voilà mon homme ! Oh, oui ! Chacun l'estimera,</l>
	<l id="224" syll="8" part="i">Surtout nos Anglicans ! Son nom ?</l>
</sp>
<sp who="HÉRACLITE"><speaker>HÉRACLITE.</speaker>
	<l id="224" syll="4" part="f">Vous charmera.</l>
</sp>
<sp who="MONSIEUR JOVIAL"><speaker>JOVIAL.</speaker>
	<l id="225" syll="2" part="i">Dites.</l>
</sp>
<sp who="HÉRACLITE"><speaker>HÉRACLITE.</speaker>
	<l id="225" syll="4" part="m">Catafalcus.</l>
</sp>
<sp who="MONSIEUR JOVIAL"><speaker>JOVIAL.</speaker>
<note type="C">J'expire dans ce contexte doit être lu comme un à-peu-près de Shakespeare.</note>
	<l id="225" syll="6" part="f">À ce nom seul j'expire :</l>
	<l id="226">Qu'on me plaque au cercueil, à mes voeux tout conspire !</l>
	<l id="227">Catafalcus ! Tel gnome engourdissait soudain</l>
	<l id="228">Le volatile esprit du plus léger mondain !</l>
	<l id="229">Mais parlons, s'il vous plaît : ce rare personnage,</l>
	<l id="230">Qui plus que vous, Monsieur, répugne au badinage,</l>
	<l id="231" syll="6" part="i">Il est de vos amis !</l>
</sp>
<sp who="HÉRACLITE"><speaker>HÉRACLITE.</speaker>
	<l id="231" syll="3" part="m">Mon intime.</l>
</sp>
<sp who="MONSIEUR JOVIAL"><speaker>JOVIAL.</speaker>
	<l id="231" syll="3" part="f">Écoutez,</l>
	<l id="232">L'instinct m'appelle encor vers les joyeusetés ;</l>
	<l id="233">Je compte infiniment sur vous pour le détruire ;</l>
<stage type="wave">Héraclite s'incline.</stage>
	<l id="234">Mais la riante école où j'eus coeur à m'instruire,</l>
	<note type="L">Arnolphe et Agnès sont deux personnages de l'École des Femmes de Molière.</note>
	<l id="235">Arnolphe et son Agnès, mes inclinations,</l>
	<l id="236">Reviennent faire obstacle aux lamentations :</l>
	<l id="237">Vous êtes, par état, fort propre à les contraindre,</l>
<stage type="wave">Héraclite s'incline.</stage>
	<l id="238">Mais de moi-même enfin, que ne dois-je pas craindre,</l>
	<l id="239">Si dans Catafalcus je ne trouve un secours</l>
	<l id="240">Lui renforce, à mon gré, vos larmoyants discours !</l>
</sp>
<sp who="HÉRACLITE"><speaker>HÉRACLITE.</speaker>
	<l id="241">Vous serez satisfait, il me rejoint fur l'heure ;</l>
	<l id="242">Nous allons, à l'écart, marchander la demeure</l>
	<l id="243">Que tous deux, ce n'est qu'un, nous comptons habiter,</l>
	<l id="244">Si l'endroit taciturne invite à méditer,</l>
	<l id="245" syll="3" part="i">Plus qu'à rire.</l>
</sp>
<sp who="MONSIEUR JOVIAL"><speaker>JOVIAL.</speaker>
	<l id="245" syll="9" part="f">Étouffons tous ces ris dont MOLIÈRE</l>
	<l id="246">Entrecoupe , au hasard, sa maxime écolière !</l>
	<l id="247">D'ineptes raisonneurs, en sa coulisse admis,</l>
	<l id="248">À ses enseignements, à ses dogmes soumis,</l>
	<l id="249">Perdent la gravité qui les caractérise </l>
	<l id="250">Et, toujours en éveil leur grelot martyrise !</l>
</sp>
<sp who="HÉRACLITE"><speaker>HÉRACLITE.</speaker>
	<l id="251">Croyez un Charlatan , Philosophe ancien ;</l>
<note type="C">Horace et Lucien sont des auteurs de l'Antiquité.</note>
	<l id="252">C'était, je me rappelle, Horace ou Lucien.</l>
</sp>
<sp who="MONSIEUR JOVIAL"><speaker>JOVIAL.</speaker>
	<l id="253" syll="6" part="i">L'un vaut l'autre, passons.</l>
</sp>
<sp who="HÉRACLITE"><speaker>HÉRACLITE.</speaker>
	<l id="253" syll="6" part="f">Le couple, assez futile,</l>
	<l id="254">S'attache beaucoup plus au plaisant qu'à l'utile ;</l>
	<l id="255">Présente, en belle humeur, la morale aux humains.</l>
<note type="L">Marotte : Fig. et familièrement. Objet de quelque folie. [L]</note>
	<l id="256">Lui met la castagnette et la marotte en mains !</l>
</sp>
<sp who="MONSIEUR JOVIAL"><speaker>JOVIAL.</speaker>
	<l id="257">Même avec la sagesse il badine, il gambade !</l>
	<l id="258">Il apprête à sa guise un banquet, une aubade !</l>
	<l id="259">Plutarque, singulier, l'affole au bal masqué</l>
	<l id="260">Épanche le vin grec dans son chef détraqué,</l>
<note type="L">Flegme : Fig. Caractère posé, patient et qui se possède. [L]</note>
	<l id="261">Déconcerte à la fois sa démarche, son flegme,</l>
<note type="L">Apophtegme : Dit notable de quelque personnage illustre. [L]</note>
	<l id="262">Et de la bouche d'or enivre l'apophtegme !</l>
</sp>
<sp who="HÉRACLITE"><speaker>HÉRACLITE.</speaker>
	<l id="263">Il mêle à son air grave un bizarre enjouement,</l>
	<l id="264">Un charme inconcevable, un étrange agrément...</l>
</sp>
<sp who="MONSIEUR JOVIAL"><speaker>JOVIAL.</speaker>
	<l id="265">Qui déplaît ! Et partout la rendrait haïssable !</l>
</sp>
<sp who="HÉRACLITE"><speaker>HÉRACLITE.</speaker>
	<l id="266">La défigure au point qu'elle est méconnaissable !</l>
</sp>
<sp who="MONSIEUR JOVIAL"><speaker>JOVIAL.</speaker>
	<l id="267">Votre ennemi juté ; Démocrite odieux,.</l>
	<l id="268">Eut beau la revêtir d'un éclat radieux,</l>
	<l id="269">En faire, avec licence, un patron de peinture,</l>
	<l id="270">La montrér en Venus, détacher sa ceinture,</l>
	<l id="271">Elle allait, malgré lui, perdre tous ses attraits,</l>
	<l id="272">Si vous n'eussiez ridé sa face et ses portraits !</l>
	<l id="273">C'est à vous, Héraclite, à vous, que je révère,</l>
<stage type="wave">Héraclìus s'incline.</stage>
	<l id="274">Qu'il sied de l'embellir, avec un front sévère ;</l>
	<l id="275">Et dans Catafalcus, puissai-je	encor la voir</l>
	<l id="276" syll="4" part="i">Sous une image...</l>
</sp>
<sp who="HÉRACLITE"><speaker>HÉRACLITE.</speaker>
	<l id="276" syll="2" part="m">Il vient.</l>
</sp>
<sp who="MONSIEUR JOVIAL"><speaker>JOVIAL.</speaker>
	<l id="276" syll="6" part="f">Je cours, le recevoir.</l>
</sp>
</div2>
<div2 type="scene" n="4"><head>SCÈNE IV. Catafalcus, Jovial, Héraclite.</head>
<sp who="MONSIEUR JOVIAL"><speaker>JOVIAL.</speaker>
	<l id="277">Ah, Monsieur ! Agréez que dans cette embrassade,</l>
	<l id="278">Marqué d'une amitié franche, et non de passade,</l>
	<l id="279">J'accueille un des supports du poudreux monument,</l>
	<l id="280">Où je compte avec vous être gîté dûment.</l>
</sp>
<sp stage="sad" who="CATAFALCUS"><speaker>CATAFALCUS d'une voix ténébreuse.</speaker>
	<l id="281">Tout passe, et le soleil disparaîtra : les mondes</l>
	<l id="282" syll="3" part="i">Crouleront.</l>
</sp>
<sp who="MONSIEUR JOVIAL"><speaker>JOVIAL.</speaker>
	<l id="282" syll="3" part="m">Tôt ou tard !</l>
</sp>
<sp who="CATAFALCUS"><speaker>CATAFALCUS.</speaker>
	<l id="282" syll="6" part="f">Leurs citoyens immondes,</l>
	<l id="283">Les uns à demi-nus, les autres surdoués,</l>
	<l id="284">Dans le vague des airs seront évaporés.</l>
	<l id="285" syll="4" part="i">Comme un souffle !</l>
</sp>
<sp who="CATAFALCUS"><speaker>CATAFALCUS.</speaker>
	<l id="285" syll="8" part="f">La nuit épaissira ses voiles,</l>
	<l id="286">Et l'Astrologue aux cieux cherchera des étoiles.</l>
</sp>
<sp who="MONSIEUR JOVIAL"><speaker>JOVIAL.</speaker>
	<l id="287" syll="6" part="i">Éclipse universelle ?</l>
</sp>
<sp who="CATAFALCUS"><speaker>CATAFALCUS.</speaker>
	<l id="287" syll="6" part="f">À quoi tient l'univers ?</l>
</sp>
<sp who="MONSIEUR JOVIAL"><speaker>JOVIAL.</speaker>
	<l id="288" syll="3" part="i">À des fils !</l>
</sp>
<sp who="CATAFALCUS"><speaker>CATAFALCUS.</speaker>
	<l id="288" syll="9" part="f">La nature, et mille objets divers,</l>
	<l id="289">Les rosiers, leurs boutons, les gentes bergerettes,</l>
	<l id="290">Les bocages discrets, témoins des amourettes,</l>
	<l id="291">Le rossignol, ses chants, Silvandre, ses troupeaux,</l>
<note type="C">Corneille a composé de nombreuses tragédies romaines.</note>
<note type="C">Turenne est un militaire de haut-rang de Louis XIV.</note>
	<l id="292">Corneille et ses Romains, Turenne et ses Drapeaux....</l>
</sp>
<sp who="MONSIEUR JOVIAL"><speaker>JOVIAL.</speaker>
	<l id="293" syll="3" part="i">Tout périrai !</l>
</sp>
<sp who="CATAFALCUS"><speaker>CATAFALCUS.</speaker>
	<l id="293" syll="6" part="f">Le temps, divinité première, </l>
	<l id="294">Abat d'un même coup le Louvre et la chaumière.</l>
</sp>
<sp who="MONSIEUR JOVIAL"><speaker>JOVIAL.</speaker>
	<l id="295" syll="6" part="i">Les pâtres et les rois !</l>
</sp>
<sp who="CATAFALCUS"><speaker>CATAFALCUS.</speaker>
	<l id="295" syll="6" part="f">Le plus fidèle ami</l>
	<l id="296">Contre tous les assauts tint mon coeur affermi ;</l>
<note type="C">Oreste et Pylade sont deux amis dans la tragédie Andromaque de Jean Racine. La pièce commence par un dialogue entre eux deux.</note>
	<l id="297">Ensemble nous vivions comme Oreste et Pylade,</l>
<note type="L">Grabat : Méchant lit, tel que sont ceux des pauvres gens. Familièrement. Être sur le grabat, être malade au lit. [L]</note>
	<l id="298">J'étais sur le grabat pour peu qu'il fut malade.</l>
</sp>
<sp who="MONSIEUR JOVIAL"><speaker>JOVIAL.</speaker>
	<l id="299" syll="6" part="i">Aurait-il rendu l'âme ?</l>
</sp>
<sp who="CATAFALCUS"><speaker>CATAFALCUS.</speaker>
	<l id="299" syll="6" part="f">Hélas ! J'ai vu tomber</l>
	<l id="300">Le sépulcral Hervey je faillis succomber.</l>
</sp>
<sp who="MONSIEUR JOVIAL"><speaker>JOVIAL.</speaker>
	<l id="301" syll="6" part="i">Pressante occasion !</l>
</sp>
<sp who="CATAFALCUS"><speaker>CATAFALCUS.</speaker>
	<l id="301" syll="6" part="f">Dans ma douleur aiguë,</l>
<note type="L">Ciguë : plante toxique. Socrate fut condamne à la boire. </note>
	<l id="302">Dans un beau désespoir j'avalai la ciguë ;</l>
	<l id="303">Mais tandis qu'opérait le poison végétal</l>
	<l id="304">Mon factotum m'amène un médecin fatal,</l>
	<l id="305">Il rétablit chez moi l'équilibre organique.</l>
</sp>
<sp who="MONSIEUR JOVIAL"><speaker>JOVIAL.</speaker>
	<l id="306">Vous déviez assommer le frater galehique !</l>
</sp>
<sp who="CATAFALCUS"><speaker>CATAFALCUS.</speaker>
	<l id="307">La mort nous est propice, ôte à l'humanité</l>
	<l id="308">Les maux, les passions, l'erreur, la vanité ;</l>
	<l id="309">Et des plus érudits bornant la connaissance,</l>
	<l id="310">Nous replonge au limon qui nous prêta naissance.</l>
</sp>
<sp stage="low/toward" who="HÉRACLITE"><speaker>HÉRACLITE, bas à Jovial.</speaker>
	<l id="311" syll="9" part="i">Eh bien ! Qu'en dites-vous ? Est-ce un homme ?</l>
</sp>
<sp stage="low" who="MONSIEUR JOVIAL"><speaker>JOVIAL, bas.</speaker>
	<l id="311" syll="3" part="f">Étonnant !</l>
</sp>
<sp stage="low" who="HÉRACLITE"><speaker>HÉRACLITE, bas.</speaker>
	<l id="312" syll="6" part="i">Toujours près de sa fosse !</l>
</sp>
<sp stage="low" who="MONSIEUR JOVIAL"><speaker>JOVIAL, bas.</speaker>
	<l id="312" syll="6" part="f">Et jamais ricanant !</l>
</sp>
<sp stage="low" who="HÉRACLITE"><speaker>HÉRACLITE, bas.</speaker>
	<l id="313">Voyez comme en lui-même il se plaît à descendre !</l>
</sp>
<sp stage="low" who="MONSIEUR JOVIAL"><speaker>JOVIAL, bas.</speaker>
	<l id="314">Il songe que nous trois sommes poussière et cendre !</l>
	<l id="315" syll="10" part="i">Reviendra-t-il à nous votre intime ?</l>
</sp>
<sp stage="low" who="HÉRACLITE"><speaker>HÉRACLITE, bas.</speaker>
	<l id="315" syll="2" part="f">Distrait,</l>
	<l id="316">Il voyage, isolé dans le pays abstrait ;</l>
	<l id="317" syll="6" part="i">Mais son retour approche ! </l>
</sp>
<sp stage="low" who="MONSIEUR JOVIAL"><speaker>JOVIAL, bas.</speaker>
	<l id="317" syll="6" part="f">Il faudra qu'il arrive,</l>
	<l id="318">À moins que de Caron il n'ait franchi la rive !</l>
</sp>
<sp who="CATAFALCUS"><speaker>CATAFALCUS.</speaker>
	<l id="319">Serviteur, Héraclite : en moi-même absorbé,</l>
	<l id="320">Je croyais au cercueíl être déjà plombé :</l>
	<l id="321">Je m'éveille et vous cherche. Eh bien ! Le domicile ?</l>
</sp>
<sp who="MONSIEUR JOVIAL"><speaker>JOVIAL.</speaker>
	<l id="322">À trouver, dès ce soir, sera peu difficile.</l>
</sp>
<sp who="CATAFALCUS"><speaker>CATAFALCUS.</speaker>
	<l id="323">II nous en faudrait un éloigné du quartier, </l>
	<l id="324">Où les filles d'amour vaquent à leur métier.</l>
</sp>
<sp who="HÉRACLITE"><speaker>HÉRACLITE.</speaker>
	<l id="325">Quelque morne Chartteusc où l'on puisse en silence</l>
	<l id="326">Vaincre un désir brutal, malgré sa violence.</l>
</sp>
<sp who="CATAFALCUS"><speaker>CATAFALCUS.</speaker>
	<l id="327">Surmonter l'avarice et	la soif des honneurs,</l>
	<l id="328">Pour lés Socrates même appas empoisonneurs.</l>
</sp>
<sp who="HÉRACLITE"><speaker>HÉRACLITE.</speaker>
	<l id="329">Où trouver sur la terre un bois, un habitacle,</l>
	<l id="330">Qui ne serve aux brigands d'odieux réceptacle ?</l>
</sp>
<sp who="MONSIEUR JOVIAL"><speaker>JOVIAL.</speaker>
	<l id="331">Loin des Cartouchiens je possède un réduit,</l>
	<l id="332">Palais d'où le soleil fut par sombre éconduit ;</l>
	<l id="333">Qu'on entre dans la chambre, on frissonne, on recule,</l>
	<l id="334">Le jour qu'on y reçoit n'est qu'un faux crépuscule :</l>
	<l id="335">Des plus ternes couleurs les lambris vernissés</l>
	<l id="336">Présentent, pour tableaux, deux visages plissés,</l>
	<l id="337">Un triste Philosophe imbibé de ses larmes,</l>
	<l id="338">Dont le flux renaissant provoque les alarmes ;</l>
	<l id="339">Un autre solitaire, aux tombes retranché,</l>
	<l id="340">Sur le crâne du mort tient son oeil attaché.</l>
	<l id="341">Estimez-vous, Messieurs, que le manoir convienne,</l>
	<l id="342">Et que la chambre, obscure en sa faveur prévienne,</l>
	<l id="343" syll="6" part="i">Je la livre à bon prix.</l>
</sp>
<sp who="HÉRACLITE"><speaker>HÉRACLITE.</speaker>
	<l id="343" syll="3" part="m">Je l'accepte</l>
</sp>
<sp who="CATAFALCUS"><speaker>CATAFALCUS.</speaker>
	<l id="343" syll="3" part="f">Attendons.</l>
</sp>
<sp who="HÉRACLITE"><speaker>HÉRACLITE.</speaker>
	<l id="344">Excusez, Jovial, grâces, si nous tardons.</l>
</sp>
<sp who="CATAFALCUS"><speaker>CATAFALCUS.</speaker>
	<l id="345">Où suis-je ? Jovial ! Quoi ! C'est l'Acteur en masque</l>
	<l id="346">Qui double incongrument Arlequin bergamasque !</l>
</sp>
<sp who="MONSIEUR JOVIAL"><speaker>JOVIAL.</speaker>
	<l id="347" syll="1" part="i">Non.</l>
</sp>
<sp who="CATAFALCUS"><speaker>CATAFALCUS.</speaker>
	<l id="347" syll="6" part="f">Quoi ! C'est le pilier des Théâtres gaillards</l>
	<l id="348">Fléaux pour la jeunesse et pour les béquillards !</l>
</sp>
<sp who="MONSIEUR JOVIAL"><speaker>JOVIAL.</speaker>
	<l id="349" syll="1" part="i">Non.</l>
</sp>
<sp who="CATAFALCUS"><speaker>CATAFALCUS.</speaker>
	<l id="349" syll="11" part="f">Quoi ! C'est le valet suivant la Comédie,</l>
<note type="L">Le Tartuffe est une comédie de Molière.</note>
	<l id="350">Où le Tartuffe a su blanchir la perfidie !</l>
</sp>
<sp who="MONSIEUR JOVIAL"><speaker>JOVIAL.</speaker>
	<l id="351">Non ! C'est le romancier, de vapeurs consumé ;</l>
	<l id="352">C'est l'homme qui tout vif voudrait être inhumé ;</l>
<note type="C">La Malade imaginaire est une comédie de Molière.</note>
	<l id="353">C'est le Malade enfin , non pas imaginaire,</l>
	<l id="354">Qui pour guérir ses maux postule un luminaire,</l>
	<l id="355" syll="" part="i">Un catafalque.</l>
</sp>
<sp who="CATAFALCUS"><speaker>CATAFALCUS.</speaker>
	<l id="355" syll="6" part="f">Bon ! Vous voilà converti !</l>
	<l id="356">Vous quittez des rieurs le malheureux parti !</l>
</sp>
<sp who="MONSIEUR JOVIAL"><speaker>JOVIAL.</speaker>
	<l id="357">Loin de suivre ardemment la nouveauté comique,</l>
	<l id="358">Je cours, tous les matins, l'école anatomique :</l>
	<l id="359">Sans répugnance aucune, avec facilité,</l>
	<l id="360">J'apprends combien la fibre a de fragilité ;</l>
	<l id="361">J'observe, en curieux, du cerveau la structure ;</l>
	<l id="362">Du corps en désarroi, j'assiste à l'ouverture,</l>
	<l id="363">Et, pour les disséqueurs j'ai tant d'affection,</l>
	<l id="364">Que j'offre mon viscère à la dissection.</l>
</sp>
<sp who="CATAFALCUS"><speaker>CATAFALCUS.</speaker>
	<l id="365">Je vous en félicite, et mon âme étonnée</l>
	<l id="366">Que la vôtre, Monsieur, au scalpel, soit tournée,</l>
	<l id="367">Vous jure amitié, foi, touchez-là, Jovial.</l>
</sp>
<sp who="MONSIEUR JOVIAL"><speaker>JOVIAL.</speaker>
	<l id="368">Taisez mon nom, Falot, burlesque, trivial.</l>
</sp>
<sp who="HÉRACLITE"><speaker>HÉRACLITE.</speaker>
	<l id="369">Mais plus vous connaîtrez ses proches, sa personne</l>
	<l id="370">Moins vous soupçonnerez qu'à rire on les façonne.</l>
</sp>
<sp who="MONSIEUR JOVIAL"><speaker>JOVIAL.</speaker>
	<l id="371">Ailleurs qu'en ma famille on peut chercher des gens</l>
	<l id="372">Pour qui les quolibets soient des besoins urgents ;</l>
	<l id="373">Qui s'endorment repus de farce, de parades,</l>
	<l id="374">De jeux, de carnavals, de folles mascarades !</l>
	<l id="375" syll="6" part="i">J'y renonce, et me cloître.</l>
</sp>
<sp who="HÉRACLITE"><speaker>HÉRACLITE.</speaker>
	<l id="375" syll="6" part="f">Il ira, sans mentir,</l>
	<l id="376">Creuser en Thébaïde un trou pour s'y blottir.</l>
</sp>
<sp who="MONSIEUR JOVIAL"><speaker>JOVIAL.</speaker>
	<l id="377">Oui, Messieurs, la tanière est mon dernier refuge,</l>
	<l id="378">Mon plus doux reposoir : que des cités transfuge,</l>
	<l id="379">Que souche des forêts, j'aille, loin des humains,</l>
	<l id="380">Faire amicalement aux ours mes baisemains !</l>
</sp>
<sp who="CATAFALCUS"><speaker>CATAFALCUS.</speaker>
	<l id="381">Approuvez, en ce cas, que suivi d'Héraclite,</l>
	<l id="382">Précepteur éploré du monde hétéroclite,</l>
<stage type="wave">Héraclite s'incline.</stage>
	<l id="383">J'aille avec doléance habiter les tombeaux.</l>
<stage type="exit/hugh">Ils sortent se tenant embrassés.</stage>
</sp>
<sp who="MONSIEUR JOVIAL"><speaker>JOVIAL.</speaker>
	<l id="384">Courez, courez, Messieurs, des spectacles si beaux.</l>
</sp>
<sp stage="back" who="CATAFALCUS"><speaker>CATAFALCUS, revenant avec Héraclite.</speaker>
	<l id="385">S'il vous plaisait, ce soir, écorner mon fromage.</l>
</sp>
<sp who="MONSIEUR JOVIAL"><speaker>JOVIAL.</speaker>
	<l id="386" syll="6" part="i">Je soupe, à la guinguette.</l>
</sp>
<sp who="HÉRACLITE"><speaker>HÉRACLITE.</speaker>
	<l id="386" syll="6" part="f">Ah ! Monsieur, quel dommage!</l>
</sp>
<sp who="CATAFALCUS"><speaker>CATAFALCUS.</speaker>
	<l id="387">Vous veniez, de bon oeil, dans ma salle à manger,</l>
	<l id="388" syll="3" part="i">La momie...</l>
</sp>
<sp who="MONSIEUR JOVIAL"><speaker>JOVIAL.</speaker>
	<l id="388" syll="9" part="f">Avec elle on pourra me ranger :</l>
<note type="L">Carême-prenant : Le jour du mardi qui précède le carême et quelquefois tout le temps du carnaval depuis les rois. (...) On appelle aussi des Carêmes-prenants, des gens du peuple qui se masquent de façon ridicules, et qui courent les rues. [F] </note>
	<l id="389">Au carême prenant, donnez-moi la poularde ;</l>
	<l id="390">Que votre factotum ait soin qu'on l'entre-larde !</l>
</sp>
<sp who="CATAFALCUS"><speaker>CATAFALCUS.</speaker>
	<l id="391" syll="9" part="i">Nous aurons pour convive un squelette.</l>
</sp>
<sp who="MONSIEUR JOVIAL"><speaker>JOVIAL.</speaker>
	<l id="391" syll="3" part="f">Au revoir.</l>
</sp>
<sp who="CATAFALCUS"><speaker>CATAFALCUS.</speaker>
	<l id="392">Songeons que la mort vient, et sachons la prévoir.</l>
</sp>
</div2>
<div2 type="scene" n="5"><head>SCÈNE V.</head>
<sp who="MONSIEUR JOVIAL"><speaker>JOVIAL.</speaker>
	<l id="393">Encore, par accident, deux rencontres pareilles,</l>
	<l id="394">Encor deux trépassés pendus à mes oreilles,</l>
	<l id="395">J'ose ici garantir mon succès théâtral,</l>
	<l id="396">Prendre avec mes égaux le verbe magistral,</l>
	<l id="397">Démontrer que ma piété, en pleurs épidémiques,</l>
	<l id="398">Exige, à tout le moins, vingt prix académiques,</l>
	<l id="399">Et qu'il me faut, à moi, des bronzes, des sculpteurs,</l>
	<l id="400">L'encens, l'apothéose , et mille adorateurs :</l>
	<l id="401">Fort bien, mais si je veux que l'on m'exalte aux nues,</l>
	<l id="402">Grossissons le torrent des larmes continues,</l>
	<l id="403">Enfantons un prodige, un sujet merveilleux,</l>
	<l id="404">Qui terrasse un critique amer ou vétilleux ;</l>
	<l id="405">Y suis-je ? En doutez-vous ? Voyez comme on sanglote,</l>
<note type="L">Épiglotte : Terme d'anatomie. Valvule fibro-cartilagineuse, qui, placée à la partie supérieure du larynx, recouvre la glotte au moment de la déglutition, et empêche ainsi l'introduction des aliments ou des boissons dans les voies aériennes. [L]</note>
	<l id="406">On risque diablement d'obstruer l'épiglotte !</l>
	<l id="407">Pour ce, j'ai des moyens. Ho-là, hé, Cascaret.</l>
</sp>
</div2>
<div2 type="scene" n="6"><head>SCÈNE VI. Cascaret, Jovial.</head>
<sp who="MONSIEUR JOVIAL"><speaker>JOVIAL.</speaker>
	<l id="408">Divorce, une minute, avec le cabaret.</l>
</sp>
<sp who="CASCARET"><speaker>CASCARET.</speaker>
	<l id="409" syll="6" part="i">Je ne bois qu'à ma soif.</l>
</sp>
<sp who="MONSIEUR JOVIAL"><speaker>JOVIAL.</speaker>
	<l id="409" syll="6" part="f">Quittons les railleries ;</l>
	<l id="410">Des lieux, par trop suspects, tu fais tes galeries;</l>
	<l id="411">Mais brisons là dessus. Il te faut prestement</l>
	<l id="412">M'apporter un habit couleur d'enterrement,</l>
<note type="L">Pantagruéliste : Partisan du pantagruélisme : Sorte de philosophie épicurienne. De Pantagruel, un personnage du roman éponyme de Rabelais.</note>
	<l id="413">Je figure au convoi du Pantagruéliste.</l>
</sp>
<sp who="CASCARET"><speaker>CASCARET.</speaker>
	<l id="414" syll="6" part="i">Lui ! défunt ! Ah !</l>
</sp>
<sp who="MONSIEUR JOVIAL"><speaker>JOVIAL.</speaker>
	<l id="414" syll="6" part="f">Je tiens le fait d'un nouvelliste</l>
	<l id="415">Plus sûr qu'un prognostic. Allons, pars donc, lourdaud,</l>
	<l id="416">Vite y tu restes là, planté comme un badaud.</l>
</sp>
<sp who="CASCARET"><speaker>CASCARET.</speaker>
<note type="L">Falaise : ville de Normandie au sud de Caen.</note>
<note type="L">Basoche : Nom d'une cour de justice, établie fort anciennement entre les clercs du parlement de Paris, pour juger les différends qui s'élevaient entre eux. L'ensemble des avoués et des clercs, leurs habitudes. [L]</note>
	<l id="417">Moi ! Je suis de Falaise, issu de la basoche ;</l>
	<l id="418">J'ai quelque sens commun épars dans ma caboche.</l>
</sp>
<sp who="MONSIEUR JOVIAL"><speaker>JOVIAL.</speaker>
	<l id="419">Un crêpe à mon castor, très-long crêpe, entends-tu ?</l>
</sp>
<sp who="CASCARET"><speaker>CASCARET.</speaker>
	<l id="420">Un autre, pour le deuil, aurait moins de vertu !</l>
</sp>
<sp who="MONSIEUR JOVIAL"><speaker>JOVIAL.</speaker>
	<l id="421">Oui, mon cher, tu me plais, tu préviens mon idée :</l>
	<l id="422">Trouve-moi Frétillon, ma servante affidée.</l>
</sp>
<sp who="CASCARET"><speaker>CASCARET.</speaker>
	<l id="423" syll="3" part="i">Fille alerte ! </l>
</sp>
<sp who="MONSIEUR JOVIAL"><speaker>JOVIAL.</speaker>
	<l id="423" syll="6" part="f">Et demande un juste-au-corps de veuf,</l>
	<l id="424" syll="6" part="i">Des pleureuses, surtout.</l>
</sp>
<sp who="CASCARET"><speaker>CASCARET.</speaker>
	<l id="424" syll="6" part="f">Le drap plus vieux que neuf ;</l>
	<l id="425" syll="6" part="i">La gueuserie attriste.</l>
</sp>
<sp who="MONSIEUR JOVIAL"><speaker>JOVIAL.</speaker>
	<l id="425" syll="6" part="f">En effet, ton costume</l>
	<l id="426">Pourra de mes chagrins accroître l'amertume.</l>
</sp>
<sp who="CASCARET"><speaker>CASCARET.</speaker>
	<l id="427">Vous prenez donc plaisir à vous désespérer !</l>
</sp>
<sp who="MONSIEUR JOVIAL"><speaker>JOVIAL.</speaker>
	<l id="428">Pars, te dis-je, ou bientôt j'en prends à t'atterrer.</l>
</sp>
<sp who="CASCARET"><speaker>CASCARET.</speaker>
	<l id="429">Dussiez-vous d'un revers m'étendre sur la planche,</l>
	<l id="430">Déboîter ma rotule, ou disloquer ma hanche,</l>
	<l id="431">Je ne comprendrai point qu'aux désolations</l>
	<l id="432">Vous n'entremêliez pas les dissipations.</l>
</sp>
<sp who="MONSIEUR JOVIAL"><speaker>JOVIAL.</speaker>
	<l id="433">Dieu m'en préserve ! Il faut que la douleur m'accable.</l>
</sp>
<sp who="CASCARET"><speaker>CASCARET.</speaker>
	<l id="434">Vous le voulez, Monsieur, tenez-y par un câble.</l>
</sp>
<sp who="MONSIEUR JOVIAL"><speaker>JOVIAL.</speaker>
	<l id="435">Las du monde insipide, il faut qu'à chaque instant</l>
	<l id="436">Je n'éprouve qu'ennui, que dégoût révoltant,</l>
	<l id="437">Que mon humeur fâcheuse, aigre, mélancolique,</l>
<note type="L">Lymphe : Terme d'anatomie. Liquide blanc, nutritif, contenu dans les vaisseaux lymphatiques, moins les chylifères, qui n'en contiennent que pendant l'abstinence ; il est versé dans le sang veineux proche du coeur. [L]</note>
	<l id="438">Tourne en bile ma lymphe et tout mon hydraulique.</l>
</sp>
<sp who="CASCARET"><speaker>CASCARET.</speaker>
<note type="C">Diafoirus : personnage du Malade imaginaire de Molière.</note>
	<l id="439" syll="6" part="i">Aubaine à Diafoirus.</l>
</sp>
<sp who="MONSIEUR JOVIAL"><speaker>JOVIAL.</speaker>
	<l id="439" syll="6" part="f">Que mon coeur ulcéré</l>
	<l id="440">Soit, comme avec l'étau, par des spasmes serré,</l>
	<l id="441">Que de moi-même enfui l'Anglicisme s'empare,</l>
	<l id="442">Que j'abhorre mon être et que je m'en sépare.</l>
</sp>
<sp who="CASCARET"><speaker>CASCARET.</speaker>
	<l id="443">À votre aise, employez le fer, le pistolet,</l>
	<l id="444">Coulez le plomb fondu dans votre cervelet,</l>
	<l id="445">Ou si vous l'aimez mieux, empestez la pilule,</l>
	<l id="446">Empêchez qu'ici bas votre engeance pullule :</l>
	<l id="447">J'oubliais la rivière, où par amusement,</l>
	<l id="448">Vous pouvez, eu belle eau, vous noyer proprement,</l>
	<l id="449">À moins qu'en la fureur dont l'accès vous emporte,</l>
	<l id="450">Vous n'alliez, haut et court, vous pendre à votre porte !</l>
	<l id="451">J'ai d'autres soins, je veille à vous bien décorer</l>
<note type="L">Guenillon : Petite guenille. S'est dit, par extension et par plaisanterie, d'un petit morceau de papier, d'un billet. [L]</note> 
	<l id="452">Du fatal guenillon qu'il vous faut arborer.</l>
</sp>
</div2>
<div2 type="scene" n="7"><head>SCÈNE VII.</head>
<sp who="MONSIEUR JOVIAL"><speaker>JOVIAL.</speaker>
	<l id="453">Si j'enterrais ma femme ! Oh, oui ! La catastrophe</l>
	<l id="454">M'entrave à son caveau, du mien fort limitrophe,</l>
	<l id="455">Et je demeure en proie aux méditations</l>
	<l id="456">Qui peuvent m'affranchir des jubilations !</l>
	<l id="457">C'en est fait : tu péris, ma chère et digne épouse,</l>
	<l id="458">Toi, qui ne fus jamais criarde ni jalouse ;</l>
	<l id="459">Toi, qui toujours fidèle à mes déloyautés,</l>
	<l id="460">Idolâtrais l'époux félon à tes beautés ;</l>
	<l id="461">Toi, qui dans mon veuvage, à mes yeux survivante,</l>
	<l id="462">M'étouffe de plaisir, de douleur, d'épouvante :</l>
	<l id="463">Hélas ! J'ai tout perdu !... Bon, voici les tourments,</l>
	<l id="464">Les hélas, les soupirs, les cris, les hurlements :</l>
	<l id="465">Que ma salle en frémisse et que le ceintre en croule !</l>
	<l id="466">Qu'au milieu des plâtras l'un sur l'autre se roule,</l>
	<l id="467">Et sous les madriers que moi-même englouti</l>
	<l id="468">J'en sorte, sein et sauf, comme latte aplati !...</l>
	<l id="469">Mais tandis que j'englobe, avec grand tintamarre,</l>
<note type="L">Camail :  Petit manteau tombant des épaules à la ceinture, que portent par-dessus le rochet les évêques et autres ecclésiastiques privilégiés. [L]</note>
<note type="L">Simarre : Habillement long et traînant, dont les femmes se servaient autrefois. Espèce de soutane que certains magistrats portent sous leur robe. [L]</note>
	<l id="470">Le camail, le plumet, la jupe et la simarre,</l>
	<l id="471">Cascaret côte à côte avec ma Frétillon,</l>
	<l id="472">N'insulterait-il pas son chaste cotillon ?</l>
</sp>
</div2>
<div2 type="scene" n="8"><head>SCÈNE VIII. Cascaret, Jovial.</head>
<sp who="CASCARET"><speaker>CASCARET.</speaker>
	<l id="473">Monsieur, j'ai peu tardé, voici tout l'équipage.</l>
</sp>
<sp who="MONSIEUR JOVIAL"><speaker>JOVIAL.</speaker>
	<l id="474">Endossons-le, et bien vite, allons, sers-moi de page,</l>
<stage type="dress">Cascaret l'habille en pleureuse, et le coiffe d'un feutre à long crêpe.</stage>
</sp>
<sp who="CASCARET"><speaker>CASCARET.</speaker>
	<l id="475" syll="3" part="i">À mon regret.</l>
</sp>
<sp who="MONSIEUR JOVIAL"><speaker>JOVIAL.</speaker>
	<l id="475" syll="2" part="m">D'où vient ?</l>
</sp>
<sp who="CASCARET"><speaker>CASCARET.</speaker>
	<l id="475" syll="3" part="m">Vous savez !</l>
</sp>
<sp who="MONSIEUR JOVIAL"><speaker>JOVIAL.</speaker>
	<l id="475" syll="6" part="f">Tel habit</l>
	<l id="476">Te semble donc pour moi d'un sinistre acabit !</l>
</sp>
<sp who="CASCARET"><speaker>CASCARET.</speaker>
	<l id="477">Si j'en étais porteur, chamarré de tristesse,</l>
	<l id="478">Tenez, j'aurais demain Lachésis pour hôtesse.</l>
</sp>
<sp who="MONSIEUR JOVIAL"><speaker>JOVIAL.</speaker>
	<l id="479" syll="2" part="i">Poltron !</l>
</sp>
<sp who="CASCARET"><speaker>CASCARET.</speaker>
	<l id="479" syll="10" part="f">En disconviens-je ? Ai-je un coeur de héros ?</l>
	<l id="480">Voit-on mon effigie, en marbre de Paros,</l>
	<l id="481" syll="6" part="i">Reluire au piédestal ?</l>
</sp>
<sp who="MONSIEUR JOVIAL"><speaker>JOVIAL.</speaker>
	<l id="481" syll="6" part="f">Au gibet, en planchette,</l>
	<l id="482" syll="6" part="i">On pourra bien la voir !</l>
</sp>
<sp who="CASCARET"><speaker>CASCARET.</speaker>
	<l id="482" syll="6" part="f">Si l'or ne la rachète !</l>
	<l id="483">J'ai du comptant, Monsieur!</l>
</sp>
<sp who="MONSIEUR JOVIAL"><speaker>JOVIAL.</speaker>
<note type="L">Méchef : Terme vieilli. Fâcheuse aventure. [L]</note>
	<l id="483" syll="6" part="f">Grâce à plus d'un méchef !</l>
</sp>
<sp who="CASCARET"><speaker>CASCARET.</speaker>
<note type="L">Escarboucle : Nom que les anciens donnaient aux rubis. [L]</note>
	<l id="484" syll="6" part="i">J'ai l'escarboucle au doigt,</l>
<stage type="show">Montrant sa bague.</stage>
	<l id="484" syll="6" part="f">Les parfums sur le chef,</l>
<note type="L">Flaberge : Nom donné quelquefois à l'épée du paladin Roland (le nom de Durandal est beaucoup plus commun, surtout dans les textes modernes), et à celle de Renaud de Montauban, l'aîné des quatre fils Aymon, dans les romans de chevalerie. [L]</note> 
	<l id="485">Le brocard au pourpoint, au côté la flamberge,</l>
	<l id="486">Les draps blancs chez Catin, le Bourgogne à l'auberge,</l>
	<l id="487">La bisque sur ma table, un parasite au bout,</l>
	<l id="488">Derrière et devant moi les échansons debout,</l>
	<l id="489">Les fluteurs sur l'estrade, un groupé symphoniste</l>
	<l id="490">Que je vous donne ici pour sublime harmoniste.</l>
</sp>
<sp who="MONSIEUR JOVIAL"><speaker>JOVIAL.</speaker>
	<l id="491">Congédions l'orchestre. Ajuste mon collet,</l>
	<l id="492" syll="3" part="i">Il me gêne.</l>
</sp>
<sp who="CASCARET"><speaker>CASCARET.</speaker>
	<l id="492" syll="9" part="f">Admirez votre attirail follet !</l>
</sp>
<sp who="MONSIEUR JOVIAL"><speaker>JOVIAL.</speaker>
	<l id="493" syll="6" part="i">Ta railles !</l>
</sp>
<sp who="CASCARET"><speaker>CASCARET.</speaker>
	<l id="493" syll="3" part="m">Se peut-il ?</l>
</sp>
<sp who="MONSIEUR JOVIAL"><speaker>JOVIAL.</speaker>
	<l id="493" syll="6" part="f">Voudrais-tu qu'en paillettes,</l>
	<l id="494">L'omoplate ennoblie avec des aiguillettes,</l>
	<l id="495">J'allasse à des convois, paré comme un Seigneur ?</l>
</sp>
<sp who="CASCARET"><speaker>CASCARET.</speaker>
	<l id="496" syll="1" part="i">Oui.</l>
</sp>
<sp who="MONSIEUR JOVIAL"><speaker>JOVIAL.</speaker>
	<l id="496" syll="5" part="m">Lâche mes cheveux.</l>
</sp>
<sp who="CASCARET"><speaker>CASCARET.</speaker>
	<l id="496" syll="6" part="f">Qu'en dira le baigneur ?</l>
</sp>
<sp who="MONSIEUR JOVIAL"><speaker>JOVIAL.</speaker>
	<l id="497" syll="3" part="i">Obéis.</l>
</sp>
<sp who="CASCARET"><speaker>CASCARET.</speaker>
	<l id="497" syll="6" part="f">Aux cordons la bourse est accrochée,</l>
	<l id="498">Mais un tour de poignet, je rassure empochée.</l>
<stage type="hide">Il l'empoche.</stage>
</sp>
<sp who="MONSIEUR JOVIAL"><speaker>JOVIAL.</speaker>
	<l id="499" syll="7" part="i">Tu m'arraches les crins ! Ahi.</l>
</sp>
<sp who="CASCARET"><speaker>CASCARET.</speaker>
	<l id="499" syll="5" part="f">J'y vais doucement.</l>
</sp>
<sp who="MONSIEUR JOVIAL"><speaker>JOVIAL.</speaker>
	<l id="500">Comme un Palefrenier qui peigne sa jument.</l>
</sp>
<sp who="CASCARET"><speaker>CASCARET.</speaker>
	<l id="501">Aussi pourquoi vouloir m'astreindre à tel office,</l>
	<l id="502">Sans privilège aucun, et sans nul bénéfice ?</l>
</sp>
<sp who="MONSIEUR JOVIAL"><speaker>JOVIAL.</speaker>
	<l id="503">Choisis dans mes haras trois pégases nerveux.</l>
</sp>
<sp who="CASCARET"><speaker>CASCARET.</speaker>
	<l id="504">À leur intention j'allonge vos cheveux :</l>
	<l id="505">Les voilà jusqu'à terre ; ils outrent la coutume !</l>
	<l id="506">Et vous poussez trop loin le funèbre costume.</l>
</sp>
<sp who="MONSIEUR JOVIAL"><speaker>JOVIAL.</speaker>
	<l id="507" syll="3" part="i">Dépêche.</l>
</sp>
<sp who="CASCARET"><speaker>CASCARET.</speaker>
	<l id="507" syll="3" part="m">Patience.</l>
</sp>
<sp who="MONSIEUR JOVIAL"><speaker>JOVIAL.</speaker>
	<l id="507" syll="4" part="m">As-tu fini ?</l>
</sp>
<sp who="CASCARET"><speaker>CASCARET.</speaker>
	<l id="507" syll="2" part="f">D'abord :</l>
	<l id="508">Vous cherchez votre fosse, et je vous laisse au bord.</l>
</sp>
</div2>
<div2 type="scene" n="9"><head>SCÈNE IX.</head>
<sp stage="alone" who="MONSIEUR JOVIAL"><speaker>JOVIAL.</speaker>
	<l id="509">Ah ! Moitié de ma vie, idole de mon âme,</l>
	<l id="510">Tu n'est donc plus ! Quel coup ! Je sens que je me pâme,</l>
<stage type="fall/sit">Il tombe mollement dans un fauteuil.</stage>
	<l id="511">Mon coeur débilité... Bon, je m'évanouis :</l>
	<l id="512">Quels battements de mains ! Quels fracas inouïs !</l>
	<l id="513">L'auteur, l'auteur !... Et toi, compagne de ma couche,</l>
	<l id="514">Pour crier un bravo, tu n'ouvres plus la bouche !</l>
	<l id="515">Tu quittes l'air infect, l'égoût parisien,</l>
	<l id="516">Pour les sentiers fleuris du val Elyséen !</l>
	<l id="517">[S]on ombre bocagère élague quelque arbuste</l>
	<l id="518">Que la castration doit rendre plus robuste !</l>
	<l id="519">[L]'auteur, l'auteur ! Tu vas sous le vivace ormeau,</l>
	<l id="520">Parmi les flageolets, t'asseoir avec Rameau,</l>
	<l id="521">[A]ttirer par tes chants les cygnes, les Virgiles,</l>
	<l id="522">Affleurer le gazon par tes danses agiles !</l>
	<l id="523" syll="4" part="i">[L]'auteur, l'auteur!</l>
<stage type="wave">Il fait, à la manière des Comédiens trois profondes révérences, l'une du côté du Roi, l'autre du coté de la Reine, la troisième au Parterre.</stage>
	<l id="523" syll="8" part="f">Messieurs, il est chez lui reclus,</l>
	<l id="524">Il traîne en sa cellule un pied demi-perclus,</l>
	<l id="525">Comme il a pressenti que selon votre usage</l>
	<l id="526">Vous pourriez ordonner qu'il montrât son visage,</l>
	<l id="527">N'ayez aucun regret, s'il échappe à vos yeux,</l>
	<l id="528">Le comique, en long deuil, n'a point l'air trop joyeux,</l>
	<l id="529">Dans sa propre maison, de pleurards obsédée,</l>
	<l id="530">On n'entend que des cris, sa femme est décédée.</l>
</sp>
</div2>
<div2 type="scene" n="10"><head>SCÈNE X. Monsieur et Madame Jovial.</head>
<sp stage="toward" who="MADAME JOVIAL"><speaker>MADAME, à la coulisse.</speaker>
	<l id="531" syll="6" part="i">Comptez sur Jovial.</l>
</sp>
<sp who="MONSIEUR JOVIAL"><speaker>MONSIEUR.</speaker>
	<l id="531" syll="3" part="m">Oh ! C'est elle !</l>
</sp>
<sp stage="toward" who="MADAME JOVIAL"><speaker>MADAME, à la coulisse.</speaker>
	<l id="531" syll="3" part="f">Au festin</l>
	<l id="532">Mon homme assistera chez l'ami Fagotin :</l>
	<l id="533">Point de façon, surtout, entre gens de revue,</l>
<note type="L">Tokay : Vin de Hongrie que l'on place au premier rang parmi les vins doux. [L]</note>
	<l id="534">Il suffit que la cave en tokay soit pourvue.</l>
</sp>
<sp who="MONSIEUR JOVIAL"><speaker>MONSIEUR.</speaker>
	<l id="535" syll="2" part="i">Hélas !</l>
</sp>
<sp who="MADAME JOVIAL"><speaker>MADAME.</speaker>
	<l id="535" syll="10" part="f">Que de langueur ! Pourquoi tant soupirer ?</l>
	<l id="536">Te voilà défaillant, blême, prêt d'expirer !</l>
	<l id="537">Des crêpes ! Quel défunt nous laisse un héritage ?</l>
	<l id="538">Quel bien, à mon insu, nous échoit en partage ?</l>
	<l id="539">Est-ce un riche terroir ? Remplis-tu nos celliers ?</l>
	<l id="540">Nous faudra-t-il gager nombre de sommeliers ?</l>
	<l id="541">Les vins sont-ils brûlants du feu qui réconforte ?</l>
</sp>
<sp who="MONSIEUR JOVIAL"><speaker>MONSIEUR.</speaker>
	<l id="542">Hélas ! Tu ne fais point ! Ma pauvre femme est morte.</l>
</sp>
<sp who="MADAME JOVIAL"><speaker>MADAME.</speaker>
	<l id="543" syll="6" part="i">Rêves-tu ?</l>
</sp>
<sp who="MONSIEUR JOVIAL"><speaker>MONSIEUR.</speaker>
	<l id="543" syll="6" part="f">Samedi, tous deux, en liberté,</l>
	<l id="544">Nous soupâmes ; pour tiers nous eûmes la gaieté,</l>
	<l id="545">Nul docteur, nul bavard, point de métaphysique,</l>
	<l id="546">La mousse du champagne animait la musique ;</l>
	<l id="547">Tu me rossignolais l'Opéra par fragment.</l>
	<l id="548">Un frisson te survient, j'éprouve un tremblement ;</l>
	<l id="549">J'appelle, on reste coi ; je prie, on s'humanise ;</l>
	<l id="550">Accourez donc, je meurs, voilà qu'elle agonise !</l>
	<l id="551">Colique d'estomac, lourde indigestion,</l>
	<l id="552">Le ventre boursouflé par la réplétion :</l>
	<l id="553">Ces pâtes d'abricots, friande nourriture,</l>
	<l id="554">N'apprêtaient, à mon dam, que sa déconfiture !</l>
	<l id="555">Vous riez ! Eh ! Morbleu ! Croyez-vous que son mal</l>
	<l id="556">Ne soit pas d'une force à tuer l'animal ?</l>
	<l id="557">Oui, oui, c'est une crise, un trouble, des symptômes</l>
	<l id="558">Qui vous écraseraient ainsi que des atomes ;</l>
	<l id="559">Vite, apportez des eaux, de[s] sels, des Médecins!</l>
	<l id="560">Tandis qu'on galopait ces siestes assassins,</l>
	<l id="561">Ton oeil faiblit, ton pouls manque, tu m'es ravie,</l>
	<l id="562">Et j'ai perdu mes soins à rappeler ta vie.</l>
</sp>
<sp who="MADAME JOVIAL"><speaker>MADAME.</speaker>
	<l id="563">Te moques-tu de moi ? Perds-tu sens et raison ?</l>
	<l id="564">Avec quel tavernier as-tu fait liaison ?</l>
	<l id="565">Ivre, ou fou, si quelqu'un, les miens, ta parentelle,</l>
	<l id="566">Tes amis te voyaient dans ta douleur mortelle,</l>
	<l id="567">Eux-mêmes, les premiers, t'enverraient me pleurer</l>
	<l id="568">Dans la loge, où longtemps, on t'a vu demeurer !</l>
	<l id="569">Souviens-toi du beau jour où ta langue enhardie</l>
	<l id="570">Piqua des Roscius, la race abâtardie !</l>
	<l id="571">Leur ligue, concertée au chevet de Marton,</l>
	<l id="572">Conduisit, poings liés, ta muse à Charenton !</l>
	<l id="573">Tu le méritais bien ! Tu voulais sur la scène</l>
<stage type="explicit">Le Suborneur, Comédie en cinq Actes et en vers,  je l'imprime incessamment.</stage>
	<l id="574">Ôter sa belle écorce au Suborneur obscène,</l>
	<l id="575">Tandis qu'à son service il fallait t'engager,</l>
	<l id="576">Devenir, en public, son galant messager !</l>
</sp>
<sp who="MONSIEUR JOVIAL"><speaker>MONSIEUR.</speaker>
	<l id="577" syll="2" part="i">Hélas !</l>
</sp>
<sp who="MADAME JOVIAL"><speaker>MADAME.</speaker>
	<l id="577" syll="10" part="f">Plus de complainte, ou je cours de pied ferme</l>
	<l id="578">Supplier qu'en lieu sûr derechef on t'enferme.</l>
	<l id="579">J'aime un extravagant, mais gai, récréatif ;</l>
	<l id="580">Qui tient à son narré l'auditoire attentif,</l>
	<l id="581">Broche l'épithalame aux noces des fillettes,</l>
	<l id="582">Trinque et va de Pomard épuiser les feuillettes :</l>
	<l id="583">Pour toi, fou sérieux, léthargique, glacé ;</l>
	<l id="584">Toi, parmi les vivants, te voilà déplacé !</l>
</sp>
<sp who="MONSIEUR JOVIAL"><speaker>MONSIEUR.</speaker>
	<l id="585">Hélas ! Viens, Héraclite, et que mes yeux périssent</l>
	<l id="586">Si mes pleurs suspendus dans leurs canaux tarissent !</l>
</sp>
<sp who="MADAME JOVIAL"><speaker>MADAME.</speaker>
	<l id="587">Héraclite ! Où peut-il hanter cet égrillard</l>
	<l id="588">Qui jette autour de nous le vaporeux brouillard ?</l>
	<l id="589">Voudrais-tu m'enseigner quelle est la coterie</l>
	<l id="590">Où ce Monsieur s'annonce avec plaisanterie,</l>
	<l id="591">Déride un Sénateur, désarme un officier,</l>
	<l id="592">Discipline un abbé, dégraisse un financier ?</l>
	<l id="593">Parle donc, Jovial.... Ta parole est coupée !</l>
	<l id="594">Que fais-tu d'Héraclite ? Un joujou, ta poupée !</l>
	<l id="595">Dis, réponds... Il délire ! Il ne m'écoute pas !</l>
</sp>
<sp who="MONSIEUR JOVIAL"><speaker>MONSIEUR.</speaker>
	<l id="596">Et toi, Catafalcus, apôtre du trépas,</l>
	<l id="597">Précipite mes jours, creuse ma sépulture,</l>
	<l id="598">Et que des vers, à jeun, mon corps soit la pâture !</l>
</sp>
<sp who="MADAME JOVIAL"><speaker>MADAME.</speaker>
	<l id="599">Catafalcus, où diantre a t-il pu rencontrer</l>
	<l id="600">L'homme qui veut qu'en terre on s'acharne à rentrer ?</l>
	<l id="601">Oh ! Pareils fossoyeurs, nourris des funérailles, </l>
	<l id="602">S'en viendraient d'ossements tapisser nos murailles,</l>
	<l id="603">Et le fantôme Young, ici même apparu,</l>
	<l id="604">Timbra mon cher époux, de requiems féru !</l>
	<l id="605">Dis-moi donc, mon amour, reconnais ta femelle,</l>
	<l id="606">Regarde ! En quel sépulcre en verrais-tu comme elle ?</l>
	<l id="607" syll="4" part="i">Sèche tes pleurs.</l>
</sp>
<sp who="MONSIEUR JOVIAL"><speaker>MONSIEUR.</speaker>
	<l id="607" syll="3" part="m">Le dois-je ? Ah !</l>
</sp>
<sp who="MADAME JOVIAL"><speaker>MADAME.</speaker>
	<l id="607" syll="5" part="f">Tu me fais pitié !</l>
</sp>
<sp who="MONSIEUR JOVIAL"><speaker>MONSIEUR.</speaker>
	<l id="608">Quel veuf peut sans regret enterrer sa moitié ?</l>
</sp>
<sp who="MADAME JOVIAL"><speaker>MADAME.</speaker>
	<l id="609">Tu la vois, tu l'entends, tâte, je suis vivante,</l>
	<l id="610">Je suis avec respect ta très humble servante ;</l>
	<l id="611">J'étayai ton castel, j'ornai ton vêtement,</l>
	<l id="612">Je conviai ta meule à moudre ton froment ;</l>
	<l id="613">C'est moi qu'avec raison tu choisis pour compagne,</l>
	<l id="614">Je t'escorte à la ville, en Cour, à la campagne ;</l>
	<l id="615">C'est mot qui par ton aide, engendrai, sans effort,</l>
<note type="L">Marmouset : Marmouset, visage de marmouset, petit garçon, petit homme mal fait ou non. [L]</note>
	<l id="616">Cinq ou six marmousets qui te ressemblent fort.</l>
</sp>
<sp who="MONSIEUR JOVIAL"><speaker>MONSIEUR.</speaker>
	<l id="617" syll="3" part="i">Qu'on me laisse !</l>
</sp>
<sp who="MADAME JOVIAL"><speaker>MADAME.</speaker>
	<l id="617" syll="9" part="f">À loisir, dans la mélancolie</l>
	<l id="618" syll="6" part="i">Enfoncez-vous, Monsieur.</l>
<stage type="aparte">À part.</stage>
	<l id="618" syll="6" part="f">Épions sa folie.</l>
<stage type="away/watch">Elle se retire et le guette.</stage>
</sp>
<sp who="MONSIEUR JOVIAL"><speaker>MONSIEUR.</speaker>
	<l id="619">Voyez les jeux du sort ! Moi, qui dès le berceau</l>
	<l id="620">Maniai dextrement le comique pinceau ;</l>
	<l id="621">Moi, qui fus appelé, je ne sais par quel astre,</l>
	<l id="622">Pour être du théâtre un solide pilastre ;</l>
	<l id="623">Moi, cet original ! L'on me force à gémir !</l>
	<l id="624">Je gémis ; dans les pleurs je cherche à m'affermir :</l>
	<l id="625">Héraclite survient, Catafalcus ensuite ;</l>
<note type="L">Apprentif : Celui qui est novice dans les arts et les sciences. [F]</note>
	<l id="626">Moi, leur singe apprentif, je grimace à leur suite,</l>
	<l id="627">Le chagrin me gagnait, ma femme a tout gâté :</l>
	<l id="628">Que je m'égaye un peu, net, mon drame est raté,</l>
	<l id="629">Ma banquette déserte ! Ou si le monde afflue,</l>
	<l id="630">S'il avance en tumulte, et qu'en preste il reflue...</l>
</sp>
<sp stage="aparte" who="MADAME JOVIAL"><speaker>MADAME, à part.</speaker>
	<l id="631">Il me jouait, le drôle, et jouera, je le vois,</l>
	<l id="632">Nos lugubres Français qu'il mène à mon convoi.</l>
</sp>
<sp who="MONSIEUR JOVIAL"><speaker>MONSIEUR.</speaker>
	<l id="633">Si ma toile baissée étale pour devise...</l>
	<l id="634">Veut-on se réjouir, céans, qu'on se ravise !</l>
	<l id="635">Pour m'y rendre fameux j'en bannis les hochets.</l>
</sp>
<sp stage="aparte" who="MADAME JOVIAL"><speaker>MADAME, à part.</speaker>
	<l id="636">II va sur l'Acheron glisser des ricochets.</l>
</sp>
<sp who="MONSIEUR JOVIAL"><speaker>MONSIEUR.</speaker>
	<l id="637">Si ma scène imprévue offre à mon assemblée</l>
	<l id="638">La charmante Atropos, d'un linceul affublée...</l>
</sp>
<sp stage="aparte" who="MADAME JOVIAL"><speaker>MADAME, à part.</speaker>
	<l id="639">Je frémis du spectacle ! Il plaira néanmoins !</l>
	<l id="640">IL aura, j'en réponds, nos quakers pour témoins.</l>
</sp>
<sp who="MONSIEUR JOVIAL"><speaker>MONSIEUR.</speaker>
	<l id="641">Si j'accouche d'une oeuvre où mes Aristophanes</l>
	<l id="642">Plongent le fer tragique en leurs flancs diaphanes,</l>
	<l id="643">Ils criaillent, je braille, on rit, je reste mort.</l>
</sp>
<sp who="MADAME JOVIAL"><speaker>MADAME.</speaker>
	<l id="644">Catafalcus l'emporte et le Rieur a tort.</l>
</sp>
<sp who="MONSIEUR JOVIAL"><speaker>MONSIEUR.</speaker>
	<l id="645" syll="3" part="i">Tu m'épiais !</l>
</sp>
<sp who="MADAME JOVIAL"><speaker>MADAME.</speaker>
	<l id="645" syll="9" part="f">Ah, ah ! Toute chaude on m'enterre !</l>
</sp>
<sp who="MONSIEUR JOVIAL"><speaker>MONSIEUR.</speaker>
	<l id="646">Rentre dans ton caveau, j'attends Monsieur Parterre,</l>
	<l id="647">Il ne te connaît point ! Il faut nous divertir</l>
	<l id="648">À lamenter ta perte ; y veux-tu consentir ?</l>
</sp>
<sp who="MADAME JOVIAL"><speaker>MADAME.</speaker>
	<l id="649">Volontiers : moquons-nous des Romans qu'il accueille,</l>
	<l id="650">Et du choix malheureux des pièces qu'il recueille.</l>
</sp>
<sp who="MONSIEUR JOVIAL"><speaker>MONSIEUR.</speaker>
	<l id="651" syll="6" part="i">Tu sais son crime énorme !</l>
</sp>
<sp who="MADAME JOVIAL"><speaker>MADAME.</speaker>
<note type="L">Ris :  Synonyme de rire.</note>
	<l id="651" syll="6" part="f">II étrangla les ris.</l>
</sp>
<sp who="MONSIEUR JOVIAL"><speaker>MONSIEUR.</speaker>
	<l id="652">Avec le noeud coulant que serra tout Paris.</l>
</sp>
<sp who="MADAME JOVIAL"><speaker>MADAME.</speaker>
	<l id="653">Je sais que le pendard a saisi l'occurrence,</l>
	<l id="654">Pour exterminer Plaute et juguler Térence !</l>
</sp>
<sp who="MONSIEUR JOVIAL"><speaker>MONSIEUR.</speaker>
	<l id="655">Tandis qu'il complimente, un froid dialogueur</l>
	<l id="656">S'enroue à lui prôner son actrice en langueur,</l>
<note type="C">Nanine ou le préjugé vaincu est une comédie de Voltaire (1760).</note>
<note type="C">Cénie est une comédie en prose de Françoise de Grafigny (1750).</note> 
	<l id="657">Et me soutient, à moi, que Nanine, ou Cénie,</l>
	<l id="658">Sont les derniers efforts du comique génie !</l>
</sp>
<sp who="MADAME JOVIAL"><speaker>MADAME.</speaker>
	<l id="659">Pour voir là du MOLIÈRE, il faut être aveuglé !</l>
	<l id="660">Mais l'ouvrage est-il plat, mal conçu, mal réglé,</l>
	<l id="661">Le Dave y met du sien ; le vieux renard finasse,</l>
	<l id="662">Accrédite un auteur, embryon du Parnasse !</l>
	<l id="663">Dans les doctes papiers le nabot agrandi,</l>
<note type="L">Quarante : les Académiciens français.</note>
	<l id="664">Au fauteuil des Quarante arrive tout brandi,</l>
	<l id="665">Et des Contemporains les neuf Muses prisées,</l>
	<l id="666">N'ont des siècles futurs que nargués et risées.</l>
</sp>
<sp who="MONSIEUR JOVIAL"><speaker>MONSIEUR.</speaker>
<note type="L">Vaugelas, Claude Favre, Seigneur de [1585-1650] : célèbre grammairien français, un des premiers membres de l'Académie française. On lui doit : "Remarques sur la langue française" où il définit le bon usage.</note>
	<l id="667">Comment ! Ces Vaugelas dont l'oeil grammatical</l>
	<l id="668">Découvre dans le Cid un vice radical,</l>
	<l id="669">Ces Bourgeois d'Hélicon, glosent la Melpomène,</l>
	<l id="670">Qui trèfle son laurier pour en coiffer Chìmène,</l>
	<l id="671">Et de Monsieur Parterre, en butte au correctif,</l>
	<l id="672">Il faudra consacrer l'arrêt définitif !</l>
</sp>
<sp who="MADAME JOVIAL"><speaker>MADAME.</speaker>
	<l id="673">Je récuse le juge, et ma fin qui s'approche</l>
	<l id="674">Va lui coûter des pleurs, fut-il plus dur que roche !</l>
	<l id="675">II s'en faut ! Le bonhomme, aussi mou qu'un chiffon,</l>
	<l id="676">Cède aux piteux bémols d'un Opéra bouffon,</l>
	<l id="677">Et sa voix monotone assoupit la Romance,</l>
	<l id="678">Que l'écho, fatigué, répète et recommence.</l>
	<l id="679" syll="6" part="i">Quel triste chansonnier !</l>
</sp>
<sp who="MONSIEUR JOVIAL"><speaker>MONSIEUR.</speaker>
	<l id="679" syll="6" part="f">II vient, paix, le voilà !</l>
	<l id="680" syll="6" part="i">Courage, larmoyons.</l>
<stage type="get/cry">Tous deux tirent le mouchoir.</stage>
</sp>
</div2>
<div2 type="scene" n="11"><head>SCÈNE DERNIÈRE. Parterre, Loge, Balcon, Monsieur et Madame Jovial.</head>
<sp who="MONSIEUR JOVIAL"><speaker>JOVIAL.</speaker>
	<l id="680" syll="6" part="f">Quel coup me frappe là !</l>
<stage type="show">Montrant son coeur.</stage>
</sp>
<sp who="PARTERRE"><speaker>PARTERRE.</speaker>
	<l id="681" syll="6" part="i">Je vous retrouve en deuil !</l>
</sp>
<sp who="MONSIEUR JOVIAL"><speaker>JOVIAL.</speaker>
	<l id="681" syll="6" part="f">Pour les uns déplorable !</l>
	<l id="682">Oh l'a vu, bien souvent, pour d'autres favorable.</l>
</sp>
<sp who="LOGE"><speaker>LOGE.</speaker>
	<l id="683">À peine en nos foyers, où l'on grelotte ici,</l>
	<l id="684">Avons-nous pu phraser un discours raccourci...</l>
</sp>
<sp who="BALCON"><speaker>BALCON.</speaker>
	<l id="685">Et dans cet intervalle arrive une nouvelle....</l>
</sp>
<sp who="MADAME JOVIAL"><speaker>MADAME JOVIAL.</speaker>
	<l id="686">À casser contre un mur la plus forte cervelle !</l>
	<l id="687">Figurez-vous la femme en sa pleine vigueur,</l>
	<l id="688">Affrontant les hivers, la bise et sa rigueur,</l>
	<l id="689">C'était ma jovial, allaigre, sémillante.</l>
	<l id="690">L'image de santé, la jeunesse brillante :</l>
	<l id="691">J'aurais mis sur sa tête un lingot du Pérou !</l>
	<l id="692">Elle était mal au point d'abbattre un loup-garou,</l>
	<l id="693">Toutefois gracieuse, aussi douce qu'hermine :</l>
	<l id="694">La friponne en avait la finesse et la mine.</l>
</sp>
<sp who="MONSIEUR JOVIAL"><speaker>JOVIAL.</speaker>
	<l id="695">Quel démon put flétrir les roses, la fraîcheur,</l>
	<l id="696">L'éclat qui de son teint relevaient la blancheur ?</l>
	<l id="697">Quel Artiste éminent, peintre de la nature,</l>
	<l id="698">N'échouerait à vous rendre au vif sa miniature ?</l>
</sp>
<sp who="MADAME JOVIAL"><speaker>MADAME JOVIAL.</speaker>
	<l id="699" syll="3" part="i">La voici :</l>
<stage type="show">Montrant son bracelet, que considèrent les Acteurs et que baise et rebaise Jovial.</stage>
	<l id="699" syll="9" part="f">Peu fidèle, en proie au vermillon ;</l>
<note type="L">Émerillon : Femelle du faucon aesalon, dont le mâle est appelé rochier. [L] Ici oeil vif.</note>
	<l id="700">Mais... c'est-là... c'est bien là... son oeil d'émerillon !</l>
	<l id="701">Sans Lapidaire aucun, sens nulles girandoles,</l>
	<l id="702">La Dame eut éclipsé [les] Chinoises idoles I</l>
	<l id="703">Et la voilà perdue au fabuleux séjour</l>
	<l id="704">Dont, par un trait jaloux, la nuit chassa le jour !</l>
	<l id="705">La pauvre créature, agréable, follette,</l>
	<l id="706">Le miroir devant elle, expire à sa toilette.</l>
</sp>
<sp who="LOGE"><speaker>LOGE.</speaker>
	<l id="707">Encor si dans son lit elle eut trouvé sa fin !</l>
</sp>
<sp who="MADAME JOVIAL"><speaker>MADAME JOVIAL.</speaker>
	<l id="708" syll="6" part="i">Je m'en consolerais !</l>
</sp>
<sp who="LOGE"><speaker>LOGE.</speaker>
	<l id="708" syll="6" part="f">Je le crois, mais enfin,</l>
<note type="L">Prétintaille : Ornement de toilette en découpure qui se mettait sur les robes des femmes. [L]</note>
	<l id="709">Que l'on souffre à mourir en robe à preétintaille !</l>
</sp>
<sp who="MADAME JOVIAL"><speaker>MADAME JOVIAL.</speaker>
	<l id="710">Avec le busque habile à raffiner la taille !</l>
</sp>
<sp who="MONSIEUR JOVIAL"><speaker>JOVIAL.</speaker>
	<l id="711">Quel Négromatien espéra vainement,</l>
	<l id="712">Conjurer par son art, tourner l'événement,</l>
	<l id="713">Et subjuguer le sort dont l'arbitraire empire</l>
	<l id="714">Voulut de tous les maux me réserver le pire ?</l>
	<l id="715">Je suis veuf : l'apos[t]ème enleva cet objet</l>
	<l id="716">Qui sera de mes pleurs un éternel sujet ;</l>
	<l id="717">J'en verse à flots, Messieurs, et je m'en félicite,</l>
<note type="L">Cocyte : Terme de mythologie. Un des fleuves qui environnaient les enfers. [L]</note>
	<l id="718">Ma femme, en falbalas, vogue sur le Cocyte :</l>
	<l id="719">Sa mort, toujours vivante en mes esprits troublés,</l>
	<l id="720">Les retient, à plaisir, sous la tombe accablés.</l>
</sp>
<sp who="PARTERRE"><speaker>PARTERRE.</speaker>
	<l id="721">N'en sortez point, songez que plus on nous afflige,</l>
	<l id="722">Moins on craint les lardons, châtiments que j'inflige</l>
	<l id="723">À l'insensible époux qui perdrait sa moitié,</l>
	<l id="724">Sans lui faire un adieu surchargé d'amitié.</l>
</sp>
<sp who="BALCON"><speaker>BALCON.</speaker>
	<l id="725">Oh ! Monsieur Jovial n'aura plus d'autre envie</l>
	<l id="726">Que de sacrifier les restes de sa vie...</l>
</sp>
<sp who="LOGE"><speaker>LOGE.</speaker>
	<l id="727">Pour rejoindre sa dame en beaux accoutrement</l>
	<l id="728" syll="6" part="i">Qu'elle a quitté si jeune...</l>
</sp>
<sp who="MADAME JOVIAL"><speaker>MADAME JOVIAL.</speaker>
	<l id="728" syll="6" part="f">Et pour quels ornements !</l>
</sp>
<sp who="MONSIEUR JOVIAL"><speaker>JOVIAL.</speaker>
	<l id="729">Moi, vivre, et je la perds ! qu'on m'effile une épée !</l>
</sp>
<sp who="MADAME JOVIAL"><speaker>MADAME JOVIAL.</speaker>
	<l id="730" syll="3" part="i">Vous détruire !</l>
</sp>
<sp who="MONSIEUR JOVIAL"><speaker>JOVIAL.</speaker>
	<l id="730" syll="9" part="f">Qu'au Styx la rouillarde trempée</l>
	<l id="731">M'arrache à mes douleurs, m'immole à ma Philis,</l>
	<l id="732">Dont la faux désastreuse a pu trancher les lys,</l>
	<l id="733" syll="7" part="i">La voilà... Qu'on me dise... Où ?</l>
</sp>
<sp stage="aparte" who="MADAME JOVIAL"><speaker>MADAME JOVIAL, à part.</speaker>
	<l id="733" syll="2" part="m">Chez toi.</l>
</sp>
<sp who="MONSIEUR JOVIAL"><speaker>JOVIAL.</speaker>
	<l id="733" syll="3" part="f">Je l'ignore ;</l>
	<l id="734" syll="3" part="i">Mais que l'urne,</l>
<stage type="L">Ils s'en fait une de sa tabatière.</stage>
	<l id="734" syll="9" part="f">Enfermant sa cendre que j'honore,</l>
	<l id="735">M'excite à conserver le mortel souvenir</l>
	<l id="736" syll="6" part="i">D'une épouse qui part...</l>
</sp>
<sp who="MADAME JOVIAL"><speaker>MADAME JOVIAL.</speaker>
	<l id="736" syll="6" part="f">Pour ne plus revenir !</l>
</sp>
<sp who="MONSIEUR JOVIAL"><speaker>JOVIAL.</speaker>
	<l id="737">Rapprochons-là de moi, quoique fort reculée ;</l>
	<l id="738">Oui, j'annonce aux Français la pièce intitulée,</l>
	<l id="739" syll="6" part="i">Le Veuf inconsolable.</l>
</sp>
<sp who="PARTERRE"><speaker>PARTERRE.</speaker>
	<l id="739" syll="6" part="f">Oh ! Je vous garantis</l>
	<l id="740">Que contre un tel chef-d'oeuvre il n'est point de partis,</l>
	<l id="741">De cabales, sans frein, que votre acteur n'écrase !</l>
</sp>
<sp who="MONSIEUR JOVIAL"><speaker>JOVIAL.</speaker>
	<l id="742" syll="2" part="i">Monsieur...</l>
</sp>
<sp who="PARTERRE"><speaker>PARTERRE.</speaker>
	<l id="742" syll="10" part="f">D'yeux qu'il ne mouille, et d'âmes qu'il n'embrase !</l>
	<l id="743">Sur vos dignes tréteaux, je ne reviens exprès</l>
	<l id="744">Que pour vous couronner du comique cyprès.</l>
<stage type="dress">Il tire de dessous sa veste, et pose sur la tête de Jovial le cyprès dont il se défend.</stage>
</sp>
<sp who="LOGE"><speaker>LOGE.</speaker>
	<l id="745">Et moi, je vous ménage une heureuse élégie,</l>
	<l id="746">Dont le vers gémissant fait votre apologie.</l>
</sp>
<sp who="MONSIEUR JOVIAL"><speaker>JOVIAL.</speaker>
	<l id="747" syll="2" part="i">Madame...</l>
</sp>
<sp who="LOGE"><speaker>LOGE.</speaker>
	<l id="747" syll="10" part="f">Oh plaint ce veuf, éperdu, désolé,</l>
	<l id="748">Que l'on verra plutôt défunt que consolé.</l>
	<l id="749" syll="6" part="i">À vous, Monsieur Balcon.</l>
</sp>
<sp who="BALCON"><speaker>BALCON.</speaker>
	<l id="749" syll="6" part="f">Pour moi, Madame Loge,</l>
	<l id="750">J'ai toujours réussi dans le funèbre éloge,</l>
	<l id="751">J'en garde à Jovial un qui n'est point menteur.</l>
</sp>
<sp who="MONSIEUR JOVIAL"><speaker>JOVIAL.</speaker>
	<l id="752" syll="2" part="i">Monsieur.</l>
</sp>
<sp who="BALCON"><speaker>BALCON.</speaker>
	<l id="752" syll="10" part="f">Point doucereux, et d'autant plus flatteur.</l>
</sp>
<sp who="LOGE"><speaker>LOGE.</speaker>
	<l id="753">Que pour vous, mon Thespis, en casaque drapée,</l>
	<l id="754">La médaille en bel or au bon coin soit frappée !</l>
<stage type="shame">Jovial s'humilie.</stage>
</sp>
<sp who="BALCON"><speaker>BALCON.</speaker>
	<l id="755">Qu'exempte d'alliage, aucun temps ne la fouille,</l>
	<l id="756">Qu'elle échappe aux affronts que lui ferait la rouille !</l>
<stage type="shame">Jovial s'humilie.</stage>
</sp>
<sp who="PARTERRE"><speaker>PARTERRE.</speaker>
	<l id="757">Le ciseau vous réclame, un Pigal se réveille</l>
	<l id="758">Pour montrer sous vos traits la huitième merveille,</l>
	<l id="759">Aux yeux du monde entier vous produire en granit,</l>
	<l id="760">Et porter votre nom du Nadir au Zénith.</l>
</sp>
<sp who="MONSIEUR JOVIAL"><speaker>JOVIAL.</speaker>
	<l id="761">Triomphez, écrivains, dont la plume émoussée,</l>
	<l id="762">Fut par un vent contraire au théâtre poussée :</l>
	<l id="763">Du savoir et du goût, en Gaule anéantis,</l>
	<l id="764">Naquirent les succès dont vous fûtes nantis ;</l>
	<l id="765">Qu'ils rongent l'envieux ! Qu'ils s'accroissent encore !</l>
	<l id="766">Que Midas Oreillard, comme lui, vous décore,;</l>
	<l id="767">Qu'il vous donne la palme, à vous, plats romanciers,</l>
	<l id="768">Les bourreaux de Momus, des ris les justiciers !</l>
</sp>
<sp who="MADAME JOVIAL"><speaker>MADAME JOVIAL.</speaker>
	<l id="769">Éclate, mon époux, ta splendeur m'environne :</l>
	<l id="770">Pleuvent sur toi les vers, l'éloge et la couronne,</l>
	<l id="771">Et si ce n'est assez pour te rendre immortel,</l>
	<l id="772">Opérons un miracle, il te vaudra l'autel :</l>
	<l id="773">Que ton chef blanchissant tout-à-coup refleurisse,</l>
	<l id="774">Et s'il se peut, l'ami, qu'à ton âge il meurisse !</l>
</sp>
<sp who="MONSIEUR JOVIAL"><speaker>JOVIAL.</speaker>
	<l id="775">Tu vois que mon travail, à moi-même suspect,</l>
	<l id="776">Usurpe un médaillon, des honneurs et du respect !</l>
	<l id="777">Tu vois bien qu'en granit aux places l'on m'installe</l>
	<l id="778">Pour avoir renfrogné la sombre Capitale !</l>
	<l id="779" syll="6" part="i">Ma somme... Qu'en dis-tu ?</l>
</sp>
<sp who="PARTERRE"><speaker>PARTERRE.</speaker>
	<l id="779" syll="6" part="f">Sa femme ! Il nous bernait !</l>
</sp>
<sp who="MONSIEUR JOVIAL"><speaker>JOVIAL.</speaker>
	<l id="780">Tandis que de sa main Monsieur me couronnait.</l>
	<l id="781" syll="6" part="i">Allez, cyprès maudit,</l>
<stage type="throw">Le jetant, par mégarde, dans le Parterre.</stage>
	<l id="781" syll="6" part="f">Allez au cimetière,</l>
	<l id="782">Servir à nos Youngs de béguin, de têtière :</l>
	<l id="783">Pour moi, loin des Anglais, je marche panaché</l>
<note type="L">Piron, Alexis (1689-1773) : Auteur dramatique français auteur de Arlequin deucalion (opéra comique), la Métromanie (comédie) et de Gusave Wasa (tragédie).</note>
	<l id="784">Des pampres, que PIRON du cep a détaché.</l>
</sp>
<sp who="PARTERRE"><speaker>PARTERRE.</speaker>
	<l id="785" syll="3" part="i">Le farceur !</l>
</sp>
<sp who="LOGE"><speaker>LOGE.</speaker>
	<l id="785" syll="3" part="m">L'impudent !</l>
</sp>
<sp who="BALCON"><speaker>BALCON.</speaker>
	<l id="785" syll="3" part="m">Le maroufle !</l>
</sp>
<sp who="PARTERRE"><speaker>PARTERRE.</speaker>
	<l id="785" syll="3" part="f">Débute :</l>
	<l id="786">À plat sur ton parquet ma clique te culbute.</l>
</sp>
<sp who="LOGE"><speaker>LOGE.</speaker>
<note type="C">Gilles : Toinette, Asgan, Purgon. [L] </note>
	<l id="787">Présente à mon courroux tes Gilles contournés,</l>
	<l id="788">Je leur jette aussitôt mon éventail au nez.</l>
</sp>
<sp who="BALCON"><speaker>BALCON.</speaker>
	<l id="789">Sollicite un appui pour tes pièces véreuses, </l>
<note type="C">Nicolet : Producteur de spectacle de la Foire Saint-Laurent.</note>
	<l id="790">J'envoie à Nicolet ton crêpe et tes pleureuses.</l>
</sp>
<sp who="LOGE"><speaker>LOGE.</speaker>
<note type="C">Crispin : noms de types de personnages de comédie.</note>
	<l id="791">Ose arrondir la fraise au col de ton Crispin,</l>
<note type="C">Turlupin : Fig. Nom de farce que prit un comédien.</note>
	<l id="792">Ma cassolette ira masquer le Turlupin.</l>
</sp>
<sp who="BALCON"><speaker>BALCON.</speaker>
<note type="L">Incaguer : Terme bas et vieilli Défier quelqu'un, le braver, en lui témoignant beaucoup de mépris. [L]</note>
	<l id="793">Tremble pour ta séquelle ! Oui, j'incague, à ta barbe</l>
<note type="C">Toinette, Asgan, Purgon personnages de comédies de Molière.</note>
	<l id="794">Toinette, Argan, Purgon, sa toque et sa rhubarbe.</l>
</sp>
<sp who="LOGE"><speaker>LOGE.</speaker>
	<l id="795">Je livre à nos rimeurs, les plus fastidieux,</l>
	<l id="796">L'Olympe où Métromane, habite avec lés Dieux.</l>
</sp>
<sp who="BALCON"><speaker>BALCON.</speaker>
<note type="L">Ceste : Nom d'un gantelet de cuir souvent garni de plomb, qui servait aux anciens athlètes, pour combattre à coups de poings, dans les jeux publics. Le prix du ceste, le prix donné au vainqueur dans cette sorte de combat. [L]</note>
	<l id="797">Gémis sur mes exploits, je cours, armé d'un ceste,</l>
<note type="C">Alceste et Célimène sont deux personnage du Misanthrope de Molière.</note>
	<l id="798">Étendre Célimène aux pieds du fauve Alceste,</l>
	<l id="799">Et de tous les humains le frondeur abjuré,</l>
	<l id="800">Sent de mon gantelet le poids démesuré.</l>
</sp>
<sp who="MONSIEUR JOVIAL"><speaker>JOVIAL.</speaker>
<note type="L">Elmire, Orgon, Dorine : personnages du Tartuffe de Molière. </note> 
	<l id="801">Frappez d'un coup de foudre Elmire, Orgon, Dorine</l>
	<l id="802">Complétez la victoire, et qu'on la tambourine.</l>
</sp>
<sp who="BALCON"><speaker>BALCON.</speaker>
	<l id="803" syll="6" part="i">Vous me raillez, je pense !</l>
</sp>
<sp who="MONSIEUR JOVIAL"><speaker>JOVIAL.</speaker>
	<l id="803" syll="4" part="m">Innocemment !</l>
</sp>
<sp who="BALCON"><speaker>BALCON.</speaker>
	<l id="803" syll="2" part="f">D'un ton</l>
	<l id="804">[Qui] semble sur vos reins appeler le bâton !</l>
</sp>
<sp who="MONSIEUR JOVIAL"><speaker>JOVIAL.</speaker>
	<l id="805">[Halte]-là ; Jovial, valet de comédie,</l>
	<l id="806">Pourrait changer, Monsieur, la scène en Tragédie I</l>
</sp>
<sp who="PARTERRE"><speaker>PARTERRE.</speaker>
	<l id="807">C'est un double maraud, suivant le Trivelin,</l>
	<l id="808">Palaprat, Dufresny, Regnard et Poquelin ;</l>
	<l id="809">C'est un drôle avoué du rieur Démocrite :</l>
	<l id="810">Sortons, que sa mémoire en ces lieux soit proscrite !</l>
<stage type="get/whistle">Il tire un long sifflet, siffle à outrance, et sort avec Loge et Balcon.</stage>
</sp>
<sp who="MONSIEUR JOVIAL"><speaker>JOVIAL.</speaker>
	<l id="811">Nargue à Monsieur Parterre, il siffle, il applaudit...</l>
</sp>
<sp who="MADAME JOVIAL"><speaker>MADAME.</speaker>
	<l id="812">Il ne sait ce qu'il fait, car il se contredit.</l>
</sp>
<sp who="MONSIEUR JOVIAL"><speaker>JOVIAL.</speaker>
	<l id="813">Il suffit, une fois, montrer sa turpitude.</l>
</sp>
<sp who="MADAME JOVIAL"><speaker>MADAME.</speaker>
	<l id="814">Pour lui tu sanglotais, n'en prends point l'habitude.</l>
</sp>
<sp who="MONSIEUR JOVIAL"><speaker>JOVIAL.</speaker>
	<l id="815">Allons, ma toute belle, allons rire au festin</l>
	<l id="816">Qu'assaisonne en bons mots notre amé Fagotin,</l>
	<l id="817">Et d'un Catafalcus fuyons l'itinéraire</l>
	<l id="818">Qui nous mène, avant terme, au dortoir funéraire.</l>
	<l id="819">Refoulons la vendange avec mon Rabelais,</l>
	<l id="820">Réintégrons Thalie en son joyeux Palais.</l>
<stage type="toward">AU PARTERRE.</stage>
	<l id="821">Monsieur, quelque pitié, grâce, si l'on vous joue,</l>
	<l id="822">Je vous applique ici le soufflet sur ma joue !</l>
	<l id="823">Ma pièce est misérable ! et mes chétifs acteurs</l>
	<l id="824">Seront jusqu'à la mort vos zélés.... détracteurs.</l>
</sp>
</div2>
</div1>
</body>
</text>
</TEI>