<?xml version="1.0" encoding='utf-8'?>
<TEI xml:lang="fr">
<teiHeader> 
		<fileDesc>
			<titleStmt>
				<title>LES BOÎTES, OU LA CONSPIRATION DES MOUCHOIRS, DIVERTISSEMENT-VAUDEVILLE</title>
				<author type="texte" ISNI="0000 0000 5488 6207">BIZET (17..-1842) </author>
			</titleStmt>
			<publicationStmt>	
				<editor>Texte établi par Paul FIEVRE juin 2019</editor>
				<publisher>Publié par Paul FIEVRE juillet 2019</publisher>
				<idno>BIZET_BOITES</idno>
			<rights>Creative Commons BY-NC-SA</rights>
			</publicationStmt>
			<SourceDesc>
				<genre>Comédie</genre>
				<inspiration>histoire</inspiration>
				<structure>Un acte</structure>
				<type>mixte</type>
				<periode>1791-1800</periode>
				<taille>0-250</taille>
				<permalien>https://gallica.bnf.fr/ark:/12148/bpt6k9609181v</permalien>
			</SourceDesc>
		</fileDesc>
</teiHeader>
<text>
<front>
	<docTitle>
	    <titlePart part="main">LES BOÎTES</titlePart>
		<titlePart part="sub">OU LA CONSPIRATION DES MOUCHOIRS</titlePart> 
		<titlePart part="sub">DIVERTISSEMENT-VAUDEVILLE</titlePart> 
	</docTitle>
   <docDate value="1796">AN QUATRIÈME DE LA RÉPUBLIQUE.</docDate>
   <docAuthor id='BIZET, Citoyen'>du citoyen Bizet</docAuthor>
	<docImprint>
		<editor id="BARBA">À PARIS, Chez BARBA, libraire, au magasin des pièces de théâtre, rue André-des-Arts, n° 27.</editor>
	</docImprint>
	<performance>
		<premiere date="1796-09-05" location='Cité-Variétés'>Représenté pour la première fois sur le théâtre de la Cité-Variétés, le 19 fructidor, au IVe. de la République.</premiere>
	</performance>
	<castList><head>PERSONNAGES</head>
		<castItem><role id="" sex="1" type="H" statut="bourgeois" age="A" stat_amour=''>DORCY</role>, Tautin.</castItem>
		<castItem><role id="" sex="1" type="H" statut="bourgeois" age="A" stat_amour=''>MULEFORT</role>, le Roi.</castItem>
		<castItem><role id="" sex="1" type="H" statut="bourgeois" age="A" stat_amour=''>BLAISE</role>, Beaulieu.</castItem>
		<castItem><role id="" sex="1" type="H" statut="bourgeois" age="A" stat_amour=''>TORQUATUS</role>, Tiercelin.</castItem>
		<castItem><role id="" sex="1" type="H" statut="bourgeois" age="A" stat_amour=''>CATON</role>, Genest.</castItem>
		<castItem><role id="" sex="1" type="H" statut="bourgeois" age="A" stat_amour=''>SCÉVOLA</role>, Delaporte.</castItem>
		<castItem><role id="" sex="1" type="H" statut="bourgeois" age="A" stat_amour=''>ARISTIDE</role>, Guibert.</castItem>
		<castItem><role id="" sex="1" type="H" statut="bourgeois" age="A" stat_amour=''>SUBTIL</role>, Fréderick.</castItem>
	</castList>
	<set location='Paris' country='France' periode='XVIIIème' gps="(N/A)">La scène est dans une place publique.</set>
</front>
<body>
<div1 type="acte" n="1"><head>LES BOITES.</head>
<div2 type="scene" n="1"><head>SCÈNE PREMIÈRE.</head>
<sp who="SUBTIL"><speaker>SUBTIL, seul, brossant un bonnet rouge.</speaker>
<p id="1">
	<s id="1">Le v'la donc arrivé le moment heureux de la résurrection des jacobins, ce jour si vivement désiré ; c'est ce soir que la conjuration éclate.</s>
</p>
<stage type="title">AIR : En quatre mots.</stage>
	<l id="1">Je vais revoir tous ces messieurs en us,</l>
	<l id="2">Les citoyens Horatius, </l>
	<l id="3">Curtius, </l>
	<l id="4">Mutius ;</l>
	<l id="5">Il n'y a qu'une chose qui m'désespère,</l>
	<l id="6">C'est qu'not, président m'préfère</l>
	<l id="7">C'vilain Torquatus, </l>
	<l id="8">Mais j'ai l'appui du citoyen Gracchus,</l>
	<l id="9">À ses yeux Torquatus</l>
	<l id="10">N'est qu'un Olibrius ;</l>
	<l id="11">J'sais qu'il a des poings tant et plus, </l>
	<l id="12">Pour de l'esprit, motus.</l>
<p id="2">
	<s id="1">Cette nuit sera le plus beau jour de notre règne, il y a assez longtemps qu'on nous persécute, et pourtant nous n'voulons que l'bien d'nos concitoyens. </s>
	<s id="2">Oh ! </s>
	<s id="3">Qui m'tarde de voir r'commencer nos séances. </s>
	<s id="4">J'veux l'jour d'l'ouverture d'not'salle, débiter cette superbe motion que mon cousin Sangsue m'a rédigée par écrit, et que j'ai apprise sur le bout de mon doigt.</s>
</p>
<stage type="title">AIR : Ah ! que je sens d'impatience.</stage>
	<l id="13">Tout en haut des bancs je m'élève</l>
	<l id="14">Cela fixe l'attention;</l>
	<l id="15">Drès le moment que je me lève</l>
	<l id="16">Pour débiter m'a motion,</l>
	<l id="17">Le plus profond silence,</l>
	<l id="18">Le plus profond silence,</l>
	<l id="19">Soudain se fait de l'un à l'autre bout</l>
	<l id="20">Pour écouler mon éloquence ,</l>
	<l id="21">On prête l'oreille par-tout;</l>
	<l id="22">On demandera ,</l>
	<l id="23">Qui donc parle-là ;</l>
	<l id="24">C'est lui, le voilà , Puis chacun dira;</l>
	<l id="25">C'est lui, le voilà ,</l>
	<l id="26">Puis chacun dira ;</l>
	<l id="27">Paix là, paix là, paix là.</l>
<p id="">
	<s id="1">Président, j'demande la parole, j'fais la motion qu'on arrête sur-le-champ tous ceux qui n'iront pas d'not' avis. </s>
	<s id="2">Quand ils seront une fois en prison, ils apprendront à d'venir libres. </s>
	<s id="3">- Arrêté à l'unanimité. </s>
	<s id="4">En masse... </s>
	<s id="5">Et puis ensuite :</s>
</p>
	<l id="28">À force,</l>
	<l id="29">À force</l>
	<l id="30">Chacun m'applaudira. </l>
<stage type="bis">Bis.</stage>
</sp>
</div2>
<div2 type="scene" n="2"><head>SCÈNE II. Subtil, Caton.</head>
<sp who="SUBTIL"><speaker>SUBTIL.</speaker>
<p id="1">
	<s id="1">Ah ! </s>
	<s id="2">C'est toi, citoyen Caton, eh bien ! </s>
	<s id="3">Qu'y a-t-il de nouveau ?</s>
</p>
</sp>
<sp who="CATON"><speaker>CATON.</speaker>
<p id="2">
	<s id="1">Tout succède à nos voeux : cette nuit enfantera des miracles, nous chargeons les honnêtes gens d'un crime nouveau, nous armons contre eux les amis du gouvernement du jour, ces furoristes infâmes qui assassinèrent, les dix et onze thermidor, le génie de la liberté dans la personne de ses plus zélés défenseurs ; nous affaiblissons un parti par l'autre et ensuite nous les écrasons tous les deux.</s>
</p>
</sp>
<sp who="SUBTIL"><speaker>SUBTIL.</speaker>
<p id="3">
	<s id="1">Oui, nous les écraserons tous les deux.</s>
</p>
</sp>
<sp who="CATON"><speaker>CATON.</speaker>
<p id="4">
	<s id="1">Au milieu du tumulte, nous nous porterons aux prisons, et nous délivrerons nos patriotes énergiques qui gémissent dans les fers.</s>
</p>
</sp>
</div2>
<div2 type="scene" n="3"><head>SCÈNE III. Subtil, Caton, Torquatus, Scévola.</head>
<sp who="TORQUATUS"><speaker>TORQUATUS.</speaker>
<stage type="title">AIR : Orléans Boiginci.</stage>
	<l id="31">Triste jour,</l>
	<l id="32">Affreux jour.</l>
	<l id="33">Notre chef est parti pour</l>
	<l id="34">Vendôme, Vendôme.</l>
</sp>
<sp who="CATON"><speaker>CATON.</speaker>
<p id="1">
	<s id="1">Que dis-tu ?</s>
</p>
</sp>
<sp who="SUBTIL"><speaker>SUBTIL.</speaker>
<p id="2">
	<s id="1">Pas possible.</s>
</p>
</sp>
<sp who="SCÉVOLA"><speaker>SCÉVOLA.</speaker>
<p id="3">
	<s id="1">Il n'est que trop vrai.</s>
</p>
</sp>
<sp who="TORQUATUS"><speaker>TORQUATUS.</speaker>
<p id="4">
	<s id="1">Tandis que j'le r'mouchions à la Porte_Saint-Denis, il est sorti par la Barrière_des_Gobelins.</s>
</p>
</sp>
<sp who="CATON"><speaker>CATON.</speaker>
<p id="5">
	<s id="1">Mes amis, il n'en faut pas moins poursuivre notre entreprise ; quand elle aura réussi, nous aurons le temps d'envoyer des forces après lui, qui s'empareront de son escorte, qui le délivreront et qui le ramèneront en triomphe, recevoir le prix dû à ses rares vertus, à son incorruptible patriotisme.</s>
</p>
</sp>
<sp who="SCÉVOLA"><speaker>SCÉVOLA.</speaker>
<p id="6">
	<s id="1">Ah ! </s>
	<s id="2">Sandis, ce jour-là, je manque toutes mes pratiques.</s>
</p>
</sp>
<sp who="TORQUATUS"><speaker>TORQUATUS.</speaker>
<p id="7">
	<s id="1">J'veux morgué, quand i r'viendra, qu'j'allions tous aud'vant lui, que i'détellions les chevaux de sa voiture, et que j'le traînions en triomphe.</s>
</p>
<stage type="title">AIR: J'ai perdu mon âne.</stage>
	<l id="35">T'nez-moi, j'suis crâne, </l>
<stage type="bis">Bis.</stage>
	<l id="36">J'm'atelle à près.</l>
</sp>
<sp who="SUBTIL"><speaker>SUBTIL.</speaker>
	<l id="37">Eh ben s'sra,</l>
	<l id="38">L'premier carrosse qu'on verra</l>
	<l id="39">Traîné par un âne. </l>
<stage type="bis">Bis.</stage>
</sp>
<sp who="TORQUATUS"><speaker>TORQUATUS.</speaker>
<p id="8">
	<s id="1">Qu'appelles-tu traîné par un âne ? </s>
	<s id="2">Moineau sans plumes, j'te f'rai voir à qui tu parles.</s>
</p>
</sp>
<sp who="CATON"><speaker>CATON.</speaker>
<p id="9">
	<s id="1">Eh ! </s>
	<s id="2">Mes amis, ne vous occupez point de querelles particulières, quand la querelle générale est sur le point de se vuider. </s>
	<s id="3">Vous devez vos bras à la patrie.</s>
</p>
</sp>
<sp who="SUBTIL"><speaker>SUBTIL, à part.</speaker>
<p id="10">
	<s id="1">Nos bras tant que l'on voudra, pourvu que nos mains nous restent.</s>
</p>
</sp>
<sp who="SCÉVOLA"><speaker>SCÉVOLA.</speaker>
<p id="11">
	<s id="1">Caton a raison, la patrie a besoin de vous, et elle met vos bras en  réquisition.</s>
</p>
</sp>
<sp who="TORQUATUS"><speaker>TORQUATUS.</speaker>
<p id="12">
	<s id="1">T'es ben heureux, j'dis, que s'té réquisition-là vienne, sans ça tu  sentirois c'qui pèsent.</s>
</p>
</sp>
<sp stage="aparte" who="SUBTIL"><speaker>SUBTIL, à part.</speaker>
<p id="13">
	<s id="1">Il le ferait comme il le dit.</s>
</p>
</sp>
<sp stage="toward" who="TORQUATUS"><speaker>TORQUATUS, à Subtil.</speaker>
<p id="14">
	<s id="1">Mioche.</s>
</p>
</sp>
<sp who="SCÉVOLA"><speaker>SCÉVOLA.</speaker>
<p id="15">
	<s id="1">En vérité tu es têtu comme une mule.</s>
</p>
</sp>
<sp stage="toward" who="TORQUATUS"><speaker>TORQUATUS, à Caton.</speaker>
<p id="16">
	<s id="1">Allons, explique-moi c'que j'ons à faire.</s>
</p>
</sp>
<sp who="SUBTIL"><speaker>SUBTIL.</speaker>
<stage type="title">AIR : Que j'aime mon cher Arlequin.</stage>
	<l id="40">Moi j'm'en vais te conter tout çà,</l>
	<l id="41">Ah ! que c'est drôle</l>
	<l id="42">Quand tu sauras. </l>
	<l id="43">Tu verras</l>
	<l id="44">Quel royaliste est à quia</l>
	<l id="45">En vérité c'est drôle. </l>
<stage type="bis">Bis.</stage>
	<l id="46">Ici bientôt il dansera</l>
	<l id="47">La danse la plus drôle.</l>
<p id="17">
	<s id="1">Dabord tu sauras que...</s>
</p>
</sp>
<sp stage="toward" who="CATON"><speaker>CATON, à Subtil.</speaker>
<p id="18">
	<s id="1">Que tu ne sais ce que tu dis. </s>
</p>
<stage type="title">À Torquatus.</stage>
<p id="19">
	<s id="1">Mon ami, depuis longtemps nous méditons notre projet dans l'ombre et le silence.</s>
</p>
</sp>
<sp who="SUBTIL"><speaker>SUBTIL.</speaker>
<p id="20">
	<s id="1">Certainement dans l'ombre, nous nous assemblons dans des caves.</s>
</p>
</sp>
<sp who="CATON"><speaker>CATON.</speaker>
<note type="L">Nitre : Nom vulgaire du nitrate de potasse et du salpètre (azotate de potasse) ou nitre prismatique. [L]</note>
<p id="21">
	<s id="1">Mais tais-toi donc ; déjà tu le sais, nos ennemis en ont empêché l'exécution, en arrêtant notre tribun et ses braves amis ; mais les obstacles nous irritent, les revers nous élèvent, et de même que le nitre enflammé, plus nous sommes resserrés, plus notre explosion est terrible.</s>
</p>
</sp>
<sp who="SCÉVOLA"><speaker>SCÉVOLA.</speaker>
<p id="22">
	<s id="1">Oui, nous sommes des petits volcans.</s>
</p>
</sp>
<sp who="CATON"><speaker>CATON.</speaker>
<p id="23">
	<s id="1">Cette nuit nous devons placer dans différents endroits de cette Commune des drapeaux blancs avec cette inscription : Mort aux Républicains. </s>
	<s id="2">Les drapeaux seront couverts des emblèmes de la royauté, et ornés de cocardes blanches.</s>
</p>
</sp>
<sp who="TORQUATUS"><speaker>TORQUATUS.</speaker>
<p id="24">
	<s id="1">J'commence à découvrir la manigance, j'écrirons ben hant qu'c'est les royalistes, et que la contre-révolution est entrain.</s>
</p>
</sp>
<sp who="CATON"><speaker>CATON.</speaker>
<p id="25">
	<s id="1">C'est cela. </s>
</p>
</sp>
<sp who="SUBTIL"><speaker>SUBTIL.</speaker>
<p id="26">
	<s id="1">C'est cela.</s>
</p>
</sp>
<sp who="SCÉVOLA"><speaker>SCÉVOLA.</speaker>
<p id="27">
	<s id="1">C'est cela.</s>
</p>
</sp>
<sp stage="happy" who="TORQUATUS"><speaker>TORQUATUS, d'un air satisfait.</speaker>
<stage type="title">AIR : de la Soirée orageuse.</stage>
	<l id="48">Les honnêtes gens à présent</l>
	<l id="49">Sont tous aussi froids que la glace,</l>
	<l id="50">Et nous avons trouvé plaisant</l>
	<l id="51">De faire un complot à leur place ;</l>
	<l id="52">Les républicains endormis,</l>
	<l id="53">Que j'ai fait coucher sur mes listes,</l>
	<l id="54">Ce matin seront bien surpris</l>
	<l id="55">De se réveiller royalistes.</l>
</sp>
<sp who="CATON"><speaker>CATON.</speaker>
<p id="28">
	<s id="1">Des boîtes seront tirées dans différents quartiers, elles serviront de point de réunion pour nous, et de signal pour le massacre de nos ennemis. </s>
	<s id="2">Quel plaisir, nous allons revoir du sang, du sang ! </s>
	<s id="3">Nos yeux seront récréés par le spectacle enchanteur de l'aristocratie expirante. </s>
	<s id="4">Oh ! </s>
	<s id="5">Nuit immortelle, la postérité te placera auprès des journées des deux et trois septembre.</s>
</p>
</sp>
<sp who="SCÉVOLA"><speaker>SCÉVOLA.</speaker>
<p id="29">
	<s id="1">Oh ! </s>
	<s id="2">Que l'obscurité de cette nuit va me paraître brillante !</s>
</p>
</sp>
<sp who="CATON"><speaker>CATON.</speaker>
<p id="30">
	<s id="1">Toi, Torquatus, tu seras chargé de tirer une boîte ici, pendant que moi et Scévola planterons le drapeau.</s>
</p>
</sp>
<sp who="SUBTIL"><speaker>SUBTIL.</speaker>
<p id="31">
	<s id="1">Rédige ben ta boîte toujours, et n'vas pas te fracasser la mâchoire avec.</s>
</p>
</sp>
<sp who="TORQUATUS"><speaker>TORQUATUS.</speaker>
<p id="32">
	<s id="1">Sois tranquille, j'nous y prendrons comme il faut.</s>
</p>
</sp>
<sp who="SUBTIL"><speaker>SUBTIL.</speaker>
<p id="33">
	<s id="1">J'frai du bruit, moi aussi, dans st'affaire-là.</s>
</p>
<stage type="title">AIR : de la Croisée.</stage>
	<l id="56">V'là l'jour qui va bentôt être nuit, </l>
	<l id="57">Vous verrez , moi j'vous dis d'avance</l>
	<l id="58">Que Subtil est, quoi qui ne fasse pas bruit,</l>
	<l id="59">Un César pour l'intelligence.</l>
	<l id="60">Aux royalistes j'ferai ben voir</l>
	<l id="61">Que mes ruses, sont des ruses rusées;</l>
	<l id="62">Sur eux je veux tirer ce soir,</l>
	<l id="63">Ce paquet de fusées.</l>
<stage type="bis">Bis.</stage>
<p id="34">
	<s id="">I'm'a coûté trois sols en numéraire et je dis i'fra son effet.</s>
</p>
</sp>
<sp who="CATON"><speaker>CATON.</speaker>
<p id="35">
	<s id="1">Mes amis, souvenez-vous que la patrie attend tout de vous, méritez par votre dévouement, le titre glorieux de se s défenseurs.</s>
</p>
</sp>
<sp who="SCÉVOLA"><speaker>SCÉVOLA.</speaker>
<p id="36">
	<s id="1">Mais quel est l'homme que notre courageux Aristide nous amène.</s>
</p>
</sp>
<sp who="SUBTIL"><speaker>SUBTIL.</speaker>
<p id="37">
	<s id="1">C'est sans doute un collègue.</s>
</p>
</sp>
</div2>
<div2 type="scene" n="4"><head>SCÈNE IV. Les précédais, Aristide et Blaise.</head>
<sp who="ARISTIDE"><speaker>ARISTIDE.</speaker>
<p id="1">
	<s id="1">Je suis charmé, mes amis, de vous rencontrer ensemble je vous présente un nouveau prosélite qui veut attacher sa fortune à la vôtre.</s>
</p>
</sp>
<sp who="BLAISE"><speaker>BLAISE.</speaker>
<p id="2">
	<s id="1">Oui, Messieurs, j'veux m'faire jacobin, c'est s'y prendre un peu tard ; mais comme dit l'proverbe, vaut mieux tard que jamais.</s>
</p>
</sp>
<sp who="CATON"><speaker>CATON.</speaker>
<p id="3">
	<s id="1">Es-tu intelligent, mon ami ?</s>
</p>
</sp>
<sp who="BLAISE"><speaker>BLAISE.</speaker>
<p id="4">
	<s id="1">Mon maître me dit quelquefois qu'je n'suis qu'une bête, mais j'espère vous prouver avant peu , que je ne suis pas aussi, bête que l'on pourrAit le croire.</s>
</p>
</sp>
<sp who="TORQUATUS"><speaker>TORQUATUS.</speaker>
<p id="5">
	<s id="1">Dis donc, ton maître est-il riche ?</s>
</p>
</sp>
<sp who="BLAISE"><speaker>BLAISE.</speaker>
<p id="6">
	<s id="1">Il l'était autrefois ; mais d'puis qu'il a perdu son père, vous savez ben.</s>
</p>
</sp>
<sp who="SCÉVOLA"><speaker>SCÉVOLA. </speaker>
<p id="7">
	<s id="1">D'not temps ?</s>
</p>
</sp>
<sp who="BLAISE"><speaker>BLAISE. </speaker>
<p id="8">
	<s id="1">Oui, d'vot temps.</s>
</p>
</sp>
<sp who="CATON"><speaker>.</speaker>
<p id="9">
	<s id="1">C'est bon, c'est bon, tu le verras avant peu....</s>
</p>
</sp>
<sp who="ARISTIDE"><speaker>ARISTIDE.</speaker>
<p id="10">
	<s id="1">Te sens-tu des dispositions suffisantes pour remplir les augustes fonctions qui te seront confiées.</s>
</p>
</sp>
<sp stage="wave" who="BLAISE"><speaker>BLAISE, faisant le signe de prendre.</speaker>
<p id="11">
	<s id="1">Oui, citoyen, j'sais parfaitement.</s>
</p>
</sp>
<sp who="SUBTIL"><speaker>SUBTIL.</speaker>
<p id="12">
	<s id="1">C'est cela.</s>
</p>
</sp>
<sp who="SCÉVOLA"><speaker>SCÉVOLA.</speaker>
<p id="13">
	<s id="1">C'est le but de toutes nos actions.</s>
</p>
</sp>
<sp stage="touch" who="SUBTIL"><speaker>SUBTIL, allant prendre la main de Blaise.</speaker>
<p id="14">
	<s id="1">Mon camarade, permettez que je me prosterne devant vos dispositions.</s>
</p>
</sp>
<sp who="BLAISE"><speaker>BLAISE.</speaker>
<p id="15">
	<s id="1">Mon camarade, si j'ai quelques talents, vous en avez aussi ; et je crois que nous ne nous nuirons pas.	</s>
</p>
</sp>
<sp who="SUBTIL"><speaker>SUBTIL.</speaker>
<p id="16">
	<s id="1">Citoyen collègue, j'en accepte l'augure.</s>
</p>
</sp>
</div2>
<div2 type="scene" n="5"><head>SCÈNE V. Les Précédents, troupe de membres des comités révolutionnaires et de jacobins.</head>
<sp who="CATON"><speaker>CATON.</speaker>
<p id="1">
	<s id="1">Voici nos braves défenseurs qui se rendent ici ; Aristide parle-leur, mon ami, enflamme leur courage.</s>
</p>
<stage type="low/aparte">Bas, à part.</stage>
<p id="2">
	<s id="1">Quel enthousiasme les empêche de voir le péril dans lequel nous les précipitons.</s>
</p>
</sp>
<sp who="SUBTIL"><speaker>SUBTIL.</speaker>
<p id="3">
	<s id="">V'la Aristide qui va m'emflammer.</s>
</p>
</sp>
<sp who="ARISTIDE"><speaker>ARISTIDE, monté sur un banc.</speaker>
<p id="4">
	<s id="1">Amis ! </s>
	<s id="2">L'heure de la vengeance a sonné, la mort va planer sur cette ville, et dans peu d'instants vos ennemis expireront sous vos coups, dans peu d'instants la liberté triomphante vous nommera ses libérateurs ; soyez implacables, mes amis, souvenez-vous des outrages sans nombre que vous ont faits les royalistes : souvenez-vous qu'ils vous ont, le dix thermidor, arraché la puissance souveraine que vous avez entre les mains, que vos coups se dirigent surtout contre les auteurs de l'infâme constitution de 95, qui, n'en doutez pas, est l'ouvrage du cabinet autrichien, et dont l'effet est de ramener lentement au despotisme le peuple qui n'est plus réveilla par des secousses révolutionnaires.</s>
</p>
</sp>
<sp who="SCÉVOLA"><speaker>SCÉVOLA.</speaker>
<p id="5">
	<s id="1">Cette phrase mérite de figurer dans nos journaux exclusifs.</s>
</p>
</sp>
<sp who="ARISTIDE"><speaker>ARISTIDE.</speaker>
<p id="6">
	<s id="1">Jurez, oh ! </s>
	<s id="2">Mes amis, de ne faire aucune grâce à quiconque ne sera pas jacobin.</s>
</p>
</sp>
<sp who="TOUS"><speaker>TOUS.</speaker>
<p id="7">
	<s id="1">Nous le jurons.</s>
</p>
</sp>
<sp who="ARISTIDE"><speaker>ARISTIDE.</speaker>
<p id="8">
	<s id="1">De n'avoir égard ni au sexe, ni à l'âge, et d'éteindre dans le sang de leurs enfants, les germes de l'aristocratie.</s>
</p>
</sp>
<sp who="TOUS"><speaker>TOUS.</speaker>
<p id="9">
	<s id="1">Nous le jurons.</s>
</p>
</sp>
<sp who="ARISTIDE"><speaker>ARISTIDE.</speaker>
<p id="10">
	<s id="">Jurez, surtout, de faire tous vos efforts pour ressaisir les rênes de l'empire, rétablir le code auguste de Robespierre la constitution de et d'être toujours révolutionnaires.</s>
</p>
</sp>
<sp who="TOUS"><speaker>TOUS.</speaker>
<p id="11">
	<s id="1">Nous le jurons.</s>
</p>
</sp>
<sp stage="down" who="ARISTIDE"><speaker>ARISTIDE, descendant.</speaker>
<p id="12">
	<s id="1">La victoire est à nous, j'en atteste l'ardeur qui brille dans vos yeux. </s>
</p>
</sp>
<sp who="SCÉVOLA"><speaker>SCÉVOLA.</speaker>
<p id="13">
	<s id="1">Je m'sens du courage pour deux.</s>
</p>
</sp>
<sp who="SUBTIL"><speaker>SUBTIL.</speaker>
<p id="14">
	<s id="1">Ah mon dieu, il faut que c'diable de merlan m'ait pris le mien, car je ne m'en sens plus du tout.</s>
</p>
<stage type="title">Subtil tire un mouchoir blanc de sa poche, et est prêt de se moucher.</stage>
</sp>
<sp who="SCÉVOLA"><speaker>SCÉVOLA.</speaker>
<p id="15">
	<s id="1">Prends-donc garde, tu vas salir notre drapeau.</s>
</p>
</sp>
<sp who="SUBTIL"><speaker>SUBTIL.</speaker>
<p id="16">
	<s id="1">Oh ! </s>
	<s id="2">Sois tranquille, j'en avons d'autres.</s>
</p>
<stage type="title">AIR : On compterait les diamants.</stage>
	<l id="64">Hier au soir, à quelques chouans</l>
	<l id="65">Aux boulevards fendant la presse,</l>
	<l id="66">Nous avons pris les mouchoirs blancs,</l>
	<l id="67">Avec une incroyable adresse ;</l>
	<l id="68">Ce petit stratagème-là</l>
	<l id="69">Aura des effets admirables,</l>
	<l id="70">Et la marque nous servira</l>
	<l id="71">À faire trouver des coupables.</l>
</sp>
<sp who="CATON"><speaker>CATON.</speaker>
<p id="17">
	<s id="1">Mes braves amis, entrez chez moi ; là, nous vous donnerons les dernières instructions et tout ce qui vous est nécessaire pour votre entreprise.</s>
</p>
<stage type="closer">Il les ramène en groupe.</stage>
<p id="18">
	<s id="1">N'oubliez pas surtout le mot de ralliement, oreilles de chien.</s>
</p>
</sp>
<sp who="ARISTIDE"><speaker>ARISTIDE.</speaker>
<stage type="title">AIR : Aussitôt que la lumière.</stage>
	<l id="72">Vrais enfants du terrorisme,</l>
	<l id="73">Oui la victoire est à vous ;</l>
	<l id="74">L'exécrable royalisme</l>
	<l id="75">Va succomber sous vos coups.</l>
	<l id="76">La pitié serait un crime</l>
	<l id="77">Songez-bien, braves amis,</l>
	<l id="78">Que tout devient légitime</l>
	<l id="79">Pour perdre ses ennemis.</l>
</sp>
</div2>
<div2 type="scene" n="6"><head>SCÈNE VI.</head>
<sp stage="alone" who="BLAISE"><speaker>BLAISE, seul.</speaker>
<p id="1">
	<s id="1">J'saurai ben l'empêcher votre projet, scélérats ; mais qu'est-ce donc que c'est que s't'engeance-Jà ? </s>
	<s id="2">Fallait que les Français eussent bien peu de chose à faire quand ils imaginèrent les jacobins.</s>
</p>
<stage type="title">AIR : Des portraits à la mode.</stage>
	<l id="80">Jadis, dans la France,</l>
	<l id="81">Il n'était qu'un moyen </l>
	<l id="82">D'être , regardé comme un bon citoyen, </l>
	<l id="83">On donnait ce titre à l'homme de bien,</l>
	<l id="84">C'était la vieille méthode.</l>
	<l id="85">Toujours dans le coeur un sinistre projet,</l>
	<l id="86">Par un nouveau crime, cacher un forfait</l>
	<l id="87">Nager dans le sang voilà trait pour trait, </l>
	<l id="88">Tous les exclusifs à la mode.</l>
<p id="2">
	<s id="1">Monsieur Dorcy a été instruit de leurs projets, et tandis qu'il est allé avertir plusieurs de ses amis, moi, j'ai voulu pénétrer leurs complots de plus près. </s>
	<s id="2">J'suis venu m'offrir au président, et il m'a reçu comme un sot... </s>
	<s id="3">Puisse mon exemple  prouver que s'ils ont trouvé quelques complices dans la classe indigente du peuple, c'est dans cette classe aussi qu'un gouvernement sage trouvera des bras pour le défendre et des coeurs pour l'aimer.</s>
</p>
</sp>
</div2>
<div2 type="scene" n=""><head>SCÈNE VII. Blaise, Dorcy, Millefort.</head>
<sp who="DORCY"><speaker>DORCY.</speaker>
<p id="1">
	<s id="1">Eh bien, mon cher Biaise ?</s>
</p>
</sp>
<sp who="BLAISE"><speaker>BLAISE.</speaker>
<p id="2">
	<s id="1">Eh bien, Monsieur, tout est connu, on vous l'a dit, drapeaux blancs, inscriptions, cocardes, rien n'y manque.</s>
</p>
</sp>
<sp who="MILLEFORT"><speaker>MILLEFORT.</speaker>
<p id="3">
	<s id="1">Je vous félicite, mon ami, sur ce que votre active vigilance vous a  fait découvrir.</s>
</p>
</sp>
<sp who="DORCY"><speaker>DORCY.</speaker>
<p id="4">
	<s id="1">Ce n'est pas à moi, mon cher Millefort, c'est à Blaise c'est à ce brave homme que vous devez rendre des actions de grâces... </s>
	<s id="2">Il a été jusqu'au milieu d'eux leur arracher le secret de leur complot.</s>
</p>
</sp>
<sp who="MILLEFORT"><speaker>MILLEFORT.</speaker>
<note type="L">La Terreur : période de la Révolution française entre le 5 septembre 1793 et le 28 juillet 1794. On dénombre de 35000 à 40000 morts violentes pendant cette période.</note>
<p id="5">
	<s id="1">Je n'en suis pas étonné... </s>
	<s id="2">Ce n'est pas la première fois que Blaise a servi l'humanité, nous l'avons vu dans ces temps de terreur, où toutes les bouches étaient muettes, arracher par sa rustique éloquence des victimes à l'échafaud.</s>
</p>
</sp>
<sp who="BLAISE"><speaker>BLAISE.</speaker>
<p id="6">
	<s id="">Citoyen, j'ai fait mon devoir ; mais il me reste encore à faire, je vais entrer là-dedans, mais...</s>
</p>
<stage type="title">AIR : N'en demande pas davantage.</stage>
	<l id="89">Que cette nuit pour eux déjà,</l>
	<l id="90">De l'avenir soit le présage,</l>
	<l id="91">Comme ces vilains messieurs-là</l>
	<l id="92">Sont un dangereux voisinage ;</l>
	<l id="93">N'oubliez donc rien,</l>
	<l id="94">Traitez les si bien</l>
	<l id="95">Qu'ils n'en veuillent pas davantage. </l>
<stage type="bis">Bis.</stage>
<stage type="entrance">Il entre dans la maison de Caton.</stage>
</sp>
</div2>
<div2 type="scene" n="8"><head>SCÈNE VIII. Dorcy, Millefort.</head>
<sp who="MILLEFORT"><speaker>MILLEFORT.</speaker>
<p id="8">
	<s id="1">Moi, je vais disposer mes amis autour de ce lieu, partout où les scélérats se porteront, ils seront à l'instant cernés. </s>
	<s id="2">Le gouvernement veille, sou active vigilance lui a fait prendre toutes les mesures nécessaires pour déjouer ce complot infernal ; mais il faut que les anarchistes frappent les premiers coups, c'est le moyen le plus sûr de connaître ces scélérats et leur chef. </s>
	<s id="3">Vous m'avez choisi entre mille, pour partager avec vous le plaisir de les rosser ; j'espère vous prouver que je ne suis indigne ni de votre estime ni de votre confiance.</s>
</p>
<stage type="exit">Il sort.</stage>
</sp>
</div2>
<div2 type="scene" n="9"><head>SCÈNE IX.</head>
<sp stage="alone" who="DORCY"><speaker>DORCY, seul.</speaker>
<p id="1">
	<s id="1">Tout va pour le mieux.... Rosser un jacobin, c'est faire une oeuvre pie.</s>
</p>
<stage type="title">AIR : Vaudeville du Cousin de tout le monde.</stage>
	<l id="96">À son âme pure et fidèle</l>
	<l id="97">On connaît un vrai citoyen ,</l>
	<l id="98">À son âme vile et cruelle</l>
<note type="L">Jacobin : Membre d'une société politique établie, en 1789, à Paris, dans l'ancien couvent des jacobins, et ardente à soutenir et à propager les idées d'une démocratie et d'une égalité absolues. [L]</note>
	<l id="99">On reconnaît un jacobin ;</l>
	<l id="100">Démasquons donc sans plus attendre</l>
	<l id="101">Les méprisables ennemis ;</l>
	<l id="102">Oui, les poursuivre, c'est défendre</l>
	<l id="103">Son innocence et son pays.</l>
<stage type="watch/location">Regardant dans la maison de Caton.</stage>
<p id="2">
	<s id="1">J'entends du bruit... </s>
	<s id="2">C'est ce malheureux Subtil... </s>
	<s id="3">Puisque j'ai du temps de reste, amusons-nous un peu à ses dépens.</s>
</p>
<stage type="exit">Il sort.</stage>
</sp>
</div2>
<div2 type="scene" n="9"><head>SCÈNE X.</head>
<sp stage="alone/sing" who="SUBTIL"><speaker>SUBTIL, seul, arrive en chantant.</speaker>
	<l id="104">Ah ! ça ira , ça ira , ça ira ;</l>
	<l id="105">D'not expédition le moment avance ;</l>
	<l id="106">Ah ! ça ira, ça ira, ça ira,</l>
	<l id="107">De nous dans la France</l>
	<l id="108">L'on parlera,</l>
<p id="1">
	<s id="1">Nous verrons quand j'aurai d'la gloire par-dessus la tête, si mamzelle, Thérèse refusera encore de m'épouser. </s>
	<s id="2">Demain, avec mon habit des dimanches et une couronne de lauriers sur le front, j'vas chez elle et lui dis... </s>
	<s id="3">Citoyenne, j't'aime, je t'adore et tu ne sais'ce que peut te valoir le bonheur de m'épouser.</s>
</p>
<stage type="title">AIR : Des petits montagnards.</stage>
	<l id="109">Outre ma main et ma fortune,</l>
	<l id="110">Je donne à tes appas divins,</l>
	<l id="111">Une place dans la tribune</l>
	<l id="112">Du président des jacobins. </l>
<stage type="bis">Bis. </stage>
	<l id="113">Tu verras quand j'ai la parole,</l>
	<l id="114">Mon air , mon geste et mon regard ,</l>
	<l id="115">En honneur je remplis mon rôle</l>
<note type="L">Montagnard : S'est dit, sous la Convention, des membres du parti qu'on appelait la montagne. [L]</note>
	<l id="116">Comme un illustre montagnard. </l>
<stage type="bis">Bis.</stage>
<p id="2">
	<s id="1">Après ça, elle ne peut pas me refuser, et puis le contrat, et puis les accords, et puis la noce.</s>
</p>
<stage type="title">AIR : Colinette au bois s'en alla.</stage>
	<l id="117">Mon dieu, mon dieu, j'voudrais déjà</l>
	<l id="118">Qu'ça soit après d'main ce jour-là</l>
	<l id="119">Tralà deri dera , tralà deri dera, </l>
	<l id="120">Et puis un gros bouquet sera</l>
	<l id="121">Planté ç'te boutonnière là,</l>
	<l id="122">Tralà deri dera, tralà deri dera,</l>
	<l id="123">Au bal je frai d'jolis p'tits pas,</l>
<note type="L">Rigaudon :  Ancienne danse d'un mouvement vif sur un air à deux temps ; elle se dansait à deux personnes, et faisait décrire des lignes assez compliquées, comme on le voit dans le Rigaudon de la Paix, qui ouvre le recueil des danses de Feuillet. [L]</note>
	<l id="124">Des rigaudons, des entrechats,</l>
<note type="L">Vestris, Auguste (1760-1842), célèbre danseur de l'Opéra de Paris qu'il intégra en 1772.</note>
	<l id="125">Comme Vestris lui-même ;</l>
	<l id="126">Tralà deri dera , la , la, la, etc.</l>
	<l id="127">N'y a pas d'mal à ça</l>
	<l id="128">Moi j'les aime ,</l>
	<l id="129">N'y a pas d'mal à ça.</l>
</sp>
</div2>
<div2 type="scene" n=""><head>SCÈNE XI. Subtil et Dorcy.</head>
<sp stage="drunk" who="DORCY"><speaker>DORCY, feignant d'être ivre.</speaker>
	<l id="130">Réveillons là, réveillons là,</l>
</sp>
<sp stage="frighten" who="SUBTIL"><speaker>SUBTIL, effrayé.</speaker>
<note type="C">Le 3 et 4 pririal, tentative de d'attentat contre Robespierre et Collot d'Herbois.</note>
<p id="1">
	<s id="1">Ah ! </s>
	<s id="2">Mon dieu, mon dieu, c'est ce diable de Dorcy... </s>
	<s id="3">Je m'souviens encor comme il m'a rossé à l'affaire du quatre Prairial... </s>
	<s id="4">Où me cacher.</s>
</p>
<stage type="location">Il se met sur l'avant-scène, derrière la draperie.</stage>
</sp>
<sp who="DORCY"><speaker>DORCY.</speaker>
<stage type="title">AIR : On doit soixante mille francs.</stage>
	<l id="131">J'ai couru partout ce matin</l>
	<l id="132">Sans rencontrer un jacobin,</l>
	<l id="133">C'est ce qui me désole.</l>
<stage type="bis">Bis.</stage>
	<l id="134">Je conserve le doux espoir</l>
	<l id="135">D'en rosser au moins deux ce soir,</l>
	<l id="136">C'est ce qui me console, </l>
<stage type="bis">Bis.</stage>
</sp>
<sp who="SUBTIL"><speaker>SUBTIL.</speaker>
<p id="2">
	<s id="1">Hai ! hai ! hai !</s>
</p>
</sp>
<sp who="DORCY"><speaker>DORCY.</speaker>
<stage type="title">Air : Accompagné de plusieurs autres.</stage>
	<l id="137">À mes frères du bataillon</l>
	<l id="138">Pour montrer un échantillon,</l>
	<l id="139">De ces terroristes apôtres, </l>
	<l id="140">Je remporte avec moi demain,</l>
	<l id="141">Un oreille de Jacobin ,</l>
	<l id="142">Accompagnée de plusieurs autres.</l>
</sp>
<sp who="SUBTIL"><speaker>SUBTIL.</speaker>
<p id="3">
	<s id="1">Je suis perdu.</s>
</p>
</sp>
<sp stage="watch" who="DORCY"><speaker>DORCY, feignant de découvrir Subtil.</speaker>
<p id="4">
	<s id="1">Mais que vois-je là, c'est, je croie, ce coquin de Subtil.</s>
</p>
</sp>
<sp stage="kneel" who="SUBTIL"><speaker>SUBTIL, tombant a genoux.</speaker>
<p id="5">
	<s id="1">Ne me faites pas de mal, citoyen Dorcy, j'vais m'en aller.</s>
</p>
</sp>
<sp who="DORCY"><speaker>DORCY.</speaker>
<p id="6">
	<s id="1">Je rends grâces au ciel qui me donne les moyens d'accomplir une partie de mon voeu.</s>
</p>
</sp>
<sp who="SUBTIL"><speaker>SUBTIL.</speaker>
<p id="7">
	<s id="1">Ayez pitié de moi.</s>
</p>
</sp>
<sp stage="threat" who="DORCY"><speaker>DORCY, tirant son épée.</speaker>
<p id="8">
	<s id="1">Non, il faut que je te coupe les oreilles, ce sera toujours deux à compte sur celles que je veux remporter.</s>
</p>
</sp>
<sp who="SUBTIL"><speaker>SUBTIL.</speaker>
<p id="9">
	<s id="1">Citoyen, respectez les personnes et les propriétés.</s>
</p>
</sp>
<sp who="DORCY"><speaker>DORCY.</speaker>
<p id="10">
	<s id="">Écoute, composons, je pourrais te prendre tes deux oreilles de force, donne-m'en une de bonne volonté, je te tiendrai quitte de l'autre.	</s>
</p>
</sp>
<sp who="SUBTIL"><speaker>SUBTIL.</speaker>
<p id="11">
	<s id="1">La belle figure que j'aurai avec une oreille.</s>
</p>
</sp>
<sp who="DORCY"><speaker>DORCY.</speaker>
<p id="12">
	<s id="1">Ah ! </s>
	<s id="2">C'est trop barguigner.</s>
</p>
<stage type="hit/escape">Il se recule comme pour le frapper ; Subtil profite de cet intervalle, pour se sauver, en criant : au secours , au secours.</stage>
</sp>
</div2>
<div2 type="scene" n="12"><head>SCÈNE XII.</head>
<sp stage="alone/laugh" who="DORCY"><speaker>DORCY, seul, riant.</speaker>
<p id="1">
	<s id="1">Ah! ah ! ah ! </s>
	<s id="2">Il en a au moins pour huit jours à, revenir de cette peur-là, </s>
</p>
<stage type="noise/location">Il entend du bruit chez Caton.</stage>
<p id="">
	<s id="">Voici les autres, allons leur en préparer une qui ne soit pas moindre.</s>
</p>
</sp>
</div2>
<div2 type="scene" n="13"><head>SCÈNE XIII. Caton, Aristide, Torquatus, Scévola, Troupe de Jacobins.</head>
<stage type="narration/mucis">Ils sortent portant quatre drapeaux blancs, et les attributs relatifs ; trois drapeaux sortent de différents côtés avec les groupes, les acteurs ci-dessus restent en scène, on joue l'air : Il nous fallait du sang.</stage>
</div2>
<div2 type="scene" n="14"><head>SCÈNE XIV. Les précédents, excepté les groupes sortis.</head>
<sp who="CATON"><speaker>CATON.</speaker>
<p id="1">
	<s id="1">Dépêchons-nous de planter notre drapeau, et allons nous cacher en attendant l'issue du combat.</s>
</p>
</sp>
<sp who="SCÉVOLA"><speaker>SCÉVOLA.</speaker>
<p id="2">
	<s id="">La motion est prudente, et je l'approuve.</s>
</p>
</sp>
<sp stage="toward" who="ARISTIDE"><speaker>ARISTIDE, à Torquatus.</speaker>
<p id="3">
	<s id="1">Torquatus, es-tu prêt ?</s>
</p>
</sp>
<sp who="TORQUATUS"><speaker>TORQUATUS.</speaker>
<p id="4">
	<s id="1">Quand tu voudras.</s>
</p>
</sp>
<sp who="ARISTIDE"><speaker>ARISTIDE.</speaker>
<p id="5">
	<s id="1">Allons, feu.</s>
</p>
<stage type="fire/listen">Torquatus met le feu à la boite, elle éclate, ils prêtent l'oreille, on entend différents coups dans le lointain.</stage>
</sp>
<sp who="CATON"><speaker>CATON.</speaker>
<p id="6">
	<s id="1">Bon, ça va.</s>
</p>
</sp>
<sp who="ARISTIDE"><speaker>ARISTIDE.</speaker>
<p id="7">
	<s id="1">Vite le drapeau.</s>
</p>
<stage type="carry/work">Scévola apporte une échelle, et Caton plante le drapeau.</stage>
</sp>
<sp who="SCÉVOLA"><speaker>SCÉVOLA.</speaker>
<p id="8">
	<s id="1">Ah ! </s>
	<s id="2">Sandis, les royalistes en tiennent.</s>
</p>
</sp>
<sp who="TORQUATUS"><speaker>TORQUATUS.</speaker>
<p id="9">
	<s id="1">Oui morgué, ils en tiennent.</s>
</p>
</sp>
</div2>
<div2 type="scene" n="15"><head>SCÈNE XV. Les précédents, Subtil.</head>
<sp type="frighten/dress" who="SUBTIL"><speaker>SUBTIL, accourt tout effrayé, un oeil poché, les cheveux tout en désordre.</speaker>
<p id="1">
	<s id="1">Ah ! </s>
	<s id="2">Mes amis, sauvez-vous, tout est perdu.</s>
</p>
</sp>
<sp who="TOUS"><speaker>TOUS.</speaker>
<p id="2">
	<s id="1">Que dis-tu ?</s>
</p>
</sp>
<sp who="SUBTIL"><speaker>SUBTIL.</speaker>
<p id="3">
	<s id="1">Une foule de diables déchaînés, sont à nos trousses, ils ont battu les groupes où j'étais. </s>
	<s id="2">Voyez comme ils m'ont arrangé.</s>
</p>
</sp>
<sp who="ARISTIDE"><speaker>ARISTIDE.</speaker>
<p id="4">
	<s id="1">Encore, comment ?</s>
</p>
</sp>
<sp who="SUBTIL"><speaker>SUBTIL.</speaker>
<p id="5">
	<s id="1">À peine avions-nous planté notre drapeau, que nous avons été entourés par une foule de citoyens qui criaient tout haut : </s>
</p>
<stage type="title">AIR : De quel ressouvenir affreux.</stage>
	<l id="143">« À bas , à bas les jacobins</l>
	<l id="144">À bas ces vils anthropophages ».</l>
	<l id="145">Ces messieurs avoient des gourdins, </l>
	<l id="146">Qui firent peur à nos courages ;</l>
	<l id="147">Puis à nos trousses les voilà</l>
	<l id="148">Les yeux ardents, et la main leste,</l>
	<l id="149">Battant par-ci, rossant par-là, </l>
	<l id="150">Soufflets, bâtons, et cétéra.</l>
	<l id="151">Daignez m'épargner le reste. </l>
<stage type="bis">Bis.</stage>
</sp>
<sp who="CATON"><speaker>CATON, effrayé.</speaker>
<p id="6">
	<s id="1">Mes amis, il a raison, nous n'avons rien de mieux à faire que de nous  sauver.</s>
</p>
</sp>
<sp stage="together" who="TOUS"><speaker>TOUS.</speaker>
<p id="7">
	<s id="1">Oui... oui...</s>
</p>
<stage type="entrance/threat">Comme ils vont pour se sauver, de toutes les coulisses, débouchent des citoyens armés de bâtons, conduits par Dorcy, Millefort et Blaise, ils forment un cercle autour des jacobins.</stage>
</sp>
</div2>
<div2 type="scene" n="16"><head>SCÈNE XVI. Les précédées, Dorcy, Millefort, Blaise ;
troupe de citoyens armés de bâtons.</head>
<sp who="DORCY"><speaker>DORCY.</speaker>
<p id="1">
	<s id="1">Nous vous tenons.</s>
</p>
</sp>
<sp who="LES JACOBINS"><speaker>LES JACOBINS.</speaker>
<p id="2">
	<s id="1">Grâce, grâce.</s>
</p>
</sp>
<sp who="DORCY"><speaker>DORCY.</speaker>
<p id="3">
	<s id="1">Non, scélérats, point de grâce, il faut confesser vos crimes et faire amende honorable Parlez.</s>
</p>
</sp>
<sp who="LES JACOBINS"><speaker>LES JACOBINS.</speaker>
<p id="4">
	<s id="1">Comment !... </s>
	<s id="2">Que dire ?</s>
</p>
</sp>
<sp who="DORCY"><speaker>DORCY.</speaker>
<p id="5">
	<s id="1">Parlez, morbleu, ou vous expirez sous le bâton.</s>
</p>
</sp>
<sp who="LES JACOBINS"><speaker>LES JACOBINS.</speaker>
<p id="6">
	<s id="1">Ah ! </s>
	<s id="2">Mon dieu, mon dieu.</s>
</p>
</sp>
<sp who="DORCY"><speaker>DORCY.</speaker>
<stage type="title">AIR : Je suis heureux en tout, mademoiselle.</stage>
	<l id="152">Quand sur nos jours un jacobin, un traître</l>
	<l id="153">Croit régner en maître,</l>
	<l id="154">Qui le fait connaître ?</l>
	<l id="155">C'est sa cruauté.</l>
	<l id="156">Est-il vaincu, la remarque est certaine,</l>
	<l id="157">Sa race inhumaine, </l>
	<l id="158">Se reconnaît sans peine,</l>
	<l id="159">À sa lâcheté.</l>
	<l id="160" syll="7" part="i">Il faut tout dire aujourd'hui....</l>
</sp>
<sp who="LES JACOBINS"><speaker>LES JACOBINS.</speaker>
	<l id="160" syll="1" part="f">Oui.</l>
</sp>
<sp who="DORCY"><speaker>DORCY.</speaker>
	<l id="161" syll="7" part="i">Vous preniez le bien d'autrui.</l>
</sp>
<sp who="LES JACOBINS"><speaker>LES JACOBINS.</speaker>
	<l id="161" syll="1" part="f">Oui.</l>
</sp>
<sp who="DORCY"><speaker>DORCY.</speaker>
	<l id="162" syll="7" part="i">L'assassin fut votre ami.</l>
</sp>
<sp who="LES JACOBINS"><speaker>LES JACOBINS.</speaker>
	<l id="162" syll="1" part="f">Oui.</l>
</sp>
<sp who="DORCY"><speaker>DORCY.</speaker>
	<l id="163" syll="7" part="i">Vous lui servîtes d'appui.</l>
</sp>
<sp who="LES JACOBINS"><speaker>LES JACOBINS.</speaker>
	<l id="163" syll="1" part="f">Oui.</l>
</sp>
<sp who="DORCY"><speaker>DORCY.</speaker>
	<l id="164" syll="7" part="i">Et vous faisiez comme lui.</l>
</sp>
<sp who="LES JACOBINS"><speaker>LES JACOBINS.</speaker>
	<l id="164" syll="1" part="f">Oui.</l>
</sp>
<sp who="DORCY"><speaker>DORCY.</speaker>
	<l id="165">Et vous faisiez comme lui.......</l>
</sp>
<sp who="DORCY, MILLE FORT, BLAISE"><speaker>DORCY, MILLE FORT, BLAISE, ensemble.</speaker>
	<l id="166">Quand sur nos jours, etc.</l>
<stage type="narration">Pendant le dernier couplet, la force armée est entrée et a passé devant les citoyens, de manière que les jacobins quiont tous la figure du côté du public, ne peuvent la voir à la fin du couplet.</stage>
</sp>
<sp stage="watch" who="LES JACOBINS"><speaker>LES JACOBINS, apercevant la force armée.</speaker>
<p id="7">
	<s id="1">Ah ! </s>
	<s id="2">Mon dieu, nous sommes perdus.</s>
</p>
</sp>
<sp who="SCÉVOLA"><speaker>SCÉVOLA.</speaker>
<p id="8">
	<s id="1">Citoyen, vous qui êtes si bon, ne nous livrez pas. </s>
	<s id="2">Daignez garder Le silence, et....	</s>
</p>
</sp>
<sp who="DORCY"><speaker>DORCY.</speaker>
<p id="9">
	<s id="1">Garder Le silence ?.... </s>
	<s id="2">Jetez les yeux sur le passé....</s>
</p>
<stage type="title">AIR : Jeunes amants, cueillez des fleurs.</stage>
	<l id="167">Tremblant à la voix des bourreaux,</l>
	<l id="168">Le Français garda le silence,</l>
	<l id="169">Et sur des milliers d'échafauds</l>
	<l id="170">Coula le sang de l'innocence;</l>
	<l id="171">Se taire sur un tel projet,</l>
	<l id="172">Serait un crime impardonnable,</l>
	<l id="173">On est complice du forfait</l>
	<l id="174">Quand on veut sauver le coupable.</l>
<stage type="toward">À la force armée.</stage>
<p id="10">
	<s id="1">Citoyens, faites, votre devoir.</s>
</p>
<stage type="touch/away/call">La garde les saisit et les emmène à l'instant où ils sont prêts à sortir ; Subtil appelle Dorcy.</stage>
</sp>
<sp who="SUBTIL"><speaker>SUBTIL.</speaker>
<p id="11">
	<s id="1">Citoyen Dorcy, citoyen Dorcy.</s>
</p>
</sp>
<sp who="DORCY"><speaker>DORCY.</speaker>
<p id="12">
	<s id="1">Que me voulez-vous ?</s>
</p>
</sp>
<sp who="SUBTIL"><speaker>SUBTIL.</speaker>
<p id="13">
	<s id="1">J'ai quelque chose à vous dire de bien intéressant.</s>
</p>
<stage type="get">La garde qui tient Subtil, le rumine sur le devant de la scène.</stage>
</sp>
<sp who="DORCY"><speaker>DORCY.</speaker>
<p id="14">
	<s id="1">Qu'avez-vous à me dire ?</s>
</p>
</sp>
<sp who="SUBTIL"><speaker>SUBTIL.</speaker>
<p id="15">
	<s id="1">Si vous voulez me faire lâcher, je vais vous dévoiler un complot bien plus important que celui-ci.</s>
</p>
</sp>
<sp who="DORCY"><speaker>DORCY.</speaker>
<p id="16">
	<s id="1">La loi seule peut maintenant prononcer sur votre sort... </s>
	<s id="2">Je ne puis rien pour vous... </s>
	<s id="3">Quant à votre secret...</s>
</p>
</sp>
<sp who="SUBTIL"><speaker>SUBTIL.</speaker>
<p id="17">
	<s id="1">Je m'en vais toujours vous le dire et ensuite vous ferez ;  ce que vous pourrez pour moi ; la nuit du...  au de ce mois, nous devons nous porter au camp de Grenelle bien armés, y surprendre les soldats endormis, et là...</s>
</p>
<stage type="title">AIR : Sous le nom de l'amitié.</stage>
	<l id="175">Sous le nom de l'amitié,</l>
	<l id="176">Les jacobins en masse.</l>
<stage type="bis">Bis.</stage>
	<l id="177">Sous le nom de l'amitié,</l>
	<l id="178">Doivent avec audace</l>
	<l id="179">Égorger sans pitié,</l>
	<l id="180">Sous le nom,</l>
	<l id="181">Sous le nom,</l>
	<l id="182">Sous le nom de l'amitié.</l>
<p id="18">
	<s id="1">Ensuite nous nous porterons sur le directoire, et quand nous serons les maîtres, soyez sûr que je vous protégerai...</s>
</p>
</sp>
<sp who="DORCY"><speaker>DORCY.</speaker>
<p id="19">
	<s id="1">Vous croyez que ce projet insensé réussira ?</s>
</p>
</sp>
<sp who="SUBTIL"><speaker>SUBTIL.</speaker>
<p id="20">
	<s id="1">Certainement, nous avons des intelligences dans le camp, et...</s>
</p>
</sp>
<sp who="DORCY"><speaker>DORCY.</speaker>
<p id="21">
	<s id="1">Malheureux, que dis-tu ?</s>
</p>
<stage type="title">AIR : Ce fut par la faute du sort.</stage>
	<l id="183">Non, ils ne changeront jamais,</l>
	<l id="184">Je reconnais bien leur langage,</l>
	<l id="185">Mettre Français contre Français,</l>
	<l id="186">De ces messieurs voilà l'usage.</l>
	<l id="187">Malgré les projets des pervers,</l>
	<l id="188">Malgré la noire calomnie,</l>
	<l id="189">Nos coeurs seront toujours ouverts</l>
	<l id="190">Aux défenseurs de la patrie. </l>
<stage type="bis">Bis.</stage>
</sp>
<sp who="SUBTIL"><speaker>SUBTIL.</speaker>
<p id="22">
	<s id="1">Souvenez-vous toujours que c'est moi qui vous ai averti.</s>
</p>
<stage type="push">Son garde L'emmène.</stage>
</sp>
<sp who="DORCY"><speaker>DORCY.</speaker>
<p id="23">
	<s id="1">C'est bon, c'est bon.</s>
</p>
</sp>
</div2>
<div2 type="scene" n="17"><head>SCENE XVII et dernière. Les mêmes, excepté les  jacobins.</head>
<sp who="MILLEFORT"><speaker>MILLEFORT.</speaker>
<p id="1">
	<s id="1">Le génie qui veille sur la France, ne permettra pas que cette conspiration réussisse, elle servira seulement à prouver que l'être du monde le plus lâche et le plus cruel, c'est un jacobin. </s>
</p>
</sp>
</div2>
<div2 type="vaudeville" n="14"><head>VAUDEVILLE.</head>
<stage type="title">AIR : Le bonheur en famille.</stage>
<sp who="MILLEFORT"><speaker>MILLEFORT.</speaker>
	<l id="191">Sous des magistrats de son choix,</l>
	<l id="192">Le français lassé par l'orage,</l>
	<l id="193">Vit tranquille en suivant les lois</l>
	<l id="194">D'un gouvernement juste et sage;</l>
	<l id="195">Et si de tout notre pouvoir</l>
	<l id="196">Sa sagesse est environnée</l>
	<l id="197">Croyez-moi, des méchants l'espoir</l>
	<l id="198">S'en ira toujours en fumée.</l>
</sp>
<sp who="BLAISE"><speaker>BLAISE.</speaker>
	<l id="199">Lorsqu'au nom de la liberté,</l>
	<l id="200">On incarcérait l'innocence ;</l>
	<l id="201">En vertu de l'égalité,</l>
	<l id="202">Quand des brigands régnaient en France ;</l>
	<l id="203">Si l'on a souffert si longtemps</l>
	<l id="204">Que la vertu fût opprimée ;</l>
	<l id="205">C'est que beaucoup de braves gens</l>
	<l id="206">N'y voyaient que de la fumée.</l>
</sp>
<sp who="DORCY"><speaker>DORCY.</speaker>
	<l id="207">Tyran justement détesté !</l>
	<l id="208">Du jacobin la vile engeance.</l>
	<l id="209">En nous parlant de liberté,</l>
	<l id="210">Creusait le tombeau de la France</l>
	<l id="211">Et qui pourrait encor revoir</l>
	<l id="212">Par eux la patrie opprimée ?</l>
	<l id="213">Soyons français et leur espoir</l>
	<l id="214">S'en ira toujours en fumée.</l>
</sp>
<sp who="BLAISE"><speaker>BLAISE, au public.</speaker>
	<l id="215">L'auteur attend ce qu'on dira</l>
	<l id="216">Et l'attente est toujours cruelle,</l>
	<l id="217">Dans cet ouvrage, il vous montra</l>
	<l id="218">Bien moins son talent que son zèle.</l>
	<l id="219">L'intention qu'il a fait voir ,</l>
	<l id="220">Rassure son âme alarmée ;</l>
	<l id="221">Ah ! Puisse ce rayon d'espoir</l>
	<l id="222">Ne pas s'en aller en fumée !</l>
</sp>
</div2>
</div1>
</body>
</text>
</TEI>