<?xml version="1.0" encoding='utf-8'?>
<TEI xml:lang="fr">
<teiHeader>
	<fileDesc>
		<titleStmt>
			<title>GILLES TOUT SEUL, VAUDEVILLE EN UN ACTE.</title>
			<author type="texte" ISNI="0000 0000 5488 6207">BIZET (17..-1842)</author>
			<author type="texte" ISNI="0000 0000 5370 6294">J. F. SIMONOT (17..-18..)</author>
		</titleStmt>
		<publicationStmt>	
			<editor>Texte établi par Paul FIEVRE, Mai 2020</editor>
			<publisher>Publié par Paul FIEVRE, Juin 2020</publisher>
			<idno>BIZET-SIMONOT_GILLESTOUTSEUL</idno>
			<rights>Creative Commons BY-NC-SA</rights>
		</publicationStmt>
		<SourceDesc>
				<genre>Vaudeville</genre>
				<inspiration>moeurs</inspiration>
				<structure>Un acte</structure>
				<type>mixte</type>
				<periode>1791-1800</periode>
				<taille>250-500</taille>
				<permalien>http://gallica.bnf.fr/ark:/12148/bpt6k704146</permalien>
		</SourceDesc>
	</fileDesc>
	</teiHeader>
<text>
	<front>
		<docTitle>
			<titlePart type='main'>GILLES TOUT SEUL</titlePart>
			<titlePart type='sub'>VAUDEVILLE EN UN ACTE.</titlePart>
			<titlePart type="sub">Représenté à Paris, sur le théâtre de la Cité-Variétés, le premier Ventôse an 7</titlePart>
		</docTitle>
		<docDate value='1799'>AN VII.</docDate>
		<docAuthor id='BIZET, SIMONOT'>Par les citoyens BIZET et SIMONOT</docAuthor>
		<docImprint>
				<printer id='SURET'>DE L'IMPRIMERIE DE SURET, RUE HYACINTHE, n°522</printer>
				<editor id='Denis Thierry'>À Paris, Chez BARBA, Libraire, au Magasin des Pièces de Théâtres, quai de l'Unité vis-à-vis du Pont-Neuf</editor>
		</docImprint>
		<performance>
			<premiere date='1799-02-19' location='Théâtre de la Cité-Variétés'>Représenté à Paris, sur le théâtre de la Cité-Variétés, le premier Ventôse an 7.</premiere>	
		</performance>

		<castList><head>PERSONNAGE</head>
		<castItem><role id="GILLES" sex="1" type="H" statut='bourgeois' age='A' stat_amour='néant'>GILLES</role>, le citoyen FAURE.</castItem>
		</castList>
		<set location="Paris" country="France" periode="XIXème" gps="48.856614, 2.352222">La scène est chez Gilles</set>
</front>
<body>
<div1 type="acte" n="1"><head>GILLES TOUT SEUL.</head>
<stage type="decor">Le théâtre représente un salon; autour sont disposés les portraits des aïeux de Gilles ; dans le fond, une fenêtre fermée de persiennes ; et ouvrant en-dehors ; à quelque distance de la fenêtre, et  du même côté, un oeil de boeuf ; à gauche, une armoire; à droite, une table couverte d'un tapis ; une cheminée en avant de l'armoire ; un secrétaire derrière la table ; des chaises.</stage>
<div2 type="scene" n="1"><head></head>
<sp who="GILLES"><speaker>GILLES.</speaker>
<p id="1">
	<s id="1">Pour cette fois, mon très cher Arlequin, j'espère que tu seras complètement la dupe de mon petit stratagème ; et cependant tu as, dit-on, plus d'esprit que moi... </s>
	<s id="2">Cela ne m'étonne pas.</s>
</p>
<stage type="title">Air : la comédie est un miroir.</stage>
	<l id="1">L'homme d'esprit voit tout en grand,</l>
	<l id="2">Rarement il sait se contraindre ;</l>
	<l id="3">Son génie embrasse souvent,</l>
	<l id="4">Tout, hors le point qu'il faut atteindre :</l>
	<l id="5">Au contraire, dès son début</l>
	<l id="6">Le sot marche d'un air modeste,</l>
	<l id="7">L'homme d'esprit passe le but,</l>
	<l id="8">Le sot l'atteint, mais il y reste. -</l>
<p id="2">
	<s id="1">Il faut avouer pourtant que j'ai eu là une délicieuse idée. </s>
	<s id="2">Comment diable ai—je donc fait pour imaginer cela tout seul. </s>
	<s id="3">J'en suis encore tout étonné. </s>
	<s id="4">Voilà ce que c'est que d'avoir des oreilles et de savoir s'en servir.</s>
</p>
<stage type="title">Air : Nous nous marierons dimanche.</stage>
	<l id="9">Hier au matin,</l>
	<l id="10">Le cher Arlequin,</l>
	<l id="11">Disait à monsieur8Cassandre :</l>
	<l id="12">J'ai cent francs en or,</l>
	<l id="13">Que faut-il encor</l>
	<l id="14">Pour devenir votre gendre.</l>
	<l id="15">Je veux de plus</l>
	<l id="16">Cinquante écus ;</l>
	<l id="17">Je tranche ;</l>
	<l id="18">Au même instant,</l>
	<l id="19">J'en donne autant</l>
	<l id="20">À Blanche ;</l>
	<l id="21">Si, pour le certain,</l>
	<l id="22">Tu les as demain,</l>
	<l id="23">Je vous marierai dimanche.</l>
<note type="L">Décadi : Le dixième et dernier jour de la décade dans le calendrier républicain, jour de repos qui répondait à notre dimanche. [L]</note>
<p id="3">
	<s id="1">Cela n'est pas difficile à croire, puisque dimanche prochain tombe justement le décadi. </s>
	<s id="2">Après avoir entendu cette conversation, je n'ai pas perdu la tête : j'ai parié cinquante écus avec Arlequin qu'il ne resterait pas vingt-quatre heures sans sortir de chez lui. </s>
	<s id="2">Il a donné dans le panneau, parce qu'il ne sait pas que je suis amoureux de Blanche, et qu'il espère que mes cinquante écus serviront à compléter la somme que Cassandre exige ; mais il est loin de compte.</s>
</p>
<stage type="title">Air : Il faut des époux assortis.</stage>
	<l id="24">Je m'amuse en voyant d'ici</l>
	<l id="25">La tournure que prend la chose ;</l>
	<l id="26">Arlequin s'enferme chez lui,</l>
	<l id="27">De son absence on s'indispose.</l>
	<l id="28">Cassandre ne le reçoit plus,</l>
	<l id="29">Et bientôt, grâce à mon adresse,</l>
	<l id="30">Je perdrai mes cinquante écus ;</l>
	<l id="31">Mais j'épouserai sa maîtresse.</l>
<stage type="title">bis.</stage>
<p id="4">
	<s id="1">Il est un peu friand le cher Arlequin : pour se consoler du chagrin de ne pas voir Blanche, il se régale de pâtisserie ; et comme il ne peut pas sortir, c'est moi qui suis son pourvoyeur. </s>
	<s id="2">Il n'y a qu‘un moment que je viens de reporter sa tourtière chez le papa Cassandre, à qui, comme de raison, il donne sa pratique ; et notre gourmand attend déjà, avec impatience, un grand pâté de macaronis... </s>
	<s id="3">Mais il faut convenir d'une chose, Monsieur_Cassandre a poussé au plus haut degré le grand art de la cuisine ; c'est un second Méot.</s>
</p>
<stage type="title">Air d'Arlequin afficheur.</stage>
	<l id="32">De cette cuisine excellente,</l>
	<l id="33">Sort mainte chose succulente ;</l>
	<l id="34">Du gibier de chaque saison,</l>
	<l id="35">Des fricandeaux,</l>
	<l id="36">Des omelettes,</l>
	<l id="37">Des gigots</l>
	<l id="38">Et des tartelettes ;</l>
	<l id="39">Perdrix, saumon</l>
	<l id="40">Et caneton,</l>
	<l id="41">Godiveau, poularde au cresson,</l>
	<l id="42">Filets</l>
	<l id="43">De poulets,</l>
	<l id="44">En grimace ;</l>
	<l id="45">Excellent salmis de bécasse,</l>
	<l id="46">Émincé de boeuf à l'oignon ;</l>
	<l id="47">Cochon,</l>
	<l id="48">Jambon,</l>
	<l id="49">Dindon,</l>
	<l id="50">Rognon</l>
	<l id="51">Amande douce, amande amère,</l>
	<l id="52">Du bif-tec aux pommes de terre ;</l>
	<l id="53">Sa carte fut, dans tous les temps,</l>
	<l id="54">Le dictionnaire des gourmands.</l>
<stage type="title">Air : Un ancien proverbe nous dit.</stage>
	<l id="55">Cette appétissante maison,</l>
	<l id="56">Nous offre de tout à foison,</l>
	<l id="57">C'est un vrai pays de Cocagne.</l>
<p id="5">
	<s id="1">Mais, moi, ce que j'aime, surtout, ce sont...</s>
</p>
	<l id="58">Ces truffes au vin de Champagne,</l>
	<l id="59">Dont on régale, en certain cas,</l>
	<l id="60">Les maris qui ne le sont pas.</l>
<p id="6">
	<s id="1">Ce pauvre Arlequin, comme il est obligeant. </s>
	<s id="2">Il craint que je ne sache pas trouver un prétexte honnête pour me présenter chez Monsieur Cassandre ; il a la bonté de me l'offrir lui-même, en me chargeant de ses commissions. </s>
	<s id="3">Je n'ai pas manqué d'en profiter ; j'ai tiré le papa Cassandre dans un coin, et je lui ai dit :</s>
</p>
<stage type="title">Air : Lubin va la préférence.</stage>
	<l id="61">Savez-vous papa Cassandre</l>
	<l id="62">Ce qu'a fait ce matin</l>
	<l id="63">Le coquin </l>
	<l id="64">D'Arlequin ;</l>
	<l id="65">L'honneur d'être votre gendre,</l>
	<l id="66">Ne le touche plus en rien.</l>
	<l id="67">- Mon cher, que voulez-vous dire ?</l>
	<l id="68">- Avec fille qu'il vient de séduire,</l>
	<l id="69">Il a fui ces lieux,</l>
	<l id="70">En riant. - Grands dieux !</l>
	<l id="71">- Le Fait s'est passé sous mes yeux.</l>
	<l id="72">Mais si votre cher Arlequin,</l>
	<l id="73">N'est qu'on vaurien,</l>
	<l id="74">Je connais bien</l>
	<l id="75">Garçon aimable, qui n'aspire</l>
	<l id="76">Qu'à pouvoir gaîment,</l>
	<l id="77">À votre enfant,</l>
	<l id="78">Offrir sa foi ;</l>
	<l id="79">- Et ce garçon, c'est - moi.</l>
<p id="7">
	<s id="1">- Attendez donc, ceci mérite attention. </s>
	<s id="2">- Ajoutez à cela qu'Arlequin n'a que du talent, au lieu que moi, j'ai de l'argent, et beaucoup ; vous voyez que je dois obtenir la préférence... </s>
	<s id="3">Monsieur Cassandre, qui a du bon sens, n'a pu m'en opposer à ces arguments irrésistibles ; aussi m'a-t-il promis la main de Blanche.</s>
</p>
<stage type="title">Air du vaudeville du Jockey.</stage>
	<l id="80">Aujourd'hui veut-on, en douceur,</l>
	<l id="81">Se glisser dans une famille,</l>
	<l id="82">Du papa l'on gagne le coeur,</l>
	<l id="83">Pour avoir la main de la fille.</l>
	<l id="84">Plutôt que de me faire aimer,</l>
	<l id="85">Si j'employai cette méthode ;</l>
	<l id="86">Personne ne peut m'en blâmer,</l>
	<l id="87">Car elle est assez à la mode.</l>
<stage type="title">bis.</stage>
<p id="8">
	<s id="1">Ce n'est pas gauche, au moins, de s'adresser au père quand la fille nous refuse. </s>
	<s id="2">C'est Arlequin qui sera bien attrapé, quand il aura fini son petit séminaire. </s>
	<s id="3">Il ne manquera pas de courir aussitôt chef sa maîtresse ; mais, crac, on vous lui ferme poliment la porte au nez, et plus de Blanche pour lui.</s>
</p>
<stage type="title">Air : En quatre mois.</stage>
	<l id="88">Bien vainement pour ce tendron naïf,</l>
	<l id="89">Il ressent un amour actif,</l>
	<l id="90">Même au superlatif ;</l>
	<l id="91">C'est pour moi que sa maîtresse,</l>
	<l id="92">Doit avoir de la tendresse</l>
	<l id="93">À l'infinitif ;</l>
	<l id="94">Il sollicite, hélas ! d'un air craintif</l>
	<l id="95">Un mot définitif :</l>
	<l id="96">Le père, d'un ton vif,</l>
	<l id="97">Lui donne pour tout lénitif,</l>
	<l id="98">- Un refus positif.</l>
<p id="9">
	<s id="1">Arlequin insiste ; mais Monsieur Cassandre lui tourne le dos avec dignité ; et mon pauvre rival, tout étourdi du coup, vient se renfermer dans sa chambre, pour rêver à sa mésaventure. </s>
	<s id="2">Moi, pendant ce temps-là, je mande le notaire, je préviens l'officier municipal, et me voilà le mari de Blanche. </s>
	<s id="3">Ma foi, ou en dira ce qu'on voudra, je commence à être fort content de ma petite personne : si je me soutiens sur ce pied là, Mademoiselle Blanche n'aura pas fait un si mauvais marché : de son côté, elle n'est pas mal partagée pour la figure et pour l'esprit, nous ne laisserons pas de faire ensemble un petit couple bien gentil ; et, quand nous irons nous promener aux Boulevards_des_Italiens, ou aux Champs-Elysées, tout le monde nous regardera passer.</s>
</p>
<stage type="title">Air: Trouver à qui parler,</stage>
	<l id="99">J'entendrai chacun dire,</l>
	<l id="100">Est-ce là son époux ?</l>
	<l id="101">Non, car elle l'admire ;</l>
	<l id="102">Son regard est trop doux.</l>
	<l id="103">Il est l'amant de cette belle,</l>
	<l id="104">Dont l'oeil de plaisir étincelle.</l>
	<l id="105">Je crois, sans rien celer,</l>
	<l id="106">Qu'un mari doit près d'elle</l>
	<l id="107">Trouver à qui parler.</l>
<stage type="bis">Trois fois.</stage>
<p id="10">
	<s id="1">Elle trouvera aussi, de son côté, à qui parler ; ainsi nous serons à deux de jeu. </s>
	<s id="2">D'ailleurs ; la prudence, c'est mon fort, et je suis décidé à en faire bonne provision avant que de grossir la liste des époux parisiens.</s>
</p>
<stage type="title">Air : Pour la Baronne.</stage>
	<l id="108">Oui, ma prudence,</l>
	<l id="109">De ses pas sera le témoin ;</l>
	<l id="110">Dans une telle circonstance ,</l>
	<l id="111">Heureux l'époux qui n'a besoin</l>
	<l id="112">Que de prudence.</l>
<p id="11">
	<s id="1">Mon Dieu que je suis impatient de voir finir ces maudites vingt-quatre heures ; car je suis forcé de faire continuellement sentinelle à la porte d'Arlequin, pour être sûr qu'il ne sortira pas de son logis. </s>
	<s id="2">Si du moins je pouvais apercevoir cette espiègle de Blanche, çà me désennuierait un peu.</s>
</p>
<stage type="open">Il ouvre la fenêtre.</stage>
<p id="12">
	<s id="1">Tiens, la voilà qui tire de l'eau à son puits ; et vite, vite, ma lunette d'approche.</s>
</p>
<stage type="up/break">Il monte sur une chaise pour aveindre sa lunette, la chaise crève sous lui.</stage>
<p id="13">
	<s id="1">Quelle chute, bon Dieu ! </s>
	<s id="2">Heureusement que je ne suis pas le seul à qui un pareil accident arrive.</s>
</p>
<stage type="title">Air : On compterait les diamants.</stage>
	<l id="113">Grace aux caprices du hasard,</l>
	<l id="114">La chute en ce monde est commune,</l>
	<l id="115">Elle est l'ouvrage d'un regard </l>
	<l id="116">De la trop aveugle fortune.</l>
	<l id="117">Sur un Faquin elle répand</l>
	<l id="118">Souvent une faveur subite ;</l>
	<l id="119">Elle l'élève lestement,</l>
	<l id="120">Mais il descend encor plus vite.</l>
<stage type="away">Il fait des efforts ridicules pour se retirer de sa chaise, et en vient à bout.</stage>
<p id="14">
	<s id="1">Ouf ! </s>
	<s id="2">J'ai cru que j‘y resterais... </s>
	<s id="3">Voilà ce que c'est qu'un ménage malentendu.</s>
</p> 
<stage type="title">Air : Colin un jour trouva Lisette.</stage>
	<l id="121">Bien des hommes en sont victimes,</l>
	<l id="122">Moi le premier, car j'ai failli ,</l>
	<l id="123">Pour ménager quelques centimes,</l>
	<l id="124">Me mettre pour trois mois au lit.</l>
<p id="15">
	<s id="1">Cela me rappelle le dialogue entre cet avare et son apothicaire. </s>
	<s id="2">- Monsieur, prenez mon remède, et je vous réponds qu'aussitôt ;</s>
</p>
	<l id="125">De tous vos maux il vous délivre.</l>
<stage type="bis">bis.</stage>
	<l id="126">Combien le vendez-vous ? - Un franc.</l>
	<l id="127">Il en coûte trop cher pour vivre ;</l>
	<l id="128">J'aime mieux garder mon argent. </l>
<stage type="bis">bis.</stage>
<stage type="carry">Il apporte une autre chaise, prend des précautions risibles pour s'assurer de sa solidité.</stage>
<p id="16">
	<s id="1">Celle-là du moins ne me jouera pas de mauvais tour...</s>
</p>
<stage type="up/wash/agitated">Il monte et aveint la lunette, elle est couverte de poussière, qui aveugle Gilles ; il descend avec précipitation, s'agite sur le théâtre, trépigne, fait différents lazzis.</stage>
<p id="17">
	<s id="1">Ah ! </s>
	<s id="2">Mon Dieu, mon Dieu, quel accident !</s>
</p>
<stage type="title">Air : Nous sommes précepteurs d'amour/</stage>
	<l id="129">Près de l'objet qui nous est cher,</l>
	<l id="130">Ce n'est point une bagatelle ;</l>
	<l id="131">On n'y voit jamais assez clair,</l>
	<l id="132">Quand on veut regarder sa belle.</l>
<p id="18">
	<s id="1">Il ne faut pourtant pas se décourager.</s>
</p>
<stage type="drop">Il place sa lunette sur une chaise vis-à-vis la fenêtre, l'ouvre, la referme, l'étend, la raccourcit.</stage>
<stage type="title">Air : Jupiter un jour en fureur.</stage>
	<l id="133">À l'allonger... la raccourcir,</l>
	<l id="134">C'est en vain que je m'évertue ;</l>
	<l id="135">Ici bas, le vrai point—de-vue</l>
	<l id="136">N'est pas facile à saisir.</l>
	<l id="137">L'amour—propre, sans qu'on s'en doute,</l>
	<l id="138">Nous fascine toujours les yeux ;</l>
	<l id="139">Celui qui croit voir le mieux,</l>
<stage type="bis">bis.</stage>
	<l id="140">Bien souvent n'y voit goûte.</l>
<stage type="work">Il réussit à ajuster sa lunette.</stage>
<p id="19">
	<s id="1">Bon, la voilà enfin comme il faut...</s>
</p>
<stage type="watch">Il reagarde.</stage>
<p id="20">
	<s id="1">La vilaine position que j'ai là ; Blanche me tourne le dos... </s>
	<s id="2">Attendez donc... </s>
	<s id="3">Pourquoi se penche-t-elle si fort ? </s>
	<s id="4">Je vois.... je vois.</s>
</p>
<stage type="title">Air: Colin trouva Lizette un jour.</stage>
	<l id="141">Pieds charmants tournés par l'amour,</l>
	<l id="142">Dont je voudrais suivre les traces ;</l>
	<l id="143">Jambe bien fine, et faite au tour,</l>
	<l id="144">Vous sortez de la main des Grâces.</l>
	<l id="145">...... J'aperçois...... non pas,</l>
	<l id="146">Quel dommage ,</l>
	<l id="147">Hélas !</l>
	<l id="148">Quand on n'en voit pas davantage. </l>
<stage type="bis">bis</stage>
<p id="21">
	<s id="1">C'est singulier ; elle est devenue tout—à-fait immobile.... </s>
	<s id="2">Je tremble que le pied ne lui glisse ; heureusement qu'Arlequin n'est pas près d'elle, car... </s>
	<s id="3">Ah ! </s>
	<s id="4">La voilà qui se relève... </s>
	<s id="5">Tiens, comme elle se sauve.....</s>
</p>
<stage type="away">Il se retire.</stage>
<p id="22">
	<s id="1">Mais ce n'est pas honnête du tout de ne pas me donner seulement le temps de voir son joli minois.... </s>
</p>
<stage type="music">On entend jouer de la flûte.</stage>
<p id="23">
	<s id="1">Paix ; qu'est-ce que j'entends ? </s>
	<s id="2">C'est Arlequin ; morbleu, je n'ai pas pensé à lui interdire les instruments... </s>
	<s id="3">Mais au fond, qu'est ce que cela me fait ? </s>
	<s id="4">Il ne parlera pas à sa maîtresse en musique, et s'il la régale d'une sérénade, je puis bien en faire autant. Voyons ma clarinette... </s>
	<s id="5">En voici bien d'une autre, il y manque une clef à présent.</s>
</p>
<stage type="title">Air : Vous m'ordonnez de la brûler.</stage>
	<l id="149">Combien de gens pour une clef</l>
	<l id="150">Sont souvent fort en peine ;</l>
	<l id="151">Un voleur convoite la clef,</l>
	<l id="152">Qui vers un trésor mème ;</l>
	<l id="153">L'antiquaire cherche la clef</l>
	<l id="154">D'un gros son de la Grèce :</l>
	<l id="155">Moi je voudrais avoir la clef</l>
	<l id="156">Du coeur de ma maîtresse.</l>
<p id="24">
	<s id="1">Et puis encore celle de ma clarinette ; car, sans cela, je jouerai faux en diable... </s>
	<s id="2">Mais, où l'ai-je fourrée ?... </s>
	<s id="3">Un moment, j'ai balayé ma chambre ce matin ; si elle était dans le panier.</s>
</p>
<stage type="search">Il y cherche.</stage>
<p id="25">
	<s id="1">Justement la voilà ; je suis quelquefois d'une étourder1e... </s>
	<s id="2">Je n'ai garde de me corriger de ce défaut, c'est un de ceux des gens d'esprit.</s>
</p>
<stage type="title">Air du vaudeville des deux veuves.</stage>
	<l id="157">Dédaignant tout ce que l'on dit,</l>
	<l id="158">Méprisant le censeur qui fronde,</l>
	<l id="159">Beaucoup de sots, des gens d'esprit,</l>
	<l id="160">Sont les singes dans ce bas monde</l>
	<l id="161">Ils prennent leurs défauts divers,</l>
	<l id="162">Sans s'inquiéter qu'on en glose ;</l>
	<l id="163">Mais s'ils adoptent leurs travers,</l>
	<l id="164">C'est pour en avoir quelque chose.</l>
<stage type="work">Pendant le Couplet il ajuste la clef.</stage>
<p id="26">
	<s id="1">Ah ! </s>
	<s id="2">Nous y voici... </s>
</p>
<stage type="sing">Il prélude et fait plusieurs tons faux.</stage>
<p id="27">
	<s id="1">Diantre, je n'ai pas d'embouchure aujourd'hui. </s>
	<s id="2">Voyons donc.</s>
</p>
<stage type="sing">Il prélude encore.</stage>
<p id="28">
	<s id="1">Ceci vaut un peu mieux... </s>
	<s id="2">Essayons à présent de lui détacher un joli air bien tendre, bien expressif. </s>
	<s id="3">Lequel ?...</s>
</p>
<stage type="dreem">Il rêve.</stage>
<p id="29">
	<s id="1">C'est cela... </s>
	<s id="2">Chantons l'hymen, chantons l'amour... </s>
	<s id="3">L'amour et l'hymen, aux termes où nous en sommes, rien ne peut mieux nous convenir.</s>
</p>
<stage type="music/stop">Il joue ; après quelques phrases, il s'arrête.</stage>
<stage type="listen">On entend la vielle.</stage>
<p id="29">
	<s id="1">Une vielle, c'est l'instrument de Blanche. </s>
	<s id="2">« Attendez-moi sous l'orme. » </s>
	<s id="3">C'est un rendez-vous qu'elle me donnee... </s>
	<s id="4">Ah ! </s>
	<s id="5">Comme elle est aimable.</s>
</p>
<stage type="music">On entend la flûte.</stage>
<p id="30">
	<s id="1">Arlequin, à présent. </s>
	<s id="2">Je gage qu'elle ne daignera pas lui répondre.</s>
</p>
<stage type="music">On entend la vielle.</stage>
<p id="32">
	<s id="1">Morbleu, je me suis trompé; cette fille là donne des espérances à tout le monde.</s>
</p>
<stage type="get">Il reprend sa clarinette.</stage>
<p id="33">
	<s id="">Encore une petite tirade.</s>
</p>
<stage type="close/hurt/away">À peine a-t—il commencé que la fenêtre se ferme brusquement, elle frappe l'extrémité de la clarinette, dont le bec s'enfonce dans la bouche de Gilles, il recule jusqu'au milieu de la chambre.</stage>
<p id="34">
	<s id="1">Fripon d'Arlequin, tu me le paieras, si jamais tu tombes sous ma main...</s>
</p>
<stage type="music">On entend une basse qui s'accorde.</stage>
<p id="35">
	<s id="1">Tiens, jusqu'au papa Cassandre qui s'en mêle. </s>
	<s id="2">Voyons un peu comment il va s'en tirer.</s>
</p>
<stage type="music/title">La basse joue : Allez-vous en gens de la noce.</stage>
<p id="36">
	<s id="1">Ceci s'adresse à Arlequin, c'est clair. </s>
	<s id="2">Attrape mon petit.</s>
</p>
<stage type="listen">Il prête l'oreille.</stage>
<p id="37">
	<s id="1">Plus rien, tout le monde s'est retiré. </s>
	<s id="2">Ma foi j'en suis fâché ; car cela ne laissait pas de me distraire un peu, au lieu que me voilà seul avec mes pensées, cela n'est pas toujours amusant.</s>
</p>
<stage type="titile">Air du Vaudeville de la Famille extravagante.</stage>
	<l id="165">Oui j'en conviendrai franchement,</l>
	<l id="166">Soit raison ou bien Fantaisie,</l>
	<l id="167">L'homme instruit dédaigne souvent</l>
	<l id="168">Une nombreuse compagnie.</l>
	<l id="169">L'ignorant la cherche.... et pour lui;</l>
	<l id="170">La solitude est un martyre :</l>
	<l id="171">Un homme ne s'ennuie ainsi,</l>
	<l id="172">Que quand il n'a rien à se dire.</l>
<p id="38">
	<s id="1">C'est une belle chose que l'instruction. Si jamais Je redeviens jeune, je veux faire un cours d'étude complet. </s>
	<s id="2">C'est alors que je m'acheminerai dignement sur les traces de mes glorieux ancêtres.</s>
</p>
<stage type="watch">Il examine les portraits.</stage>
<p id="29">
	<s id="1">J'ai bien fait, au moins, de placer leurs portraits dans ma chambre...</s>
	<s id="2">Leur présence, quoiqu'en peinture, enflamme mon émulation ; tour-à-tour ils ont brillé sur la scène.</s>
</p>
<stage type="title">Air de la Boulangère.</stage>
	<l id="173">Gilles premier, héros romain,</l>
	<l id="174">Vint en époux docile,</l>
	<l id="175">Sous le beau nom de Gillotin,</l>
	<l id="176">Au petit Vaudeville</l>
	<l id="177">Malin,</l>
	<l id="178">Au petit Vaudeville.</l>
	<l id="179">Homme de lettres, leste et fin.</l>
	<l id="180">Gilles deux, plus habile,</l>
<note type="C">Gille afficheur, [inconnu] crée le 23 sept 1798.</note>
	<l id="181">Dans l'Afficheur était divin</l>
	<l id="182">Au petit Vaudeville</l>
	<l id="183">Malin,</l>
	<l id="184">Au petit Vaudeville.</l>
	<l id="185">Gilles trois, bavard et taquin,</l>
	<l id="186">A fait courir la ville,</l>
	<l id="187">Dans Colombine mannequin,</l>
	<l id="188">Au petit Vaudeville,</l>
	<l id="189">Malin,</l>
	<l id="190">Au petit Vaudeville.</l>
<stage type="music">Il est interrompu par le son de la vielle.</stage>
<p id="30">
	<s id="1">Encore la vielle ?...</s>
</p>
<stage type="watch">Il regarde par un oeil de boeuf.</stage>
<p id="31">
	<s id="1">Morbleu, pendant que je m'amuse à compter les douceurs à mes illustres aïeux, voilà Monsieur Arlequin qui fait des siennes.</s>
</p>
<stage type="title">Air. du Diable à quatre.</stage>
	<l id="191">De chez Blanche un cordeau s'est tendu ;</l>
	<l id="192">Ils vont se voir ; c'est bien entendu,</l>
	<l id="193">Des droits... Arlequin n'en a plus</l>
	<l id="194">À mes cinquante écus.</l>
	<l id="195">Je touche le pari,</l>
	<l id="196">Oui,</l>
	<l id="197">Dans une heure au plus tard,</l>
	<l id="198">Car,</l>
	<l id="199">Il ne devait, ma foi,</l>
	<l id="200">Quoi ?</l>
	<l id="201">Communiquer qu'avec moi.</l>
<p id="32">
	<s id="1">Quoi diable est-ce qu'elle lui envoie donc là. </s>
	<s id="2">Mais c'est une ardoise qui glisse le long du cordeau.</s>
</p>
<stage type="title">Air de la Croisée.</stage>
	<l id="202">Ah ! Par ma foi le tour est bon,</l>
	<l id="203">Ma future, avec confiance,</l>
	<l id="204">Se sert du toit de sa maison,</l>
	<l id="205">Pour faire sa correspondance.</l>
<p id="33">
	<s id="1">L'ardoise est soutenue par une faveur couleur de rose.</s>
</p>
	<l id="206">Mon âme, de ces faveurs-là,</l>
	<l id="207">Ne sera jamais affligée,</l>
	<l id="208">Tant qu'on ne les accordera</l>
	<l id="209">Qu'a travers la croisée.</l>
<p id="34">
	<s id="1">C'est bon pour le discours pourtant ce que je dis là ; mais cette petite manoeuvre ne laisse pas de m'inquiéter.</s>
</p>
<stage type="title">Air : Du haut en bas.</stage>
	<l id="210">Du haut en bas,</l>
	<l id="211">Ils s'entendent, la chose est claire,</l>
	<l id="212">Du haut en bas?</l>
	<l id="213">Ils parlent en ne parlant pas;</l>
	<l id="214">Vite il faut avertir le père,</l>
	<l id="215">Et les traiter, dans ma colère,</l>
	<l id="216">Du haut en bas.</l>
<p id="35">
	<s id="1">Comment faire parbleu rien de plus simple ; une jolie petite lettre tournée comme on ne les tourne pas... </s>
	<s id="2">Eh ! </s>
	<s id="3">Vite à la besogne.</s>
</p>
<stage type="title">Air du bienheureux Lisandre.</stage>
<stage type="write">Il écrit.</stage>
	<l id="217">Votre fille, papa Cassandre,</l>
	<l id="218">Se conduit à faire trembler,</l>
	<l id="219">Avec Arlequin dans sa chambre...</l>
<p id="36">
	<s id="1">Dans sa chambre... </s>
	<s id="2">Non, cela n'est pas exact, c'est depuis sa chambre...</s>
</p>
	<l id="220">Avec Arlequin depuis sa chambre.</l>
<p id="37">
	<s id="1">Depuis sa chambre, est trop long, çà gâte la mesure ; laissons dans sa chambre, nous expliquerons cela par la phrase suivante.</s>
</p>
<stage type="dream">Il rêve.</stage>
<p id="38">
	<s id="1">Allons, il ne me vient pas de phrase à présent. </s>
	<s id="2">Maudite cervelle..... C'est dit, je ne trouverai plus rien... </s>
	<s id="3">Pardi, je suis bien embarrassé, et le sens suspendu, voici sa place ou jamais.</s>
</p>
<stage type="title">Air de la prise de tabac.</stage>
	<l id="221">Ne peut—on finir une phrase,</l>
	<l id="222">Eh ! Vite le sens suspendu ;</l>
	<l id="223">Cacher le nu par une gaze,</l>
	<l id="224">Encore le sens suspendu.</l>
	<l id="225">Maint poète que l'on admire,</l>
	<l id="226">Doit beaucoup au sens suspendu :</l>
	<l id="227">Il parle souvent ; sans rien dire,</l>
	<l id="228">Aux dépens du sens suspendu.</l>
<p id="39">
	<s id="1">Reprenons le commencement.</s>
</p>
<stage type="title">Air du malheureux Lisandre. /</stage>
<stage type="write">Il écrit.</stage>
	<l id="229">Votre fille, papa Cassandre,</l>
	<l id="230">Se conduit à faire trembler,</l>
	<l id="231">Avec Arlequin dans sa chambre...</l>
<p id="40">
	<s id="1">Une douzaine de points ; il faut terminer par quelque chose.</s>
</p>
<stage type="dream">Il rêve. </stage>
<p id="41">
	<s id="1">J'y suis.</s>
</p>
<stage type="232">Je vous conseille d'y veiller.</stage>
<p id="42">
	<s id="1">Tout cela n'est pas bien clair... </s>
	<s id="2">Mais le beau-père le comprendra, ou il faudrait qu'il fût un sot.</s>
</p>
<stage type="signe">Il signe.</stage>
<note type="L">Décadi : Le dixième et dernier jour de la décade dans le calendrier républicain, jour de repos qui répondait à notre dimanche. [L]</note>
<p id="43">
	<s id="1">Gilles. </s>
	<s id="2">À présent il s'agit d'envoyer mon épître. </s>
	<s id="3">J'ai là justement le cerf-volant que j'ai essayé, décadi dernier, aux Champs—Élysées ; je vais le lancer chez Monsieur_Cassandre, et puis, au moyen d'un petit postillon... </s>
	<s id="4">Mon dieu ; que les oiseaux d'Idalie ont été bien imaginés !... </s>
	<s id="5">Aussi le joli accueil que le public leur a fait ; comme ils chantaient à gorge déployée.</s>
</p>
<stage type="sing">Il chante.</stage>
	<l id="232">Ah ! Le bel oiseau vraiment...</l>
<p id="44">
	<s id="1">C'était charmant.</s>
</p>
<stage type="away/back/think">Il court au fond du théâtre, revient sur ses pas et réfléchit.</stage>
<p id="45">
	<s id="1">Allons, je ne serai jamais qu'un étourdi ; je ne me souviens pas du paquet que j'ai fait à Monsieur_Cassandre sur la fuite d'Arlequin.</s>
</p>
<stage type="tear">Il déchire la lettre.</stage>
<p id="46">
	<s id="1">C'était bien la peine de me mettre en frais d'esprit ; heureux encore que la mémoire me soit revenue à temps ; j'allais joliment ajuster mes affaires.</s>
</p>
<stage type="watch"> Il regarde par la fenêtre.</stage>
<p id="47">
	<s id="1">Ils sont partis sans se douter que je les aies vus. </s>
	<s id="2">Qu'on vienne me dire, à présent, que je ne suis qu'un sot. </s>
	<s id="3">Au surplus, les bêtes sont parfois bonnes à quelque chose.</s>
</p>
<stage type="">Air : Je connais un Berger discret.</stage>
	<l id="233">Connaîtrait—on les gens d'esprit,</l>
	<l id="234">S'il n'était point de bêtes :</l>
	<l id="235">Oui, gens d'esprit, de votre esprit</l>
	<l id="236">Rendez grâces aux hôtes ;</l>
	<l id="237">Bon La_Fontaine, avec esprit,</l>
	<l id="238">Tu fis parler les bêtes ;</l>
	<l id="239">Aujourd'hui que de gens d'esprit,</l>
	<l id="240">Parlent comme des bêtes.</l>
<stage type="knock">On frappe à la porte.</stage>
<p id="46">
	<s id="1">Quelle rude manière de frapper ; à sa place j'en foncerais la porte.</s>
</p>
<stage type="OPEN">Il ouvre.</stage> 
<p id="47">
	<s id="1">Ne sauriez—Vous heurter plus doucement ?</s>
</p>
<stage type="show"> On lui présente brusquement un pâté.</stage> 
<p id="48">
	<s id="1">Le brutal ! </s>
	<s id="2">Sois tranquille, j'aurai soin de toi un peu plus tard.</s>
</p>
<stage type="carry/location/close">Gilles porte le pâté sur une table ; pendant ce temps on l'enferme.</stage>
<p id="49">
	<s id="1">Eh bien, je crois qu'on m'enferme !</s>
</p>
<stage type="drop/run/location">Il pose précisément le pâté et court à la porte.</stage>
<p id="50">
	<s id="1">Au fond, cela m'est égal, il ne m'importe pas de sortir à présent ; je n'en ai nullement envie. </s>
	<s id="2">Songeons à faire notre charge de pourvoyeur.</s>
</p>
<stage type="turn/watch">Il se tourne du côté du pâté. </stage>
<p id="50">
	<s id="1">Quelle énorme pièce ! </s>
	<s id="2">Il faut qu'Arlequin ait de l'appétit comme Gargantua, s'il en vient à bout tout seul... </s>
	<s id="3">Tout seul... </s>
	<s id="4">Ceci me donne une idée : quelquefois il n'y a pas de mal à aider son prochain...</s>
</p>
<stage type="title">Air : Non je ne ferai pas.</stage>
	<l id="241">Blanche ne m'aime pas, Arlequin l'intéresse ;</l>
	<l id="242">D'une juste vengeance, ah ! Savourons l'ivresse.</l>
	<l id="243">Quand d'être supplanté l'on craint le sort fatal,</l>
	<l id="244">Qu'il est doux de manger le pâté d'un rival.</l>
<p id="51">
	<s id="1">Non seulement de le manger, mais encore de le faire servir d'enveloppe au piège : que je vais tendre à Arlequin. </s>
	<s id="2">Pour cela j'enlève la couverture, il le fait ; je m'empare du macaroni, idem... </s>
	<s id="3">Je mets à la place une échelle de corde, idem ; il me semble voir Arlequin, tout étonné, dire, en voyant ce pâté,</s>
</p>
<stage type="title">Air : Quand un tendron vient dans ces lieux.</stage>
	<l id="245">Les drôles de macaronis,</l>
	<l id="246">Comment ! C'est une échelle ;</l>
	<l id="247">Mais... Un moment, j'y réfléchis,</l>
	<l id="248">Blanche veut qu'auprès d'elle,</l>
	<l id="249">À l'instant aille son futur,</l>
	<l id="250">En passant par-dessus le mur,</l>
	<l id="251">C'est sûr :</l>
	<l id="252">Comme j'ai deviné cela,</l>
	<l id="253">Faut pas être grand sorcier pour ça.</l>
<stage type="explicit">Pendant qu'il chante ce couplet, il fait la substitution de l'échelle de corde aux macaronis.</stage>
<p id="52">
	<s id="1">Portons, à présent, ce petit ragoût de nouvelle fabrique à notre gourmand prisonnier.</s>
</p>
<stage type="open/give">Il ouvre la porte, donne le pâté sans mot dire, et la referme.</stage>
<p id="53">
	<s id="1">Je me vante que tu vas faire un joli déjeuner. </s>
	<s id="2">Mais laissons cet écervelé d'Arlequin, et pensons un peu à mes petites affaires. </s>
	<s id="3">D'abord le mariage ; le mien s'entend : il sera prochain, j'espère. </s>
	<s id="4">Oh ! </s>
	<s id="5">Le beau jour que ce jour-là !</s>
</p>
<p id="54">
	<s id="1">Dès le matin je m'habille tout à neuf, ensuite je me rends chez mon beau père. </s>
	<s id="2">Monsieur_Cassandre me prend par la main, me mène auprès de sa fille, et nous dit :</s>
</p>	
<stage type="title">Air : Mais, ma mère, est c'que j'sais ça ?</stage>
	<l id="254">Mes enfants, le jour qui brille</l>
	<l id="255">Comble mes voeux les plus doux :</l>
	<l id="256">Je vais donner à ma fille</l>
	<l id="257">Le plus parfait des époux.</l>
	<l id="258">Une fois dans ton ménage,</l>
	<l id="259">Faudra fermer - quoi, papa ?</l>
	<l id="260">Ton oreille au doux langage...</l>
	<l id="261">Mais, mon père, est—ce que j'sais ça.</l>
<p id="55">
	<s id="1">Ensuite le cortège se forme ; les fiacres sont à la porte, nous y montons. </s>
	<s id="2">La cérémonie faite, nous voici de retour. </s>
	<s id="3">Nous nous mettons à table, et puis après le dîner, les crins crins, qui jouent comme quatre et qui boivent de même.</s>
</p>
<stage type="">Air : De quel ressouvenir affreux,</stage>
	<l id="262">On rit, on danse jusqu'au jour ;</l>
	<l id="263">Mais à minuit, moi je m'esquive ;</l>
	<l id="264">Ma femme s'éclipse à son tour,</l>
	<l id="265">Près de moi bientôt elle arrive.</l>
	<l id="266">Pour un époux, quel doux tableau !</l>
	<l id="267">Cet embarras, cet air modeste...</l>
	<l id="268">L'amour éteint notre flambeau,</l>
	<l id="269">Le plaisir tire le rideau...</l>
	<l id="270">Daignez m'épargner le reste. </l>
<stage type="bis">bis.</stage>
<p id="56">
	<s id="1">Les jours suivants même bonheur ; les petits soins, les attentions, les complaisances, tout est prodigué, tout est réciproque. </s>
	<s id="2">Mais enfin ces beaux feux s'apaisent ; les petits marmots viennent :</s>
</p>
<stage type="title">Air : Le bonheur qu'on goûte en famille.</stage>
	<l id="271">Dans cinq ans j'aurai six enfants,</l>
	<l id="272">Que je veux élever moi—même.</l>
	<l id="273">Mes amis, de ces soins touchants,</l>
	<l id="274">Concevez—vous l'ivresse extrême ?</l>
	<l id="275">Vous chérissez, dans votre erreur,</l>
	<l id="276">L'éclat dont un vain plaisir brille ;</l>
	<l id="277">Moi je trouve le vrai bonheur</l>
	<l id="278">Au sein de ma jeune famille.</l>
<stage type="">Air : Ah ! que je sens d'impatience.</stage>
	<l id="279">Près de moi, dans ma maisonnette ,</l>
	<l id="280">Enfants, petits enfants sont tous ;</l>
	<l id="281">Le plus jeUne, encore en jaquette,</l>
	<l id="282">Vient se placer sur mes genoux,</l>
	<l id="283">Me regarde, me baise :</l>
	<l id="284">Sur le dos d'une chaise,</l>
	<l id="285">Un second, en grimpant,</l>
	<l id="286">En fait autant,</l>
	<l id="287">Et puis de sa main innocente</l>
	<l id="288">Il caresse mes cheveux blancs :</l>
	<l id="289">Puis en même temps,</l>
	<l id="290">Je dis... Mes enfants,</l>
	<l id="291">Venez tous par là,</l>
	<l id="292">Sur votre papa,</l>
	<l id="293">Tournez vos beaux yeux ;</l>
	<l id="294">Qui m'aime le mieux ?</l>
	<l id="295">C'est moi, c'est moi, c'est moi...</l>
<p id="57">
	<s id="1">Ah ! </s>
	<s id="2">Pour être témoin de cette scène...</s>
</p>
	<l id="296">Charmante,</l>
	<l id="297">Touchante,</l>
	<l id="298">Je voudrais être vieux.</l>
<p id="58">
	<s id="1">Mais je suis bon, vraiment, de m'amuser ainsi plonger dans l'avenir. </s>
	<s id="2">Pensons au présent, qui grâce au ciel, nous offre une perspective assez agréable. </s>
	<s id="3">Je puis me vanter au moins que je ne me mets pas en ménage les mains vides.</s>
</p>
<stage type="title">Air : J'avais cent francs.</stage>
	<l id="299">A six cents francs ,</l>
	<l id="300">Joignez douze cents francs,</l>
	<l id="301">Et cela, bien compté, fera dix-huit cents francs ;</l>
	<l id="302">Puis, ajoutez à ces dix-huit cents francs</l>
	<l id="303">Trois mille trois cents francs,</l>
	<l id="304">Et vous Verrez, qu'en bons écus bien francs,</l>
	<l id="305">J'ai cinq mille cent francs.</l>
<p id="59">
	<s id="1">Oui, cinq mille cent francs, que j'ai prudemment déposés chez Monsieur_Lombardeur, un digne homme, toujours prêt à obliger ses concitoyens dans la peine. </s>
	<s id="2">Les gens grossiers prétendent qu'il fait payer ses services un peu cher ; mais il s'en moque, il fait de gros profits, et voilà l'essentiel, surtout lorsque j'y entre pour quelque chose. </s>
	<s id="3">Cinq mille cent francs, à quatre et demi pour cent, cela me compose tout juste un petit revenu de deux cent vingt-neuf francs cinquante centimes par mois.</s>
</p>
<stage type="title">Air : J'étais gisant à cette place.</stage>
	<l id="306">J'ai remis mon petit pécule</l>
	<l id="307">à ce bon monsieur Lombardeur ;</l>
	<l id="308">Entre ses mains comme il circule,</l>
	<l id="309">Cela fait plaisir, en honneur.</l>
	<l id="310">Dans cette maison fortunée,</l>
	<l id="311">Mon avoir augmente de poids ;</l>
	<l id="312">Et je gagne autant dans un mois,</l>
	<l id="313">Que je gagnais dans une année. </l>
<stage type="bis">bis.</stage>
<stage type="get/count">Il aveint son portefeuille et compte seS billets.</stage>
<p id="59">
	<s id="1">Justement, dix billets de cinq cents livres et un de cent ; il n‘y manque pas une fiole ; quel dommage de déranger un aussi joli compte ! </s>
	<s id="2">Il le faudra Pourtant bien quand je donnerai mon repas de noce. </s>
	<s id="3">Il m'en coûtera au moins un des gros, c'est un peu cher ; mais on ne se marie pas tous les jours. </s>
	<s id="4">Et puis, je suis bien aise de faire dignement les choses. </s>
	<s id="5">Ce jour-là je veux présider à tout moi—même ; il me semble que j'ai déjà, les mains à la besogne.</s>
</p>
<stage type="drop/show">Pendant ce couplet, il disperse ses billets sur la table peut figurer les différents mais qu'il indique.</stage>
<stage type="title">Air : Lison dormait dans un boccage.</stage>
	<l id="314">Au gras, un excellent potage</l>
	<l id="315">Que je place ici... le voilà ;</l>
	<l id="316">Plus loin, j'en mets un de laitage,</l>
	<l id="317">Ma foi ça va bien jusque-là ;</l>
	<l id="318">Des hors-d'oeuvres de plusieurs sortes,</l>
	<l id="319">Cornichons beurre, et caetera;</l>
	<l id="320">Ragoûts par-ci, rôti par-là,</l>
	<l id="321">Quatre salades des plus fortes ;</l>
	<l id="322">Poularde ici, un dindon là,</l>
	<l id="323">Ce n'est encor rien que cela.</l>
<stage type="tear">Pendant ce couplet il déchire , sans y faire attention, tous ses billets pour compléter la description du repas qu'il fait.</stage>
	<l id="324">Je mets ici Monsieur_Cassandre,</l>
	<l id="325">Et ma femme se place là,</l>
	<l id="326">Moi, près d'elle avec un air tendre,</l>
	<l id="327">J'occupe celle que voilà.</l>
	<l id="328">On nous regarde, on s'extasie !</l>
	<l id="329">Puis le dessert arrivera,</l>
	<l id="330">Gâteaux par-ci, biscuits par—là,</l>
	<l id="331">Enfin toute la compagnie</l>
	<l id="332">Admirera ,</l>
	<l id="333">Et s'écriera,</l>
	<l id="334">Ah ! Le beau festin que voilà.</l>
<stage type="tear">Il s'aperçoit qu' il a déchiré ses billets.</stage>
<stage type="title">Air des Découpures.</stage>
	<l id="335">Ah ! Grands dieux ! qu'est-ce que j'ai fait ?</l>
	<l id="336">Quel ravage étrange,</l>
	<l id="337">Mes pauvres lettres-de-change !</l>
	<l id="338">Ah ! grands dieux qu'est-ce que j'ai fait ?</l>
	<l id="339">Le sort en courroux me réservait</l>
	<l id="340">Ce trait.</l>
	<l id="341">Quel malheur !</l>
<stage type="bis">bis.</stage>
	<l id="342">Que devenir ?</l>
	<l id="343">Douleur eHroyable !</l>
	<l id="344">Quel destin épouvantable !</l>
	<l id="345">Quel malheur !</l>
<stage type="bis">bis.</stage>
	<l id="346">Que devenir ?</l>
	<l id="347">Ah ! Je le vois bien, je n'ai plus qu'à mourir.</l>
<stage type="noise">On entend midi sonner.</stage>
<p id="60">
	<s id="1">Infortune sur infortune. </s>
	<s id="2">Voilà midi.</s>
</p>
<stage type="watch">Il regarde par l'oeil—de-boeuf.</stage>
<p id="61">
	<s id="1">Ah ! </s>
	<s id="2">Le maudit Arlequin, il ne veut pas perdre une minute, il grimpe par dessus le mur... le voilà aux pieds de Blanche.</s>
</p>
<stage type="title">Air : Le jour de l'an de grand matin.</stage>
	<l id="348">Grands dieux ! il lui prend un baiser ,</l>
	<l id="349">Elle que |'ai vu rcf sur</l>
	<l id="350">De recevoir un seul des nôtrest</l>
	<l id="351">Ce baiser esr-il un larcin ?</l>
<p id="62">
	<s id="1">Hélas ! </s>
	<s id="2">Non , car...</s>
</p>
	<l id="352">Elle l'accepte d' Arlequin ,</l>
	<l id="353">Accompagné de plusieurs autres.</l>
<stage type="close">Il referme l'oeil—de—boeuf.</stage>
<p id="63">
	<s id="1">Je ne supporterai pas davantage ce déchirant spectacle... </s>
	<s id="2">Que faire ?... </s>
	<s id="3">Que devenir ?... </s>
	<s id="4">Oui, le plus court est de me tuer ; mais, de telle manière ? </s>
	<s id="5">Je voudrais bien, s'il était possible : que ce fût sans me faire de mal... </s>
	<s id="6">Un pistolet... </s>
	<s id="7">Fi donc, de vilaines balles qui vous la bourente impitoyablement la cervelle... </s>
	<s id="8">Un petit plongeon, depuis le Pont-neuf, la tête la première... </s>
	<s id="9">Oui, c'est cela.... </s>
	<s id="10">Mais diantre, je ne sais pas nager ; et si le repentir allait me prendre au beau milieu de la rivière, il n'en faudrait pas moins boire plus que de raison ; sans compter que l'eau doit être diablement froide par le temps qu'il fait... </s>
	<s id="11">Un homme.... </s>
	<s id="12">Et l'opium donc.</s>
</p>
<stage type="title">Air : La danse n'eslpas Ce que j'aime.</stage>
	<l id="354">L'opium aura la préférence,</l>
	<l id="355">Oui c'est un trépas gracieux;</l>
	<l id="356">Mille songes délicieux,</l>
	<l id="357">.A l'opium doivent leur naissance ,</l>
	<l id="358">C'est encore une jouissance ;</l>
	<l id="359">Un doux sommeil vient pas à pas.</l>
	<l id="360">Nous nous berçons entre ses bras ,</l>
	<l id="361" syll="4" part="i">On dort si bien</l>
<stage type="bis">bis.</stage>
	<l id="361" syll="6" part="f">qu'on ne s'éveille pas.</l>
<p id="64">
	<s id="1">À présent une feuille de papier, toute neuve, pour faire mon testament. </s>
</p>
<p id="65">
	<s id="1">Mais, je réfléchis... </s>
	<s id="2">Il n'y a pas jusqu'au dernier barbier, qui, avant de se couper la orge, avec son rasoir ébréché, ne croie devoir à l'Europe un détail circonstancié... </s>
	<s id="3">Gilles n'est pas fait pour être platement imitateur... </s>
	<s id="4">Les plus grands hommes ont fait leur épitaphe ; mais aucun n'en imaginé de faire d'avance son billet d'enterrement. </s>
	<s id="5">Il m'appartient de donner ce merveilleux exemple... </s>
	<s id="6">Vite, vite à la besogne.</s>
</p>
<stage type="title">Air : À moins que dans ce monastère.</stage>
	<l id="362">Oh ! vous que ma tragique histoire ,</l>
	<l id="363">Aura pénétrës de chagrin ,</l>
	<l id="364">Donnez des pleurs à ma mémoire ,</l>
	<l id="365">Car on doit m'enterrer demain. hi!</l>
	<l id="366">Parens-, amis, voisins que j'aime , ‘</l>
	<l id="367">Venez tous grossir mon convoi;</l>
	<l id="368">Il est sûr que le mort est moi,</l>
	<l id="369">Puisque je vous l'écris moi-même.</l>
<stage type="title">Air : Si Pauline est dans l'indigence.</stage>
	<l id="370">Accourez, par votre présence,</l>
	<l id="371">Décorer mon enterrement ;</l>
	<l id="372">ÿMa sincère reconnaissance,</l>
	<l id="373">Sera votre remerciement.</l>
	<l id="374">Puisque ma carrière est finie,</l>
	<l id="375">Daignez me faire cet honneur ;</l>
	<l id="376">Et je serai toute ma vie,</l>
	<l id="377">Gilles votre humble serviteur.</l>
<stage type="">À la fin du couplet on descend une boîte par la cheminée ; Gilles est effrayé.</stage>
<p id="66">
	<s id="1">Ah ! </s>
	<s id="2">Mon dieu ! </s>
	<s id="3">Qu'est-ce encore... </s>
	<s id="4">Au terme où j'en suis, et je n'ai plus rien à craindre ;</s>
</p>
<stage type="open">Il ouvre le boîte.</stage>
<p id="66">
	<s id="1">c'est un nouveau tour d'Arlequin : il a bien peur que je ne lui fasse banqueroute, un billet de cinquante écus qu'il m'envoie à signer.</s>
</p>
<stage type="">Pendant ce couplet il remet le billet dans la boîte qui remonte.</stage>
<stage type="">Air : Ce_fut par la faute du sort.</stage>
	<l id="378">Signons-le promptement...</l>
<stage type="sign">Il signe.</stage> 
	<l id="379">C‘en est fait,</l>
	<l id="380">Et ma conscience est tranquille.</l>
	<l id="381">Je crois que son pauvre billet,</l>
	<l id="382">Est un billet bien inutile ;</l>
	<l id="383">En vain je voudrais le payer,</l>
	<l id="384">Je n'ai rien...... Ce que je puis faire,</l>
	<l id="385">C'est de le nommer héritier,</l>
	<l id="386">Par bénéfice d'inventaire.</l>
<stage type="open">À peine la boîte est-elle remaniée, qu'on ouvre sa porte. </stage>
<p id="67">
	<s id="1">On ouvre ma porte. </s>
	<s id="2">Ah ! </s>
	<s id="3">Me voiià libre à présent. </s>
	<s id="4">Voyons si je persiste toujours dans le dessein de mourir.</s>
</p>
</sp>
</div2>
<div2 type="scene" n="2"><head>VAUDEVILLE.</head>
<sp who="GILLES"><speaker></speaker>
<stage type="title">Air : Fidel époux.</stage>
	<l id="387">Bien malheureux par la fortune,</l>
	<l id="388">Et plus malheureux par l‘amour ;</l>
	<l id="389">Chassant une crainte importune,</l>
	<l id="390">Je devrais renoncer au jour.</l>
	<l id="391">À l'instant d'en rompre la trame,</l>
	<l id="392">Je sens mon courage hésiter ;</l>
	<l id="393">La mort n'ébranle point mon âme ;</l>
	<l id="394">Mais je voudrais ressusciter.</l>
<stage type="toward">Au public.</stage>
	<l id="395">Ah ! Dites—moi ce qu'il faut faire ?</l>
	<l id="396">De vous dépend ma guérison ;</l>
	<l id="397">Dois-je aller chez l'apothicaire,</l>
	<l id="398">Dois—je rester à la maison ?</l>
	<l id="399">Par un mot de vous je succombe ;</l>
	<l id="400">Par un mot je puis subsister.</l>
	<l id="401">Si ce mot peut ouvrir ma tombe,</l>
	<l id="402">Ce mot peut me ressusciter.</l>
<stage type="title">Air : La Comédie est un miroir.</stage>
	<l id="403">Quitter ces lieux ; mais, dites—moi ?</l>
	<l id="404">Le puis—je sans ingratitude ?</l>
	<l id="405">Certain petit je ne sais quoi</l>
	<l id="406">Me fait chérir ma solitude ;</l>
	<l id="407">Je sens combien elle a d'appas,</l>
	<l id="408">Et j'y voudrais passer ma vie :</l>
	<l id="409">Croyez—moi, l'on ne s'ennuie pas</l>
	<l id="410">En aussi bonne compagnie. </l>
</sp>
</div2>
</div1>
</body>
</text>
</TEI>