<?xml version="1.0" encoding="utf-8"?>
<TEI xml:lang="fr">
<teiHeader>
		<fileDesc>
			<titleStmt>
				<title>MOLIÈRE EN BONNE FORTUNE, COMÉDIE EN UN ACTE ET EN VERS</title>
				<author type="texte" ISNI="000 0000 8086 1601">Émile BLÉMONT (1839-1927)</author>
			</titleStmt>
			<publicationStmt>	
				<editor>Texte établi par Paul FIEVRE, juillet 2017</editor>
				<publisher>Publié par Paul FIEVRE, août 2017.</publisher>
				<idno>BLEMONT_EMILE</idno>
			<rights>Creative Commons BY-NC-SA</rights>
			</publicationStmt>
			<SourceDesc>
				<genre>Prologue</genre>
				<inspiration>moeurs</inspiration><type>vers</type>
				<structure>Un acte</structure>
				<periode>1821-1830</periode>
				<taille>250-500</taille>
				<permalien>https://gallica.bnf.fr/ark:/12148/bpt6k9736782g?rk=1072966;4</permalien>
			</SourceDesc>
		</fileDesc>
</teiHeader>
<text>
	<front>
		<docTitle>
			<titlePart type="main">MOLIÈRE EN BONNE FORTUNE</titlePart>
			<titlePart type="sub">COMÉDIE EN UN ACTE EN VERS</titlePart>
			<titlePart type="sub">Publiée par la Revue de France pour l'inauguration du Monument de Molière à Pézenas.</titlePart>
		</docTitle> 
		<docDate value='1897'>M DCCC XCVIII</docDate>
		<docAuthor id='BLÉMOND, Émile' bio='blemond'>EN COLLABORATION AVEC LÉON VALADE.</docAuthor>
		<docImprint>
			<printer id='MASSON'>PARIS, ALPHONSE LEMERRE, EDITEUR, 23-31 PASSAGE CHOISEUL, 23-31.</printer>
			<printer id='stahl'>IMPRIMERIE DE STAHL.</printer>
		</docImprint>
		<performance>
			<premiere date='' location=''></premiere>
		</performance>
		<castList><head>PERSONNAGES ACTEURS qui ont créé les rôles.</head>
			<castItem><role id="MOLIÈRE" sex="1" type="H" statut='écrivain' age='A' stat_amour='néant'>MOLIÈRE</role>.</castItem>
			<castItem><role id="DASSOUCY" sex="1" type="H" statut='poète' age='A' stat_amour='néant'>DASSOUCY</role>.</castItem>
			<castItem><role id="PIERROTIN" sex="1" type="H" statut='aristocrate' age='A' stat_amour='néant'>PIERROTIN</role>.</castItem>
			<castItem><role id="LE BARON" sex="1" type="H" statut='baron' age='A' stat_amour='néant'>LE BARON</role>.</castItem>
			<castItem><role id="LE DOCTEUR" sex="1" type="H" statut='docteur' age='A' stat_amour='néant'>LE DOCTEUR</role>.</castItem>
			<castItem><role id="LA MARQUISE" sex="2" type="H" statut='marquise' age='A' stat_amour='néant'>LA MARQUISE</role>LA MARQUISE.</castItem>
			<castItem><role id="LA PRÉSIDENTE" sex="2" type="H" statut='président' age='A' stat_amour='néant'>LA PRÉSIDENTE</role>.</castItem>
			<castItem><role id="LANGOUMOIS" sex="1" type="H" statut="valet" age='A' stat_amour='néant'>LANGOUMOIS</role>, valet de la marquise.</castItem>
		</castList>
	<set location="Château de Lavagnac" country="France" periode="XVIIème" gps="43.509168, 3.474737">La scène est à Lavagnac, dans le parc, devant le château de la Marquise. Mai 1656.</set>
</front>
<body>
<div1 type="act" n="1"><head>MOLIÈRE EN BONNE FORTUNE</head>
<div2 type="scene" n="1"><head>SCÈNE PREMIÈRE. Dassoucy, Pierrotin.</head>
<stage type="narration">Dassoucy, poursuivant Pierrotin, descend du château dans le parc ; il court, embarrasse par son luth qu'il tient de la main gauche.</stage>
<sp who="DASSOUCY"><speaker>DASSOUCY.</speaker>
<note type="C">Coypeau d’Assoucy, Charles dit Dassoucy, (1605-1677) : poète burlesque et ami de Molière, de Scarron, de Cyrano de Bergerac.</note>
	<l id="1">Le vaurien, le pendard ! Vous me paierez ceci,</l>
	<l id="2" syll="6" part="i">Brigand de Pierrotin.</l>
</sp>
<sp who="PIERROTIN"><speaker>PIERROTIN.</speaker>
	<l id="2" syll="6" part="f">Mais, monsieur Dassoucy,</l>
	<l id="3">Je l'ai fait sans mauvais dessein, je vous l'atteste.</l>
</sp>
<sp who="DASSOUCY"><speaker>DASSOUCY.</speaker>
	<l id="4" syll="6" part="i">Le beau « venez-y voir ! »</l>
</sp>
<sp who="PIERROTIN"><speaker>PIERROTIN.</speaker>
	<l id="4" syll="2" part="m">D'ailleurs...</l>
</sp>
<sp who="DASSOUCY"><speaker>DASSOUCY.</speaker>
	<l id="4" syll="4" part="f">Petite peste !</l>
</sp>
<sp who="PIERROTIN"><speaker>PIERROTIN.</speaker>
	<l id="5">Pourquoi perdre après moi votre temps et vos pas ?</l>
	<l id="6">Je suis plus prompt que vous et vous ne m'aurez pas.</l>
</sp>
<sp who="DASSOUCY"><speaker>DASSOUCY.</speaker>
	<l id="7" syll="8" part="i">Je vous attraperai, monstre !</l>
</sp>
<sp who="PIERROTIN"><speaker>PIERROTIN.</speaker>
	<l id="7" syll="4" part="f">Mon digne maître,</l>
	<l id="8" syll="11" part="i">Vous allez, j'en ai peur, vous casser le nez.</l>
</sp>
<sp stage="fall/drop" who="DASSOUCY"><speaker>DASSOUCY, tombant et laissant rouler son luth.</speaker>
	<l id="8" syll="1" part="f">Traître !</l>
	<l id="9" syll="6" part="i">Il me fera mourir.</l>
</sp>
<sp who="PIERROTIN"><speaker>PIERROTIN.</speaker>
	<l id="9" syll="6" part="f">Je vous l'avais bien dit;</l>
	<l id="10" syll="4" part="i">C'était fatal.</l>
</sp>
<sp who="DASSOUCY"><speaker>DASSOUCY.</speaker>
	<l id="10" syll="8" part="f">Au moins, relève-moi, bandit !</l>
</sp>
<sp stage="help/stand" who="PIERROTIN"><speaker>PIERROTIN, l'aidant à se relever.</speaker>
	<l id="11" syll="6" part="i">Souffrez-vous quelque part ?</l>
</sp>
<sp stage="pull" who="DASSOUCY"><speaker>DASSOUCY, saisissant Pierrotin.</speaker>
	<l id="11" syll="6" part="f">Je me porte à merveille ;</l>
	<l id="12">Et je crois cette fois vous tenir par l'oreille,</l>
	<l id="13" syll="6" part="i">Monsieur le galopin.</l>
</sp>
<sp who="PIERROTIN"><speaker>PIERROTIN.</speaker>
	<l id="13" syll="6" part="f">Aïe ! À l'aide ! Au secours!</l>
</sp>
<sp who="DASSOUCY"><speaker>DASSOUCY.</speaker>
	<l id="14" syll="4" part="i">Vous tairez-vous ?</l>
</sp>
<sp who="PIERROTIN"><speaker>PIERROTIN.</speaker>
	<l id="14" syll="8" part="f">Au meurtre ! On attente à mes jours.</l>
<stage id="entrance">Aux cris de Pierrotin, sortent du château la Marquise, la Présidente, le Baron, le Docteur et Langoumois.</stage>
</sp>
</div2>
<div2 type="scene" n="2"><head>SCÈNE II. Les mêmes, La Marquise, La Présidente Le Baron, Le Docteur, Langoumois, puis Molière.</head>
<sp stage="toward" who="LA MARQUISE"><speaker>LA MARQUISE, à Dassoucy.</speaker>
	<l id="15" syll="4" part="i">Pardonnez-lui.</l>
</sp>
<sp who="DASSOUCY"><speaker>DASSOUCY.</speaker>
	<l id="15" syll="8" part="f">Non pas ! Tant pis pour lui s'il bouge,</l>
	<l id="16" syll="6" part="i">Madame la Marquise !</l>
</sp>
<sp stage="push" who="PIERROTIN"><speaker>PIERROTIN, se débattant.</speaker>
	<l id="16" syll="2" part="m">À moi !</l>
</sp>
<sp who="LA PRÉSIDENTE"><speaker>LA PRÉSIDENTE.</speaker>
	<l id="16" syll="4" part="f">Comme il est rouge !</l>
</sp>
<sp who="PIERROTIN"><speaker>PIERROTIN.</speaker>
	<l id="17" syll="7" part="i">Monsieur, vos procédés sont...</l>
</sp>
<sp who="DASSOUCY"><speaker>DASSOUCY.</speaker>
	<l id="17" syll="1" part="m">Quoi ?</l>
</sp>
<sp who="PIERROTIN"><speaker>PIERROTIN.</speaker>
	<l id="17" syll="4" part="f">... Décourageants !</l>
	<l id="18">On ne me prendra plus à relever les gens.</l>
</sp>
<sp stage="toward" who="LE DOCTEUR"><speaker>LE DOCTEUR, à Dassoucy.</speaker>
	<l id="19">Voyons ! Il est à tout péché miséricorde.</l>
</sp>
<sp who="DASSOUCY"><speaker>DASSOUCY.</speaker>
	<l id="20">Non, non ! mon cher docteur, il mérite la corde.</l>
</sp>
<sp stage="toward" who="LE BARON"><speaker>LE BARON, à Dassoucy.</speaker>
	<l id="21" syll="6" part="i">Quel crime a-t-il commis ?</l>
</sp>
<sp who="DASSOUCY"><speaker>DASSOUCY.</speaker>
	<l id="21" syll="6" part="f">Le damné moucheron !</l>
	<l id="22">Ah ! vous me demandez ce qu'il a fait, baron !</l>
	<l id="23">Nous étions tous les deux sans gîte et sans ressource,</l>
	<l id="24">Sans un sou, sans un liard vaillant dans notre bourse,</l>
	<l id="25">Le jeu très proprement nous ayant nettoyés ;</l>
	<l id="26">Molière alors nous a nourris, logés, choyés,</l>
	<l id="27">Et nous a, par amour de la bonne musique,</l>
	<l id="28">Relevé le moral, remonté le physique,</l>
	<l id="29">Sans rien vouloir, après un accueil si touchant,</l>
	<l id="30">Du maître que son luth, du page que son chant.</l>
	<l id="31">Depuis six mois, avec Thalie et Melpomène,</l>
	<l id="32">Dans ce beau Languedoc qu'il charme, il nous promène.</l>
	<l id="33">Pour notre dernier jour, en vrais enfants gâtés,</l>
	<l id="34">Par la Marquise, ici, nous sommes invités</l>
	<l id="35">De façon très flatteuse ; à sa table, nous sommes</l>
	<l id="36">Bellement festoyés, servis en gentilshommes ;</l>
	<l id="37">Et quand, tant de bons plats avalés, au dessert</l>
	<l id="38">On daigne nous prier de donner le concert,</l>
	<l id="39">Ce noir petit démon n'ouvre sa sotte bouche</l>
	<l id="40">Que pour chanter un air qui cloche, grince, louche,</l>
	<l id="41">Comme si, dans sa gorge ou son nez, le goujat</l>
	<l id="42">Recélait un canard poursuivi par un chat.</l>
	<l id="43">Laissez, laissez-le-moi châtier d'importance !</l>
</sp>
<sp who="PIERROTIN"><speaker>PIERROTIN.</speaker>
	<l id="44" syll="6" part="i">L'ai-je donc fait exprès ?</l>
</sp>
<sp who="DASSOUCY"><speaker>DASSOUCY.</speaker>
	<l id="44" syll="6" part="f">Oui, gibier de potence !</l>
</sp>
<sp who="LA PRÉSIDENTE"><speaker>LA PRÉSIDENTE.</speaker>
	<l id="45" syll="6" part="i">Il a l'air si gentil !</l>
</sp>
<sp who="DASSOUCY"><speaker>DASSOUCY.</speaker>
	<l id="45" syll="6" part="f">Il voulait me narguer,</l>
	<l id="46">Parce qu'hier au soir j'ai dû lui confisquer</l>
	<l id="47">Un flacon de muscat qu'il sifflait, le beau merle.</l>
	<l id="48" syll="6" part="i">Il était gris, mais gris !...</l>
</sp>
<sp who="PIERROTIN"><speaker>PIERROTIN.</speaker>
	<l id="48" syll="6" part="f">Tout au plus gris de perle.</l>
</sp>
<sp who="DASSOUCY"><speaker>DASSOUCY.</speaker>
	<l id="49">Monsieur n'a pas vingt ans et boit comme un soudard.</l>
</sp>
<sp who="PIERROTIN"><speaker>PIERROTIN.</speaker>
	<l id="50">Vieux, je regretterais d'avoir commencé tard.</l>
</sp>
<sp who="DASSOUCY"><speaker>DASSOUCY.</speaker>
	<l id="51">L'autre jour, je l'enferme un peu, pour qu'il travaille.</l>
	<l id="52">Que vois-je en revenant? Au moyen d'une paille,</l>
	<l id="53">Il humait, par le trou de la serrure, un pot</l>
	<l id="54">Qu'au dehors lui tenait un valet de tripot.</l>
<stage type="narration">Sur ces derniers vers, Molière est sorti du château ; et du haut du perron, il écoute la suite de la scène, sans être vu des personnages qu'il domine.</stage>
</sp>
<sp who="PIERROTIN"><speaker>PIERROTIN.</speaker>
	<l id="55">J'avais soif, voilà tout. D'ailleurs, suis-je un esclave</l>
	<l id="56">Pour qu'ainsi l'on m'enferme ? Allez, faites le brave !</l>
	<l id="57">J'en pourrais raconter de belles, moi, sur vous.</l>
</sp>
<sp who="DASSOUCY"><speaker>DASSOUCY.</speaker>
	<l id="58">Est-ce qu'on croit jamais ce que disent les fous ?</l>
</sp>
<sp who="PIERROTIN"><speaker>PIERROTIN.</speaker>
	<l id="59">Qui donc, l'autre matin, se plaignant à son page</l>
	<l id="60">De l'étiquette absurde et du vain équipage</l>
	<l id="61">Des valets en livrée et des maîtres d'hôtel,</l>
	<l id="62">Affirmait qu'un dîner chez les grands est mortel ;</l>
	<l id="63">Qu'à leur table on ne peut s'asseoir que d'une jambe ;</l>
	<l id="64">Que les marauds narquois dont le galon d'or flambe,</l>
	<l id="65">Sous prétexte de vous débarrasser des os,</l>
	<l id="66">Ne vous laissent jamais finir les bons morceaux,</l>
	<l id="67">Et n'offrent guère à boire, entre temps, qu'aux convives</l>
	<l id="68">Dont les verres sont pleins ou les lèvres craintives ?</l>
</sp>
<sp who="DASSOUCY"><speaker>DASSOUCY.</speaker>
	<l id="69" syll="3" part="i">Je proteste...</l>
</sp>
<sp who="PIERROTIN"><speaker>PIERROTIN.</speaker>
	<l id="69" syll="9" part="f">Oh ! Ce n'est pas vous, assurément.</l>
</sp>
<sp who="DASSOUCY"><speaker>DASSOUCY.</speaker>
	<l id="70" syll="6" part="i">Vous dénaturez tout.</l>
</sp>
<sp who="PIERROTIN"><speaker>PIERROTIN.</speaker>
	<l id="70" syll="6" part="f">Qui donc, quel fin gourmand,</l>
	<l id="71">Déplorait qu'on ne pût commander des grillades,</l>
	<l id="72">Redemander les plats qu'on suit de ses oeillades,</l>
	<l id="73">S'accouder en causant, porter une santé,</l>
	<l id="74">Faire rubis sur l'ongle et rire en liberté ?</l>
</sp>
<sp stage="toward" who="DASSOUCY"><speaker>DASSOUCY, à la Marquise.</speaker>
	<l id="75">Il invente à plaisir ; je ne suis point capable</l>
	<l id="76" syll="6" part="i">De tenir ce langage.</l>
</sp>
<sp who="PIERROTIN"><speaker>PIERROTIN.</speaker>
	<l id="76" syll="3" part="m">On le sait !</l>
</sp>
<sp stage="closer" who="MOLIÈRE"><speaker>MOLIÈRE, s'approchant.</speaker>
	<l id="76" syll="6" part="f">Le coupable,</l>
	<l id="77" syll="3" part="i">C'est donc moi !</l>
</sp>
<sp who="DASSOUCY"><speaker>DASSOUCY.</speaker>
	<l id="77" syll="3" part="m">Vous, Molière ?</l>
</sp>
<sp who="MOLIÈRE"><speaker>MOLIÈRE.</speaker>
	<l id="77" syll="6" part="f">Oui, ces mots ronds et francs</l>
	<l id="78">Me plaisent. Ils n'ont pas de père, je les prends.</l>
	<l id="79">Et pour faire la paix, que votre virtuose,</l>
	<l id="80">Dassoucy, veuille bien nous chanter quelque chose !</l>
</sp>
<sp who="PIERROTIN"><speaker>PIERROTIN.</speaker>
	<l id="81" syll="6" part="i">J'ai le gosier fort sec.</l>
</sp>
<sp who="MOLIÈRE"><speaker>MOLIÈRE.</speaker>
	<l id="81" syll="6" part="f">Le tour est délicat !</l>
</sp>
<sp who="LA MARQUISE"><speaker>LA MARQUISE.</speaker>
	<l id="82">Langoumois, débouchez notre meilleur muscat</l>
	<l id="83">Pour ces deux ennemis, que le Docteur, à table,</l>
	<l id="84">Va réconcilier de façon charitable.</l>
	<l id="85">Ensuite, ils nous diront leurs airs les plus vantés.</l>
<stage type="wave">Le Docteur s'incline.</stage>
</sp>
<sp who="DASSOUCY"><speaker>DASSOUCY.</speaker>
	<l id="86" syll="6" part="i">J'accepte de grand coeur.</l>
</sp>
<sp who="LE BARON"><speaker>LE BARON.</speaker>
	<l id="86" syll="3" part="m">À table !</l>
</sp>
<sp stage="toward" who="LA PRÉSIDENTE"><speaker>LA PRÉSIDENTE, au Baron.</speaker>
	<l id="86" syll="3" part="f">Non, restez !</l>
	<l id="87" syll="8" part="i">Vous m'accompagnerez au parc.</l>
<stage type="exit">Dassoucy, Pierrotin, le Docteur et Langoumois rentrent au château.</stage>
</sp>
</div2>
<div2 type="scene" n="3"><head>SCÈNE III. La Marquise, La Présidente, Molière, Le Baron.</head>
<sp stage="toward/closer" who="MOLIÈRE"><speaker>MOLIÈRE, au Baron, tandis que la Présidente prend la Marquise à part.</speaker> 
	<l id="87" syll="4" part="f">La Présidente</l>
	<l id="88" syll="4" part="i">Vous tyrannise.</l>
</sp>
<sp who="LE BARON"><speaker>LE BARON.</speaker>
	<l id="88" syll="2" part="m">Hélas !</l>
</sp>
<sp who="MOLIÈRE"><speaker>MOLIÈRE.</speaker>
	<l id="88" syll="6" part="f">Elle paraît ardente.</l>
</sp>
<sp who="LE BARON"><speaker>LE BARON.</speaker>
	<l id="89" syll="2" part="i">Hélas !</l>
</sp>
<sp who="MOLIÈRE"><speaker>MOLIÈRE.</speaker>
	<l id="89" syll="10" part="f">Et vous semblez, en revanche, un glaçon.</l>
</sp>
<sp who="LE BARON"><speaker>LE BARON.</speaker>
	<l id="90" syll="6" part="i">Moi ? Je brûle d'amour !</l>
</sp>
<sp who="MOLIÈRE"><speaker>MOLIÈRE.</speaker>
	<l id="90" syll="6" part="f">À donner le frisson !</l>
</sp>
<sp who="LE BARON"><speaker>LE BARON.</speaker>
	<l id="91" syll="6" part="i">Je l'aime éperdument.</l>
</sp>
<sp stage="show" who="MOLIÈRE"><speaker>MOLIÈRE, désignant la Présidente.</speaker>
	<l id="91" syll="2" part="m">Elle ?</l>
</sp>
<sp who="LE BARON"><speaker>LE BARON.</speaker>
	<l id="91" syll="4" part="f">Non, la Marquise.</l>
	<l id="92">Oh ! vous le savez bien. Est-ce qu'on vous déguise</l>
	<l id="93">Pareille chose, à vous ? Toujours je me promets</l>
	<l id="94">De lui tout avouer ; et je ne puis jamais</l>
	<l id="95">Lui dire un mot. Mais vous, qui lisez dans mon âme,</l>
	<l id="96">Ne pourriez-vous pour moi lui parler de ma flamme ?</l>
</sp>
<sp stage="back/show" who="MOLIÈRE"><speaker>MOLIÈRE, voyant revenir la Marquise et la Présidente.</speaker>
	<l id="97" syll="1" part="i">Chut !</l>
</sp>
<sp stage="low/toward/show" who="LA PRÉSIDENTE"><speaker>LA PRÉSIDENTE, bas, à la Marquise, en lui montrant le Baron.</speaker>
	<l id="97" syll="4" part="m">Il m'adore.</l>
</sp>
<sp who="LA MARQUISE"><speaker>LA MARQUISE.</speaker>
	<l id="97" syll="1" part="m">Lui !</l>
</sp>
<sp who="LA PRÉSIDENTE"><speaker>LA PRÉSIDENTE.</speaker>
	<l id="97" syll="6" part="f">Qui pourrait en douter ?</l>
	<l id="98">Il me cherche en faisant semblant de m'éviter,</l>
	<l id="99">Me répond de travers, trébuche sur ma robe,</l>
	<l id="100">Et, quand je crois enfin le tenir, se dérobe.</l>
</sp>
<sp who="LA MARQUISE"><speaker>LA MARQUISE.</speaker>
	<l id="101" syll="6" part="i">C'est très particulier.</l>
</sp>
<sp who="LA PRÉSIDENTE"><speaker>LA PRÉSIDENTE.</speaker>
	<l id="101" syll="6" part="f">Mais non ! Je n'y vois rien</l>
	<l id="102" syll="10" part="i">Que de tout naturel et de tout simple.</l>
</sp>
<sp who="LA MARQUISE"><speaker>LA MARQUISE.</speaker>
	<l id="102" syll="2" part="f">Bien !</l>
</sp>
<sp who="LA PRÉSIDENTE"><speaker>LA PRÉSIDENTE.</speaker>
	<l id="103">C'est dit. Laissez-nous seuls. Il faut qu'il se décide,</l>
	<l id="104">Cette fois, à m'ouvrir son pauvre coeur timide.</l>
<stage type="away/together">Elle s'éloigne avec le Baron.</stage>
</sp>
</div2>
<div2 type="scene" n="4"><head>SCÈNE IV. Molière, La Marquise.</head>
<sp who="MOLIÈRE"><speaker>MOLIÈRE.</speaker>
	<l id="105">Vous n'avez pas pitié de cet amant transi ?</l>
	<l id="106">La Présidente va l'attaquer sans merci.</l>
</sp>
<sp who="LA MARQUISE"><speaker>LA MARQUISE.</speaker>
	<l id="107">Tant pis ! Qu'il se débrouille ! Ainsi, monsieur Molière,</l>
	<l id="108" syll="3" part="i">Vous partez ?</l>
</sp>
<sp who="MOLIÈRE"><speaker>MOLIÈRE.</speaker>
	<l id="108" syll="3" part="m">Il le faut.</l>
</sp>
<sp who="LA MARQUISE"><speaker>LA MARQUISE.</speaker>
	<l id="108" syll="6" part="f">De quelle singulière</l>
	<l id="109">Et plaisante façon nous nous sommes connus !</l>
	<l id="110" syll="6" part="i">Puis, que de gais instants !</l>
</sp>
<sp who="MOLIÈRE"><speaker>MOLIÈRE.</speaker>
	<l id="110" syll="6" part="f">Que sont-ils devenus ?</l>
</sp>
<sp who="LA MARQUISE"><speaker>LA MARQUISE.</speaker>
	<l id="111">C'est votre admirateur, le Baron en personne,</l>
	<l id="112">Qui vous introduisit dans nos murs ; je soupçonne</l>
	<l id="113" syll="10" part="i">L'histoire qu'il me fit d'être un conte.</l>
</sp>
<sp who="MOLIÈRE"><speaker>MOLIÈRE.</speaker>
	<l id="113" syll="2" part="f">Non pas !</l>
</sp>
<sp who="LA MARQUISE"><speaker>LA MARQUISE.</speaker>
	<l id="114" syll="3" part="i">C'était vrai ?</l>
</sp>
<sp who="MOLIÈRE"><speaker>MOLIÈRE.</speaker>
	<l id="114" syll="9" part="f">Je me vois encore en plan là-bas.</l>
</sp>
<sp who="LA MARQUISE"><speaker>LA MARQUISE.</speaker>
<note type="C">Thespis : Auteur grec, réputé inventeur de la tragédie.</note>
	<l id="115">Quoi ! Le char de Thespis avait cet attelage ?</l>
</sp>
<sp who="MOLIÈRE"><speaker>MOLIÈRE.</speaker>
	<l id="116">Oui, ce méchant petit voiturier de village</l>
	<l id="117">Avait à notre char attelé trois chevaux,</l>
	<l id="118">Dont un borgne, avec deux aveugles. Et par vaux</l>
	<l id="119">Et par monts, celui-là guidant ceux-ci, ma troupe</l>
	<l id="120">Roulait cahin-caha, formant un morne groupe.</l>
	<l id="121">Tout à coup, l'on s'arrête, on regarde, on descend.</l>
	<l id="122">Le cheval borgne était frappé d'un coup de sang,</l>
	<l id="123">Ce qui paralysait le seul oeil des trois bêtes.</l>
	<l id="124">Consternation. Rien pour abriter nos têtes.</l>
	<l id="125">La nuit allait venir ; et nous aurions couché</l>
	<l id="126">Dans une ornière ou dans un fossé desséché,</l>
	<l id="127">Si ce cher baron, qui, par amour pour Thalie,</l>
	<l id="128">De nous accompagner avait fait la folie,</l>
	<l id="129">Ne nous avait conduits chez vous, à travers champs.</l>
</sp>
<sp who="LA MARQUISE"><speaker>LA MARQUISE.</speaker>
	<l id="130">Et sans retour, peut-être, après si peu de temps,</l>
	<l id="131">Vous quittez aujourd'hui notre pauvre contrée !</l>
</sp>
<sp who="MOLIÈRE"><speaker>MOLIÈRE.</speaker>
	<l id="132">Cinq grands mois ont déjà suivi cette soirée.</l>
</sp>
<sp who="LA MARQUISE"><speaker>LA MARQUISE.</speaker>
	<l id="133">Vous nous oublierez vite en de nouveaux séjours.</l>
</sp>
<sp who="MOLIÈRE"><speaker>MOLIÈRE.</speaker>
	<l id="134">Vous savez bien qu'à vous je penserai toujours !</l>
</sp>
<sp who="LA MARQUISE"><speaker>LA MARQUISE.</speaker>
	<l id="135" syll="8" part="i">L'ironique mensonge, hélas !</l>
</sp>
<sp who="MOLIÈRE"><speaker>MOLIÈRE.</speaker>
	<l id="135" syll="4" part="f">Non, sur mon âme !</l>
</sp>
<sp who="LA MARQUISE"><speaker>LA MARQUISE.</speaker>
	<l id="136">Vous voilà pénétré d'une si belle flamme,</l>
	<l id="137">Que vous parlez avec les intonations</l>
	<l id="138">Des soupirants qui font des déclarations.</l>
</sp>
<sp who="MOLIÈRE"><speaker>MOLIÈRE.</speaker>
	<l id="139">Oh ! L'on n'en fait jamais que dans les tragédies.</l>
</sp>
<sp who="LA MARQUISE"><speaker>LA MARQUISE.</speaker>
	<l id="140">Les coeurs faibles sont pris par les âmes hardies ;</l>
	<l id="141">On se plaît à savoir qu'on inspire l'amour.</l>
</sp>
<sp who="MOLIÈRE"><speaker>MOLIÈRE.</speaker>
	<l id="142">Quelle femme pourrait s'y méprendre un seul jour ?</l>
</sp>
<sp who="LA MARQUISE"><speaker>LA MARQUISE.</speaker>
	<l id="143">Et les hommes, ont-ils cette finesse extrême ?</l>
</sp>
<sp who="MOLIÈRE"><speaker>MOLIÈRE.</speaker>
	<l id="144">Les uns pensent toujours et partout qu'on les aime ;</l>
	<l id="145">Et les autres, toujours par leurs craintes trahis,</l>
	<l id="146">Pensent être partout dédaignés ou haïs.</l>
</sp>
<sp who="LA MARQUISE"><speaker>LA MARQUISE.</speaker>
	<l id="147">Et quand ceux-ci, prudents en dépit de Minerve,</l>
	<l id="148">N'osent se départir de leur humble réserve,</l>
	<l id="149" syll="6" part="i">Que faire en face d'eux ?</l>
</sp>
<sp who="MOLIÈRE"><speaker>MOLIÈRE.</speaker>
	<l id="149" syll="6" part="f">On leur tend simplement</l>
	<l id="150" syll="10" part="i">La main, quand il le faut, comme il le faut.</l>
</sp>
<sp stage="hugh" who="LA MARQUISE"><speaker>LA MARQUISE, lui tendant la main.</speaker>
	<l id="150" syll="2" part="f">Comment ?</l>
	<l id="151" syll="6" part="i">Est-ce comme cela ?</l>
</sp>
<sp stage="kiss" who="MOLIÈRE"><speaker>MOLIÈRE, couvrant de baisers la main de la Marquise.</speaker>
	<l id="151" syll="6" part="f">Quel rêve, quel délire !</l>
	<l id="152">J'avais peur, je n'osais rien espérer, rien dire,</l>
	<l id="153">Et ne vous parlant pas, je sentais chaque jour</l>
	<l id="154">Mon pauvre coeur muet plus dévoré d'amour.</l>
	<l id="155">Ne saviez-vous pas tout? Car, dès l'heure première,</l>
	<l id="156">Vous fûtes mon recours, ma joie et ma lumière !</l>
</sp>
<sp who="LA MARQUISE"><speaker>LA MARQUISE.</speaker>
	<l id="157">J'ai l'esprit si novice ! Au sortir du couvent,</l>
	<l id="158">Mon grand-père me dit tout net : « Ma belle enfant, \</l>
	<l id="159">Vous allez épouser le marquis ; c'est un homme *</l>
	<l id="160">Que j'estime, que j'aime, et qui doit faire, en somme, ^</l>
	<l id="161">Votre parfait bonheur. » J'épousai le marquis.</l>
	<l id="162">Contrat, messe, festin, bal, souper, vins exquis, 1</l>
	<l id="163">Chère abondante. On mange, on boitpendant des heures.</l>
	<l id="164">Puis, tandis que les gens regagnent leurs demeures,</l>
	<l id="165">Mes femmes me faisant escorte, je me rends</l>
	<l id="166">Dans nos chambres. Grand bruit. On accourt ; et j'apprends</l>
	<l id="167" syll="6" part="i">Que le Marquis n'est plus.</l>
</sp>
<sp who="MOLIÈRE"><speaker>MOLIÈRE.</speaker>
	<l id="167" syll="6" part="f">Quoi ! Mort ? Qu'un mari meure,</l>
	<l id="168">Cela se comprend ; mais, qu'il meure à pareille heure,</l>
	<l id="169">Cela se comprend moins. Terrible émotion,</l>
	<l id="170" syll="2" part="i">Madame !</l>
</sp>
<sp who="LA MARQUISE"><speaker>LA MARQUISE.</speaker>
	<l id="170" syll="6" part="f">Il était mort d'une indigestion</l>
	<l id="171" syll="3" part="i">Foudroyante.</l>
</sp>
<sp who="MOLIÈRE"><speaker>MOLIÈRE.</speaker>
	<l id="171" syll="9" part="f">Il n'avait que ce moyen, peut-être,</l>
	<l id="172">De donner le bonheur promis par votre ancêtre.</l>
</sp>
<sp who="LA MARQUISE"><speaker>LA MARQUISE.</speaker>
	<l id="173">Je jurai de rester veuve éternellement.</l>
	<l id="174">Et d'abord, rien de mieux ; mais comme, en un moment,</l>
	<l id="175" syll="3" part="i">Tout change !</l>
</sp>
<sp who="MOLIÈRE"><speaker>MOLIÈRE.</speaker>
	<l id="175" syll="9" part="f">Sommes-nous en plein conte de fées !</l>
	<l id="176">Une ivresse au cerveau me monte par bouffées.</l>
	<l id="177" syll="11" part="i">M'épouser !... Est-ce vrai?... Vous dérogeriez !</l>
</sp>
<sp who="LA MARQUISE"><speaker>LA MARQUISE.</speaker>
	<l id="177" syll="1" part="f">Non !</l>
	<l id="178">Je puis vous anoblir sous mon titre et mon nom.</l>
</sp>
<sp stage="aparte/happy" who="MOLIÈRE"><speaker>MOLIÈRE, à part, plaisamment.</speaker>
	<l id="179" syll="3" part="i">Marquis, moi !</l>
</sp>
<sp who="LA MARQUISE"><speaker>LA MARQUISE.</speaker>
	<l id="179" syll="6" part="f">C'est avec un sot que l'on déroge.</l>
	<l id="180">Avais-je donc besoin d'entendre votre éloge</l>
	<l id="181">Fait à tout bout de champ par le baron, pour voir</l>
	<l id="182">Que vous valez autant qu'un homme peut valoir ?</l>
	<l id="183">Vous n'allez plus, d'ailleurs, jouer la comédie.</l>
</sp>
<sp who="MOLIÈRE"><speaker>MOLIÈRE.</speaker>
	<l id="184" syll="1" part="i">Ah !</l>
</sp>
<sp who="LA MARQUISE"><speaker>LA MARQUISE.</speaker>
	<l id="184" syll="11" part="f">Sur la scène, est-il besoin qu'on vous le die,</l>
	<l id="185" syll="10" part="i">Vous ne paraîtrez plus en personne.</l>
</sp>
<sp who="MOLIÈRE"><speaker>MOLIÈRE.</speaker>
	<l id="185" syll="2" part="f">Pourtant...</l>
</sp>
<sp who="LA MARQUISE"><speaker>LA MARQUISE.</speaker>
	<l id="186">Vous vivrez sans tracas, libre, calme, content,</l>
	<l id="187" syll="6" part="i">Travaillant à loisir...</l>
</sp>
<sp stage="smile" who="MOLIÈRE"><speaker>MOLIÈRE, avec un sourire.</speaker>
	<l id="187" syll="6" part="f">Si cela vous amuse !</l>
</sp>
<sp who="LA MARQUISE"><speaker>LA MARQUISE.</speaker>
	<l id="188">Je prétends, tout de bon, devenir votre muse ;</l>
	<l id="189">Vous verrez. Mais quelle ombre obscurcit votre front ?</l>
</sp>
<sp who="MOLIÈRE"><speaker>MOLIÈRE.</speaker>
	<l id="190">Mes vieux amis, je songe à ce qu'ils deviendront.</l>
</sp>
<sp who="LA MARQUISE"><speaker>LA MARQUISE.</speaker>
	<l id="191">Vos vieux amis ! Je vois. C'est quelque fille d'Ève...</l>
</sp>
<sp stage="touch" who="MOLIÈRE"><speaker>MOLIÈRE, lui prenant la main.</speaker>
	<l id="192">Non ! le passé me semble, auprès de vous, un rêve ;</l>
	<l id="193">Et, le coeur éperdu, j'oublie à vos genoux</l>
	<l id="194">L'univers tout entier. Aimons-nous, aimons-nous,</l>
	<l id="195" syll="9" part="i">Comme les dieux et les déesses !</l>
</sp>
<sp who="LA MARQUISE"><speaker>LA MARQUISE.</speaker>
	<l id="195" syll="3" part="f">Pas encore !</l>
<stage type="entrance/watch/away">Voyant Dassoucy, le Docteur et Pierrothi apparaître sur le seuil du château, elle dégage vivement sa main que Molière veut reprendre.</stage>
	<l id="196" syll="8" part="i">On vient. J'ai la rougeur au front.</l>
</sp>
<sp who="MOLIÈRE"><speaker>MOLIÈRE.</speaker>
	<l id="196" syll="4" part="f">Comme l'Aurore !</l>
</sp>
<sp who="LA MARQUISE"><speaker>LA MARQUISE.</speaker>
	<l id="197" syll="8" part="i">Chut ! Ici, ce n'est point l'Olympe.</l>
<stage type="escape">Elle s'enfuit.</stage>
</sp>
</div2>
<div2 type="scene" n="5"><head>SCÈNE V.</head>
<sp stage="alone" who="MOLIÈRE"><speaker>MOLIÈRE, seul.</speaker>
	<l id="197" syll="4" part="f">Esprit, beauté,</l>
	<l id="198">La marquise est divine... avec humanité !</l>
	<l id="199">C'est un petit coeur d'or, sans ombre d'alliage,</l>
	<l id="200">Et qui me veut grand bien. Oui, mais le mariage !...</l>
<stage type="narration">Tandis que Molière reste pensif, Dassoucy, Pierrotin et le Docteur sortent bruyamment du château ; Pierrotin porte un flacon et un gobelet, boit à petits coups, fait claquer sa langue et se caresse l'estomac avec béatitude.</stage>
</sp>
</div2>
<div2 type="scene" n="5"><head>SCÈNE VI. Molière, Dassoucy, Pierrotin, La Docteur.</head>
<sp stage="sing" who="PIERROTIN"><speaker>PIERROTIN, chantant.</speaker>
<note type="C">Ce distique est attribué à Dassoucy.</note>
<poem type="chanson">
<lg n="1">
	<l id="201">Que Saint-Amand a de raison</l>
	<l id="202">D'aimer le jus de la vendange !...</l>
</lg>
</poem>
</sp>
<sp who="LE DOCTEUR"><speaker>LE DOCTEUR.</speaker>
	<l id="203" syll="6" part="i">Que faites-vous, Monsieur !</l>
</sp>
<sp who="PIERROTIN"><speaker>PIERROTIN.</speaker>
	<l id="203" syll="6" part="f">J'admire votre nez ;</l>
	<l id="204">Ses joyeux ailerons, tout enchérubinés,</l>
	<l id="205">Semblent vibrer au son d'éclatantes fanfares</l>
	<l id="206">Et brillent, tels qu'au bout d'un cap puissant deux phares.</l>
</sp>
<sp stage="toward" who="DASSOUCY"><speaker>DASSOUCY, au Docteur.</speaker>
	<l id="207">Vous roulez là-dessous comme une barque en mer.</l>
</sp>
<sp who="LE DOCTEUR"><speaker>LE DOCTEUR.</speaker>
	<l id="208">Vous faites des zigzags comme un crabe, mon cher.</l>
</sp>
<sp who="DASSOUCY"><speaker>DASSOUCY.</speaker>
	<l id="209">Ne jurerait-on pas, Molière, qu'il navigue ?</l>
	<l id="210">Croiriez-vous que, depuis une heure, il me prodigue</l>
	<l id="211">Des traits non moins légers qu'un troupeau d'éléphants,</l>
	<l id="212" syll="3" part="i">Parce que...</l>
</sp>
<sp who="LE DOCTEUR"><speaker>LE DOCTEUR.</speaker>
	<l id="212" syll="3" part="m">L'insensé !</l>
</sp>
<sp who="DASSOUCY"><speaker>DASSOUCY.</speaker>
	<l id="212" syll="6" part="f">... Parce que je défends</l>
	<l id="213">Le burlesque, ce genre admirable, sublime,</l>
	<l id="214">Où, mariant gaîment le délire à la rime,</l>
	<l id="215">J'ai créé tant de vers qu'on aime à la fureur.</l>
	<l id="216" syll="6" part="i">Vous me faites pitié.</l>
</sp>
<sp who="LE DOCTEUR"><speaker>LE DOCTEUR.</speaker>
	<l id="216" syll="6" part="f">Vous me faites horreur.</l>
</sp>
<sp who="DASSOUCY"><speaker>DASSOUCY.</speaker>
	<l id="217" syll="10" part="i">Écoutez, je voudrais vous convertir.</l>
</sp>
<sp who="LE DOCTEUR"><speaker>LE DOCTEUR.</speaker>
	<l id="217" syll="2" part="f">Arrière !</l>
</sp>
<sp stage="toward/think" who="DASSOUCY"><speaker>DASSOUCY, à Molière, toujours songeur.</speaker>
	<l id="218">Mais, par le diable ! À quoi pensez-vous donc, Molière !</l>
</sp>
<sp stage="stress" who="MOLIÈRE"><speaker>MOLIÈRE, gêné d'abord, puis avec décision.</speaker>
	<l id="219">Un conseil, mes amis ! Si je me mariais ?</l>
<stage type="laugh">Dassoucy, le Docteur et Pierrotin éclatent de rire.</stage>
</sp>
<sp who="LE DOCTEUR"><speaker>LE DOCTEUR.</speaker>
	<l id="220">Vous ? Par saint Rigomé, relisez Rabelais !</l>
</sp>
<sp who="MOLIÈRE"><speaker>MOLIÈRE.</speaker>
	<l id="221">C'est pour l'avoir relu que je vous en réfère.</l>
</sp>
<sp who="LE DOCTEUR"><speaker>LE DOCTEUR.</speaker>
	<l id="222">Puisque vous n'avez pas la foi, mauvaise affaire !</l>
</sp>
<sp who="MOLIÈRE"><speaker>MOLIÈRE.</speaker>
	<l id="223" syll="1" part="i">Mais...</l>
</sp>
<sp who="LE DOCTEUR"><speaker>LE DOCTEUR.</speaker>
	<l id="223" syll="8" part="m">Je n'en tiendrais pas le fer chaud.</l>
</sp>
<sp who="PIERROTIN"><speaker>PIERROTIN.</speaker>
	<l id="223" syll="3" part="f">C'est charmant ;</l>
	<l id="224">Il faut cependant bien qu'on s'épouse. Autrement,</l>
	<l id="225" syll="9" part="i">Le monde finirait tout de suite.</l>
</sp>
<sp who="DASSOUCY"><speaker>DASSOUCY.</speaker>
	<l id="225" syll="3" part="f">Au contraire !</l>
</sp>
<sp stage="toward" who="LE DOCTEUR"><speaker>LE DOCTEUR, à Dassoucy.</speaker>
	<l id="226">Prenez garde, Monsieur ; le mot est téméraire.</l>
</sp>
<sp who="MOLIÈRE"><speaker>MOLIÈRE.</speaker>
	<l id="227" syll="8" part="i">Que me conseillez-vous, docteur?</l>
</sp>
<sp who="LE DOCTEUR"><speaker>LE DOCTEUR.</speaker>
	<l id="227" syll="4" part="f">Moi que voici,</l>
	<l id="228" syll="6" part="i">Me suis-je marié ?</l>
</sp>
<sp who="MOLIÈRE"><speaker>MOLIÈRE.</speaker>
	<l id="228" syll="6" part="f">C'est juste. Et Dassoucy !</l>
</sp>
<sp who="DASSOUCY"><speaker>DASSOUCY.</speaker>
	<l id="229" syll="9" part="i">Est-ce vraiment de vous qu'il s'agit ?</l>
</sp>
<sp who="MOLIÈRE"><speaker>MOLIÈRE.</speaker>
	<l id="229" syll="3" part="f">De moi-même.</l>
</sp>
<sp who="DASSOUCY"><speaker>DASSOUCY.</speaker>
	<l id="230" syll="10" part="i">On vous fit avaler quelque drogue ?</l>
</sp>
<sp who="MOLIÈRE"><speaker>MOLIÈRE.</speaker>
	<l id="230" syll="2" part="f">Non, j'aime.</l>
</sp>
<sp who="DASSOUCY"><speaker>DASSOUCY.</speaker>
	<l id="231" syll="10" part="i">Vous aimez, vous songez au mariage !</l>
</sp>
<sp who="MOLIÈRE"><speaker>MOLIÈRE.</speaker>
	<l id="231" syll="2" part="f">Eh bien ?</l>
</sp>
<sp who="DASSOUCY"><speaker>DASSOUCY.</speaker>
	<l id="232" syll="4" part="i">Faites-vous Turc !</l>
</sp>
<sp who="LE DOCTEUR"><speaker>LE DOCTEUR.</speaker>
	<l id="232" syll="8" part="f">Pourquoi ne pas rester chrétien ?</l>
</sp>
<sp who="DASSOUCY"><speaker>DASSOUCY.</speaker>
	<l id="233">Faites-vous Turc, avec un turban sur la nuque !</l>
	<l id="234">Quand on n'a pas à son service un seul eunuque</l>
	<l id="235">Pour veiller, sabre au clair, sur un sérail bien clos ;</l>
	<l id="236">Quand on doit laisser voir partout, à tout propos,</l>
	<l id="237">Sa propre femme, à soi, demi-nue et sans grille,</l>
	<l id="238">Ô Molière, il vaut mieux la laisser vieillir fille.</l>
	<l id="239">Mais qui voulez-vous donc épouser à la fin ?</l>
	<l id="240">Cette femme doit être un petit séraphin.</l>
</sp>
<sp who="MOLIÈRE"><speaker>MOLIÈRE.</speaker>
	<l id="241" syll="3" part="i">Elle est belle...</l>
</sp>
<sp stage="smile" who="DASSOUCY"><speaker>DASSOUCY, avec un sourire d'assentiment.</speaker>
	<l id="241" syll="1" part="m">Eh !</l>
</sp>
<sp who="MOLIÈRE"><speaker>MOLIÈRE.</speaker>
	<l id="241" syll="1" part="m">Riche...</l>
</sp>
<sp stage="estonish" who="DASSOUCY"><speaker>DASSOUCY, étonné.</speaker>
	<l id="241" syll="1" part="m">Ah !</l>
</sp>
<sp who="MOLIÈRE"><speaker>MOLIÈRE.</speaker>
	<l id="241" syll="1" part="m">Noble.</l>
</sp>
<sp stage="estonish" who="DASSOUCY"><speaker>DASSOUCY, stupéfait.</speaker>
	<l id="241" syll="5" part="f">Oh !... C'est quelque folle.</l>
</sp>
<sp who="MOLIÈRE"><speaker>MOLIÈRE.</speaker>
	<l id="242" syll="2" part="i">Mais non !</l>
</sp>
<sp stage="shake" who="DASSOUCY"><speaker>DASSOUCY, secouant la tête.</speaker>
	<l id="242" syll="10" part="f">Prêtez l'oreille à cette parabole.</l>
	<l id="243">Quand je quittai Paris pour aller à Turin,</l>
	<l id="244">J'avais un âne, un âne appelé Mathurin,</l>
	<l id="245">Sobre, doux, jovial comme un magot de Chine,</l>
	<l id="246">Qui, sans jamais broncher, portait sur son échine</l>
	<l id="247">Mon téorbe, mon luth, mes coffres à chansons,</l>
	<l id="248">Et moi-même au besoin. Et vers les horizons,</l>
	<l id="249">Mon page me suivant, j'allais à l'aventure,</l>
	<l id="250">Libre, gai, tout entier à la belle nature,</l>
	<l id="251">Humant à pleins poumons l'air pur et généreux,</l>
	<l id="252">Léger comme un oiseau, parfaitement heureux.</l>
	<l id="253">On goûtait sous un hêtre, au bruit d'une cascade ;</l>
	<l id="254">Puis, cueillant au buisson une rose muscade,</l>
	<l id="255">On repartait, lesté, sur un vieil air français.</l>
	<l id="256">A l'auberge, au déclin du jour, je ravissais</l>
	<l id="257">Toute la maisonnée en chantant sous la treille.</l>
	<l id="258">L'hôte prenait pour moi quelque fine bouteille</l>
	<l id="259">Derrière les fagots. Lors, Claudine ou Marton,</l>
	<l id="260">Fossette à chaque joue et fossette au menton,</l>
	<l id="261">Me menait à mon lit où, ne vous en déplaise,</l>
	<l id="262">Entre deux beaux draps blancs bien étendu, plein d'aise,.</l>
	<l id="263">Aux notes de cristal d'un rossignol lointain</l>
	<l id="264">Je m'endormais, parmi la lavande et le thym.</l>
</sp>
<sp who="MOLIÈRE"><speaker>MOLIÈRE.</speaker>
	<l id="265" syll="3" part="i">Fort bien ! mais...</l>
</sp>
<sp who="DASSOUCY"><speaker>DASSOUCY.</speaker>
	<l id="265" syll="9" part="f">Un marquis, rencontré sur la route,</l>
	<l id="266">Ayant du premier coup vu qui j'étais sans doute,</l>
	<l id="267">Me fit venir, dîner, coucher à son château,</l>
	<l id="268">Et, par grande amitié pour moi, me fit cadeau,</l>
	<l id="269">Quand je fus pour partir, d'un cheval magnifique.</l>
	<l id="270">J'aurais du m'en tenir au roussin pacifique</l>
	<l id="271">Et décliner tout droit le cadeau du seigneur ;</l>
	<l id="272">J'acceptai, je ne sais par quel sot point d'honneur.</l>
	<l id="273">De l'équitation j'ai peu fait mon étude.</l>
	<l id="274">Certes, j'eus vaguement un brin d'inquiétude ;</l>
	<l id="275">Mais sans trop réfléchir ni me faire prier,</l>
	<l id="276">Je mis étourdiment le pied dans l'étrier.</l>
	<l id="277">Je n'étais pas plutôt en selle que la bête</l>
	<l id="278">Partit au grand galop vers le guichet. Ma tête</l>
	<l id="279">Eût net été tranchée au niveau du mur bas</l>
	<l id="280">De ce guichet maudit, si je ne m'étais pas</l>
	<l id="281">Accroché des deux poings crispés à la crinière</l>
	<l id="282">Et, blême comme un homme à son heure dernière,</l>
	<l id="283">Aplati tout entier d'un mouvement très prompt.</l>
	<l id="284">Rien qu'à m'en souvenir, j'ai la sueur au front.</l>
	<l id="285">Molière, gardez-vous d'un coursier trop lyrique !</l>
	<l id="286">La meilleure monture, ami, c'est ma bourrique.</l>
</sp>
<sp who="MOLIÈRE"><speaker>MOLIÈRE.</speaker>
	<l id="287" syll="3" part="i">Et vous, page ?</l>
</sp>
<sp who="PIERROTIN"><speaker>PIERROTIN.</speaker>
	<l id="287" syll="3" part="m">Épousez !</l>
</sp>
<sp who="MOLIÈRE"><speaker>MOLIÈRE.</speaker>
	<l id="287" syll="3" part="m">Vos raisons ?</l>
</sp>
<sp who="PIERROTIN"><speaker>PIERROTIN.</speaker>
	<l id="287" syll="6" part="f">Les voici.</l>
	<l id="288">Vous aurez, au bas mot, quelques mois sans souci.</l>
	<l id="289">Qui sait? un an, deux ans, peut-être. Votre femme,</l>
	<l id="290">Répondant à vos feux par une égale flamme,</l>
	<l id="291">Vous comblera de tout ce qu'il est bon d'avoir.</l>
	<l id="292">Vous boirez, mangerez, aimerez par devoir,</l>
	<l id="293">Sans bourse délier, pour de très fortes sommes.</l>
	<l id="294">Peut-être ferez-vous souche de gentilshommes.</l>
	<l id="295">Puis, lorsque vous viendra la nostalgie enfin,</l>
	<l id="296">Vous partirez, monsieur, bien garni de vieux vin ;</l>
	<l id="297">Et tel qu'un papillon qu'attirent les lumières,</l>
	<l id="298">Vous reviendrez gaîment à vos amours premières,</l>
	<l id="299">A l'ancien idéal plein de frais renouveau,</l>
	<l id="300">Au théâtre ! Je tiens cela dans mon cerveau</l>
	<l id="301">Pour certain, pour fatal et pour inéluctable.</l>
	<l id="302">Vous aurez toujours eu bon gîte, bonne table,</l>
	<l id="303">Et le reste, pendant plus de temps que, jadis,</l>
	<l id="304">Ève et son pauvre époux n'eurent le paradis.</l>
<stage type="laugh">Rires du Docteur et de Dassoucy.</stage>
</sp>
<sp who="MOLIÈRE"><speaker>MOLIÈRE.</speaker>
	<l id="305" syll="6" part="i">Tel homme, tel conseil.</l>
</sp>
</div2>
<div2 type="scene" n="7"><head>SCÈNE VII. Les mêmes, La Marquise, La Présidente, Le Baron.</head> 
<sp who="LA MARQUISE"><speaker>LA MARQUISE.</speaker>
	<l id="305" syll="6" part="f">Est-ce qu'on nous oublie ?</l>
	<l id="306" syll="3" part="i">Quels rires !</l>
</sp>
<sp who="DASSOUCY"><speaker>DASSOUCY.</speaker>
	<l id="306" syll="9" part="f">Pierrotin disait une folie.</l>
</sp>
<sp stage="low/toward" who="LA PRÉSIDENTE"><speaker>LA PRÉSIDENTE, bas, à la Marquise.</speaker>
	<l id="307" syll="8" part="i">Vous nous avez troublés, Marquise.</l>
</sp>
<sp who="LA MARQUISE"><speaker>LA MARQUISE.</speaker>
	<l id="307" syll="3" part="m">Il fuyait.</l>
</sp>
<sp who="LA PRÉSIDENTE"><speaker>LA PRÉSIDENTE.</speaker>
	<l id="307" syll="1" part="f">Lui !</l>
	<l id="308">C'est pour mieux revenir, Madame, s'il a fui.</l>
</sp>
<sp stage="low/toward" who="LE BARON"><speaker>LE BARON, bas, à Molière.</speaker>
	<l id="309" syll="5" part="i">Avez-vous parlé ?</l>
</sp>
<sp who="MOLIÈRE"><speaker>MOLIÈRE.</speaker>
	<l id="309" syll="7" part="f">Non ; impossible à cette heure !</l>
</sp>
<sp who="LE BARON"><speaker>LE BARON.</speaker>
	<l id="310" syll="2" part="i">Hélas !</l>
</sp>
<sp who="MOLIÈRE"><speaker>MOLIÈRE.</speaker>
	<l id="310" syll="4" part="m">C'est délicat.</l>
</sp>
<sp who="LE BARON"><speaker>LE BARON.</speaker>
	<l id="310" syll="6" part="f">Vous voulez que je meure.</l>
</sp>
<sp who="MOLIÈRE"><speaker>MOLIÈRE.</speaker>
	<l id="311">Faites que je sois seul avec elle un moment ;</l>
	<l id="312" syll="4" part="i">Peut-être alors...</l>
</sp>
<sp who="LE BARON"><speaker>LE BARON.</speaker>
	<l id="312" syll="6" part="m">Comment les éloigner?</l>
</sp>
<sp who="MOLIÈRE"><speaker>MOLIÈRE.</speaker>
	<l id="312" syll="2" part="f">Comment !</l>
	<l id="313" syll="6" part="i">Inventez quelque chose.</l>
</sp>
<sp who="LE BARON"><speaker>LE BARON.</speaker>
	<l id="313" syll="6" part="f">Oh ! J'y suis. Présidente,</l>
	<l id="314">Ne m'avez-vous point dit que vous seriez contente</l>
	<l id="315">Si monsieur Pierrotin voulait bien nous chanter</l>
	<l id="316" syll="9" part="i">L'air qu'aimait entre tous le feu roi ?</l>
</sp>
<sp stage="toward" who="PIERROTIN"><speaker>PIERROTIN, à la Présidente.</speaker>
	<l id="316" syll="3" part="f">Souhaiter,</l>
	<l id="317" syll="6" part="i">C'est ordonner, Madame.</l>
</sp>
<sp stage="toward" who="LE BARON"><speaker>LE BARON, à Dassoucy.</speaker>
	<l id="317" syll="6" part="f">Et son maître sans doute</l>
	<l id="318" syll="5" part="i">L'accompagnera.</l>
</sp>
<sp who="DASSOUCY"><speaker>DASSOUCY.</speaker>
	<l id="318" syll="1" part="m">Certes !</l>
</sp>
<sp who="LE BARON"><speaker>LE BARON.</speaker>
	<l id="318" syll="6" part="f">Allons, docteur, en route !</l>
<stage type="away/back/give">Le Baron emmène Dassoucy, Pierrotin et le Docteur vers le château, puis revient offrir la main à la Présidente.</stage>
</sp>
<sp who="LA MARQUISE"><speaker>LA MARQUISE.</speaker>
	<l id="319">Monsieur Molière et moi, nous restons ; Pierrotin</l>
	<l id="320">A répété pour nous cet air l'autre matin.</l>
	<l id="321">Et puis, je crains d'avoir un soupçon de migraine.</l>
</sp>
<sp stage="toward" who="LE BARON"><speaker>LE BARON, à la Présidente.</speaker>
	<l id="322">Je vous offre la main. Venez, ma noble reine.</l>
</sp>
</div2>
<div2 type="scene" n="8"><head>SCÈNE VIII. Molière, La Marquise.</head>
<sp stage="embarrassed" who="MOLIÈRE"><speaker>MOLIÈRE, embarrassé.</speaker>
	<l id="323" syll="6" part="i">Je suis vraiment honteux...</l>
</sp>
<sp who="LA MARQUISE"><speaker>LA MARQUISE.</speaker>
	<l id="323" syll="6" part="f">Quel souffle a refroidi</l>
	<l id="324">Ce coeur qui se montrait, si vite, si hardi ?</l>
</sp>
<sp who="MOLIÈRE"><speaker>MOLIÈRE.</speaker>
	<l id="325">Ce faible coeur n'a pas la force opiniâtre,</l>
	<l id="326">Hélas ! d'abandonner sans retour le théâtre.</l>
</sp>
<sp who="LA MARQUISE"><speaker>LA MARQUISE.</speaker>
	<l id="327">À deux, on est plus fort. Pour un danger lointain,</l>
	<l id="328">Laisse-t-on le bonheur, vrai, présent et certain ?</l>
</sp>
<sp who="MOLIÈRE"><speaker>MOLIÈRE.</speaker>
	<l id="329" syll="1" part="i">Mais...</l>
</sp>
<sp who="LA MARQUISE"><speaker>LA MARQUISE.</speaker>
	<l id="329" syll="11" part="f">Vous ne m'aimez pas ; on peut tout, quand on aime.</l>
</sp>
<sp who="MOLIÈRE"><speaker>MOLIÈRE.</speaker>
	<l id="330" syll="4" part="i">L'obstacle est grave.</l>
</sp>
<sp who="LA MARQUISE"><speaker>LA MARQUISE.</speaker>
	<l id="330" syll="6" part="m">Est-il invincible ?</l>
</sp>
<sp who="MOLIÈRE"><speaker>MOLIÈRE.</speaker>
	<l id="330" syll="2" part="f">Vous-même,</l>
	<l id="331">Vous devez bien sentir qu'à le trop mépriser,</l>
	<l id="332">Je ferais ce dont rien ne saurait m'excuser.</l>
</sp>
<sp who="LA MARQUISE"><speaker>LA MARQUISE.</speaker>
	<l id="333">Quand on a si grand'peur d'un mal qu'on exagère,</l>
	<l id="334">La prudence me semble à l'amour étrangère ;</l>
	<l id="335">Et d'ailleurs, vous, si fier en votre libre instinct,</l>
	<l id="336">Pourquoi rester, sans rien qui vous y force, astreint</l>
	<l id="337">À cette servitude incessante, suprême,</l>
	<l id="338">De divertir les gens pour vivre, quand bien même</l>
	<l id="339">Vous n'avez point sujet de rire et qu'ils sont sots ?</l>
</sp>
<sp who="MOLIÈRE"><speaker>MOLIÈRE.</speaker>
	<l id="340">Des sots l'on rit toujours ; presque tous les morceaux</l>
	<l id="341" syll="3" part="i">En sont bons.</l>
</sp>
<sp who="LA MARQUISE"><speaker>LA MARQUISE.</speaker>
	<l id="341" syll="9" part="f">Mais cent fois dire les mêmes choses,</l>
	<l id="342">Avec des mots, des tons, des gestes et des poses</l>
	<l id="343">Identiques, c'est là que je vous comprends peu !</l>
	<l id="344">Lorsqu'il faut tous les soirs ressasser l'ancien jeu,</l>
	<l id="345">On doit faire assez vite un métier d'automate !</l>
</sp>
<sp who="MOLIÈRE"><speaker>MOLIÈRE.</speaker>
	<l id="346">Et que pensez-vous donc que fasse un diplomate,</l>
	<l id="347">En dépit de sa morgue et de son air profond ?</l>
	<l id="348">Et qu'est-ce, en vérité, que tous les hommes font?</l>
	<l id="349">Et qu'est-ce que, vous-même, ingénument vous faites?</l>
	<l id="350">Chaque jour, sauf parfois les dimanches et fêtes,</l>
	<l id="351">N'est-il pas, à tout prendre, et pour chaque être humain,</l>
	<l id="352">Invariablement semblable au lendemain?</l>
	<l id="353">Homme on femme, marquis ou valet, vieux ou jeune,</l>
	<l id="354">Chaque jour on se lève, on s'habille, on déjeune,</l>
	<l id="355">On agit comme on a l'habitude d'agir,</l>
	<l id="356">On dîne, on soupe, on bâille, et puis, sans réfléchir</l>
	<l id="357">Au grand nombre de fois qu'on fit la même chose,</l>
	<l id="358">On va se dévêtir, on se couche, on repose.</l>
	<l id="359">Et puis, sans changements bien fréquents de décor,</l>
	<l id="360">Sans varier beaucoup le thème, c'est encor</l>
	<l id="361">Même ordre et même marche ; et le nombre est immense</l>
	<l id="362">Des matins et des soirs que ce jeu recommence.</l>
	<l id="363">Et l'on ne paraît pas s'en douter. Le cerveau</l>
	<l id="364">Semble prendre toujours le vieux pour du nouveau,</l>
	<l id="365">Encore que les gens, sans cesse, aient sur la face</l>
	<l id="366">Le sourire connu, l'éternelle grimace,</l>
	<l id="367">Et vous disent, sans rien de changé dans la voix,</l>
	<l id="368">Les mots accoutumés qu'ils vous ont dits cent fois.</l>
</sp>
<sp who="LA MARQUISE"><speaker>LA MARQUISE.</speaker>
	<l id="369" syll="4" part="i">C'est étrange.</l>
</sp>
<sp who="MOLIÈRE"><speaker>MOLIÈRE.</speaker>
	<l id="369" syll="8" part="f">La vie est une comédie,</l>
	<l id="370">Moins franche seulement que l'autre, moins hardie,</l>
	<l id="371">Et déroulant, avec infiniment moins d'art,</l>
	<l id="372">Des rôles mal tracés par l'aveugle hasard.</l>
</sp>
<sp who="LA MARQUISE"><speaker>LA MARQUISE.</speaker>
	<l id="373">Peut-être ! Mais malheur au fou qui s'évertue</l>
	<l id="374">À réchauffer le marbre où dort une statue?</l>
</sp>
<sp who="MOLIÈRE"><speaker>MOLIÈRE.</speaker>
	<l id="375" syll="8" part="i">Le marbre quelquefois s'anime.</l>
</sp>
<sp who="LA MARQUISE"><speaker>LA MARQUISE.</speaker>
	<l id="375" syll="4" part="f">En vérité,</l>
	<l id="376">Vous n'aimez rien que vous, n'étant que vanité ;</l>
	<l id="377">Et la chimère au loin vous emporte sans trêve.</l>
</sp>
<sp who="MOLIÈRE"><speaker>MOLIÈRE.</speaker>
	<l id="378">Vous l'avez dit, c'est vrai. J'appartiens à mon rêve ;</l>
	<l id="379">Et ne s'y point laisser entraîner à son tour,</l>
	<l id="380">Ce n'est ni bien m'aimer ni vouloir mon amour.</l>
	<l id="381">Me faut-il une belle idole, accoutumée</l>
	<l id="382">À voir l'encens monter autour d'elle en fumée,</l>
	<l id="383">Et qui, pleine d'orgueil et pleine de péril,</l>
	<l id="384">Trône dans son dédain étroit et puéril?</l>
	<l id="385">Il me faut une franche et vaillante compagne,</l>
	<l id="386">Ne craignant pas de faire auprès de moi campagne,</l>
	<l id="387">Et qui sache tenir haut le miroir vermeil</l>
	<l id="388">Qu'emplit la Vérité d'un lever de soleil,</l>
	<l id="389">Le miroir sous lequel le faux, l'ombre, la ruse,</l>
	<l id="390">Tombent, comme devant la tête de Méduse.</l>
</sp>
<sp who="LA MARQUISE"><speaker>LA MARQUISE.</speaker>
	<l id="391">J'admire et j'applaudis votre élan généreux.</l>
	<l id="392">Bravo ! Mais pour apprendre aux gens à vivre heureux,</l>
	<l id="393">Ne vaudrait-il pas mieux, soi-même, être l'exemple,</l>
	<l id="394">Et dans sa propre vie édifier un temple</l>
	<l id="395">Au bon goût, au bon sens, aux modestes vertus,</l>
	<l id="396">Sur les débris épars des faux dieux abattus?</l>
	<l id="397" syll="9" part="i">Les faits prouvent bien plus que les mots.</l>
</sp>
<sp who="MOLIÈRE"><speaker>MOLIÈRE.</speaker>
	<l id="397" syll="3" part="f">C'est logique.</l>
	<l id="398">Mais il faut éclairer sa lanterne magique,</l>
	<l id="399">Et ne pas maintenir, pour que l'on puisse y voir,</l>
	<l id="400">Ce qu'on a de clarté sous un boisseau bien noir.</l>
</sp>
<sp who="LA MARQUISE"><speaker>LA MARQUISE.</speaker>
	<l id="401">Tous vos discours, hélas ! ne prouvent qu'une chose,</l>
	<l id="402" syll="6" part="i">C'est que vous m'aimez peu.</l>
</sp>
<sp who="MOLIÈRE"><speaker>MOLIÈRE.</speaker>
	<l id="402" syll="6" part="f">Tenez, je vous propose</l>
	<l id="403">Un moyen qui doit tout arranger, si vraiment,</l>
	<l id="404">Madame, et je n'en puis douter un seul moment,</l>
	<l id="405">Vous aimez aussi bien que vous voulez qu'on aime.</l>
</sp>
<sp who="LA MARQUISE"><speaker>LA MARQUISE.</speaker>
	<l id="406" syll="3" part="i">Quel moyen ?</l>
</sp>
<sp who="MOLIÈRE"><speaker>MOLIÈRE.</speaker>
	<l id="406" syll="9" part="f">Il résout nettement le problème ;</l>
	<l id="407">Mais il vous faudra faire un sacrifice, un grand.</l>
</sp>
<sp who="LA MARQUISE"><speaker>LA MARQUISE.</speaker>
	<l id="408">Parlez ! Me croyez-vous le coeur indifférent ?</l>
</sp>
<sp who="MOLIÈRE"><speaker>MOLIÈRE.</speaker>
	<l id="409">Vous m'avez dit, si ma mémoire ne m'abuse :</l>
	<l id="410">« Je prétends, tout de bon, devenir votre muse. »</l>
</sp>
<sp who="LA MARQUISE"><speaker>LA MARQUISE.</speaker>
	<l id="411" syll="2" part="i">Certes !</l>
</sp>
<sp who="MOLIÈRE"><speaker>MOLIÈRE.</speaker>
	<l id="411" syll="3" part="m">Tout de bon ?</l>
</sp>
<sp who="LA MARQUISE"><speaker>LA MARQUISE.</speaker>
	<l id="411" syll="4" part="m">Oui, tout de bon !</l>
</sp>
<sp who="MOLIÈRE"><speaker>MOLIÈRE.</speaker>
	<l id="411" syll="3" part="f">Soyez-la !</l>
	<l id="412" syll="6" part="i">Mais sérieusement !</l>
</sp>
<sp who="LA MARQUISE"><speaker>LA MARQUISE.</speaker>
	<l id="412" syll="6" part="f">Qu'entendez-vous par là ?</l>
</sp>
<sp who="MOLIÈRE"><speaker>MOLIÈRE.</speaker>
	<l id="413">Dévouez-vous ; et sans regarder en arrière,</l>
	<l id="414">Si vous m'aimez vraiment, adoptez ma carrière !</l>
</sp>
<sp who="LA MARQUISE"><speaker>LA MARQUISE.</speaker>
	<l id="415" syll="1" part="i">Quoi ?</l>
</sp>
<sp who="MOLIÈRE"><speaker>MOLIÈRE.</speaker>
	<l id="415" syll="11" part="f">Rien ne vous défend d'accepter ce moyen ;</l>
	<l id="416" syll="5" part="i">Vous êtes libre.</l>
</sp>
<sp who="LA MARQUISE"><speaker>LA MARQUISE.</speaker>
	<l id="416" syll="7" part="f">Et vous, vous êtes un païen.</l>
</sp>
<sp who="MOLIÈRE"><speaker>MOLIÈRE.</speaker>
	<l id="417" syll="6" part="i">Vous ne m'aimez donc plus ?</l>
</sp>
<sp who="LA MARQUISE"><speaker>LA MARQUISE.</speaker>
	<l id="417" syll="6" part="f">Vous voulez que, moi-même,</l>
	<l id="418" syll="1" part="i">Je...</l>
</sp>
<sp who="MOLIÈRE"><speaker>MOLIÈRE.</speaker>
	<l id="418" syll="11" part="f">Ne disiez-vous pas qu'on peut tout, quand on aime ?</l>
</sp>
<sp who="LA MARQUISE"><speaker>LA MARQUISE.</speaker>
	<l id="419">Mais si l'amour peut tout, il doit de ce pouvoir</l>
	<l id="420">User pour s'élever et non pas pour déchoir.</l>
</sp>
<sp who="MOLIÈRE"><speaker>MOLIÈRE.</speaker>
	<l id="421">Quand on a si grand'peur d'un mal qu'on exagère,</l>
	<l id="422">La prudence me semble à l'amour étrangère.</l>
</sp>
<sp who="LA MARQUISE"><speaker>LA MARQUISE.</speaker>
	<l id="423" syll="8" part="i">Quelle dérision étrange !...</l>
</sp>
<sp who="MOLIÈRE"><speaker>MOLIÈRE.</speaker>
	<l id="423" syll="4" part="f">En vérité,</l>
	<l id="424">Vous n'aimez rien que vous, n'étant que vanité.</l>
</sp>
<sp who="LA MARQUISE"><speaker>LA MARQUISE.</speaker>
	<l id="425" syll="1" part="i">Oh !...</l>
</sp>
<sp who="MOLIÈRE"><speaker>MOLIÈRE.</speaker>
	<l id="425" syll="11" part="f">N'est-ce pas ainsi, madame, qu'il faut dire ?</l>
</sp>
<sp who="LA MARQUISE"><speaker>LA MARQUISE.</speaker>
	<l id="426">J'ai le coeur gros de pleurs et vous me faites rire.</l>
</sp>
<sp who="MOLIÈRE"><speaker>MOLIÈRE.</speaker>
	<l id="427">Hélas ! Je gagne ainsi mon pain quotidien.</l>
</sp>
<sp who="LA MARQUISE"><speaker>LA MARQUISE.</speaker>
	<l id="428">Vous ne serez jamais qu'un franc comédien.</l>
</sp>
<sp who="MOLIÈRE"><speaker>MOLIÈRE.</speaker>
	<l id="429">Si vous ne m'aviez vu jouer la comédie,</l>
	<l id="430" syll="6" part="i">Penseriez-vous à moi ?</l>
</sp>
<sp who="LA MARQUISE"><speaker>LA MARQUISE.</speaker>
	<l id="430" syll="6" part="f">Je suis une étourdie ;</l>
	<l id="431">Mais ce que j'aime en vous, est-ce le masque? non,</l>
	<l id="432" syll="4" part="i">C'est le visage.</l>
</sp>
<sp who="MOLIÈRE"><speaker>MOLIÈRE.</speaker>
	<l id="432" syll="8" part="f">Bien ! mais sauriez-vous mon nom,</l>
	<l id="433">M'auriez-vous distingué de la foule servile,</l>
	<l id="434">Si vous ne m'aviez vu qu'en costume de ville?</l>
</sp>
<sp who="LA MARQUISE"><speaker>LA MARQUISE.</speaker>
	<l id="435" syll="2" part="i">Mon Dieu !...</l>
</sp>
<sp who="MOLIÈRE"><speaker>MOLIÈRE.</speaker>
	<l id="435" syll="10" part="f">Si j'acceptais, pour être votre époux,</l>
	<l id="436">De quitter à jamais la scène, savez-vous</l>
	<l id="437">Ce qui m'arriverait ? Dès la première année,</l>
	<l id="438">Malgré tout mon amour, vous seriez étonnée,</l>
	<l id="439">Madame, de sentir le vôtre chaque jour</l>
	<l id="440">Décroître, pour bientôt s'éteindre sans retour.</l>
</sp>
<sp who="LA MARQUISE"><speaker>LA MARQUISE.</speaker>
	<l id="441">D'où le concluez-vous, modestephilosophe? ?</l>
</sp>
<sp who="MOLIÈRE"><speaker>MOLIÈRE.</speaker>
	<l id="442">Je ne me sens pas fait, marquise, de l'étoffe</l>
	<l id="443">Dont sont faits les marquis... Mon rire plébéien,</l>
	<l id="444">Mes bizarres façons et mon esprit païen,</l>
	<l id="445">Vous déconcerteraient trop vite. Mon prestige,</l>
	<l id="446">Fleur d'un jour, sécherait tristement sur sa tige ;</l>
	<l id="447">Je serais l'instrument dont nul ne sait jouer,</l>
	<l id="448">Le vaisseau qu'aucun flot ne vient plus renflouer ;</l>
	<l id="449">Partout, à chaque pas, je romprais l'harmonie</l>
	<l id="450">Des choses et des gens. « Il se croit du génie,</l>
	<l id="451">Dirait-on en riant ; le pauvre homme, il s'en croit ! »</l>
	<l id="452">Et votre coeur, pour moi de jour en jour plus froid,</l>
	<l id="453">Serait, peut-être bien, de jour en jour plus tendre</l>
	<l id="454" syll="4" part="i">Pour le baron.</l>
</sp>
<sp who="LA MARQUISE"><speaker>LA MARQUISE.</speaker>
	<l id="454" syll="2" part="m">Pour qui ?</l>
</sp>
<sp who="MOLIÈRE"><speaker>MOLIÈRE.</speaker>
	<l id="454" syll="6" part="f">Pour le baron Clitandre !</l>
	<l id="455">Oh ! que vous avez tort, et grand tort, de ne pas</l>
	<l id="456">Vous laisser convertir un peu par les appas</l>
	<l id="457">De l'art qui m'est si cher ! Du premier coup, marquise,</l>
	<l id="458">Vous seriez, j'en suis sûr, comédienne exquise ;</l>
	<l id="459">Et moi, tout en faisant des efforts compliqués,</l>
	<l id="460">Je ne jouerais jamais que les marquis manqués.</l>
	<l id="461">Le baron est mieux fait pour vous, sur ma parole !</l>
</sp>
<sp who="LA MARQUISE"><speaker>LA MARQUISE.</speaker>
	<l id="462">Par exemple, voilà la chose la plus folle</l>
	<l id="463" syll="9" part="i">Que vous m'ayez contée encore !</l>
</sp>
<sp who="MOLIÈRE"><speaker>MOLIÈRE.</speaker>
	<l id="463" syll="3" part="f">Le baron</l>
	<l id="464">Vous aime ; et de nous deux c'est lui le bon larron.</l>
	<l id="465">Comme il me suppliait, madame, de vous dire</l>
	<l id="466">Ce qui, lorsqu'il vous voit, sur ses lèvres expire !</l>
	<l id="467">Ce n'est pas Amadis ni le Prince Charmant ;</l>
	<l id="468">Mais s'il n'est pas tourné comme un parfait amant,</l>
	<l id="469">Attentif, élégant, doux, discret et fidèle,</l>
	<l id="470">Il a tout ce qu'il faut pour un mari modèle.</l>
	<l id="471">C'est à ces choses-là qu'il convient de viser,</l>
	<l id="472">Quand ce n'est point pour rire et qu'on doit épouser.</l>
</sp>
<sp who="LA MARQUISE"><speaker>LA MARQUISE.</speaker>
	<l id="473" syll="3" part="i">C'est trop fort.</l>
</sp>
<sp who="MOLIÈRE"><speaker>MOLIÈRE.</speaker>
	<l id="473" syll="3" part="m">Est-ce vrai ?</l>
</sp>
<sp who="LA MARQUISE"><speaker>LA MARQUISE.</speaker>
	<l id="473" syll="6" part="f">Mais c'est une gageure.</l>
</sp>
<sp who="MOLIÈRE"><speaker>MOLIÈRE.</speaker>
	<l id="474">Je suis respectueux et grave, je vous jure.</l>
</sp>
<sp who="LA MARQUISE"><speaker>LA MARQUISE.</speaker>
	<l id="475">Ce n'est pas le respect qui vous gêne beaucoup.</l>
</sp>
<sp stage="smile" who="MOLIÈRE"><speaker>MOLIÈRE, souriant.</speaker>
	<l id="476" syll="2" part="i">Mais si !</l>
</sp>
<sp stage="smile" who="LA MARQUISE"><speaker>LA MARQUISE, souriant également.</speaker>
	<l id="476" syll="4" part="m">L'impertinent !</l>
</sp>
<sp who="MOLIÈRE"><speaker>MOLIÈRE.</speaker>
	<l id="476" syll="6" part="f">Une femme de goût</l>
	<l id="477">Ne prend guère l'hymen pour une apothéose.</l>
	<l id="478">Vous régnerez chez vous, au moins ; c'est quelque chose.</l>
</sp>
<sp who="LA MARQUISE"><speaker>LA MARQUISE.</speaker>
	<l id="479" syll="3" part="i">Ô sagesse !</l>
</sp>
<sp who="MOLIÈRE"><speaker>MOLIÈRE.</speaker>
	<l id="479" syll="3" part="m">Ô folie !</l>
</sp>
<sp who="LA MARQUISE"><speaker>LA MARQUISE.</speaker>
	<l id="479" syll="6" part="f">Il faut donc oublier !</l>
</sp>
<sp who="MOLIÈRE"><speaker>MOLIÈRE.</speaker>
	<l id="480">Votre royal dédain ne saurait donc plier !</l>
</sp>
<sp who="LA MARQUISE"><speaker>LA MARQUISE.</speaker>
	<l id="481">Pourquoi tenir si fort à vos marionnettes?</l>
</sp>
<sp who="MOLIÈRE"><speaker>MOLIÈRE.</speaker>
	<l id="482">Pourquoi les accabler de vos grands airs honnêtes?</l>
</sp>
<sp who="LA MARQUISE"><speaker>LA MARQUISE.</speaker>
	<l id="483">Pourquoi si rarement le désir suborneur</l>
	<l id="484">Par ses sentiers fleuris mène-t-il au bonheur?</l>
</sp>
<sp who="MOLIÈRE"><speaker>MOLIÈRE.</speaker>
	<l id="485">Pourquoi le ciel fait-il d'une façon si rare</l>
	<l id="486">Jaillir le feu sacré du marbre de Carrare ?</l>
</sp>
<sp who="LA MARQUISE"><speaker>LA MARQUISE.</speaker>
	<l id="487" syll="6" part="i">Que vous êtes cruel !</l>
</sp>
<sp who="MOLIÈRE"><speaker>MOLIÈRE.</speaker>
	<l id="487" syll="6" part="f">Fallait-il vous tromper?</l>
</sp>
<sp who="LA MARQUISE"><speaker>LA MARQUISE.</speaker>
	<l id="488">Il fallait fuir, au lieu de vous émanciper.</l>
	<l id="489" syll="4" part="i">Adieu mon rêve !</l>
</sp>
<sp who="MOLIÈRE"><speaker>MOLIÈRE.</speaker>
	<l id="489" syll="8" part="f">Adieu ma trop brève démence !</l>
	<l id="490">Le songe va finir, quand à peine il commence.</l>
</sp>
<sp who="LA MARQUISE"><speaker>LA MARQUISE.</speaker>
	<l id="491">Je devrais vous haïr ; pourquoi donc près de vous</l>
	<l id="492">N'ai-je senti jamais un abandon si doux?</l>
	<l id="493">Je ne le comprends pas, et mon coeur me l'atteste.</l>
</sp>
<sp who="MOLIÈRE"><speaker>MOLIÈRE.</speaker>
	<l id="494">C'est que, si le mari disparaît, l'amant reste ;</l>
	<l id="495">Mais bientôt, à son tour, l'amant devra partir.</l>
</sp>
<sp who="LA MARQUISE"><speaker>LA MARQUISE.</speaker>
	<l id="496">Vous raillerez, je crois, jusqu'au dernier soupir.</l>
</sp>
</div2>
<div2 type="scene" n="9"><head>SCÈNE IX. Les mêmes, Dassoucy, Pierrotin, Le Baron, Le Docteur, La Présidente, puis Langoumois.</head> 
<sp stage="show" who="LE DOCTEUR"><speaker>LE DOCTEUR, montrant Pierrotin.</speaker>
	<l id="497" syll="6" part="i">Il est incorrigible.</l>
</sp>
<sp who="DASSOUCY"><speaker>DASSOUCY.</speaker>
	<l id="497" syll="6" part="f">Il est indécrottable.</l>
</sp>
<sp who="LE DOCTEUR"><speaker>LE DOCTEUR.</speaker>
	<l id="498">Près de la Présidente, il s'est remis à table</l>
	<l id="499">Après avoir chanté son air ; puis le serpent,</l>
	<l id="500">D'un petit ton câlin, hypocrite et rampant,</l>
	<l id="501" syll="6" part="i">A dit à sa voisine...</l>
</sp>
<sp who="MOLIÈRE"><speaker>MOLIÈRE.</speaker>
	<l id="501" syll="6" part="f">Eh ! Qu'a-t-il pu lui dire?</l>
</sp>
<sp who="DASSOUCY"><speaker>DASSOUCY.</speaker>
	<l id="502">Il a dit doucement, avec un pur sourire,</l>
	<l id="503">Qu'il professait pour elle une admiration</l>
	<l id="504">Sans borne ; que c'était presque une passion ;</l>
	<l id="505">Qu'il serait bien heureux d'entrer à son service</l>
	<l id="506">Comme page, et ferait alors le sacrifice</l>
	<l id="507">De m'abandonner, moi, Dassoucy ; qu'il fallait</l>
	<l id="508">Ne pas s'imaginer que le baron voulait</l>
	<l id="509">L'épouser, le baron adorant la marquise...</l>
</sp>
<sp who="LA MARQUISE"><speaker>LA MARQUISE.</speaker>
	<l id="510">Mais, baron, pour qu'ainsi tout le monde le dise,</l>
	<l id="511" syll="8" part="i">Il faut que le propos soit vrai.</l>
</sp>
<sp who="LE BARON"><speaker>LE BARON.</speaker>
	<l id="511" syll="4" part="f">Je meurs d'amour.</l>
</sp>
<sp who="LA MARQUISE"><speaker>LA MARQUISE.</speaker>
	<l id="512">Vous auriez dû parler et faire votre cour ;</l>
	<l id="513" syll="6" part="i">Qui vous en détournait ?</l>
</sp>
<sp who="LE BARON"><speaker>LE BARON.</speaker>
	<l id="513" syll="6" part="f">Hélas ! Mon amour même.</l>
	<l id="514">J'avais le coeur empli d'une angoisse suprême,</l>
	<l id="515" syll="1" part="i">Et...</l>
</sp>
<sp who="LA MARQUISE"><speaker>LA MARQUISE.</speaker>
	<l id="515" syll="11" part="f">Vous mériteriez une punition</l>
	<l id="516">Sévère, avant d'avoir mon absolution.</l>
	<l id="517" syll="4" part="i">Je vous fais grâce.</l>
</sp>
<sp who="LE BARON"><speaker>LE BARON.</speaker>
	<l id="517" syll="2" part="m">Alors ?...</l>
</sp>
<sp who="LA MARQUISE"><speaker>LA MARQUISE.</speaker>
	<l id="517" syll="3" part="m">Nous verrons.</l>
</sp>
<sp stage="toward/aparte" who="PIERROTIN"><speaker>PIERROTIN, à la Présidente, à l'écart.</speaker>
	<l id="517" syll="3" part="f">J'ai dans l'âme</l>
	<l id="518" syll="6" part="i">Des trésors inconnus.</l>
</sp>
<sp stage="aparte" who="LA PRÉSIDENTE"><speaker>LA PRÉSIDENTE, à part.</speaker>
	<l id="518" syll="6" part="f">Cher enfant ! Quelle flamme,</l>
	<l id="519">Quel beau regard limpide et quel front radieux !</l>
</sp>
<sp stage="toward/low" who="MOLIÈRE"><speaker>MOLIÈRE, à la Marquise, après avoir écouté Langoumois qui est venu lui parler bas.</speaker>
	<l id="520">Madame, nous devons vous faire nos adieux.</l>
	<l id="521">Nous n'avons que le temps de regagner la ville,</l>
	<l id="522">Pour ne point retarder de façon incivile</l>
	<l id="523">La dernière de nos représentations.</l>
</sp>
<sp who="LA MARQUISE"><speaker>LA MARQUISE.</speaker>
	<l id="524">Ne partez pas si vite. Il faut que nous causions.</l>
	<l id="525" syll="6" part="i">L'heure ne presse pas.</l>
</sp>
<sp who="MOLIÈRE"><speaker>MOLIÈRE.</speaker>
	<l id="525" syll="6" part="f">Pardonnez, l'heure presse.</l>
	<l id="526">Préparez-vous, messieurs. Baron, point de paresse !</l>
	<l id="527" syll="9" part="i">Vous nous accompagnez, n'est-ce pas?</l>
<stage type="low/toward/show">Bas, à Dassoucy, en lui montrant la Marquise.</stage>
	<l id="527" syll="3" part="f">Laissez-nous !</l>
<stage type="low/push">Puis, bas à la Marquise, tandis que Dassoucy manoeuvre de façon à écarter tous les autres personnages.</stage>
	<l id="528">Que ne puis-je rester encore à vos genoux,</l>
	<l id="529">Pour que mon pauvre coeur amoureux vous désarme,</l>
	<l id="530">Et pour que cette main, si quelque folle larme</l>
	<l id="531">Vient à mes yeux, l'essuie, hélas ! tout doucement !</l>
</sp>
<sp stage="quick/low" who="LA MARQUISE"><speaker>LA MARQUISE, vite et bas.</speaker>
	<l id="532">Nous ne pouvons plus rien nous dire en ce moment ;</l>
	<l id="533">Partez. Mais revenez ce soir. Oui, c'est facile ;</l>
	<l id="534">Le château, par bonheur, n'est pas loin de la ville.</l>
	<l id="535" syll="6" part="i">Voici la clef du parc.</l>
</sp>
<sp who="MOLIÈRE"><speaker>MOLIÈRE.</speaker>
	<l id="535" syll="3" part="m">Marquise !...</l>
</sp>
<sp stage="give" who="LA MARQUISE"><speaker>LA MARQUISE, lui glissant la clef dans la main.</speaker>
	<l id="535" syll="3" part="f">Chut ! Tenez,</l>
	<l id="536">Et prenez garde aux yeux qui vers nous sont tournés.</l>
	<l id="537">Nous nous retrouverons au bout de la terrasse,</l>
	<l id="538" syll="3" part="i">À minuit.</l>
<stage type="exit">Elle rentre dans le château.</stage>
</sp>
<sp stage="closer" who="LE BARON"><speaker>LE BARON, allant à Molière.</speaker>
	<l id="538" syll="9" part="f">Permettez qu'enfin je vous embrasse !</l>
	<l id="539" syll="6" part="i">Vous me sauvez la vie.</l>
<stage type="kiss">Il veut l'embrasser.</stage>
</sp>
<sp stage="push" who="MOLIÈRE"><speaker>MOLIÈRE, se refusant à cette embrassade.</speaker>
	<l id="539" syll="4" part="m">Excusez-moi !</l>
</sp>
<sp stage="kiss" who="LE BARON"><speaker>LE BARON, revenant à la charge.</speaker>
	<l id="539" syll="2" part="f">Comment</l>
	<l id="540">Vous prouver mon entier, mon parfait dévoument?</l>
</sp>
<sp stage="away" who="MOLIÈRE"><speaker>MOLIÈRE, se dégageant.</speaker>
	<l id="541" syll="6" part="i">En ne m'étouffant pas.</l>
</sp>
<sp stage="entrance/location" who="LA MARQUISE"><speaker>LA MARQUISE, reparaissant an seuil du château.</speaker>
	<l id="541" syll="2" part="m">Adieu !</l>
</sp>
<sp who="LE BARON"><speaker>LE BARON.</speaker>
	<l id="541" syll="4" part="f">Je la devine ;</l>
	<l id="542" syll="8" part="i">Elle couronnera ma flamme.</l>
</sp>
<sp stage="aparte/watch" who="MOLIÈRE"><speaker>MOLIÈRE, à part, regardant tour à tour la Marquise et la petite clef du parc.</speaker> 
	<l id="542" syll="4" part="f">Elle est divine !</l>
	<l id="543">Ô petite clef d'or du paradis vermeil,</l>
	<l id="544">Que vous me tentez !... Bah ! la nuit porte conseil.</l>
</sp>
</div2>
</div1>
</body>
</text>
</TEI>