<?xml version="1.0" encoding="utf-8"?>
<TEI xml:lang="fr">
<teiHeader>
		<fileDesc>
			<titleStmt>
				<title>LE BARBIER DE PÉZENAS, COMÉDIE EN UN ACTE ET EN VERS</title>
				<author type="texte" ISNI="000 0000 8086 1601">Émile BLÉMONT (1839-1927)</author>
				<author type="texte" ISNI="0000 0000 5277 2943">Léon VALADE (1842-1884)</author>
			</titleStmt>
			<publicationStmt>
				<editor>Texte établi par Paul FIEVRE, août 2019</editor>
				<publisher>Publié par Paul FIEVRE, septembre 2019.</publisher>
				<idno>VALADE_BARBIERDEMOLIERE</idno>
			</publicationStmt>
			<SourceDesc>
				<genre>Comédie</genre>
				<inspiration>moeurs</inspiration><type>vers</type>
				<structure>Un acte</structure>
				<periode>1821-1830</periode>
				<taille>250-500</taille>
				<permalien>https://gallica.bnf.fr/ark:/12148/bpt6k9736782g</permalien>
			</SourceDesc>
		</fileDesc>
</teiHeader>
<text>
	<front>
		<docTitle>
			<titlePart type="main">LE BARBIER DE PÉZENAS</titlePart>
			<titlePart type="sub">COMÉDIE EN UN ACTE EN VERS</titlePart>
			<titlePart type="sub">Représentée pour la première fois, à Paris, sur le théâtre de l'Odéon, le 15 janvier 1877.</titlePart>
		</docTitle> 
		<docDate value='1897'>M DCCC XCVIII</docDate>
		<docAuthor id='VALADE, Léon' bio='valade'>EN COLLABORATION AVEC LÉON VALADE.</docAuthor>
		<docImprint>
			<printer id='MASSON'>PARIS, ALPHONSE LEMERRE, EDITEUR, 23-31 PASSAGE CHOISEUL, 23-31.</printer>
			<printer id='stahl'>IMPRIMERIE DE STAHL.</printer>
		</docImprint>
		<performance>
			<premiere date='1804-08-04' location='Théâtre français'>Représentée pour la première fois, au Théâtre Français, par les comédiens ordinaires de l'Empereur, le 16 messidor an 12.</premiere>
		</performance>
		<castList><head>PERSONNAGES ACTEURS qui ont créé les rôles.</head>
			<castItem><role id="MOLIÈRE" sex="1" type="H" statut='écrivain' age='A' stat_amour='néant'>MOLIÈRE</role>, trente ans, POREL.</castItem>
			<castItem><role id="GÉLY" sex="1" type="H" statut='barbier' age='A' stat_amour='néant'>GÉLY</role>, maître barbier, TOUSÉ.</castItem>
			<castItem><role id="POLYDORE DE LA ROUSTECAGNAC" sex="1" type="H" statut='aristocrate' age='A' stat_amour='néant'>POLYDORE DE LA ROUSTECAGNAC</role>, SIGARD.</castItem>
			<castItem><role id="LE MESSAGER D'ANIANE" sex="1" type="H" statut='messager' age='A' stat_amour='néant'>LE MESSAGER D'ANIANE</role>, FRANÇOIS.</castItem>
			<castItem><role id="PREMIER CLIENT" sex="1" type="H" statut='bourgeois' age='A' stat_amour='néant'>PREMIER CLIENT</role>, FRÉVILLE.</castItem>
			<castItem><role id="DEUXIÈME CLIENT" sex="1" type="H" statut='bourgeois' age='A' stat_amour='néant'>DEUXIÈME CLIENT</role>, GIBERT.</castItem>
			<castItem><role id="TROISIÈME CLIENT" sex="1" type="H" statut='bourgeois' age='A' stat_amour='néant'>TROISIÈME CLIENT</role>, HERMET.</castItem>
			<castItem><role id="CLAUDINE" sex="2" type="H" statut='bourgeois' age='A' stat_amour='néant'>CLAUDINE</role>, dix-huit ans. Melle KOLB.</castItem>
			<castItem><role id="LE GARÇON DE GÉLY" sex="1" type="H" statut='employé' age='A' stat_amour='néant'>LE GARÇON DE GÉLY</role>, Melle VALENTINE.</castItem>
		</castList>
		<set location="Pézenas" country="France" periode="XVIIème" gps="43.461531, 3.423193">À Pézenas, dans la boutique du barbier Gély.</set>
		<note>Extrait de "Théâtre Molièresque et Cornélien (...)", Paris, Alphonse Lemerre, éditeur, 1898. pp 41-87</note>
</front>
<body>
<div1 type="act" n="1"><head>LE BARBIER DE PÉZENAS</head>
<div2 type="scene" n="1"><head>SCÈNE PREMIÈRE. Molière, Gély, puis Claudine.</head>
<sp stage="shave" who="GÉLY"><speaker>GÉLY, achevant de raser Molière.</speaker>
	<l id="1" syll="6" part="i">C'est fait, Monsieur_Molière.</l>
</sp>
<sp who="MOLIÈRE"><speaker>MOLIÈRE.</speaker>
	<l id="1" syll="6" part="f">Et fait on ne peut mieux !</l>
	<l id="2">Maître Gély, vraiment vous êtes merveilleux ;</l>
	<l id="3">Grâce à votre rasoir, qu'on me prônait d'avance</l>
	<l id="4">Pour sa lame trempée aux sources de Jouvence,</l>
	<l id="5" syll="6" part="i">Me voilà rajeuni.</l>
</sp>
<sp who="GÉLY"><speaker>GÉLY.</speaker>
	<l id="5" syll="6" part="f">Vous êtes donc bien vieux,</l>
	<l id="6" syll="6" part="i">À trente ans ?</l>
</sp>
<sp who="MOLIÈRE"><speaker>MOLIÈRE.</speaker>
	<l id="6" syll="6" part="f">J'en ai cent par les jours pluvieux !</l>
</sp>
<sp who="GÉLY"><speaker>GÉLY.</speaker>
	<l id="7">Mais il fait grand soleil, et Pézenas flamboie</l>
	<l id="8" syll="6" part="i">Sous un ciel tout azur.</l>
</sp>
<sp who="MOLIÈRE"><speaker>MOLIÈRE.</speaker>
	<l id="8" syll="6" part="f">Aussi j'ai l'âme en joie.</l>
</sp>
<sp who="GÉLY"><speaker>GÉLY.</speaker>
	<l id="9" syll="9" part="i">Gageons que vous avez dîné, vous !</l>
</sp>
<sp who="MOLIÈRE"><speaker>MOLIÈRE.</speaker>
	<l id="9" syll="3" part="f">Oui. Pourquoi</l>
	<l id="10" syll="4" part="i">Cette question ?</l>
</sp>
<sp who="GÉLY"><speaker>GÉLY.</speaker>
	<l id="10" syll="8" part="f">C'est... que je suis à jeun, moi,</l>
	<l id="11" syll="6" part="i">Et que je meurs de faim  !</l>
</sp>
<sp who="MOLIÈRE"><speaker>MOLIÈRE.</speaker>
	<l id="11" syll="6" part="f">Eh bien ! qui vous empêche</l>
	<l id="12">D'arroser un bon plat d'une bouteille fraîche ?</l>
</sp>
<sp who="GÉLY"><speaker>GÉLY.</speaker>
	<l id="13">Joseph ne revient pas de chez le Président ;</l>
	<l id="14" syll="3" part="i">Je suis seul.</l>
</sp>
<sp who="MOLIÈRE"><speaker>MOLIÈRE.</speaker>
	<l id="14" syll="9" part="f">Baste ! Allez vous mettre sous la dent</l>
	<l id="15">Quelque chose, Gély. Je garde la boutique.</l>
</sp>
<sp who="GÉLY"><speaker>GÉLY.</speaker>
	<l id="16" syll="2" part="i">Vous ? Oh  !</l>
</sp>
<sp who="MOLIÈRE"><speaker>MOLIÈRE.</speaker>
	<l id="16" syll="10" part="f">Je répondrai, s'il vient quelque pratique.</l>
</sp>
<sp who="GÉLY"><speaker>GÉLY.</speaker>
	<l id="17" syll="4" part="i">Raserez-vous  ?</l>
</sp>
<sp stage="toward" who="CLAUDINE"><speaker>CLAUDINE, entrant, à Gély.</speaker>
	<l id="17" syll="8" part="f">Monsieur ! La soupe refroidit</l>
	<l id="18" syll="6" part="i">Depuis un grand quart d'heure !</l>
</sp>
<sp stage="stress" who="GÉLY"><speaker>GÉLY, avec humeur.</speaker>
	<l id="18" syll="6" part="f">Et ce garçon maudit</l>
	<l id="19" syll="4" part="i">Ne rentre pas !...</l>
</sp>
<sp who="CLAUDINE"><speaker>CLAUDINE.</speaker>
	<l id="19" syll="8" part="f">Monsieur ! je vous dis que la soupe</l>
	<l id="20" syll="2" part="i">Est froide !</l>
</sp>
<sp who="GÉLY"><speaker>GÉLY.</speaker>
	<l id="20" syll="4" part="m">Bien, Claudine !</l>
</sp>
<sp who="MOLIÈRE"><speaker>MOLIÈRE.</speaker>
	<l id="20" syll="6" part="f">Allez, Gély. Ma troupe</l>
	<l id="21">À cette heure, parbleu ! Peut se passer de moi.</l>
	<l id="22" syll="10" part="i">Vos clients attendront en bavardant.</l>
</sp>
<sp who="GÉLY"><speaker>GÉLY.</speaker>
	<l id="22" syll="2" part="f">Ma foi,</l>
	<l id="23">J'accepte ! Peu d'entre eux sont venus, et je tremble</l>
	<l id="24">De les voir tout à l'heure arriver tous ensemble.</l>
	<l id="25" syll="6" part="i">Je me hâte, excusez...</l>
</sp>
<sp who="MOLIÈRE"><speaker>MOLIÈRE.</speaker>
	<l id="25" syll="6" part="f">Bon ! Ne vous hâtez pas.</l>
	<l id="26">Une sage lenteur règle les bons repas ;</l>
	<l id="27">Et lorsque l'on s'étouffe en avalant trop vite,</l>
	<l id="28">C'est aux héritiers seuls que la chère profite !</l>
</sp>
<sp who="GÉLY"><speaker>GÉLY.</speaker>
	<l id="29">Si je dois étouffer, c'est de rire, un beau jour</l>
	<l id="30">Qu'à mes pauvres clients vous jouerez quelque tour.</l>
	<l id="31" syll="6" part="i">Ménagez-les un peu !</l>
<stage type="away/back">Il va pour sortir, puis revient.</stage>
	<l id="31" syll="5" part="m">Pardon, j'oubliais...</l>
</sp>
<sp stage="stand" who="MOLIÈRE"><speaker>MOLIÈRE, se levant du fauteuil où il est assis.</speaker>
	<l id="31" syll="1" part="f">Qu'est-ce  ?</l>
</sp>
<sp stage="drop" who="GÉLY"><speaker>GÉLY, versant de la monnaie aux deux trous pratiqués dans le coffre en bois du grand fauteuil.</speaker>
	<l id="32">J'oubliais de verser ma monnaie à ma caisse.</l>
</sp>
<sp who="MOLIÈRE"><speaker>MOLIÈRE.</speaker>
	<l id="33">Versez, maître Gély, versez dans les deux trous :</l>
	<l id="34">Ici l'argent ; et là, n'est-ce pas ? les gros sous.</l>
	<l id="35">Siège ou coffre, ce meuble est d'espèce indécise.</l>
</sp>
<sp stage="laugh" who="GÉLY"><speaker>GÉLY, riant.</speaker>
	<l id="36">Je m'en sers pour avoir une fortune... assise.</l>
</sp>
<sp who="CLAUDINE"><speaker>CLAUDINE, passant sa tête par la porte entre-bdillée.</speaker>
	<l id="37" syll="2" part="i">Monsieur  !</l>
</sp>
<sp stage="laugh/push" who="MOLIÈRE"><speaker>MOLIÈRE, riant et poussant Gély vers la porte.</speaker>
	<l id="37" syll="4" part="m">Bon appétit !</l>
</sp>
<sp who="CLAUDINE"><speaker>CLAUDINE.</speaker>
	<l id="37" syll="6" part="f">J'ai faim ; venez manger !</l>
</sp>
</div2>
<div2 type="scene" n="2"><head>SCÈNE II.</head>
<sp stage="alone" who="MOLIÈRE"><speaker>MOLIÈRE, seul.</speaker>
	<l id="38">Brave homme ! Gai de coeur et de cerveau léger,</l>
	<l id="39">Dans ce joli pays qu'un ciel si doux caresse,</l>
	<l id="40">Il va toujours son train, sans émoi, sans paresse,</l>
	<l id="41">Ignorant les jours noirs, les désespoirs, l'ennui,</l>
	<l id="42">Gras, se multipliant... C'est le bonheur... pour lui !</l>
	<l id="43">Il a la comédie humaine à domicile ;</l>
	<l id="44">Il s'acquitte, en riant, de son métier facile,</l>
	<l id="45">Et, loin de payer, lève un impôt sur l'argent</l>
	<l id="46">De tout ce monde absurde, inquiet et changeant.</l>
	<l id="47">Je viens, parbleu ! Moi-même apprendre en sa boutique</l>
	<l id="48">Ce que ne m'apprendraient ni la sagesse antique,</l>
	<l id="49">Ni les auteurs du jour. L'homme le plus banal</l>
	<l id="50">Devient, pour qui sait lire, un livre original ;</l>
	<l id="51">Et bien souvent, c'est en taillant une bavette</l>
	<l id="52">Avec un sot, qu'on voit de quoi la vie est faite.</l>
	<l id="53" syll="4" part="i">Voir, tout est là !</l>
<stage type="entrance">Entre le messager d'Aniane.</stage>
</sp>
</div2>
<div2 type="scene" n="3"><head>SCÈNE III. Molière, Le Messager.</head>
<sp who="LE MESSAGER"><speaker>LE MESSAGER.</speaker>
	<l id="53" syll="8" part="f">Bonjour la compagnie !... Eh ! toi,</l>
	<l id="54">Qu'as-tu donc à bayer aux mouches ? Rase-moi,</l>
	<l id="55" syll="6" part="i">Et plus vite que ça !...</l>
</sp>
<sp who="MOLIÈRE"><speaker>MOLIÈRE.</speaker>
	<l id="55" syll="2" part="m">Monsieur...</l>
</sp>
<sp who="LE MESSAGER"><speaker>LE MESSAGER.</speaker>
	<l id="55" syll="4" part="f">Debout ! te dis-je.</l>
	<l id="56">Pourquoi regardes-tu mon nez, comme un prodige ?</l>
	<l id="57">Tu me regarderas quand je serai rasé ;</l>
	<l id="58" syll="6" part="i">Je serai bien plus beau !</l>
</sp>
<sp who="MOLIÈRE"><speaker>MOLIÈRE.</speaker>
	<l id="58" syll="1" part="m">Mais...</l>
</sp>
<sp who="LE MESSAGER"><speaker>LE MESSAGER.</speaker>
	<l id="58" syll="5" part="f">C'est bon... trop jasé !</l>
</sp>
<sp who="MOLIÈRE"><speaker>MOLIÈRE.</speaker>
	<l id="59" syll="4" part="i">Je ne suis pas...</l>
</sp>
<sp stage="sit" who="LE MESSAGER"><speaker>LE MESSAGER, s'asseyant à une toilette.</speaker>
	<l id="59" syll="8" part="f">Voyons, tête et ventre ! Du linge !</l>
	<l id="60">Et puis la savonnette ! Eh ! Va donc, jeune singe,</l>
	<l id="61">Au lieu de grimacer en te croisant les bras !</l>
	<l id="62">Tu pourras bavarder quand tu me raseras...</l>
<note type="C">Aniane : est une commune à 32 Km au nord-est de Pézenas.</note>
	<l id="63">Je suis le messager ; j'arrive d'Aniane.</l>
</sp>
<sp who="MOLIÈRE"><speaker>MOLIÈRE.</speaker>
	<l id="64" syll="1" part="i">Ah !</l>
</sp>
<sp who="LE MESSAGER"><speaker>LE MESSAGER.</speaker>
	<l id="64" syll="11" part="f">Je n'ai pas le temps d'attendre, tête d'âne !</l>
	<l id="65">J'ai vingt lettres encore à porter, triple oison !</l>
	<l id="66">Il s'en trouve une pour quelqu'un de la maison,</l>
	<l id="67" syll="2" part="i">Au fait !</l>
</sp>
<sp who="MOLIÈRE"><speaker>MOLIÈRE.</speaker>
	<l id="67" syll="1" part="m">Ah ?</l>
</sp>
<sp stage="give" who="LE MESSAGER"><speaker>LE MESSAGER, lui donnant une lettre.</speaker>
	<l id="67" syll="3" part="f">Voilà, tiens !</l>
</sp>
<sp stage="watch" who="MOLIÈRE"><speaker>MOLIÈRE, regardant l'adresse.</speaker>
	<l id="67" syll="6" part="f">Elle est pour la servante</l>
	<l id="68" syll="3" part="i">Claudine.</l>
</sp>
<sp who="LE MESSAGER"><speaker>LE MESSAGER.</speaker>
	<l id="68" syll="4" part="f">Allons, ma barbe !</l>
</sp>
<sp stage="aparte/embarrassed" who="MOLIÈRE"><speaker>MOLIÈRE, à part, avec un embarras comique.</speaker>
	<l id="68" syll="6" part="f">Il faut donc que j'invente</l>
	<l id="69" syll="6" part="i">Une barbe impossible !</l>
</sp>
<sp who="LE MESSAGER"><speaker>LE MESSAGER.</speaker>
	<l id="69" syll="6" part="f">Allons ! Je suis pressé ;</l>
	<l id="70">Un autre aurait fini, tu n'as pas commencé !</l>
</sp>
<sp stage="laugh" who="MOLIÈRE"><speaker>MOLIÈRE, riant.</speaker>
	<l id="71">Baste ! une fois en train, monsieur, j'ai la main prompte.</l>
<stage type="aparte">À part.</stage>
	<l id="72">Je vais l'expédier plus vite qu'il ne compte !</l>
<stage type="shave">Il savonne le messager.</stage>
</sp>
<sp stage="wash" who="LE MESSAGER"><speaker>LE MESSAGER, déjà tout barbouillé.</speaker>
	<l id="73">Me savonneras-tu pendant l'éternité ?</l>
</sp>
<sp who="MOLIÈRE"><speaker>MOLIÈRE.</speaker>
	<l id="74" syll="3" part="i">Un moment !</l>
</sp>
<sp who="LE MESSAGER"><speaker>LE MESSAGER.</speaker>
	<l id="74" syll="9" part="f">Prends bien garde à mon grain de beauté.</l>
</sp>
<sp stage="mysterious" who="MOLIÈRE"><speaker>MOLIÈRE, mystérieusement.</speaker>
	<l id="75">Vous n'avez rencontré personne sur la route ?</l>
</sp>
<sp who="LE MESSAGER"><speaker>LE MESSAGER.</speaker>
	<l id="76" syll="1" part="i">Non !</l>
</sp>
<sp who="MOLIÈRE"><speaker>MOLIÈRE.</speaker>
	<l id="76" syll="8" part="f">L'on ne vous a pas attaqué ?</l>
</sp>
<sp who="LE MESSAGER"><speaker>LE MESSAGER.</speaker>
	<l id="76" syll="3" part="f">Non, sans doute.</l>
	<l id="77">Dis-moi donc un peu, toi, qui m'aurait attaqué ?</l>
</sp>
<sp who="MOLIÈRE"><speaker>MOLIÈRE.</speaker>
	<l id="78">Vous n'avez pas été suivi, surpris, traqué ?</l>
</sp>
<sp who="LE MESSAGER"><speaker>LE MESSAGER.</speaker>
	<l id="79">Non, vrai Dieu ! Je n'ai vu que quatre lavandières</l>
	<l id="80" syll="3" part="i">Près du pont.</l>
</sp>
<sp who="MOLIÈRE"><speaker>MOLIÈRE.</speaker>
	<l id="80" syll="9" part="f">Les brigands et les incendiaires,</l>
	<l id="81" syll="9" part="i">Vous ne les avez pas aperçus ?</l>
</sp>
<sp who="LE MESSAGER"><speaker>LE MESSAGER.</speaker>
	<l id="81" syll="3" part="f">Quels brigands ?</l>
	<l id="82">Que veux-tu dire avec tes airs extravagants ?</l>
</sp>
<sp who="MOLIÈRE"><speaker>MOLIÈRE.</speaker>
	<l id="83" syll="8" part="i">Ils ont pillé, brûlé, tué !...</l>
</sp>
<sp who="LE MESSAGER"><speaker>LE MESSAGER.</speaker>
	<l id="83" syll="4" part="f">Miséricorde !</l>
</sp>
<sp who="MOLIÈRE"><speaker>MOLIÈRE.</speaker>
	<l id="84" syll="5" part="i">Vous n'avez pas vu ?...</l>
</sp>
<sp who="LE MESSAGER"><speaker>LE MESSAGER.</speaker>
	<l id="84" syll="1" part="m">Quoi ?</l>
</sp>
<sp who="MOLIÈRE"><speaker>MOLIÈRE.</speaker>
	<l id="84" syll="6" part="f">Le fer, le feu, la corde !</l>
	<l id="85">Les huguenots maudits sont descendus, hélas !</l>
	<l id="86">Des montagnes ! Ils sont venus dans Pézenas.</l>
</sp>
<sp stage="wash" who="LE MESSAGER"><speaker>LE MESSAGER, se levant tout barbouillé de savon.</speaker>
	<l id="87" syll="6" part="i">Peut-être ils reviendront ?</l>
</sp>
<sp who="MOLIÈRE"><speaker>MOLIÈRE.</speaker>
	<l id="87" syll="6" part="f">Hélas ! Mon pauvre maître,</l>
	<l id="88">Il ne reviendra pas de leurs griffes, peut-être !</l>
</sp>
<sp who="LE MESSAGER"><speaker>LE MESSAGER.</speaker>
	<l id="89" syll="2" part="i">Tu crois ?</l>
</sp>
<sp who="MOLIÈRE"><speaker>MOLIÈRE.</speaker>
	<l id="89" syll="10" part="f">Les bandits l'ont probablement pendu.</l>
</sp>
<sp who="LE MESSAGER"><speaker>LE MESSAGER.</speaker>
	<l id="90" syll="2" part="i">Pendu ?</l>
</sp>
<sp who="MOLIÈRE"><speaker>MOLIÈRE.</speaker>
	<l id="90" syll="2" part="m">Pendu !</l>
</sp>
<sp who="LE MESSAGER"><speaker>LE MESSAGER.</speaker>
	<l id="90" syll="8" part="f">Seigneur ! Ai-je bien entendu ?</l>
</sp>
<sp who="MOLIÈRE"><speaker>MOLIÈRE.</speaker>
	<l id="91">Ils nous pendront sans doute aussi, nous, tout à l'heure.</l>
	<l id="92" syll="5" part="i">Mais votre barbe...</l>
</sp>
<sp stage="away/location" who="LE MESSAGER"><speaker>LE MESSAGER, gagnant la porte.</speaker>
	<l id="92" syll="1" part="m">Non !</l>
</sp>
<sp stage="pull" who="MOLIÈRE"><speaker>MOLIÈRE, le retenant par ses vêtements.</speaker>
	<l id="92" syll="3" part="f">Du calme !</l>
</sp>
<sp who="LE MESSAGER"><speaker>LE MESSAGER.</speaker>
<stage type="away">même jeu que plus haut.</stage>
	<l id="92" syll="3" part="f">Que je meure</l>
	<l id="93" syll="8" part="i">Si je reste un instant de plus !</l>
</sp>
<sp who="MOLIÈRE"><speaker>MOLIÈRE.</speaker>
	<l id="93" syll="4" part="f">Oh ! vous mourrez</l>
	<l id="94">En partant aussi bien qu'en restant... Demeurez !</l>
</sp>
<sp stage="away" who="LE MESSAGER"><speaker>LE MESSAGER, même jeu.</speaker>
	<l id="95" syll="2" part="i">Adieu !</l>
</sp>
<sp who="MOLIÈRE"><speaker>MOLIÈRE.</speaker>
	<l id="95" syll="10" part="f">Vaut-il pas mieux que nous mourions ensemble ?</l>
</sp>
<sp stage="away" who="LE MESSAGER"><speaker>LE MESSAGER, même jeu.</speaker>
	<l id="96" syll="6" part="i">Meurs tout seul ! Lâche-moi.</l>
</sp>
<sp who="MOLIÈRE"><speaker>MOLIÈRE.</speaker>
	<l id="96" syll="6" part="f">Prenez garde ! il me semble</l>
	<l id="97">Voir un agneau courir au-devant du boucher...</l>
</sp>
<sp stage="away" who="LE MESSAGER"><speaker>LE MESSAGER, se dégageant par un effort désespéré.</speaker>
	<l id="98">Homme ou diable, à la fin, veux-tu bien me lâcher !</l>
<stage type="exit">Il se sauve encore tout barbouillé.</stage>
</sp>
</div2>
<div2 type="scene" n="4"><head>SCÈNE IV.</head>
<sp stage="alone/location" who="MOLIÈRE"><speaker>MOLIÈRE, seul, sur le pas de la porte.</speaker>
	<l id="99">Attendez ! — Où court-il ? Il ne court pas ; il vole,</l>
	<l id="100">Il a des ailes... oui, comme une dinde folle !...</l>
	<l id="101">Allons, bon ! Il trébuche !... Il tombe sur le nez... 1-f</l>
	<l id="102">Il reprend son élan... Les gens sont étonnés...</l>
	<l id="103">Il court, il va toujours... On l'apostrophe, on crie...</l>
	<l id="104">On crie : « Au vol ! » On crie : « Au feu ! » Quelle furie !</l>
	<l id="105" syll="6" part="i">Le voilà disparu...</l>
<stage type="entrance">Rentre Gély.</stage>
</sp>
</div2>
<div2 type="scene" n="5"><head>SCÈNE V. Molière, Gély.</head>
<sp stage="listen" who="GÉLY"><speaker>GÉLY, qui a entendu les derniers mots du monologue.</speaker>
	<l id="105" syll="2" part="m">Qui donc ?</l>
</sp>
<sp stage="location" who="MOLIÈRE"><speaker>MOLIÈRE, quittant la porte.</speaker>
	<l id="105" syll="2" part="m">Personne.</l>
</sp>
<sp stage="show/laugh" who="GÉLY"><speaker>GÉLY, le menaçant du doigt et riant.</speaker>
	<l id="105" syll="2" part="f">Encor</l>
	<l id="106">Un tour de votre sac contre quelque butor ?</l>
</sp>
<sp stage="laugh" who="MOLIÈRE"><speaker>MOLIÈRE, riant aussi.</speaker>
	<l id="107">J'ai tenté l'impossible ! Est-il quelque ressource,</l>
	<l id="108">Mon maître, pour raser les lièvres à la course ?</l>
</sp>
<sp who="GÉLY"><speaker>GÉLY.</speaker>
	<l id="109">Vous savez sans rasoir faire la barbe aux gens !</l>
	<l id="110">Quatre à quatre, malgré vos conseils obligeants,</l>
	<l id="111">J'avalais les morceaux, me disant : « Si je tarde,</l>
	<l id="112" syll="6" part="i">Que va-t-il inventer ? »</l>
</sp>
</div2>
<div2 type="scene" n="6"><head>SCÈNE VI. Molière, Gély, Roustecagnac, puis Claudine.</head>
<sp who="ROUSTECAGNAC"><speaker>ROUSTECAGNAC.</speaker>
	<l id="112" syll="6" part="f">Bonnes gens, Dieu vous garde !</l>
</sp>
<sp who="GÉLY"><speaker>GÉLY.</speaker>
	<l id="113">Pour vous servir, monsieur de la Roustecagnac !</l>
<stage type="low/toward">Bas, à Molière.</stage>
	<l id="114">Vous reste-t-il encore un tour dans votre sac ?</l>
</sp>
<sp stage="low/toward" who="MOLIÈRE"><speaker>MOLIÈRE, de même, à Gély.</speaker>
	<l id="115" syll="6" part="i">Peut-être. Nous verrons...</l>
</sp>
<sp who="ROUSTECAGNAC"><speaker>ROUSTECAGNAC.</speaker>
	<l id="115" syll="6" part="f">Maître Gély, l'épée</l>
	<l id="116">Que tu vois, ce matin fut d'un sang noir trempée.</l>
</sp>
<sp who="GÉLY"><speaker>GÉLY.</speaker>
	<l id="117" syll="1" part="i">Ciel !</l>
</sp>
<sp who="ROUSTECAGNAC"><speaker>ROUSTECAGNAC.</speaker>
	<l id="117" syll="11" part="f">J'avais rendez-vous, au fond du petit bois,</l>
	<l id="118">Avec une marquise, à laquelle parfois</l>
	<l id="119">Il m'est permis de rendre un tendre et juste hommage.</l>
	<l id="120">J'arrive. Elle me dit en son gentil ramage :</l>
	<l id="121">« Polydore ! Pourquoi me faire attendre ainsi ? »</l>
	<l id="122">Je la console avec un baiser ; quand voici</l>
	<l id="123">Trois grands drôles, masqués de noir, portant cuirasse,</l>
	<l id="124">Qui sortent des taillis pendant que je l'embrasse</l>
	<l id="125">Et veulent arracher la belle de mon sein.</l>
	<l id="126">Je dégaine, aussitôt que je vois leur dessein ;</l>
	<l id="127">Mon corps fait un rempart à la dame éplorée,</l>
	<l id="128">Et le premier des trois, la panse perforée,</l>
	<l id="129">Tombe ! Des deux coquins qui restent, l'un s'enfuit,</l>
	<l id="130">L'autre veut lutter ; mais, pour qu'il s'en aille instruit</l>
	<l id="131">Du respect que l'on doit aux dames non pareilles,</l>
	<l id="132">Je lui coupe, d'un coup preste, les deux oreilles !...</l>
<stage type="entrance">Au milieu du récit de Roustecagnac, Claudine est entrée, apportant de l'eau chaude, et s'est arrêtée à écouter.</stage>
</sp>
<sp who="MOLIÈRE"><speaker>MOLIÈRE.</speaker>
	<l id="133" syll="6" part="i">Quoi ! Les deux à la fois ?</l>
</sp>
<sp who="ROUSTECAGNAC"><speaker>ROUSTECAGNAC.</speaker>
	<l id="133" syll="6" part="f">Les deux, n'en doutez point !</l>
	<l id="134">Je les ai là, dans les poches de mon pourpoint ;</l>
	<l id="135" syll="4" part="i">Vous allez voir.</l>
<stage type="search">Il fouille dans toutes ses poches.</stage>
	<l id="135" syll="8" part="f">Tiens ! Tiens ! Où donc sont-elles ?... Diantre !</l>
	<l id="136">Quelque chien trop goulu, n'ayant rien dans le ventre,</l>
	<l id="137">A dû les y happer sans vergogne, tandis</l>
<note type="L">Cadédis : juron gascon de la comédie du XVIIème.</note>
	<l id="138">Que je réconfortais la belle, cadédis !</l>
</sp>
<sp who="GÉLY"><speaker>GÉLY.</speaker>
	<l id="139" syll="2" part="i">Bravo !</l>
</sp>
<sp who="MOLIÈRE"><speaker>MOLIÈRE.</speaker>
	<l id="139" syll="10" part="f">Mais quels étaient ces ravisseurs de femmes ?</l>
</sp>
<sp who="ROUSTECAGNAC"><speaker>ROUSTECAGNAC.</speaker>
	<l id="140">Je crois savoir qui les soudoya, les infâmes.</l>
	<l id="141">Oui, vous n'ignorez pas qu'ici, le mois dernier,</l>
	<l id="142">Dans le pavillon vieux, près du pont au meunier,</l>
	<l id="143">Trois jours, incognito, resta Mademoiselle...</l>
</sp>
<sp who="GÉLY"><speaker>GÉLY.</speaker>
	<l id="144" syll="6" part="i">Mademoiselle qui ?</l>
</sp>
<sp who="ROUSTECAGNAC"><speaker>ROUSTECAGNAC.</speaker>
	<l id="144" syll="6" part="f">Mais, tête de crécelle,</l>
	<l id="145" syll="6" part="i">La cousine du roi.</l>
</sp>
<sp who="GÉLY"><speaker>GÉLY.</speaker>
	<l id="145" syll="4" part="m">Vous êtes sûr ?</l>
</sp>
<sp who="ROUSTECAGNAC"><speaker>ROUSTECAGNAC.</speaker>
	<l id="145" syll="2" part="f">Parbleu !</l>
</sp>
<sp who="GÉLY"><speaker>GÉLY.</speaker>
	<l id="146" syll="8" part="i">Bah ! qu'avait-elle à faire ici ?</l>
</sp>
<sp who="ROUSTECAGNAC"><speaker>ROUSTECAGNAC.</speaker>
	<l id="146" syll="4" part="f">Cherchez un peu.</l>
</sp>
<sp who="MOLIÈRE"><speaker>MOLIÈRE.</speaker>
	<l id="147" syll="11" part="i">Une intrigue amoureuse a dû l'amener...</l>
</sp>
<sp who="ROUSTECAGNAC"><speaker>ROUSTECAGNAC.</speaker>
	<l id="147" syll="1" part="f">Juste !</l>
</sp>
<sp who="MOLIÈRE"><speaker>MOLIÈRE.</speaker>
	<l id="148">Et le mortel heureux que cette dame auguste</l>
	<l id="149" syll="6" part="i">Voulut bien distinguer ?...</l>
</sp>
<sp who="ROUSTECAGNAC"><speaker>ROUSTECAGNAC.</speaker>
	<l id="149" syll="4" part="m">Cherchez un peu.</l>
<stage type="think">Molière et Gély feignent de méditer profondément.</stage>
	<l id="149" syll="2" part="f">C'est moi !</l>
</sp>
<sp who="GÉLY"><speaker>GÉLY.</speaker>
	<l id="150">C'est vous que distingua la cousine du roi ?</l>
	<l id="151">Vive Dieu ! Touchez là, mon heureux gentilhomme...</l>
</sp>
<sp who="ROUSTECAGNAC"><speaker>ROUSTECAGNAC.</speaker>
	<l id="152" syll="5" part="i">Cela vous surprend ?</l>
</sp>
<sp who="GÉLY"><speaker>GÉLY.</speaker>
	<l id="152" syll="7" part="f">Moi ? Non !... C'est très simple, en somme.</l>
</sp>
<sp who="ROUSTECAGNAC"><speaker>ROUSTECAGNAC.</speaker>
	<l id="153" syll="6" part="i">Vous ne deviniez pas ?</l>
</sp>
<sp who="GÉLY"><speaker>GÉLY.</speaker>
	<l id="153" syll="6" part="f">Benêt, homme ingénu,</l>
	<l id="154" syll="4" part="i">Sot que je suis !</l>
</sp>
<sp who="MOLIÈRE"><speaker>MOLIÈRE.</speaker>
	<l id="154" syll="8" part="f">Comment vous a-t-elle connu ?</l>
</sp>
<sp who="ROUSTECAGNAC"><speaker>ROUSTECAGNAC.</speaker>
	<l id="155">Voici. Les grands amis qu'à la cour je possède,</l>
	<l id="156">Sans cesse lui parlaient d'un homme à qui tout cède.</l>
	<l id="157">Voulait-elle du bien à quelque beau seigneur ?</l>
	<l id="158">« Si ce galant,'à qui vous faites trop d'honneur,</l>
	<l id="159">Vous semble, disaient-ils, mériter qu'on l'adore,</l>
	<l id="160">Que penseriez-vous donc de monsieur Polydore</l>
	<l id="161">De la Roustecagnac, le coq du Languedoc !</l>
	<l id="162">Près de lui, les plus fiers de nos porteurs d'estoc,</l>
	<l id="163">Les plus beaux, paraîtraient des valets de charrue. »</l>
	<l id="164">Sur ces récits, elle est, pour me voir, accourue,</l>
	<l id="165">M'a cherché, m'a trouvé, s'est éprise de moi.</l>
</sp>
<sp who="MOLIÈRE"><speaker>MOLIÈRE.</speaker>
	<l id="166" syll="6" part="i">Lui fûtes-vous cruel ?</l>
</sp>
<sp who="ROUSTECAGNAC"><speaker>ROUSTECAGNAC.</speaker>
	<l id="166" syll="6" part="f">Tout d'abord, oui, ma foi !</l>
	<l id="167" syll="6" part="i">Je suis de Pézenas.</l>
</sp>
<sp who="MOLIÈRE"><speaker>MOLIÈRE.</speaker>
	<l id="167" syll="6" part="f">Mais vous devîntes tendre ?</l>
</sp>
<sp who="ROUSTECAGNAC"><speaker>ROUSTECAGNAC.</speaker>
	<l id="168">Il n'était pas séant de la trop faire attendre.</l>
</sp>
<sp who="MOLIÈRE"><speaker>MOLIÈRE.</speaker>
	<l id="169" syll="1" part="i">Non.</l>
</sp>
<sp who="ROUSTECAGNAC"><speaker>ROUSTECAGNAC.</speaker>
	<l id="169" syll="11" part="f">Le jour même où, las de la tant rudoyer,</l>
	<l id="170">Je laissais la princesse enfin me... tutoyer,</l>
	<l id="171">Sur un ordre du roi, prévenu par l'envie,</l>
	<l id="172">Elle me fut, malgré ses pleurs, soudain ravie.</l>
	<l id="173">Mais avant de partir elle aposta les gens</l>
	<l id="174">De là-bas, pour lutter contre mes goûts changeants,</l>
	<l id="175">Et m'empêcher d'aimer toute autre créature.</l>
	<l id="176">Elle m'écrit. Si vous voyiez son écriture !</l>
	<l id="177" syll="2" part="i">Tenez...</l>
<stage type="search">Il fouille de nouveau dans toutes ses poches.</stage>
	<l id="177" syll="10" part="f">Mais qu'ai-je fait de tous ses billets doux ?</l>
	<l id="178">Je les avais serrés, j'en suis sûr, là-dessous.</l>
	<l id="179">Les voici !... Non. Mordiou ! qui m'a pris ces merveilles ?</l>
</sp>
<sp stage="serious" who="MOLIÈRE"><speaker>MOLIÈRE, très sérieux.</speaker>
	<l id="180">C'est peut-être le chien qui vola les oreilles.</l>
<stage type="laugh/hide">Claudine rit sous cape.</stage>
</sp>
<sp who="ROUSTECAGNAC"><speaker>ROUSTECAGNAC.</speaker>
	<l id="181">Quel chien ? Ah ! oui, c'est vrai. Le maudit chien ! J'avais</l>
	<l id="182">L'esprit ailleurs ; c'est bien à lui que je rêvais !</l>
</sp>
<sp stage="laugh" who="CLAUDINE"><speaker>CLAUDINE, éclatant de rire.</speaker>
	<l id="183" syll="3" part="i">Hi ! hi ! hi !</l>
</sp>
<sp stage="toward" who="ROUSTECAGNAC"><speaker>ROUSTECAGNAC,à Claudine.</speaker>
	<l id="183" syll="5" part="m">Qu'as-tu donc à rire ?</l>
</sp>
<sp who="CLAUDINE"><speaker>CLAUDINE.</speaker>
	<l id="183" syll="3" part="f">Je me mouche !</l>
<stage type="sit">Roustecagnac s'assoit.</stage>
</sp>
<sp stage="laugh" who="CLAUDINE"><speaker>CLAUDINE, riant encore.</speaker>
	<l id="184" syll="2" part="i">Hi ! hi !</l>
</sp>
<sp stand="stand" who="ROUSTECAGNAC"><speaker>ROUSTECAGNAC, se levant.</speaker>
	<l id="184" syll="8" part="m">Te moques-tu ? qu'est-ce encore ?</l>
</sp>
<sp who="CLAUDINE"><speaker>CLAUDINE.</speaker>
	<l id="184" syll="2" part="f">Une mouche</l>
	<l id="185" syll="8" part="i">M'a chatouillé le nez... Hi ! hi !...</l>
</sp>
<sp stage="anger" who="ROUSTECAGNAC"><speaker>ROUSTECAGNAC, en colère.</speaker>
	<l id="185" syll="4" part="f">Te tairas-tu,</l>
	<l id="186">Péronnelle ?... Voyez ce petit air pointu !</l>
</sp>
</div2>
<div2 type="scene" n=""><head>SCÈNE VII. Molière, Gély, Roustecagnac, Claudine, puis Le garçon de Gély et Trois clients.</head>
<stage type="shave">Pendant cette scène, Gély et son garçon rasent Roustecagnac et les clients.</stage>
<sp stage="closer/location" who="MOLIÈRE"><speaker>MOLIÈRE, intervenant entre Claudine et Roustecagnac.</speaker>
	<l id="187">Paix là, Claudine ! On m'a chargé de te remettre</l>
	<l id="188" syll="3" part="i">Quelque chose...</l>
</sp>
<sp stage="estonish" who="CLAUDINE"><speaker>CLAUDINE, très étonnée.</speaker>
	<l id="188" syll="4" part="m">Quoi donc ?... À moi ?...</l>
</sp>
<sp who="MOLIÈRE"><speaker>MOLIÈRE.</speaker>
	<l id="188" syll="5" part="f">Tiens, cette lettres.</l>
</sp>
<sp who="CLAUDINE"><speaker>CLAUDINE.</speaker>
	<l id="189">Une lettre ? Ah ! bien sûr, ça vient de Jean Éloi.</l>
	<l id="190">Il est, vous le savez, au service du roi ;</l>
	<l id="191" syll="6" part="i">Il m'écrit quand il peut.</l>
</sp>
<sp stage="shave" who="GÉLY"><speaker>GÉLY, commençant à faire la barbe à Roustecagnac qui s'est assis, la serviette au cou.</speaker>
	<l id="191" syll="6" part="f">Et qu'est-ce qu'il te conte ?</l>
	<l id="192" syll="5" part="i">C'est ton amoureux ?</l>
</sp>
<sp who="CLAUDINE"><speaker>CLAUDINE.</speaker>
	<l id="192" syll="1" part="m">Oui.</l>
</sp>
<sp who="GÉLY"><speaker>GÉLY.</speaker>
	<l id="192" syll="6" part="f">Quoi ! Tu n'as pas de honte ?</l>
</sp>
<sp who="CLAUDINE"><speaker>CLAUDINE.</speaker>
	<l id="193" syll="6" part="i">En tout bien, tout honneur !</l>
</sp>
<sp who="GÉLY"><speaker>GÉLY.</speaker>
	<l id="193" syll="1" part="m">Vrai ?</l>
</sp>
<sp who="CLAUDINE"><speaker>CLAUDINE.</speaker>
	<l id="193" syll="5" part="f">C'est mon fiancé.</l>
	<l id="194" syll="5" part="i">Lisez-moi cela.</l>
</sp>
<sp who="GÉLY"><speaker>GÉLY.</speaker>
	<l id="194" syll="7" part="f">Moi ? C'est que je suis pressé.</l>
	<l id="195" syll="11" part="i">Donne plutôt ta lettre à ce monsieur-là.</l>
<stage type="show">Montrant Molière.</stage>
	<l id="195" syll="1" part="f">Donne...</l>
	<l id="196">Vite !... Il te la lira, vois-tu, mieux que personne.</l>
</sp>
<sp stage="toward" who="CLAUDINE"><speaker>CLAUDINE, à Molière.</speaker>
	<l id="197" syll="8" part="i">Voulez-vous ? Je ne sais pas lire.</l>
</sp>
<sp stage="get" who="MOLIÈRE"><speaker>MOLIÈRE, prenant la lettre.</speaker>
	<l id="197" syll="4" part="f">Oui, mon enfant.</l>
<stage type="open/read">Il ouvre et regarde la lettre.</stage>
	<l id="198">Diable ! il faut déchiffrer la chose auparavant.</l>
	<l id="199">Jean n'est pas un grand clerc, et sans subir l'entrave</l>
	<l id="200">D'aucune règle, il va du grenier à la cave !</l>
</sp>
<sp stage="naive" who="CLAUDINE"><speaker>CLAUDINE, naïvement.</speaker>
	<l id="201">Ah ! Monsieur, Jean passait tout son temps de loisir</l>
	<l id="202">À la cave pour boire, au grenier pour dormir ;</l>
	<l id="203" syll="6" part="i">Il est resté le même.</l>
</sp>
<sp who="ROUSTECAGNAC"><speaker>ROUSTECAGNAC.</speaker>
	<l id="203" syll="6" part="f">Elle rit, la petite !</l>
</sp>
<sp who="MOLIÈRE"><speaker>MOLIÈRE.</speaker>
	<l id="204" syll="5" part="i">Tu l'aimes, ainsi fait ?</l>
</sp>
<sp who="GÉLY"><speaker>GÉLY.</speaker>
	<l id="204" syll="7" part="f">Il se dégrise vite ;</l>
	<l id="205">Et puis, le bon vin rend plus tendre Jean Éloi.</l>
</sp>
<sp stage="stand/shave/touch" who="ROUSTECAGNAC"><speaker>ROUSTECAGNAC, se levant à demi rasé pour prendre la taille à Claudine.</speaker>
	<l id="206">Je n'en ai pas besoin pour être aimable, moi !</l>
</sp>
<sp who="CLAUDINE"><speaker>CLAUDINE.</speaker>
	<l id="207">Voulez-vous bien rester tranquille, ou je vous lance</l>
	<l id="208" syll="3" part="i">Un soufflet !</l>
</sp>
<sp stage="sit" who="ROUSTECAGNAC"><speaker>ROUSTECAGNAC, se rasseyant.</speaker>
	<l id="208" syll="3" part="m">Oh ! Que non !</l>
</sp>
<sp who="CLAUDINE"><speaker>CLAUDINE.</speaker>
	<l id="208" syll="6" part="f">Le monsieur lit. Silence !</l>
</sp>
<sp stage="aparte/location/read" who="MOLIÈRE"><speaker>MOLIÈRE, à part, sur le devant de la scène, lisant avec difficulté.</speaker>
	<l id="209">« Ma Claudine ! je prends la plume en cet instant</l>
	<l id="210">Pour te faire assavoir que je suis bien portant ;</l>
	<l id="211">Cependant l'autre jour j'eus de fortes coliques,</l>
	<l id="212" syll="8" part="i">Après avoir trop bu de cidre... »</l>
<stage type="stop">S'interrompant.</stage>
	<l id="212" syll="4" part="f">Ô bucoliques !</l>
<stage type="continue">Reprenant.</stage>
	<l id="213">« Le sergent crie. On est très mal nourri. Je n'ai</l>
	<l id="214">Qu'une chemise à mettre. Ah ! je n'étais pas né</l>
	<l id="215">Pour mourir à la peine et pour manquer de vivres !</l>
	<l id="216">Si je pouvais trouver seulement deux cents livres,</l>
	<l id="217">Pour revenir chez nous ! » Signé : « Jean. » - Animal,</l>
	<l id="218">Que l'on aime si bien et qui répond si mal !</l>
</sp>
<sp who="CLAUDINE"><speaker>CLAUDINE.</speaker>
	<l id="219" syll="3" part="i">Que dit Jean ?</l>
</sp>
<sp stage="aparte" who="MOLIÈRE"><speaker>MOLIÈRE, à part.</speaker>
	<l id="219" syll="9" part="f">Elle croit qu'il lui dit des merveilles.</l>
	<l id="220">Comme elle tend déjà ses petites oreilles !</l>
	<l id="221">Lui lirai-je ceci tout sec ?... Nous broderons.</l>
</sp>
<sp who="CLAUDINE"><speaker>CLAUDINE.</speaker>
	<l id="222" syll="6" part="i">Il écrit bien, monsieur ?</l>
</sp>
<sp who="MOLIÈRE"><speaker>MOLIÈRE.</speaker>
	<l id="222" syll="6" part="f">Il fait les 0 bien ronds.</l>
</sp>
<sp who="CLAUDINE"><speaker>CLAUDINE.</speaker>
	<l id="223" syll="4" part="i">Que m'écrit-il ?</l>
</sp>
<sp who="MOLIÈRE"><speaker>MOLIÈRE.</speaker>
	<l id="223" syll="8" part="f">Voici ce qu'il te mande, écoute !</l>
<stage type="read">Feignant de lire sur la lettre ce qu'il dit.</stage>
	<l id="224">« Claudine, m'aimes-tu ? Moi, je t'aime de toute</l>
	<l id="225">Ma force... Il est bien dur le service du Roi ;</l>
	<l id="226">Mais mon plus grand chagrin, c'est d'être loin de toi ! »</l>
</sp>
<sp who="CLAUDINE"><speaker>CLAUDINE.</speaker>
	<l id="227" syll="6" part="i">Hein, Monsieur ? Comme il m'aime !</l>
</sp>
<sp stage="read/watch" who="MOLIÈRE"><speaker>MOLIÈRE, même jeu, et regardant par moments Claudine.</speaker>
	<l id="227" syll="6" part="f">« Et de loin, ma Claudine,</l>
	<l id="228">Je crois te voir, je vois ta prunelle mutine,</l>
	<l id="229">Ta bouche aux blanches dents où le rire est si prompt,</l>
	<l id="230">Tes cheveux bruns, si bien arrangés sur ton front,</l>
	<l id="231">Ta fossette au menton, ta fossette à la joue,</l>
	<l id="232">Tes narines au vent, et ta gentille moue</l>
	<l id="233">De jeune chat qui veut boire du lait trop chaud... »</l>
</sp>
<sp who="CLAUDINE"><speaker>CLAUDINE.</speaker>
	<l id="234">Hein ? comme il se souvient de moi, monsieur ! Il faut'</l>
	<l id="235" syll="6" part="i">Qu'il m'aime joliment !</l>
</sp>
<sp stage="read/watch" who="MOLIÈRE"><speaker>MOLIÈRE, même jeu.</speaker>
	<l id="235" syll="6" part="f">« Je songe avec délice</l>
	<l id="236">À ce que j'entrevois sous ton fichu qui glisse... »</l>
</sp>
<sp stage="dress" who="CLAUDINE"><speaker>CLAUDINE, refermant son fichu.</speaker>
	<l id="237" syll="1" part="i">Oh !</l>
</sp>
<sp who="MOLIÈRE"><speaker>MOLIÈRE.</speaker>
	<l id="237" syll="6" part="f">Pourquoi le fermer ? Il ne verra plus rien.</l>
</sp>
<sp who="CLAUDINE"><speaker>CLAUDINE.</speaker>
	<l id="238">Il en voit bien assez ! - Lisez ; vous lisez bien,</l>
	<l id="239" syll="4" part="i">Mon bon monsieur !</l>
</sp>
<sp stage="read/watch" who="MOLIÈRE"><speaker>MOLIÈRE, même jeu que plus haut.</speaker>
	<l id="239" syll="8" part="f">« Tout ça me trouble, et je m'arrête :</l>
	<l id="240">Car je deviendrais lâche, ou je perdrais la tête !</l>
	<l id="241">- Sais-tu que nous avons livré bataille ? »</l>
</sp>
<sp who="CLAUDINE"><speaker>CLAUDINE.</speaker>
	<l id="242" syll="1" part="i">Non !</l>
</sp>
<sp stage="read/watch" who="MOLIÈRE"><speaker>MOLIÈRE, même jeu.</speaker>
	<l id="242" syll="11" part="f">« Trois jours et quatre nuits a tonné le canon.</l>
	<l id="243" syll="4" part="i">C'était terrible... »</l>
</sp>
<sp who="CLAUDINE"><speaker>CLAUDINE.</speaker>
	<l id="243" syll="1" part="m">Dieu !</l>
</sp>
<sp stage="read/watch" who="MOLIÈRE"><speaker>MOLIÈRE, même jeu.</speaker>
	<l id="243" syll="7" part="f">« Nous vivions dans la flamme ;</l>
	<l id="244">Nous aimions le danger qui nous grandissait l'âme ;</l>
	<l id="245">Sans reculer d'un pas et sans perdre nos rangs,</l>
	<l id="246">Nous marchions à travers les morts et les mourants. »</l>
</sp>
<sp who="CLAUDINE"><speaker>CLAUDINE.</speaker>
	<l id="247" syll="4" part="i">Qu'il est brave !</l>
</sp>
<sp who="ROUSTECAGNAC"><speaker>ROUSTECAGNAC.</speaker>
	<l id="247" syll="8" part="f">C'est beau, la guerre, ma colombe !</l>
</sp>
<sp stage="read/watch" who="MOLIÈRE"><speaker>MOLIÈRE, même jeu.</speaker>
	<l id="248">« J'eus le bras fracassé soudain par une bombe... »</l>
</sp>
<sp stage="fall/faint" who="CLAUDINE"><speaker>CLAUDINE, tombant sur une chaise et se trouvant mal.</speaker>
	<l id="249" syll="2" part="i">Jésus !</l>
</sp>
<sp stage="aparte" who="MOLIÈRE"><speaker>MOLIÈRE, à part.</speaker>
	<l id="249" syll="10" part="f">La fiction m'a trop loin emporté.</l>
	<l id="250" syll="4" part="i">Pauvre Claudine !</l>
<stage type="loud/closer/awake">Haut, à Claudine autour de laquelle on s'est empressé et qui revient à elle.</stage>
	<l id="250" syll="2" part="m">Écoute !</l>
</sp>
<sp stage="listen/cry" who="CLAUDINE"><speaker>CLAUDINE, sans l'entendre, sanglotant.</speaker>
	<l id="250" syll="6" part="f">Oh ! Quelle atrocité !</l>
	<l id="251">Me tuer mon Jean ! — Roi maudit ! guerre maudite !</l>
	<l id="252" syll="9" part="i">Je vais mourir aussi !... Plus d'espoir !...</l>
</sp>
<sp stage="" who="MOLIÈRE"><speaker>MOLIÈRE, faisant de vains efforts pour être entendu.</speaker>
	<l id="252" syll="3" part="f">Mais, petite,</l>
	<l id="253" syll="2" part="i">Attends !..</l>
</sp>
<sp stage="cry" who="CLAUDINE"><speaker>CLAUDINE, sanglotant toujours.</speaker>
	<l id="253" syll="4" part="f">Mon pauvre Jean !...</l>
</sp>
<sp who="GÉLY"><speaker>GÉLY, à Claudine.</speaker>
	<l id="253" syll="6" part="f">Ne pleure pas si fort,</l>
	<l id="254">Sotte ! Puisqu'il t'écrit, c'est donc qu'il n'est pas mort.</l>
</sp>
<sp stage="smile" who="CLAUDINE"><speaker>CLAUDINE, souriant à travers ses larmes.</speaker>
	<l id="255" syll="2" part="i">C'est vrai !</l>
</sp>
<sp stage="cry" who="GÉLY"><speaker>GÉLY, à Claudine.</speaker>
	<l id="255" syll="10" part="f">Si pour un bras de moins il en est quitte...</l>
</sp>
<sp who="CLAUDINE"><speaker>CLAUDINE, sanglotant de plus belle.</speaker>
	<l id="256" syll="6" part="i">Manchot ! Mon Jean manchot !</l>
</sp>
<sp who="MOLIÈRE"><speaker>MOLIÈRE.</speaker>
	<l id="256" syll="6" part="f">Mais attends donc la suite !</l>
	<l id="257" syll="6" part="i">Pourquoi m'interromps-tu ?</l>
<stage type="get">Feignant de reprendre sur la lettre.</stage>
	<l id="257" syll="6" part="f">« J'eus le bras fracassé... »</l>
</sp>
<sp stage="cry" who="CLAUDINE"><speaker>CLAUDINE, sanglotant.</speaker>
	<l id="258" syll="2" part="i">Seigneur !...</l>
</sp>
<sp stage="read/quick" who="MOLIÈRE"><speaker>MOLIÈRE, même jeu, très vite.</speaker>
	<l id="258" syll="10" part="f">« Heureusement que, vite et bien pansé,</l>
	<l id="259" syll="3" part="i">Je guéris ! »</l>
</sp>
<sp stage="laugh/cry" who="CLAUDINE"><speaker>CLAUDINE, riant et pleurant à la fois.</speaker>
	<l id="259" syll="6" part="f">Quel bonheur ! Tenez, de bonne grâce</l>
	<l id="260" syll="8" part="i">Laissez-vous embrasser, Monsieur !</l>
</sp>
<sp stage="kiss" who="MOLIÈRE"><speaker>MOLIÈRE, tendant la joue.</speaker>
	<l id="260" syll="2" part="m">Embrasse !</l>
</sp>
<sp stage="rear/quick" who="ROUSTECAGNAC"><speaker>ROUSTECAGNAC, même jeu.</speaker>
	<l id="260" syll="2" part="f">Embrasse !</l>
</sp>
<sp who="CLAUDINE"><speaker>CLAUDINE.</speaker>
	<l id="261" syll="6" part="i">Pas vous, vilain magot !</l>
<stage type="entrance">Deux clients et le garçon de Gély sont entrés successivement.</stage>
</sp>
<sp stage="" who="ROUSTECAGNAC"><speaker>ROUSTECAGNAC, bas, à Gély.</speaker>
	<l id="261" syll="6" part="f">Voilà ! Tous ces témoins</l>
	<l id="262">L'intimident, Gély ; mais dans les petits coins,</l>
	<l id="263">Quand nul ne nous observe, elle est moins difficile.</l>
</sp>
<sp who="CLAUDINE"><speaker>CLAUDINE.</speaker>
	<l id="264" syll="3" part="i">Que dit-il ?</l>
</sp>
<sp who="ROUSTECAGNAC"><speaker>ROUSTECAGNAC.</speaker>
	<l id="264" syll="1" part="m">Rien !</l>
</sp>
<sp stage="toward" who="GÉLY"><speaker>GÉLY, à un nouveau client qui vient d'entrer.</speaker>
	<l id="264" syll="4" part="m">Bonjour, Monsieur.</l>
</sp>
<sp stage="contempt" who="CLAUDINE"><speaker>CLAUDINE, haussant les épaules en regardant Roustecagnac.</speaker>
	<l id="264" syll="4" part="f">Grand imbécile !</l>
<stage type="furious/sit/laugh">Roustecagnac se lève furieux et se rassoit aux rires des assistants. Le garçon barbier, après avoir été grondépar Gély pour son retard, se met à raser un client.</stage>
</sp>
<sp who="MOLIÈRE"><speaker>MOLIÈRE.</speaker>
	<l id="265" syll="4" part="i">Ce n'est pas tout.</l>
</sp>
<sp who="CLAUDINE"><speaker>CLAUDINE.</speaker>
	<l id="265" syll="2" part="m">Voyons !</l>
</sp>
<sp stage="read" who="MOLIÈRE"><speaker>MOLIÈRE, continuant la lecture feinte.</speaker>
	<l id="265" syll="6" part="f">« Ma guérison, — un peu</l>
	<l id="266">Miraculeuse, — et ma belle tenue au feu</l>
	<l id="267">Firent, comme l'on dit, quelque bruit dans le monde. »</l>
</sp>
<sp who="CLAUDINE"><speaker>CLAUDINE, avec admiration.</speaker>
	<l id="268" syll="1" part="i">Ah !</l>
</sp>
<sp stage="read" who="MOLIÈRE"><speaker>MOLIÈRE, même jeu.</speaker>
	<l id="268" syll="11" part="f">« De tous les côtés on s'en vint à la ronde</l>
	<l id="269">Me voir, palper mon bras et me questionner ;</l>
	<l id="270">Et je fus invité tous les jours à dîner. »</l>
</sp>
<sp who="CLAUDINE"><speaker>CLAUDINE.</speaker>
	<l id="271">Vraiment, on s'en venait le voir par ribambelles ?</l>
</sp>
<sp who="MOLIÈRE"><speaker>MOLIÈRE.</speaker>
	<l id="272">« Il vint de grands seigneurs et des dames bien belles,</l>
	<l id="273">Plus belles qu'on n'en vit jamais dans nos cantons... »</l>
</sp>
<sp stage="stress" who="CLAUDINE"><speaker>CLAUDINE, tressaillant.</speaker>
	<l id="274" syll="3" part="i">Des dames !</l>
</sp>
<sp stage="toward" who="GÉLY"><speaker>GÉLY, à Roustecagnac dont la barbe est faite.</speaker>
	<l id="274" syll="7" part="m">C'est fini pour vous, Monsieur.</l>
</sp>
<sp stage="aparte/watch" who="MOLIÈRE"><speaker>MOLIÈRE, à part, regardant Claudine.</speaker>
	<l id="274" syll="2" part="f">Tâtons</l>
	<l id="275">Ce petit coeur encor... Comme elle est aux écoutes !</l>
</sp>
<sp stage="toward" who="GÉLY"><speaker>GÉLY, aux clients qui attendent.</speaker>
	<l id="276">À qui le tour, messieurs ?</l>
</sp>
<sp stage="aparte/watch" who="MOLIÈRE"><speaker>MOLIÈRE, continuant.</speaker>
	<l id="276" syll="6" part="f">« La plus belle de toutes</l>
	<l id="277">S'est éprise pour moi d'un violent amour... »</l>
</sp>
<sp who="CLAUDINE"><speaker>CLAUDINE.</speaker>
	<l id="278" syll="7" part="i">Pour lui ? Pas pour lui ! Non !</l>
</sp>
<sp stage="aparte/watch" who="MOLIÈRE"><speaker>MOLIÈRE, même jeu.</speaker>
	<l id="278" syll="5" part="f">« Elle me fait la cour</l>
	<l id="279" syll="10" part="i">Et veut absolument être ma femme... »</l>
</sp>
<sp who="GÉLY"><speaker>GÉLY.</speaker>
	<l id="279" syll="2" part="f">Diable !</l>
</sp>
<sp stage="nervous" who="CLAUDINE"><speaker>CLAUDINE, serrant les poings.</speaker>
	<l id="280" syll="6" part="i">Ah ! Si je la tenais !...</l>
</sp>
<sp stage="laugh" who="GÉLY"><speaker>GÉLY, riant.</speaker>
	<l id="280" syll="6" part="f">Ce serait effroyable !</l>
</sp>
<sp who="CLAUDINE"><speaker>CLAUDINE.</speaker>
	<l id="281" syll="6" part="i">Sa femme ! Être sa femme !</l>
</sp>
<sp stage="read" who="MOLIÈRE"><speaker>MOLIÈRE, même jeu et haussant la voix pour être bien entendu par Roustecagnac.</speaker>
	<l id="281" syll="6" part="f">« Elle est folle de moi.</l>
	<l id="282">On m'affirme qu'elle est la cousine du Roi. »</l>
</sp>
<sp who="CLAUDINE"><speaker>CLAUDINE.</speaker>
	<l id="283" syll="3" part="i">La cousine ?...</l>
</sp>
<sp who="ROUSTECAGNAC"><speaker>ROUSTECAGNAC.</speaker>
	<l id="283" syll="2" part="m">Du Roi ?</l>
</sp>
<sp who="MOLIÈRE"><speaker>MOLIÈRE.</speaker>
	<l id="283" syll="3" part="m">C'est écrit.</l>
<stage type="low/toward/show">Bas, à Gély, en lui montrant Roustecagnac.</stage>
	<l id="283" syll="3" part="f">Sait-il lire ?</l>
</sp>
<sp stage="low/toward" who="GÉLY"><speaker>GÉLY, bas, à Molière.</speaker>
	<l id="284" syll="8" part="i">Non ! Je comprends ; allez toujours.</l>
</sp>
<sp stage="despite" who="ROUSTECAGNAC"><speaker>ROUSTECAGNAC, haussant les épaules.</speaker>
	<l id="284" syll="4" part="f">C'est du délire.</l>
	<l id="285" syll="4" part="i">La cousine !...</l>
</sp>
<sp who="CLAUDINE"><speaker>CLAUDINE.</speaker>
	<l id="285" syll="2" part="m">Du Roi !</l>
</sp>
<sp who="ROUSTECAGNAC"><speaker>ROUSTECAGNAC.</speaker>
	<l id="285" syll="2" part="m">Chansons !</l>
</sp>
<sp stage="give" who="MOLIÈRE"><speaker>MOLIÈRE, lui tendant la lettre.</speaker>
	<l id="285" syll="4" part="f">Voyez plutôt !</l>
</sp>
<sp stage="read" who="ROUSTECAGNAC"><speaker>ROUSTECAGNAC, après avoir fait mine de lire.</speaker>
	<l id="286">C'est vrai. Continuez, je tombe de mon haut.</l>
</sp>
<sp stage="toward" who="MOLIÈRE"><speaker>MOLIÈRE, à Claudine.</speaker>
	<l id="287" syll="6" part="i">Dois-je continuer ?</l>
</sp>
<sp who="CLAUDINE"><speaker>CLAUDINE.</speaker>
	<l id="287" syll="3" part="f">Oui, certes !</l>
</sp>
<sp who="ROUSTECAGNAC"><speaker>ROUSTECAGNAC.</speaker>
	<l id="287" syll="3" part="f">Ô les femmes !</l>
	<l id="288">Pour un pareil lourdaud nourrir de telles flammes !</l>
</sp>
<sp who="CLAUDINE"><speaker>CLAUDINE.</speaker>
	<l id="289" syll="6" part="i">Ce n'est pas un lourdaud.</l>
</sp>
<sp stage="laugh" who="GÉLY"><speaker>GÉLY, riant.</speaker>
	<l id="289" syll="6" part="f">Non, c'est un sac à vin.</l>
</sp>
<sp stage="cry" who="CLAUDINE"><speaker>CLAUDINE, la larme à l'oeil.</speaker>
	<l id="290" syll="2" part="i">Méchant !</l>
</sp>
<sp who="MOLIÈRE"><speaker>MOLIÈRE.</speaker>
	<l id="290" syll="6" part="m">Ne pleure pas. Attends !</l>
<stage type="read">Continuant.</stage>
	<l id="290" syll="4" part="f">« Mais c'est en vain</l>
	<l id="291" syll="3" part="i">Qu'elle m'aime... »</l>
</sp>
<sp who="CLAUDINE"><speaker>CLAUDINE.</speaker>
	<l id="291" syll="3" part="m">Il le dit ?</l>
</sp>
<sp stage="read" who="MOLIÈRE"><speaker>MOLIÈRE, même jeu.</speaker>
	<l id="291" syll="6" part="f">« Va ! Ces mademoiselles</l>
	<l id="292">Ne sont pas faites plus pour moi que moi pour elles... »</l>
</sp>
<sp who="GÉLY"><speaker>GÉLY.</speaker>
	<l id="293" syll="4" part="i">Es-tu contente ?</l>
</sp>
<sp who="CLAUDINE"><speaker>CLAUDINE.</speaker>
	<l id="293" syll="2" part="m">Oh ! oui.</l>
</sp>
<sp stage="read" who="MOLIÈRE"><speaker>MOLIÈRE, même jeu.</speaker>
	<l id="293" syll="6" part="f">«... Je n'ai pas un moment</l>
	<l id="294">De bonheur loin de toi. Si j'avais seulement</l>
	<l id="295">Deux cents livres, vois-tu, je reviendrais bien vite.</l>
	<l id="296">Là-dessus, je t'embrasse à t'étouffer, petite</l>
	<l id="297">Claudine !... Plus qu'un mot : garde-moi bien ta foi,</l>
	<l id="298">Si tu ne veux la mort du pauvre Jean Eloi. »</l>
</sp>
<sp who="CLAUDINE"><speaker>CLAUDINE.</speaker>
	<l id="299">Quel coeur franc ! que c'est bon d'être aimé comme on aime !</l>
	<l id="300">Il me préférerait à la Reine elle-même.</l>
	<l id="301">Vous m'avez fait du bien, bien du bien, en lisant</l>
	<l id="302" syll="8" part="i">La lettre à Jean, Monsieur. Donnez !</l>
</sp>
<sp stage="give/kiss" who="MOLIÈRE"><speaker>MOLIÈRE, rendant la lettre à Claudine, qui embrasse follement le papier.</speaker> 
	<l id="302" syll="1" part="m">Tiens !</l>
<stage type="toward">À Gély, à mi-voix.</stage>
	<l id="302" syll="3" part="f">À présent,</l>
	<l id="303">Gély, je m'en vais faire un tour à mon théâtre.</l>
	<l id="304">La petite est charmante ; et quant à ce bellâtre,</l>
	<l id="305">Il m'a fort amusé. Peut-être quelque jour</l>
	<l id="306" syll="6" part="i">En divertirons-nous la ville.</l>
</sp>
<sp who="GÉLY"><speaker>GÉLY.</speaker>
	<l id="306" syll="4" part="m">Ou bien la Cour.</l>
</sp>
<sp who="MOLIÈRE"><speaker>MOLIÈRE.</speaker>
	<l id="306" syll="2" part="f">Flatteur !</l>
</sp>
<sp who="GÉLY"><speaker>GÉLY.</speaker>
	<l id="307">Vous flatter, moi ? Non... Vertu de ma vie !</l>
	<l id="308">Vous irez loin, c'est moi qui vous le certifie.</l>
</sp>
<sp who="MOLIÈRE"><speaker>MOLIÈRE.</speaker>
	<l id="309" syll="6" part="i">Foi de maître barbier !</l>
</sp>
<sp who="GÉLY"><speaker>GÉLY.</speaker>
	<l id="309" syll="6" part="f">Je n'ai pas d'autre foi !</l>
	<l id="310">Vous n'en ferez pas moins rire même le Roi.</l>
</sp>
<sp who="MOLIÈRE"><speaker>MOLIÈRE.</speaker>
	<l id="311" syll="6" part="i">S'il veut bien m'écouter !</l>
</sp>
<sp stage="toward" who="LE GARÇON"><speaker>LE GARÇON, à 1l1t client.</speaker>
	<l id="311" syll="6" part="f">Monsieur, la barbe est faite.</l>
</sp>
<sp stage="exit/give" who="MOLIÈRE"><speaker>MOLIÈRE, sortant, à Gély qui reçoit l'argent du client.</speaker>
	<l id="312">Veillez sur la petite ! Au revoir, bon prophète !</l>
</sp>
</div2>
<div2 type="scene" n="8"><head>SCÈNE VIII. Les mêmes, moins Molière.</head>0
<sp stage="kiss" who="CLAUDINE"><speaker>CLAUDINE, baisant la lettre.</speaker>
	<l id="313" syll="6" part="i">Quel bonheur ! Quel bonheur !</l>
</sp>
<sp who="GÉLY"><speaker>GÉLY.</speaker>
	<l id="313" syll="6" part="f">Chut ! les gens sont jaloux.</l>
	<l id="314" syll="8" part="i">Garde donc ton bonheur pour toi.</l>
</sp>
<sp who="CLAUDINE"><speaker>CLAUDINE.</speaker>
	<l id="314" syll="6" part="f">Vous moquez-vous ?</l>
	<l id="315">Je ne puis le garder ; non, j'étouffe de joie.</l>
</sp>
<sp who="PREMIER CLIENT"><speaker>PREMIER CLIENT.</speaker>
	<l id="316" syll="6" part="i">Tu rayonnes, Claudine !</l>
</sp>
<sp who="DEUXIÈME CLIENT"><speaker>DEUXIÈME CLIENT.</speaker>
	<l id="316" syll="3" part="m">Eh ! qu'as-tu ?</l>
</sp>
<sp who="CLAUDINE"><speaker>CLAUDINE.</speaker>
	<l id="316" syll="3" part="f">Jean m'envoie</l>
	<l id="317">Cette lettre, messieurs. La cousine du roi</l>
	<l id="318">S'est éprise de lui, mais il n'aime que moi.</l>
</sp>
<sp who="PREMIER CLIENT"><speaker>PREMIER CLIENT.</speaker>
	<l id="319" syll="2" part="i">Fais voir.</l>
<stage type="give">Claudine, malgré Gély, lui donne la lettre ; les autres clients se groupent autour d'eux.</stage>
</sp>
<sp who="DEUXIÈME CLIENT"><speaker>DEUXIÈME CLIENT.</speaker>
	<l id="319" syll="4" part="m">Lisez un peu.</l>
</sp>
<sp stage="read" who="PREMIER CLIENT"><speaker>PREMIER CLIENT, parcourant la lettre.</speaker>
	<l id="319" syll="6" part="f">Ma petite, es-tu folle ?</l>
	<l id="320">Il ne dit pas un mot de ça, sur ma parole !</l>
</sp>
<sp who="CLAUDINE"><speaker>CLAUDINE.</speaker>
	<l id="321" syll="6" part="i">Et que dirait-il donc ?</l>
</sp>
<sp who="PREMIER CLIENT"><speaker>PREMIER CLIENT.</speaker>
	<l id="321" syll="6" part="f">Mais... il dit... qu'il a bu</l>
	<l id="322" syll="2" part="i">Du cidre...</l>
</sp>
<sp who="CLAUDINE"><speaker>CLAUDINE.</speaker>
	<l id="322" syll="10" part="f">Non, Monsieur ! Non, vous avez mal vu ;</l>
	<l id="323" syll="9" part="i">Il n'est pas question de cidre !</l>
</sp>
<sp who="PREMIER CLIENT"><speaker>PREMIER CLIENT.</speaker>
	<l id="323" syll="3" part="f">... Qu'il déteste</l>
	<l id="324" syll="6" part="i">Son sergent, un criard...</l>
</sp>
<sp who="CLAUDINE"><speaker>CLAUDINE.</speaker>
	<l id="324" syll="6" part="f">Mais le reste, le reste !</l>
	<l id="325">Tout cela, le monsieur l'a sauté, du moment</l>
	<l id="326" syll="10" part="i">Que le passage était sans intérêt.</l>
</sp>
<sp stage="ironic" who="PREMIER CLIENT"><speaker>PREMIER CLIENT, ironique.</speaker>
	<l id="326" syll="2" part="f">Vraiment ?</l>
</sp>
<sp who="CLAUDINE"><speaker>CLAUDINE.</speaker>
	<l id="327" syll="6" part="i">Lisez, lisez plus loin.</l>
</sp>
<sp who="PREMIER CLIENT"><speaker>PREMIER CLIENT.</speaker>
	<l id="327" syll="6" part="f">Il n'a qu'une chemise...</l>
</sp>
<sp who="CLAUDINE"><speaker>CLAUDINE.</speaker>
	<l id="328" syll="2" part="i">Plus loin !</l>
</sp>
<sp who="PREMIER CLIENT"><speaker>PREMIER CLIENT.</speaker>
	<l id="328" syll="10" part="f">Mais que veux-tu, Claudine, que je lise ?</l>
</sp>
<sp who="CLAUDINE"><speaker>CLAUDINE.</speaker>
	<l id="329">Ce qu'a lu le monsieur. Faites donc l'étonné !</l>
</sp>
<sp who="PREMIER CLIENT"><speaker>PREMIER CLIENT.</speaker>
	<l id="330">Jean te dit simplement, enfin, qu'il n'est pas né</l>
	<l id="331">Pour mourir à la peine et pour manquer de vivres,</l>
	<l id="332">Et qu'il éprouve un grand besoin de deux cents livres ;</l>
	<l id="333" syll="3" part="i">Et c'est tout !</l>
</sp>
<sp stage="get" who="CLAUDINE"><speaker>CLAUDINE, reprenant la lettre.</speaker>
	<l id="333" syll="6" part="f">Mauvais homme ! Ah ! j'ai honte pour vous.</l>
	<l id="334" syll="9" part="i">Monsieur Gély l'avait bien dit. Allez, jaloux !</l>
</sp>
<sp who="PREMIER CLIENT"><speaker>PREMIER CLIENT.</speaker>
	<l id="334" syll="3" part="f">C'est trop fort !</l>
</sp>
<sp stage="give" who="CLAUDINE"><speaker>CLAUDINE, donnant la lettre au deuxième client.</speaker>
	<l id="335">N'est-ce pas, monsieur, que c'est indigne ?</l>
</sp>
<sp who="DEUXIÈME CLIENT"><speaker>DEUXIÈME CLIENT.</speaker>
	<l id="336" syll="2" part="i">Voyons.</l>
</sp>
<sp stage="toward" who="CLAUDINE"><speaker>CLAUDINE, au premier client.</speaker>
	<l id="336" syll="4" part="m">Fi ! Le menteur !</l>
</sp>
<sp who="DEUXIÈME CLIENT"><speaker>DEUXIÈME CLIENT.</speaker>
	<l id="336" syll="6" part="f">Mais non, non ! Chaque ligne</l>
	<l id="337">Est ainsi qu'il a dit. Jean parle du sergent,</l>
	<l id="338">Jean a grand mal au ventre et grand besoin d'argent ;</l>
	<l id="339" syll="3" part="i">Rien de plus.</l>
</sp>
<sp who="CLAUDINE"><speaker>CLAUDINE.</speaker>
	<l id="339" syll="3" part="m">Voyez bien !</l>
</sp>
<sp stage="give" who="DEUXIÈME CLIENT"><speaker>DEUXIÈME CLIENT, lui rendant la lettre.</speaker>
	<l id="339" syll="2" part="m">J'ai lu.</l>
</sp>
<sp who="CLAUDINE"><speaker>CLAUDINE.</speaker>
	<l id="339" syll="4" part="f">Je suis certaine</l>
	<l id="340">Que vous voulez aussi me faire de la peine,</l>
	<l id="341">Parce qu'on me préfère aux cousines du roi.</l>
<stage type="toward">À un troisième client.</stage>
	<l id="342">Mais vous, Monsieur, lisez. Qu'est-ce que dit Éloi ?</l>
</sp>
<sp stage="read" who="TROISIÈME CLIENT"><speaker>TROISIÈME CLIENT, lisant la lettre.</speaker>
	<l id="343">Qu'il se porte très bien... sauf qu'il eut la colique...</l>
</sp>
<sp who="CLAUDINE"><speaker>CLAUDINE.</speaker>
	<l id="344" syll="6" part="i">Vous vous gaussez de moi ?</l>
</sp>
<sp who="TROISIÈME CLIENT"><speaker>TROISIÈME CLIENT.</speaker>
	<l id="344" syll="6" part="f">Point du tout. Je m'applique ;</l>
	<l id="345" syll="2" part="i">Je lis.</l>
</sp>
<sp who="CLAUDINE"><speaker>CLAUDINE.</speaker>
	<l id="345" syll="6" part="m">Ne s'est-il pas battu ?</l>
</sp>
<sp who="TROISIÈME CLIENT"><speaker>TROISIÈME CLIENT.</speaker>
	<l id="345" syll="1" part="m">Non.</l>
</sp>
<sp stage="gat/anger" who="CLAUDINE"><speaker>CLAUDINE, lui arrachant la lettre avec colère.</speaker>
	<l id="345" syll="3" part="f">Ils sont fous !</l>
	<l id="346">Allez, l'autre monsieur lisait bien mieux que vous !</l>
</sp>
<sp who="PREMIER CLIENT"><speaker>PREMIER CLIENT.</speaker>
	<l id="347">Sur ce papier, bien fin qui peut lire autre chose !</l>
</sp>
<sp who="CLAUDINE"><speaker>CLAUDINE.</speaker>
	<l id="348">C'est là, là cependant qu'il lisait, je suppose ?</l>
<stage type="esacpe/stop">Arrêtant Roustecagnac qui va s'esquiver.</stage>
	<l id="349">Mais, monsieur Polydore, au fait, vous avez lu</l>
	<l id="350" syll="4" part="i">La lettre, vous ?</l>
</sp>
<sp stage="hesitate" who="ROUSTECAGNAC"><speaker>ROUSTECAGNAC, hésitant.</speaker>
	<l id="350" syll="2" part="m">Tu crois ?</l>
</sp>
<sp who="CLAUDINE"><speaker>CLAUDINE.</speaker>
	<l id="350" syll="6" part="f">Oui ! Vous avez voulu</l>
	<l id="351" syll="1" part="i">Lire.</l>
</sp>
<sp who="ROUSTECAGNAC"><speaker>ROUSTECAGNAC.</speaker>
	<l id="351" syll="11" part="f">J'ai distingué quelques lignes peu nettes...</l>
</sp>
<sp who="CLAUDINE"><speaker>CLAUDINE.</speaker>
	<l id="352" syll="2" part="i">Comment ?</l>
</sp>
<sp who="ROUSTECAGNAC"><speaker>ROUSTECAGNAC.</speaker>
	<l id="352" syll="10" part="f">Je ne lis pas très bien sans mes lunettes.</l>
</sp>
<sp who="DEUXIÈME CLIENT"><speaker>DEUXIÈME CLIENT.</speaker>
	<l id="353" syll="5" part="i">Prenez les miennes.</l>
</sp>
<sp who="ROUSTECAGNAC"><speaker>ROUSTECAGNAC.</speaker>
	<l id="353" syll="5" part="m">Mais... je suis myope !</l>
</sp>
<sp who="DEUXIÈME CLIENT"><speaker>DEUXIÈME CLIENT.</speaker>
	<l id="353" syll="2" part="f">Et moi</l>
	<l id="354">Comme vous ! Lisez donc ce qu'écrit Jean Éloi.</l>
</sp>
<sp stage="read" who="ROUSTECAGNAC"><speaker>ROUSTECAGNAC, la lettre en main et les lunettes sur le nez.</speaker>
	<l id="355">Ô l'affreux gribouillage ! On peut à peine lire.</l>
	<l id="356">Ce n'est plus qu'un chiffon. Ma foi ! je le déchire</l>
	<l id="357" syll="11" part="i">Pour qu'on laisse Claudine un peu tranquille.</l>
</sp>
<sp who="CLAUDINE"><speaker>CLAUDINE.</speaker>
	<l id="357" syll="1" part="f">Non,</l>
	<l id="358" syll="6" part="i">Ne la déchirez pas !</l>
</sp>
<sp who="ROUSTECAGNAC"><speaker>ROUSTECAGNAC.</speaker>
	<l id="358" syll="2" part="m">C'est fait !</l>
</sp>
<sp stage="threat" who="CLAUDINE"><speaker>CLAUDINE, prenant un bâton pour le battre.</speaker>
	<l id="358" syll="4" part="f">Fils de guenon,</l>
	<l id="359" syll="8" part="i">Traître ! Voilà pour toi ; tiens ! tiens !</l>
</sp>
<sp stage="away" who="ROUSTECAGNAC"><speaker>ROUSTECAGNAC, cherchant à esquiver les coups.</speaker>
	<l id="359" syll="4" part="f">Assez, diablesse !</l>
</sp>
<sp stage="hesitate" who="CLAUDINE"><speaker>CLAUDINE, continuant.</speaker>
	<l id="360" syll="2" part="i">Tiens ! tiens !</l>
</sp>
<sp stage="away" who="ROUSTECAGNAC"><speaker>ROUSTECAGNAC, même jeu.</speaker>
	<l id="360" syll="4" part="m">N'abuse pas...</l>
</sp>
<sp stage="hesitate" who="CLAUDINE"><speaker>CLAUDINE, même jeu.</speaker>
	<l id="360" syll="2" part="m">Tiens ! tiens !</l>
</sp>
<sp stage="away" who="ROUSTECAGNAC"><speaker>ROUSTECAGNAC, même jeu.</speaker>
	<l id="360" syll="4" part="f">... De ta faiblesse !</l>
</sp>
<sp stage="hesitate" who="CLAUDINE"><speaker>CLAUDINE, même jeu.</speaker>
	<l id="361" syll="3" part="i">Tiens encore !</l>
</sp>
<sp stage="escape" who="ROUSTECAGNAC"><speaker>ROUSTECAGNAC, se sauvant.</speaker>
	<l id="361" syll="3" part="m">Au secours !</l>
<stage type="exit">Il sort.</stage>
</sp>
</div2>
<div2 type="scene" n="9"><head>SCÈNE IX. Molière, Les mêmes, moins Roustecagnac.</head>
<sp who="MOLIÈRE"><speaker>MOLIÈRE.</speaker>
	<l id="361" syll="6" part="f">Hein ? Des coups de bâton</l>
	<l id="362">À monsieur Polydore ! Et pourquoi le bat-on ?</l>
</sp>
<sp who="CLAUDINE"><speaker>CLAUDINE.</speaker>
	<l id="363" syll="6" part="i">Vous venez bien, Monsieur !</l>
</sp>
<sp who="MOLIÈRE"><speaker>MOLIÈRE.</speaker>
	<l id="363" syll="2" part="m">Comment ?</l>
</sp>
<sp who="CLAUDINE"><speaker>CLAUDINE.</speaker>
	<l id="363" syll="4" part="f">Voyez : ma lettre</l>
	<l id="364" syll="4" part="i">Mise en morceaux !</l>
</sp>
<sp who="MOLIÈRE"><speaker>MOLIÈRE.</speaker>
	<l id="364" syll="8" part="f">Vraiment, il a pu se permettre...</l>
</sp>
<sp who="CLAUDINE"><speaker>CLAUDINE.</speaker>
	<l id="365">Il s'est permis de la déchirer ; c'est pourquoi</l>
	<l id="366">Je me suis cru permis de le bâtonner, moi !</l>
</sp>
<sp stage="laugh" who="MOLIÈRE"><speaker>MOLIÈRE, riant.</speaker>
	<l id="367" syll="6" part="i">Lui ! Toi ! Sans résistance ?</l>
</sp>
<sp who="CLAUDINE"><speaker>CLAUDINE.</speaker>
	<l id="367" syll="6" part="f">Il s'est sauvé, le lâche !</l>
	<l id="368" syll="6" part="i">Mais ce n'est pas le pire !</l>
</sp>
<sp who="MOLIÈRE"><speaker>MOLIÈRE.</speaker>
	<l id="368" syll="6" part="f">Et qu'est-ce qui te fâche ?</l>
</sp>
<sp who="CLAUDINE"><speaker>CLAUDINE.</speaker>
	<l id="369">Personne ne m'a lu la lettre comme vous.</l>
	<l id="370">Vous moquiez-vous, monsieur, ou s'ils étaient jaloux ?</l>
	<l id="371" syll="6" part="i">J'ai le cerveau brouillé :</l>
</sp>
<sp who="MOLIÈRE"><speaker>MOLIÈRE.</speaker>
	<l id="371" syll="6" part="f">Pures taquineries !</l>
	<l id="372" syll="6" part="i">Ils se sont amusés.</l>
</sp>
<sp who="CLAUDINE"><speaker>CLAUDINE.</speaker>
	<l id="372" syll="6" part="f">C'étaient des menteries !</l>
	<l id="373" syll="6" part="i">Ah ! Je le savais bien !</l>
</sp>
<sp who="MOLIÈRE"><speaker>MOLIÈRE.</speaker>
	<l id="373" syll="6" part="f">Ne t'en tourmente plus.</l>
	<l id="374">Et, tiens, pour faire trêve aux propos superflus,</l>
	<l id="375">Pour te convaincre enfin, je t'apporte, Claudine,</l>
	<l id="376" syll="5" part="i">Les deux cents livres.</l>
</sp>
<sp stage="give/watch" who="CLAUDINE"><speaker>CLAUDINE, regardant la bourse que lui tend Molière.</speaker>
	<l id="376" syll="4" part="m">Quoi, c'est pour moi ?</l>
</sp>
<sp who="MOLIÈRE"><speaker>MOLIÈRE.</speaker>
	<l id="376" syll="3" part="f">J'imagine</l>
	<l id="377" syll="6" part="i">Que tu ne doutes plus ?</l>
</sp>
<sp who="CLAUDINE"><speaker>CLAUDINE.</speaker>
	<l id="377" syll="6" part="f">Non, oh non ! Tant d'argent !</l>
	<l id="378" syll="4" part="i">C'est comme un songe...</l>
</sp>
<sp stage="give" who="MOLIÈRE"><speaker>MOLIÈRE, lui mettant la bourse dans la main.</speaker>
	<l id="378" syll="8" part="f">Prends !... Le bien vient en songeant.</l>
</sp>
<sp stage="happy" who="CLAUDINE"><speaker>CLAUDINE, ravie.</speaker>
	<l id="379" syll="2" part="i">Merci !</l>
</sp>
<sp stage="smile" who="MOLIÈRE"><speaker>MOLIÈRE, souriant.</speaker>
	<l id="379" syll="10" part="f">Jean reviendra près de son amoureuse.</l>
</sp>
<sp who="CLAUDINE"><speaker>CLAUDINE.</speaker>
	<l id="380" syll="9" part="i">Comment faire pour nous acquitter ?</l>
</sp>
<sp who="MOLIÈRE"><speaker>MOLIÈRE.</speaker>
	<l id="380" syll="3" part="f">Sois heureuse.</l>
	<l id="381">Tu dois tout à monsieur le prince de Conti.</l>
</sp>
<sp stage="laugh" who="CLAUDINE"><speaker>CLAUDINE, avec un rire d'incrédulité.</speaker>
	<l id="382" syll="2" part="i">Bien vrai ?...</l>
</sp>
<sp stage="wave/turn/toward/low" who="MOLIÈRE"><speaker>MOLIÈRE lui fait signe que oui ; puis se retournant vers Gély, il ajoute à mi-voix.</speaker>
	<l id="382" syll="10" part="f">Pour une fois que je n'ai pas menti,</l>
	<l id="383" syll="6" part="i">Je la trouve incrédule !</l>
</sp>
<sp stage="laugh" who="CLAUDINE"><speaker>CLAUDINE, même jeu.</speaker>
	<l id="383" syll="6" part="f">On dirait une histoire...</l>
	<l id="384">Mais vous êtes si bon qu'il faut toujours vous croire !</l>
<stage type="narration">Elle se retire au fond du théâtre, et s'absorbe dans la contemplation alternative de la bourse et des morceaux de la lettre qu'elle a précieusement ramassés. Pendant ce temps, Molière et Gély s'entretiennent à part sur le devant du théâtre.</stage>
</sp>
<sp who="GÉLY"><speaker>GÉLY.</speaker>
	<l id="385">C'est se tirer d'affaire à souhait... Pourtant, si</l>
	<l id="386">Jean revient, tout entre eux sera vite éclairci.</l>
	<l id="387">Adieu l'illusion dont elle est possédée !</l>
</sp>
<sp stage="smile" who="MOLIÈRE"><speaker>MOLIÈRE, souriant.</speaker>
	<l id="388" syll="3" part="i">Croyez-vous ?</l>
</sp>
<sp who="GÉLY"><speaker>GÉLY.</speaker>
	<l id="388" syll="3" part="m">J'en ai peur !</l>
</sp>
<sp who="MOLIÈRE"><speaker>MOLIÈRE.</speaker>
	<l id="388" syll="6" part="f">Aura-t-il bien l'idée</l>
	<l id="389">De la détromper ? Soit ! mais avec passion</l>
	<l id="390">Claudine défendra sa chère illusion ;</l>
	<l id="391">Et, certes, Jean prendrait une peine inutile !</l>
	<l id="392">Bien mieux ! quand il verra que, grâces à mon style,</l>
	<l id="393">J'ai fait de lui la fleur des amants, un vainqueur,</l>
	<l id="394">Voudra-t-il affliger ce pauvre petit coeur</l>
	<l id="395">Et, Jean comme devant, déchoir dans son estime ?</l>
	<l id="396">Non ! Jean savourera sa gloire illégitime,</l>
	<l id="397">Timidement d'abord, et puis, sans y penser,</l>
	<l id="398">S'accommodera fort de se voir encenser !</l>
</sp>
<sp stage="laugh" who="GÉLY"><speaker>GÉLY, riant.</speaker>
	<l id="399" syll="2" part="i">Oui-da !</l>
</sp>
<sp who="MOLIÈRE"><speaker>MOLIÈRE.</speaker>
	<l id="399" syll="10" part="f">Si quelque sot, parbleu ! les lui conteste,</l>
	<l id="400">Il soutiendra pour vrais ses combats... et le reste !</l>
</sp>
<sp who="GÉLY"><speaker>GÉLY.</speaker>
	<l id="401" syll="3" part="i">Diable d'homme !</l>
</sp>
<sp who="MOLIÈRE"><speaker>MOLIÈRE.</speaker>
	<l id="401" syll="9" part="f">Au besoin, on verra Jean Éloi</l>
	<l id="402">En jurer sur l'honneur, presque de bonne foi ;</l>
	<l id="403">A force de brocher en neuf sur l'ancien thème,</l>
	<l id="404">Il finira, qui sait ? par y croire lui-même</l>
	<l id="405" syll="4" part="i">Plus que Claudine !</l>
</sp>
<sp stage="laugh" who="GÉLY"><speaker>GÉLY, éclatant de rire.</speaker>
	<l id="405" syll="2" part="m">Ah ! ah !</l>
</sp>
</div2>
<div2 type="scene" n="10"><head>SCÈNE X. Les mêmes, Le Messager D'Aniane, puis Roustecagnac.</head>
<sp stage="threat" who="LE MESSAGER"><speaker>LE MESSAGER, montrant le poing à Molière.</speaker>
	<l id="405" syll="6" part="f">Le voilà, le coquin !</l>
<note type="L">Casaquin : Anciennement, sorte de petite casaque à l'usage des hommes.[L]</note>
	<l id="406">Oh ! comme je lui vais trouer le casaquin !</l>
</sp>
<sp stage="stop" who="GÉLY"><speaker>GÉLY, l'arrêtant.</speaker>
	<l id="407" syll="3" part="i">Es-tu fou ?</l>
</sp>
<sp who="LE MESSAGER"><speaker>LE MESSAGER.</speaker>
	<l id="407" syll="1" part="m">Non.</l>
</sp>
<sp stage="stop" who="GÉLY"><speaker>GÉLY, même jeu.</speaker>
	<l id="407" syll="2" part="m">Attends.</l>
</sp>
<sp who="LE MESSAGER"><speaker>LE MESSAGER.</speaker>
	<l id="407" syll="6" part="f">Il m'a pris pour un autre,</l>
	<l id="408" syll="4" part="i">Le laid museau !</l>
</sp>
<sp who="CLAUDINE"><speaker>CLAUDINE.</speaker>
	<l id="408" syll="4" part="m">Le laid museau...</l>
</sp>
<sp who="LE MESSAGER"><speaker>LE MESSAGER.</speaker>
	<l id="408" syll="1" part="m">Quoi ?</l>
</sp>
<sp who="CLAUDINE"><speaker>CLAUDINE.</speaker>
	<l id="408" syll="3" part="f">C'est le vôtre !</l>
</sp>
<sp who="LE MESSAGER"><speaker>LE MESSAGER.</speaker>
	<l id="409" syll="6" part="i">Petit serpent, veux-tu...</l>
</sp>
<sp stage="nervous" who="CLAUDINE"><speaker>CLAUDINE, défendant Molière.</speaker>
	<l id="409" syll="6" part="f">Parlez donc de museaux !</l>
	<l id="410">J'éborgnerai le vôtre avec ces grands ciseaux,</l>
	<l id="411" syll="9" part="i">Si vous osez toucher au monsieur.</l>
</sp>
<sp stage="toward" who="GÉLY"><speaker>GÉLY, au messager.</speaker>
	<l id="411" syll="3" part="f">Viens, compère !</l>
	<l id="412" syll="4" part="i">C'était pour rire...</l>
</sp>
<sp who="LE MESSAGER"><speaker>LE MESSAGER.</speaker>
	<l id="412" syll="2" part="m">Ah bah !</l>
<stage type="threat">Menaçant Claudine.</stage>
	<l id="412" syll="6" part="f">Mais, petite vipère !...</l>
</sp>
<sp stage="pull" who="GÉLY"><speaker>GÉLY, entraînant le messager.</speaker>
	<l id="413" syll="8" part="i">Viens, je te raserai gratis.</l>
</sp>
<sp who="LE MESSAGER"><speaker>LE MESSAGER.</speaker>
	<l id="413" syll="4" part="f">Bon ! mais enfin...</l>
</sp>
<sp stage="low/toward" who="GÉLY"><speaker>GÉLY, bas, au messager.</speaker>
	<l id="414" syll="2" part="i">C'est moi...</l>
</sp>
<sp stage="enthousiasm" who="LE MESSAGER"><speaker>LE MESSAGER, comme illuminé.</speaker>
	<l id="414" syll="6" part="m">Toi qui lui fis gober !...</l>
<stage type="laugh/show">Riant aux éclats en montrant Molière.</stage>
	<l id="414" syll="4" part="f">Il n'est pas fin !</l>
	<l id="415">Il a cru qu'on t'avait pendu, la bonne bête !</l>
<stage type="wave">Il va tendre la main à Molière.</stage>
	<l id="416" syll="6" part="i">Ma foi ! Je te pardonne...</l>
</sp>
<sp stage="exit/toward" who="ROUSTECAGNAC"><speaker>ROUSTECAGNAC, rentrant, à Molière.</speaker>
	<l id="416" syll="6" part="f">On me veut mettre en tête,</l>
	<l id="417">Monsieur ! que vous avez tout à l'heure, en ces lieux,</l>
	<l id="418">Contre moi-même ourdi des complots odieux,</l>
	<l id="419">Et que je suis en butte à vos perfides ruses.</l>
</sp>
<sp who="MOLIÈRE"><speaker>MOLIÈRE.</speaker>
	<l id="420" syll="5" part="i">Pouvez-vous croire ?...</l>
</sp>
<sp who="ROUSTECAGNAC"><speaker>ROUSTECAGNAC.</speaker>
	<l id="420" syll="7" part="f">Non. J'accepte vos excuses.</l>
</sp>
<sp stage="interrupt" who="CLAUDINE"><speaker>CLAUDINE, intervenant.</speaker>
	<l id="421">Des excuses ! c'est vous qui tout de suite, ici...</l>
</sp>
<sp who="ROUSTECAGNAC"><speaker>ROUSTECAGNAC.</speaker>
	<l id="422">Ai-je froissé quelqu'un ? Soit ! je m'excuse aussi.</l>
	<l id="423">Ah ! si tu n'étais point d'un sexe que j'honore !...</l>
</sp>
<sp who="CLAUDINE"><speaker>CLAUDINE.</speaker>
	<l id="424" syll="6" part="i">Il ne vous le rend pas !</l>
</sp>
<sp stage="separate" who="MOLIÈRE"><speaker>MOLIÈRE, les séparant.</speaker>
	<l id="424" syll="6" part="f">Chut ! Monsieur Polydore,</l>
	<l id="425">Faites-nous une grâce ! allez au cabaret</l>
	<l id="426">Quérir une bouteille, ou deux, de bon clairet...</l>
<stage type="search/show">Comme Roustecagnac, embarrassé, fait mine de se fouiller, il lui présente un écu d'argent.</stage>
	<l id="427" syll="2" part="i">Pour moi !</l>
</sp>
<sp stage="show" who="LE MESSAGER"><speaker>LE MESSAGER, montrant Molière.</speaker>
	<l id="427" syll="10" part="f">C'est le plus sot qui régale, pardine !</l>
</sp>
<sp who="MOLIÈRE"><speaker>MOLIÈRE.</speaker>
	<l id="428">Nous boirons tous ensemble aux amours de Claudine.</l>
<stage type="explicit">Dans la représentation donnée par la Comédie-Française au théâtre de Pézenas, le 8 août 1897, pour l'inauguration du Monument de Molière, voici comment la pièce était distribuée : Molière, M. Baillet ; Gély, M. Veyret ; Roustecagnac, M. Villain ; le Messager, M. Esquier ; un Client, M. Gaudy ; Claudine, Mlle Kalb.</stage>
<stage type="explicit">A la fin de la comédie, M. Baillet s'avança vers la rampe et adressa au public les vers suivants, rimés pour la circonstance :</stage>
	<l id="429">Mesdames et messieurs, c'est ainsi que jadis</l>
	<l id="430">Votre pays charmant, doux comme un paradis,</l>
	<l id="431">Ensoleilla de joie et de chaude lumière</l>
	<l id="432">La fleur de ce génie errant qui fut Molière.</l>
	<l id="433">Honneur à Pézenas, dont l'hospitalité</l>
	<l id="434">Recommence pour lui dans l'immortalité !</l>
</sp>
</div2>
</div1>
</body>
</text>
</TEI>