<?xml version="1.0" encoding="utf-8"?>
<TEI xml:lang="fr">
<teiHeader>
		<fileDesc>
			<titleStmt>
				<title>APRÈS LE DIVORCE, PIÈCE</title>
				<author type="texte" ISNI="0000 0001 0800 7969">BONNETAIN, Paul (1858-1899)</author>>
			</titleStmt>
			<publicationStmt>	
				<publisher>publié par Paul FIEVRE, février 2017</publisher>
				<idno>BONNETAIN_APRESLEDIVORCE</idno>
			<rights>Creative Commons BY-NC-SA</rights>
			</publicationStmt>
			<SourceDesc>
				<genre>Comédie</genre>
				<inspiration>moeurs</inspiration><structure>Un acte</structure>
				<type>prose</type>
				<periode>1881-1890</periode>
				<taille>(mesure non pertinente)</taille>
				<permalien>http://gallica.bnf.fr/ark:/12148/bpt6k5912874w</permalien>
			</SourceDesc>
		</fileDesc>
</teiHeader>
<text>
	<front>
		<docTitle>
			<titlePart type="main">APRÈS LE DIVORCE</titlePart>
			<titlePart type="sub">PIÈCE EN UN ACTE, EN PROSE </titlePart>
			<titlePart type="sub">Représenté pour la première fois au Théâtre d'Application le jeudi 16 janvier 1890.</titlePart>
			<titlePart type="sub">PRIX : UN FRANC</titlePart>
		</docTitle> 
		<docDate value='1890'>M DCCC XC</docDate>
		<docAuthor id='BONNETAIN, Paul' bio='bonnetain'>PAUL BONNETAIN</docAuthor>
		<docImprint>
			<privilege id=''><head></head>
			<p>Tous droits réservés.</p>
			</privilege>
			<acheveImprime id=''></acheveImprime>
			<printer id='LEMERRE'>PARIS ARLPHONSE LEMERRE, EDITEUR, 23-31, PARRAGE CHOISEUL, 23-31</printer>
		</docImprint>
		<performance>
			<premiere date='1662' location='Théâtre du Marais'>Représenté pour la première fois en 1662 au Théâtre du Marais.</premiere>
		</performance>
	<div type="dedicace"><adresse>À MADAME ALPHONSE DAUDET</adresse>
		<head>Cher Madame,</head>
		<p>Permettez moi de vous dédier, en témoignage de ma reconnaissance, ce petit acte, écrit, sur votre demande, pour votre salon, et mon début véritable au théâtre.</p>
		<p>Et veuillez bien croire, je vous prie, à mon respectueux dévouement.</p>
		<signature>PAUL BONNETAIN</signature>
		<p>Paris, 22 janvier 1890.</p>
	</div>
	<castList><head>PERSONNAGES.</head>
	   <castItem><role id="BLAISY" sex="1" type="H" statut='commandant' age='A' stat_amour='néant'>BLAISY</role>, père, 55 ans. M, RAYMOND* de l'Odéon. M. RAYMOND de l'Odéon.</castItem>
	   <castItem><role id="RENÉ BLAISY" sex="1" type="H" statut='bourgeois' age='J' stat_amour='néant'>RENÉ BLAISY</role>, le fils, 26 ans. M. ANTOINE, du Théâtre Libre M. LEGRAND du Théâtre Libre.</castItem>
	   <castItem><role id="MADAME BLAISY" sex="2" type="H" statut='bourgeois' age='A' stat_amour='néant'>MADAME BLAISY</role>, 45 ans, Melle BARNY du Théâtre Libre, Melle DERIGNY de l'Odéon.</castItem>
	</castList>
	<set location="Paris" country="France" periode="XIXème" gps="48.856614, 2.352222">À Paris, en 1889.</set>
	<note>La première distribution est celle de la création dans le salon de M. et Mme Alphonse Daudet, le 19 avril 1888 ; - le seconde celle de l'unique représentation publique, au Théâtre d'Application, le 16 janvier 1890.</note>
	</front>
<body>
<div1 type="act" n="1"><head>APRÈS LE DIVORCE</head>
<stage type="decor">Un salon fumoir dans un appartement de garçon. Porte au fond et à gauche. Cheminée à droite, panoplie d'armes contre un mur. Le portrait de Mme Blaisy accroché bien en vue. Nécessaire de fumeur et boîte à cigare ouverte sur une  petite table. - Au lever du rideau, René Blaisy, en veston du matin, le bras droit eu écharpe, est assis la tête baissée. Prés de lui, sur une table, des lettres, des journaux encore sous bande et un service à thé.</stage>
<div2 type="scene" n="1"><head>SCÈNE PREMIÈRE.</head>
<sp stage="alone" who="RENÉ"><speaker>RENÉ, seul. </speaker>
<stage type="noise/watch/stress">On entend unirait de voix, il lève la tête, l'air impatienté.</stage>
<p id="1">
	<s id="1">Qu'est-ce qu'il y a encore ?... </s>
	<s id="2">C'est vous, Jean ?</s>
</p>
</sp>
</div2>
<div2 type="scene" n=""><head>SCÈNE II. René, Monsieur Blaisy.</head>
<sp stage="entrance" who="MONSIEUR BLAISY"><speaker>MONSIEUR BLAISY, entrant au fond.</speaker>
<p id="1">
	<s id="1">Ne gronde pas ton domestique... </s>
	<s id="2">C'est moi ! </s>
	<s id="3">J'ai forcé la consigne !</s>
</p>	
<stage type="closer/angry">Il se dirige vert René qui se lève en dissimulant mal sa contrariété.</stage>
<p id="2">
	<s id="1">Je voulais prendre de tes nouvelles...</s>
</p>
<stage type="wave">Lui tendant la main.</stage>
<p id="3">
	<s id="1">Ce n'est rien, au moins, cette blessure ?...</s>
</p>
</sp>
<sp stage="touch" who="RENÉ"><speaker>RENÉ, après une poignée de main glaciale.</speaker>
<p id="4">
	<s id="1">Non, rien... </s>
	<s id="2">Je vous remercie, mon père.</s>
</p>
</sp>
<sp stage="embarrassed" who="MONSIEUR BLAISY"><speaker>MONSIEUR BLAISY, l'air peu à peu gêné de l'accueil de son fils.</speaker>
<p id="5">
	<s id="1">Une piqûre à la face interne de l'avant-bras, n'est-ce pas ?... </s>
	<s id="2">J'ai lu ça dans les journaux. </s>
	<s id="3">On m'a félicité au cercle... </s>
	<s id="4">Mon jeune coq fait parler de lui !... </s>
	<s id="5">Dis donc, mais c'est la seconde fois que tu vas sur le terrain ! </s>
	<s id="6">Tu as déjà eu un duel pendant ton volontariat ?</s>
</p>
</sp>
<sp who="RENÉ"><speaker>RENÉ.</speaker>
<p id="6">
	<s id="1">Oui... </s>
	<s id="2">Oh ! </s>
	<s id="3">Sans importance.</s>
</p>
</sp>
<sp who="MONSIEUR BLAISY"><speaker>MONSIEUR BLAISY.</speaker>
<p id="7">
	<s id="1">On t'avait cherché querelle, je crois, tandis que, cette fois, c'est toi qui as provoqué ton adversaire ?... </s>
	<s id="2">Tu le détestais donc bien, ce petit Vermot ?</s>
</p>
</sp>
<sp who="RENÉ"><speaker>RENÉ.</speaker>
<p id="8">
	<s id="1">Moi ?... </s>
	<s id="2">Non !...</s>
</p>
</sp>
<sp who="MONSIEUR BLAISY"><speaker>MONSIEUR BLAISY.</speaker>
<p id="9">
	<s id="1">Encore une histoire de femme, je parie ?</s>
</p>
</sp>
<sp stage="sad" who="RENÉ"><speaker>RENÉ, avec amertume.</speaker>
<p id="10">
	<s id="1">Oui !</s>
</p>
</sp>
<sp who="MONSIEUR BLAISY"><speaker>MONSIEUR BLAISY.</speaker>
<p id="11">
	<s id="1">Ah ! Mon gaillard ?... </s>
	<s id="2">Sais-tu que j'ai bien envie de te faire de la morale ? </s>
	<s id="3">Une fois comme ça, en passant.</s>
</p>
</sp>
<sp stage="continue" who="RENÉ"><speaker>RENÉ, même ton.</speaker>
<p id="12">
	<s id="1">En passant !... De même que vous êtes venu prendre de mes nouvelles en passant !</s>
</p>
</sp>
<sp who="MONSIEUR BLAISY"><speaker>MONSIEUR BLAISY.</speaker>
<p id="13">
	<s id="1">Oh ! </s>
	<s id="2">Oh ! </s>
	<s id="3">Mon petit René, tu n'as pas l'air aimable, ce matin !... </s>
	<s id="4">Tu es bien certain, j'espère, que je serais arrivé ici tout de suite si le procès-verbal de ta rencontre ne m'avait rassuré sur ta blessure ?... </s>
	<s id="5">Est-ce que tu souffres de ton bras ?</s>
</p>
</sp>
<sp who="RENÉ"><speaker>RENÉ.</speaker>
<p id="14">
	<s id="1">Non. </s>
</p>
<stage type="show">Montrant son écharpe.</stage>
<p id="15">
	<s id="1">Ce n'est rien ! </s>
	<s id="2">Un bobo!</s>
</p>
</sp>
<sp satge="closer/touch" who="MONSIEUR BLAISY"><speaker>MONSIEUR BLAISY, se rapprochant et lui prenant la main..</speaker>
<p id="16">
	<s id="1">Mais tu as l'air malade !... </s>
	<s id="2">Voyons, tu souffres ? </s>
</p>
<stage type="touch">Lui prenant le pouls.</stage>
<p id="17">
	<s id="1">Pourquoi donc cette mine de déterré ?</s>
</p>
</sp>
<sp stage="stand" who="RENÉ"><speaker>RENÉ, voulant se lever.</speaker>
<p id="18">
	<s id="1">Je vais très bien..., très bien..., je vous jure.</s>
</p>
</sp>
<sp stand="sit" who="MONSIEUR BLAISY"><speaker>MONSIEUR BLAISY, le forçant doucement à se rasseoir.</speaker>
<p id="19">
	<s id="1">Tu as du chagrin, alors !... </s>
	<s id="2">Elle t'a trompé ! </s>
	<s id="3">C'est ça, n'est-ce pas ? </s>
	<s id="4">Et tu te désoles ! </s>
	<s id="5">Mais, enfant que tu es, c'est la vie, ça, d'être trompé par les femmes ! </s>
	<s id="6">À ton âge, l'on n'en souffre déjà plus : on le leur rend !... </s>
	<s id="7">Et même, les gens de précaution les trompent les premiers, par amour-propre !</s>
</p>
</sp>
<sp who="RENÉ"><speaker>RENÉ.</speaker>
<p id="20">
	<s id="1">Je crois, voyez-vous, que nous ne plaçons pas notre amour-propre de même façon.</s>
</p>
</sp>
<sp who="MONSIEUR BLAISY"><speaker>MONSIEUR BLAISY.</speaker>
<p id="21">
	<s id="1">Parbleu ! </s>
	<s id="2">Le tien, vilain garçon, c'est de l'orgueil !</s>
</p>
</sp>
<sp who="RENÉ"><speaker>RENÉ.</speaker>
<p id="22">
	<s id="1">Soit ! </s>
	<s id="2">C'est du reste une force, l'orgueil, et une forme de l'honneur !</s>
</p>
</sp>
<sp who="MONSIEUR BLAISY"><speaker>MONSIEUR BLAISY.</speaker>
<p id="23">
	<s id="1">On en souffre !</s>
</p>
</sp>
<sp stage="stand" who="RENÉ"><speaker>RENÉ, se levant.</speaker>
<p id="24">
	<s id="1">Mieux vaut souffrir que faire souffrir les autres !</s>
</p>
</sp>
<sp who="MONSIEUR BLAISY"><speaker>MONSIEUR BLAISY.</speaker>
<p id="25">
	<s id="1">En voilà de grands mots, mon pauvre René ! </s>
	<s id="2">Et pour une amourette !... </s>
	<s id="3">Tu as vingt-six ans, du talent, une jolie situation ; tout te sourit, et parce qu'une femme t'a...</s>
</p>
</sp>
<sp who="RENÉ"><speaker>RENÉ.</speaker>
<p id="26">
	<s id="1">Mais, mon père, c'est vous qui supposez cela !</s>
</p>
</sp>
<sp who="MONSIEUR BLAISY"><speaker>MONSIEUR BLAISY.</speaker>
<p id="27">
	<s id="1">Je suppose!... </s>
	<s id="2">Je suppose! </s>
	<s id="3">Il faut bien te faire parler, puisque tu caches tes secrets !... </s>
	<s id="4">Il faut bien que je m'explique ton accueil ! </s>
	<s id="5">Tu me reçois si aimablement !</s>
</p>
</sp>
<sp who="RENÉ"><speaker>RENÉ.</speaker>
<p id="28">
	<s id="1">C'est vrai, je vous demande pardon, mais je suis un peu nerveux, ce matin... un peu fatigué... </s>
	<s id="2">Asseyez-vous donc, mon père...</s>
</p>
</sp>
<sp who="MONSIEUR BLAISY"><speaker>MONSIEUR BLAISY.</speaker>
<p id="29">
	<s id="1">Merci...</s>
</p>
</sp>
<sp who="RENÉ"><speaker>RENÉ.</speaker>
<p id="30">
	<s id="1">Voulez-vous, je vous prie, prendre un cigare ?</s>
</p>
<stage type="show">Il lui montre la boite.</stage>
</sp>
<sp stage="get/sit" who="MONSIEUR BLAISY"><speaker>MONSIEUR BLAISY, prenant un cigare, en coupant le bout et s'asseyant en face de lui.</speaker>
<p id="31">
	<s id="1">C'est le docteur Fleury qui te soigne ?</s>
</p>
</sp>
<sp who="RENÉ"><speaker>RENÉ.</speaker>
<p id="32">
	<s id="1">Oui...</s>
</p>
<stage type="watch">À la dérobée il regarde l'heure a sa montre.</stage>
</sp>
<sp stage="watch" who="MONSIEUR BLAISY"><speaker>MONSIEUR BLAISY, surprenant ce geste.</speaker>
<p id="33">
	<s id="1">Bête que je suis !... </s>
	<s id="2">Tu attends quelqu'un et je te gêne !... </s>
	<s id="3">Tu as donc peur de ton père, à présent ? </s>
	<s id="4">Pourquoi ne pas me le dire ? </s>
	<s id="5">Moi qui te consolais, j'aurais déjà filé, si tu m'avais dit que tu n'en avais pas besoin ! </s>
	<s id="6">Heureusement qu'elles sont toujours en retard !...</s>
</p> 
<stage type="light">Il allume son cigare.</stage>
</sp>
<sp stage="nervous" who="RENÉ"><speaker>RENÉ, nerveux.</speaker>
<p id="34">
	<s id="1">Je le regrette, mais c'est encore une fausse supposition... </s>
	<s id="2">J'attends bien quelqu'un..., avec qui je ne désirerais pas vous faire rencontrer..., mais ce n'est pas ce que vous croyez... </s>
	<s id="3">Une amie seulement..., une amie !</s>
</p>
<stage type="sit">Il s'assoit.</stage>
</sp>
<sp stage="surprise" who="MONSIEUR BLAISY"><speaker>MONSIEUR BLAISY, surprenant ce geste.</speaker>
<p id="35">
	<s id="1">Ah ! </s>
</p>
<stage type="watch/get">Tout en regardant le jeune homme qui laisse retomber sa tête dans sa main et fixe le parquet, il va reprendre sa canne et son chapeau.</stage>
<p id="36">
	<s id="1">Eh bien ! </s>
	<s id="2">Au revoir, René ! </s>
	<s id="3">Je reviendrai quand tu seras d'humeur plus gracieuse !</s>
</p>
</sp>
<sp who="RENÉ"><speaker>RENÉ.</speaker>
<p id="37">
	<s id="1">Mon père... </s>
</p>
<stage type="stand">Se levant.</stage>
<p id="38">
	<s id="1">Il faut m'excuser. </s>
</p>
<stage type="move">Mouvement de monsieur Blaisy.</stage>
<p id="38">
	<s id="1">Si !... </s>
	<s id="2">Restez, je vous prie : j'ai un quart d'heure de libre encore... </s>
	<s id="3">Et ne m'en veuillez pas...</s>
</p>
<stage type="closer/watch">Monsieur Blaisy se rapproche et te regarde. Il détourne les yeux. </stage>
<p id="39">
	<s id="1">Est-il bon, au moins, votre cigare ?</s>
</p>
</sp>
<sp who="MONSIEUR BLAISY"><speaker>MONSIEUR BLAISY.</speaker>
<p id="40">
	<s id="1">Je ne sais pas... </s>
</p>
<stage type="touch">Il le pose et lui touche l'épaule. </stage>
<p id="41">
	<s id="1">René !</s>
</p>
</sp>
<sp who="RENÉ"><speaker>RENÉ.</speaker>
<p id="42">
	<s id="1">Mon père ?</s>
</p>
</sp>
<sp who="MONSIEUR BLAISY"><speaker>MONSIEUR BLAISY.</speaker>
<p id="43">
	<s id="1">Pourquoi mens-tu ?</s>
</p>
</sp>
<sp stage="embarrassed" who="RENÉ"><speaker>RENÉ, l'air gêné.</speaker>
<p id="44">
	<s id="1">Je mens, moi ? </s>
	<s id="2">Mais je ne vous ai rien dît!</s>
</p>
</sp>
<sp who="MONSIEUR BLAISY"><speaker>MONSIEUR BLAISY.</speaker>
<p id="45">
	<s id="1">Mais regarde-moi donc en face ! </s>
	<s id="2">Tu sais bien qu'on ment sans parler ! </s>
	<s id="3">Tu ne m'as rien dit ! </s>
	<s id="4">Donc tu avais quelque chose à me dire ! </s>
	<s id="5">Pourquoi ne me le dis-tu pas ? </s>
	<s id="6">Pourquoi dissimules-tu, toi qui dissimules si mal ? </s>
	<s id="7">Tiens, tu m'impatientes ! </s>
	<s id="8">Autrefois d'abord tu m'appelais : papa et non pas : mon père! </s>
	<s id="9">« Mon père!... » </s>
	<s id="10">Il est agaçant, ton : « mon père » cérémonieux, entends-tu ?</s>
</p>
</sp>
<sp who="RENÉ"><speaker>RENÉ.</speaker>
<p id="46">
	<s id="">Mais « papa », ou « mon père », c'est la même chose...</s>
</p>
</sp>
<sp who="MONSIEUR BLAISY"><speaker>MONSIEUR BLAISY.</speaker>
<p id="47">
	<s id="1">Non, ce n'est pas la même chose ! </s>
	<s id="2">Et quand cela serait la même chose, le ton aurait toujours changé !</s>
</p>
<stage type="nervous">S'animant. </stage>
<p id="48">
	<s id="1">C'est ta mère, sans doute, qui t'a dit de me traiter ainsi ?</s>
</p>
</sp>
<sp stage="stand/serious" who="RENÉ"><speaker>RENÉ, se levant, très grave.</speaker>
<p id="49">
	<s id="1">Ah ! </s>
	<s id="2">Pardon !... </s>
	<s id="3">Je vous appellerai papa si vous y tenez, mais ne mêlez pas ma mère à nos discussions. </s>
	<s id="4">Je ne vous demande que ça !... que ça !</s>
</p>
</sp>
<sp stage="animate" who="MONSIEUR BLAISY"><speaker>MONSIEUR BLAISY, s'animant.</speaker>
<p id="50">
	<s id="1">Alors, qu'elle me laisse mon fils ! </s>
	<s id="2">Qu'elle ne travaille plus à m'aliéner...</s>
</p>
</sp>
<sp who="RENÉ"><speaker>RENÉ.</speaker>
<p id="51">
	<s id="1">Il me semble cependant qu'elle vous le laisse, votre fils ! </s>
	<s id="2">Nos relations, malgré votre divorce, le prouvent assez ! </s>
	<s id="3">Que voulez-vous de plus, et pourquoi l'accusez-vous de nous séparer ?... </s>
	<s id="4">Ai-je jamais cessé d'aller vous voir, et ne vous ai-je pas toujours ouvert les bras chaque fois qu'il vous a plu de vous rappeler où j'habite ?</s>
</p>
</sp>
<sp who="MONSIEUR BLAISY"><speaker>MONSIEUR BLAISY.</speaker>
<p id="52">
	<s id="1">Pas aujourd'hui, en tout cas !... </s>
	<s id="2">Tais-toi donc, va ! </s>
	<s id="3">Je t'ai déjà dit que tu ne savais pas mentir. </s>
	<s id="4">D'abord, si je voulais me rappeler tout!... </s>
	<s id="5">Tu n'as pas attendu notre divorcé. </s>
	<s id="6">Tu étais encore enfant quand ta mère s'est mise entre nous...</s>
</p>
</sp>
<sp who="RENÉ"><speaker>RENÉ.</speaker>
<p id="53">
	<s id="1">Mon père, je vous ai déjà prié de ne pas me parler d'elle... </s>
	<s id="2">Et puis, à quoi bon réveiller le passé ? Il n'est pas si gai !</s>
</p>
</sp>
<sp stage="nervous" who="MONSIEUR BLAISY"><speaker>MONSIEUR BLAISY, s'animant davantage.</speaker>
<p id="54">
	<s id="1">Pourquoi m'y forces-tu ? </s>
	<s id="2">Pourquoi n'es-tu plus le même ? </s>
	<s id="3">À mesure que tu as grandi, ton affection pour moi est allée en diminuant. </s>
	<s id="4">Tes études finies, il ne t'en est rien reste qu'une amitié banale ; eh bien, je m'en contentais, justement pour ne pas le remuer, ce passé, et parce que je ne voulais pas troubler ton existence ; mais voilà, tu m'as sevré davantage, et à l'époque précisément où je pensais que, dégagé des jupes maternelles, connaissant enfin la vie, tu n'aurais plus l'enfantillage de vouloir juger ton père !...</s>
</p>
</sp>
<sp who="RENÉ"><speaker>RENÉ.</speaker>
<p id="55">
	<s id="">Je ne vous ai pas jugé.</s>
</p>
</sp>
<sp who="MONSIEUR BLAISY"><speaker>MONSIEUR BLAISY.</speaker>
<p id="56">
	<s id="1">Si ! </s>
	<s id="2">Tu m'as jugé et tu m'as donné tort sans m'avoir entendu !</s>
</p>
</sp>
<sp who="RENÉ"><speaker>RENÉ.</speaker>
<p id="57">
	<s id="1">Je suis resté neutre...</s>
</p>
</sp>
<sp who="MONSIEUR BLAISY"><speaker>MONSIEUR BLAISY.</speaker>
<p id="58">
	<s id="1">Un neutre n'a pas de préférences, - ou les cache mieux ! ;</s>
</p>
</sp>
<sp who="RENÉ"><speaker>RENÉ.</speaker>
<p id="59">
	<s id="1">Vous êtes oublieux, mon père. </s>
	<s id="2">Si j'ai eu ce que vous appelez des préférences, elles sont allées du côté où l'on pleurait ! </s>
	<s id="3">Du côté où l'on avait besoin de moi !... </s>
	<s id="4">J'ai fait mon devoir.</s>
</p>
</sp>
<sp who="MONSIEUR BLAISY"><speaker>MONSIEUR BLAISY.</speaker>
<p id="60">
	<s id="1">Et moi ? </s>
	<s id="2">Je ne l'ai donc pas fait ?... </s>
	<s id="3">Réponds !</s>
</p>
</sp>
<sp who="RENÉ"><speaker>RENÉ.</speaker>
<p id="61">
	<s id="1">Je n'ai pas à vous juger, vous venez de le dire.</s>
</p>
</sp>
<sp stage="disdain" who="MONSIEUR BLAISY"><speaker>MONSIEUR BLAISY, haussant les épaules.</speaker>
<p id="62">
	<s id="1">Et, sans doute, tes préférences sont allées aussi du côté où l'on t'aimait le mieux ?</s>
</p>
</sp>
<sp who="RENÉ"><speaker>RENÉ.</speaker>
<p id="63">
	<s id="1">Je n'ai pas dit cela.</s>
</p>
</sp>
<sp who="MONSIEUR BLAISY"><speaker>MONSIEUR BLAISY.</speaker>
<p id="64">
	<s id="1">Non, mais tu le penses !</s>
</p>
</sp>
<sp who="RENÉ"><speaker>RENÉ.</speaker>
<p id="65">
	<s id="1">Je pense que ma mère m'aimait et m'aime différemment, voilà tout... </s>
	<s id="2">Mais, encore une fois, pourquoi revenir sur tout cela ? </s>
</p>
<stage type="sad">Avec amertume.</stage>
<p id="66">
	<s id="1">Vous oubliez d'abord que le tribunal lui-même me dictait ces prétendues préférences : c'est à ma mère qu'il m'a confié !...</s>
</p>
</sp>
<sp who="MONSIEUR BLAISY"><speaker>MONSIEUR BLAISY.</speaker>
<p id="67">
	<s id="1">Je l'attendais !... </s>
	<s id="2">Eh ! </s>
	<s id="3">Pauvre fou, qu'est-ce que ça prouve, une décision des magistrats ? </s>
	<s id="4">Ils ont eu égard à ton âge, à la nécessité des soins maternels. </s>
	<s id="5">Et tu pars de là pour partager arbitrairement entre ton père et ta mère !...</s>
</p>
</sp>
<sp stage="smile/sad" who="RENÉ"><speaker>RENÉ, souriant, tristement.</speaker>
<p id="68">
	<s id="1">Chut, mon père ! </s>
	<s id="2">Il m'a bien fallu, à vingt ans, apprendre des choses...</s>
</p>
<stage type="NERVOUS">Mouvement violent de monsieur Blaisy.</stage>
<p id="69">
	<s id="1">Enfin, mon père, où voulez-vous en venir ?</s>
</p>
<stage type="impatient">Avec une nuance d'impatience.</stage>
<p id="70">
	<s id="1">Pourquoi cette jalousie ? </s>
	<s id="2">Avez-vous à me reprocher quelque chose ! </s>
	<s id="3">Ah ! </s>
	<s id="4">Mon accueil ce matin ? </s>
	<s id="5">Eh bien, oui, je suis malade, là ! </s>
	<s id="6">Demain... dans quelques jours... dans quelque temps, vous me reverrez tel qu'avant...</s>
</p>
</sp>
<sp stage="laugh" who="MONSIEUR BLAISY"><speaker>MONSIEUR BLAISY, ricanant.</speaker>
<p id="71">
	<s id="1">Tel qu'avant !</s>
</p>
</sp>
<sp who="RENÉ"><speaker>RENÉ.</speaker>
<p id="72">
	<s id="1">Eh oui, tel qu'avant !</s>
</p>
<stage type="stand/walk">Il se lève et fait quelques pas fébrilement.</stage>
<p id="73">
	<s id="1">Que vous prend-il donc ?</s>
</p>
</sp>
<sp who="MONSIEUR BLAISY"><speaker>MONSIEUR BLAISY.</speaker>
<p id="74">
	<s id="1">Il me prend... </s>
	<s id="2">Il me prend que tu me détestes et que, ce matin, tu me le montres trop ! </s>
	<s id="3">Je suis ton père, tu l'oublies !</s>
</p>
</sp>
<sp who="RENÉ"><speaker>RENÉ.</speaker>
<p id="75">
	<s id="1">Je ne l'oublie pas, au contraire ! </s>
	<s id="2">Laissons cela, tenez ! </s>
	<s id="3">Vous me feriez dire que c'est vous qui l'avez trop longtemps oublié.</s>
</p>
</sp>
<sp who="MONSIEUR BLAISY"><speaker>MONSIEUR BLAISY.</speaker>
<p id="76">
	<s id="1">Hein ! </s>
	<s id="2">C'est encore un mot de ta mère, cela ! </s>
	<s id="3">Eh bien, je vais la voir, ta mère, et lui dire qu'elle n'a pas le droit, m'entends-tu, de te dicter...</s>
</p>
</sp>
<sp stage="quick" who="RENÉ"><speaker>RENÉ, vivement.</speaker>
<p id="77">
	<s id="1">Vous ne ferez pas cela ! </s>
	<s id="2">C'est faux, d'abord. </s>
	<s id="3">Ma mère ne m'a appris qu'à vous aimer et qu'à vous respecter.</s>
</p>
</sp>
<sp who="MONSIEUR BLAISY"><speaker>MONSIEUR BLAISY.</speaker>
<p id="78">
	<s id="1">Me respecter ! </s>
	<s id="2">Et je m'en moque, de ton respect ! </s>
</p>
<stage type="anger/sweet">Passant de la colère à l'attendrissement.</stage>
<p id="79">
	<s id="1">Ne me respecte pas et embrasse-moi !...</s>
</p>
<stage type="closer">Il va vers René qui baisse la tête et semble ne pas voir ses bras  tendus.</stage>
<p id="80">
	<s id="1">René ! </s>
	<s id="2">Mon petit René, tu ne comprends donc rien ? </s>
	<s id="3">Mais regarde-moi donc : je vieillis, je suis seul... </s>
	<s id="4">Il y a des jours, vois-tu, comme celui-ci, où la vie me pèse, où tout me manque, où je donnerais la moitié de mon sang pour avoir quelque chose de bon, de vrai, de propre à aimer,... pour t'avoir là, tiens ! </s>
</p>
<stage type="hugh">Il le serre contre lui.</stage>
<p id="81">
	<s id="1">Est-ce une vie que la mienne ? </s>
	<s id="2">Tout m'a raté : le mariage, le plaisir, l'ambition... </s>
	<s id="3">Je te dis tout, à toi : tu es un grand garçon,... tu es sérieux comme je ne l'ai jamais été..., tu comprends... </s>
	<s id="4">Oh ! </s>
	<s id="5">T'avoir là, comme ça ! </s>
	<s id="6">Ce serait bon de retrouver son fils !</s>
</p> 
<stage type="hugh">Il cherche à l'étreindre.</stage>
</sp>
<sp stage="afflicted" who="RENÉ"><speaker>RENÉ, touché, mais se refusant encore.</speaker>
<p id="82">
	<s id="">Papa !...</s>
</p>
</sp>
<sp who="MONSIEUR BLAISY"><speaker>MONSIEUR BLAISY.</speaker>
<p id="83">
	<s id="1">Alors tu veux m'aimer un peu comme quand tu étais petit, tout petit, avant toutes les misères ? </s>
	<s id="2">Tu n'auras plus pour moi une affection de convenance, un respect de convenance, mais un peu de tendresse ?...</s>
</p>
<stage type="away">René se dégage.</stage>
<p id="84">
	<s id="1">Ah ! </s>
	<s id="2">Tu ne veux pas !... </s>
	<s id="3">Je viens trop tard, n'est-ce pas ?</s>
</p>
<stage type="wave">René fait un geste qui semble dire oui et marque simplement son accablement ; son père se recule.</stage>
</sp>
<sp who="RENÉ"><speaker>RENÉ.</speaker>
<p id="85">
	<s id="1">Non, vous ne venez pas trop tard, mais à une mauvaise heure, dans un mauvais jour !... </s>
	<s id="2">Voyez-vous, mon père, aujourd'hui je suis malheureux, je souffre... </s>
	<s id="3">Il vaut mieux que nous nous séparions... </s>
	<s id="4">Je vous ferais malgré moi de la peine... </s>
	<s id="5">Plus tard.</s>
</p>	
<stage type="watch">Il regarde la pendule.</stage>
<p id="86">
	<s id="1">Et puis, je vous l'ai dit, je ne suis pas libre ce matin... </s>
</p>
<stage type="away/location/open">Il va vers la porte, l'ouvre et crie :</stage>
<p id="87">
	<s id="1">Jean, vous ferez entrer dans mon cabinet.</s>
</p>
</sp>
</div2>
<div2 type="scene" n="3"><head>SCÈNE III. Les mêmes, Le Domestique, au dehors.</head>
<sp stage="location" who="LE DOMESTIQUE"><speaker>LA VOIX DU DOMESTIQUE, au dehors.</speaker>
<p id="1">
	<s id="1">Oui, monsieur.</s>
</p>
</sp>
<sp stage="toward/closer" who="MONSIEUR BLAISY"><speaker>MONSIEUR BLAISY, à René qui revient vers lui.</speaker>
<p id="1">
	<s id="1">Je ne te croyais pas cruel.</s>
</p>
</sp>
<sp who="RENÉ"><speaker>RENÉ.</speaker>
<p id="2">
	<s id="1">Cruel !... </s>
	<s id="2">Moi ? </s>
	<s id="3">Ah ! </s>
	<s id="4">Mon pauvre père !</s>
</p>
</sp>
<sp stage="cry/dress" who="MONSIEUR BLAISY"><speaker>MONSIEUR BLAISY, essuyant un commencement de larme et prenant son chapeau.</speaker>
<p id="3">
	<s id="1">Enfin !... </s>
	<s id="2">C'est la vie qui veut ça, n'est-ce pas ?... </s>
	<s id="3">Je ne t'en veux pas tout de même...</s>
</p>
<stage type="walk/dress">Il fait deux ou trois pas en boutonnant ses gants.</stage>
<p id="3">
	<s id="1">Tu serreras la main au docteur pour moi. </s>
	<s id="2">Et qu'il vienne me voir... </s>
	<s id="3">L'estomac, tu sais !...</s>
</p>
</sp>
<sp who="RENÉ"><speaker>RENÉ.</speaker>
<p id="4">
	<s id="1">Je n'y manquerai pas.</s>
</p>
</sp>
<sp stage="away/back" who="MONSIEUR BLAISY"><speaker>MONSIEUR BLAISY, pirouettant sur ses talons, puis revenant.</speaker>
<p id="5">
	<s id="1">Dis donc, mon enfant, c'est assez 1890, la petite scène que nous venons de jouer ! </s>
	<s id="2">Le père divorcé s'attendrissant chez son fils, et le fils le congédiant parce qu'il attend une... amie !... </s>
	<s id="3">Enfin ! </s>
</p>
<stage type="touch">Il lui tend la main.</stage>
<p id="6">
	<s id="1">Au revoir, mon petit René.</s>
</p>
</sp>
<sp stage="touch" who="RENÉ"><speaker>RENÉ, lui serrant la main comme à la scène II.</speaker>
<p id="7">
	<s id="1">Vous pouviez mieux sortir, mon père ! </s>
	<s id="2">Vous m'aviez remué, tout à l'heure... </s>
	<s id="3">Enfin ! </s>
	<s id="4">Comme vous dites !... </s>
	<s id="5">Au fond, tenez, ça vaut mieux, vous m'enlevez un regret...</s>
</p>
</sp>
<sp who="MONSIEUR BLAISY"><speaker>MONSIEUR BLAISY.</speaker>
<p id="8">
	<s id="1">Quel regret, s'il te plaît ?</s>
</p>
</sp>
<sp who="RENÉ"><speaker>RENÉ.</speaker>
<p id="9">
	<s id="1">Je me serais reproché d'avoir paru insensible, d'avoir paru rancunier !</s>
</p>
</sp>
<sp who="MONSIEUR BLAISY"><speaker>MONSIEUR BLAISY.</speaker>
<p id="10">
	<s id="1">Rancunier de quoi, dis donc ?</s>
</p>
</sp>
<sp who="RENÉ"><speaker>RENÉ.</speaker>
<p id="11">
	<s id="1">Rien... </s>
	<s id="2">Je n'ai rien dit. </s>
	<s id="3">Au revoir.</s>
</p>
</sp>
<sp stage="strong" who="MONSIEUR BLAISY"><speaker>MONSIEUR BLAISY, violemment.</speaker>
<p id="12">
	<s id="1">Et moi je veux que tu t'expliques, je le veux !</s>
</p>
</sp>
<sp stage="stress/quiet" who="RENÉ"><speaker>RENÉ, violemment, mais d'un ton plus contenu.</speaker>
<p id="13">
	<s id="1">Vous le voulez ? </s>
	<s id="2">Vous le... voulez ? </s>
	<s id="3">Je ne suis plus un enfant, mon père ! </s>
	<s id="4">Je suis doublement émancipé : par l'âge et par notre situation. </s>
	<s id="5">Et je souffre assez de celle-ci pour en retirer au moins les avantages !</s>
</p>
</sp>
<sp who="MONSIEUR BLAISY"><speaker>MONSIEUR BLAISY.</speaker>
<p id="14">
	<s id="1">Tu en souffres !... </s>
	<s id="2">Tu plaisantes, je pense ! </s>
	<s id="3">En quoi ça peut-il bien te faire souffrir que ton père et ta mère aient divorcé ? </s>
	<s id="4">Encore si tu étais une fille ! </s>
	<s id="5">Dis donc ! </s>
	<s id="6">Est-ce que ça t'a gêné dans tes examens ? </s>
	<s id="7">Est-ce que ça t'a empêché de percer ton trou, de te faire un nom ? </s>
	<s id="8">Quand tu étais tout petit, tu voulais ta mère à toi tout seul : eh bien, tu l'as ! </s>
	<s id="9">Qu'est-ce qu'il te manque encore ? </s>
	<s id="10">Ma parole, je ne te reconnais plus : tu ne vas pas me servir un article de journal contre le divorce, n'est-ce pas ? </s>
	<s id="11">Et ce n'est pas ta mère qui se plaint non plus. </s>
	<s id="12">Alors quoi ? </s>
	<s id="13">Non, avec tes airs de victime tu me ferais rire ! </s>
	<s id="14">Ne dirait-on pas que tu es disqualifié dans la vie, parce que papa et maman se sont séparés et, s'il te plaît, à un moment où tu étais déjà grand, quand tu n'avais plus besoin de les avoir tous deux à la fois !... </s>
	<s id="15">T'a-t-on boudé dans le monde.</s>
</p>
<stage type="show">Montrant le bras en écharpe.</stage>
<p id="15">
	<s id="1">Et le petit Vermot a-t-il refusé d'aller avec toi sur le pré parce que c'est à ton bras et non au mien que ta mère entre chez sa mère ?</s>
</p>
</sp>
<sp stage="sad" who="RENÉ"><speaker>RENÉ, avec amertume.</speaker>
<p id="16">
	<s id="1">Il y a d'autres refus que celui-là ! </s>
	<s id="2">J'en sais quelque chose !</s>
</p>
</sp>
<sp who="MONSIEUR BLAISY"><speaker>MONSIEUR BLAISY.</speaker>
<p id="17">
	<s id="l">Lesquels ? </s>
	<s id="2">Qu'est-ce qu'on t'a refusé, dis ?</s>
</p>
</sp>
<sp stage="anger" who="RENÉ"><speaker>RENÉ, avec emportement.</speaker>
<p id="18">
	<s id="l">Vous voulez le savoir : eh bien, tant pis, mon père, vous le saurez... </s>
	<s id="2">On m'a refusé le bonheur ! </s>
	<s id="3">Entendez-vous ! </s>
	<s id="4">On m'a refusé une jeune fille que j'aimais. </s>
	<s id="5">On me l'a refusée comme à un paria, comme on ne la refuserait pas à un bâtard !... </s>
	<s id="6">Vous me croyez fou, n'est-ce pas ? </s>
	<s id="7">C'est que vous ne saviez rien. </s>
	<s id="8">Oui, un roman de six mois, le bonheur, vous dis-je ! </s>
	<s id="9">Quelque chose comme je n'aurais pas osé le rêver et qui m'aurait fait sourire, lu dans un livre. </s>
	<s id="10">Il parait, vous voyez bien, que ça arrive, ces choses ! </s>
	<s id="11">Ça arrive, oui, maïs ça ne dure pas ! On me l'a refusée, il y a deux jours, malgré elle, malgré tout, malgré que ce mariage, au point de vue fortune, situation et à tous les points de vue, dût, comme on dit, convenir aux deux familles ! </s>
	<s id="12">Et quand j'ai voulu savoir pourquoi l'on m'éconduisait, je n'ai obtenu que des mensonges ambigus. </s>
	<s id="13">Eh bien, mon père, j'ai cherché, j'ai fait parler et j'ai appris...</s>
</p>
</sp>
<sp who="MONSIEUR BLAISY"><speaker>MONSIEUR BLAISY.</speaker>
<p id="19">
	<s id="">Quoi ?</s>
</p>
</sp>
<sp who="RENÉ"><speaker>RENÉ.</speaker>
<p id="20">
	<s id="1">Qu'on me refusait... </s>
	<s id="2">À cause de vous !</s>
</p>
</sp>
<sp who="MONSIEUR BLAISY"><speaker>MONSIEUR BLAISY.</speaker>
<p id="21">
	<s id="1">À cause de moi !!!</s>
</p>
</sp>
<sp who="RENÉ"><speaker>RENÉ.</speaker>
<p id="22">
	<s id="1">Oui, à cause de votre vie d'homme de plaisir, à cause de votre divorce... </s>
	<s id="2">Qu'est-ce que vous voulez que je vous dise de plus ?... </s>
	<s id="3">Vous prétendiez tout à l'heure que je ne vous aimais pas... </s>
	<s id="4">Si je ne vous aimais pas, je n'aurais pas hésité à tout vous dire. </s>
	<s id="5">J'ai voulu vous le cacher... </s>
	<s id="6">Il a fallu que vous veniez ce matin, vous qui venez tous les trois mois ! </s>
	<s id="7">Il a fallu que justement, sans deviner mon deuil, vous fussiez plus exigeant que d'habitude !... </s>
	<s id="8">Vous m'avez forcé à parler !... </s>
	<s id="9">Ne m'en veuillez pas, allez ! </s>
	<s id="10">Je suis si malheureux !</s>
</p>
<stage type="sit/cry">Il retombe accablé sur son fauteuil et se cache la tête comme pour pleurer.</stage>
</sp>
<sp who="MONSIEUR BLAISY"><speaker>MONSIEUR BLAISY.</speaker>
<p id="23">
	<s id="1">Mais, René, c'est de la folie.</s>
</p>
<stage type="help">Il lui fait redresser la tête.</stage>
<p id="24">
	<s id="1">Chez quels sauvages étais-tu tombé ? </s>
	<s id="2">Voyons, comment s'appellent-ils ?</s>
</p>
</sp>
<sp who="RENÉ"><speaker>RENÉ.</speaker>
<p id="25">
	<s id="1">À quoi bon les nommer ?</s>
</p>
</sp>
<sp who="MONSIEUR BLAISY"><speaker>MONSIEUR BLAISY.</speaker>
<p id="26">
	<s id="1">Mais si... </s>
	<s id="2">Ah ! </s>
	<s id="3">Je veux les connaître, ces puritains ! </s>
	<s id="4">Je veux leur dire... </s>
	<s id="5">Alors c'est toi qui expierais ?... </s>
	<s id="6">Mais es-tu sûr, au moins ?</s>
</p>
</sp>
<sp who="RENÉ"><speaker>RENÉ.</speaker>
<p id="27">
	<s id="1">Oui !... </s>
	<s id="2">Le petit Vermot a bavardé : de là notre duel. </s>
	<s id="3">D'ailleurs la mère de la jeune fille a fini par me balbutier que le refus ne s'adressait pas à moi, mais à ma famille !... </s>
	<s id="4">À ma famille !... </s>
	<s id="5">C'est en effet notre nom dont on ne veut pas ! </s>
	<s id="6">Il a trop traîné à la rubrique des tribunaux, Chambre des divorces. </s>
	<s id="7">Les grands-parents déshériteraient la jeune fille... </s>
	<s id="8">Je l'aurais, parbleu, bien prise sans dot ; mais on m'a trouvé trop pauvre pour deux.</s>
</p>
</sp>
<sp who="MONSIEUR BLAISY"><speaker>MONSIEUR BLAISY.</speaker>
<p id="28">
	<s id="">C'est vrai ! Je t'ai aussi ruiné !</s>
</p>
</sp>
<sp stage="exhaltation" who="RENÉ"><speaker>RENÉ, avec feu.</speaker>
<p id="29">
	<s id="1">Ô papa, vous savez bien que ça, je ne vous le reprocherai jamais.</s>
</p>
</sp>
<sp stage="anger" who="MONSIEUR BLAISY"><speaker>MONSIEUR BLAISY, avec colère.</speaker>
<p id="30">
	<s id="1">Ça, non ; mais le reste ! </s>
	<s id="2">Appelle-moi donc père dénaturé ! </s>
	<s id="3">Tu le penses !</s>
</p>
</sp>
<sp stage="sad" who="RENÉ"><speaker>RENÉ, tristement.</speaker>
<p id="31">
	<s id="1">Vous me voyez malheureux et vous me parlez ainsi ! </s>
	<s id="2">Puisque je ne vous reproche rien ! </s>
	<s id="3">Vous ne pouviez pas prévoir, n'est-ce pas ? </s>
	<s id="4">On doit à ses enfants un nom, des aliments, de l'instruction : vous m'avez donné tout cela. </s>
	<s id="5">Je n'aurais pas le droit d'exiger davantage... </s>
	<s id="6">Pourquoi vous mettre en colère ? </s>
	<s id="7">C'est fait ! </s>
	<s id="8">C'est fait ! </s>
	<s id="9">Je tâcherai d'oublier.</s>
</p>
</sp>
<sp stage="silence" who="MONSIEUR BLAISY"><speaker>MONSIEUR BLAISY, après un silence.</speaker>
<p id="32">
	<s id="1">Ta mère sait ton échec ?</s>
</p>
</sp>
<sp who="RENÉ"><speaker>RENÉ.</speaker>
<p id="33">
	<s id="1">Oui, je lui ai avoué hier quand elle est arrivée, au premier bruit de mon duel...</s>
</p>
</sp>
<sp who="MONSIEUR BLAISY"><speaker>MONSIEUR BLAISY.</speaker>
<p id="34">
	<s id="1">Et qu'à-t-elle dit ?</s>
</p>
</sp>
<sp who="RENÉ"><speaker>RENÉ.</speaker>
<p id="35">
	<s id="1">Elle a pleuré.</s>
</p>
</sp>
<sp who="MONSIEUR BLAISY"><speaker>MONSIEUR BLAISY.</speaker>
<p id="36">
	<s id="1">Elle a pleuré !... </s>
	<s id="2">Elle a pleuré !... </s>
	<s id="3">Les femmes ne savent que pleurer !</s>
</p>
</sp>
<sp who="RENÉ"><speaker>RENÉ.</speaker>
<p id="37">
	<s id="1">Que vouliez-vous qu'elle fît ? </s>
	<s id="2">Qu'elle récriminât ? </s>
	<s id="3">Vous la jugiez mal tout à l'heure, la pauvre femme. </s>
	<s id="4">Dans son désespoir elle n'a pas laissé échapper un seul mot contre vous, un seul !...</s>
</p>
</sp>
<sp stage="strong" who="MONSIEUR BLAISY"><speaker>MONSIEUR BLAISY, violemment.</speaker>
<p id="38">
	<s id="1">Il n'aurait plus manqué que ça !... </s>
	<s id="2">Qu'elle pleure, c'est ce qu'elle a de mieux à faire !</s>
</p>
</sp>
<sp who="RENÉ"><speaker>RENÉ.</speaker>
<p id="39">
	<s id="1">Non ! </s>
	<s id="2">Vous êtes trop dur, à la fin ! </s>
	<s id="3">Restons-en là, mon père. </s>
	<s id="4">Je vous avais prié, par deux fois, de ne pas me parler d'elle. </s>
	<s id="5">Vous l'oubliez et vous me chagrinez à plaisir. </s>
	<s id="6">Comment voulez-vous que je demeure neutre ? </s>
	<s id="">Comment voulez-vous, surtout aujourd'hui, que je ne compare pas ?</s>
</p>
</sp>
<sp who="MONSIEUR BLAISY"><speaker>MONSIEUR BLAISY.</speaker>
<p id="40">
	<s id="1">Alors tu juges ? </s>
	<s id="2">Tu vois bien que tu juges ! </s>
	<s id="3">Et c'est moi que tu fais seul responsable de ce qui t'arrive ? </s>
	<s id="4">Tu as raison, va, laisse-moi partir ! </s>
	<s id="5">Tu me ferais dire ce que je ne veux pas dire...</s>
</p>
</sp>
<sp who="RENÉ"><speaker>RENÉ.</speaker>
<p id="41">
	<s id="1">Eh ! </s>
	<s id="2">Dîtes, au contraire ! Dites ! </s>
	<s id="3">Puisque vous croyez que je vous juge, défendez-vous, mais laissez ma mère hors du débat ! </s>
	<s id="4">Tenez, à cette place même, avant-hier, comme je m'emportais contre vous, - j'étais dans mon premier désespoir et comme fou devant ma vie perdue... </s>
	<s id="5">- Elle m'a fait taire : « C'est ton père, m'a-t-elle dit, et j'ai bien pardonné, moi ! »</s>
</p>
</sp>
<sp stage="anger" who="MONSIEUR BLAISY"><speaker>MONSIEUR BLAISY, avec éclat.</speaker>
<p id="42">
	<s id="1">Et tu as obéi ! </s>
	<s id="2">Le fils a excusé le père !... </s>
	<s id="3">Ah ! </s>
	<s id="4">C'est trop fort!... </s>
	<s id="5">Tu as cru ça, toi, tu l'as cru ? </s>
	<s id="6">Tu n'as pas vu qu'elle redoutait un partage de responsabilités ? Eh bien ! </s>
	<s id="7">Non, non, tu sauras !... </s>
	<s id="8">Parbleu ! </s>
	<s id="9">Je l'avais bien prévu ! </s>
	<s id="10">Je me doutais qu'un jour il arriverait ce qui arrive ; aussi me suis-je précautionné avant de plaider en divorce ! </s>
	<s id="11">J'ai des preuves, une lettre d'elle constatant notre convention ! </s>
	<s id="12">Je devais me donner tous les torts, entends-tu ? </s>
	<s id="13">Tous ! </s>
	<s id="14">Et ne parler des siens...</s>
</p>
</sp>
<sp stage="closer" who="RENÉ"><speaker>RENÉ, s'avançant vers son père.</speaker>
<p id="43">
	<s id="1">Des siens ?</s>
</p>
</sp>
<sp stage="anger" who="MONSIEUR BLAISY"><speaker>MONSIEUR BLAISY, toujours emporté.</speaker>
<p id="44">
	<s id="1">Des siens ! </s>
	<s id="2">Et je me les suis laissé donner tous ! </s>
	<s id="3">Car j'avais dans ma poche, signé d'elle, librement, l'aveu de sa faute.</s>
</p>
</sp>
<sp stage="closer/faint" who="RENÉ"><speaker>RENÉ, plus près encore et hagard.</speaker>
<p id="45">
	<s id="1">De sa faute... à ma mère ?</s>
</p>
</sp>
<sp stage="away/emabrrassed/low" who="MONSIEUR BLAISY"><speaker>MONSIEUR BLAISY, reculant, effaré de ce qu'il a dit, avec le jeu de physionomie d'un homme qui voudrait rattraper ses paroles, et presque à voix basse.</speaker>
<p id="46">
	<s id="1">Oui...</s>
</p>
</sp>
<sp sstage="anger" who="RENÉ"><speaker>RENÉ, avec explosion.</speaker>
<p id="47">
	<s id="1">Non !... </s>
	<s id="2">Non !... </s>
	<s id="3">Vous en avez menti !</s>
</p>
</sp>
<sp stage="threat" who="MONSIEUR BLAISY"><speaker>MONSIEUR BLAISY, se redressant et menaçant.</speaker>
<p id="48">
	<s id="1">René !</s>
</p>
</sp>
<sp who="RENÉ"><speaker>RENÉ.</speaker>
<p id="49">
	<s id="1">Et frappez-moi donc !... </s>
	<s id="2">Vous mentez!... </s>
	<s id="3">Vous mentez !...</s>
</p>
<stage type="pray">Changeant de ton et suppliant.</stage>
<p id="50">
	<s id="1">Oh ! </s>
	<s id="2">Dites... vous mentez ?... </s>
	<s id="3">Ce n'est pas vrai... </s>
	<s id="4">Maman !... </s>
	<s id="5">Vous mentez, n'est-ce pas ?</s>
</p>
<stage type="furious">Avec fureur.</stage>
<p id="51">
	<s id="1">Vous ne mentez pas ? </s>
	<s id="2">Et vous m'avez dît cela, à moi ? </s>
	<s id="3">Ah ! </s>
	<s id="4">Mon père, c'est...</s>
</p>	
</sp>
<sp stage="away/close/threat" who="MONSIEUR BLAISY"><speaker>MONSIEUR BLAISY, qui a reculé, se rapproche menaçant.</speaker>
<p id="52">
	<s id="1">C'est ?</s>
</p>
</sp>
</div2>
<div2 type="scene" n="4"><head>SCÈNE IV. Les mêmes, Madame Blaisy.</head>
<sp stage="entrance/location/closer" who="MADAME BLAISY"><speaker>MADAME BLAISY, entrant par la porte opposée à celle par où est entré son mari a la scène IIe, et venant du cabinet de travail de René.</speaker>
<p id="1">
	<s id="1">C'est lâche !</s>
</p>
</sp>
<sp who="RENÉ"><speaker>RENÉ.</speaker>
<p id="2">
	<s id="1">Maman ! </s>
	<s id="2">Maman ! </s>
</p>
<stage type="closer/watch/away">Il va vers elle, le mari et la femme se fixent. Il les regarde et recule.</stage> 
<p id="3">
	<s id="1">Oh ! </s>
	<s id="2">Parle !</s>
</p>	
<stage type="watch/silence">Le mari et la femme se fixent toujours, muets ; la femme supplie du regard son mari de répondre, et lui, baisse les yeux, se tait.</stage> 
<p id="4">
	<s id="1">Alors, c'est vrai ?... </s>
	<s id="2">C'est vrai ?... </s>
</p>
<stage type="sit/anxious">Il vient tomber, les mains tordues, sur un siège au fond, à gauche.</stage>
</sp>
<sp stage="run/kneel" who="MADAME BLAISY"><speaker>MADAME BLAISY, courant à lui, s'agenouillant, et lui prenant la main.</speaker>
<p id="5">
	<s id="1">René !</s>
</p>
</sp>
<sp who="RENÉ"><speaker>RENÉ. </speaker>
<stage type="touch/stand/push">Il lui abandonne sa main, puis, tout à coup, se lève et la repousse.</stage>
<p id="5">
	<s id="1">Allez-vous en !... </s>
	<s id="2">Allez-vous-en !</s>
</p>
<stage type="faint/shout/closer">Madame Blaisy chancelle et pousse un cri déchirant, René va à son père.</stage>
<p id="6">
	<s id="1">Et vous... </s>
	<s id="2">Et vous ! </s>
	<s id="3">Allez-vous-en !... </s>
	<s id="4">Allez-vous-en, tous ! </s>
</p>
<stage type="walk">Il va et vient à grands pas, l'air fou, Le père recule vers la porte, non loin de laquelle il s'arrête, comme cloué an sol et regardant son fils, Le bandage du blessé est tombé dans la violence des mouvements d'ours en cage qu'à faits le jeune homme.</stage>
</sp>
<sp stage="watch/run" who="MADAME BLAISY"><speaker>MADAME BLAISY, apercevant l'écharpe pendante, et courant à René.</speaker>
<p id="7">
	<s id="1">Ah ! </s>
	<s id="2">Tu vas te faire mal !...</s>
</p>
</sp>
<sp who="RENÉ"><speaker>RENÉ.</speaker>
<p id="8">
	<s id="">Va-t'en !</s>
</p>
</sp>
<sp who="MADAME BLAISY"><speaker>MADAME BLAISY.</speaker>
<p id="9">
	<s id="1">Tout à l'heure !...</s>
</p>
<stage type="touch">Et malgré lui, elle lui replace le bras dans l'écharpe, après en avoir ré-assujetti rapidement le pansement. René, après la première révolte, se laisse faire.</stage>
</sp>
<sp stage="childish" who="RENÉ"><speaker>RENÉ, d'une voix d'enfant.</speaker>
<p id="10">
	<s id="">Merci, maman...</s>
</p>
<stage type="silence/watch">Puis, après un silence, et comme s'il découvrait seulement ses parents.</stage>
<p id="11">
	<s id="">Vous êtes encore là ? </s>
</p>
<stage type="away/stop">Monsieur Blaisy fait an pas vers la porte. Sa femme l'arrête d'un geste impérieux.</stage>
<p id="12">
	<s id="1">Vous ne trouvez donc pas que j'aie encore assez souffert?.,. Oh! toi, maman!.,, toi!.,, toi!,.,</s>
</p>
</sp>
<sp stage="cry/toward" who="MADAME BLAISY"><speaker>MADAME BLAISY, après un grand sanglot, s'adressant à son mari.</speaker>
<p id="13">
	<s id="1">Êtes-vous satisfait ?... </s>
</p>
<stage type="toward">À René.</stage>
<p id="14">
	<s id="1">Mon enfant...</s>
</p>
</sp>
<sp stage="listen" who="RENÉ"><speaker>RENÉ, sans l'entendre.</speaker>
<p id="15">
	<s id="1">Ainsi, tu mentais ? </s>
	<s id="2">Tu m'as toujours menti !</s>
</p>
<stage type="laugh/stand">Il rit et se lève.</stage>
<p id="16">
	<s id="1">Ah ! </s>
	<s id="2">Parbleu, les Rîchter avaient raison de me refuser leur fille !... </s>
	<s id="3">Je ne savais pas, moi, tiens, et je leur en voulais !</s>
</p>
<stage type="walk/stop/toward">Il s'arrête en passant devant sa mère.</stage>
<p id="17">
	<s id="1">Et dire que je comptais sur toi pour aller chez eux, ce matin, essayer d'une dernière démarche !...</s>
</p>
<stage type="toward">À son père.</stage>
<p id="18">
	<s id="1">Vous m'avez averti à temps ! </s>
	<s id="2">Mais, dites-moi, vous avez oublié de préciser la date ! </s>
	<s id="3">Est-ce que mon état-civil est exact ?</s>
</p>
<stage type="walk/nervous">Il va et vient tout en parlant.</stage>
</sp>
<sp stage="toward" who="MONSIEUR BLAISY"><speaker>MONSIEUR BLAISY, à sa femme.</speaker>
<p id="19">
	<s id="1">Mais calmez-le donc !</s>
</p>
</sp>
<sp stage="toward" who="RENÉ"><speaker>RENÉ, à son père.</speaker>
<p id="20">
	<s id="1">Et le nom ? </s>
	<s id="2">Vous avez oublié le nom !... </s>
	<s id="3">Vous ne parlez plus ? </s>
	<s id="4">Vous ne pouvez plus pourtant me faire de mal ! </s>
</p>
<stage type="toward/sit">À sa mère, tombée prostrée sur un fauteuil.</stage>
<p id="21">
	<s id="1">Je t'aimais tant !...</s>
</p>
<stage>D'un geste d'habitude, il caresse les cheveux de sa mère, va pour les baiser et recule.</stage>
</sp>
<sp who="MADAME BLAISY"><speaker>MADAME BLAISY.</speaker>
<p id="22">
	<s id="1">Tais-toi ! </s>
	<s id="2">Tu me tues ! </s>
</p>
<stage type="stay/stand/closer/pull">René secoue la tête, puis, immobile, joue avec un gland du coussin : il ne semble plus rien voir. Madame Blaisy se lève, va à son mari, le tire par la manche violemment.</stage> 
<p id="23">
	<s id="1">Mais dis-lui donc qu'il nous juge !</s>
</p>
</sp>
<sp who="MONSIEUR BLAISY"><speaker>MONSIEUR BLAISY.</speaker>
<p id="24">
	<s id="1">Vous êtes folle ! </s>
</p>
<stage type="walk/stop">Il fait quelques pas et s'arrête.</stage>
</sp>
<sp who="MADAME BLAISY"><speaker>MADAME BLAISY.</speaker>
<p id="25">
	<s id="1">Si ! </s>
	<s id="2">Qu'il nous juge !... </s>
	<s id="3">René, je t'en supplie, écoute-moi... </s>
	<s id="4">Tu me condamneras après, mais écoute !...</s>
</p>
</sp>
<sp who="MONSIEUR BLAISY"><speaker>MONSIEUR BLAISY.</speaker>
<p id="26">
	<s id="1">Laissez-le donc ; vous voyez bien qu'il va tomber...</s>
</p>
</sp>
<sp who="RENÉ"><speaker>RENÉ.</speaker>
<p id="27">
	<s id="1">Pourquoi ne voulez-vous pas qu'elle parle ? </s>
	<s id="2">Vous m'avez bien parlé, vous !</s>
</p>
</sp>
<sp who="MADAME BLAISY"><speaker>MADAME BLAISY.</speaker>
<p id="28">
	<s id="1">René, mon petit René...</s>
</p>
<stage type="cry">Des sanglots l'étouffent. </stage>
<p id="29">
	<s id="1">Ah ! </s>
	<s id="2">Je ne puis pas !... </s>
</p>
<stage type="sit/stand/toward">Elle est tombée sur un siège. Elle se relève et s'adresse à son mari.</stage>
<p id="30">
	<s id="1">Mais dites-le-lui, vous ! </s>
	<s id="2">Dites-le lui ! </s>
	<s id="3">Vous savez bien comment cela s'est fait ! </s>
	<s id="4">Dites-le-lui et qu'il me haïsse ensuite... </s>
	<s id="5">Tout ! </s>
	<s id="6">Tout ! </s>
	<s id="7">Mon Dieu ! </s>
	<s id="8">Pourvu qu'il ne me méprisé plus !... </s>
	<s id="9">Je ne puis pas même mourir... </s>
	<s id="10">Il faut qu'il sache avant ! </s>
	<s id="11">Il faut qu'il sache !</s>
</p>
<stage type="toward">À René.</stage>
<p id="31">
	<s id="1">Écoute, puisqu'il ne veut pas, puisqu'il n'ose pas, je vais te dire, moi...</s>
</p> 
<stage type="hide">Il se passe la main sur les yeux.</stage>
</sp>
<sp stage="abrupt" who="RENÉ"><speaker>RENÉ, brusquement.</speaker>
<p id="32">
	<s id="1">Quand était-ce ? </s>
	<s id="2">Quand ?...</s>
</p>
</sp>
<sp stage="afflicted/pain/cry" who="MADAME BLAISY"><speaker>MADAME BLAISY, littéralement affolée, mourante de honte et de chagrin.</speaker>
<p id="33">
	<s id="1">Après toi... </s>
	<s id="2">Tu avais cinq ans... </s>
</p>
<stage type="watch">René regarde son père.</stage>
<p id="34">
	<s id="1">Tu avais cinq ans. </s>
</p>
<stage type="quick">Elle parle vite, comme sans s'entendre et avec hâte d'en finir.</stage>
<p id="35">
	<s id="1">Deux ans plus tôt, il l'avait amené à la maison... </s>
	<s id="2">Ils étaient amis d'enfance... </s>
	<s id="3">Ils venaient de se retrouver...</s>
</p>
</sp>
<sp stage="toward" who="RENÉ"><speaker>RENÉ, à son père.</speaker>
<p id="36">
	<s id="1">Son nom ?... </s>
	<s id="2">Bricey, n'est-ce pas?</s>
</p>
</sp>
<sp stage="low" who="MADAME BLAISY"><speaker>MADAME BLAISY, très bas.</speaker>
<p id="37">
	<s id="1">Oui.</s>
</p>
</sp>
<sp who="RENÉ"><speaker>RENÉ.</speaker>
<p id="38">
	<s id="1">Celui-là ! </s>
</p>
<stage type="turn">Il retourne la tête comme avec un dégoût.</stage>
<p id="39">
	<s id="1">Il m'a aimé !</s>
</p>
</sp>
<sp stage="quick" who="MADAME BLAISY"><speaker>MADAME BLAISY, plus vite.</speaker>
<p id="40">
	<s id="1">Oui, il t'a aimé... </s>
	<s id="2">Ah ! </s>
	<s id="3">Maintenant, je puis parler... </s>
	<s id="4">Écoute, René, tu ne sais pas cela, toi. </s>
	<s id="5">Même quand tu as été grand, quand j'ai laissé échapper des plaintes, quand je t'ai laissé voir ma misère, je ne t'ai pas tout dit, tout montré... </s>
	<s id="6">Ah ! </s>
	<s id="7">Si je pouvais te raconter ma vie toute entière !... </s>
	<s id="8">Quand il m'a prise...</s>
</p>
<stage type="show">Elle montre son mari. </stage>
<p id="41">
	<s id="1">j'avais dix-huit ans ; j'avais juste la dot réglementaire ; j'étais jolie. </s>
	<s id="2">Je ne l'aimais pas, mais il me courtisait et je n'aimais personne. </s>
	<s id="3">Est-ce que je savais ce que c'était, la vie ? </s>
	<s id="4">Je l'ai accepté ; ma mère voulait, d'abord, et puis, j'étais contente de me marier... </s>
	<s id="5">C'est banal, n'est-ce pas ?... </s>
	<s id="6">Attends !... </s>
	<s id="7">Les premiers mois furent assez bons... assez bons... </s>
	<s id="8">Après les premières désillusions, voilà que je l'estimais : c'était mon mari ! </s>
	<s id="9">J'étais même fière de lui, parfois, après avoir souffert de le découvrir brutal...</s>
</p>
<stage type="exit/watch.sit">Monsieur Blaisy veut sortir ; René lui fait signe de s'asseoir.</stage>
<p id="42">
	<s id="1">..., brutal comme le soldat qu'il était resté sous l'épaulette. </s>
	<s id="2">Et puis, j'étais enceinte de toi, mon René, et cela me consolait de tout... </s>
	<s id="3">C'est quelque temps après ta naissance que mon supplice commença. </s>
	<s id="4">Il m'avait emmenée chez ses parents, en Anjou. </s>
	<s id="5">Dès mes relevailles, je compris que ceux-ci me desservaient auprès de lui. </s>
	<s id="6">Je n'étais ni de leur religion, ni de leur pays ; j'avais d'autres goûts ; j'étais pauvre enfin, et ils ne pardonnaient pas à leur bru. </s>
	<s id="7">Lui, les écoutait, pas méchant, faible seulement et égoïste. </s>
	<s id="8">Durant mes couches, il me trompait avec une chanteuse de café-concert : je le sus pendant que je nourrissais ; j'en manquai mourir et te perdre... </s>
	<s id="9">C'est banal encore ?... </s>
	<s id="10">Attends !... </s>
	<s id="11">Tu avais un an quand il fut promu commandant. </s>
	<s id="12">On fêta sa promotion. Ce soir-là, quand il revint du punch de la garnison, il me confessa ses regrets de m'avoir épousée. </s>
	<s id="13">Maintenant, me dit-il, il pourrait trouver une riche héritière ! </s>
	<s id="14">Je sentis que j'allais le haïr ; mais il était gris, peut-être ? </s>
	<s id="15">Le lendemain, je lui fis des reproches. </s>
	<s id="16">Ses parents me donnèrent tort ; je me révoltai, et, devant eux, à table, il me lança un soufflet. </s>
	<s id="17">Et je le pris en haine...</s>
</p>
</sp>
<sp stage="away/toward" who="RENÉ"><speaker>RENÉ, à Monsieur Blaisy qui veut partir.</speaker>
<p id="43">
	<s id="1">Je vous en prie, mon père, restez là...</s>
</p>
</sp>
<sp who="MADAME BLAISY"><speaker>MADAME BLAISY.</speaker>
<p id="44">
	<s id="1">Mais on ne hait pas longtemps, à cet âge ! </s>
	<s id="2">Il fut malade gravement. </s>
	<s id="3">Je le soignai ; je je sauvai. </s>
	<s id="4">On nous réconcilia. </s>
	<s id="5">Six mois se passèrent. </s>
	<s id="6">Nous avions des querelles fréquemment, où repassaient des échos de sa première insulte. </s>
	<s id="7">Il me trompait chaque jour davantage. </s>
	<s id="8">Je lui passai les filles, mais je refusai de recevoir la femme d'un de ses collègues, sa maîtresse. </s>
	<s id="9">Il me battit et ce fut fini. </s>
	<s id="10">Il m'abandonna tout à fait. </s>
	<s id="11">Eh bien, René, ce fut ma période la plus heureuse ! </s>
	<s id="12">Je t'avais pour me consoler... </s>
	<s id="13">Vînt enfin le jour où il me présenta Bricey qu'il installa chez nous, à demeure. </s>
	<s id="14">Bricey m'aima, mais sans me le dire ; il respectait la maison de ton père. </s>
	<s id="15">Je l'aimai aussi, mais je t'avais : j'étais forte ! </s>
	<s id="16">Un jour, Bricey changea de régiment, et je vécus deux ans avec son souvenir, dans une tristesse douce. </s>
	<s id="17">Au bout de ces deux ans, il nous rejoignît à Fontainebleau, nommé encore dans le même régiment que ton père. </s>
	<s id="18">Tu avais grandi, tu m'occupais moins ; j'avais vingt-trois ans, je n'avais pas encore connu le bonheur, et, mon mari détaché au camp de Châlons, j'étais seule, enfin...</s>
</p>
<stage type="cry">Elle pleure. </stage>
<p id="45">
	<s id="1">Lui, il était... </s>
	<s id="2">À quoi bon ? </s>
	<s id="3">Je ne veux pas m'excuser !... </s>
	<s id="4">Je résistai longtemps, et, un jour que j'étais plus malheureuse... </s>
	<s id="5">Il me prit...</s>
</p>
<stage type="closer/watch">Mouvement de René vers sa mère. Elle ne le voit pas.</stage>
<p id="46">
	<s id="1">Quelques jours après, on l'envoya en Afrique... </s>
	<s id="2">Il y fut tué. </s>
	<s id="3">Je pris le deuil... </s>
	<s id="4">Quand mes parents moururent, je voulus me faire libre, afin de te sauver ce dont j'avais hérité ; mais mon mari avait découvert les lettres de Bricey et les miennes que Bricey m'avait renvoyées d'Algérie, avant de mourir à l'hôpital. </s>
	<s id="5">Ton père savait tout, tellement séparé de moi d'ailleurs, depuis des temps, que l'outrage ne l'irrita guère. </s>
	<s id="6">Seulement, comme je ne voulais pas que le nom de l'homme que j'aimais figurât au procès, à cause de toi, plus tard ; comme je voulais ravoir ses lettres ; comme enfin ton père autant que moi désirait le divorce, je signai, prête à tout, la convention dont il t'a parlé... </s>
	<s id="7">Voilà, René ! </s>
	<s id="8">Juge-moi, maintenant. </s>
	<s id="9">Je les ai, tu sais, les lettres qui me trahirent... </s>
	<s id="10">Toutes !... </s>
	<s id="11">Et tu pourrais les lire !... </s>
</p>
<stage type="hide/cry">Elle cache sa tête dans ses mains et sanglote.</stage>
</sp>
<sp stage="closer" who="RENÉ"><speaker>RENÉ, s'avançant vers elle.</speaker>
<p id="47">
	<s id="">Maman !</s>
</p>
<stage stage="toward">À son père.</stage>
<p id="48">
	<s id="1">Vous n'avez rien à dire pour votre défense ?</s>
</p>
<stage>Monsieur Blaisy ne répond pas et sort.</stage>
<p id="49">
	<s id="1">Alors... </s>
	<s id="2">Adieu, mon père!</s>
</p>
</sp>
</div2>
<div2 type="scene" n="5"><head>SCÈNE V. Madame Blaisy, René.</head>
<sp stage="kneel/touch" who="RENÉ"><speaker>RENÉ, s'agenouillant et prenant les deux mains de sa mère.</speaker>
<p id="1">
	<s id="1">Pardon, maman !... </s>
	<s id="2">Pardon !</s>
</p>
</sp>
</div2>
</div1>
</body>
</text>
</TEI>
