<?xml version="1.0" encoding='utf-8'?>
<TEI xml:lang="fr">
<teiHeader>
		<fileDesc>
			<titleStmt>
				<title>LE QUINZE JANVIER, À PROPOS</title>
				<author ISNI="0000 0001 2138 1437">Henri de BORNIER (1825-1901)</author>
			</titleStmt>
			<publicationStmt>	
				<publisher>publié par Paul FIEVRE, août 2017</publisher>
				<idno>BORNIER_QUINZEJANVIER</idno>
			<rights>Creative Commons BY-NC-SA</rights>
			</publicationStmt>
			<SourceDesc>
				<genre>A propos</genre>
				<inspiration>vie littéraire</inspiration>				<structure>Un acte</structure>
				<type>vers</type>
				<periode>1851-1860</periode>
				<taille>0-250</taille>
				<permalien>http://gallica.bnf.fr/ark:/12148/bpt6k9601283j</permalien>
			</SourceDesc>
		</fileDesc>
</teiHeader>
<text>
	<front>
		<docTitle>
			<titlePart type="main">LE QUINZE JANVIER</titlePart>
			<titlePart type="sub">À-PROPOS</titlePart>
			<titlePart type="sub">pour l'anniversaire de la naissance de Molière</titlePart>
		</docTitle> 
		<docDate value='1860'>1860</docDate>
		<docAuthor id='BORNIER, Henri de' bio='bornier'>PAR HENRI DE BORNIER</docAuthor>
		<docImprint>
			<printer id='BOUCHER'>IMPRIMERIE ANTH[OIN]E BOUCHER, RUE DES BONS ENFANTS, n°34.</printer>
		</docImprint>
		<printer id=''>PARIS, MASGANA, LIBRAIRE-ÉDITEUR GALERIE DE L'ODÉON</printer>
		<performance>

			<premiere date='1825-01-15' location='Théâtre Français'>Représenté pour la première fois, au Théâtre Français, le 15 janvier 1860</premiere>
		</performance>
	<div><head>DU MÊME AUTEUR</head>
		<p>LES PREMIÈRES FEUILLES, poésies (2e édition),</p>
		<p>LE MONDE RENVERSÉ, comédie en vers.</p>
		<p>DANTE ET BÉATRIX, drame en 5 actes, en vers.</p>
		<p>LA MUSE DE CORNEILLE, à-propos, en vers.</p>
		<p>LA MUSE DE RACINE, à-propos, en vers.</p>
		<p>LA GUERRE D'ORIENT, poème mentionné au concours de l'Académie Française, de 1857.</p>
		<p>LA SOEUR DE CHARITÉ, poème mentionné par l'Académie Française, au concours de 1858.</p>
	</div>

	<div type="preface"><head>FEUILLETON DE L'AMITIE DE LA RELIGION</head>
		<p>DU 17 JANVIER 1860.</p>
		<p>Le Théâtre-Français a joué hier, - et le succès est toujours certain avec d'aussi excellents acteurs, - un prologue en l'honneur de Molière.</p>
		<p>Comme il nous est impossible de nous critiquer nous-même, nous soumettrons a nos lecteurs ce petit ouvrage ; ils y reconnaîtront, nous aimons à l'espérer, les principes que notre feuilleton défend, mis au théâtre dans la mesure du possible.</p>
		<p>M. Beauvallet a joué, de la façon la plus remarquable, le rôle de Molière ; M. Metrème, fort distingué, dans le rôle du poète, Mlle Figeac, très charmante, dans le rôle de l'actrice, ont droit à toute notre reconnaissance.</p>
		<p>Remercions surtout M. Ed. Thierry, l'intelligent et habile directeur de la Comédie-Française.</p>
	</div>
	<castList><head>PERSONNAGES</head>
		<castItem><role id='MOLIÈRE' sex="1" type="H" statut='auteur' age='A' stat_amour='néant'>MOLIÈRE</role>, M. BEAUVALLET.</castItem>
		<castItem><role id='LE POÈTE' sex="1" type="H" statut='poète' age='A' stat_amour='néant'>LE POÈTE</role>, M. METRÈME.</castItem>
		<castItem><role id='UNE ACTRICE' sex="2" type="H" statut='actrice' age='A' stat_amour='néant'>UNE ACTRICE</role>, Melle FIGEAC.</castItem>
	</castList>
	<set location="Paris" country="France" periode="XVIIème" gps="48.856614, 2.352222"></set>
	</front>
<body>
<div1 type="act" n="1"><head>LE QUINZE JANVIER</head>
<stage type="decor">Le théâtre représente une salle au Théâtre-Français.</stage>
<div2 type="scene" n="1"><head>SCÈNE PREMIÈRE. L'ACTRICE, puis LE POÈTE.</head>
<sp who="L'ACTRICE"><speaker>L'ACTRICE.</speaker>
	<l id="1">Quoi ! Le quinze janvier se passerait ainsi</l>
	<l id="2">Au Théâtre-Français ! - Pas un poète ici !</l>
	<l id="3">Pas un vers ! Un seul vers pour celui que l'on fête !</l>
	<l id="4">Je demande partout : un poète ! un poète !</l>
	<l id="5">Personne ne répond. L'un cause, l'autre rit,</l>
	<l id="6">Le temps passe. - Vraiment, c'est à perdre l'esprit...</l>
<stage type="entrance/">Entre un jeune homme, tenant un rouleau de papier à la main.</stage>
	<l id="7" syll="6" part="i">Ah ! - J'en aperçois un.</l>
<stage type="closer">Elle va à lui.</stage>
	<l id="7" syll="6" part="f">Ah ! Cher Monsieur, de grâce,</l>
	<l id="8">Par Phoebus Apollo, par vos mains que j'embrasse,</l>
	<l id="9">Une ode, s'il vous plaît ! Vous ne laisserez pas</l>
	<l id="10">D'infortunés acteurs en un tel embarras ;</l>
	<l id="11">- J'en conviens, la demande est un peu singulière ;</l>
	<l id="12">Mais il nous faut, ce soir, une ode pour Molière ;</l>
	<l id="13" syll="10" part="i">Je la lirai moi-même, et de mon mieux.</l>
</sp>
<sp who="LE POÈTE"><speaker>LE POÈTE.</speaker>
	<l id="13" syll="2" part="f">Comment !</l>
	<l id="14">Vous avez attendu, Madame, à ce moment ?</l>
</sp>
<sp who="L'ACTRICE"><speaker>L'ACTRICE.</speaker>
	<l id="15">Eh ! Non, certes ! Quelqu'un m'a manqué de parole,</l>
	<l id="16">Je ne sais plus pourquoi... Mais, Monsieur, le temps vole !</l>
	<l id="17" syll="6" part="i">Cette faveur serait...</l>
</sp>
<sp who="LE POÈTE"><speaker>LE POÈTE.</speaker>
	<l id="17" syll="6" part="f">La faveur est pour moi,</l>
	<l id="18" syll="6" part="i">Mais je n'ai rien de prêt.</l>
</sp>
<sp who="L'ACTRICE"><speaker>L'ACTRICE.</speaker>
	<l id="18" syll="4" part="m">Improvisez !</l>
</sp>
<sp who="LE POÈTE"><speaker>LE POÈTE.</speaker>
	<l id="18" syll="2" part="f">Eh quoi,</l>
	<l id="19">Madame, ignorez-vous que c'est toute une affaire ?</l>
	<l id="20">Improviser des vers ?... C'est bien assez d'en faire...</l>
	<l id="21">- D'ailleurs, je ne saurais jamais de mon cerveau</l>
	<l id="22">Sur ce thème connu tirer rien de nouveau ;</l>
	<l id="23">Tout est dit sur Molière, et l'on ne peut prétendre</l>
	<l id="24">Pas plus à le grandir qu'à le faire descendre.</l>
	<l id="25">Notre siècle surtout se plaît de jour en jour</l>
	<l id="26">À l'entourer de plus de respect et d'amour ;</l>
	<l id="27">Nous semblons tous avoir notre part dans sa gloire :</l>
	<l id="28">En lui nous aimons l'homme autant que sa mémoire ;</l>
	<l id="29">On dirait, tant pour lui notre hommage est fervent,</l>
	<l id="30">Que, comme son théâtre, il est resté vivant.</l>
	<l id="31">L'envie a devant lui fait taire ses couleuvres ;</l>
	<l id="32">Cotin, s'il renaissait, commenterait ses oeuvres,</l>
	<l id="33">Et, de sa gloire épris, vous n'en sauriez douter</l>
	<l id="34">Je ferais mille vers... sans y rien ajouter !</l>
</sp>
<sp who="L'ACTRICE"><speaker>L'ACTRICE.</speaker>
	<l id="35">Si l'on n'ajoute rien à ces gloires suprêmes,</l>
	<l id="36">La louange, du moins, nous est bonne à nous-mêmes ;</l>
	<l id="37">Notre mauvais côté, c'est le rire moqueur,</l>
	<l id="38">Admirons quelquefois... cela hausse le coeur !</l>
</sp>
<sp who="LE POÈTE"><speaker>LE POÈTE.</speaker>
	<l id="39" syll="2" part="i">C'est vrai !</l>
</sp>
<sp who="L'ACTRICE"><speaker>L'ACTRICE.</speaker>
	<l id="39" syll="8" part="m">Vous allez donc faire une ode?...</l>
</sp>
<sp who="LE POÈTE"><speaker>LE POÈTE.</speaker>
	<l id="39" syll="2" part="f">Sur l'heure ?</l>
</sp>
<sp who="L'ACTRICE"><speaker>L'ACTRICE</speaker>
	<l id="40">Le temps manque ; qui sait ? Elle sera meilleure !</l>
</sp>
<sp who="LE POÈTE"><speaker>LE POÈTE.</speaker>
	<l id="41">Madame, en vérité, je n'ai pas le talent</l>
	<l id="42">De me passer du temps. J'ai l'esprit assez lent,</l>
	<l id="43" syll="3" part="i">Assez lourd...</l>
</sp>
<sp who="L'ACTRICE"><speaker>L'ACTRICE.</speaker>
	<l id="43" syll="9" part="f">En un mot, vous êtes insensible.</l>
</sp>
<sp who="LE POÈTE"><speaker>LE POÈTE.</speaker>
	<l id="44">Non ! Ce serait déjà fait, si c'était possible !</l>
</sp>
<sp who="L'ACTRICE"><speaker>L'ACTRICE.</speaker>
	<l id="45" syll="6" part="i">Je me résigne alors.</l>
</sp>
<sp who="LE POÈTE"><speaker>LE POÈTE.</speaker>
	<l id="45" syll="6" part="f">Vous dites mal cela ;</l>
	<l id="46" syll="4" part="i">Vous m'en voulez.</l>
</sp>
<sp who="L'ACTRICE"><speaker>L'ACTRICE.</speaker>
	<l id="46" syll="8" part="f">Mais non ! - Que portez-vous donc là ?</l>
</sp>
<sp who="LE POÈTE"><speaker>LE POÈTE.</speaker>
	<l id="47" syll="4" part="i">Du papier blanc.</l>
</sp>
<sp who="L'ACTRICE"><speaker>L'ACTRICE.</speaker>
	<l id="47" syll="3" part="m">Jadis blanc.</l>
</sp>
<sp who="LE POÈTE"><speaker>LE POÈTE.</speaker>
	<l id="47" syll="5" part="f">Voici qu'on me raille !</l>
</sp>
<sp who="L'ACTRICE"><speaker>L'ACTRICE.</speaker>
	<l id="48">Ce bloc enfariné ne me dit rien qui vaille.</l>
<stage type="open/read">Elle saisit et ouvre le manuscrit </stage>
	<l id="49">Manuscrit. - Comédie en cinq actes... en vers...</l>
</sp>
<sp who="LE POÈTE"><speaker>LE POÈTE.</speaker>
	<l id="50">Hélas ! Que voulez-vous ? On cache ses travers !</l>
</sp>
<sp stage="anger" who="L'ACTRICE"><speaker>L'ACTRICE, avec une colère comique.</speaker>
	<l id="51">Mais, vous en conviendrez, l'audace est singulière,.</l>
	<l id="52">D'apporter le soir même où l'on fête Molière,</l>
	<l id="53">Un manuscrit, en vers ! En cinq actes encor !</l>
	<l id="54">- Quoi ! vous ne craignez pas que de chaque décor,.</l>
	<l id="55">De l'antre du souffleur, des combles, de la frise,</l>
	<l id="56">Il ne sorte soudain une voix qui vous dise :</l>
	<l id="57">« Arrête, téméraire ! On ne s'occupe pas</l>
	<l id="58">De vous autres, ce soir. Demain, tu reviendras ! »</l>
</sp>
<sp who="LE POÈTE"><speaker>LE POÈTE.</speaker>
	<l id="59" syll="2" part="i">Pitié !</l>
</sp>
<sp who="L'ACTRICE"><speaker>L'ACTRICE.</speaker>
	<l id="59" syll="10" part="f">Pas de pitié ! Songe au jour où nous sommes ;</l>
	<l id="60">Profane, laisse-nous célébrer nos grands hommes!</l>
	<l id="61">Ô Muses, que par vous, de sa témérité</l>
	<l id="62">Il reçoive le prix : il l'a trop mérité !</l>
	<l id="63">Et vous, Molière ! Vous, le juge ! Vous, le maître,</l>
	<l id="64">Devant cet insensé c'est à vous de paraître.</l>
	<l id="65">Venez, et d'un regard confondez son orgueil :</l>
	<l id="66">Qu'il se repente enfin d'avoir franchi ce seuil,</l>
	<l id="67">Que le remords tardif le perce comme un glaive,</l>
	<l id="68">Que chacun de ses vers contre lui se soulève ;</l>
	<l id="69">Épouvanté, qu'il sorte, et qu'il sente en chemin</l>
	<l id="70">Brûler son manuscrit dans sa coupable main !</l>
<stage type="exit">L'Actrice sort tragiquement.</stage>
</sp>
</div2>
<div2 type="scene" n="2"><head>SCÈNE II.</head>
<sp stage="alone" who="LE POÈTE"><speaker>LE POÈTE, seul.</speaker>
	<l id="71">Elle est folle, à coup sûr !... Pas si folle, peut-être</l>
	<l id="72">Que je serais confus, s'il était là, le maître !</l>
	<l id="73">Quel juge que celui dont le regard hautain</l>
	<l id="74">Est encore l'effroi des blêmes Trissotin !</l>
	<l id="75">- Sans être Trissotin, ni même Oronte, en somme,</l>
	<l id="76">Que je serais petit en face d'un tel homme.</l>
	<l id="77">- Ma pauvre comédie... est elle bonne, au moins ?</l>
	<l id="78">Que de doutes, hélas ! Qui suivent tant de soins !</l>
	<l id="79">D'où vient cette terreur devant l'oeuvre accomplie ?</l>
	<l id="80">L'ouvrier est plus fier quand sa tâche est remplie ;</l>
	<l id="81">Quand les raisins sont mûrs, ils sont pourtant plus doux ;</l>
	<l id="82">Si les miens étaient verts ? J'en ai grand peur ! - Ô vous</l>
	<l id="83">Qui maintenant, après la lutte, après la peine,</l>
	<l id="84">Dans l'immortalité triomphante et sereine,</l>
	<l id="85">Ô Molière ! Jugez nos travaux imparfaits...</l>
	<l id="86">Tenez-moi compte au moins des efforts que j'ai faits,</l>
	<l id="87">Et, quand je donnerai ma faiblesse en spectacle,</l>
	<l id="88">Considérez, non pas le succès, mais l'obstacle !</l>
	<l id="89">- Mais non... de ce côté j'ai l'esprit en repos :</l>
	<l id="90">Molière ne revient que dans les à-propos !</l>
	<l id="91">J'ai beau dire : le coeur me bat. Peur singulière...</l>
<stage type="enrance">Entre Molière.</stage>
</sp>
</div2>
<div2 type="scene" n="3"><head>SCÈNE III. Le Poète, Molière.</head>
<sp who="MOLIÈRE"><speaker>MOLIÈRE.</speaker>
	<l id="92">Ne vous dérangez pas. Monsieur ; je suis Molière.</l>
	<l id="93" syll="6" part="i">On me fête ; je viens.</l>
</sp>
<sp who="LE POÈTE"><speaker>LE POÈTE.</speaker>
	<l id="93" syll="2" part="m">Molière !</l>
</sp>
<sp who="MOLIÈRE"><speaker>MOLIÈRE.</speaker>
	<l id="93" syll="4" part="f">Assurément.</l>
</sp>
<sp who="LE POÈTE"><speaker>LE POÈTE.</speaker>
	<l id="94" syll="1" part="i">Mais.</l>
</sp>
<sp who="MOLIÈRE"><speaker>MOLIÈRE.</speaker>
	<l id="94" syll="11" part="f">Ne vous mettez pas en frais d'étonnement ;</l>
	<l id="95">Je pensais, tant l'esprit humain fait des conquêtes,</l>
	<l id="96">Qu'on ne s'étonnait plus dans le siècle où vous êtes :</l>
	<l id="97">Cherchez.... vous ne verrez que merveilles partout;</l>
	<l id="98">Soyez de votre temps, Monsieur : croyez à tout.</l>
	<l id="99" syll="6" part="i">Je suis Molière, allez !</l>
</sp>
<sp who="LE POÈTE"><speaker>LE POÈTE.</speaker>
	<l id="99" syll="6" part="f">Je le croirais peut-être</l>
	<l id="100">Si vous parliez du moins le langage du maître.</l>
</sp>
<sp who="MOLIÈRE"><speaker>MOLIÈRE.</speaker>
	<l id="101">Oh ! Vous jugeriez mal sur cet indice seul,</l>
	<l id="102">J'ai les habits, mais non le style d'un aïeul ;</l>
	<l id="103">J'aime le temps passé, sans en être idolâtre,</l>
	<l id="104">D'ailleurs, je viens souvent visiter mon théâtre,</l>
	<l id="105">Et de mes héritiers je suis tous les travaux;</l>
	<l id="106">Surtout, je m'intéresse aux ouvrages nouveaux :</l>
	<l id="107">J'applaudis le talent, les efforts, le courage....</l>
	<l id="108">- J'étais au comité quand on lut votre ouvrage,</l>
	<l id="109">Le mois dernier, je crois ; et, si j'en puis juger,</l>
	<l id="110">Déjà vous n'êtes plus dans l'art un étranger.</l>
	<l id="111">J'ai noté quelques vers d'une bonne attitude,</l>
	<l id="112">De l'observation, du sens et de l'étude.</l>
</sp>
<sp who="LE POÈTE"><speaker>LE POÈTE.</speaker>
	<l id="113">Un tel éloge, à moi, de Molière venant !...</l>
</sp>
<sp stage="smile" who="MOLIÈRE"><speaker>MOLIÈRE, souriant.</speaker>
	<l id="114">Vous croyez que je suis Molière maintenant ?</l>
</sp>
<sp who="LE POÈTE"><speaker>LE POÈTE.</speaker>
	<l id="115">Quoi ! Loin de dédaigner une muse écolière,</l>
	<l id="116">De mon humble travail s'émeut le grand Molière ?</l>
	<l id="117">Quoi! Maître, vous daignez vous occuper souvent</l>
	<l id="118" syll="6" part="i">De nos oeuvres à tous !...</l>
</sp>
<sp who="MOLIÈRE"><speaker>MOLIÈRE.</speaker>
	<l id="118" syll="6" part="f">Pourquoi pas, mon enfant ?</l>
	<l id="119">La vie a sa colère ou réelle ou factice,</l>
	<l id="120">L'âme en quittant le corps se revêt de justice ;</l>
	<l id="121">On s'intéresse fort, croyez-le bien, là-bas,</l>
	<l id="122">À vos brillants essais, et même à vos débats ;</l>
	<l id="123">Des drames, des romans, Ménage tient la liste,</l>
<note type="L">Regnard, Jean François (1655-1709) : auteur dramatique dont le succès suivi la mort de Molière. Il écrivit, entre autres, le Distrait, Le Joueur, Le Légataire, Attendez moi sous l'orme.</note>
<note type="L">Faret, Nicolas [1596-1646] : poète médiocre, né en 1596 à Bourg en Bresse, mort en 1646 était secrétaire du Comte d'Harcourt. Il fut un des premiers membres de l'Académie française et fut lié avec Vaugelas, Saint-Amand, etc. [B] Assidu du cabaret selon Boileau.</note>
	<l id="124">Regnard est fantaisiste, et Faret réaliste ;</l>
	<l id="125">Et trois ou quatre ont su désarmer Despréaux.</l>
</sp>
<sp stage="quick" who="LE POÈTE"><speaker>LE POÈTE, avec empressement.</speaker>
	<l id="126" syll="6" part="i">Leurs noms, maître ?</l>
</sp>
<sp who="MOLIÈRE"><speaker>MOLIÈRE.</speaker>
	<l id="127" syll="6" part="f">Cherchez... c'est dans le voisinage.</l>
</sp>
<sp who="LE POÈTE"><speaker>LE POÈTE.</speaker>
<note type="L">Ménage, Gilles (1613-1692) : Abandonna le barreau pour la littérature, et s'engagea dans l'état ecclésiastique pour obtenir des bénéfices qui lui permissent de cultiver librement ses goûts studieux. (...) Sa réputation, fondée principalement sur l'affectation de bel esprit, pâlit devant l'influence de Boileau. (...) [B]</note>
	<l id="128">Que nous devons donner de travail à Ménage !</l>
</sp>
<sp who="MOLIÈRE"><speaker>MOLIÈRE.</speaker>
	<l id="129">Il est vrai, mon ami ; mais dans le nombre, enfin,</l>
	<l id="130">J'en sais qui, d'un pas sûr, suivent le bon chemin :</l>
	<l id="131">Quelques-uns, par exemple, ont flétri, non sans verve,</l>
	<l id="132">Cette fièvre de l'or dont l'honneur seul préserve ;</l>
	<l id="133">- Jadis, c'était un mal à peu près inconnu,</l>
	<l id="134">Avec lui, grâce à vous, le remède est venu.</l>
	<l id="135">Ce qui me semble encor neuf, consolant et sage,</l>
	<l id="136">C'est l'air dont quelques-uns traitent le mariage ;</l>
	<l id="137">Sur ce point, j'en conviens, je fus plus indiscret :</l>
<note type="C">Sganarelle est un personnage de six pièces de Molière.</note>
	<l id="138">Si j'ai plaint Sganarelle, hélas ! c'est en secret ;</l>
	<l id="139">Je n'eus pour ses malheurs qu'une pitié narquoise,</l>
	<l id="140">Mais ma muse Française était aussi Gauloise.</l>
	<l id="141">Les maris maintenant sont des gens accomplis :</l>
	<l id="142">Si vous êtes moins gais, vous êtes plus polis.</l>
	<l id="143">C'est un heureux progrès auquel je dois souscrire :</l>
	<l id="144">Les maris, grâce à vous, ne prêtent plus à rire.</l>
	<l id="145">- De plus d'une façon, enfin, je suis content ;</l>
	<l id="146">Plus d'un ouvrage vif, sérieux, éclatant,</l>
	<l id="147">D'éloges envers vous me défend d'être avare ;</l>
	<l id="148">Vous avez un talent d'observation rare,</l>
	<l id="149">Vous reproduisez bien le tableau si divers</l>
	<l id="150">De votre temps, ses moeurs, ses vices, ses travers ;</l>
	<l id="151">Vous marchez hardiment hors de la vieille ornière,</l>
	<l id="152">Vous ne copiez pas. C'est la bonne manière.</l>
	<l id="153">La comédie en France, et j'ignore pourquoi,</l>
	<l id="154">Après moi, trop longtemps n'a copié que moi.</l>
	<l id="155">Si l'on redoute ainsi toute pratique neuve,</l>
	<l id="156">L'art n'est qu'une eau dormante, et l'art doit être un fleuve.</l>
	<l id="157">Vous ne m'imitez point, et vous faites fort bien ;</l>
	<l id="158">Votre temps n'est pas fait à l'image du mien :</l>
<note type="C">Mascarille est un personnage de la comédie Les Précieuses ridicules.</note>
	<l id="159">Scapin vit, je le pense, ainsi que Mascarille,</l>
<note type="L">Souquenille : Long surtout en grosse toile dont se servent les cochers et les palefreniers quant ils pansent leurs chevaux. [L] Le mot est utilisé dans l'Avare.</note>
	<l id="160">Mais ils ne portent plus la même souquenille ;</l>
	<l id="161">Tartuffe n'est pas mort, il ment quand il le dit,</l>
	<l id="162">Seulement vous savez qu'il a plus d'un habit ;</l>
	<l id="163">Georges Dandin, beau-père, est moins facile à prendre,</l>
	<l id="164">Et coupe sans pitié les vivres à Clitandre ;</l>
<note type="C">Monsieur Dimanche est le créancier de Don Juan dans Le Festin de pierre.</note>
	<l id="165">Monsieur Dimanche, fier, imposant, affranchi,</l>
<note type="L">Chichy : nom d'un lieu de rétention pour les fous et une prison.</note>
	<l id="166">Berne Don Juan, avant de le mettre à Clichy ;</l>
	<l id="167">Monsieur Jourdain, gardant le nom dont on le nomme,</l>
	<l id="168">Après l'avoir choyé, fait fi du gentilhomme ;</l>
<note tyep="L">Sotenville : Couple d'aristocrate, parents de la femme Dandin, Angélique, dans Georges Dandin de Molière.</note>
	<l id="169">Sotenville n'est plus si vain de ses aïeux,</l>
	<l id="170">Non, car il les oublie, et cela n'est pas mieux.</l>
	<l id="171">Mais le vrai gentilhomme, et le seul respectable,</l>
	<l id="172">Dans une oisiveté pesante et lamentable</l>
	<l id="173">Ne s'endort plus : il est fier de gagner son pain ;</l>
	<l id="174">Pauvre, il se fait soldat, laboureur, écrivain.</l>
	<l id="175">Tout dans ce siècle, enfin, s'émeut, se renouvelle,</l>
	<l id="176">La société change, et l'art change avec elle.</l>
	<l id="177">Vos jeunes écrivains savent bien tout cela,</l>
	<l id="178">Et de l'art élevé se rapprochent par là ;</l>
	<l id="179">Je leur répète donc ce qu'une voix hardie</l>
	<l id="180">Me dit à mes débuts : C'est de la comédie !</l>
</sp>
<sp who="LE POÈTE"><speaker>LE POÈTE.</speaker>
	<l id="181">Dans nos oeuvres, ainsi, Molière approuve tout ?</l>
	<l id="182" syll="6" part="i">Je n'osais pas le croire...</l>
</sp>
<sp who="MOLIÈRE"><speaker>MOLIÈRE.</speaker>
	<l id="182" syll="6" part="f">Oh ! Non, j'ai meilleur goût.</l>
	<l id="183">Sans parler des romans et des oeuvres frivoles,</l>
	<l id="184">Amas incohérent d'inutiles paroles,</l>
	<l id="185">Trop d'auteurs, de vos jours, exercent leurs talents</l>
	<l id="186">Sur des sujets fâcheux, tristes et désolants ;</l>
<note type="L">Gourmé : Fig. Être gourmé, être roide comme si on était tenu par une gourmette [terme d'équitation], présenter l'apparence de la roideur et de la présomption. [L]</note>
	<l id="187">Thalie a, certes, horreur des allures gourmées,</l>
	<l id="188">Mais s'arrête devant les portes mal famées,</l>
	<l id="189">Morbleu ! Tout n'est pas bon à montrer en public :</l>
	<l id="190">Toujours la courtisane et son hideux trafic,</l>
	<l id="191">Qui se vend et qui hait, qu'on paie et qu'on bafoue !</l>
<note type="C">Célimène : personnage du Misanthrope dont est amoureux Alceste. Archétype de la coquette.</note>
	<l id="192">Célimène tombant du salon dans la boue !</l>
	<l id="193">- On va criant bien haut : c'est la nature ! Eh ! non.</l>
	<l id="194">La nature est discrète, on usurpe son nom ;</l>
	<l id="195">C'est par le beau côté qu'elle montre les choses,</l>
	<l id="196">Elle n'étale pas le fumier, mais les roses.</l>
	<l id="197">Je sais bien que l'on dit encor : c'est amusant.</l>
	<l id="198">- Les singuliers plaisirs qu'on se donne à présent !</l>
	<l id="199">S'il faut, pour m'amuser, ce qui fait peur ou honte,</l>
<note type="L">Oronte : personnage du Misanthrope qui vient lire un sonnet à Alceste.</note>
	<l id="200">J'aime mieux m'ennuyer : qu'on me ramène Oronte !</l>
</sp>
<sp who="LE POÈTE"><speaker>LE POÈTE.</speaker>
	<l id="201">Prenez garde ! On fait tant de sonnets aujourd'hui.</l>
</sp>
<sp who="MOLIÈRE"><speaker>MOLIÈRE.</speaker>
	<l id="202">L'art a le beau pour but et le vrai pour appui,</l>
	<l id="203">Et toute poésie, ou noble ou familière,</l>
	<l id="204">Doit être la raison à l'état de lumière.</l>
</sp>
<sp who="LE POÈTE"><speaker>LE POÈTE.</speaker>
	<l id="205">Hélas ! Maître, qui donc oserait se flatter</l>
	<l id="206" syll="6" part="i">D'atteindre à ces hauteurs ?...</l>
</sp>
<sp who="MOLIÈRE"><speaker>MOLIÈRE.</speaker>
	<l id="206" syll="6" part="f">Il faut toujours tenter.</l>
	<l id="207">Oui, travaille, jeune homme, et pâlis à l'ouvrage;</l>
	<l id="208">Tu t'égares, reviens ; tu succombes, courage !</l>
	<l id="209">Le chemin est obscur ; n'as-tu pas le flambeau ?</l>
	<l id="210">L'obstacle est grand ; tant mieux ! Lutte, rien n'est plus beau !</l>
	<l id="211">Mais une force oisive, une tête inféconde,</l>
	<l id="212">Un jeune arbre sans fruit, rien n'est plus triste au monde !</l>
</sp>
<sp who="LE POÈTE"><speaker>LE POÈTE.</speaker>
	<l id="213">Maître, de votre voix quel est donc le pouvoir ?</l>
	<l id="214">Aux craintes, dans mon âme, a succédé l'espoir ;</l>
	<l id="215">Le but est si brillant qu'il éclaire la route !</l>
</sp>
<sp who="MOLIÈRE"><speaker>MOLIÈRE.</speaker>
	<l id="216">Oh ! Pas d'illusions ! Tu souffriras sans doute ;</l>
	<l id="217">Vivant, quand de la gloire on touche les sommets,</l>
	<l id="218">Ce n'est pas le repos qu'on y trouve jamais !</l>
	<l id="219">Moi-même, il m'en souvient ! Quelle était ma souffrance</l>
	<l id="220">Quand j'avais bravement travaillé pour la France,</l>
	<l id="221">Quand j'avais diverti le public et le roi,</l>
	<l id="222">De trouver le bonheur exilé de chez moi !</l>
	<l id="223">Après l'ovation et les enthousiasmes,</l>
	<l id="224">Chez moi me poursuivaient les pamphlets, les sarcasmes,</l>
	<l id="225">Tous les chagrins amers que mon coeur dévorait,</l>
<note type="C">Laforêt : servante de Molière dont la légende dit qu'elle était sa première auditrice.</note>
	<l id="226">Et personne au logis... excepté Laforêt !</l>
	<l id="227">- Mais je t'attriste, enfant; mou dessein est tout autre ;</l>
	<l id="228">Va ! C'est un grand destin, malgré tout, que le nôtre !</l>
	<l id="229">De haines poursuivis, d'embûches entourés,</l>
	<l id="230">Nous avons des bonheurs du vulgaire ignorés ;</l>
	<l id="231">J'ai souffert, t'ai-je dit; mais, en quittant la terre,</l>
	<l id="232">Du devoir accompli j'avais la joie austère ;</l>
	<l id="233">Et, dans un jour plus pur quand je rouvris les yeux,</l>
	<l id="234">J'aperçus, m'attendant, mes maîtres, mes aïeux,</l>
	<l id="235">Je vis Aristophane et Plaute me sourire,</l>
	<l id="236">Ménandre me dit : Frère! - Ami! me dit Shakespeare.</l>
	<l id="237">- Ainsi, travaille et lutte enfant ! Sache le bien,</l>
	<l id="238">Il vient toujours une heure où le reste n'est rien.</l>
	<l id="239">Adieu ! Que mon esprit t'éclaire et t'environne ;</l>
	<l id="240">Mérite maintenant ta première couronne,</l>
	<l id="241">N'épargne pas ta peine, et tu seras vainqueur !</l>
	<l id="242">D'un courage nouveau si j'ai rempli ton coeur,</l>
	<l id="243">Je suis content, mon fils, et ma tâche est finie...</l>
	<l id="244">- Et l'on sonne, je crois, pour la cérémonie.</l>
</sp>
</div2>
</div1>
</body>
</text>
</TEI>


