<?xml version="1.0" encoding="utf-8"?>
<TEI xml:lang="fr">
	<teiHeader>
		<fileDesc>
			<titleStmt>
				<title>LE MORT VIVANT, COMÉDIE.</title>
				<author type="texte" ISNI="0000 0000 8342 9101">Edme BOURSAULT (1638-1701)</author>							</titleStmt>
			<publicationStmt>	
				<editor>Texte établi par Charlotte Dias, dans le cadre d'un travail d'édition critique sous la direction de Georges Forestier. (Université Paris-Sorbonne)
				</editor>
				
				<publisher>publié par Paul FIEVRE, décembre 2014, revu novembre 2016.</publisher>
				<idno>BOURSAULT_MORTVIVANT</idno>
			<rights>Creative Commons BY-NC-SA</rights>
			</publicationStmt>
		<SourceDesc>
				<genre>Comédie</genre>
				<inspiration>moeurs</inspiration><structure>Trois actes</structure>
				<type>vers</type>
				<periode>1661-1670</periode>
				<taille>750-1000</taille>
				<permalien></permalien>
		</SourceDesc>
		</fileDesc>
	</teiHeader>
	<text>
		<front>
			<docTitle> 
				<titlePart type="main">LE MORT VIVANT</titlePart>
				<titlePart type="sub">COMÉDIE</titlePart>
				<titlePart type="sub">DÉDIÉE A MONSEIGNEUR LE DUC DE GUISE</titlePart>
			</docTitle> 
			<docDate value='1662'>M.DC.LXII. Avec privilège du Roi.</docDate>
			<docAuthor id="BOURSAULT, Edme" bio='boursault'>Représentée par les Comédiens e
			du Roi ; et composée par le Sieur BOURSAULT.</docAuthor>
			<docImprint>
				<privilege id='1663-05-02'><head>Extrait du Privilège du Roi.</head>
				<p>Par grâce et Privilège du Roi, donné à Paris le 2 Mai 1662 signé par le Roi en son Conseil, DUMOLEY ; il est permis à JEAN GUIGNARD fils, Marchand Libraire à Paris, d'imprimer ou faire imprimer une Pièce de Théâtre, intitulée, Le Mort Vivant, par le Sieur Boursault, et ce durant le temps de cinq années, à compter du jour qu'il sera achevé d'imprimer pour la première fois. Et défense sont faites à tous Imprimeurs, Libraires et autres, de l'imprimer, ou faire imprimer, vendre, débiter ni contrefaire ledit Livre sans le consentement du dit Exposant, à peine aux contrevenants de trois mille livres d'amende, confiscation des exemplaires, et de tous dépens, dommages et intérêts, ainsi qu'il est plus amplement porté par ledit Privilège.</p>
				<p>Et ledit Jean Guignard a associé au présent Privilège Nicolas Pépingué et Etienne Loison Marchands Libraires à Paris, pour en jouir suivant l'accord fait entre eux.</p>
				<p>Les exemplaires ont été fournis.</p>
				<p>Registré sur le Livre de la Communauté des Im[primeurs]</p>
				</privilege>
				<printer id='PEPINGUE'>À PARIS, Chez NICOLAS PEPINGUE, en la grande Salle du Palais, vis-à-vis les Consultations, au Soleil d'or.</printer>
				<acheveImprime id='1662-06-01'>Achevé d'imprimer pour la première fois le premier Juin 1662.</acheveImprime>
			</docImprint>
	<performance>
		<premiere date="1662" location="Hôtel de Bourgogne">Représentée, pour la première fois en 1662 à l'Hôtel de Bourgogne. </premiere>
	</performance>

	<div type="dedicace"><adresse>À MONSEIGNEUR LE DUC DE GUISE</adresse>
		<head>MONSEIGNEUR,</head>
		<p>Permettez que je me serve ici de l'un des termes du Héros Ridicule que j vous présente, et que je dis que je tremble de peur de causer de la peur à VOTRE ALTESSE, en lui consacrant une Pièce qui n'est recommandable que par la gloire qu'elle a eue de ne pas déplaire à l'Esprit le plus sublime de notre Siècle ; et qui même ne mériterait de porter que la moitié de son Titre, si vos généreux suffrages ne l'eussent développée de l'éternelle obscurité où elle était ensevelie. Aussi, MONSEIGNEUR, quelque dessein que j'ai de me rendre considérable par les profonds respects que je veux avoir pour VOTRE ALTESSE, je n'eusse pu me résoudre à vous faire une offrande si peu digne de vous, si dans l'indispensable obligation où je me trouve de conserver la réputation que je dois à vos applaudissements, je ne me fusse imaginé que la témérité a quelque chose de moins honteux que l'ingratitude. C'est donc, MONSEIGNEUR, avec un zèle respectueux que je fais éclater une reconnaissance qui n'est pas moins juste que la liberté que j'ose prendre est condamnable ; et si VOTRE ALTESSE ne s'offensait pas de la vaste étendue d'une audace si judicieuse, je ne pourrais m'empêcher de lui dire que je ne prends l'occasion de la remercier de ses grâces passées que pour avoir sujet de m'en attirer de nouvelles. Oui, Monseigneur, puisque ce MORT n'est VIVANT que par votre moyen Et qu'il a besoin de votre Protection pour se conserver la vie que vous lui avez redonnée ; je viens vous supplier d'employer votre Générosité à la perfection de votre Ouvrage : Mais quoi que je puisse espérer de VOTRE ALTESSE, comme ce serait me rendre indigne de ses faveurs, qu'aspirer à les mériter par la honte inévitable que je recevrais si je voulais essayer de faire votre Éloge, daignez m'épargner cette confusion ; Et ne souffrez pas, MONSEIGNEUR, que je dérobe cette illustre matière à une Plume plus délicate que la mienne, ni que je prive l'Histoire de l'Ornement le plus auguste qu'elle puisse procurer à la Postérité ; chez qui sans doute je ne serai pas à mépriser, si elle apprend que j'ai eu la gloire d'être, </p>
		<p>MONSEIGNEUR,</p>
		<p>DE VOTRE ALTESSE,</p>
		<p>Très humble, très obéissant,</p>
		<p>Et très passionné Serviteur,</p>
		<p>BOURSAULT</p>
	</div>
	<castList><head>PERSONNAGES</head>
			<castItem><role id="FERDINAND" sex="1" type="H" statut="bourgeois" age="A" stat_amour='néant'>FERDINAND</role>, cru Père de Stéphanie.</castItem>
			<castItem><role id="STÉPHANIE" sex="2" type="H" statut="aristocrate" age="J" stat_amour='néant'>STÉPHANIE</role>, fille d'Henriquez.</castItem>
			<castItem><role id="LAZARILLE" sex="1" type="H" statut="aristocrate" age="J" stat_amour='Stéphanie'>LAZARILLE</role>, frère de Stéphanie, et amoureux d'elle.</castItem>
			<castItem><role id="FABRICE" sex="1" type="H" statut="bourgeois" age="J" stat_amour='Stéphanie'>FABRICE</role>, aussi Amoureux de Stéphanie.</castItem>
			<castItem><role id="HENRIQUEZ DE GALAS" sex="1" type="H" statut="aristocrate" age="A" stat_amour='néant'>HENRIQUEZ DE GALAS</role>, père de Stéphanie.</castItem>
			<castItem><role id="GUSMAN" sex="1" type="H" statut="valet" age="A" stat_amour='néant'>GUSMAN</role>, valet de Fabrice.</castItem>
			<castItem><role id="UNE SERVANTE" sex="2" type="H" statut="servante" age="A" stat_amour='néant'>UNE SERVANTE</role> de l'Hôte à Lazarille.</castItem>
			<castItem><role id="L'HÔTE DE LAZARILLE" sex="1" type="H" statut="hôte" age="A" stat_amour='néant'>L'HÔTE DE LAZARILLE</role>.</castItem>
		</castList>
		<set location="Séville" country="Espagne" periode="XVIIème" gps="37.389092, -5.984459">La scène est à Séville.</set>
</front>
<body>
<div1 type="act" n='1'><head>ACTE I</head>
<div2 type="scene" n='1'><head>SCÈNE PREMIÈRE. Fabrice, Gusman.</head>
<sp who='GUSMAN'><speaker>GUSMAN.</speaker>
	<l id="1">Oui, la peste m'étouffe, il lui fait les doux yeux.</l>
</sp>
<sp who="FABRICE"><speaker>FABRICE.</speaker>
	<l id="2" part="i">Railleur.</l>
</sp>
<sp who="GUSMAN"><speaker>GUSMAN.</speaker>
	<l id="2" part="m">Je raille donc ?</l>
</sp>
<sp who="FABRICE"><speaker>FABRICE.</speaker>
	<l id="2" part="m">Je le crois.</l>
</sp>
<sp who="GUSMAN"><speaker>GUSMAN.</speaker>
	<l id="2" part="f">Plut aux Dieux !</l>
	<l id="3">Mais de la vérité c'est la voix que j'emprunte,</l>
	<l id="4">Quand je dis que pour vous la Donzelle est défunte,</l>
	<l id="5">Et que par un destin plus funeste que doux,</l>
	<l id="6">Elle vit pour un autre, en trépassant pour vous.</l>
</sp>
<sp who="FABRICE"><speaker>FABRICE.</speaker>
	<l id="7">Quoi, Gusman, Lazarille aimerait Stéphanie ?</l>
	<l id="8" part="i">Tu feins.</l>
</sp>
<sp who="GUSMAN"><speaker>GUSMAN.</speaker>
	<l id="8" part="f">De mon discours toute feinte est bannie,</l>
	<l id="9">Dès hier, les écoutant, sans qu'aucun m'aperçut,</l>
	<l id="10">L'un s'offrit pour Epoux, et l'autre le reçut : </l>
	<l id="11">Vous, Monsieur, qui poussez la harangue muette,</l>
	<l id="12">De l'objet qui vous charme, il faut faire diète ; </l>
	<l id="13">Et sans de votre part qu'on entende du bruit,</l>
	<l id="14">Souffrir que de vos feux Lazarille ait le fruit.</l>
</sp>
<sp who="FABRICE"><speaker>FABRICE.</speaker>
	<l id="15">Point, Lazarille m'aime, il me l'a fait paraître,</l>
	<l id="16">Il n'a point de secret qui pour moi le doive être ; </l>
	<l id="17">Si quelque amour pour elle il avait ressenti,</l>
	<l id="18" part="i">Gusman, il est sincère.</l>
</sp>
<sp who="GUSMAN"><speaker>GUSMAN.</speaker>
	<l id="18" part="f">Et mes yeux ont menti ?</l>
	<l id="19">Mais si je puis surprendre et Monsieur et Madame,</l>
	<l id="20">Et que tous deux ensemble ils parlent de leur flamme :</l>
	<l id="21">Si je puis vous montrer qu'ils s'entraiment tous deux,</l>
	<l id="22">Qu'elle est de lui charmée, et lui d'elle Amoureux,</l>
	<l id="23" part="i">Que direz-vous alors ?</l>
</sp>
<sp who="FABRICE"><speaker>FABRICE.</speaker>
	<l id="23" part="f">Je louerai ta conduite.</l>
</sp>
<sp who="GUSMAN"><speaker>GUSMAN.</speaker>
	<l id="24">Allons nous en dîner, et revenons ensuite : </l>
	<l id="25">Dans une heure au plus tard dans ce même jardin, </l>
	<l id="26">Nous verrons qui des deux doit passer pour Badin :</l>
	<l id="27">Mais de l'objet aimé le Père ici le montre.</l>
</sp>
<sp who="FABRICE"><speaker>FABRICE.</speaker>
	<l id="28">De ce fâcheux Vieillard évitons la rencontre.</l>
</sp>
</div2>
<div2 type="scene" n='2'><head>SCÈNE II. Ferdinand, Stéphanie.</head>
<sp who="FERDINAND"><speaker>FERDINAND.</speaker>
	<l id="29">Es-tu là Stéphanie ? Ôtes-moi de soucis :</l>
	<l id="30" part="i">Réponds. Ah ! te voilà.</l>
</sp>
<sp stage="location" who='STÉPHANIE'><speaker>STÉPHANIE, à une fenêtre.</speaker>
	<l id="30" part="m">Sans doute.</l>
</sp>
<sp who="FERDINAND"><speaker>FERDINAND.</speaker>
	<l id="30" part="f">Et me voici ;</l>
	<l id="31">Mais de là jusqu'ici l'espace étant si grande, </l>
	<l id="32">Il faut que dans ce lieu ta personne descende,</l>
	<l id="33">Pour d'une âme tranquille écouter mon discours.</l>
	<l id="34" part="i">Descends-donc.</l>
</sp>
<sp who="STÉPHANIE"><speaker>STÉPHANIE.</speaker>
	<l id="34" part="m">J'obéis.</l>
</sp>
<sp who="FERDINAND"><speaker>FERDINAND.</speaker>
	<l id="34" part="m">Mais hâte-toi.</l>
</sp>
<sp who="STÉPHANIE"><speaker>STÉPHANIE.</speaker>
	<l id="34" part="f">Je cours.</l>
</sp>
<sp who="FERDINAND"><speaker>FERDINAND.</speaker>
	<l id="35">En t'appelant, sais-tu quel succès j'en espère ?</l>
</sp>
<sp who="STÉPHANIE"><speaker>STÉPHANIE.</speaker>
	<l id="36" part="i">Non, Monsieur.</l>
</sp>
<sp who="FERDINAND"><speaker>FERDINAND.</speaker>
	<l id="36" part="f">Tu sais bien qu'on me nomme ton père ?</l>
</sp>
<sp who="STÉPHANIE"><speaker>STÉPHANIE.</speaker>
	<l id="37" part="i">Oui, Monsieur.</l>
</sp>
<sp who="FERDINAND"><speaker>FERDINAND.</speaker>
	<l id="37" part="f">Sache encore qu'il n'est rien de cela, </l>
	<l id="38">Que ce n'est que de nom que je fus ton papa, </l>
	<l id="39">Et malgré ta vertu dont toujours l'éclat brille,</l>
	<l id="40">Que je ne voudrais pas que tu fusses ma fille.</l>
	<l id="41">Ce n'est pas qu'en effet, durant près de vingt ans,</l>
	<l id="42">Je t'aimais comme un Père aimerait ces enfants,</l>
	<l id="43">Et voyant les beautés dont le Ciel te partage,</l>
	<l id="44">Mon coeur depuis un mois t'aime encore d'avantage.</l>
	<l id="45">Aussi quoique sur toi j'eusse assez de pouvoir</l>
	<l id="46">Pour te casser la tête en faisant ton devoir,</l>
	<l id="47">Bien loin de te causer une douleur amère,</l>
	<l id="48">Je t'ai toujours traitée en enfant de ta mère.</l>
	<l id="49">Mais pour venir au point qui m'a fait t'appeler,</l>
	<l id="50">Je crois que tu sais bien que c'est pour te parler ; </l>
	<l id="51">Et puisqu'en ce jardin c'est ma voix qui t'attire,</l>
	<l id="52">Qu'il faut que j'aie aussi quelque chose à te dire.</l>
	<l id="53">C'est donc pour te parler que je t'ai fait venir ;</l>
	<l id="54">Et pour te dire aussi qu'il est temps de t'unir,</l>
	<l id="55">Avec quelque Gaillard dont la mine te plaise,</l>
	<l id="56">Et qui soit en état de te mettre à ton aise.</l>
	<l id="57">Sers-toi donc à présent du pouvoir de tes yeux,</l>
	<l id="58">Qui dans trois ou quatre ans deviendront chassieux :</l>
	<l id="59">Que veux-tu me répondre à ce que je propose ? </l>
</sp>
<sp who="STÉPHANIE"><speaker>STÉPHANIE.</speaker>
	<l id="60">Que pour vous obéir je ferai toute chose,</l>
	<l id="61" part="i">Je suis prête, ordonnez.</l>
</sp>
<sp who="FERDINAND"><speaker>FERDINAND.</speaker>
	<l id="61" part="f">Ta haute humilité,</l>
	<l id="62">Ne me charme pas moins que ferait ta beauté :</l>
	<l id="63">Mais au bonheur ouvert devenir si sensible,</l>
	<l id="64">De ton pressentiment c'est l'effet infaillible,</l>
	<l id="65">Et je ne doute pas que tu vois aisément</l>
	<l id="66">Que qui n'est plus ton Père, est enfin ton Amant.</l>
</sp>
<sp who="STÉPHANIE"><speaker>STÉPHANIE.</speaker>
	<l id="67" part="i">Vous Monsieur, mon Amant ?</l>
</sp>
<sp who="FERDINAND"><speaker>FERDINAND.</speaker>
	<l id="67" part="f">Oui, moi-même à toi-même,</l>
	<l id="68">Je découvre mon Âme, et te dis que je t'aime,</l>
	<l id="69">Et qu'il est nécessaire à l'ardeur de mes feux,</l>
	<l id="70">Que par un Mariage on nous joigne tous deux.</l>
	<l id="71">Si dans mes jeunes ans je n'aimais que les Armes,</l>
	<l id="72">Et si dans ce moment tu fourmilles de charmes,</l>
	<l id="73">Notre premier enfant, étant fille ou garçon,</l>
	<l id="74">Sera plus beau qu'un Ange, ou plus fort qu'un Sanson.</l>
</sp>
<sp who="STÉPHANIE"><speaker>STÉPHANIE.</speaker>
	<l id="75" part="i">Quoi, Monsieur...</l>
</sp>
<sp who="FERDINAND"><speaker>FERDINAND.</speaker>
	<l id="75" part="f">À ton tour tu veux m'ouvrir ton Âme,</l>
	<l id="76">Et répondre au plaisir que te cause ma flamme,</l>
	<l id="77">Mais pour toi ma bonté qui te sert de secours,</l>
	<l id="78">Veut à ta modestie épargner ce discours.</l>
</sp>
<sp who="STÉPHANIE"><speaker>STÉPHANIE.</speaker>
	<l id="79">Ah daignez m'écouter : et souffrez que j'embrasse...</l>
</sp>
<sp who="FERDINAND"><speaker>FERDINAND.</speaker>
	<l id="80">Quoi, te mettre à genoux pour mieux me rendre grâce ?</l>
	<l id="81">Crains-tu que je t'échappe ? Ah ! Ne t'alarme pas,</l>
	<l id="82">Quoi qu'il puisse arriver apprends que tu m'auras :</l>
	<l id="83">Mais rentre promptement, car je vois Lazarille,</l>
	<l id="84" part="i">Il s'avance.</l>
</sp>
<sp who="STÉPHANIE"><speaker>STÉPHANIE.</speaker>
	<l id="84" part="f">Oh malheur ! Que ne suis-je sa fille.</l>
</sp>
</div2>
<div2 type="scene" n='3'><head>SCÈNE III. Lazarille, Ferdinand.</head>
<sp who="LAZARILLE"><speaker>LAZARILLE.</speaker>
	<l id="85">De tous vos serviteurs étant le plus soumis,</l>
	<l id="86">Un libre accès chez vous me fut toujours permis,</l>
	<l id="87">Monsieur, et vous m'avez à toutes mes visites</l>
	<l id="88">Fait des civilités par delà mes mérites.</l>
</sp>
<sp who="FERDINAND"><speaker>FERDINAND.</speaker>
	<l id="89" part="i">Couvrez-vous.</l>
</sp>
<sp who="LAZARILLE"><speaker>LAZARILLE.</speaker>
	<l id="89" part="f">Mais enfin, après tant de bontés,</l>
	<l id="90">Mes yeux de Stéphanie ayant vu les beautés,</l>
	<l id="91">D'adorer ses attraits je ne pus me défendre ;</l>
	<l id="92">Si bien que dans l'espoir de me voir votre gendre,</l>
	<l id="93">Je viens d'un zèle ardent embrasser vos genoux,</l>
	<l id="94">Afin que vous souffriez que je sois son Epoux.</l>
</sp>
<sp who="FERDINAND"><speaker>FERDINAND.</speaker>
	<l id="95" part="i">Fort bien.</l>
</sp>
<sp who="LAZARILLE"><speaker>LAZARILLE.</speaker>
	<l id="95" part="f">Je ne dis rien d'une ardeur infinie,</l>
	<l id="96">Suffit que chaque jour vous voyiez Stéphanie,</l>
	<l id="97">Peut-on ne pas l'aimer sans manquer de raison ?</l>
</sp>
<sp who="FERDINAND"><speaker>FERDINAND.</speaker>
	<l id="98">Vous ne pouviez venir en meilleure saison.</l>
</sp>
<sp who="LAZARILLE"><speaker>LAZARILLE.</speaker>
	<l id="99">Donc à ma passion vous êtes favorable ?</l>
	<l id="100">Donc je puis espérer cet objet adorable ?</l>
	<l id="101">De votre affection je suis trop éclairci ;</l>
	<l id="102" part="i">Quoi vous me préparez...</l>
</sp>
<sp who="FERDINAND"><speaker>FERDINAND.</speaker>
	<l id="102" part="f">Un refus, Dieu merci.</l>
</sp>
<sp who="LAZARILLE"><speaker>LAZARILLE.</speaker>
	<l id="103" part="i">Un refus ?</l>
</sp>
<sp who="FERDINAND"><speaker>FERDINAND.</speaker>
	<l id="103" part="m">Un refus.</l>
</sp>
<sp who="LAZARILLE"><speaker>LAZARILLE.</speaker>
	<l id="103" part="f">Ah ! Du moins que je sache</l>
	<l id="104">Si parmi mon ardeur vous trouvez quelque tache.</l>
</sp>
<sp who="FERDINAND"><speaker>FERDINAND.</speaker>
	<l id="105">Nenni, mais par un sort qui pour vous est fatal,</l>
	<l id="106">Vous avez le malheur de m'avoir pour rival.</l>
</sp>
<sp who="LAZARILLE"><speaker>LAZARILLE.</speaker>
	<l id="107">Vous aimez votre fille ? Ah ! Si par quelque ruse...</l>
</sp>
<sp who="FERDINAND"><speaker>FERDINAND.</speaker>
	<l id="108">Tout chacun m'en croit Père et tout chacun s'abuse,</l>
	<l id="109">Je vous crus de tout temps un Ami si discret,</l>
	<l id="110"> Que je puis à vos yeux exposer un secret :</l>
	<l id="111">Mais il faut toutefois m'assurer de se taire.</l>
</sp>
<sp who="LAZARILLE"><speaker>LAZARILLE.</speaker>
	<l id="112">De ce triste secret quel_que_soit le mystère,</l>
	<l id="113">Parlez, de vos Amis je suis l'un des plus grands.</l>
</sp>
<sp who="FERDINAND"><speaker>FERDINAND.</speaker>
	<l id="114">Il y peut bien avoir plus de cinq fois quatre ans,</l>
	<l id="115">Qu'une Dame à cheval, qu'avait un homme en croupe,</l>
	<l id="116">Passa par cette ville, allant à Gadaloupe,</l>
	<l id="117">Et pour ne pas vous faire un trop long entretien,</l>
	<l id="118">Du logis que j'occupe en vint faire le sien.</l>
	<l id="119">Après que de cheval elle fut descendue,</l>
	<l id="120">Je vis qu'elle était pâle, et toute morfondue,</l>
	<l id="121">De son maigre visage on eût compté les os,</l>
	<l id="122">Ses bras étaient petits, mais son ventre était gros,</l>
	<l id="123">Et s'il faut devant vous que sans fard je m'explique ;</l>
	<l id="124">Durant une heure ou deux je la crus hydropique :</l>
	<l id="125">Mais peu de temps après mon esprit fut certain,</l>
	<l id="126">Que ce n'était pas d'eau que son ventre était plein.</l>
	<l id="127">Quoique dans mon logis elle n'eut rien à craindre,</l>
	<l id="128">J'entendis sur le soir cette Dame se plaindre ;</l>
	<l id="129">D'abord prêtant l'oreille à sa voix, j'en ouïs :</l>
	<l id="130">Vois de quels tristes biens à présent tu jouis,</l>
	<l id="131">Puisque tu t'es fiée à des promesses vaines,</l>
	<l id="132">Qu'un moment de plaisir te coûtera de peines !</l>
	<l id="133">Que le Ciel en courroux te prépare de maux !</l>
	<l id="134">Voit-on quelques malheurs à tes malheurs égaux ?</l>
	<l id="135">Ton fruit qui voit le jour rend-il ta douleur moindre ?</l>
	<l id="136">Là j'ouïs une voix à la sienne se joindre,</l>
	<l id="137">Dont l'extrême faiblesse, et le ton délicat,</l>
	<l id="138">Avait bien du rapport aux cris d'un petit Chat.</l>
	<l id="139">Lors pour voir ce mystère ayant ouvert la porte,</l>
	<l id="140">Je trouvais cette femme en langueur ; demi-morte.</l>
	<l id="141">Un enfant à ses pieds qui venait d'être fait,</l>
	<l id="142">Et qui quoique petit était beau tout à fait.</l>
	<l id="143">En un rude courroux j'eus dessein de me mettre,</l>
	<l id="144">Mais la mère à l'enfant ne put me le permettre,</l>
	<l id="145">Et d'un gros Diamant le brillant gracieux,</l>
	<l id="146">Sut me fermer la bouche, et m'éblouir les yeux :</l>
	<l id="147">Si bien que l'Accouchée ayant par son adresse</l>
	<l id="148">Apaisé ma colère et surpris ma tendresse,</l>
	<l id="149">Sans rien appréhender des médisants propos,</l>
	<l id="150">A son enfant tout nu je donnais des drapeaux,</l>
	<l id="151">Qui la même nuitée ayant eu la migraine, </l>
	<l id="152">Fit chercher au plus vite, et Parrain et Marraine.</l>
	<l id="153">Car dans sa maladie on craignait qu'il mourut ;</l>
	<l id="154">Et Dona Stéphanie est le nom qu'il reçut. </l>
</sp>
<sp who="LAZARILLE"><speaker>LAZARILLE.</speaker>
	<l id="155">Ô Ciel ! Après ce coup que faut-il que j'espère ?</l>
	<l id="156" part="i">Hélas !</l>
</sp>
<sp who="FERDINAND"><speaker>FERDINAND.</speaker>
	<l id="156" part="f">Vous voyez bien si j'en fus jamais Père.</l>
</sp>
<sp who="LAZARILLE"><speaker>LAZARILLE.</speaker>
	<l id="157" part="i">Je ne le vois que trop.</l>
</sp>
<sp who="FERDINAND"><speaker>FERDINAND.</speaker>
	<l id="157" part="f">Pour vous donc abréger,</l>
	<l id="158">Stéphanie en huit jours ne fut plus en danger,</l>
	<l id="159">Et la mère pour lors pleinement satisfaite,</l>
	<l id="160">La commis à ma charge, et sonna sa retraite,</l>
	<l id="161">Et m'ayant ses joyaux déposés dans les mains,</l>
	<l id="162">Avant que de partir m'expliqua ses desseins.</l>
	<l id="163">Monsieur, dit-elle alors, connaissant votre zèle,</l>
	<l id="164">Je vous laisse ma fille, et vous laisse avec elle</l>
	<l id="165">De quoi l'entretenir, et payer ses dépenses</l>
	<l id="166">Tant que pourra durer la longueur de sept ans.</l>
	<l id="167">Environ ce temps-là j'enverrai la reprendre ;</l>
	<l id="168">Surtout je vous enjoins de jamais ne la rendre,</l>
	<l id="169">Qu'à celui qui pour elle ayant quelque amitié,</l>
	<l id="170">A cet anneau rompu joindra l'autre moitié.</l>
	<l id="171">Cela dit, elle part, et sa fille demeure,</l>
	<l id="172">Qui durant son enfance amandait d'heure en heure,</l>
	<l id="173">Et qui vécut si bien, qu'encore même elle vit,</l>
	<l id="174">Qui des charmes qu'elle a tout le monde ravit.</l>
	<l id="175"> Comme elle est à présent dans un ange à produire,</l>
	<l id="176">Ma violente ardeur je lui viens de déduire,</l>
	<l id="177">Et trouvant dans ma flamme un plaisir assez doux,</l>
	<l id="178">Pour mieux m'en rendre grâce elle était à genoux :</l>
	<l id="179">Mais comme à mon esprit sa pudeur est connue, </l>
	<l id="180">Je l'ai fait retirer voyant votre venue ;</l>
	<l id="181">Et pour conclusion je vous fais assoir,</l>
	<l id="182">Qu'elle borne sa gloire au bonheur de m'avoir.</l>
	<l id="183" part="i">Adieu.</l>
</sp>
</div2>
<div2 type="scene" n='4'><head>SCÈNE IV.</head>
<sp stage="alone" who='LAZARILLE'><speaker>LAZARILLE, seul.</speaker>
	<l id="183" part="f">Peut-on souffrir une douleur plus dure !</l>
	<l id="184">Voir de mes propres yeux son indigne posture,</l>
	<l id="185">Et lorsque par son ordre on peut tout espérer,</l>
	<l id="186">Embrasser les genoux, de qui doit l'adorer !</l>
	<l id="187" part="i">L'ingrate ! Elle paraît. </l>
</sp>
</div2>
<div2 type="scene" n='5'><head>[SCÈNE V]. Stéphanie, Lazarille.</head>
<stage type="entrance/location">Fabrice et Gusman sont au même jardin.</stage>
<sp who="STÉPHANIE"><speaker>STÉPHANIE.</speaker>
	<l id="187" part="f">Quelque espoir qui vous flatte,</l>
	<l id="188">Empêchez que pour moi votre flamme n'éclate,</l>
	<l id="189">Et quoi que votre amour ait pour vous des appas,</l>
	<l id="190">Faites que pour me plaire il ne paraisse pas.</l>
	<l id="191" part="i">Car enfin...</l>
</sp>
<sp who="LAZARILLE"><speaker>LAZARILLE.</speaker>
	<l id="191" part="f">C'est assez, de la loi qu'on m'impose,</l>
	<l id="192">Mon esprit tout confus vient d'apprendre la cause,</l>
	<l id="193" part="i">Ferdinand...</l>
</sp>
<sp who="STÉPHANIE"><speaker>STÉPHANIE.</speaker>
	<l id="193" part="f">Ferdinand vous a donc tout appris ?</l>
</sp>
<sp who="LAZARILLE"><speaker>LAZARILLE.</speaker>
	<l id="194" part="i">N'en doutez pas.</l>
</sp>
<sp stage="toward" who='GUSMAN'><speaker>GUSMAN, à Fabrice.</speaker>
	<l id="194" part="f">Hé bien, les avez-vous surpris ?</l>
	<l id="195" part="i">S'aiment-ils ?</l>
</sp>
<sp who="FABRICE"><speaker>FABRICE.</speaker>
	<l id="195" part="f">Stéphanie être avec Lazarille !</l>
	<l id="196" part="i">Écoutons.</l>
</sp>
<sp who="LAZARILLE"><speaker>LAZARILLE.</speaker>
	<l id="196" part="f">Du vieillard, vous n'êtes plus la fille.</l>
</sp>
<sp who="FABRICE"><speaker>FABRICE.</speaker>
	<l id="197" part="i">Ô Dieux !</l>
</sp>
<sp who="STÉPHANIE"><speaker>STÉPHANIE.</speaker>
	<l id="197" part="f">C'est ce qui doit vous causer du tourment</l>
	<l id="198">Cessant d'être mon père il devient mon amant.</l>
</sp>
<sp who="FABRICE"><speaker>FABRICE.</speaker>
	<l id="199" part="i">Ferdinand l'aime aussi, Gusman !</l>
</sp>
<sp who="GUSMAN"><speaker>GUSMAN.</speaker>
	<l id="199" part="f">Belle demande ;</l>
	<l id="200">Manque-t-on d'appétit près de si belle viande ?</l>
</sp>
<sp who="LAZARILLE"><speaker>LAZARILLE.</speaker>
	<l id="201">Ferdinand doit donc faire un obstacle à mes voeux ?</l>
</sp>
<sp who="STÉPHANIE"><speaker>STÉPHANIE.</speaker>
	<l id="202">Pouvez-vous en douter, et connaître ses feux ?</l>
</sp>
<sp who="FABRICE"><speaker>FABRICE.</speaker>
	<l id="203" part="i">Elle ne l'aime pas.</l>
</sp>
<sp who="GUSMAN"><speaker>GUSMAN.</speaker>
	<l id="203" part="f">Mon Dieu, quoi qu'elle dise,</l>
	<l id="204">Elle a l'esprit madré, croyez-moi, fou s'y fie.</l>
</sp>
<sp who="LAZARILLE"><speaker>LAZARILLE.</speaker>
	<l id="205">Lorsqu'il a déclaré l'amour qu'il a pour vous,</l>
	<l id="206">Pour y répondre mieux vous étiez à genoux ;</l>
	<l id="207" part="i">Ainsi...</l>
</sp>
<sp who="STÉPHANIE"><speaker>STÉPHANIE.</speaker>
	<l id="207" part="f">Cette posture où j'ai su me contraindre,</l>
	<l id="208">Montre ce que de lui vous avez lieu de craindre.</l>
</sp>
<sp who="FABRICE"><speaker>FABRICE.</speaker>
	<l id="209" part="i">Entends-tu ?</l>
</sp>
<sp who="GUSMAN"><speaker>GUSMAN.</speaker>
	<l id="209" part="f">Qui pis est, suivant ce que je vois,</l>
	<l id="210">Mon esprit indupable est dupé par sa voix.</l>*****
</sp>
<sp who="LAZARILLE"><speaker>LAZARILLE.</speaker>
	<l id="211">Cependant, animé d'une animé d'une ardeur assez grande,</l>
	<l id="212">De vous à mon Rival j'ai tenté la demande ;</l>
	<l id="213">Et suivant les conseils que de vous j'ai reçu,</l>
	<l id="214">Je me suis attiré la rigueur d'un refus.</l>
</sp>
<sp who="FABRICE"><speaker>FABRICE.</speaker>
	<l id="215" part="i">J'en suis ravi, Gusman.</l>
</sp>
<sp who="GUSMAN"><speaker>GUSMAN.</speaker>
	<l id="215" part="f">Vous voyez, l'aime-t-elle ?</l>
</sp>
<sp who="FABRICE"><speaker>FABRICE.</speaker>
	<l id="216" part="i">Je n'en puis que juger.</l>
</sp>
<sp who="STÉPHANIE"><speaker>STÉPHANIE.</speaker>
	<l id="216" part="f">Ô fortune cruelle !</l>
	<l id="217" part="i">Vous m'avez demandée ?</l>
</sp>
<sp who="LAZARILLE"><speaker>LAZARILLE.</speaker>
	<l id="217" part="f">Et suivi vos avis.</l>
</sp>
<sp who="STÉPHANIE"><speaker>STÉPHANIE.</speaker>
	<l id="218">Trop tôt à mon malheur vous les avez suivis :</l>
	<l id="219">Quand je crus vous donner un conseil nécessaire,</l>
	<l id="220">Ferdinand de ma part était vu comme Père ;</l>
	<l id="221">Mais n'étant pas sa fille, et sachant son amour,</l>
	<l id="222">Je n'apprends qu'à regret que le votre est au jour.</l>
</sp>
<sp who="FABRICE"><speaker>FABRICE.</speaker>
	<l id="223" part="i">L'aime-t-elle ? Tu vois.</l>
</sp>
<sp who="GUSMAN"><speaker>GUSMAN.</speaker>
	<l id="223" part="f">Comment Diable la croire ?</l>
	<l id="224">Ses discours sont pour moi des feuillets du Grimoire.</l>
</sp>
<sp who="STÉPHANIE"><speaker>STÉPHANIE.</speaker>
	<l id="225">J'entends du bruit, fuyez, et de peur que de vous</l>
	<l id="226">Le Rival qui vous nuit ne devienne jaloux,</l>
	<l id="227">Le plus que vous pourrez éviter ma présence.</l>
</sp>
<sp who="LAZARILLE"><speaker>LAZARILLE.</speaker>
	<l id="228">Adieu, je laisse au Ciel à punir cette offense.</l>
</sp>
<sp who="STÉPHANIE"><speaker>STÉPHANIE.</speaker>
	<l id="229">Moi, je suis votre exemple, et j'invoque les Dieux,</l>
	<l id="230">Pour me voir délivrée d'un Amant odieux.</l>
<stage type="exit">Lazarille sort.</stage>
</sp>
</div2>
<div2 type="scene" n='7'><head>SCÈNE V[I]. Fabrice, Stéphanie, Gusman.</head>
<sp who="GUSMAN"><speaker>GUSMAN.</speaker>
	<l id="231" part="i">Tout va bien.</l>
</sp>
<sp who="FABRICE"><speaker>FABRICE.</speaker>
	<l id="231" part="f">Profitons ; il sort tout en colère.</l>
</sp>
<sp who="GUSMAN"><speaker>GUSMAN.</speaker>
	<l id="232" part="i">Poussez donc. </l>
</sp>
<sp who="FABRICE"><speaker>FABRICE.</speaker>
	<l id="232" part="f">Lazarille aura pu vous déplaire,</l>
	<l id="233">Je l'ai vu qui d'ici sort assez brusquement ;</l>
	<l id="234">Mais vous pouvez en moi recouvrer un amant,</l>
	<l id="235">Puisque depuis longtemps mon coeur pour vous soupire,</l>
	<l id="236">Sans que dans mes respects, j'ai osé vous le dire.</l>
</sp>
<sp who="STÉPHANIE"><speaker>STÉPHANIE.</speaker>
	<l id="237" part="i">Quoi, vous m'aimez, Fabrice ?</l>
</sp>
<sp stage="pull" who='GUSMAN'><speaker>GUSMAN, la tirant à l'écart.</speaker>
	<l id="237" part="f">Oui, foi d'homme d'honneur,</l>
	<l id="238">Il dit que c'est de vous que dépend son bonheur ;</l>
	<l id="239">Et vous pouvez penser que sa flamme est bien forte,</l>
	<l id="240">Puisque j'ose vous faire un serment de la sorte.</l>
</sp>
<sp who="STÉPHANIE"><speaker>STÉPHANIE.</speaker>
	<l id="241" part="i">Vous m'aimez !</l>
</sp>
<sp who="FABRICE"><speaker>FABRICE.</speaker>
	<l id="241" part="f">Le moyen de ne vous aimer pas,</l>
	<l id="242">Et de pouvoir sans cesse admirer vos appas.</l>
</sp>
<sp who="STÉPHANIE"><speaker>STÉPHANIE.</speaker>
	<l id="243">S'il est vrai que pour moi votre ardeur soit sincère,</l>
	<l id="244">Pourquoi vous obstiner si longtemps à la taire ?</l>
	<l id="245">Loin que par votre aveu vous puissiez m'alarmer,</l>
	<l id="246">Qui se fut vu aimée aurait pu vous aimer.</l>
	<l id="247">Au reste, Lazarille eut toujours tant d'adresse,</l>
	<l id="248">Qu'au lieu de me déplaire, il aurait ma tendresse ;</l>
	<l id="249">C'est à lui seulement que l'Hymen doit m'unir,</l>
	<l id="250">J'en ai fait la promesse, et je la veux tenir.</l>
	<l id="251">Adieu, ce sentiment est selon qu'il doit être.</l>
</sp>
</div2>
<div2 type="scene" n='7'><head>SCÈNE VI[I]. Fabrice, Gusman.</head>
<sp who="FABRICE"><speaker>FABRICE.</speaker>
	<l id="252" part="i">Ah, Gusman mon Valet !</l>
</sp>
<sp who="GUSMAN"><speaker>GUSMAN.</speaker>
	<l id="252" part="f">Ah, Fabrice mon Maître ! </l>
</sp>
<sp who="FABRICE"><speaker>FABRICE.</speaker>
	<l id="253" part="i">Que je suis malheureux !</l>
</sp>
<sp who="GUSMAN"><speaker>GUSMAN.</speaker>
	<l id="253" part="f">Point, point, rayez ce mot,</l>
	<l id="254">Vous seriez plus heureux si vous étiez moins sot.</l>
</sp>
<sp who="FABRICE"><speaker>FABRICE.</speaker>
<note type="L">Maraud : Terme injurieux qui se dit des gueux, des coquins qui n'ont ni bien ni honneur, qui sont capables de faire toutes sortes de lâchetés. [F]</note>
	<l id="255" part="i">Maraud insupportable...</l>****
</sp>
<sp who="GUSMAN"><speaker>GUSMAN.</speaker>
	<l id="255" part="f">Et vous tête étourdie,</l>
	<l id="256">Dont le coeur est de flamme et la langue engourdie,</l>
	<l id="257">Ce qui vient d'arriver ne vous sied que trop bien ;</l>
	<l id="258">Avoir chaud comme un Diable, et ne parler de rien,</l>
	<l id="259">Brûler dans sa chemise à l'exemple d'Hercule,</l>
	<l id="260">Et puis après cela devenir ridicule,</l>
	<l id="261">Jusqu'au point de souscrire au plaisir d'un rival,</l>
	<l id="262">Si ce n'est être sot, c'est paraître cheval.</l>
</sp>
<sp who="FABRICE"><speaker>FABRICE.</speaker>
	<l id="263">Au plaisir d'un Rival que jamais je souscrive !</l>
	<l id="264">Qu'il possède un objet qui mon âme captive !</l>
	<l id="265">Et que sans écouter un amour violent .....</l>
</sp>
<sp who="GUSMAN"><speaker>GUSMAN.</speaker>
	<l id="266">Et que prétendez-vous, ô Maître un peu trop lent ?</l>
</sp>
<sp who="FABRICE"><speaker>FABRICE.</speaker>
	<l id="267">Puisque si mon Rival n'eut usurpé ma place,</l>
	<l id="268">Mon aimable Maîtresse approuvait mon audace,</l>
	<l id="269">Apprends que je m'apprête à le priver du jour,</l>
	<l id="270">Pour la contraindre encore à souffrir mon amour.</l>
	<l id="271">Je ne lui déplais pas, je le viens de connaître,</l>
	<l id="272">Elle saura m'aimer quand il cessera d'être,</l>
	<l id="273">Je puis donc, supportant que je venge un affront,</l>
	<l id="274">Le forcer à se battre, et t'avoir pour second.</l>
</sp>
<sp who="GUSMAN"><speaker>GUSMAN.</speaker>
	<l id="275" part="i">Moi second ?</l>
</sp>
<sp who="FABRICE"><speaker>FABRICE.</speaker>
	<l id="275" part="f">Quoi, Gusman, tu veux être pagnotte ?</l>****
</sp>
<sp who="GUSMAN"><speaker>GUSMAN.</speaker>
	<l id="276">Quoi tueur de rivaux, vous voulez qu'on me frotte ?</l>
	<l id="277">Et moi qui de la Parque appréhende la faux,</l>
	<l id="278">J'ose vous soutenir que cela sera faux.</l>
</sp>
<sp who="FABRICE"><speaker>FABRICE.</speaker>
	<l id="279">Ah ! Gusman, souviens-toi que j'aime Stéphanie,</l>
	<l id="280">Qu'elle doit, à mon sort, par l'Hymen être unie,</l>
	<l id="281">Et que dans le malheur qui talonne mes pas,</l>
	<l id="282">N'en pas être l'époux, c'est souffrir le trépas.</l>
</sp>
<sp who="GUSMAN"><speaker>GUSMAN.</speaker>
	<l id="283" part="i">Trépassez.</l>
</sp>
<sp who="FABRICE"><speaker>FABRICE.</speaker>
	<l id="283" part="f">Mais mourir, après tant de souffrances,</l>
	<l id="284">C'est donner à ma peine une faible allégeance.</l>
</sp>
<sp who="GUSMAN"><speaker>GUSMAN.</speaker>
	<l id="285" part="i">Ne trépassez donc pas.</l>
</sp>
<sp who="FABRICE"><speaker>FABRICE.</speaker>
	<l id="285" part="f">Donne m'en le moyen ;</l>
	<l id="286">Crois-tu qu'on puisse vivre, et ne prétendre rien ?</l>
	<l id="287">Et que quand la fortune est pour nous rigoureuse,</l>
	<l id="288">Un trépas soit moins doux qu'une vie odieuse ?</l>
</sp>
<sp who="GUSMAN"><speaker>GUSMAN.</speaker>
	<l id="289" part="i">Trépassez-donc.</l>
</sp>
<sp who="FABRICE"><speaker>FABRICE.</speaker>
	<l id="289" part="f">Gusman, c'est mal me secourir, </l>
	<l id="290">Un amant véritable a trop peur de mourir,</l>
	<l id="291">Penses-tu qu'au moment qu'on adore une belle,</l>
	<l id="292">Il soit fort aisé de faire une absence éternelle ?</l>
	<l id="293">Et qu'un coeur que l'amour asservit sous ses lois,</l>
	<l id="294">Puisse expirer sans peine après un noble choix ?</l>
</sp>
<sp who="GUSMAN"><speaker>GUSMAN.</speaker>
	<l id="295">Vivez-donc, si la mort est pour vous effroyable.</l>
</sp>
<sp who="FABRICE"><speaker>FABRICE.</speaker>
	<l id="296">La mort aux malheureux est toujours agréable.</l>
</sp>
<sp who="GUSMAN"><speaker>GUSMAN.</speaker>
	<l id="297" part="i">Mourez-donc.</l>
</sp>
<sp who="FABRICE"><speaker>FABRICE.</speaker>
	<l id="297" part="f">Quel sort qui nous puisse arriver,</l>
	<l id="298">Il n'est rien de si doux que de vivre, et d'aimer.</l>
</sp>
<sp who="GUSMAN"><speaker>GUSMAN.</speaker>
	<l id="299">À votre cher Valet, apprenez votre envie ;</l>
	<l id="300">Avoir peur de la mort, et puis craindre la vie ;</l>
	<l id="301">C'est, sans qu'il soit besoin de toujours discourir,</l>
	<l id="302">Vouloir vivre sans vivre, et mourir sans mourir.</l>
	<l id="303" part="i">Mais à quoi rêvez-vous ?</l>
</sp>
<sp who="FABRICE"><speaker>FABRICE.</speaker>
	<l id="303" part="f">Au malheur qui m'afflige,</l>
	<l id="304">De moments en moments Lazarille m'oblige,</l>
	<l id="305">Il m'aime, et toutefois je ne puis l'épargner,</l>
	<l id="306">Et je dois, ou le perdre, ou du moins l'éloigner.</l>
</sp>
<sp who="GUSMAN"><speaker>GUSMAN.</speaker>
	<l id="307">Un si grand préambule était-il nécessaire ?</l>
	<l id="308">Vous savez, grâce à Dieu, que je suis bon faussaire,</l>
	<l id="309">Et que sans vanité, je pourrais me vanter,</l>
	<l id="310">Qu'au mérite de matois nul ne peut m'imiter,</l>
	<l id="311">Si bien qu'à mon talent il n'est pas difficile</l>
	<l id="312">De forcer Lazarille à sortir de Séville :</l>
	<l id="313">Laissez votre fortune à ma discrétion.</l>
</sp>
<sp who="FABRICE"><speaker>FABRICE.</speaker>
	<l id="314">Il me souvient encore d'une autre invention,</l>
	<l id="315" part="i">L'Ambassadeur d'Afrique est ici.</l>
</sp>
<sp who="GUSMAN"><speaker>GUSMAN.</speaker>
	<l id="315" part="f">Qu'il s'y tienne.</l>
</sp>
<sp who="FABRICE"><speaker>FABRICE.</speaker>
	<l id="316">Sa personne à peu près est égale à la tienne.</l>
</sp>
<sp who="GUSMAN"><speaker>GUSMAN.</speaker>
	<l id="317" part="i">Pour cela ?</l>
</sp>
<sp who="FABRICE"><speaker>FABRICE.</speaker>
	<l id="317" part="f">Vous avez chacun de mêmes traits.</l>
</sp>
<sp who="GUSMAN"><speaker>GUSMAN.</speaker>
	<l id="318" part="i">Qu'en est-il ?</l>
</sp>
<sp who="FABRICE"><speaker>FABRICE.</speaker>
	<l id="318" part="f">Les plus fins confondraient vos portraits.</l>
</sp>
<sp who="GUSMAN"><speaker>GUSMAN.</speaker>
	<l id="319" part="i">Que m'importe ?</l>
</sp>
<sp who="FABRICE"><speaker>FABRICE.</speaker>
	<l id="319" part="f">Pour peu que ton zèle s'applique</l>
	<l id="320">À vouloir me servir aux dépens de l'Afrique,</l>
	<l id="321">Tu peux en secondant les desseins que je fais,</l>
	<l id="322">Contenter mon ardeur, et remplir mes souhaits.</l>
</sp>
<sp who="GUSMAN"><speaker>GUSMAN.</speaker>
	<l id="323">Moi que je vous oblige aux dépens de l'Afrique ?</l>
</sp>
<sp who="FABRICE"><speaker>FABRICE.</speaker>
	<l id="324" part="i"> Tu le peux.</l>
</sp>
<sp who="GUSMAN"><speaker>GUSMAN.</speaker>
	<l id="324" part="f">Justement ; c'est bien là ma pratique,</l>
	<l id="325">Quoi, Monsieur, dans l'Afrique ai-je quelque pouvoir ?</l>
</sp>
<sp who="FABRICE"><speaker>FABRICE.</speaker>
	<l id="326" part="i">Point du tout.</l>
</sp>
<sp who="GUSMAN"><speaker>GUSMAN.</speaker>
	<l id="326" part="f">A-t-elle eu le bonheur de me voir ?</l>
</sp>
<sp who="FABRICE"><speaker>FABRICE.</speaker>
	<l id="327" part="i">Nullement.</l>
</sp>
<sp who="GUSMAN"><speaker>GUSMAN.</speaker>
	<l id="327" part="f">De l'Afrique ai-je la dépendance ?</l>
</sp>
<sp who="FABRICE"><speaker>FABRICE.</speaker>
	<l id="328" part="i">Encore moins.</l>
</sp>
<sp who="GUSMAN"><speaker>GUSMAN.</speaker>
	<l id="328" part="f">Fléchit-elle à ma moindre ordonnance ?</l>
</sp>
<sp who="FABRICE"><speaker>FABRICE.</speaker>
	<l id="329" part="i">Elle ? Non.</l>
</sp>
<sp who="GUSMAN"><speaker>GUSMAN.</speaker>
	<l id="329" part="f">Comment donc avez vous prétendu,</l>
	<l id="330">Qu'un service à ses frais pût vous être rendu :</l>
	<l id="331">Car enfin quoique j'ai un rapport fort sincère</l>
	<l id="332">Avec un qui peut-être est bâtard de mon père,</l>
	<l id="333">D'ici jusqu'en Afrique un chemin raccourci,</l>
	<l id="334">Ne peut être plus long que de là jusqu'ici ;</l>
	<l id="335">Et puis qu'à vous connaître il faut que l'on s'exerce,</l>
	<l id="336">Gusman avec l'Afrique ayant peu de commerce,</l>
	<l id="337">Pour raison concluante il conclut de bon coeur, </l>
	<l id="338">Que toujours de l'Afrique il sera serviteur.</l>
</sp>
<sp who="FABRICE"><speaker>FABRICE.</speaker>
	<l id="339" part="i">Tu n'entends pas mon sens.</l>
</sp>
<sp who="GUSMAN"><speaker>GUSMAN.</speaker>
	<l id="339" part="f">Comment Diable l'entendre ?</l>
</sp>
<sp who="FABRICE"><speaker>FABRICE.</speaker>
	<l id="340">Je veux dans mon logis te le faire comprendre ;</l>
	<l id="341">Puis donc que nous avons des sujets à choisir,</l>
	<l id="342">Entrons, et sur chacun consultons à loisir.</l>
</sp>
</div2>
</div1>
<div1 type="act" n='2'><head>ACTE II</head>
<div2 type="scene" n='1'><head>SCÈNE PREMIÈRE. Lazarille, Fabrice.</head>
<sp who="LAZARILLE"><speaker>LAZARILLE.</speaker>
	<l id="343">Incomparable ami dont toujours la tendresse,</l>
	<l id="344">Dans tout ce qui me touche aisément s'intéresse,</l>
	<l id="345">Approche, et si jamais tu me crus malheureux,</l>
	<l id="346">Si jamais mon destin te semblât rigoureux,</l>
	<l id="347">Juges par ce billet qui fait naître ma plainte, </l>
	<l id="348">Si d'un tourment plus rude on peut sentir l'atteinte.</l>
</sp>
<sp stage="read" who='FABRICE'><speaker>FABRICE, lit.</speaker>
	<l id="349"> Mon Neveu je me plains de mon triste devoir, </l>
	<l id="350">Qui malgré moi m'oblige à vous faire savoir</l>
	<l id="351">Une fort mauvaise nouvelle :</l>
	<l id="352">Mon Frère, votre Père ayant fini son sort,</l>
	<l id="353">Pour de votre Maison devenir le support,</l>
	<l id="354">Votre mère affligée en ce lieu vous appelle.</l>
	<l id="355" part="i">DON RAYMON DE GALAS.</l>
</sp>
<sp who="LAZARILLE"><speaker>LAZARILLE.</speaker>
	<l id="355" part="f">Hé bien ! Parfait ami</l>
	<l id="356">Dont la noble chaleur n'agit point à demi ;</l>
	<l id="357" part="i">Tu vois.</l>
</sp>
<sp who="FABRICE"><speaker>FABRICE.</speaker>
	<l id="357" part="f">Ce coup fatal me surprend, et m'étonne,</l>
	<l id="358" part="i">Il est mort !</l>
</sp>
<sp who="LAZARILLE"><speaker>LAZARILLE.</speaker>
	<l id="358" part="f">Juges-en par l'avis qu'on me donne.</l>
</sp>
<sp who="FABRICE"><speaker>FABRICE.</speaker>
	<l id="359">De tout autre qu'un oncle à qui l'on doit respect,</l>
	<l id="360">Un billet si fâcheux pourrait m'être suspect :</l>
	<l id="361">Mais vois le caractère ; Est-ce point imposture,</l>
	<l id="362" part="i">Examine.</l>
</sp>
<sp who="LAZARILLE"><speaker>LAZARILLE.</speaker>
	<l id="362" part="f">Non, non c'est la même écriture.</l>
</sp>
<sp who="FABRICE"><speaker>FABRICE.</speaker>
	<l id="363">Pourtant, ou je me trompe, ou tu dis hier au soir,</l>
	<l id="364">Que ton Père en ce lieu te pourrait bientôt voir ;</l>
	<l id="365">Et pour, à son enfant ne pas être inutile,</l>
	<l id="366">Qu'il partait de Tolède, et venait à Séville.</l>
</sp>
<sp who="LAZARILLE"><speaker>LAZARILLE.</speaker>
	<l id="367">Il me l'avait mandé, cet espoir m'était doux,</l>
	<l id="368">Mais de tous mes plaisirs mon destin est jaloux.</l>
	<l id="369">Il s'oppose sans cesse au cours de ma fortune,</l>
	<l id="370">Et comme à tout moment sa rigueur m'importune,</l>
	<l id="371">Et que de son caprice il me fait le jouet,</l>
	<l id="372">J'ai des biens en idée, et des maux en effet.</l>
</sp>
<sp who="FABRICE"><speaker>FABRICE.</speaker>
	<l id="373" part="i">Ton sort est déplorable.</l>
</sp>
<sp who="LAZARILLE"><speaker>LAZARILLE.</speaker>
	<l id="373" part="f">Ajoute encore, Fabrice,</l>
	<l id="374">Que tout m'est rigoureux, que rien ne m'est propice,</l>
	<l id="375">Et pour connaître mieux jusqu'où va mon tourment,</l>
	<l id="376">Au tendre nom de Fils, joins le titre d'Amant ;</l>
	<l id="377">J'adore une beauté, je dois être auprès d'elle,</l>
	<l id="378">Et la mort de mon Père à Tolède m'appelle.</l>
</sp>
<sp who="FABRICE"><speaker>FABRICE.</speaker>
	<l id="379">Si j'avais vu l'Objet qui te tiens sous ses lois,</l>
	<l id="380">Je l'irais e ta part visiter quelquefois.</l>
	<l id="381">Comme pour te servir j'ai le coeur tout de flamme,</l>
	<l id="382">A répondre à tes feux, j'exciterais son âme,</l>
	<l id="383">Et ta vertu sans cesse étalée à ses yeux,</l>
	<l id="384">Te rendrait favorable un séjour ennuyeux.</l>
</sp>
<sp who="LAZARILLE"><speaker>LAZARILLE.</speaker>
	<l id="385">Si tantôt j'eusse appris cette triste nouvelle,</l>
	<l id="386">J'aurais cru m'éloigner d'une fille infidèle ;</l>
	<l id="387">Mais ce coup à mon âme est d'autant plus cruel,</l>
	<l id="388">Qu'elle honore mes feux par un feu mutuel.</l>
</sp>
<sp who="FABRICE"><speaker>FABRICE.</speaker>
	<l id="389" part="i">Hélas !</l>
</sp>
<sp who="LAZARILLE"><speaker>LAZARILLE.</speaker>
	<l id="389" part="f">A mon ardeur daigne donc être utile, </l>
	<l id="390">Puisqu'il faut qu'à regret j'abandonne Séville,</l>
	<l id="391">Et qu'au moins Stéphanie une fois chaque jour,</l>
	<l id="392">Apprenne par ta voix l'excès de mon amour.</l>
</sp>
<sp who="FABRICE"><speaker>FABRICE.</speaker>
	<l id="393" part="i">Stéphanie !</l>
</sp>
<sp who="LAZARILLE"><speaker>LAZARILLE.</speaker>
	<l id="393" part="m">Elle-même.</l>
</sp>
<sp who="FABRICE"><speaker>FABRICE.</speaker>
	<l id="393" part="f">Ô destin implacable !</l>
</sp>
<sp who="LAZARILLE"><speaker>LAZARILLE.</speaker>
	<l id="394" part="i">Tu te plains.</l>
</sp>
<sp who="FABRICE"><speaker>FABRICE.</speaker>
	<l id="394" part="f">Je me plains du malheur qui t'accable,</l>
	<l id="395" part="i">L'Ambassadeur d'Afrique est ton rival.</l>
</sp>
<sp who="LAZARILLE"><speaker>LAZARILLE.</speaker>
	<l id="395" part="f">Ô Dieux !</l>
	<l id="396" part="i">Il aime Stéphanie ?</l>
</sp>
<sp who="FABRICE"><speaker>FABRICE.</speaker>
	<l id="396" part="f">Il en est amoureux ;</l>
	<l id="397">Comme il est courageux, comme il est magnanime,</l>
	<l id="398">Que chacun le respecte, et que chacun l'estime,</l>
	<l id="399">Que son crédit est rare, et que dans cet Etat,</l>
	<l id="400">Il tient, et il sait garder le rang d'un Potentat,</l>
	<l id="401">En vain à ce qu'il veut tu ferais résistance.</l>
</sp>
<sp who="LAZARILLE"><speaker>LAZARILLE.</speaker>
	<l id="402" part="i">Il l'aime !</l>
</sp>
<sp who="FABRICE"><speaker>FABRICE.</speaker>
	<l id="402" part="f">De sa flamme il m'a fait confidence ;</l>
	<l id="403">Et si je ne m'abuse il vient lui-même exprès,</l>
	<l id="404" part="i">Pour parler de ses feux.</l>
</sp>
</div2>
<div2 type="scene" n='2'><head>SCÈNE II. Gusman, Fabrice, Lazarille, Suite.</head>
<sp stage="dress" who='GUSMAN'><speaker>GUSMAN, en habit d'Ambassadeur.</speaker>
<note type="L">Faire Gille : Populairement. Faire gille, se retirer, quitter une place. [F]</note>
	<l id="404" part="f">Suivez-moi mes valets,</l>
	<l id="405">Où d'abord faites gille. Hé bien l'avez-vous vue ?</l>
	<l id="406">Celle dont les attraits m'ont donné dans la vue ?</l>
</sp>
<sp who="FABRICE"><speaker>FABRICE.</speaker>
	<l id="407" part="i">Non, Seigneur.</l>
</sp>
<sp who="GUSMAN"><speaker>GUSMAN.</speaker>
	<l id="407" part="m">Et pourquoi, maître fat ?</l>
</sp>
<sp who="FABRICE"><speaker>FABRICE.</speaker>
	<l id="407" part="f">Je n'ai pu</l>
	<l id="408" part="i">Seigneur...</l>
</sp>
<sp who="GUSMAN"><speaker>GUSMAN.</speaker>
	<l id="408" part="f">Que plût à Dieu que vous fussiez rompu !</l>
	<l id="409">Cependant de l'amour je sens la tyrannie,</l>
	<l id="410" part="i">Traître.</l>
</sp>
<sp who="LAZARILLE"><speaker>LAZARILLE.</speaker>
	<l id="410" part="f">Quoi donc, Seigneur, vous aimez Stéphanie ?</l>
	<l id="411" part="i">Elle vous charme ?</l>
</sp>
<sp who="GUSMAN"><speaker>GUSMAN.</speaker>
	<l id="411" part="f">Un peu si vous le trouvez bon.</l>
	<l id="412">Mais je vous trouve encore un fort joli mignon,</l>
	<l id="413">Pour mettre votre nez jusques dans mon affaire.</l>
</sp>
<sp who="LAZARILLE"><speaker>LAZARILLE.</speaker>
	<l id="414">Je n'ai pas cru, Seigneur, que ce fut vous déplaire.</l>
</sp>
<sp who="GUSMAN"><speaker>GUSMAN.</speaker>
	<l id="415">Vous deviez l'avoir cru, car un Ambassadeur,</l>
	<l id="416">En parlant avec vous abaisse la grandeur ;</l>
	<l id="417">Tirez vos chausses, vite, ou bientôt par la tête...</l>
</sp>
<sp who="LAZARILLE"><speaker>LAZARILLE.</speaker>
	<l id="418">Je sais que votre force égale une tempête,</l>
	<l id="419">Et que le rang suprême où le Ciel vous a mis,</l>
	<l id="420">Donne de la terreur à tous vos ennemis :</l>
	<l id="421">Je ne le fus jamais, et n'ai garde de l'être,</l>
	<l id="422">Vous vous abaisseriez si vous étiez mon Maître :</l>
	<l id="423">Mais la Postérité publierait vos hauts faits,</l>
	<l id="424">Si de votre vertu j'éprouvais les effets,</l>
	<l id="425">Et si votre Excellence à ma perte animée,</l>
	<l id="426">Voulait rendre le calme à mon âme alarmée ;</l>
	<l id="427">Et soutenant toujours la grandeur de son sang,</l>
	<l id="428">Me céder un Objet qui n'est pas de son rang.</l>
</sp>
<sp who="GUSMAN"><speaker>GUSMAN.</speaker>
	<l id="429">Vous êtes trop obscur, je ne puis vous entendre.</l>
</sp>
<sp who="LAZARILLE"><speaker>LAZARILLE.</speaker>
	<l id="430">Vous servir, est-ce un bien que je puisse prétendre ?</l>
	<l id="431">Il n'est rien que pour vous je n'osasse embrasser.</l>
</sp>
<sp who="GUSMAN"><speaker>GUSMAN.</speaker>
	<l id="432">Pour être votre Maître il me faut abaisser,</l>
	<l id="433" part="i">Plaît-il ?</l>
</sp>
<sp who="LAZARILLE"><speaker>LAZARILLE.</speaker>
	<l id="433" part="m">Je vous l'avoue.</l>
</sp>
<sp who="GUSMAN"><speaker>GUSMAN.</speaker>
	<l id="433" part="f">Il est donc nécessaire,</l>
	<l id="434">Que chacun se maintienne en sa forme ordinaire, </l>
	<l id="435">Aussi bien tous vos soins me sont indifférents.</l>
	<l id="436" part="i">Fabrice !</l>
</sp>
<sp who="FABRICE"><speaker>FABRICE.</speaker>
	<l id="436" part="m">Monseigneur.</l>
</sp>
<sp who="GUSMAN"><speaker>GUSMAN.</speaker>
	<l id="436" part="f">Est-il bon près des Grands ?</l>
	<l id="437" part="i"> Le dois-je retenir ?</l>
</sp>
<sp who="FABRICE"><speaker>FABRICE.</speaker>
	<l id="437" part="f">Il en est beaucoup digne.</l>
</sp>
<sp who="GUSMAN"><speaker>GUSMAN.</speaker>
	<l id="438">N'êtes-vous point sujet au sirop de la vigne ?</l>
</sp>
<sp who="LAZARILLE"><speaker>LAZARILLE.</speaker>
	<l id="439">Quoi que je sois, Seigneur, vous le connaissez bien, </l>
	<l id="440">Votre esprit pénétrant n'ignorât jamais rien.</l>
</sp>
<sp who="GUSMAN"><speaker>GUSMAN.</speaker>
	<l id="441">Il est vrai, mais enfin quelquefois on oublie.</l>
</sp>
<sp who="LAZARILLE"><speaker>LAZARILLE.</speaker>
	<l id="442">Ah ! De votre Grandeur l'âme est trop accomplie.</l>
	<l id="443">Et quoique la vertu cherche à s'humilier,</l>
	<l id="444">Un esprit si fameux ne peut rien oublier.</l>
	<l id="445">Vous avez la science en un degré suprême.....</l>
</sp>
<sp who="GUSMAN"><speaker>GUSMAN.</speaker>
	<l id="446">Vous me connaissez mieux que je ne sais moi-même</l>
	<l id="447">Et les vertus qu'en moi vous trouvez à tous pas,</l>
	<l id="448">Sont de hautes vertus que je ne voyais pas.</l>
	<l id="449" part="i">Fabrice.</l>
</sp>
<sp who="FABRICE"><speaker>FABRICE.</speaker>
	<l id="449" part="m">Monseigneur.</l>
</sp>
<sp who="GUSMAN"><speaker>GUSMAN.</speaker>
	<l id="449" part="f">Cette fille vient-elle ?</l>
</sp>
<sp who="FABRICE"><speaker>FABRICE.</speaker>
	<l id="450" part="i">Non, Seigneur.</l>
</sp>
<sp who="GUSMAN"><speaker>GUSMAN.</speaker>
	<l id="450" part="f">Qu'elle est sotte ! Allons donc qu'on l'appelle !</l>**** Débitez !
	<l id="451">Débiteur de Phébus, c'est vous dont je fais choix,</l>
	<l id="452">Pour haranguer l'objet qui me met aux abois,</l>
	<l id="453">Et pour faire un portrait qui chatouille son âme,</l>
	<l id="454">Où vous représentiez la grandeur de ma flamme ;</l>
	<l id="455">Mais parlant de mes feux il se faut animer,</l>
	<l id="456">Et par votre discours la contraindre à m'aimer.</l>
</sp>
<sp who="LAZARILLE"><speaker>LAZARILLE.</speaker>
	<l id="457" part="i">Moi, Seigneur ? Ah ! Sachez...</l>
</sp>
<sp who="GUSMAN"><speaker>GUSMAN.</speaker>
	<l id="457" part="f">Je sais que je m'abaisse,</l>
	<l id="458">Mais l'esprit le plus ferme est sujet à faiblesse :</l>
	<l id="459">Forcer mon Excellence à me servir de vous,</l>
	<l id="460">Si c'est une folie, il en est de plus fous.</l>
	<l id="461">Surtout, à Stéphanie, étalez l'Ambassade,</l>
	<l id="462">Poussez-lui des soupirs, affectez la boutade,</l>
	<l id="463">Et faites-lui savoir par un terme attractif,</l>
	<l id="464">Que l'honneur de ma couche est un bien sensitif.</l>
</sp>
<sp who="LAZARILLE"><speaker>LAZARILLE.</speaker>
	<l id="465" part="i">Je m'acquitterai mal...</l>
</sp>
<sp who="GUSMAN"><speaker>GUSMAN.</speaker>
	<l id="465" part="m">Point, point.</l>
</sp>
<sp who="LAZARILLE"><speaker>LAZARILLE.</speaker>
	<l id="465" part="f">Ciel ! On l'amène !</l>
</sp>
<sp who="GUSMAN"><speaker>GUSMAN.</speaker>
	<l id="466" part="i">Disposez-vous ?</l>
</sp>
<sp who="LAZARILLE"><speaker>LAZARILLE.</speaker>
	<l id="466" part="m">Hélas !</l>
</sp>
<sp who="GUSMAN"><speaker>GUSMAN.</speaker>
	<l id="466" part="m">Bon, bon.</l>
</sp>
<sp who="LAZARILLE"><speaker>LAZARILLE.</speaker>
	<l id="466" part="f">Quelle est ma peine ?</l>
</sp>
</div2>
<div2 type="scene" n='3'><head>SCÈNE III. Ferdinand, Gusman, Lazarille, Stéphanie, Fabrice, Suite.</head> 
<sp who="FERDINAND"><speaker>FERDINAND.</speaker>
	<l id="467" part="i">Monseigneur, les respects...</l>
</sp>
<sp who="GUSMAN"><speaker>GUSMAN.</speaker>
	<l id="467" part="f">Monseigneur le langoureux,</l>
	<l id="468">Paix ; ce n'est pas de vous que je suis amoureux.</l>
</sp>
<sp who="FERDINAND"><speaker>FERDINAND.</speaker>
	<l id="469" part="i">Mais, Monseigneur l'espoir...</l>
</sp>
<sp who="GUSMAN"><speaker>GUSMAN.</speaker>
	<l id="469" part="f">Mais Monsieur, pas plus outre, </l>
	<l id="470">Je suis grand personnage, et malheur à qui m'outre.</l>
</sp>
<sp who="FERDINAND"><speaker>FERDINAND.</speaker>
	<l id="471" part="i">Ce n'est pas vous outrer...</l>
</sp>
<sp who="GUSMAN"><speaker>GUSMAN.</speaker>
	<l id="471" part="f">Ah vieux barbon têtu !</l>
	<l id="472">Qui fait en me parlant enrager ma vertu,</l>
	<l id="473">Porte plus loin l'odeur de ton nez qui renfrogne ;</l>
	<l id="474">Et vous le beau parleur faites votre besogne,</l>
	<l id="475" part="i">Dégoisez.</l>
</sp>
<sp who="LAZARILLE"><speaker>LAZARILLE.</speaker>
	<l id="475" part="m">Stéphanie, Hélas !</l>
</sp>
<sp who="GUSMAN"><speaker>GUSMAN.</speaker>
	<l id="475" part="f">Ah ! L'autre sot,</l>
	<l id="476">Qui tout d'abord soupire, et n'a dit qu'un seul mot.</l>
</sp>
<sp who="LAZARILLE"><speaker>LAZARILLE.</speaker>
	<l id="477">Ce digne Ambassadeur qui n'a rien que d'illustre,</l>
	<l id="478">Veut de sa passion augmenter votre lustre :</l>
	<l id="479">Il n'a pu résister à tant d'appas flatteurs, </l>
	<l id="480">Qui des coeurs les plus durs sont vos adorateurs :</l>
	<l id="481">Il n'a pu résister aux sensibles amorces</l>
	<l id="482">Qui maîtrisent notre âme, et surmontent ses forces :</l>
	<l id="483">Il n'a pu résister au pouvoir de vos yeux :</l>
	<l id="484" part="i">Il vous adore, hélas !</l>
</sp>
<sp who="GUSMAN"><speaker>GUSMAN.</speaker>
	<l id="484" part="f">Ce soupir là va mieux.</l>
	<l id="485">Mais c'est trop la flatter ; vantez-lui mon adresse,</l>
	<l id="486">Pour plaire à ma Grandeur surprenez la tendresse ;</l>
	<l id="487" part="i">Louez mon excellence.</l>
</sp>
<sp who="LAZARILLE"><speaker>LAZARILLE.</speaker>
	<l id="487" part="f">Il vous doit être doux,</l>
	<l id="488">De voir qu'un si grand homme ait de l'amour pour vous.</l>
	<l id="489">Jugez par ses vertus, par son rang, par sa mine,</l>
	<l id="490">De la gloire éclatante où le Ciel vous destine ;</l>
	<l id="491">Moi dont son Excellence a daigné faire choix,</l>
	<l id="492">Pour vous représenter qu'il révère vos lois,</l>
	<l id="493">Je devrais ressentir de la joie en mon âme ;</l>
	<l id="494">D'avoir pu le premier vous parler de sa flamme ;</l>
	<l id="495">Et mon coeur devrait être et tranquille, et content,</l>
	<l id="496">A l'aspect du bonheur qui déjà vous attend ;</l>
	<l id="497" part="i">Mais hélas !</l>
</sp>
<sp who="GUSMAN"><speaker>GUSMAN.</speaker>
	<l id="497" part="f">Mais hélas ! Soupirant incommode,</l>
	<l id="498">Des hélas éternels ne sont plus à la mode.</l>
</sp>
<sp who="LAZARILLE"><speaker>LAZARILLE.</speaker>
	<l id="499" part="i">Pleut-on parler d'amour sans qu'on soupire ?</l>
</sp>
<sp who="GUSMAN"><speaker>GUSMAN.</speaker>
	<l id="499" part="f">Non,</l>
	<l id="500">Mais il faut soupirer de plus d'une façon.</l>
	<l id="501">Pour bien complimenter contemplez-moi, Novice.</l>
	<l id="502">Hola, quasi ma femme, et presque Ambassadrice,</l>
	<l id="503">Venez ; car je vous aime, et je suis cependant </l>
	<l id="504">Ambassadeur d'Afrique, et bien Ambassadant ;</l>
	<l id="505">Mais contre vos attraits n'ayant point de parade,</l>
	<l id="506">Pour vous faire l'amour je me des-Ambassade :</l>
	<l id="507">Car des Ambassadeurs étant fort au dessous,</l>
	<l id="508">L'Ambassade est à cru quand on parle avec vous.</l>
	<l id="509">Aï ! De ce soupir, Patron que vous en semble ?</l>
</sp>
<sp who="LAZARILLE"><speaker>LAZARILLE.</speaker>
	<l id="510" part="i">Il est doux !</l>
</sp>
<sp who="GUSMAN"><speaker>GUSMAN.</speaker>
	<l id="510" part="m">Il est vrai, répondez donc.</l>
</sp>
<sp who="STÉPHANIE"><speaker>STÉPHANIE.</speaker>
	<l id="510" part="f">Je tremble.</l>
	<l id="511">Pour connaître aisément votre rang glorieux,</l>
	<l id="512">Il ne faut qu'un moment regarder dans vos yeux,</l>
	<l id="513">On y remarque un air qui de votre Excellence</l>
	<l id="514">Découvre les vertus, et fait voir la naissance :</l>
	<l id="515">Aussi, d'un rang si haut je ne sais trop le pouvoir,</l>
	<l id="516">Pour vouloir abuser du bonheur de vous voir,</l>
	<l id="517">Et j'en fais trop d'état pour oser jamais croire,</l>
	<l id="518">Que d'un honteux amour vous souilliez votre gloire.</l>
	<l id="519">Songez, Seigneur, songez que mon rang est trop bas,</l>
	<l id="520" part="i">Il vous faut...</l>
</sp>
<sp who="GUSMAN"><speaker>GUSMAN.</speaker>
	<l id="520" part="f">Mon enfant, je ne l'ignore pas ;</l>
	<l id="521">Je sais ce qu'il me faut, mais quoique je le sache,</l>
	<l id="522">Pour vous faire m'aimer je me fais une tache ;</l>
	<l id="523">Mais beauté printanière apprenez qu'il m'est doux,</l>
	<l id="524">D'être noir comme un Diable, et d'être aimé de vous.</l>
</sp>
<sp who="STÉPHANIE"><speaker>STÉPHANIE.</speaker>
	<l id="525" part="i">Mais un Ambassadeur vouloir...</l>
</sp>
<sp who="GUSMAN"><speaker>GUSMAN.</speaker>
	<l id="525" part="f">Point de scrupules,</l>
	<l id="526">Souvent les Grands Seigneurs sont les plus ridicules ;</l>
	<l id="527">Aussi donc votre esprit ne doit pas s'alarmer,</l>
	<l id="528">De voir mon Excellence avoir pu vous aimer.</l>
</sp>
<sp who="STÉPHANIE"><speaker>STÉPHANIE.</speaker>
	<l id="529" part="i">M'aimer ?</l>
</sp>
<sp who="GUSMAN"><speaker>GUSMAN.</speaker>
	<l id="529" part="f">Oui vous aimer, votre beauté m'enivre,</l>
	<l id="530">Vous me verriez mourir, si je cesais de vivre :</l>
	<l id="531">Car, par exemple, un homme, oui je tiens pour certain,</l>
	<l id="532">Qu'un homme qui se meurt est si près de la fin,</l>
	<l id="533">Qu'il s'en faut peu souvent que la mort ne l'attrape,</l>
	<l id="534">Et quand la mort nous tient rarement on échappe,</l>
	<l id="535">Partant si vous étiez insensible pour moi, </l>
	<l id="536">Vous me verriez mourir, et sans savoir pourquoi :</l>
	<l id="537">Mais si pour m'obliger vous vouliez vous résoudre,</l>
	<l id="538">A m'aimer tant soit peu, nous pourrions en découdre,</l>
	<l id="539">Et dès ce même jour l'un et l'autre conjoints,</l>
	<l id="540">À grossir notre race appliquer tous nos soins.</l>
</sp>
<sp stage="low" who='LAZARILLE'><speaker>LAZARILLE, bas.</speaker>
	<l id="541" part="i">Quel brutal !</l>
</sp>
<sp who="FERDINAND"><speaker>FERDINAND.</speaker>
	<l id="541" part="m">Sur ce point...</l>
</sp>
<sp who="GUSMAN"><speaker>GUSMAN.</speaker>
	<l id="541" part="f">Hibou, dont le coeur gronde, </l>
	<l id="542" part="i">Taisez-vous.</l>
</sp>
<sp who="FERDINAND"><speaker>FERDINAND.</speaker>
	<l id="542" part="f">Sur ce point il faut que je réponde.</l>
</sp>
<sp who="GUSMAN"><speaker>GUSMAN.</speaker>
	<l id="543" part="i">Paix, vous dis-je.</l>
</sp>
<sp who="FERDINAND"><speaker>FERDINAND.</speaker>
	<l id="543" part="m">Seigneur...</l>
</sp>
<sp who="GUSMAN"><speaker>GUSMAN.</speaker>
	<l id="543" part="f">C'est trop Seigneurier,</l>*************
	<l id="544">Je suis ambassadeur, et me veux marier.</l>
</sp>
<sp who="LAZARILLE"><speaker>LAZARILLE.</speaker>
	<l id="545" part="i">Mais Seigneur comme père il faut...</l>
</sp>
<sp who="GUSMAN"><speaker>GUSMAN.</speaker>
	<l id="545" part="f">Monsieur son plege,</l>*************
	<l id="546"> Loin de vous accorder un plus grand privilège,</l>
	<l id="547">Je suis votre ennemi si pour lui vous parlez ;</l>
	<l id="548">Pour vous la belle Alix parlez si vous voulez.</l>
</sp>
<sp who="STÉPHANIE"><speaker>STÉPHANIE.</speaker>
	<l id="549">Un hymen entre nous a si peu d'apparence,</l>
	<l id="550">Que je n'ose, Seigneur en former l'espérance ;</l>
	<l id="551">Vous pouvez donc prétendre en me faisant la Cour,</l>
	<l id="552">D'attirer des respects, et non pas de l'amour.</l>
	<l id="553" part="i">Vous m'aimez ? Vous, Seigneur ? Moi qui suis...</l>
</sp>
<sp who="GUSMAN"><speaker>GUSMAN.</speaker>
	<l id="553" part="f">Esprit cruche,</l>
	<l id="554">Nourrisson d'un vieillard qui semble une guenuche,</l>
	<l id="555">Après que noblement j'ai dépeint mon ardeur,</l>
	<l id="556">N'a-t-elle encore pu pénétrer votre coeur ?</l>
	<l id="557">Je vous aime, vous dis-je, et mon âme abattue,</l>
	<l id="558">Cède au cruel effort de l'amour qui me tue,</l>
	<l id="559">Et je suis à présent, tel que des Matelots</l>
	<l id="560">Que le destin expose à la merci des flots,</l>
	<l id="561">Et qui sur le dos vert du compère Neptune,</l>
	<l id="562">Pensent journellement établir leur fortune,</l>
	<l id="563">Quand au malheur pour eux un vent rude et fatal,</l>
	<l id="564">Enfle... rompt... calme... brise... enfin je suis fort mal.</l>
	<l id="565">Douterez-vous encore que je cherche à vous plaire,</l>
	<l id="566">Puisque je vous étale une preuve si claire ?</l>
	<l id="567">Et m'allèguerez-vous de vos sottes raisons,</l>
	<l id="568">Puisque je vous confonds par des comparaisons ?</l>
</sp>
<sp who="STÉPHANIE"><speaker>STÉPHANIE.</speaker>
	<l id="569">Il suffit, un grand coeur n'est jamais hypocrite ;</l>
	<l id="570">Mais, Seigneur, quand je songe à mon faible mérite,</l>
	<l id="571">Je crois peu, quelques feux dont vous soyez épris,</l>
	<l id="572">Qu'un Esprit si sublime ait pu s'être mépris.</l>
	<l id="573">Donc si votre Excellence a pour moi quelque zèle,</l>
	<l id="574">Souffrez qu'elle m'en donne une marque plus belle,</l>
	<l id="575">Et cachant ce qu'en vous je dois voir de suspect,</l>
	<l id="576">Faites naître un amour qui succède au respect.</l>
<stage type="exit">Elle sort.</stage>
</sp>
<sp who="FERDINAND"><speaker>FERDINAND.</speaker>
	<l id="577">Monseigneur, excusez si pour m'être fidèle...</l>
</sp>
<sp who="GUSMAN"><speaker>GUSMAN.</speaker>
	<l id="578">Tu peux suivre sa piste et courir après elle.</l>
</sp>
<sp who="FERDINAND"><speaker>FERDINAND.</speaker>
	<l id="579" part="i">Mais...</l>
</sp>
<sp who="GUSMAN"><speaker>GUSMAN.</speaker>
	<l id="579" part="m">Mais.</l>
</sp>
<sp who="LAZARILLE"><speaker>LAZARILLE.</speaker>
	<l id="579" part="m">Et quoi, Seigneur, faut-il ?...</l>
</sp>
<sp who="GUSMAN"><speaker>GUSMAN.</speaker>
	<l id="579" part="f">Est-ce à ton tour</l>
	<l id="580">À me rompre la tête, Interprète d'amour !</l>
</sp>
<sp who="FERDINAND"><speaker>FERDINAND.</speaker>
	<l id="581" part="i">Comme ami...</l>
</sp>
<sp who="GUSMAN"><speaker>GUSMAN.</speaker>
	<l id="581" part="f">Comme ami....Sais-tu bien que j'abonde ?....</l>
	<l id="582">Sors te dis-je : Et pour toi. Belzébuth te confonde.</l>
	<l id="583" part="i">Bonjour.</l>
</sp>
</div2>
<div2 type="scene" n='4'><head>SCÈNE IV. Lazarille, Fabrice.</head>
<sp who="LAZARILLE"><speaker>LAZARILLE.</speaker>
	<l id="583" part="f">Quoi donc cet homme à qui rien n'est égal,</l>
	<l id="584">A si peu de vertus et paraît si brutal ?</l>
	<l id="585">C'est là ce rare Esprit à qui l'on rend hommage,</l>
	<l id="586">Qui d'un grand Potentat représente l'Image ?</l>
	<l id="587">Et tu m'oses parler d'étouffer mon amour ? </l>
	<l id="588">Et tu peux te résoudre à lui faire la Cour ?</l>
	<l id="589">Toi qui m'as dit cent fois que tu hais la bassesse,</l>
	<l id="590">Tu peux par complaisance applaudir sa faiblesse ?</l>
	<l id="591">Sa grandeur t'éblouit, et tu n'aperçois pas, </l>
	<l id="592">Qu'avec toute sa pompe il n'a rien que de bas :</l>
	<l id="593">Si d'abord j'ai souri aux souhaits de ce rustre,</l>
	<l id="594">J'ai cru qu'un rang suprême occupait un Illustre ;</l>
	<l id="595">Mais je prends de l'audace en quittant mon erreur,</l>
	<l id="596">Puisque tout son mérite est d'avoir du bonheur.</l>
	<l id="597" part="i">Ce coeur farouche....</l>
</sp>
<sp who="FABRICE"><speaker>FABRICE.</speaker>
	<l id="597" part="f">Ami, sois un peu moins crédule,</l>
	<l id="598">C'est à force d'aimer qu'il paraît ridicule,</l>
	<l id="599">Et je vois aisément par un tel procédé,</l>
	<l id="600">La violente ardeur dont il est obsédé.</l>
	<l id="601">Si tu pouvais l'entendre au moment qu'il s'explique,</l>
	<l id="602">Et qu'il parle au profit de la chose publique,</l>
	<l id="603">Ton oreille charmée, et tes sens interdits,</l>
	<l id="604">Deviendront les garants de ce que je te dis.</l>
</sp>
</div2>
<div2 type="scene" n='5'><head>SCÈNE V. Gusman, Lazarille, Fabrice.</head>
<sp stage="dress" who='GUSMAN'><speaker>GUSMAN, en habit de valet.</speaker>
	<l id="605" part="i">Monsieur, je viens...</l>
</sp>
<sp who="FABRICE"><speaker>FABRICE.</speaker>
	<l id="605" part="f">Tantôt tu me diras le reste.</l>
</sp>
<sp who="LAZARILLE"><speaker>LAZARILLE.</speaker>
	<l id="606">Quel qu'il soit à son sort je veux être funeste,</l>
	<l id="607">De cet Ambassadeur je méprise le rang,</l>
	<l id="608">Je prétends lui planter un poignard dans le flanc.</l>
</sp>
<sp stage="low" who='GUSMAN'><speaker>GUSMAN, bas.</speaker>
	<l id="609" part="i">Fi.</l>
</sp>
<sp who="LAZARILLE"><speaker>LAZARILLE.</speaker>
	<l id="609" part="f">Qu'il soit généreux, qu'il ait l'esprit sublime,</l>
	<l id="610">Que chacun le respecte, et que chacun l'estime,</l>
	<l id="611">Pour souffrir que ce bras lui devienne fatal,</l>
	<l id="612">Il suffit qu'il m'outrage, et qu'il soit mon Rival.</l>
	<l id="613">Il verra ce que c'est qu'attaquer Lazarille.</l>
</sp>
<sp stage="low" who='GUSMAN'><speaker>GUSMAN, bas.</speaker>
	<l id="614">Diable, que j'ai bien fait de quitter la Roupille.</l>
</sp>
<sp who="FABRICE"><speaker>FABRICE.</speaker>
	<l id="615" part="i">Mais considère Ami.....</l>
</sp>
<sp who="LAZARILLE"><speaker>LAZARILLE.</speaker>
	<l id="615" part="f">Tout est considéré,</l>
	<l id="616">Mon voyage à Tolède est déjà différé :</l>
	<l id="617">Dans l'état où je suis je n'ai plus d'autre ennuie,</l>
	<l id="618">Que d'assouvir ma rage aux dépens de sa vie.</l>
	<l id="619">Et s'il était ici dans ce même moment,</l>
	<l id="620">Je saurais l'immoler à mon ressentiment.</l>
</sp>
<sp who="GUSMAN"><speaker>GUSMAN.</speaker>
	<l id="621" part="i">Monsieur : ah !</l>
</sp>
<sp who="FABRICE"><speaker>FABRICE.</speaker>
	<l id="621" part="m">Ne crains rien.</l>
</sp>
<sp who="GUSMAN"><speaker>GUSMAN.</speaker>
	<l id="621" part="f">S'il me jette une oeillade,</l>
	<l id="622">Et qu'il remarque en moi quelques traits d'Ambassade.</l>
</sp>
<sp who="FABRICE"><speaker>FABRICE.</speaker>
	<l id="623">Cède, cède à celui qui combat ton ardeur,</l>
	<l id="624">Souviens-toi que d'Afrique il est Ambassadeur.</l>
	<l id="625" part="i">Songe...</l>
</sp>
<sp who="LAZARILLE"><speaker>LAZARILLE.</speaker>
	<l id="625" part="f">Pour m'apaiser vainement tu t'efforces,</l>
	<l id="626">Loin d'éteindre mon feu tu redoubles ses forces,</l>
	<l id="627">Et si tu n'avais pas la bonté de m'aimer,</l>
	<l id="628">C'est toi qui contre lui me devrais animer.</l>
	<l id="629">Puis-je ne un même jour sans mourir de tristesse, </l>
	<l id="630">Savoir la mort d'un Père et perdre une Maîtresse ?</l>
	<l id="631">Non, non quelques effets qu'il en puisse avenir,</l>
	<l id="632">L'ambassadeur me choque, et je veux l'en punir.</l>
	<l id="633">Toi qui de ce Rival a vu naître la flamme,</l>
	<l id="634">Ôtes si tu le peux ce dessein de son âme ;</l>
	<l id="635">Sinon sa mort est sûre, et je te le promets.</l>
	<l id="636" part="i">Adieu.</l>
</sp>
</div2>
<div2 type="scene" n='6'><head>SCÈNE VI. Fabrice, Gusman.</head>
<sp who="GUSMAN"><speaker>GUSMAN.</speaker>
	<l id="636" part="f">Vas-t'en au Diable, et ne reviens jamais.</l>
	<l id="637">Peste quel avaleur de pois gris ! Dans sa bouche </l>
	<l id="638">Je ne ferais non plus que ferait une mouche.</l>
</sp>
<sp who="FABRICE"><speaker>FABRICE.</speaker>
	<l id="639">D'un autre stratagème il nous faut effrayer :</l>
	<l id="640">Car, suivant ma pensée, il vient de t'effrayer,</l>
	<l id="641">Et tu ne veux plus être Ambassadeur d'Afrique ?</l>
</sp>
<sp who="GUSMAN"><speaker>GUSMAN.</speaker>
	<l id="642" part="i">Ci-fait.</l>
</sp>
<sp who="FABRICE"><speaker>FABRICE.</speaker>
	<l id="642" part="f">A m'obliger, ton soin si fort s'applique ?</l>
</sp>
<sp who="GUSMAN"><speaker>GUSMAN.</speaker>
	<l id="643" part="i">Et quoi donc !</l>
</sp>
<sp who="FABRICE"><speaker>FABRICE.</speaker>
	<l id="643" part="f">Dès ce soir, tu peux donc, cher Valet....</l>
</sp>
<sp who="GUSMAN"><speaker>GUSMAN.</speaker>
	<l id="644">Vous souhaiter au Diable avec l'autre Argoulet.</l>*****
	<l id="645">Que votre esprit est prête aux desseins qu'il se forge :</l>
	<l id="646">Qu'au couteau d'un meurtrier j'aille tendre la gorge,</l>
	<l id="647">Et que dans un amour qui me touche fort peu,</l>
	<l id="648">Quand le coeur vous en dit, je sois mis sur le jeu ;</l>
	<l id="649">Nescio vos, Seigneur, car Gusman n'est pas homme,</l>
	<l id="650">Qui pour votre plaisir soit content qu'on l'assomme,</l>
	<l id="651">Et puisqu'en votre amour vous n'êtes pas plus Grec,</l>
	<l id="652">Pour des Ambassadeurs torchez-en vous le bec.</l>
</sp>
<sp who="FABRICE"><speaker>FABRICE.</speaker>
	<l id="653">L'intrigue être si belle, et ne pas la poursuivre !</l>
</sp>
<sp who="GUSMAN"><speaker>GUSMAN.</speaker>
	<l id="654">Vouloir obstinément que je cesse de vivre !</l>
</sp>
<sp who="FABRICE"><speaker>FABRICE.</speaker>
	<l id="655" part="i">Mais Gusman...</l>
</sp>
<sp who="GUSMAN"><speaker>GUSMAN.</speaker>
	<l id="655" part="f">Mais, Monsieur, je ne suis point d'avis,</l>
	<l id="656">De me faire étrier dessous de beaux habits.</l>
</sp>
<sp who="FABRICE"><speaker>FABRICE.</speaker>
	<l id="657">Quel plaisir peux-tu prendre à commettre ces fautes ?</l>
</sp>
<sp who="GUSMAN"><speaker>GUSMAN.</speaker>
	<l id="658">Un plus grand que de voir qu'on me brise les côtes,</l>
	<l id="659">Car qui d'un coup motel me ferait un présent,</l>
	<l id="660">Me ferait ce me semble un plaisir peu plaisant.</l>
</sp>
<sp who="FABRICE"><speaker>FABRICE.</speaker>
	<l id="661">Au moins sois-moi propice au dessein que j'invente,</l>
	<l id="662">De l'Hôte à mon Rival tu connais la servante ?</l>
</sp>
<sp who="GUSMAN"><speaker>GUSMAN.</speaker>
	<l id="663" part="i">À peu près.</l>
</sp>
<sp who="FABRICE"><speaker>FABRICE.</speaker>
	<l id="663" part="f">Tu sais bien si par quelque Louis,</l>
	<l id="664">On peut charmer ses yeux et les rendre éblouis.</l>
	<l id="665">Et si dans mon dessein je me puis servir d'elle.</l>
</sp>
<sp who="GUSMAN"><speaker>GUSMAN.</speaker>
	<l id="666">Préparer de l'argent, c'est une bagatelle,</l>
	<l id="667" part="i">On la baise gratis.</l>
</sp>
<sp who="FABRICE"><speaker>FABRICE.</speaker>
	<l id="667" part="f">Réponds mieux à mon sens,</l>
	<l id="668">Et sois plus favorable à l'ardeur que je sens.</l>
	<l id="669">Ma plus pressante envie est de voir Lazarille,</l>
	<l id="670">Quitter l'Andalousie et marcher en Castille,</l>
	<l id="671">Tandis que Stéphanie écoutant mes soupirs,</l>
	<l id="672">Deviendra plus sensible à mes justes désirs ;</l>
	<l id="673">Pour donc précipiter son voyage de Tolède,</l>
	<l id="674">Voyons cette servante, et demandons son aide.</l>
	<l id="675">Mais avant que Gusman fasse rien de nouveau,</l>
	<l id="676">Je veux le faire boire à regorge museau.</l>
</sp>
<sp who="GUSMAN"><speaker>GUSMAN.</speaker>
	<l id="677" part="i">De quel vin.</l>
</sp>
<sp who="FABRICE"><speaker>FABRICE.</speaker>
	<l id="677" part="m">Du meilleur.</l>
</sp>
<sp who="GUSMAN"><speaker>GUSMAN.</speaker>
	<l id="677" part="f">Vous avez bien la mine,</l>
	<l id="678">De me faire avaler de ce casse poitrine,</l>
	<l id="679">De ce vin baptisé, que l'on donne aux laquais,</l>
	<l id="680">Qui fait du mal au ventre, et n'enivre jamais.</l>
</sp>
<sp who="FABRICE"><speaker>FABRICE.</speaker>
	<l id="681">Point, je veux que ce soir tu manges à ma table.</l>
</sp>
<sp who="GUSMAN"><speaker>GUSMAN.</speaker>
	<l id="682" part="i">Moi ?</l>
</sp>
<sp who="FABRICE"><speaker>FABRICE.</speaker>
	<l id="682" part="m">Toi.</l>
</sp>
<sp who="GUSMAN"><speaker>GUSMAN.</speaker>
	<l id="682" part="f">Pour vous servir j'affronterai le Diable.</l>
	<l id="683">Allons jeter les yeux sur des mets délicats,</l>
	<l id="684">Et caressons ensemble et les pots et les plats.</l>
</sp>
</div2>
</div1>
<div1 type="act" n='3'><head>ACTE III</head>
<div2 type="scene" n='1'><head>SCÈNE PREMIÈRE. Henriquez, Le Servante.</head>
<sp who='LA SERVANTE'><speaker>LA SERVANTE.</speaker>
	<l id="685">Monsieur, vous voyez bien qu'étant l'heure qu'il est,</l>
	<l id="686">On se loge où l'on peut, et non où l'on se plaît,</l>
	<l id="687">Dans cette Hôtellerie aucun bouge ne chôme,</l>
	<l id="688">Et je ne pense pas que dans tout le Royaume</l>
	<l id="689">On rencontre un Hôtel qui soit plus fréquenté,</l>
	<l id="690">Dans un logis si grand un lit seul est resté ;</l>
	<l id="691">Des deux que vous voyez, le lit vert est le votre,</l>
	<l id="692">Un jeune homme habillé repose dessus l'autre,</l>
	<l id="693">Il est plein de tristesse, allez au petit pas,</l>
	<l id="694">Et faites s'il se peut qu'il ne s'éveille pas.</l>
</sp>
<sp who="HENRIQUEZ"><speaker>HENRIQUEZ.</speaker>
	<l id="695">Puisque dans le lit vert il faut que je repose,</l>
	<l id="696">De vos soins cette nuit je ne veux autre chose,</l>
	<l id="697">Emportez la chandelle, et me laissez ici.</l>
</sp>
<sp who="LA SERVANTE"><speaker>LA SERVANTE.</speaker>
	<l id="698" part="i">Et vous déshabiller ?</l>
</sp>
<sp who="HENRIQUEZ"><speaker>HENRIQUEZ.</speaker>
	<l id="698" part="f">N'ayez point ce souci.</l>
</sp>
<sp who="LA SERVANTE"><speaker>LA SERVANTE.</speaker>
	<l id="699" part="i">Mais vous ne verrez goutte, et je crains...</l>
</sp>
<sp who="HENRIQUEZ"><speaker>HENRIQUEZ.</speaker>
	<l id="699" part="f">Il n'importe,</l>
	<l id="700">Laissez-moi seul vous dis-je, et fermez cette porte.</l>
	<l id="701">Surtout n'oubliez pas d'aller chez Ferdinand.</l>
</sp>
<sp who="LA SERVANTE"><speaker>LA SERVANTE.</speaker>
	<l id="702">Il suffit, son logis est du notre attenant,</l>
	<l id="703">Je ne vous promets rien qu'aisément je ne tienne.</l>
</sp>
<sp who="HENRIQUEZ"><speaker>HENRIQUEZ.</speaker>
	<l id="704">Il faut qu'un grand matin faire en sorte qu'il vienne,</l>
	<l id="705">Et que de Stéphanie il soit accompagné.</l>
</sp>
<sp who="LA SERVANTE"><speaker>LA SERVANTE.</speaker>
	<l id="706">c'est assez que vous m'ayez enseigné</l>
	<l id="707" part="i">Ce qu'il faut faire.</l>
</sp>
<sp who="HENRIQUEZ"><speaker>HENRIQUEZ.</speaker>
	<l id="707" part="m">Allez.</l>
</sp>
<sp who="LA SERVANTE"><speaker>LA SERVANTE.</speaker>
	<l id="707" part="m">J'obéis.</l>
</sp>
</div2>
<div2 type="scene" n='2'><head>SCÈNE II.</head>
<sp stage="alone" who='HENRIQUEZ'><speaker>HENRIQUEZ, seul.</speaker>
	<l id="707" part="f">La courtière </l>
	<l id="708">Qui du flambeau du jour commence la carrière,</l>
	<l id="709">N'est pas encore prête à faire son retour,</l>
	<l id="710">Il faut donc dans ce lieu que j'attende le jour,</l>
	<l id="711">Et que dessus ce lit je fasse un petit somme :</l>
	<l id="712">Mais de peur qu'en marchant je n'éveille cet homme,</l>
	<l id="713">A ne pas le troubler appliquons notre effort,</l>
	<l id="714">Et cédons au pouvoir du frère de la mort.</l>
</sp>
</div2>
<div2 type="scene" n='3'><head>SCÈNE III. Lazarille, Henriquez endormis, Gusman faisant l'Esprit.</head> 
<sp who='GUSMAN'><speaker>GUSMAN.</speaker>
	<l id="715">Peste tout tourne, où suis-je ? Ô Cambrouse endiablée !</l>****
	<l id="716">Qui pour quatre Louis rend ma tête troublée,</l>
	<l id="717">Que Lucifer t'emporte avec ton chien de trou,</l>
	<l id="718">Qui n'est qu'un engin propre à me tordre le cou,</l>
	<l id="719">Je ne puis manier cette lanterne sourde,</l>
	<l id="720">Fallait-il faire Esprit une tête si lourde,</l>
	<l id="721">Loin d'être courageux, je crains une vapeur,</l>
	<l id="722">Et je tremble de peur de donner de la peur, </l>
	<l id="723">Pourtant quoi que je fasse il faut tout entreprendre,</l>
	<l id="724">Sinon pour en donner en tout cas pour en prendre.</l>
	<l id="725">Voyons, mon fils, ton Père Henriquez de Galas,</l>
	<l id="726">Mourut le même jour qu'arriva son trépas :</l>
	<l id="727">Or comme il ne vis plus et qu'il est sous la tombe,</l>
	<l id="728">De peur que chez le Diable en peu d'heure il ne tombe,</l>
	<l id="729">Il faut sans balancer que tu partes demain,</l>
	<l id="730">Pour rendre mille écus dérobez de ma main ;</l>
	<l id="731" part="i">Mais réponds à ma voix, c'est ton père...</l>
</sp>
<sp who="LAZARILLE"><speaker>LAZARILLE.</speaker>
	<l id="731" part="f">Ah ! Mon Père,</l>
	<l id="732">Dont le trépas funeste à causé ma misère, </l>
	<l id="733" part="i">Demeurez.</l>
</sp>
<sp who="GUSMAN"><speaker>GUSMAN.</speaker>
	<l id="733" part="m">Quelque sot.</l>
</sp>
<sp who="LAZARILLE"><speaker>LAZARILLE.</speaker>
	<l id="733" part="m">Vous fuyez.</l>
</sp>
<sp who="GUSMAN"><speaker>GUSMAN.</speaker>
	<l id="733" part="f">Je sais bien,</l>
	<l id="734">Aussi bien avec toi je ne gagnerais rien.</l>
</sp>
<sp who="LAZARILLE"><speaker>LAZARILLE.</speaker>
	<l id="735" part="i">Pourquoi me fuir ?</l>
</sp>
<sp who="GUSMAN"><speaker>GUSMAN.</speaker>
	<l id="735" part="f">À tort son esprit s'embarrasse,</l>
	<l id="736">Je fais le même bien que je veux qu'on me fasse,</l>
	<l id="737">Ne m'approche non plus que je veux t'approcher.</l>
</sp>
<sp who="LAZARILLE"><speaker>LAZARILLE.</speaker>
	<l id="738">Peut-être ici quelqu'un est venu se cacher,</l>
	<l id="739" part="i">Cherchons.</l>
</sp>
<sp who="GUSMAN"><speaker>GUSMAN.</speaker>
	<l id="739" part="f">Où faudra-il qu'à présent je me niche,</l>
	<l id="740">Si tantôt chaque coup vaut écu, je suis riche,</l>
	<l id="741">Je vais être assommé s'il me peut entrevoir.</l>
</sp>
<sp who="LAZARILLE"><speaker>LAZARILLE.</speaker>
	<l id="742"> Rien ne s'offre à mes yeux que pour me décevoir,</l>
	<l id="743">Et dans l'abîme affreux où mon malheur me plonge,</l>
	<l id="744">Je ne vois rien de vrai que l'image d'un songe,</l>
	<l id="745">Afin que ma douleur puisse un peu s'apaiser,</l>
	<l id="746">Encore quelques moments tâchons de reposer,</l>
	<l id="747">Et gardons à causer du trouble aux autres chambres.</l>
</sp>
<sp who="GUSMAN"><speaker>GUSMAN.</speaker>
	<l id="748">Je ne prétendais pas remporter tous mes membres,</l>
	<l id="749">Et pour m'empêcher d'être Henriquez de Gallas,</l>
	<l id="750">J'aurais volontiers mis les oreilles à bas ;</l>
	<l id="751">Qu'un poltron a de peine à donner de la crainte !</l>
	<l id="752">Emploi de faire peur je te prends par contrainte ;</l>
	<l id="753">Pourtant tu n'as pas lieu de te plaindre de moi,</l>
	<l id="754">Tu veux épouvanter, épouvantable emploi ;</l>
	<l id="755">Et pour mieux faire voir que ta force est extrême,</l>
	<l id="756">Qui te doit exercer épouvante lui-même,</l>
	<l id="757">A parler franchement l'avantage est petit,</l>
	<l id="758">D'avoir peu de cervelle et de faire de l'Esprit,</l>
	<l id="759">Ou plutôt jusqu'ici l'aventure est nouvelle,</l>
	<l id="760">De trouver un esprit qui n'a point de cervelle.</l>
	<l id="761">Coeur poltron, sois coeur brave et t'arme jusqu'au point,</l>
	<l id="762">De donner de la peur et de n'en prendre point,</l>
	<l id="763">En faveur de Fabrice, ô coeur prends cette peine,</l>
	<l id="764">Sois moins coeur de Gusman, que coeur de Capitaine,</l>
	<l id="765">Ou bien à ce dormeur fais connaître à son dam,</l>
	<l id="766">Un coeur de Capitaine en un coeur de Gusman ;</l>
	<l id="767">Me le promets-tu coeur ? Oui j'entends ta réponse,</l>
	<l id="768">Déjà le nez m'en enfle, et le sourcil m'en fronce,</l>
	<l id="769">Et ta haute assurance assure assurément,</l>
	<l id="770">Un trembleur qui tremblait d'avoir du tremblement</l>
	<l id="771">Pour la seconde fois faisons peur. Lazarille,</l>
	<l id="772">Quiconque fait un fils ne fait pas une fille,</l>
	<l id="773">Si bien que je conclus qu'alors que je te fis,</l>
	<l id="774">Ne faisant point de fille, il fallut faire un fils.</l>
	<l id="775">Pour donc à mon repos être utile et prospère,</l>
	<l id="776">Il faut restituer les larcins de ton Père,</l>
	<l id="777">Et partir de Séville à la pointe du jour,</l>
	<l id="778">Pour aller à Tolède établir ton séjour.</l>
	<l id="779" part="i">Ton père...</l>
</sp>
<sp who="LAZARILLE"><speaker>LAZARILLE.</speaker>
	<l id="779" part="f">Quoi, mon Père ? Ah ! Si mon sort vous touche,</l>
	<l id="780">Pour dire encore un mot, daignez ouvrir la bouche,</l>
	<l id="781">Adoucissez l'ennui dont je suis travaillé,</l>
	<l id="782" part="i">Parlez.</l>
</sp>
<sp who="GUSMAN"><speaker>GUSMAN.</speaker>
	<l id="782" part="f">Adieu le coeur, puisqu'il est éveillé.</l>
</sp>
<sp who="LAZARILLE"><speaker>LAZARILLE.</speaker>
	<l id="783">En quel trouble mon âme est-elle ensevelie ?</l>
	<l id="784" part="i">Ô bizarre destin ! Sort fatal !</l>
</sp>
<sp who="GUSMAN"><speaker>GUSMAN.</speaker>
	<l id="784" part="f">C'est folie,</l>
	<l id="785">Pour animer mon coeur j'ai beau faire un effort,</l>
	<l id="786">Je ne suis point vaillant si ce n'est quand il dort.</l>
</sp>
<sp who="LAZARILLE"><speaker>LAZARILLE.</speaker>
	<l id="787">Au moins permettez donc que mon oeil se défile, </l>
	<l id="788">Et cessez s'il se peut d'affliger Lazarille.</l>
</sp>
<sp who="HENRIQUEZ"><speaker>HENRIQUEZ.</speaker>
	<l id="789">Lazarille, bons Dieux ! Où je suis insensé ;</l>
	<l id="790">Où ce nom dans ce lieu vient d'être prononcé.</l>
</sp>
<sp who="LAZARILLE"><speaker>LAZARILLE.</speaker>
	<l id="791">Je souhaite une chose impossible,</l>
	<l id="792">Qui n'est plus ce qu'un esprit ne peut être visible :</l>
	<l id="793">Mais à mon triste sort soyez moins endurci,</l>
	<l id="794">Et dites pour le moins si vous êtes ici.</l>
</sp>
<sp who="HENRIQUEZ"><speaker>HENRIQUEZ.</speaker>
	<l id="795" part="i">Oui, j'y suis Lazarille.</l>
</sp>
<sp who="GUSMAN"><speaker>GUSMAN.</speaker>
	<l id="795" part="f">Ô surprise effroyable !</l>
	<l id="796">Les Enfers pour me perdre ont vomi quelque Diable, </l>
	<l id="797">Qui pour venger ma fourbe employant ses efforts,</l>
	<l id="798">Châtiera mon esprit aux dépens de mon corps.</l>
	<l id="799" part="i">Adieu Gusman.</l>
</sp>
<sp who="LAZARILLE"><speaker>LAZARILLE.</speaker>
	<l id="799" part="f">Suffit, mais soulagez ma peine,</l>
	<l id="800">Dites si dans ce lieu c'est moi qui vous amène.</l>
</sp>
<sp who="HENRIQUEZ"><speaker>HENRIQUEZ.</speaker>
	<l id="801" part="i">Nullement.</l>
</sp>
<sp who="GUSMAN"><speaker>GUSMAN.</speaker>
	<l id="801" part="f">En effet, Belzébuth je le crois,</l>
	<l id="802">Tu ne viens pas pour lui, tu ne viens que pour moi.</l>
</sp>
<sp who="LAZARILLE"><speaker>LAZARILLE.</speaker>
	<l id="803">Enfin donc ma douleur à votre âme soumise,</l>
	<l id="804">De pouvoir vous toucher la faveur m'est permise,</l>
	<l id="805" part="i">Je vous tiens.</l>
</sp>
<sp who="GUSMAN"><speaker>GUSMAN.</speaker>
	<l id="805" part="f">Pauvre Esprit ! Où te fourreras-tu ?</l>
</sp>
<sp who="LAZARILLE"><speaker>LAZARILLE.</speaker>
	<l id="806">Vous voyez Lazarille à vos pieds abattu,</l>
	<l id="807">Je veux vous obéir, rien ne m'est difficile,</l>
	<l id="808">Je sais que vous voulez que je quitte Séville,</l>
	<l id="809">J'y consens pour vous plaire, et immole en ce jour,</l>
	<l id="810">M'amour à la nature, et moi-même à l'amour.</l>
</sp>
<sp who="HENRIQUEZ"><speaker>HENRIQUEZ.</speaker>
	<l id="811" part="i">Quel discours ambigu ?</l>
</sp>
<sp who="GUSMAN"><speaker>GUSMAN.</speaker>
	<l id="811" part="f">Que le Diable te gratte,</l>
	<l id="812">Grâce au bon Jupiter je suis hors de ta patte, </l>
	<l id="813" part="i">Attrapons quelque coin.</l>
</sp>
<sp who="HENRIQUEZ"><speaker>HENRIQUEZ.</speaker>
	<l id="813" part="f">Je te tiens mon cher fils.</l>
</sp>
<sp who="GUSMAN"><speaker>GUSMAN.</speaker>
	<l id="814">Je plus infortuné de la troupe d'Esprits,</l>
	<l id="815" part="i">Où t'es-tu là rangé ?</l>
</sp>
<sp who="HENRIQUEZ"><speaker>HENRIQUEZ.</speaker>
	<l id="815" part="f">Quel ennui te possède ?</l>
	<l id="816">Il est vrai que je veux te revoir à Tolède :</l>
	<l id="817">Mais loin qu'en tes projets je te veuille trahir,</l>
	<l id="818">Obéir à l'amour c'est assez m'obéir.</l>
</sp>
<sp who="GUSMAN"><speaker>GUSMAN.</speaker>
	<l id="819" part="i">Enfilons la venelle.</l>*****
</sp>
<sp who="LAZARILLE"><speaker>LAZARILLE.</speaker>
	<l id="819" part="f">Ô fortune prospère,</l>
	<l id="820">Obéir à l'amour, c'est vous plaire mon père,</l>
</sp>
<sp who="HENRIQUEZ"><speaker>HENRIQUEZ.</speaker>
	<l id="821" part="i">Sans doute.</l>
</sp>
<sp who="GUSMAN"><speaker>GUSMAN.</speaker>
	<l id="821" part="f">En quel endroit pourrait être mon trou,</l>
	<l id="822">Si j'ouvre ma lanterne ils me rompent le cou,</l>
	<l id="823">Il faut donc se résoudre, ô trop sourde lanterne,</l>
	<l id="824">A ne pas ouvrir de peur qu'on me discerne.</l>
</sp>
<sp who="HENRIQUEZ"><speaker>HENRIQUEZ.</speaker>
	<l id="825" part="i">Parle-moi.</l>
</sp>
<sp who="LAZARILLE"><speaker>LAZARILLE.</speaker>
	<l id="825" part="f">pour répondre à l'amour paternel,</l>
	<l id="826">Je dois vous souhaiter un repos éternel ;</l>
	<l id="827">Et qu'à mes voeux ardents le Ciel étant propice,</l>
	<l id="828">Vous sentiez sa clémence, et non pas sa justice.</l>
</sp>
<sp who="HENRIQUEZ"><speaker>HENRIQUEZ.</speaker>
	<l id="829">C'est mal prendre son temps pour ce triste propos.</l>
</sp>
<sp who="GUSMAN"><speaker>GUSMAN.</speaker>
	<l id="830">Quelle grêle de coups va tomber sur mon dos.</l>
	<l id="831">C'est bien fait, aussi bien je suis trop téméraire,</l>
	<l id="832">Et j'eus trop peu d'esprit quand je le voulus faire.</l>
</sp>
<sp who="LAZARILLE"><speaker>LAZARILLE.</speaker>
	<l id="833">Touchant les mille écus autrefois mal acquis,</l>
	<l id="834">Que de restituer je suis par vous requis,</l>
	<l id="835">Puisque pour être heureux il faut être sans tâche, </l>
	<l id="836">Et qu'à vous contenter fortement je m'attache,</l>
	<l id="837">Votre ombre vagabonde aura droit désormais</l>
	<l id="838">De goûter des douceurs qui ne cessent jamais.</l>
</sp>
<sp who="HENRIQUEZ"><speaker>HENRIQUEZ.</speaker>
	<l id="839">Il a perdu le sens, quelle angoisse mortelle !</l>
	<l id="840">Depuis quel temps, mon fils, n'as-tu plus de cervelle ?</l>
	<l id="841" part="i">Hélas !</l>
</sp>
<sp who="LAZARILLE"><speaker>LAZARILLE.</speaker>
	<l id="841" part="f">Si mon esprit vous paraît altéré,</l>
	<l id="842">C'est depuis votre mort qu'il est donc égaré ?</l>
</sp>
<sp who="HENRIQUEZ"><speaker>HENRIQUEZ.</speaker>
	<l id="843" part="i">Ma mort !</l>
</sp>
<sp who="GUSMAN"><speaker>GUSMAN.</speaker>
	<l id="843" part="f">D'être rossé je sens approcher l'heure.</l>
</sp>
<sp who="HENRIQUEZ"><speaker>HENRIQUEZ.</speaker>
	<l id="844">Je sais que dans mon âge il est temps que je meure,</l>
	<l id="845">Nous naissons pour mourir ; mais malgré cette loi</l>
	<l id="846" part="i">Mon jour n'est pas venu, je vis.</l>
</sp>
<sp who="LAZARILLE"><speaker>LAZARILLE.</speaker>
	<l id="846" part="f">Pardonnez-moi ;</l>
	<l id="847">Vous êtes mort mon Père, et la chose est certaine.</l>
</sp>
<sp who="GUSMAN"><speaker>GUSMAN.</speaker>
	<l id="848">Pour si peu qu'il est mort ce n'en est pas la peine.</l>
</sp>
<sp who="HENRIQUEZ"><speaker>HENRIQUEZ.</speaker>
	<l id="849">Si je suis mort, c'est donc sans m'en apercevoir :</l>
	<l id="850">Mais de quelle personne as-tu pu le savoir.</l>
</sp>
<sp who="LAZARILLE"><speaker>LAZARILLE.</speaker>
	<l id="851">Je tiens de Don Raymond cette triste nouvelle.</l>
</sp>
<sp who="HENRIQUEZ"><speaker>HENRIQUEZ.</speaker>
	<l id="852">Il faut le détromper, hola de la chandelle.</l>
</sp>
<sp who="GUSMAN"><speaker>GUSMAN.</speaker>
	<l id="853">De la chandelle, hélas ! La feinte va finir,</l>
	<l id="854">J'ai si bien fait le mort qu'il le faut devenir.</l>
</sp>
<sp who="HENRIQUEZ"><speaker>HENRIQUEZ.</speaker>
	<l id="855">De la clarté, fus donc, hola ! vite mon Maître,</l>
	<l id="856">Dès que tu me verras, tu sauras me connaître.</l>
</sp>
<sp who="LAZARILLE"><speaker>LAZARILLE.</speaker>
	<l id="857">Cependant ma frayeur est sans comparaison.</l>
</sp>
<sp who="GUSMAN"><speaker>GUSMAN.</speaker>
	<l id="858">S'il faut faire l'Esprit, faisons le par raison,</l>
	<l id="859">Et tâchons d'éviter les coups qu'on nous prépare.</l>
</sp>
</div2>
<div2 type="scene" n='4'><head>SCÈNE IV. L'Hôte, Lazarille, Henriquez, Gusman.</head>
<sp stage="carry" who="L'HÔTE"><speaker>L'HÔTE, avec une chandelle.</speaker>
	<l id="860">Pourquoi faire Messieurs un si grand tintamarre ?</l>
	<l id="861" part="i">D'où vient que du sommeil....</l>
</sp>
<sp who="GUSMAN"><speaker>GUSMAN.</speaker>
	<l id="861" part="m">Mon fils.</l>
</sp>
<sp stage="fall/drop/light" who="L'HÔTE"><speaker>L'HÔTE, se laissant tomber, et la chandelle s'éteint.</speaker>
	<l id="861" part="f">Hélas mon Dieu !</l>
	<l id="862">Quel horrible fantôme est gîté dans ce lieu ?</l>
	<l id="863" part="i">À moi vite garçons, de la clarté.</l>
</sp>
<sp who="HENRIQUEZ"><speaker>HENRIQUEZ.</speaker>
	<l id="863" part="f">Je pâme !</l>
</sp>
<sp who="LAZARILLE"><speaker>LAZARILLE.</speaker>
	<l id="864">Une peur effroyable a coulé dans mon âme.</l>
</sp>
<sp who="L'HÔTE"><speaker>L'HÔTE.</speaker>
	<l id="865" part="i">Je vois d'autre chandelle.</l>
</sp>
</div2>
<div2 type="scene" n='5'><head>SCÈNE V. Des Garçons, L'Hôte, Henriquez, Lazarille, Gusman.</head>
<sp who="L'HÔTE"><speaker>L'HÔTE.</speaker>
	<l id="865" part="f">Ah ! Messieurs qu'est-ceci ?</l>
	<l id="866" part="i">Parlez.</l>
</sp>
<sp who="HENRIQUEZ"><speaker>HENRIQUEZ.</speaker>
	<l id="866" part="m">Je n'en sais rien.</l>
</sp>
<sp who="LAZARILLE"><speaker>LAZARILLE.</speaker>
	<l id="866" part="f">Je n'en sais rien aussi,</l>
	<l id="867">Tout me devient fatal, Ciel quelle est ma misère !</l>
	<l id="868">Est-ce en vous que je vous l'ombre de feu mon père.</l>
</sp>
<sp who="HENRIQUEZ"><speaker>HENRIQUEZ.</speaker>
	<l id="869" part="i">Tu vois ton père en vie.</l>
</sp>
<sp who="LAZARILLE"><speaker>LAZARILLE.</speaker>
	<l id="869" part="f">Hé bien, j'en suis d'accord,</l>
	<l id="870" part="i">Vous qui donc êtes-vous ?</l>
</sp>
<sp who="GUSMAN"><speaker>GUSMAN.</speaker>
	<l id="870" part="f">Je suis ton père mort,</l>
	<l id="871">Oui, je suis, ô garçon ! Qui de moi voulut naître,</l>
	<l id="872">Aussi bien trépassé qu'aucun autre puisse être.</l>
</sp>
<sp who="LAZARILLE"><speaker>LAZARILLE.</speaker>
	<l id="873">Tout me confond, mon trouble est plus fort que devant ;</l>
	<l id="874">Enfin mon père mort, ou mon père vivant,</l>
	<l id="875">Si de vous, ou de vous je reçus la naissance,</l>
	<l id="876">Donnez-m'en l'un ou l'autre une claire apparence.</l>
</sp>
<sp who="HENRIQUEZ"><speaker>HENRIQUEZ.</speaker>
	<l id="877">Dans les traits de ton père envisage les tiens.</l>
</sp>
<sp who="GUSMAN"><speaker>GUSMAN.</speaker>
	<l id="878">La mort que j'ai soufferte a changé tous les miens,</l>
	<l id="879">C'est un monstre infernal revêtu de ma forme.</l>
</sp>
<sp who="LAZARILLE"><speaker>LAZARILLE.</speaker>
	<l id="880">Est-il vrai que je veille, ou si c'est que je dorme.</l>
</sp>
<sp who="HENRIQUEZ"><speaker>HENRIQUEZ.</speaker>
	<l id="881">Tu te laisses surprendre, et ne m'écoute pas.</l>
</sp>
<sp who="LAZARILLE"><speaker>LAZARILLE.</speaker>
	<l id="882">Que direz-vous, mon père a souffert le trépas,</l>
	<l id="883" part="i">J'en suis certain.</l>
</sp>
<sp who="GUSMAN"><speaker>GUSMAN.</speaker>
	<l id="883" part="m">D'accord.</l>
</sp>
<sp who="HENRIQUEZ"><speaker>HENRIQUEZ.</speaker>
	<l id="883" part="f">En vain donc je te prêche,</l>
</sp>
<sp stage="low" who="GUSMAN"><speaker>GUSMAN, bas.</speaker>
	<l id="884">De rentrer dans mon trou l'un et l'autre m'empêche,</l>
	<l id="885" part="i">J'en enrage.</l>
</sp>
<sp who="LAZARILLE"><speaker>LAZARILLE.</speaker>
	<l id="885" part="f">Il est temps de finir ma douleur,</l>
	<l id="886">L'un des deux est sans doute, ou Sorcier, ou Voleur.</l>
</sp>
<sp who="L'HÔTE"><speaker>L'HÔTE.</speaker>
	<l id="887">C'est ma pensée, et l'ombre en a bien l'encolure.</l>
</sp>
<sp who="GUSMAN"><speaker>GUSMAN.</speaker>
	<l id="888">Ah ! Gros ventre de son, qui me fait une injure,</l>
	<l id="889">Malheur sur la maison de qui choque les morts.</l>
</sp>
<sp who="LAZARILLE"><speaker>LAZARILLE.</speaker>
	<l id="890">Qui des deux soit mon père, excusez mes efforts.</l>
</sp>
<sp who="GUSMAN"><speaker>GUSMAN.</speaker>
	<l id="891">À mon secours, mon Maître, on me veut mener pendre.</l>
</sp>
</div2>
<div2 type="scene" n='6'><head>SCÈNE VI. Fabrice, Gusman, Lazarille, Henriquez, L'Hôte, Ses Garçons.</head> 
<sp who="FABRICE"><speaker>FABRICE.</speaker>
	<l id="892">Ne crains rien, je parais, et je viens te défendre.</l>
</sp>
<sp who="LAZARILLE"><speaker>LAZARILLE.</speaker>
	<l id="893" part="i">Fabrice ! Ô juste Ciel !</l>
</sp>
<sp who="FABRICE"><speaker>FABRICE.</speaker>
	<l id="893" part="f">C'est Fabrice en effet, </l>
	<l id="894">Qui fut de tes amis toujours le plus parfait ;</l>
	<l id="895">Mais qui cesse de l'être en son malheur extrême,</l>
	<l id="896">Puisqu'il trouve un Rival dans un autre soi-même.</l>
	<l id="897">Celui qui cette nuit t'a causé de la peur,</l>
	<l id="898">Dès hier était d'Afrique un faux Ambassadeur ;</l>
	<l id="899">C'est Gusman mon Valet dont tu vois la figure,</l>
	<l id="900">Qui de ton oncle même imita l'écriture,</l>
	<l id="901">Et qui pour t'éloigner d'un objet plein d'appas,</l>
	<l id="902">De ton père vivant t'annonça le trépas.</l>
</sp>
<sp who="LAZARILLE"><speaker>LAZARILLE.</speaker>
	<l id="903">Déloyal confident d'une ardeur infinie,</l>
	<l id="904">Quoi ! Ton coeur en secret brûle pour Stéphanie ?</l>
	<l id="905" part="i">Tu l'aimes !</l>
</sp>
<sp who="HENRIQUEZ"><speaker>HENRIQUEZ.</speaker>
	<l id="905" part="m">Stéphanie !</l>
</sp>
<sp who="FABRICE"><speaker>FABRICE.</speaker>
	<l id="905" part="f">Oui ! J'en suis amoureux,</l>
	<l id="906">Cette beauté charmante est l'objet de mes voeux.</l>
</sp>
<sp who="LAZARILLE"><speaker>LAZARILLE.</speaker>
	<l id="907">Je l'aime aussi Fabrice, et je sais qu'elle m'aime,</l>
	<l id="908">Et j'attends des Dieux la puissance suprême.....</l>
</sp>
<sp who="HENRIQUEZ"><speaker>HENRIQUEZ.</speaker>
	<l id="909">Point de serments, mon fils, vous Fabrice espérez.</l>
</sp>
<sp who="LAZARILLE"><speaker>LAZARILLE.</speaker>
	<l id="910">Quoi vous voulez ma perte et vous l'en assurez ?</l>
	<l id="911">Un Père m'opprimer, consentir à ma peine :</l>
	<l id="912">Mais, ô Dieux ! j'aperçois Ferdinand qui l'amène,</l>
	<l id="913" part="i">Qu'est-ceci !</l>
</sp>
<sp who="FABRICE"><speaker>FABRICE.</speaker>
	<l id="913" part="m">Juste Ciel !</l>
</sp>
</div2>
<div2 type="scene" n='7'><head>SCÈNE VII ET DERNIÈRE. Ferdinand, Stéphanie, Lazarille, Henriquez, Guusman, Fabrice.</head>
<sp who="HENRIQUEZ"><speaker>HENRIQUEZ.</speaker>
	<l id="913" part="f">Approchez bon vieillard.</l>
</sp>
<sp who="FERDINAND"><speaker>FERDINAND.</speaker>
	<l id="914">Vous ai-je pas, Monsieur, déjà vu quelque part ?</l>
</sp>
<sp who="HENRIQUEZ"><speaker>HENRIQUEZ.</speaker>
	<l id="915" part="i">Cela peut.</l>
</sp>
<sp who="FERDINAND"><speaker>FERDINAND.</speaker>
	<l id="915" part="f">J'ignore en quel lieu ce peut être.</l>
</sp>
<sp who="HENRIQUEZ"><speaker>HENRIQUEZ.</speaker>
	<l id="916">Cette moitié d'anneau vous le fera connaître.</l>
</sp>
<sp who="LAZARILLE"><speaker>LAZARILLE.</speaker>
	<l id="917" part="i">Qu'entends-je ?</l>
</sp>
<sp who="FERDINAND"><speaker>FERDINAND.</speaker>
	<l id="917" part="f">C'est donc vous ? Ah ! Je vous reconnais.</l>
</sp>
<sp who="HENRIQUEZ"><speaker>HENRIQUEZ.</speaker>
	<l id="918">ne cherchez désormais votre Père qu'en moi,</l>
	<l id="919" part="i">Je le suis, Stéphanie.</l>
</sp>
<sp who="FABRICE"><speaker>FABRICE.</speaker>
	<l id="919" part="m">Ô bonheur !</l>
</sp>
<sp who="LAZARILLE"><speaker>LAZARILLE.</speaker>
	<l id="919" part="f">Ô disgrâce !</l>
</sp>
<sp who="STÉPHANIE"><speaker>STÉPHANIE.</speaker>
	<l id="920" part="i">Vous, mon Père !</l>
</sp>
<sp who="FERDINAND"><speaker>FERDINAND.</speaker>
	<l id="920" part="m">Lui-même.</l>
</sp>
<sp who="HENRIQUEZ"><speaker>HENRIQUEZ.</speaker>
	<l id="920" part="f">Ah ! Que je vous embrasse</l>
	<l id="921">Ma fille. Lazarille amortis ton ardeur,</l>
	<l id="922">Au lieu d'une Maîtresse envisage une Soeur.</l>
</sp>
<sp who="FERDINAND"><speaker>FERDINAND.</speaker>
	<l id="923" part="i">Une Soeur, je la tiens...</l>
</sp>
<sp who="STÉPHANIE"><speaker>STÉPHANIE.</speaker>
	<l id="923" part="f">Quoi, vous êtes son père ?</l>
</sp>
<sp who="LAZARILLE"><speaker>LAZARILLE.</speaker>
	<l id="924">Il l'est ; De votre amant il devient votre frère,</l>
	<l id="925">Quel besoin aviez-vous de cacher si longtemps....</l>
</sp>
<sp who="HENRIQUEZ"><speaker>HENRIQUEZ.</speaker>
	<l id="926">Ailleurs je t'en dirai les secrets importants,</l>
	<l id="927">Ce bonhomme sait tout. Cependant de Fabrice,</l>
	<l id="928">Ma chère Stéphanie acceptez le service.</l>
</sp>
<sp who="FERDINAND"><speaker>FERDINAND.</speaker>
	<l id="929" part="i">Mais, Monsieur, j'espérais......</l>
</sp>
<sp who="HENRIQUEZ"><speaker>HENRIQUEZ.</speaker>
	<l id="929" part="f">Il est juste, espérez.</l>
</sp>
<sp who="FERDINAND"><speaker>FERDINAND.</speaker>
	<l id="930" part="i">Mon ardeur...</l>
</sp>
<sp who="HENRIQUEZ"><speaker>HENRIQUEZ.</speaker>
	<l id="930" part="m">M'est connue.</l>
</sp>
<sp who="FERDINAND"><speaker>FERDINAND.</speaker>
	<l id="930" part="f">Et de plus vous saurez...</l>
</sp>
<sp who="HENRIQUEZ"><speaker>HENRIQUEZ.</speaker>
	<l id="931">Il suffit ; vous verrez que je suis raisonnable.</l>
</sp>
<sp who="FERDINAND"><speaker>FERDINAND.</speaker>
	<l id="932">Que plutôt ne te vois-je emporter par le Diable :</l>
	<l id="933" part="i">Ah ! Je suis mort.</l>
</sp>
<sp who="GUSMAN"><speaker>GUSMAN.</speaker>
	<l id="933" part="f">Fort bien, notre espoir décevant,</l>
	<l id="934">Te fait le Vivant Mort, et moi le MORT VIVANT.</l>
</sp>
</div2>
</div1>
</body>
</text>
</TEI>