<?xml version="1.0" encoding="utf-8" ?>
<TEI xml:lang="fr">
<teiHeader>
	<fileDesc>
		<titleStmt>
			<title>ZOROASTRE, OPÉRA</title>
			<author type="texte" ISNI="0000 0001 2098 7795">Louis de CAHUSAC (1706-1759)</author>
			<author type="musique" ISNI="0000 0001 2278 5978">Jean-Philippe RAMEAU (1683-1764)</author>
		</titleStmt>
		<publicationStmt>	
			<editor>Texte établi par Paul FIEVRE, juillet 2020</editor>
			<publisher>publié par Paul FIEVRE, août 2020</publisher>
			<idno>CAHUSAC_ZOROASTE</idno>
		<rights>Creative Commons BY-NC-SA</rights>
		</publicationStmt>
		<SourceDesc>
			<genre>Opéra</genre>
			<inspiration>mythologie</inspiration>
			<structure>Cinq actes</structure>
			<type>vers</type>
			<periode>1741-1750</periode>
			<taille>500-750</taille>
			<permalien>https://gallica.bnf.fr/ark:/12148/bpt6k71865f</permalien>
		</SourceDesc>
	</fileDesc>
</teiHeader>
<text>
	<front>
		<docTitle>
			<titlePart type="main">ZOROASTRE</titlePart>
			<titlePart type="sub">OPÉRA.</titlePart>
			<titlePart type="sub">Représenté pour la premier fois par l'Academie Royale de Musique le 5 Décembre 1749 et remis au théâtre le 20 janvier 1756.</titlePart>
			<titlePart type="sub">PRIX XXX SOLS.</titlePart>
		</docTitle> 
		<docDate value="1756">M. DCC. LVI. AVEC APPROBATION ET PRIVILÈGE DU ROI.</docDate>
		<docAuthor id="CAHUSAC, Louis de"></docAuthor>
		<docImprint>
			<approbation>
				<p>J'ai lu, par ordre de Monseigneur le Chancelier, une ré-impression de Zoroastre, Opéra, avec quelques changements. À Versailles, le 2 décembre 1755.</p>
				<p>DE MONCRIF.</p>
			</approbation>
			<editor type="DELORMEL">AUX DÉPENS de l'Académie. À PARIS, chez la V. DELORMEL et FILS, Imprimeur de ladite Académie, rue du Foin, à l'Image Sainte-Geneviève. On trouvera des livres des Paroles à la Salle de l'Opéra.</editor>
		</docImprint>
	<div type="">
		<p>Les paroles de Monsieur de CAHUSAC de l'Académie Royale des Sciences et Belles Lettres de Prusse.</p>
		<p>La Musique de Monsieur RAMEAU.</p>
	</div>
	<div type="preface"><head>PRÉFACE</head>
		<p>On regarde Zorosastre comme l'inventeur de la Magie, (a) l'opinion la plus commune est qu'il fut Roi de la Bactriane.</p>
		<p>Il n'est point d'homme de l'antiquité dont on ait écrit et conté tant de fable. On ne s'accorde ni sur le temps, ni sur le lieu de sa naissance ; on n'est guère mieux instruit des climats où il la plus constamment vécu, ni de celui où il a cessé de vivre. (b)</p>
		<p>Il fut l'instituteur des Mages, les premiers Philosophes de la terre ; il inventa un bon et un mauvais principe, se combattant sans cesse, jusqu'à ce que l'auteur du bien put remporter une victoire copmplète sur l'auteur du mal. (c) Il donnait au premier le nom d'Oromase ou de Lumière, et au dernier celui d'Ariman ou de Ténèbres. (d)</p>
		<p>Il rendait un culte solennel au Soleil et au feu ; mais pas un impulsion sublime de son génie, il n'honorait l'un, (e) que comme le trône, l'autre que comme le symbole du principe immuable, objet unique de son adoration.</p>
		<p>Il supposait des Êtres inférieurs répandus dans les différentes sphères, pour y maintenir cette harmonie, si nécessaire ua monde. Selon Plutarque, il entretenait avec ces Génies le commerce le plus intime. C'était là sa magie. (f)</p>
		<p>Un personnage aussi célèbre par ses principes et par ses actions, les révolution qu'il a causé dans les esprits, la puissance surnaturelle que les traditions anciennes lui attribuent, les biens sans nombre qu'il a répandu sur l'humanité, ont paru le champ le plsu fertile pour un théâtre qui mériterait d'être mieux connu, et auquel l'opinion commune semble prescrire des bornes que l'art a craint trop longtemps de franchir.</p>
		<p>On oppose à ZOROASTRE un prêtre ambitieux, Ministre farouche du mauvais principe ; on le suppose l'inventeur de cette magie, (g) dont le pouvoir redoutable émane des esprits de ténèbres. C'est à lui qu'on attribue l'institution sacrilège du culte des Idoles, et toutes les erreurs grossières qui ont si longtemps égaré L'Univers. (h) On établie, en un mot, Zoroastre et Abramane rivaux de puissance, de gloire et d'amour. La force du sujet offre ainsi d'elle même le spectacle de la vertu toujours persécutée et jamais abattue, triomphante enfin au moment même, où l'artifice, la haine, la vengeance ont porté son infortune jusqu'au dernier période du malheur. (j) Que de grands tableaux, que des machines ingénieuses, quel jeu continuel des plus fortes passions, quelle foule de situation frappantes ne devrait-on pas attendre d'un fonds aussi riche, si le bonheur de l'art l'avait fait tomber en des mains plus gabiles.</p>
		<p>(a) On distingue deux sortes de Magie ; la Goetie qui est regardée comme diabolique ; et la Theurgie qui est toujours bienfaisante.</p>
		<p>Les bons critiques s'accordent sur la pluralité des Zoroastres, comme sur le pluralité des Hercules ; par ce moyen on peut concilier les actions tout-à-fait contraires attribuées à ce personnage célèbre. Prid. Hist. des J. Pli. Hist. hi. n. c i. Phil. or de Stanley, mise en Latin par Leclerc.</p>
		<p>(c) Et gaec duo contra se invicem insurgebant, et de victoria contendebant, donec lux viceret tenebras, et bonum malum. Hyde His. rel. vet. Pers.</p>
		<p>(d) Le mauvais principe est nommé indifféremment Arimanieu ou Ariman.</p> 
		<p>(e) Plis. de et Os. Confu. En. etc.</p>
		<p>(f) La Theurgie.</p>
		<p>(g) La Goetie.</p>
		<p>(h) Zoroastre eut à combattre et à détruire l'Idolâtrie répandue dans la Bactriane, dans le Perse et dans presque tout le reste du monde.</p>
		<p>(j) Oromasés annonce ce dénouement Acte deuxième, scène troisième ; par ces deux vers.</p>
		<p type="v">Le bonheur a son terme et doit avoir son cours.</p>
		<p type="v">Il finit dès qu'il est extrême.</p>
	</div>
	<div type="argument"><head>L'OUVERTURE SERT DE PROLOGUE.</head>
		<p>La première patrie est un tableau fort et pathétique du pouvoir barbare d'Adramane, et des gémissements des peuples qu'il opprime. Un doux calme succède : l'espoir renaît.</p>
		<p>La seconde partie est une image vive et riante de la puissance de Zoroastre, et du bonheur des peuples qu'il a délivré de l'oppression.</p>
		<p>C'est le premier opéra représenté sans prologue. On se récria en 1749 contre cette nouveauté. L'expérience l'a justifiée. Le temps est si précieux au théâtre lyrique, une grande action exige dans ce local une si grande quantité de moyens, la poésie, la peinture, la machine, la musique doivent y être enchaînées par des mouvements si rapides et si variés, qu'on ne peut y ménager les superfluités avec trop de sévérité.</p>
		<p>On avait espéré pouvoir offrir dans les habillements de cet opéra, le tableau pittoresque de l'ancienne manière d'Être des Nations qui y ont été introduites. Des obstacles imprévus ont éloigné l'exécution de la plus grande partie du projet. Sans doute naîtra-t-il un jour des circonstance plus heureuses. On peut augurer que les FRançais ne voudront pas se priver longtemps d'un plaisir si conforme à cette instruction devenue générale, qui les distingue avec tant d(avantage de tous les autres peuples de la terre. C'est ici une occasion o=honorable pour eux de sa livrer à ce bon goût naturel qui les engage à sacrifier , de premier coup d'oeil, toutes les vieilles routines qui enchaînent  et déshonorent les Arts, aux nouveautés heureuses qui embellissent leurs succès, qui sont le preuve de leurs progrès, et les seuls augures certains de leur durée.</p>
	</div>
	<castList>
		<head>LES PERSONNAGES, les interprètes.</head>
		<castItem><role id="ZOROASTRE" sex="1" type="H" statut="magicien" age="A" stat_amour='néant'>ZOROASTRE</role>, Instituteur des Mages. Mr Poirier.</castItem> 
		<castItem><role id="AMÉLITE" sex="2" type="H" statut="prince" age="A" stat_amour='néant'>AMÉLITE</role>, héritière présomptive du trône de la Bactiane Mlle l'Arrivée, Mzlle Fel.</castItem>
		<castItem><role id="ERINICE" sex="2" type="H" statut="prince" age="A" stat_amour='néant'>ERINICE</role>, Princesse du sang des Rois de la Bactiane. Melle Chavalier.</castItem>
		<castItem><role id="ABRAMANE" sex="1" type="H" statut="prêtre" age="A" stat_amour='néant'>ABRAMANE</role>, Grand Prêtre d'Ariman. Mr duChassé.</castItem>
		<castItem><role id="CÉPHIE" sex="2" type="H" statut="aristocrate" age="A" stat_amour='néant'>CÉPHIE</role>, jeune Bactrienne de la Cour d'Amélite. Melle Davaux.</castItem>
		<castItem><role id="ZOPIRE" sex="1" type="H" statut="prêtre" age="A" stat_amour='néant'>ZOPIRE</role>, Prêtre d'Ariman. Mr Person.</castItem>
		<castItem><role id="NABANOR" sex="1" type="H" statut="prêtre" age="A" stat_amour='néant'>NABANOR</role>, Prêtre d'Ariman. Mr Cuvelier.</castItem>
		<castItem><role id="OROMASÈS" sex="1" type="H" statut="génie" age="A" stat_amour='néant'>OROMASÈS</role>, Roi des Génies Mr Gelin.</castItem>
		<castItem><role id="LA VENGEANCE" sex="1" type="D" statut="allégorie" age="A" stat_amour='néant'>LA VENGEANCE</role>, Mr Larivée.</castItem>
		<castItem><role id="UNE VOIX SOUTERAINE" sex="1" type="D" statut="allégorie" age="A" stat_amour='néant'>UNE VOIX SOUTERAINE</role>, Mr Desbelles.</castItem>
		<castItem><role id="LES FURIES" sex="2" type="H" statut="furie" age="A" stat_amour='néant'>LES FURIES</role>, Mlles Dalière, Dubois, Duval, Mrs Le Roy, Laurent.</castItem>
		<castItem><role id="BACTRIENS et BACTRIENNES" sex="9" type="H" statut="peuple" age="A" stat_amour='néant'>BACTRIENS et BACTRIENNES</role>.</castItem>
		<castItem><role id="ESPRITS DES ELÉMENTS" sex="9" type="D" statut="esprit" age="A" stat_amour='néant'>ESPRITS DES ELÉMENTS</role>.</castItem>
		<castItem><role id="LA HAINE" sex="2" type="H" statut="démon" age="A" stat_amour='néant'>LA HAINE</role>.</castItem>
		<castItem><role id="LE DÉSESPOIR" sex="1" type="H" statut="démon" age="A" stat_amour='néant'>LE DÉSESPOIR</role>.</castItem>
		<castItem><role id="DÉMONS" sex="1" type="H" statut="démon" age="A" stat_amour='néant'>DÉMONS</role>.</castItem>
		<castItem><role id="BERGERS" sex="1" type="H" statut="berger" age="A" stat_amour='néant'>BERGERS</role>.</castItem>
		<castItem><role id="BERGÈRES" sex="2" type="H" statut="berger" age="A" stat_amour='néant'>BERGÈRES</role>.</castItem>
		<castItem><role id="PASTRES" sex="1" type="H" statut="pâtre" age="A" stat_amour='néant'>PASTRES</role>.</castItem>
		<castItem><role id="PASTOURELLES" sex="2" type="H" statut="pâtre" age="A" stat_amour='néant'>PASTOURELLES</role>.</castItem>
	</castList>
	<set location="Balk" country="Afghanistan" periode="IVème avant JC" gps="36.770496918, 66.87082985">La Scène est à Bactre, capitale de la Bactriane, et dans ses environs.</set>
	<note>Les noms des personnages dansants ne sont pas reproduits ici.</note>
</front>
<body>
<div1 type="acte" n="1"><head>ACTE I</head>
<div2 type="scene" n="1"><head>SCÈNE PREMIÈRE. Abramane, Zopire.</head>
<stage type="decor">Le théâtre représente les jardins des Rois de la Bactriane ; on y voit les traces d'un orage, qui les a ravagés, et qui vient de finir.</stage>
<sp who="ZOPIRE"><speaker>ZOPIRE.</speaker>
	<l id="1">À l'heureux Abramane, enfin, tout est propice !</l>
	<l id="2">Le peuple, consterné de ce ravage affreux,</l>
	<l id="3">Pour disposer du trône, attend l'arrêt des dieux:</l>
	<l id="4">Faites-les déclarer en faveur d'Erinice.</l>
</sp>
<sp who="ABRAMANE"><speaker>ABRAMANE.</speaker>
	<l id="5">C'en est fait : qu'à son tour Amélite gémisse.</l>
		<l id="6">Non, je ne puis assez punir</l>
		<l id="7">Une inhumaine qui m'outrage.</l>
	<l id="8">Dans des fers odieux est-ce à moi de languir ?</l>
	<l id="9">Zoroastre est aimé : la haine est mon partage.</l>
		<l id="10">Non, je ne puis assez punir</l>
		<l id="11">Une inhumaine qui m'outrage.</l>
	<l id="12">Trop ingrate Amélite, il est temps ue ma rage</l>
	<l id="13">Te rende tous les maux que tu m'as fait souffrir.</l>
</sp>
<sp who="ZOPIRE"><speaker>ZOPIRE.</speaker>
	<l id="14">Et nos dieux et le peuple ont proscrit, sans retour,</l>
	<l id="15">Le chef audacieux d'une secte ennemie.</l>
	<l id="16">Le Roi, qu'avaient séduit les erreurs de l'impie,</l>
	<l id="17">À la fleur de ses ans, vient de perdre le jour.</l>
</sp>
<sp who="ABRAMANE"><speaker>ABRAMANE.</speaker>
	<l id="18">Zoroastre est proscrit, il fuit ; mais il respire.</l>
</sp>
<sp who="ZOPIRE"><speaker>ZOPIRE.</speaker>
	<l id="19">Nos dieux, de leur gloire jaloux,</l>
	<l id="20">Ont vengé leurs autels, qu'ils ne doivent qu'à vous.</l>
</sp>
<sp who="ABRAMANE"><speaker>ABRAMANE.</speaker>
	<l id="21">Est-ce assez d'un exil pour l'horreur qu'il m'inspire ?</l>
</sp>
<sp who="ZOPIRE"><speaker>ZOPIRE.</speaker>
	<l id="22">Peut-il échapper à vos coups ?</l>
	<l id="23">De vos enchantements la force est invincible.</l>
	<l id="24">Le pourvoir, qu'Ariman a remis en vos mains,</l>
	<l id="25">De sa vaste puissance est l'image terrible :</l>
	<l id="26">Vous avés à ses pieds entraîné les humains.</l>
</sp>
<sp who="ABRAMANE"><speaker>ABRAMANE.</speaker>
	<l id="27">Ce pouvoir éclatant ne touche plus mon âme.</l>
	<l id="28">Que l'appas d'un trône est flatteur !</l>
	<l id="29">Ce bien seul manque à ma grandeur,</l>
	<l id="30">Et mon ambition, qui s'irrite et s'enflamme,</l>
	<l id="31">La présente, sans-cesse, aux désirs de mon coeur.</l>
	<l id="32">Puis-je compter sur Erinice ?</l>
	<l id="33">Zopire, elle devait m'attendre dans ces lieux.</l>
</sp>
<sp who="ZOPIRE"><speaker>ZOPIRE.</speaker>
	<l id="34">Vous la voyez ; mes soins ont secondé vos voeux.</l>
	<l id="35">Qu'au défaut de l'amour, la gloire vous unisse :</l>
	<l id="36">Immolés tout, pour être heureux.</l>
</sp>
<stage type="exit">Il sort avec Narbanor.</stage>
</div2>
<div2 type="scene" n="2"><head>SCÈNE II. Abramane, Erinice.</head>
<sp who="ABRAMANE"><speaker>ABRAMANE.</speaker>
	<l id="37">Princesse, avec Phaerès la tyrannie expire.</l>
	<l id="38">Ses yeux étaient ouverts d'un funeste bandeau,</l>
	<l id="39">Et nos dieux, qu'il croyait détruire,</l>
	<l id="40">L'ont conduit, à pas lents, dans la nuit du tombeau.</l>
	<l id="41">Voir nos peuples heureux est le bien où j'aspire.</l>
	<l id="42">Amélite est d'un sang qui nous donna des rois ;</l>
	<l id="43">Mais au trône, comme elle, Erinice a des droits,</l>
	<l id="44">Et les dieux, pour régler le sort de cet empire,</l>
	<l id="45">Vont bientôt emprunter ma voix.</l>
</sp>
<sp who="ERINICE"><speaker>ERINICE.</speaker>
	<l id="46">Je l'entends. Pour régner, parle, que faut-il faire ?</l>
</sp>
<sp who="ABRAMANE"><speaker>ABRAMANE.</speaker>
	<l id="47">Nous unir, pour jamais.</l>
	<l id="48">De mon coeur, ma juste colère</l>
	<l id="49">D'un{e] ingrate efface les traits.</l>
	<l id="50">Je rends grâce à l'Amour et sa rigueur m'éclaire.</l>
	<l id="51">Il vouloir m'inspirer le désir de vous plaire,</l>
	<l id="52">Vous réserver un trône et venger vos attraits.</l>
</sp>
<sp who="ERINICE"><speaker>ERINICE.</speaker>
	<l id="53">Tu prends, pour t'excuser, une inutile peine :</l>
	<l id="54">Laisse, laisse avec moi ce frivole détour.</l>
	<l id="55">Je te connais: tu vas me connaître à mon tour.</l>
	<l id="56">Je sens pour Zoroastre une tendresse vaine :</l>
	<l id="57">L'espoir de la venger l'étouffe, sans retour.</l>
	<l id="58">Régnons, et ne songeons aux transports de l'amour,</l>
	<l id="59">Que pour servir ceux de la haine.</l>
</sp>
<sp who="ENSEMBLE"><speaker>ENSEMBLE.</speaker>
	<l id="60">Unissons nos fureurs :</l>
	<l id="61">Goûtons les douceurs</l>
	<l id="62">D'une vengeance éclatante.</l>
</sp>
<sp who="ERINICE"><speaker>ERINICE.</speaker>
	<l id="63">De ma rivale tremblante</l>
	<l id="64">Je verrai couler les pleurs.</l>
</sp>
<sp who="ABRAMANE"><speaker>ABRAMANE.</speaker>
	<l id="65">Je jouirai de la rage impuissante</l>
	<l id="66">D'un ennemi jaloux, accablé de malheurs.</l>
</sp>
<sp who="ENSEMBLE"><speaker>ENSEMBLE.</speaker>
	<l id="67">Unissons nos fureurs :</l>
	<l id="68">Goûtons les douceurs</l>
	<l id="69">D'une vengeance éclatante.</l>
</sp>
<sp who="ERINICE"><speaker>ERINICE.</speaker>
	<l id="70">Hâtons-nous. Que les dieux se déclarent pour moi :</l>
	<l id="71">C'est à ce prix que je me donne.</l>
	<l id="72">Si tu me fais régner, je jure qu'avec toi</l>
	<l id="73">Je partagerai ma couronne.</l>
	<l id="74">Dieux terribles, dieux tout-puissants,</l>
	<l id="75">Sur ma tête lancés la foudre :</l>
	<l id="76">Éclatez, hâtez-vous de me réduire en poudre,</l>
	<l id="77">Si je trahis mes serments.</l>
</sp>
<sp who="ABRAMANE"><speaker>ABRAMANE.</speaker>
	<l id="78" syll="6" part="i">Je ne balance plus. </l>
<note type="give">Il partage la baguette magique, il en donne une moitiés à Érinice.</note>
	<l id="78" syll="6" part="f">Que ce don soit le gage</l>
	<l id="79">Du noeud sacré qui nous engage.</l>
<stage type="music">Prélude.</stage>
	<l id="80">On approche... quittons ces lieux.</l>
	<l id="81">Qu'Amélite, à son gré, me dédaigne et m'offense ;</l>
	<l id="82">Je vous laisse un pouvoir égal à ma puissance ;</l>
	<l id="83">Je suis assez vengé, s'il éclate à ses yeux.</l>
</sp>
<sp who="ERINICE"><speaker>ERINICE.</speaker>
	<l id="84">Il suffit. Réponds-moi des dieux,</l>
	<l id="85">Je te réponds de ta vengeance.</l>
<stage type="exit">Ils sortent par les deux côtés opposés.</stage>
</sp>
</div2>
<div2 type="scene" n="3"><head>SCÈNE III. Amélite, Céphie, Zélise, Jeunes Bactriens et Bactriennes.</head>
<sp who="LE CHOEUR"><speaker>LE CHOEUR, sur lequel on danse autour d'Amélite.</speaker>
	<l id="86">Rassurez-vous, tendre Amélite,</l>
	<l id="87">Voyez ces jeux, écoutez-nous ;</l>
	<l id="88">Que le trouble qui vous agite</l>
	<l id="89">Cède à l'espoir le plus doux.</l>
</sp>
<sp who="CEPHIE"><speaker>CEPHIE.</speaker>
	<l id="90">À tous nos tendres soins n'êtes-vous plus sensible ?</l>
	<l id="91">Ne pourront-ils jamais adoucir vos douleurs ?</l>
</sp>
<sp who="AMÉLITE"><speaker>AMÉLITE.</speaker>
	<l id="92" syll="3" part="i">Ah, Céphie !</l>
</sp>
<sp who="CEPHIE"><speaker>CEPHIE.</speaker>
	<l id="92" syll="9" part="f">Espérez, et suspendez vos pleurs.</l>
	<l id="93">Le ciel pour la vertu peut-il être inflexible ?</l>
	<l id="94">C'est souvent un sort plus paisible</l>
	<l id="95">Que lui préparent ses rigueurs.</l>
</sp>
<sp who="AMÉLITE"><speaker>AMÉLITE.</speaker>
	<l id="96">Reviens, c'est l'amour qui t'appelle ;</l>
	<l id="97">Cher amant, viens régner sur des peuples soumis,</l>
	<l id="98">Et sur le coeur le plus fidèle.</l>
	<l id="99">De tes barbares ennemis</l>
	<l id="100">Brave la rage criminelle ;</l>
	<l id="101">Calme, par ton retour, et ma terreur mortelle</l>
	<l id="102">Et les peines dont tu gémis.</l>
	<l id="103">Reviens, c'est l'amour qui t'appelle ;</l>
	<l id="104">Cher amant, viens régner sur des peuples soumis,</l>
	<l id="105">Et sur le coeur le plus fidèle.</l>
<stage type="pain/fal/hurry/danse">Accablée de douleurs, elle se laisse tomber sur un lit de gazon ; sa cour s'empresse, danse autour d'elle, et lui peint successivement les ennuis de l'absence et les doux transports que goûtent les amants, au moment du retour.</stage>
</sp>
<sp who="CEPHIE"><speaker>CEPHIE.</speaker>
	<l id="106">L'Amour pour un coeur qui l'implore</l>
	<l id="107">N'a point d'éternelles rigueur</l>
	<l id="108">Les tendre pluers</l>
	<l id="109">Que répand l'Aurore,</l>
	<l id="110">Font bientôt éclore</l>
	<l id="111">Les plus belles fleurs.</l>
<stage type="danse">Le Ballet continue.</stage>
</sp>
<sp who="AMÉLITE"><speaker>AMÉLITE.</speaker>
	<l id="112">Cher Zoroatre, hélas ! Quel destin est le nôtre !</l>
	<l id="113">Ton coeur, du moins, ton coeur s'occupe-t-il de moi ?</l>
	<l id="114">Dieux ! s'il soupirait pour une autre,</l>
	<l id="115">Lorsque je ne vis que pour toi ?</l>
	<l id="116">Non, non, une flammme volage</l>
	<l id="117">Ne peut me ravir mon amant.</l>
	<l id="118">Nos coeurs, guidés par leur penchant,</l>
	<l id="119">Se sont choisis pour leur partage.</l>
	<l id="120">Tendre Amour, cet accord charmant</l>
	<l id="121">D'un seul de tes traits fut l'ouvrage.</l>
	<l id="122">Non, non, une flamme volage</l>
	<l id="123">Ne peut me ravir mon amant.</l>
<stage type="danse/noise/light">Le ballet continue, il est interrompu par un bruit semblable à celui qui précède les tremblements de terre, le ciel s'obscurcit etc.</stage>
</sp>
<sp who="AMÉLITE, CÉPHIE, CHOEUR"><speaker>AMÉLITE, CÉPHIE, CHOEUR.</speaker>
	<l id="124">Les rayons du soleil palissent.</l>
	<l id="125">La terre tremble : le jour fuit.</l>
	<l id="126">Au bruit dont les éclairs retentissent,</l>
	<l id="127">Les cris des échos s'unissent.</l>
	<l id="128">Quelle affreuse nuit.</l>
</sp>
</div2>
<div2 type="scene" n="4"><head>SCÈNE IV. Erinice, Amélite, Céphie, Zélise, Jeunes Bactriens et Bactriennes.</head> 
<sp stage="run/closer" who="AMÉLITE"><speaker>AMÉLITE, en courant vers Erinice.</speaker>
	<l id="129">C'est vous, chère Erinice... Ah ! dans mon trouble extrême,</l>
	<l id="130">Votre danger redouble ma terreur.</l>
	<l id="131">Fuyons des lieux remplis d'horreur :</l>
	<l id="132">Venez, je crains pour vous autant que pour moi-même.</l>
</sp>
<sp who="ERINICE"><speaker>ERINICE.</speaker>
	<l id="133">Il n'est plus temps de feindre. Apprends quel est ton sort,</l>
	<l id="134">Et tremble, en connaissant ma haine et ma puissance.</l>
</sp>
<sp who="AMÉLITE"><speaker>AMÉLITE.</speaker>
	<l id="135">Qu'entends-je ?... Eh ! d'où peut naître un si cruel transport ?</l>
</sp>
<sp stage="toward" who="ERINICE"><speaker>ERINICE, à la suite d'Amélite.</speaker>
	<l id="136">Éloignés-vous, ou craignez ma vengeance ;</l>
	<l id="137">Redoutez des tourments plus affreux que la mort.</l>
<stage type="exit">La suite sort.</stage>
</sp>
</div2>
<div2 type="scene" n="5"><head>SCÈNE V. Erinice, Amélite.</head>
<sp who="AMÉLITE"><speaker>AMÉLITE.</speaker>
	<l id="138">Hélas ! Tout fuit : tout m'abandonne.</l>
</sp>
<sp who="ERINICE"><speaker>ERINICE.</speaker>
	<l id="139">Ton bonheur disparaît, et leur fuite t'étonne !</l>
	<l id="140">Venez, Esprits cruels, soumis à mon pouvoir ;</l>
	<l id="141">Abramane commande et ma voix vous appelle,</l>
	<l id="142">Venez, faites régner à jamais autour d'elle</l>
	<l id="143">La terreur et le désespoir.</l>
<stage type="exit">Elle disparaît.</stage>
</sp>
</div2>
<div2 type="scene" n="6"><head>SCÈNE VI. Amélite, Esprits cruels.</head>
<sp who="AMÉLITE"><speaker>AMÉLITE.</speaker>
	<l id="144">Dieux, protecteurs de l'innocence,</l>
	<l id="145">Dieux justes, prenez ma défense !</l>
</sp>
<sp who="LE CHOEUR DES ESPRITS CRUELS"><speaker>LE CHOEUR DES ESPRITS CRUELS, qui saisissent et entraînent Amélite.</speaker>
	<l id="146">Tremble, tremble, suis nos pas :</l>
	<l id="147">En vain l'innocence crie,</l>
	<l id="148">L'enfer ne l'écoute pas.</l>
	<l id="149">Il la poursuit pendant la vie ;</l>
	<l id="150">Il la venge après le trépas.</l>
</sp>
</div2>
</div1>
<div1 type="acte" n="2"><head>ACTE II</head>
<stage type="decor">Le théâtre représente le Palais d'Oromasès, Roi des Génies.</stage>
<div2 type="scene" n="1"><head>SCÈNE PREMIÈRE.</head>
<sp stage="alone" who="ZOROASTRE"><speaker>ZOROASTRE, seul.</speaker>
	<l id="151">À mes tristes regards, dans ce riant empire,</l>
	<l id="152">Des jeux, toujours nouveaux, font briller les attraits.</l>
	<l id="153">Hélas ! Rien ne saurait adoucir mes regrets.</l>
	<l id="154">Mon coeur se trouble et je soupire,</l>
	<l id="155">Dans le sein même de la paix.</l>
	<l id="156">Aimable et digne objet de l'amour le plus tendre,</l>
	<l id="157">Sans toi, je ne vis plus ; mon âme est avec toi.</l>
	<l id="158">De mille ennuis mortels, qui s'emparent de moi,</l>
	<l id="159">Le plaisir, qui me fuit, veut en vain me défendre :</l>
	<l id="160">Eh ! Puis-je l'écouter, m'y livrer, ni l'attendre</l>
	<l id="161">Que dans les lieux où je te vois ?</l>
	<l id="162">Aimable et digne objet de l'amour le plus tendre, </l>
	<l id="163">Sans toi, je ne vis plus, mon âme est avec toi.</l>
</sp>
</div2>
<div2 type="scene" n="2"><head>SCÈNE II. Zoroastre, Oromasès.</head>
<sp who="OROMASÈS"><speaker>OROMASÈS.</speaker>
	<l id="164">Dans cet asile favorable</l>
	<l id="165">Tu n'as vu que des jours sereins ;</l>
	<l id="166">Mais la terre gémit, un monstre impitoyable,</l>
	<l id="167">Sous un sceptre de fer, fait trembler les humains.</l>
	<l id="168">Au coup le plus cruel que ton coeur se prépare.</l>
</sp>
<sp who="ZOROASTRE"><speaker>ZOROASTRE.</speaker>
	<l id="169" syll="6" part="i">Je frémis !... Amélite ?...</l>
</sp>
<sp who="OROMASÈS"><speaker>OROMASÈS.</speaker>
	<l id="169" syll="6" part="f">Il faut briser ses fers.</l>
</sp>
<sp who="ZOROASTRE"><speaker>ZOROASTRE.</speaker>
	<l id="170">Ses fers !... Elle serait au pouvoir d'un barbare ?</l>
	<l id="171">Et l'espace immense des airs</l>
	<l id="172">D'un objet si cher me sépare !</l>
</sp>
<sp who="OROMASÈS"><speaker>OROMASÈS.</speaker>
	<l id="173">De charme des plaisirs, et du poids des revers,</l>
	<l id="174">J'ai vu triompher ta constance.</l>
	<l id="175">Du ciel, qui l'éprouvait, va prendre la défense,</l>
	<l id="176">Zoroaste, il est temps d'affranchir l'univers.</l>
</sp>
<sp who="ZOROASTRE"><speaker>ZOROASTRE.</speaker>
	<l id="177">Mais ses jours ?... Pardonnez à ma tendresse extrême.</l>
	<l id="178">Hélas ! Mille fois, sans effroi,</l>
	<l id="179">J'ai vu le danger, la mort même :</l>
	<l id="180">Je n'ai jamais rien craint pour moi ;</l>
	<l id="181">Et je crains tout pour ce que j'aime.</l>
</sp>
<sp who="OROMASÈS"><speaker>OROMASÈS.</speaker>
	<l id="182">L'arbitre souverain de la terre et des cieux</l>
	<l id="183">Veut faire briller à tes yeux</l>
	<l id="184">Un rayon éclatant de sa foi immortelle.</l>
	<l id="185">Si rien ne peut lasser ton courage et ton zèle,</l>
	<l id="186">Vois quel doit être un jour ton destin glorieux.</l>
	<l id="187">Esprits du feu, de l'air, de la terre et de l'onde,</l>
	<l id="188">Volez, volez, accourez tous.</l>
</sp>
</div2>
<div2 type="scene" n="3"><head>SCÈNE II. Zoroastre, Oromasès, Esprits des divers Éléments.</head>
<sp who="OROMASÈS"><speaker>OROMASÈS.</speaker>
	<l id="189">Aux accents de ma voix, cieux, ô cieux, ouvrez vous !</l>
	<l id="190">Entends nos voeux, Maître du monde.</l>
	<l id="191">Que du sort et des temps l'obscurité profonde,</l>
	<l id="192">S'anéantisse devant nous.</l>
<stage type="pray/together">Les Esprits des éléments font leurs conjurations autour de Zoroastre, pendant le morceau précédent.</stage>
</sp>
<sp who="ZOROASTRE"><speaker>ZOROASTRE.</speaker>
	<l id="193">Où suis-je ?... Un nouveau jour m'éclaire...</l>
	<l id="194">Quels parfums enchanteurs !... Quels sons mélodieux !</l>
	<l id="195">Des secrets éternels je perce le mystère :</l>
	<l id="196">Mon âme vole dans les cieux.</l>
<stage type="fall/location/lmagique">Il tombe sur un lit de fleurs, et les Esprits des éléments forment un enchantement autour de zOROASTRE.</stage>
</sp>
<sp who="OROMASÈS, CHOEUR"><speaker>OROMASÈS, CHOEUR.</speaker>
	<l id="197">Zoroastre, vole à la gloire ;</l>
	<l id="198">Triomphe, éclaire l'univers.</l>
	<l id="199">Sur tes pas conduis la victoire ;</l>
	<l id="200">Donne des chaînes aux enfers.</l>
</sp>
<sp who="ZOROASTRE"><speaker>ZOROASTRE.</speaker>
	<l id="201">Secondez l'ardeur qui me presse,</l>
	<l id="202">Ouvrez-moi la route, et j'y cours.</l>
</sp>
<sp who="OROMASÈS"><speaker>OROMASÈS.</speaker>
	<l id="203">Redouble de constance: il y va de tes jours.</l>
	<l id="204">Pour te perdre, il suffit d'un instant de faiblesse.</l>
</sp>
<sp who="ZOROASTRE"><speaker>ZOROASTRE.</speaker>
	<l id="205">Puis-je craindre un tyran, que je bravais toujours ?</l>
</sp>
<sp who="OROMASÈS"><speaker>OROMASÈS.</speaker>
<stage type="give/explicit">Il lui donne le Livre de la Vie, que les anciesn persans appelleront dans les suites le Zend. Voy. d'Herb. B. p?. 931. Hyde Hist Ver. per. ep. ded. Eteh 26 et 31.</stage>
	<l id="206">C'est un présent du Ciel dont la bonté suprême</l>
	<l id="207">Sait si bien au danger mesurer le secours.</l>
	<l id="208">La malheur à sont terme, et doit avoir son cours.</l>
	<l id="209">Il finit, dès qu'il est extrême.</l>
</sp>
<sp who="ZOROASTRE"><speaker>ZOROASTRE.</speaker>
	<l id="210">Ah ! C'est trop m'arrêter... Sous le poids de ses fers,</l>
	<l id="211">Amélite gémit, et succombe peut-être.</l>
</sp>
<sp who="OROMASÈS"><speaker>OROMASÈS.</speaker>
	<l id="212">Puissent l'ordre et la paix, rendus à l'univers,</l>
	<l id="213">Faire aimer aux humains un père dans leur maître !</l>
	<l id="214">Vas : pars : désire où tu veux être.</l>
</sp>
<sp who="ZOROASTRE"><speaker>ZOROASTRE.</speaker>
	<l id="215">Tendre Amélite, hélas !...</l>
<stage type="decor">Tout disparaît. Le Théâtre change. Il représente l'intérieur redoutable du château-fort des rois de la Bactriane</stage>
</sp>
</div2>
<div2 type="scene" n="4"><head>SCÈNE IV. Amélite, entourée des Démons et chargée des chaînes, et Erinice, qui survient.</head>
<sp who="LE CHOEUR DES DEMONS"><speaker>LE CHOEUR DES DEMONS.</speaker>
	<l id="216">En vain l'innocence crie ;</l>
	<l id="217">L'enfer ne l'écoute pas.</l>
	<l id="218">Il la poursuit pendant la vie ;</l>
	<l id="219">Il la venge après le trépas.</l>
</sp>
<sp who="AMÉLITE"><speaker>AMÉLITE.</speaker>
	<l id="220">Juste ciel, quelle barbarie !</l>
	<l id="221">Suivrez-vous sans-cesse mes pas ?</l>
</sp>
<sp who="ERINICE"><speaker>ERINICE, en paraissant.</speaker>
	<l id="222">Arrête. Cet instant est le seul qui te reste.</l>
	<l id="223">Renonce au trône, ou meurs.</l>
</sp>
<sp who="AMÉLITE"><speaker>AMÉLITE.</speaker>
	<l id="224">Je brave ton pouvoir:</l>
	<l id="225">Frappe. Je crains bien moins la mort la plus funeste,</l>
	<l id="226">Que l'horreur de te voir.</l>
</sp>
<sp stage="closer/threat" who="ERINICE"><speaker>ERINICE, en fondant sur Amélite, un poignard à la main.</speaker>
	<l id="227">Ah ! C'est trop balancer : expire !</l>
<stage type="break">Une porte de fer se brise.</stage>
</sp>
</div2>
<div2 type="scene" n="5"><head>SCÈNE V. Amélite, Erinice, Zoroastre, Démons.</head>
<sp who="ZOROASTRE"><speaker>ZOROASTRE.</speaker>
	<l id="228">Barbare !...</l>
<stage type="drop/exit">Le poignard lui tombe des main ; les démons disparaissent</stage>
</sp>
<sp who="AMÉLITE, ERINICE"><speaker>AMÉLITE et ERINICE.</speaker>
	<l id="229">Zoroastre ?... Ah, Dieux !</l>
</sp>
<sp who="AMÉLITE"><speaker>AMÉLITE.</speaker>
	<l id="230">Cher amant ! Si l'Amour n'eût daigné vous conduire,</l>
	<l id="231">Je ne jouirais plus de la clarté des cieux.</l>
</sp>
<sp who="ERINICE"><speaker>ERINICE.</speaker>
	<l id="232">Que deviens-je ?... Mon bras, à ma haine infidèle,</l>
	<l id="233">Fait éclater mon crime, et lui laisse le jour.</l>
	<l id="234">Affreux moment ! Fatal retour !...</l>
	<l id="235">Elle vivra pour toi : tu ne vis que pour elle.</l>
	<l id="236">À l'excès de ma rage, à ma douleur mortelle</l>
	<l id="237">Connais du moins, ingrat, l'excès de mon amour.</l>
</sp>
<sp stage="toward" who="ZOROASTRE"><speaker>ZOROASTRE, à Erinice.</speaker>
	<l id="238">Cruelle... Je frémis !... Qu'ose-t-elle m'apprendre ?...</l>
	<l id="239">Tous mes sens sont glacés d'horreur.</l>
	<l id="240" syll="4" part="i">Ciel, quel amour !</l>
</sp>
<sp who="ERINICE"><speaker>ERINICE.</speaker>
	<l id="240" syll="8" part="f">Je vois ce que je dois attendre,</l>
	<l id="241">Je lis dans vos regards ma honte et son bonheur.</l>
	<l id="242">C'en est trop, et l'espoir d'une vengeance extrême</l>
	<l id="243">Peut seul adoucir mon malheur.</l>
<stage type="toward">À Zoroastre.</stage>
	<l id="244">Je confondrai dans ma fureur</l>
	<l id="245">Ce que je hais et ce que j'aime.</l>
	<l id="246">Tremble ! Pour égaler sa peine à ma douleur,</l>
	<l id="247">Avant de lui percer le coeur,</l>
	<l id="248">J'oserai t'immoler toi-même.</l>
	<l id="249">Je confondrai dans ma fureur,</l>
	<l id="250">Ce que je hais?  et ce que j'aime.</l>
<stage type="exit">Elle sort.</stage>
</sp>
</div2>
<div2 type="scene" n="6"><head>SCÈNE VI. Amélite, Zoroastre.</head>
<sp who="AMÉLITE"><speaker>AMÉLITE.</speaker>
	<l id="251">Hélas ! Je bravais son courroux :</l>
	<l id="252">J'ai souffert les plus rudes coups</l>
	<l id="253">Sans pâlir, sans daigner me plaindre.</l>
	<l id="254">La barbare à la fin, m'a forcée à la craindre,</l>
	<l id="255">En me faisant trembler pour vous.</l>
</sp>
<sp who="ZOROASTRE"><speaker>ZOROASTRE.</speaker>
	<l id="256">Je vois de ses fureurs toute la violence ;</l>
	<l id="257">Mais vos jours sont en sûreté,</l>
	<l id="258">Que peut contre moi sa vengeance ?</l>
</sp>  
<sp who="AMÉLITE"><speaker>AMÉLITE.</speaker>
	<l id="259">Eh ! Contre l'enfer irrité</l>
	<l id="260">Quel sera votre défense ?</l>
</sp>
<sp who="ZOROASTRE"><speaker>ZOROASTRE.</speaker>
	<l id="261">Le bras, qui vient pour vous d'enchaîner sa puissance,</l>
	<l id="262">Au jour, qu'elle obscurcit, rendra sa pureté.</l>
	<l id="263">Je vous revois, je ne sens plus d'alarmes ;</l>
	<l id="264">Je goûte enfin le prix de mes tendres soupirs :</l>
	<l id="265">L'Amour, qui vous rend à mes larmes,</l>
	<l id="266">Dans vos yeux répand tous ses charmes,</l>
	<l id="267">Et dans mon coeur tous ses plaisirs.</l>
</sp>  
<sp who="AMÉLITE"><speaker>AMÉLITE.</speaker>
	<l id="268">Ah ! Je n'écoute plus que ma tendresse extrême...</l>
	<l id="269">Je retrouve tout ce que j'aime,</l>
	<l id="270">Je perds le souvenir des maux que j'ai soufferts.</l>
</sp>
<sp who="ZOROASTRE"><speaker>ZOROASTRE.</speaker>
	<l id="271">Je cours les réparer : l'éclat du rang suprême</l>
	<l id="272">Effacera bientôt l'opprobre de vos fers.</l>
</sp>
<sp who="AMÉLITE"><speaker>AMÉLITE.</speaker>
	<l id="273">Est-ce pour un empire</l>
	<l id="274">Que mon âme soupire ?</l>
	<l id="275">Vous le savez, l'Amour la remplit de ses feux,</l>
	<l id="276">Vous voir à tous moments, vous aimer, vous le dire,</l>
	<l id="277">Voilà l'unique bien qui peut combler mes voeux.</l>
</sp>
<sp who="ZOROASTRE"><speaker>ZOROASTRE.</speaker>
	<l id="278">Vous enchantez mes sens, vous ravissez mon âme...</l>
	<l id="279">Qu'on s'oublie aisément dans les bras de l'Amour !</l>
	<l id="280">Le devoir m'appelle à son tour,</l>
	<l id="281">Je sers, en l'écoutant, et la gloire et ma flamme.</l>
	<l id="282">Séjour, impénétrable à la clarté des cieux,</l>
	<l id="283">Lieux terribles, cessez d'enchaîner l'innocence.</l>
	<l id="284">Murs, élevés par la vengeance,</l>
	<l id="285">Écroulez-vous, tombez murs odieux.</l>
<stage type="decor">Les murs disparaissent ; on voit une place de la ville de Bactre, dans laquelle sont plusieurs troupes différentes de peuples.</stage>
</sp>
</div2>
<div2 type="scene" n="7"><head>SCÈNE VII. Amélite, Zoroastre, Peuples.</head>
<sp who="ZOROASTRE"><speaker>ZOROASTRE, aux Peuples.</speaker>
	<l id="286">Le ciel, qu'ont attendri mes pleurs et votre zèle,</l>
	<l id="287">Vous rend le seul objet digne de votre choix.</l>
<stage type="show">En leur montrant Amélite.</stage>
	<l id="288">Le coup allait partir, et vous perdiez en elle</l>
	<l id="289">Tout l'auguste sang de vos rois.</l>
</sp>
<sp who="CÉPHIE, CHOEUR"><speaker>CÉPHIE, CHOEUR.</speaker>
	<l id="290">Éclatez transports d'allégresse</l>
	<l id="291">Brillez dans nos chants et nos jeux.</l>
	<l id="292">Célébrons le moment heureux</l>
	<l id="293">Qui nou rend à notre tendresse.</l>
<stage type="entrance">Les peuples viennent en foule célébrer le retour de Zoroastre, et la délivrance d'Amélite.</stage>
</sp>
<sp who="CÉPHIE"><speaker>CÉPHIE.</speaker>
	<l id="294">Ah ! Que l'absence est un cruel tourment !</l>
	<l id="295">Mais qu'il est doux de revoir ce qu'on aime.</l>
	<l id="296">Tout s'embellit au retour d'un amant.</l>
	<l id="297">Tout reprend le charme suprême</l>
	<l id="298">Du plaisir, ou du sentiment.</l>
	<l id="299">Sans lui le jour le plus charmant</l>
	<l id="300">Est plus sombre que le nuit même.</l>
	<l id="301">Ah ! Que l'absence est un cruel tourment !</l>
	<l id="302">Mais qu'il est doux de revoir ce qu'on aime.</l>
<stage type="danse">Le ballet continue.</stage>
</sp>
<sp who="AMÉLITE"><speaker>AMÉLITE.</speaker>
	<l id="303">Non, ce n'est pas toujours pour ravager la terre,</l>
	<l id="304">Que les vents agitent les airs.</l>
	<l id="305">Le Ciel, sans lancer le tonnerre</l>
	<l id="306">Fait souvent briller les éclairs.</l>
	<l id="307">Si l'amour pour un temps éprouve un coeur sincère,</l>
	<l id="308">Et semble appesantir ses fers,</l>
	<l id="309">Qu'il soupire ; mais qu'il espère.</l>
	<l id="310">Le bonheur quelque fois naît du sein des revers.</l>
	<l id="311">Non ce n'est pas pour ravager la terre,</l>
	<l id="312">Que les vents agitent les airs.</l>
	<l id="313">Le ciel sans lancer le tonnerre,</l>
	<l id="314">Fait souvent briller les éclaire.</l>
<stage type="danse">Le ballet continue.</stage>
</sp>
<sp who="ZOROASTRE"><speaker>ZOROASTRE, aux peuples.</speaker>
	<l id="315">Cessez de redouter des prêtres criminels.</l>
	<l id="316">Renoncez à des dieux cruels,</l>
	<l id="317">Qui frappent quand on les implore.</l>
	<l id="318">Qu'une fête éclatante, au lever de l'aurore,</l>
	<l id="319">De tous les tendres coeurs récompense les feux.</l>
	<l id="320">Que l'amour seul offre nos voeux,</l>
	<l id="321">Au Dieu bien faisant que j'adore.</l>
</sp>
<sp who="AMÉLITE, CÉPHIE, CHOEUR"><speaker>AMÉLITE, CÉPHIE, CHOEUR.</speaker>
	<l id="322">Qu'il triomphe des autres Dieux.</l>
</sp>
<sp who="AMÉLITE"><speaker>AMÉLITE.</speaker>
	<l id="323">Le jour qui va nous luire est un jour de victoire :</l>
	<l id="324">Qu'il nous rassemble à son retour.</l>
	<l id="325">Cher Zoroastre, c'est l'amour</l>
	<l id="326">Qui veut y couronner la gloire.</l>
</sp>
<sp who="LE CHOEUR"><speaker>LE CHOEUR.</speaker>
	<l id="327">Tendres amants, formez les plus beaux noeuds.</l>
</sp>
<sp who="AMÉLITE"><speaker>AMÉLITE.</speaker>
	<l id="328">Chantez, chantez ; vos malheurs cessent :</l>
	<l id="329">Que les plus doux plaisirs renaissent.</l>
</sp>
<sp who="CÉPHIE, CHOEUR"><speaker>CÉPHIE, CHOEUR.</speaker>
	<l id="330">Chantons, chantons, nos malheurs cessent,</l>
	<l id="331">Que les plus doux plaisirs renaissent :</l>
	<l id="332">Que Zoroastre soit heureux.</l>
</sp>
</div2>
</div1>
<div1 type="acte" n="3"><head>ACTE III</head>
<stage type="decor">Le théâtre représente les dehors de la ville de Bactre, et le rivage du fleuve qui la partage.</stage>
<div2 type="scene" n="1"><head>SCÈNE PREMIÈRE. Erinice, Abramane.</head>
<stage type="light">L'acte commence avant la fin de la nuit.</stage>
<sp who="ABRAMANTE"><speaker>ABRAMANTE.</speaker>
	<l id="333">Arrêtez ! Modérez cette fureur extrême :</l>
	<l id="334">Le moindre éclat peut écarter</l>
	<l id="335">L'ennemi, qui s'offre lui-même</l>
	<l id="336">Aux coups que je dois lui porter.</l>
	<l id="337">Laissez agir ma haine, et quittez ce rivage.</l>
</sp>
<sp who="ERINICE"><speaker>ERINICE.</speaker>
	<l id="338">C'est ici qu'ils doivent s'unir.</l>
</sp>
<sp who="ABRAMANTE"><speaker>ABRAMANTE.</speaker>
	<l id="339">Je l'attends dans le piège où son amour l'engage :</l>
	<l id="340">Son tombeau se prépare et mon art va l'ouvrir.</l>
</sp>
<sp who="ERINICE"><speaker>ERINICE.</speaker>
	<l id="341">Ah ! C'est à moi de la punir...</l>
	<l id="342">Il croit donc consommer son crime et mon ouvrage ?</l>
</sp>
<sp who="ABRAMANTE"><speaker>ABRAMANTE.</speaker>
	<l id="343">Le peuple en sa faveur paraît se réunir :</l>
	<l id="344">Je vais dissiper cet orage :</l>
	<l id="345">Mais vous pouviez le prévenir.</l>
</sp>
<sp who="ERINICE"><speaker>ERINICE.</speaker>
	<l id="346">Ô trop funeste souvenir !</l>
	<l id="347">Ma rivale triomphe : elle échappe à ma rage.</l>
</sp>
<sp who="ABRAMANTE"><speaker>ABRAMANTE.</speaker>
	<l id="348">Ô Dieux ! Qu'importe à nos desseins</l>
	<l id="349">Ou la vie, ou la mort d'une faible rivale ?</l>
	<l id="350">C'est en frappant l'objet d'une falmme fatale</l>
	<l id="351">Qu'il fallait d'un seul coup assurer nos destins.</l>
</sp>
<sp who="ERINICE"><speaker>ERINICE.</speaker>
	<l id="352">L'ingrat !... En le voyant paraître</l>
	<l id="353">Le poignard m'est tombé des mains.</l>
</sp>
<sp who="ABRAMANTE"><speaker>ABRAMANTE.</speaker>
	<l id="354">Eh ! Si vous le voyez, malgré tous ses dédains,</l>
	<l id="355">L'Amour sera-t-il moins le maître ?</l>
</sp>
<sp who="ERINICE"><speaker>ERINICE.</speaker>
	<l id="356">Non, tout sert à rallumer</l>
	<l id="357">Le dépit qui me dévore ;</l>
	<l id="358">L'amour ne peut plus le calmer.</l>
	<l id="359">Dieux ! Une autre a su le charmer !</l>
	<l id="360">Il me fuit, le cruel ; il me hait ; je l'abhorre.</l>
	<l id="361">Contre lui que ne puis-je armer</l>
	<l id="362">Tout ce qui voit le jour, du couchant à l'aurore !</l>
	<l id="363">Non, tout sert à rallumer</l>
	<l id="364">Le dépit qui me dévore ;</l>
	<l id="365">L'amour ne peut plus le calmer.</l>
</sp>
<sp who="ABRAMANTE"><speaker>ABRAMANTE.</speaker>
	<l id="366">Un coeur fier, qui brise sa chaîne,</l>
	<l id="367">Reprend un calme heureux, avec sa liberté.</l>
	<l id="368">Votre âme est déchirée, un vain dépit l'entraîne.</l>
	<l id="369">Puis-je prendre pour de la haine</l>
	<l id="370">Les cris de l'amour irrité ?</l>
	<l id="371">Il faut aider votre faiblesse :</l>
	<l id="372">Pour risquer ces instants, ils sont trop précieux.</l>
	<l id="373">Ici que votre pouvoir cesse,</l>
	<l id="374">Et qu'un nuage épais vous cache à tous les yeux.</l>
<stage type="meteo">Un nuage épais l'environne.</stage>
</sp>
<sp stage="exit" who="ERINICE"><speaker>ERINICE, en disparaissant.</speaker>
	<l id="375">Ah, le perfide !</l>
</sp>
</div2>
<div2 type="scene" n="2"><head>SCÈNE II.</head>
<sp stage="alone" who="ABRAMANE"><speaker>ABRAMANE, seul.</speaker>
	<l id="376">Osons achever de grands crimes :</l>
	<l id="377">J'en attends un prix glorieux.</l>
	<l id="378">Leur nom change, s'ils sont heureux :</l>
	<l id="379">Tous les succès sont légitimes.</l>
	<l id="380">Superbe ennemi de mes dieux,</l>
	<l id="381">La mort t'environne en ces lieux ;</l>
	<l id="382">Sous tes pas la vengeance a creusé mille abîmes.</l>
	<l id="383">Et toi, que j'adorais... vous, peuples odieux,</l>
	<l id="384">Vous bravez mon pouvoir ; soyez-en les victimes.</l>
	<l id="385">Osons achever de grands crimes :</l>
	<l id="386">J'en attends un prix glorieux.</l>
	<l id="387">Leur nom change, s'ils sont heureux:</l>
	<l id="388">Tous les succès sont légitimes.</l>
	<l id="389">Le jour va rassembler ces peuples inconstants.</l>
	<l id="390">Attendons dans ces bois le moment de paraître.</l>
	<l id="391">Il faut, par des coups éclatants,</l>
	<l id="392">Affermir un pouvoir, qu'on ose méconnoître.</l>
<stage type="exit">Il sort.</stage>
<stage type="light">Les premiers rayons du jour paraissent.</stage>
</sp>
</div2>
<div2 type="scene" n="3"><head>SCÈNE III. Zoroastre, et sa Suite.</head>
<sp who="ZOROASTRE"><speaker>ZOROASTRE.</speaker>
	<l id="393">Sommeil, fuis de ce séjour.</l>
	<l id="394">Pour la fête la plus belle,</l>
	<l id="395">La voix de l'Amour nous appelle ;</l>
	<l id="396">Volons à la voix de l'Amour.</l>
</sp>
</div2>
<div2 type="scene" n="4"><head>SCÈNE IV. Zoroastre, et sa Suite, Amélite et sa Suite.</head>
<sp who="AMÉLITE"><speaker>AMÉLITE.</speaker>
	<l id="397">L'Aurore vermeille</l>
	<l id="398">Presse son retour.</l>
	<l id="399">Les tendres oiseaux, qu'elle éveille,</l>
	<l id="400">Par leurs chants annoncent le jour.</l>
</sp>
<sp who="AMÉLITE, ZOROASTRE"><speaker>AMÉLITE et ZOROASTRE.</speaker>
	<l id="401">Sommeil, fuis de ce séjour, ...</l>
	<l id="402">Pour la fête la plus belle,</l>
	<l id="403">La voix de l'Amour nous appelle ;</l>
	<l id="404">Volons à la voix de l'Amour.</l>
</sp>
<sp who="ZOROASTRE"><speaker>ZOROASTRE.</speaker>
	<l id="405">De notre flamme mutuelle</l>
	<l id="406">L'Hymen va, pour jamais, assurer le bonheur.</l>
	<l id="407">L'Amour, qui l'alluma pour la rendre éternelle,</l>
	<l id="408">Offre un nouveau charme à mon coeur</l>
	<l id="409">Dans le devoir de vous être fidèle.</l>
</sp>
<sp who="AMÉLITE"><speaker>AMÉLITE.</speaker>
	<l id="410">Les plus beaux noeuds se préparent pour vous,</l>
	<l id="411">L'Amour doit les former, le bonheur va les suivre.</l>
	<l id="412">Ah ! Que mon destin sera doux !</l>
	<l id="413">J'aurais voulu mourir pour vous,</l>
	<l id="414">Et c'est pour vous que je vais vivre.</l>
</sp>
</div2>
<div2 type="scene" n="5"><head>SCÈNE V. Zoroastre, et sa Suite, Amélite et sa Suite, Peuples Bactriens.</head>
<sp stage="together" who="LE CHOEUR"><speaker>LE CHOEUR, auquel se joignent Zoroastre et Amélite.</speaker>
	<l id="415">Sommeil, fuis de ce séjour.</l>
	<l id="416">Pour la fête la plus belle,</l>
	<l id="417">La voix de l'Amour nous appelle ;</l>
	<l id="418">Volons à la voix de l'Amour.</l>
<stage type="entrance/light">Les jeunes habitants des rivages divers du fleuve de Bactre, dont l'hymen doit embellir cette fête, arrivent. L'Aurore successivement fait place au grand jour : les rayons nouveaux du Soleil et embellissent le théâtre.</stage>
</sp>
<sp who="ZOROASTRE"><speaker>ZOROASTRE.</speaker>
	<l id="419">Mille rayons brillants embellissent les airs.</l>
	<l id="420">Faisons éclater nos concerts.</l>
</sp>
<sp who="ZOROASTRE"><speaker>ZOROASTRE.</speaker>
<stage type="title">Hymne au Soleil.</stage>
	<l id="421">Ô lumière vive et pure ;</l>
	<l id="422">Les fleurs, les fruits, la verdure</l>
	<l id="423">Semblent renaître à ton retour.</l>
	<l id="424">Les couleurs brillent, l'air s'épure,</l>
	<l id="425">La terre reprend sa parure ;</l>
	<l id="426">Tu lui donne l'éclat du céleste séjour.</l>
</sp>
<sp who="CHOEUR"><speaker>CHOEUR.</speaker>
	<l id="427">Ô lumière vive et pure ;</l>
	<l id="428">Les fleurs, les fruits, la verdure</l>
	<l id="429">Semblent renaître à ton retour.</l>
</sp>
<sp who="AMÉLITE, ZOROASTRE"><speaker>ZOROASTRE, AMÉLITE.</speaker>
	<l id="430">Tout se ranime aux premiers feux du jour.</l>
	<l id="431">L'oiseau chante, l'onde murmure;</l>
	<l id="432">Ce sont les doux concerts que t'offre la nature.</l>
	<l id="433">Et les accents de son amour.</l>
</sp>
<sp who="AMÉLITE"><speaker>AMÉLITE.</speaker>
	<l id="434">Ô lumière vive et pure,</l>
	<l id="435">Les fleurs, les fruits, la verdure</l>
	<l id="436">Semblent renaître à ton retour.</l>
	<l id="437">Les couleurs brillent, l'air s'épure</l>
	<l id="438">La terre reprend sa parue,</l>
	<l id="439">Tu lui donnes l'éclat du céleste séjour.</l>
<stage type="pray/together">Les jeunes filles, qui doivent être unies à l'objet de leur tendresse, vont adorer l'astre du jour ; et les Peuples célèbrent par leurs danses le retour de la lumière.</stage>
</sp>
<sp who="ZOROASTRE"><speaker>ZOROASTRE.</speaker>
	<l id="440">Accourez, jeunesse brillante ;</l>
	<l id="441">Laissez éclater vos désirs.</l>
	<l id="442">Aimez d'une flamme constante ;</l>
	<l id="443">L'hymen va remplir votre attente,</l>
	<l id="444">Par une chaîne de plaisirs.</l>
	<l id="445">Accourez, jeunesse brillante, ...</l>
	<l id="446">Laissez éclater vos désirs.</l>
</sp>
</div2>
<div2 type="scene" n="6"><head>SCÈNE VI. Jeunes Gens habitants des Montagnes et les acteurs pérécédents.</head>
<stage type="entrance">Entrée des jeunes habitants des montagnes et ballet avec les jeunes filles que l'hymen leur destine.</stage>
<sp who="AMÉLITE"><speaker>AMÉLITE.</speaker>
	<l id="447">Sur nos coeurs épuise tes armes,</l>
	<l id="448">Amour vole et lance tes traits.</l>
	<l id="449">Tu nous offres le prix de nos tendres alarmes,</l>
	<l id="450">Et l'hymen paré de tes charmes,</l>
	<l id="451">Va nos dispenser tes bienfaits.</l>
	<l id="452">Sur nos coeurs épuise tes armes,</l>
	<l id="453">Amour vole et lance tes traits.</l>
<stage type="danse">Les jeunes habitants des montagnes continuent leurs danses.</stage>
</sp>
<sp who="ZOROASTRE"><speaker>ZOROASTRE.</speaker>
	<l id="454">Hâtons notre bonheur, venez tendres amants.</l>
<stage type="closer/together">Tous les jeunes amants qui doivent être unis, forment un demi cercle autour de Zoroastre et d'Amélite.</stage>
	<l id="455">Dieu bienfaisant, Être suprême,</l>
	<l id="456">Tes lois pour notre coeur sont des liens charmants :</l>
	<l id="457">Tu veux qu'il t'adore et qu'il aime.</l>
	<l id="458">Daigne écouter nos voeux, et reçois nos serments.</l>
<stage type="show">Il présente la main d'Amélite : tous les autres se la présentent en même temps et se la donnent.</stage>
</sp>
<sp who="AMÉLITE, ZOROASTRE"><speaker>AMÉLITE et ZOROASTRE.</speaker>
	<l id="459" syll="4" part="i">Je vous jure...</l>
<stage type="thunder/light">Un coup de tonnerre éclate, l'obscurité s'empare de toutes les parties de l'horizon.</stage>
</sp>
<sp who="AMÉLITE"><speaker>AMÉLITE.</speaker>
	<l id="459" syll="8" part="f">Quels feux ? Quels éclats de tonnerre ?</l>
</sp>
<sp who="LE CHOEUR"><speaker>LE CHOEUR.</speaker>
	<l id="460" syll="3" part="i">Ciel, Ô ciel !</l>
</sp>
<sp who="ZOROASTRE"><speaker>ZOROASTRE.</speaker>
	<l id="460" syll="3" part="m">Le jour fuit.</l>
</sp>
<sp who="AMÉLITE"><speaker>AMÉLITE.</speaker>
	<l id="460" syll="6" part="f">Je sens trembler la terre.</l>
</sp>
<sp who="ZOROASTRE"><speaker>ZOROASTRE.</speaker>
	<l id="461">Une mortelle vapeur empoisonne les airs...</l>
	<l id="462">Sous nos pas, tout-à-coup, que d'abîmes ouverts.</l>
</sp>
<sp who="LE CHOEUR"><speaker>LE CHOEUR.</speaker>
	<l id="463" syll="3" part="i">Ciel, Ô ciel !</l>
</sp>
<sp who="AMÉLITE"><speaker>AMÉLITE.</speaker>
	<l id="463" syll="5" part="f">Tout mon sang se glace...</l>
<stage type="toward">À Zoroaste.</stage>
	<l id="464">Il va périr... hélas ! Tout s'ame contre toi...</l>
	<l id="465">Ah ! Si ton courroux nous menace,</l>
	<l id="466">Juste ciel, ne frappe que moi.</l>
</sp>
<sp who="ZOROASTRE"><speaker>ZOROASTRE.</speaker>
	<l id="467">Il protège toujours et ne veut jamais nuire.</l>
	<l id="468">L'amour est dans nos coeurs, le ciel sera pour nous.</l>
	<l id="469">Il m'éclaire... Rassurez-vous,</l>
	<l id="470">Ce n'est qu'un charme affreux, et je vais le détruire.</l>
<stage type="light/thunder">Un amas d'épais nuages paraît rapidement dans les airs ; il s'ouvre au bruit du tonnerre ; on voit Abramane sur un char enflammé.</stage>
</sp>
</div2>
<div2 type="scene" n="7"><head>SCÈNE VII. Abramane dans les airs, Zoroastre, et sa Suite, Amélite et sa Suite, Peuples Bactriens, Jeunes Gens habitants des Montagnes.</head>
<sp who="ABRAMANTE"><speaker>ABRAMANTE.</speaker>
	<l id="471">Dieux, armez-vous, armez mon bras.</l>
	<l id="472">Coulez, torrents de feu, pour venger leur outrage.</l>
	<l id="473">Fiers aquilons, dans ces climats</l>
	<l id="474">Portés la terreur, le ravage,</l>
	<l id="475">Et faites voler le trépas !</l>
<stage type="exit">Il disparaît.</stage>
</sp>
<sp who="ZOROASTRE"><speaker>ZOROASTRE.</speaker>
	<l id="476" syll="3" part="i">Ah, cruel !</l>
</sp>
<sp stage="fall/location" who="AMÉLITE"><speaker>AMÉLITE, qui tombe sur un tronc d'arbre.</speaker>
	<l id="476" syll="3" part="m">Je me meurs...</l>
</sp>
<sp stage="escape" who="CHOEUR DE PEUPLES"><speaker>CHOEUR DE PEUPLES, qui fuient.</speaker>
	<l id="476" syll="6" part="f">Dieux ! Fuyons tous, fuyons.</l>
</sp>
</div2>
<div2 type="scene" n="8"><head>SCÈNE VIII. Zoroastre, Amélite, Peuples Bactriens qu'on entend, et qu'on ne voit pas.</head>
<sp who="ZOROASTRE"><speaker>ZOROASTRE, en courant aux piéds d'Amélite.</speaker>
	<l id="477" syll="8" part="i">Amélite !... Elle expire... Ô ciel !...</l>
</sp>
<sp stage="location" who="LE CHOEUR"><speaker>LE CHOEUR, dans l'éloignement.</speaker>
	<l id="477" syll="4" part="f">Nous périssons.</l>
</sp>
<sp stage="toward" who="ZOROASTRE"><speaker>ZOROASTRE, aux Peuples.</speaker>
	<l id="478">Ah ! Je cours vous défendre.</l>
<stage type="toward">À Amélite.</stage>
	<l id="479">Ouvrez ces yeux mourants, aux cris de ma douleur ;</l>
	<l id="480">En tremblant pour vos jours, que pourrais-je entreprendre ?</l>
	<l id="481">Le courage fuit de mon coeur :</l>
	<l id="482">Vos yeux, ces yeux si beaux, peuvent seuls me le rendre.</l>
</sp>
<sp who="AMÉLITE"><speaker>AMÉLITE.</speaker>
	<l id="483">Où suis-je ?... Quel pouvoir, quels accents amoureux</l>
	<l id="484">Arrêtent mon âme expirante ?...</l>
	<l id="485">Ah ! C'est vous que l'Amour offre encore à mes voeux,</l>
	<l id="486">Je vous revois... je meurs contente.</l>
</sp>
<sp who="ZOROASTRE"><speaker>ZOROASTRE.</speaker>
	<l id="487">Troupe légère et bienfaisante,</l>
	<l id="488">Venez, esprits de paix, accourez en ces lieux.</l>
<stage type="entrance">Les Esprits bienfaisants paraissent et environnent Amélite.</stage>
</sp>
<sp stage="away" who="LE CHOEUR"><speaker>LE CHOEUR, dans l'éloignement.</speaker>
	<l id="489" syll="4" part="i">Nous périssons.</l>
</sp>
<sp stage="toward" who="ZOROASTRE"><speaker>ZOROASTRE, à Amélite.</speaker>
	<l id="489" syll="6" part="f">Un tyran furieux.</l>
	<l id="490">Fait voler sur leurs pas la mort et l'épouvante,</l>
	<l id="491">Il faut ou les sauver, ou périr avec eux.</l>
	<l id="492">Tendre Amélite, chère amante.</l>
	<l id="493">Adieu !... Prenez soin de ses jours,</l>
	<l id="494">Daignez la garantir des périls où je cours.</l>
<stage type="exit/fire">Il part : les Esprits bienfaisants environnent Amélite et l'emmènent. Dans le même moment des colonnes de feu se détachent du ciel, fondent sur la ville de Bactre et l'embrasent.</stage>
</sp>
</div2>
</div1>
<div1 type="acte" n="4"><head>ACTE IV</head>
<stage type="decor">Le théâtre représente le Temple souterrain et secret d'Ariman. On voit, dans le fond, un autel d'ébène, teint de sang.</stage>
<div2 type="scene" n="1"><head>SCÈNE PREMIÈRE.</head>
<sp stage="alone" who="ABRAMANE"><speaker>ABRAMANE, seul.</speaker>
	<l id="495">Cruels tyrans, qui régnez dans mon coeur,</l>
	<l id="496">Impitoyable haine, implacable vengeance ;</l>
	<l id="497">Des remords dévorants épargnez-moi l'horreur,</l>
	<l id="498">Ou cédez à leur violence.</l>
	<l id="499">Dans le fond de mon âme, une importune ardeur</l>
	<l id="500">S'irrite, par ma résistance.</l>
	<l id="501">Pour me reprocher ma fureur,</l>
	<l id="502">Le crime unit sa voix aux cris de l'innocence :</l>
	<l id="503">De l'abîme où je cours, je vois la profondeur...</l>
	<l id="504">Tout m'alarme et me nuit, tout, jusqu'à ma puissance,</l>
	<l id="505">Répand autour de moi le trouble et la terreur.</l>
	<l id="506">Cruels tyrans, qui régnez dans mon coeur,</l>
	<l id="507">Impitoyable haine, implacable vengeance,</l>
	<l id="508">Des remords dévorants épargnez-moi l'horreur,</l>
	<l id="509">Ou cédez à leur violence.</l>
</sp>
</div2>
<div2 type="scene" n="2"><head>SCÈNE II. Zopire, Abramane.</head>
<sp who="ZOPIRE"><speaker>ZOPIRE.</speaker>
	<l id="510">Votre ennemi triomphe et les moments sont chers.</l>
	<l id="511">Échappé des périls extrêmes</l>
	<l id="512">Qu'à son courage opposaient les enfers,</l>
	<l id="513">Nos soldats, animés par vos ordres suprêmes,</l>
	<l id="514">Couraient, pour l'accabler de fers.</l>
	<l id="515">Sa voix éclate dans les airs ;</l>
	<l id="516">Ils tournent aussitôt leurs armes contre eux-mêmes.</l>
</sp>
<sp who="ABRAMANE"><speaker>ABRAMANE.</speaker>
	<l id="517">Dieux d'Abramane, dieux vengeurs</l>
	<l id="518">Quel pouvoir suspend vos fureurs ?</l>
</sp>
</div2>
<div2 type="scene" n="3"><head>SCÈNE III. Narbanor, et les acteurs précédents.</head>
<sp stage="desparate" who="NARBANOR"><speaker>NARBANOR, au désespoir.</speaker>
	<l id="519">Du jour le plus serein la clarté vive et pure</l>
	<l id="520">A dissipé l'horreur de vos enchantements.</l>
	<l id="521">Les vents sont enchaînés, les fleurs et la verdure</l>
	<l id="522">Dans nos champs désolés ramènent le printemps.</l>
</sp>
</div2>
<div2 type="scene" n="4"><head>SCÈNE IV. Erinice, Abramane, Zopire.</head>
<sp who="ERINICE"><speaker>ERINICE.</speaker>
	<l id="523">C'en est donc fait, perfide. Il n'est plus d'espérance.</l>
	<l id="524">Je me vois, pour jamais,</l>
	<l id="525">Unie à tes forfaits ;</l>
	<l id="526">Et je perds, sans retour, ma gloire et ma vengeance.</l>
</sp>
<sp who="ABRAMANE"><speaker>ABRAMANE.</speaker>
	<l id="527">Un revers d'un instant doit-il vous ébranler ?</l>
	<l id="528">Vous savez quelle est ma puissance.</l>
	<l id="529">Est-ce à vous de trembler ?</l>
	<l id="530">Rappelez votre courage.</l>
	<l id="531">Un honteux désespoir</l>
	<l id="532">Ne doit être le partage</l>
	<l id="533">Que des malheureux, sans pouvoir.</l>
</sp>
<sp who="ERINICE"><speaker>ERINICE.</speaker>
	<l id="534">Eh ! Que puis-je espérer encore ?</l>
	<l id="535">Amélite respire, et ton rival l'adore.</l>
	<l id="536">Que leur vue à mon coeur a coûté de tourments !</l>
	<l id="537">Qu'ils étaient amoureux, et qu'ils étaient contents !</l>
	<l id="538">Qu'ils goûtaient de douceurs à resserrer leur chaîne !</l>
</sp>
<sp who="ABRAMANE"><speaker>ABRAMANE.</speaker>
	<l id="539">Arrêtez !... Eh pourquoi retracer, inhumaine,</l>
	<l id="540">Le souvenir affreux de ces cruels instants ?</l>
</sp>
<sp who="ERINICE, ABRAMANE"><speaker>ERINICE et ABRAMANE.</speaker>
	<l id="541">Ô dieux ! Quelle douleur mortelle !</l>
	<l id="542">L'amour et le bonheur éclataient dans leurs yeux.</l>
</sp>
<sp who="ABRAMANE"><speaker>ABRAMANE.</speaker>
	<l id="543">Que Zoroastre était heureux !</l>
	<l id="544">Qu'Amélite était belle !</l>
</sp>
<sp who="ERINICE"><speaker>ERINICE.</speaker>
	<l id="545">Je vois, avec horreur, la lumière du jour.</l>
	<l id="546">Ah ! Quel supplice ! Quelle peine !</l>
	<l id="547">De sentir déchirer un coeur, fait pour l'Amour,</l>
	<l id="548">Par toutes les fureurs d'une impuissante haine !</l>
</sp>
<sp who="ABRAMANE"><speaker>ABRAMANE.</speaker>
	<l id="549">La haine, qui fait agir,</l>
	<l id="550">Est toujours assez puissante.</l>
	<l id="551">Les trésors de mon art à vos yeux vont s'ouvrir,</l>
	<l id="552">Le danger disparaît, quand le courage augmente.</l>
	<l id="553">La haine, qui fait agir,</l>
	<l id="554">Est toujours assez puissante.</l>
</sp>
</div2>
<div2 type="scene" n="5"><head>SCÈNE V. Erinice, Abramane, Zopire, Prêtres.</head>
<sp who="ABRAMANE"><speaker>ABRAMANE.</speaker>
	<l id="555">Qu'une double porte d'airain</l>
	<l id="556">Rende à nos ennemis ce temple impénétrable.</l>
	<l id="557">Erinice, osez voir, avec un front serein,</l>
	<l id="558">Les mystères secrets d'un culte redoutable.</l>
<stage type="location/explicit">Erinice se place : la cérémonie commence Abramane, entouré de prêtres.</stage>
	<l id="559">Suprême auteur des maux et des tristes revers,</l>
	<l id="560">Qui désolent la terre et l'onde;</l>
	<l id="561">Ô, toi ! Que sous des noms divers,</l>
	<l id="562">J'ai fait connaître à l'univers</l>
	<l id="563">Pour le maître absolu du monde ;</l>
	<l id="564">On attaque ta gloire : arme ton bras vengeur ;</l>
	<l id="565">Fais briller dans les airs les flammes du tonnerre ;</l>
	<l id="566">Éclate ; venge-toi : ce n'est qu'à la terreur</l>
	<l id="567">Que tu dois l'encens de la terre.</l>
</sp>
<sp who="ZOPIRE, LES CHOEURS"><speaker>ZOPIRE, et LES CHOEURS.</speaker>
	<l id="568">On attaque ta gloire: on arme ton bras vengeur ;</l>
	<l id="569">Fais briller dans les airs les flammes du tonnerre ;</l>
	<l id="570">Éclate ; venge-toi : ce n'est qu'à la terreur</l>
	<l id="571">Que tu dois l'encens de la terre.</l>
</sp>
<sp stage="threat" who="ABRAMANE"><speaker>ABRAMANE, en prenant une hache sacrée.</speaker>
	<l id="572">Épuisons le flanc</l>
	<l id="573">Des tristes victimes.</l>
	<l id="574">Redoutable Ariman,</l>
	<l id="575">Nourris tes fureurs légitimes</l>
	<l id="576">Dans des flots de sang.</l>
<stage type="location/together/danse">Abramane, précédé et suivi de prêtres, va à l'autel et il immole les victimes. Pendant ce temps on forme, sur le devant du théâtre les danses que les peuples anciens appelaient danses d'expiation.</stage>
</sp>
<sp stage="away" who="ABRAMANE"><speaker>ABRAMANE, en quittant l'autel.</speaker>
	<l id="577">Princesse, tout m'annonce un secours invincible,</l>
	<l id="578">Et je ne vis jamais d'augures plus heureux !</l>
	<l id="579">Réunissons nos voix, et qu'un charme terrible</l>
	<l id="580">Assure encor le succès de nos voeux.</l>
</sp>
<sp who="ERINICE, ABRAMANE"><speaker>ABRAMANE et ERINICE.</speaker>
	<l id="581">Ministres redoutés du plus puissant empire,</l>
	<l id="582">Des mortels et des dieux, de vous-mêmes ennemis ;</l>
	<l id="583">Vous, esprits, que l'ardeur de nuire</l>
	<l id="584">Peut seule forcer d'être unis.</l>
	<l id="585">Volez, volez, troupe cruelle,</l>
	<l id="586">Donnez un libre essor à toutes vos fureurs.</l>
	<l id="587">L'amour outragé vous appelle :</l>
	<l id="588">Accourez à ses cris, implacables vengeurs.</l>
<stage type="entrance/threat">Les Esprits malfaisants sortent en foule de toutes les parties du théâtre. La Haine paraît dans le fond avec les Furies, le Désespoir, etc. Cette troupe s'ouvre et la Vengeance arrive, armée d'une massue hérissée de pointes de fer.</stage>
</sp>
</div2>
<div2 type="scene" n="6"><head>SCÈNE VI. La Vengeance, la Haîne, le Désespoir, les Furies, Erinice, Abramane, Zopire, Prêtres.</head>
<sp who="LA VENGEANCE, LE CHOEUR"><speaker>LA VENGEANCE et LE CHOEUR.</speaker>
	<l id="589">À ta voix, nous quittons sans peine</l>
	<l id="590">L'éternelle nuit.</l>
	<l id="591">La Haine</l>
	<l id="592">Nous mène,</l>
	<l id="593">La Vengeance nous suit.</l>
</sp>
<sp who="LA VENGEANCE"><speaker>LA VENGEANCE.</speaker>
	<l id="594">Les biens que notre main dispense</l>
	<l id="595">Ont plus de douceurs qu'on ne pense :</l>
	<l id="596">Nous offrons, pour secours, dans leurs maux rigoureux,</l>
	<l id="597">Aux coeurs outragés, la vengeance,</l>
	<l id="598">Et le trépas, aux malheureux.</l>
<stage type="title">BALLET.</stage>
<stage type="give">La Haine donne à la Vengeance une poignée de serpents ; le Désespoir lui donne un poignard ensanglanté.</stage>
</sp>
<sp who="LA VENGEANCE"><speaker>LA VENGEANCE, à Erinice.</speaker>
	<l id="599">Vengez-vous, cessez de souffrir.</l>
	<l id="600">Plus une injure est éclatante,</l>
	<l id="601">Plus il est doux de la punir.</l>
<note type="show">En lui montrant les serpents.</note>
	<l id="602">La Haine se plaît à jouir</l>
	<l id="603">D'une vengeance lente ;</l>
	<l id="604">Mais quand le moment se présente,</l>
	<l id="605">On ne peut trop tôt le saisir.</l>
	<l id="606">Vengez-vous, cessez de souffrir.</l>
	<l id="607">Plus une injure est éclatante,</l>
	<l id="608">Plus il est doux de la punir.</l>
<note type="give">Elle lui donne le poignard que le désespoir lui a remis.</note>
</sp>
<sp stage="get" who="ERINICE"><speaker>ERINICE, en saisissant le poignard.</speaker>
	<l id="609">Ah ! Je crois voir déjà ma rivale sanglante</l>
	<l id="610">Chanceler, tomber et mourir.</l>
<stage type="toward">À Abramane.</stage>
	<l id="611">Portons les coups les plus terribles:</l>
	<l id="612">Immolons deux ingrats, frappons-les, tour-à-tour.</l>
	<l id="613">La haine, dans les coeurs sensibles,</l>
	<l id="614">Est extrême, comme l'amour.</l>
</sp>
<sp stage="toward/give" who="LA VENGEANCE"><speaker>LA VENGEANCE, à Abramane, en lui donnant sa massue.</speaker>
	<l id="615">Va, cours : j'arme tes mains ; n'écoute que la rage.</l>
	<l id="616">Par les plus funestes éclats,</l>
	<l id="617">Signale ton courage :</l>
	<l id="618">Que la fureur guide ton bras.</l>
	<l id="619">Que la flamme, que le ravage</l>
	<l id="620">Précède et suive ton passage :</l>
	<l id="621">Brave les plus affreux trépas ;</l>
	<l id="622">Fait voler partout le carnage.</l>
	<l id="623">Des coeurs, qui ne se vengent pas,</l>
	<l id="624">L'opprobre est toujours le partage.</l>
	<l id="625">L'honneur parle : combats.</l>
	<l id="626">Meurs, s'il le faut ; mais venge ton outrage.</l>
</sp>
<sp who="ABRAMANE"><speaker>ABRAMANE, à la Vengeance.</speaker>
	<l id="627">Que le vengeance a de douceurs !</l>
	<l id="628">Un plaisir inconnu passe, avec tes fureurs,</l>
	<l id="629">Jusques dans le fond de mon âme.</l>
	<l id="630">L'amour a moins d'attraits que l'ardeur qui m'enflamme.</l>
	<l id="631">Que la vengeance a de douceurs !</l>
</sp>
<sp who="LA VENGEANCE"><speaker>LA VENGEANCE.</speaker>
	<l id="632">Que de votre ennemi le supplice commence.</l>
<stage type="entrance/location">Une Statue, représentant Zoroastre, paraît sur l'autel.</stage>
	<l id="633">Qu'il se sente frappé par d'invisibles coups.</l>
	<l id="634">Volez, secondez ma puissance,</l>
	<l id="635">Esprits cruels, esprits jaloux,</l>
	<l id="636">Faites triompher la Vengeance.</l>
<stage type="location">Elle se place au pied de l'autel.</stage>
</sp>
<stage type="title">BALLET.</stage>
<stage type="narration/danse">Les esprits infernaux, conduits par la Haine et le Désespoir, accourent à la voix de la Vengeance, armés de serpents, de poignards, de haches, etc. Le Désespoir se saisit de deux flambeaux éteints qui s'allument au feu qui l'embrase. Il les secoue sur la Haine et sur les démons. Leur fureur augmente; la Haine lui ravit un des flambeaux et ils courent ensemble à l'autel avec leurs suites. Ils font contre la Statue de Zoroastre les plus redoutables conjurations. Ils approchent, lèvent le bras... prêts à frapper, un tourbillon de flammes sort de l'autel, et la statue disparaît.</stage>
<sp stage="location" who="LA VENGEANCE"><speaker>LA VENGEANCE, encore au pied de l'autel.</speaker>
	<l id="637">La flamme le consume !</l>
</sp>
<sp who="ABRAMANE"><speaker>ABRAMANE.</speaker>
	<l id="638">Ah ! Quel espoir plus doux.</l>
</sp>
<sp who="ABRAMANE, ERINICE, ZOPIRE, LES FURIES, LE CHOEUR"><speaker>ABRAMANE, ERINICE, ZOPIRE, LES FURIES, LE CHOEUR.</speaker>
	<l id="639">Quel bonheur ! L'enfer nous seconde.</l>
	<l id="640">Que ses feux embrasent les airs :</l>
	<l id="641">Qu'ils dévorent la terre et l'onde :</l>
	<l id="642">Que tout se confonde.</l>
	<l id="643">Les plus grands maux sont nos biens les plus chers.</l>
<stage type="danse">Les Esprits infernaux forment un ballet de joie vive, qui termine cet acte, avec la reprise du Choeur précédent.</stage>
</sp>
<sp who="LA VENGEANCE"><speaker>LA VENGEANCE.</speaker>
	<l id="644">Ah ! Nos fureurs ne sont point vaines.</l>
	<l id="645">De l'empire des morts, les voûtes souterraines,</l>
	<l id="646">Paraissent s'écrouler à ces terribles sons...</l>
	<l id="647">Ils redoublent... L'enfer va parler. Écoutons.</l>
</sp>
</div2>
<div2 type="scene" n="7"><head>SCÈNE VII. Une voix souterraine, et les Acteurs précédents.</head>
<sp who="LA VOIX SOUTERAINE"><speaker>LA VOIX SOUTERAINE.</speaker>
	<l id="648">Cours au armes. Offre aux Enfers</l>
	<l id="649">Des forfaits dignes de leur rage.</l>
	<l id="650">Fais trembler la vertu, fais pâlir le courage.</l>
	<l id="651">Un revers éclatant va changer l'Univers.</l>
</sp>
</div2>
<div2 type="scene" n="8"><head>SCÈNE VIII. Abramane, Erinice, et les  Acteurs précédents.</head>
<sp who="TOUS"><speaker>ERINICE, LA VENGEANCE, ABRAMANE, ZOPIRE, NARBANOR, LES FURIES, PRÊTRES, DÉMONS.</speaker>
	<l id="652">Courrez, courrez aux armes.</l>
	<l id="653">Courrons courrons aux armes.</l>
	<l id="654">La victoire est à vous rien ne peut vous troubler.</l>
	<l id="655">La victoire est à nous rien ne peut nous troubler.</l>
</sp>
<sp who="LA VENGEANCE, LE CHOEUR"><speaker>LA VENGEANCE, avec le Choeur.</speaker>
	<l id="656">Pour vous quelle gloire :</l>
	<l id="657">Tout va trembler.</l>
	<l id="658">Le sang va couler,</l>
	<l id="659">On va s'immoler,</l>
	<l id="660">Triomphe victoire.</l>
	<l id="661">Le bruit, le ravage,</l>
	<l id="662">La mort, le carnage.</l>
	<l id="663">Sont nos plaisirs.</l>
	<l id="664">La fureur, la rage,</l>
	<l id="665">Ne sont que l'image</l>
	<l id="666">De nos désirs.</l>
	<l id="667">Pour vous quelle gloire :</l>
	<l id="668">Tout va trembler.</l>
	<l id="669">Le sang va couler,</l>
	<l id="670">On va s'immoler,</l>
	<l id="671">Triomphe, victoire.</l>
</sp>
</div2>
</div1>
<div1 type="acte" n="5"><head>ACTE V</head>
<stage type="decor">Le théâtre représente le champ antique de Zerdoust, où se faisait l'inauguration des rois de la BActriane. Il est entouré de rochers, coupé de prairies, et borné dans le fond par la chaîne de montagnes, qui sépare cette partie de l'Asie, de l'Indostan/</stage>
<div2 type="scene" n="1"><head>SCÈNE PREMIÈRE.</head>
<sp who="ERINICE"><speaker>ERINICE, seule.</speaker>
<note type="explicit">L'ami du feu, les plus anciens persans nommaient ainsi Abraham. Ce même nom fut donné dans les suites à Zoroastre, que l'amour de tout l'Orient confondit avec le premier. [NdA]</note>
	<l id="672">Quel tourment !... Où trouver trace de ses pas ?</l>
	<l id="673">Un barbare aurait-il assouvi sa furie ?</l>
	<l id="674">Je frémis... Zoroastre, hélas !...</l>
	<l id="675">Malheureuse !... Est-ce à moi de trembler pour sa vie ?</l>
	<l id="676">Amour, cruel Amour, ton funeste bandeau</l>
	<l id="677">Cache à nos yeux l'abîme, où ta main nous entraîne.</l>
	<l id="678">Elle a déjà formé tous les noeuds de ta chaîne,</l>
	<l id="679">Quand tu fais briller ton flambeau.</l>
	<l id="680">Mon coeur s'irrite en vain, son penchant la ramène.</l>
	<l id="681">C'est un combat toujours nouveau,</l>
	<l id="682">Et je vois tout-à-tour, et l'amour et la haine</l>
	<l id="683">S'armer pour mon supplice, et creuser mon tombeau.</l>
	<l id="684">Amour, cruel Amour, ton funeste bandeau</l>
	<l id="685">Cache à nos yeux l'abîme, où ta mains nous entraîne.</l>
	<l id="686">Elle a déjà formé tous les noeuds de ta chaîne,</l>
	<l id="687">Quand tu fais briller ton flambeau.</l>
	<l id="688">Il approche... Enfin je respire.</l>	
</sp>
</div2>
<div2 type="scene" n="2"><head>SCÈNE II. Erinice, Zoroastre.</head>
<sp stage="turn" who="ZOROASTRE"><speaker>ZOROASTRE, en se détournant.</speaker>
	<l id="689">C'est Erinice. Ô Ciel !...</l>
</sp>
<sp who="ERINICE"><speaker>ERINICE.</speaker>
	<l id="690">Respecte mes douleurs,</l>
	<l id="691">Et cache moi du moins l'horreur que je t'inspire.</l>
	<l id="692">Ne redoute plus mes fureurs ;</l>
	<l id="693">On menace tes jours, tout mon courroux expire.</l>
</sp>
<sp who="ZOROASTRE"><speaker>ZOROASTRE.</speaker>
	<l id="694">Qu'un perfide conspire et s'arme contre moi,</l>
	<l id="695">À trembler, croit-il me contraindre ?</l>
	<l id="696">La mort ne m'a jamais inspiré de l'effroi.</l>
	<l id="697">C'est la mériter que la craindre.</l>
</sp>
<sp who="ERINICE"><speaker>ERINICE.</speaker>
	<l id="698">Ah ! Crains nos prêtres furieux ;</l>
	<l id="699">Leur cruauté, leurs cris, leurs complots odieux</l>
	<l id="700">À mon coeur éperdu se retracent sans cesse...</l>
	<l id="701">Éloigne-toi, fuis, le temps presse ;</l>
	<l id="702">Abramane a pour lui les Enfers et les Dieux.</l>
</sp>
<sp who="ZOROASTRE"><speaker>ZOROASTRE.</speaker>
	<l id="703">Je brave les dieux d'un barbare:</l>
	<l id="704">Je hais leurs prêtres criminels;</l>
	<l id="705">Et c'est sur les débris de leurs sanglants autels</l>
	<l id="706">Que mon triomphe se prépare.</l>
</sp>
<sp who="ERINICE"><speaker>ERINICE.</speaker>
	<l id="707">Hélas ! Ta confiance augmente ma terreur.</l>
	<l id="708">Connais d'un art fatal la pouvoir redoutable.</l>
	<l id="709">Dans un enchantement terrible, épouvantable,</l>
	<l id="710">Même moi qui t'adore... (en frémissant d'horreur...)</l>
	<l id="711">J'éprouvais les transports d'une troupe coupable.</l>
	<l id="712">La rage, la fureur</l>
	<l id="713">De l'Enfer implacable</l>
	<l id="714">Ont passé malgré moi, jusqu'au fonds de mon coeur.</l>
</sp>
<sp who="ZOROASTRE"><speaker>ZOROASTRE.</speaker>
	<l id="715">Ô ! Mystères affreux d'un culte détestable !</l>
	<l id="716">Cruelle !... Eh ! Vous ne craignez pas ?</l>
</sp>
<sp who="ERINICE"><speaker>ERINICE.</speaker>
	<l id="717">Ah ! Je ne crains que ton trépas.</l>
	<l id="718">Tu vois le désespoir où mon âme me livre,</l>
	<l id="719">Sois touché d emes pleurs, fuis cet affreux séjour.</l>
	<l id="720">Mes malheurs, tes mépris ma mort qui va les suivre,</l>
	<l id="721">Je te pardonne tout, ingrat, si tu veux vivre,</l>
	<l id="722">Et c'est l'unique prix qu'exige mon amour.</l>
<stage type="music">on entand une symphonie qui éclate</stage>
	<l id="723">Qu'entends-je ? Ô Dieux !</l>
</sp>
<sp who="ZOROASTRE"><speaker>ZOROASTRE.</speaker>
	<l id="724">C'est un peuple fidèle</l>
	<l id="725">Qui fait pour Amélite éclater ses transports.</l>
	<l id="726">Jugés quels sont nos voeux pour elle,</l>
	<l id="727">Par ses vertus, même par vos remords.</l>
</sp>
<sp who="ERINICE"><speaker>ERINICE.</speaker>
	<l id="728">Mes remords !... Ce reproche étouffe leur murmure...</l>
	<l id="729">Notre sort est de nous haïr.</l>
	<l id="730">Il manquait à mon coeur cette nouvelle injure</l>
	<l id="731">Pour le forcer à m'obéir.</l>
<stage>Elle sort.</stage>
</sp>
</div2>
<div2 type="scene" n="3"><head>SCÈNE III.</head>
<sp stage="alone" who="ZOROASTRE"><speaker>ZOROASTRE, seul.</speaker>
	<l id="732">Elle court d'abîme en abîme,</l>
	<l id="733">En cherchant la paix qui la fuit.</l>
	<l id="734">Tel est le juste sort du crime,</l>
	<l id="735">Le trouble l'environne, et l'opprobre le suit.</l>
	<l id="736">Le peuple dans ces lieux, par un antique usage,</l>
	<l id="737">Aux rois, qu'il s'est choisi, doit rendre son hommage.</l>
	<l id="738">Il y guide Amélite et vient s'y rassembler...</l>
</sp>
<sp who="LE CHOEUR DE PEUPLES"><speaker>LE CHOEUR DE PEUPLES, qu'on ne voit point.</speaker>
	<l id="739">Dieux, ô dieux ! Quel coup terrible !</l>
</sp>
<sp who="ZOROASTRE"><speaker>ZOROASTRE.</speaker>
	<l id="740">Ciel ! Quel nouveau malheur vient encor me troubler !</l>
</sp>
</div2>
<div2 type="scene" n="4"><head>SCÈNE IV. Céphie, Peuples, Zoroastre.</head>
<sp stage="entrance" who="CÉPHIE, CHOEUR"><speaker>CÉPHIE, et LE CHOEUR, en paraissant.</speaker>
	<l id="741">Jour funeste ! Sort inflexible !</l>
</sp>
<sp who="ZOROASTRE"><speaker>ZOROASTRE.</speaker>
	<l id="742">Céphie... Eh ! Quel est donc le sujet de vos pleurs ?</l>
</sp>
<sp who="CEPHIE"><speaker>CEPHIE.</speaker>
	<l id="743">Au milieu de son peuple, et charmant tous les coeurs,</l>
	<l id="744">Amélite en ces lieux au trône était conduite,</l>
	<l id="745">Par des chemins semés de fleurs.</l>
	<l id="746">Tout-à-coup l'air agite,</l>
	<l id="747">Un tourbillon de feux</l>
	<l id="748">Entre elle et nous se précipite</l>
	<l id="749">Et, plus prompt qu'un éclair, la ravit à nos voeux.</l>
</sp>
<sp who="ZOROASTRE"><speaker>ZOROASTRE.</speaker>
	<l id="750">Que deviens-je, Amélite, ô disgrâce cruelle !...</l>
	<l id="751">Que me sert désormais un immense pouvoir ?</l>
	<l id="752">Qu'ai-je à faire du jour sans elle ?...</l>
	<l id="753">Ô ciel ! Quelle honteux désespoir !</l>
</sp>
<sp who="LE CHOEUR DE PRÊTRES"><speaker>LE CHOEUR DE PRÊTRES armés, qui paraissent en foule au fond du théâtre.</speaker>
	<l id="754">Que la fière Erinice</l>
	<l id="755">Triomphe et régné en ces lieux.</l>
</sp>
<sp who="CHOEUR DE PEUPLES"><speaker>CHOEUR DE PEUPLES.</speaker>
	<l id="756">Quels sons ! Quels cris tumultueux !</l>
</sp>
</div2>
<div2 type="scene" n="5"><head>SCÈNE V. Erinice, entourée de Zopire, de Prêtres d'Ariman, armés de cuirasses, de casques, de massue, etc. Abramante, sur un nuage enflammé, et les acteurs précédents.</head>
<sp who="ERINIE, ABRAMANTE"><speaker>ERINIE et ABRAMANTE.</speaker>
	<l id="757">Que tout cède ; que tout fléchisse.</l>
</sp>
<sp who="ABRAMANTE"><speaker>ABRAMANTE.</speaker>
	<l id="758">Adorez, en tremblant, le choix qu'ont fait les Dieux.</l>
</sp>
<sp who="ZOROASTRE"><speaker>ZOROASTRE.</speaker>
	<l id="759">Traître, c'est trop longtemps suspendre ton supplice...</l>
</sp>
<sp who="ABRAMANTE"><speaker>ABRAMANTE.</speaker>
	<l id="760">Arrête ! Je connais ton pouvoir odieux.</l>
	<l id="761">Si par un geste, un mot, ta crainte, ou ta vengeance</l>
	<l id="762">Ose implorer l'aide des Cieux,</l>
<stage type="threat/meteo">Il lève sa massue, une partie du nuage s'ouvre, on voit à ses pieds Amelite chargée de fers.</stage>
	<l id="763">Amélite est en ma puissance.</l>
	<l id="764">Tremble. Je l'immole à tes yeux.</l>
</sp>
<sp who="ZOROASTRE"><speaker>ZOROASTRE.</speaker>
	<l id="765">Quel horrible moment pour le coeur le plus tendre !</l>
	<l id="766">Je sens que je succombe à cet affreux revers...</l>
	<l id="767">Non, non le Ciel est juste, il saura la défendre,</l>
	<l id="768">Et je saurai du-moins, si je la perds.</l>
<stage type="wave">Il élève ses mains vers le ciel.</stage>
	<l id="769">Tombez, monstres, tombez dans le fond des Enfers.</l>
<stage type="htunder/earthquake/decor">La foudre éclate, tombe sur Abramane, Erinice et les prêtres : les entrailles de la terre s'ouvrent, et ils y sont tous engloutis. Dans le même temps le théâtre change : on voit un édifice éclatant, rempli d'une foule de divers Esprits des Éléments. C'est le premier temple élevé à la lumière. Oromasès, roi des Genies, paraît sur des nuages légers et brillants; on revoit Amélite entourée des Esprits Élémentaires, qui la délivrent de ses chaînes, etc.</stage>
</sp>
</div2>
<div2 type="scene" n="6"><head>SCÈNE VI. Zoroastre, Céphie, Amélite, Oromasès, Peuples, Esprits Élémentaires. </head>
<sp stage="location/fly" who="OROMASÈS"><speaker>OROMASÈS, dans les airs.</speaker>
	<l id="770">Par un dernier revers, digne de ton courage,</l>
	<l id="771">Le ciel voulait encore éprouver ta vertu.</l>
<stage type="show">En lui montrant Amélite que les esprits bienfaisants conduisent à Zoroastre.</stage>
	<l id="772">Zoroastre, en veillant sur son plus bel ouvrage,</l>
	<l id="773">Je gardais le prix qui t'est dû.</l>
	<l id="774">Régnez dans ces climats, où la paix va renaître.</l>
	<l id="775">Ces peuples vous sont chers, répondez à leurs voeux</l>
	<l id="776">L'amour des sujets et du maître</l>
	<l id="777">Fait les rois, qui seuls devraient l'être,</l>
	<l id="778">Les empires puissants et les règnes heureux.</l>
<stage type="toward">Aux Esprits</stage>
	<l id="779">Unissez ces amants des plus aimables noeuds.</l>
<stage type="exit">Oromasès disparaît.</stage>
</sp>
</div2>
<div2 type="scene" n="7"><head>SCÈNE VII. Zoroastre, Amélite, etc.</head>
<stage type="closer/costume">Les Esprits bienfaisants couronnent Amélite et Zoroastre: ils les unissent avec des noeuds de fleurs.</stage>
<sp who="ZOROASTRE"><speaker>ZOROASTRE.</speaker>
	<l id="780" syll="6" part="i">Que ces noeuds sont charmants !</l>
</sp>
<sp who="AMÉLITE"><speaker>AMÉLITE.</speaker>
	<l id="780" syll="6" part="f">Qu'ils flattent ma tendresse !</l>
</sp>
<sp who="ZOROASTRE"><speaker>ZOROASTRE.</speaker>
	<l id="781" syll="5" part="i">Que je vous aime !</l>
</sp>
<sp who="AMÉLITE"><speaker>AMÉLITE.</speaker>
	<l id="781" syll="3" part="f">Doux retour !</l>
</sp>
<sp who="ENSEMBLE"><speaker>ENSEMBLE.</speaker>
	<l id="782">Toute mon âme est à l'Amour.</l>
	<l id="783">Il l'enchaîne à jamais ; qu'il l'enflamme sans cesse !</l>
</sp>
<sp who="ZOROASTRE"><speaker>ZOROASTRE.</speaker>
	<l id="784">Venez Peuples, venez : qua dans cet heureux jour</l>
	<l id="785">L'orgueil du trône disparaisse.</l>
</sp>
<sp who="AMÉLITE"><speaker>AMÉLITE.</speaker>
	<l id="786">Autour de nous que tout chante et s'empresse.</l>
	<l id="787">Bergers, mêlés vos jeux aux fêtes de la Cour.</l>
</sp>
<sp who="ZOROASTRE"><speaker>ZOROASTRE.</speaker>
	<l id="788" syll="5" part="i">Que ces noeuds charmants.</l>
</sp>
<sp who="AMÉLITE"><speaker>AMÉLITE.</speaker>
	<l id="788" syll="6" part="f">Qu'ils flattent ma tendresse !</l>
</sp>
<sp who="ZOROASTRE"><speaker>ZOROASTRE.</speaker>
	<l id="789" syll="4" part="i">Que je vous aime !</l>
</sp>
<sp who="AMÉLITE"><speaker>AMÉLITE.</speaker>
	<l id="789" syll="3" part="f">Doux retour !</l>
</sp>
<sp who="ENSEMBLE"><speaker>ENSEMBLE.</speaker>
	<l id="790">Toute mon âme est à l'Amour.</l>
	<l id="791">Il l'enchaîne à jamais ; qu'il l'enflamme sans cesse !</l>
</sp>
</div2>
<div2 type="scene" n="8"><head>SCÈNE VIII et DERNIÈRE. Peuples, Bergers et Bergères, qui viennent en dansant, se mêler à la fête.</head>
<sp who="AMÉLITE"><speaker>AMÉLITE.</speaker>
<note type="explicit/costume">On a espéré que des Bergers de l'ancienne Asie seraient vus sans peine sous des habits différents de ceux, dont on a masqué jusqu'ici la bergerie de nos théâtre.</note>
	<l id="792">L'amour vole au son des hautbois.</l>
	<l id="793">Il vient sur le gazon chanter vos chansonnettes.</l>
	<l id="794">C'est aux doux accents de sa voix</l>
	<l id="795">Que vous accordez vos musettes.</l>
	<l id="796">Tendres bergers un premier choix</l>
	<l id="797">Remplit tous les voeux que vous faites.</l>
	<l id="798">Nos coeurs suivront les même loix ;</l>
	<l id="799">Vous nous verrez toujours heureux comme vous l'êtes.</l>
	<l id="800">L'amour vole au son des hautbois.</l>
	<l id="801">Il vient sur le gazon chanter vos chansonnettes.</l>
	<l id="802">C'est aux doux accents de sa voix</l>
	<l id="803">Que vous accordez vos musettes.</l>
<stage type="happy/explicit">Les Esprits bienfaisants, les peuples et les bergers, etc., font éclater leur joie et leur amour, en se réunissant tout pour aimer et servir Zoroastre et Amélite. Cette union vive termine la fête, et l'opéra.</stage>
</sp>
</div2>
</div1>
</body>
</text>
</TEI>