<?xml version="1.0" encoding="utf-8"?>
<TEI xml:lang="fr">
<teiHeader>
		<fileDesc>
			<titleStmt>
				<title>LES DEUX ÉDUCATIONS, PROVERBE MORAL</title>
				<author type="texte" ISNI="0000 0001 2142 955X">MADAME CAMPAN (1752-1822)</author>
			</titleStmt>
			<publicationStmt>	
				<editor>Texte établi par Paul FIEVRE août 2018</editor>
				<publisher>publié par Paul FIEVRE, septembre 2018</publisher>
				<idno>CAMPAN_DEUXEDUCATIONS</idno>
			<rights>Creative Commons BY-NC-SA</rights>
			</publicationStmt>
			<SourceDesc>
				<genre>Proverbe</genre>
				<inspiration>moeurs</inspiration><structure>Deux actes</structure>
				<type>prose</type>
				<periode>1821-1830</periode>
				<taille>(mesure non pertinente)</taille>
				<permalien></permalien>
			</SourceDesc>
		</fileDesc>
</teiHeader>
<text>
<front>
		<docTitle>
			<titlePart type="main">LES DEUX ÉDUCATIONS</titlePart>
			<titlePart type="sub">PROVERBE MORAL</titlePart>
		</docTitle> 
		<docDate value='1832'>1832.</docDate>
		<docAuthor id='MADAME CAMPAN'>de Mme CAMPAN</docAuthor>
		<docImprint>
				<printer id=''>Paris, LEBIGRE FRÈRES, LIBRAIRES.</printer>
		</docImprint>
	<castList><head>PERSONNAGES.</head>
			<castItem><role id="MADAME DE FURVILLE" sex="2" type="H" statut="aristocrate" age="A" stat_amour='néant'>MADAME DE FURVILLE</role>.</castItem>
			<castItem><role id="MADAME LEBLANC" sex="2" type="H" statut="bourgeois" age="A" stat_amour='néant'>MADAME LEBLANC</role>.</castItem>
			<castItem><role id="BRILLANTINE" sex="2" type="H" statut="bourgeois" age="J" stat_amour='néant'>MADEMOISELLE BRILLANTINE TOUTOR</role>.</castItem>
			<castItem><role id="BETSY" sex="2" type="H" statut="domestique" age="A" stat_amour='néant'>BETSY</role>, sa femme de chambre anglaise.</castItem>
			<castItem><role id="AGLAÉ" sex="2" type="H" statut="bourgeois" age="J" stat_amour='néant'>AGLAÉ FOURNIER</role>.</castItem>
			<castItem><role id="SOPHIE" sex="2" type="H" statut="bourgeois" age="J" stat_amour='néant'>SOPHIE</role>, sa soeur.</castItem>
			<castItem><role id="MÉLANIE" sex="2" type="H" statut="bourgeois" age="J" stat_amour='néant'>MÉLANIE</role>, sa seconde soeur.</castItem>
			<castItem><role id="MONIQUE" sex="2" type="H" statut="domestique" age="V" stat_amour='néant'>MONIQUE</role>, leur vieille bonne.</castItem>
			<castItem><role id="UNE OUVRIÈRE" sex="2" type="H" statut="ouvrier" age="A" stat_amour='néant'>UNE OUVRIÈRE</role>, personnage muet.</castItem>
	</castList>
	<set location="Paris" country="France" periode="XVIIIème" gps="48.856614, 2.352222">La scène se passe à Paris, dans le salon de musique de M. Toutor, et dans l'atelier de travail de mademoiselle Fournier.</set>
	<note>Texte établi à partir de l'ouvrage "DE L'ÉDUCATION, par Mme CAMPAN suivi des conseils au jeunes filles, de quelques essais de morale et d'un théâtre pour les jeunes personnes, ouvrage mis en ordre et publié, avec des introductions par M. F. BARRIÈRE. Nouvelle édition ; augmentée de lettres, avec une introduction. Tome Troisième", Paris, LEBIGRE FRÈRES, LIBRAIRES, 1832. pp 125-151</note>
</front>
<body>
<div1 type="act" n="1"><head>ACTE PREMIER.</head>
<stage type="decor">Salon de musique de Monsieur Toutor.</stage>
<div2 type="scene" n="1"><head>SCÈNE PREMIÈRE. Madame de Furville, avec un carton ; Madame Leblanc, avec un paquet.</head>
<stage type="costume">Madame de Furville doit être mise en ouvrière à la journée, moins bien que Madame Leblanc.</stage>
<sp who="MADAME LEBLANC"><speaker>MADAME LEBLANC.</speaker>
<p id="1">
	<s id="1">En vérité, Madame, personne ne peut vous reconnaître, vous portez ce carton avec une aisance, vous marchiez dans la rue d'un pas si leste !... </s>
	<s id="2">Il semble que vous n'ayez fait d'au tre métier de la vie.</s>
</p>
</sp>
<sp who="MADAME DE FURVILLE"><speaker>MADAME DE FURVILLE.</speaker>
<p id="2">
	<s id="1">Le sentiment qui m'anime, ma chère Madame Leblanc, me ferait entreprendre sans peine des choses plus difficiles. </s>
	<s id="2">Je n'ai qu'un fils, objet de ma tendresse, âme de toutes mes actions : son bonheur ou son infortune, malgré mes soins et ma prévoyance, vont être fixés pour la vie ; son oncle, dont il est l'héritier, veut l'établir avec la fille unique de Monsieur Toutor, à laquelle on commence par donner cent mille écus de dot ; c'est un parti qui enchanterait bien des mères ; mais rien ne m'a éblouie ; j'ai voulu voir, j'ai voulu con naître, sans en être connue, celle qui va porter un nom que je chéris, transmettre à mes petits-fils, ou leur faire perdre ce respect pour les moeurs ; cet amour de l'honneur qui ont fait la base de la conduite de notre famille. </s>
	<s id="3">J'ai quitté ma terre à l'insu de mon frère. </s>
	<s id="4">Si l'amour a fait naître dans de jeunes coeurs le désir de se déguiser pour connaître l'objet auquel on les destinait, la tendresse maternelle m'a suggéré la même idée, et vous me charmez en m'assurant qu'il est impossible de ne pas me prendre pour votre porteuse de paquets.</s>
</p>
</sp>
<sp who="MADAME LEBLANC"><speaker>MADAME LEBLANC.</speaker>
<p id="3">
	<s id="1">Impossible, je vous assure. </s>
	<s id="2">Mais si Mademoiselle Brillantine ne vous paraît pas répondre à vos désirs, que ferez-vous auprès de Monsieur votre frère !</s>
</p>
</sp>
<sp who="MADAME DE FURVILLE"><speaker>MADAME DE FURVILLE.</speaker>
<p id="4">
	<s id="1">Mon frère est un homme sensé. </s>
	<s id="2">Les dépenses nécessaires dans l'état que doit avoir mon fils lui ont fait chercher la fortune, mais il connaît tout le prix d'une sage éducation. </s>
	<s id="3">Malgré lui, j'ai cru remarquer dans sa correspondance quelques inquiétudes sur celle de Mademoiselle Brillantine : d'ailleurs, je suis plus riche qu'il ne le croit ; je n'ai jamais dit ni caché ma fortune ; mais retirée du monde depuis vingt ans, j'ai fait de fortes économies, et mes biens seuls suffiraient pour assurer le bonheur de mon fils.</s>
</p>
</sp>
<sp who="MADAME LEBLANC"><speaker>MADAME LEBLANC.</speaker>
<p id="5">
	<s id="1">Betsy m'avait dit qu'il faisait jour chez Mademoiselle ; je crois qu'elle s'était trompée.</s>
</p>
</sp>
<sp who="MADAME DE FURVILLE"><speaker>MADAME DE FURVILLE.</speaker>
<p id="6">
	<s id="1">Elle ne couche donc pas dans la chambre de sa maîtresse ?</s>
</p>
</sp>
<sp who="MADAME LEBLANC"><speaker>MADAME LEBLANC.</speaker>
<p id="7">
	<s id="1">Non, Mademoiselle couche près de sa gouvernante.</s>
</p>
</sp>
<sp who="MADAME DE FURVILLE"><speaker>MADAME DE FURVILLE.</speaker>
<p id="8">
	<s id="1">Quelle espèce de femme est cette gouvernante ?</s>
</p>
</sp>
<sp who="MADAME LEBLANC"><speaker>MADAME LEBLANC.</speaker>
<p id="9">
	<s id="1">Une maîtresse de musique, très agréable et fort jolie, qui n'est jamais éveillée avant midi.</s>
</p>
</sp>
<sp who="MADAME DE FURVILLE"><speaker>MADAME DE FURVILLE.</speaker>
<note type="L">Mentor : Par extension, gouverneur, guide, conseil de quelqu'un. [L]</note>
<p id="10">
	<s id="1">Voilà un charmant mentor.</s>
</p>
</sp>
<sp who="MADAME LEBLANC"><speaker>MADAME LEBLANC.</speaker>
<p id="11">
	<s id="1">Oh ! </s>
	<s id="2">Pourvu qu'elle donne à son élève une leçon de chant et une de piano tous les jours, Monsieur Toutor n'en exige rien de plus ; elle l'accompagne aussi dans les assemblées.</s>
</p>
</sp>
<sp who="MADAME DE FURVILLE"><speaker>MADAME DE FURVILLE.</speaker>
<p id="12">
	<s id="1">Si j'avais su tous ces détails, peut-être me serais-je épargné les embarras d'un voyage et d'un déguisement.</s>
</p>
</sp>
</div2>
<div2 type="scene" n="2" stage="declamation"><head>SCÈNE II. Les mêmes ; Betsy, prononçant le français en anglais.</head>
<sp who="BETSY"><speaker>BETSY.</speaker>
<p id="1">
	<s id="1">Un piou de paicience, Madame Leblanc, miss va venir, je vous assioure ; ses youx ils étaient bien difficiles pour ouvrir ce matin.</s>
</p>
</sp>
<sp stage="strong" who="MADAME DE FURVILLE"><speaker>MADAME DE FURVILLE, d'un ton assuré.</speaker>
<p id="2">
	<s id="1">À quelle heure s'est-elle donc couchée ?</s>
</p>
</sp>
<sp who="BETSY"><speaker>BETSY.</speaker>
<p id="3">
	<s id="1">Quelle chose cela peut-il être pour vous, madame ? </s>
	<s id="2">Je vous pense bien extraordinaire.</s>
</p>
</sp>
<sp stage="aparte" who="MADAME DE FURVILLE"><speaker>MADAME DE FURVILLE, à part.</speaker>
<p id="4">
	<s id="1">Elle a raison ; il est plus difficile de prendre le ton d'une fille de journée que de porter son carton : observons-nous.</s>
</p>
</sp>
<sp who="BETSY"><speaker>BETSY.</speaker>
<p id="5">
	<s id="1">Je parle à vous tout haut, vous répondez tout bas. </s>
	<s id="2">Quelle est cette femme, Madame Leblanc ? </s>
	<s id="3">Elle est bien drôle ; il faut la renvoyer dans l'antichambre.</s>
</p>
</sp>
<sp who="MADAME LEBLANC"><speaker>MADAME LEBLANC.</speaker>
<p id="6">
	<s id="1">Ah ! </s>
	<s id="2">Laissez-la ici ; elle m'est nécessaire.</s>
</p>
</sp>
</div2>
<div2 type="scene" n="3" stage="dress"><head>SCÈNE III. Les mêmes ; Mademoiselle Brillantine, en négligé du matin, étendant les bras, se frottant les yeux, et paraissant craindre le grand jour.</head>
<sp who="BRILLANTINE"><speaker>BRILLANTINE.</speaker>
<p id="1">
	<s id="1">Ah Dieu ! </s>
	<s id="2">Sortir de mon lit à présent ! </s>
	<s id="3">Si j'avais osé faire ouvrir mes volets, je ne me serais levée qu'à deux heures : je suis si fatiguée du bal d'hier au soir !</s>
</p>
</sp>
<sp who="MADAME LEBLANC"><speaker>MADAME LEBLANC.</speaker>
<p id="2">
	<s id="1">Il n'y paraît pas, Mademoiselle, à l'état et à la fraîcheur de votre teint.</s>
</p>
</sp>
<sp who="BRILLANTINE"><speaker>BRILLANTINE, avec complaisance.</speaker>
<p id="3">
	<s id="1">Vous croyez ?... </s>
	<s id="2">C'est heureux, en vérité ; car on me tue absolument, on me tue ; des invitations tous les jours, des reproches à mon père lorsqu'il veut refuser ; il se ferait de méchantes affaires dans tout Paris.</s>
</p>
</sp>
<sp who="MADAME LEBLANC"><speaker>MADAME LEBLANC.</speaker>
<p id="4">
	<s id="1">Il fallait rester dans votre lit, Mademoiselle, vous auriez tout aussi bien vu mes broderies.</s>
</p>
</sp>
<sp stage="nervous/fall/sit" who="BRILLANTINE"><speaker>BRILLANTINE, avec un petit air d'humeur, se jetant dans un fauteuil.</speaker>
<p id="5">
	<s id="1">Je vous l'ai dit, Mademoiselle Bernicourt couche dans ma chambre ; elle ne s'éveillera qu'à une heure. </s>
	<s id="2">Elle ne me l'aurait jamais pardonné. Voyons.</s>
</p>
<stage type="show">Madame Leblanc montre successivement ses broderies.</stage>
<p id="6">
	<s id="1">Du bleu et argent ! </s>
	<s id="2">Ah, fi ! </s>
	<s id="3">La belle et fade Mademoiselle Élisa Surprin était comme cela hier.</s>
</p>
</sp>
<sp who="MADAME LEBLANC"><speaker>MADAME LEBLANC.</speaker>
<p id="7">
	<s id="1">Voilà un crêpe rose pailleté qui fera un effet délicieux..</s>
</p>
</sp>
<sp who="BRILLANTINE"><speaker>BRILLANTINE.</speaker>
<p id="8">
	<s id="1">Mais vous perdez la tête, madame Leblanc ; j'étais comme cela pour le bal du ministre de la marine.</s>
</p>
</sp>
<sp who="MADAME LEBLANC"><speaker>MADAME LEBLANC.</speaker>
<p id="9">
	<s id="1">Cela est vrai ; mais je fournis tant d'habits, qu'il m'est facile de confondre.</s>
</p>
</sp>
<sp who="BRILLANTINE"><speaker>BRILLANTINE.</speaker>
<p id="10">
	<s id="1">Ah ! </s>
	<s id="2">Voyons ce blanc et or : c'est bien sérieux ; mais je vais me marier ; on a les yeux fixés sur moi, il me faut des choses nobles et simples.</s>
</p>
</sp>
<sp who="MADAME LEBLANC"><speaker>MADAME LEBLANC.</speaker>
<p id="11">
	<s id="1">Mademoiselle va se marier ?</s>
</p>
</sp>
<sp who="BRILLANTINE"><speaker>BRILLANTINE.</speaker>
<p id="12">
	<s id="1">C'est-à-dire que l'on va me marier. </s>
	<s id="2">Mon goût n'est compté pour rien. </s>
	<s id="3">C'est la règle, après tout.</s>
</p>
</sp>
<sp who="MADAME LEBLANC"><speaker>MADAME LEBLANC.</speaker>
<p id="13">
	<s id="1">Votre inclination serait-elle forcée ?</s>
</p>
</sp>
<sp who="BRILLANTINE"><speaker>BRILLANTINE.</speaker>
<p id="14">
	<s id="1">Oh ! </s>
	<s id="2">Non ; je n'aime pas plus celui-là qu'un autre : c'est un jeune homme qui n'est pas mal. </s>
	<s id="3">Il vient de voyager. </s>
	<s id="4">Il est, dit-on, très instruit ; mais il n'a point de tournure, point d'usage : je lui en donnerai.</s>
</p>
</sp>
<sp who="MADAME DE FURVILLE"><speaker>MADAME DE FURVILLE, à part.</speaker>
<p id="15">
	<s id="1">Belle fin d'éducation qu'elle réserve à mon fils.</s>
</p>
</sp>
<sp who="BRILLANTINE"><speaker>BRILLANTINE.</speaker>
<p id="16">
	<s id="1">Vraiment, cette mousseline est brodée à ravir. </s>
	<s id="2">Est-ce de votre excellente ouvrière, de cette jeune personne dont on dit tant de bien ?</s>
</p>
</sp>
<sp who="MADAME LEBLANC"><speaker>MADAME LEBLANC.</speaker>
<p id="17">
	<s id="1">De mademoiselle Aglaé Fournier?</s>
</p>
</sp>
<sp who="BRILLANTINE"><speaker>BRILLANTINE.</speaker>
<p id="18">
	<s id="1">Oui.</s>
</p>
</sp>
<sp who="MADAME LEBLANC"><speaker>MADAME LEBLANC.</speaker>
<p id="19">
	<s id="1">Vous en avez entendu parler ?</s>
</p>
</sp>
<sp who="BRILLANTINE"><speaker>BRILLANTINE.</speaker>
<p id="20">
	<s id="1">Oh ! </s>
	<s id="2">Beaucoup. </s>
	<s id="3">Deux ou trois dames très estimables en ont fait dernièrement des récits charmants chez papa. </s>
	<s id="4">Elle élève ses deux jeunes soeurs à merveille ; elle défraie tout son petit ménage, à Paris, par le produire son aiguille.</s>
</p>
</sp>
<sp who="MADAME LEBLANC"><speaker>MADAME LEBLANC.</speaker>
<p id="21">
	<s id="1">Cela est vrai.</s>
</p>
</sp>
<sp who="BRILLANTINE"><speaker>BRILLANTINE.</speaker>
<p id="22">
	<s id="1">C'est la fille d'un capitaine qui n'a que ses appointements. </s>
	<s id="2">Elle est fort jolie, fort instruite, parle bien, dessine et brode si bien que vous lui donnez le double du prix que vous accordez aux autres.</s>
</p>
</sp>
<sp who="MADAME LEBLANC"><speaker>MADAME LEBLANC.</speaker>
<p id="23">
	<s id="1">Tout cela est fort exact.</s>
</p>
</sp>
<sp who="BRILLANTINE"><speaker>BRILLANTINE.</speaker>
<p id="24">
	<s id="1">Vous voyez que je sais parfaitement le roman de votre petite héroïne.</s>
</p>
</sp>
<sp who="MADAME LEBLANC"><speaker>MADAME LEBLANC.</speaker>
<p id="25">
	<s id="1">Mademoiselle, ce n'est pas un roman, c'est l'histoire la plus simple et la plus vraie.</s>
</p>
</sp>
<sp who="BRILLANTINE"><speaker>BRILLANTINE.</speaker>
<p id="26">
	<s id="1">Je ne l'aime pas trop cependant votre petite merveille ; je la crois un peu bégueule.</s>
</p>
</sp>
<sp who="MADAME LEBLANC"><speaker>MADAME LEBLANC.</speaker>
<p id="27">
	<s id="1">Et comment cela ?</s>
</p>
</sp>
<sp who="BRILLANTINE"><speaker>BRILLANTINE.</speaker>
<p id="28">
	<s id="1">Je voulais la voir ; papa en mourait d'envie ; j'avais prié cinq à six personnes à un thé, croyant leur procurer ce même plaisir ; je lui ai écrit un petit billet très poli, je vous assure, dans lequel je lui demandais de m'apporter des broderies à six heures, un jour indiqué ; elle m'a répondu qu'elle ne sortait pas, et ne travaillait que pour vous.</s>
</p>
</sp>
<sp who="MADAME LEBLANC"><speaker>MADAME LEBLANC.</speaker>
<p id="29">
	<s id="1">Eh bien ! </s>
	<s id="2">Mademoiselle, que trouvez-vous à redire à cela ?</s>
</p>
</sp>
<sp who="BRILLANTINE"><speaker>BRILLANTINE.</speaker>
<p id="30">
	<s id="1">Mais ce sont des airs : on est ouvrière ou on ne l'est pas, et puis il y a des gens qui méritent des égards.</s>
</p>
</sp>
<sp who="MADAME LEBLANC"><speaker>MADAME LEBLANC.</speaker>
<p id="31">
	<s id="1">On peut vivre par son travail, et cependant respecter l'état de ses parents, et ne rien faire qui n'en soit digne. </s>
	<s id="2">Le père de mademoiselle Aglaé a l'honneur d'être capitaine : c'est en silence et dans la retraite, que sa fille doit ajouter, par son industrie, à la médiocrité de sa fortune.</s>
</p>
</sp>
<sp who="BRILLANTINE"><speaker>BRILLANTINE.</speaker>
<p id="32">
	<s id="1">Vous êtes un excellent avocat.</s>
</p>
</sp>
<sp who="MADAME LEBLANC"><speaker>MADAME LEBLANC.</speaker>
<p id="33">
	<s id="1">Je défends une bien bonne cause.</s>
</p>
</sp>
<sp who="BRILLANTINE"><speaker>BRILLANTINE.</speaker>
<p id="34">
	<s id="1">N'en parlons plus, mais tâchez de me l'amener quelque jour ; car mon désir de la connaître est encore augmenté.</s>
</p>
</sp>
<sp who="MADAME LEBLANC"><speaker>MADAME LEBLANC.</speaker>
<p id="35">
	<s id="1">Si elle s'établit jamais de manière à paraître dans le monde, vous la remarquerez, soyez-en sûre ; mais je ne puis vous promettre de la décider à venir ici.</s>
</p>
</sp>
<sp who="BRILLANTINE"><speaker>BRILLANTINE.</speaker>
<p id="36">
	<s id="1">Ah ! </s>
	<s id="2">Vous m'impatientez, Madame Leblanc, vous ne faites jamais ce que je veux.</s>
</p>
</sp>
<sp who="MADAME LEBLANC"><speaker>MADAME LEBLANC.</speaker>
<p id="37">
	<s id="1">Mademoiselle, je vous apporte de très jolies robes, et vous me demandez des choses qui ne dépendent pas de moi.</s>
</p>
</sp>
<sp who="BRILLANTINE"><speaker>BRILLANTINE.</speaker>
<p id="38">
	<s id="1">Je prends cette robe et ces deux fichus pour me coiffer.</s>
</p>
<stage type="stand">Elle se lève.</stage>
<p id="39">
	<s id="1">Voyons si mes jambes sont très engourdies.</s>
</p>
<stage type="walk/danse">Elle fait quelques pas brillant en chantant l'air de la gavotte.</stage>
<note type="L">Schàll : châle. [L]</note>
<p id="40">
	<s id="1">Pas mal, en vérité, cela ira encore ce soir. </s>
	<s id="2">Betsy ! </s>
	<s id="3">Donnez-moi mon schàll ; je vais passer dans le cabinet de mon papa ; quelques-uns de nos danseurs y viendront peut-être savoir de mes nouvelles. </s>
	<s id="4">Adieu, Madame Leblanc.</s>
</p>
<stage type="exit/danse/sing">Elle sort en dansant et chantant.</stage>
</sp>
</div2>
<div2 type="scene" n="4"><head>SCÈNE IV. Madame Leblanc, Madame de Furville.</head>
<sp who="MADAME DE FURVILLE"><speaker>MADAME DE FURVILLE.</speaker>
<p id="1">
	<s id="1">Ah ! </s>
	<s id="2">Ma chère Leblanc, je remercie le ciel ; il a daigné m'inspirer. </s>
	<s id="3">Est-ce là celle qui m'aurait appelée sa mère ? </s>
	<s id="4">Elle n'a pas dit un mot, pas fait un geste, qui n'ait été opposé à ce que je désire dans le langage et le maintien d'une jeune femme. </s>
	<s id="5">Qu'il est heureux que votre ancien attachement pour moi m'ait ouvert si facilement l'intérieur de cette maison ! </s>
	<s id="6">Jamais Brillantine ne sera la compagne de mon fils ; mais, le croirez-vous ? </s>
	<s id="7">Elle m'a donné le plus vif désir de connaître la jeune fille de ce capitaine. </s>
	<s id="8">Peut-être la Providence a-t-elle dirigé ma résolution pour me faire éviter un grand mal et rencontrer un grand bien ; cependant je ne me laisse entraîner ni par les préventions, ni parles engouements, je veux voir par moi-même : les yeux trompent rarement, les oreilles presque toujours.</s>
</p>
</sp>
</div2>
</div1>
<div1 type="act" n="2"><head>ACTE II</head>
<div2 type="scene" n="1"><head>SCÈNE PREMIÈRE. Sophie et Mélanie Fournier, occupées l'une à un métier, l'autre à une broderie en mousseline.</head>
<stage type="decor">Le théâtre représente l'atelier de Mademoiselle Founier. On y voit des dessins, un chevalet, des métiers, une table avec des corbeilles à ouvrages, de petits coffres, etc.</stage>
<sp who="SOPHIE"><speaker>SOPHIE.</speaker>
<p id="1">
	<s id="1">Tu prends ton ouvrage, Mélanie ; sais-tu ton catéchisme ?</s>
</p>
</sp>
<sp who="MÉLANIE"><speaker>MÉLANIE.</speaker>
<p id="2">
	<s id="1">Parfaitement, je t'assure ; j'ai répété mon article deux fois, le livre fermé, sans avoir oublié un seul mot : Aglaé sera contente. </s>
	<s id="2">Et je veux finir le voile ce matin ; je n'ai plus que cela : tiens, regarde.</s>
</p>
<stage type="show">Elle lui montre un bout de sa mousseline.</stage>
</sp>
<sp who="SOPHIE"><speaker>SOPHIE.</speaker>
<p id="3">
	<s id="1">C'est bien. </s>
	<s id="2">Ma robe sera terminée ce soir : ainsi, dimanche, nous aurons la récompense promise.</s>
</p>
</sp>
<sp who="MÉLANIE"><speaker>MÉLANIE.</speaker>
<p id="4">
	<s id="1">Le crois-tu ?</s>
</p>
</sp>
<sp who="SOPHIE"><speaker>SOPHIE.</speaker>
<note type="L">Pré-Saint-Gervais : Commune à l'est de Paris et jouxte le XIXème arrondissement de la capitale.</note>
<p id="5">
	<s id="1">Aglaé ne nous a jamais trompées, tu le sais. </s>
	<s id="2">D'abord nous irons à la grand'messe ; puis nous prendrons un fiacre, nous irons cher cher ma tante ; mère Monique emportera une petite cantine, et nous passerons toute la journée aux Prés Saint-Gervais.</s>
</p>
</sp>
<sp who="MÉLANIE"><speaker>MÉLANIE.</speaker>
<p id="6">
	<s id="1">S'il fait beau temps, que cette partie sera jolie ! </s>
	<s id="2">On voit déjà des feuilles aux arbres du jardin : comme j'aime le printemps !</s>
</p>
</sp>
</div2>
<div2 type="scene" n="2"><head>SCÈNE II. Les mêmes ; Mère Monique.</head>
<sp who="MÈRE MONIQUE"><speaker>MÈRE MONIQUE.</speaker>
<p id="1">
	<s id="1">Notre petite ménagère n'aura rien à dire en rentrant : ma cuisine est propre à ravir, mon pot est mis, son café est prêt. </s>
	<s id="2">Dame ! </s>
	<s id="3">Elle a beau être bien jeune, voyez-vous, je la respecte comme feu ma pauvre maîtresse ; elle n'a pas eu de jeunesse c'te jeunesse-là, faut en convenir. </s>
	<s id="4">Ah ! </s>
	<s id="5">Que son papa sera fier d'avoir une fille comme celle-là !</s>
</p>
</sp>
<sp who="SOPHIE"><speaker>SOPHIE.</speaker>
<p id="2">
	<s id="1">Crois bien que nous lui ressemblerons, mère Monique ; nous te tourmentons encore quelquefois ; mais, vois-tu, tout le monde ne peut pas être comme Aglaé.</s>
</p>
</sp>
<sp who="MÈRE MONIQUE"><speaker>MÈRE MONIQUE.</speaker>
<p id="3">
	<s id="1">Tout de suite, c'est vrai ; mais quand on veut l'imiter, on y parvient.</s>
</p>
</sp>
<sp who="SOPHIE"><speaker>SOPHIE.</speaker>
<p id="4">
	<s id="1">C'est vrai, cela ; quand je copie une rose, la première fois cela ne ressemble pas à grand'chose ; la seconde, elle est mieux ; la troisième, je suis toute contente, je m'éloigne des deux, et à quelques pas à peine puis-je les distinguer.</s>
</p>
</sp>
<sp who="MÈRE MONIQUE"><speaker>MÈRE MONIQUE.</speaker>
<p id="5">
	<s id="1">Oui, oui, avec de bons modèles et de la bonne volonté, on vient à bout de tout, et vous en avez un bien bon dans cette chère Aglaé : je l'aime comme si j'avais le bonheur d'être sa mère. </s>
	<s id="2">Si vous saviez quelle réputation elle a dans le quartier ! </s>
	<s id="3">Partout où je vais, chez le boucher, chez l'épicier, chez le parfumeur, on me dit : C'est vous qu'êtes chez c'te jolie mam'zelle Fournier ? </s>
	<s id="4">Comme elle a l'air modeste ! dit celle-ci, comme elle est belle ! dit celle-là ; pour moi, reprend une autre, je me mets toujours sur le pas de ma porte pour la voir passer. </s>
	<s id="5">Et puis on parle de son travail, de ses broderies, de ses dessins.</s>
</p>
</sp>
<sp who="SOPHIE"><speaker>SOPHIE.</speaker>
<p id="6">
	<s id="1">Eh bien, Aglaé ne sort jamais : c'est pour tant bien vrai qu'il ne faut pas courir le monde pour se faire une réputation ; au contraire, c'est comme cela qu'on la perd. </s>
	<s id="2">Que papa sera content quand il reviendra de l'armée ! </s>
	<s id="3">Le croirais-tu, Monique ? </s>
	<s id="4">Il a voulu nous envoyer de l'argent ; Aglaé lui a répondu qu'elle n'en avait pas besoin, et de plus elle a dix louis d'épargne pour nous habiller à la Pentecôte.</s>
</p>
</sp>
<sp who="MÉLANIE"><speaker>MÉLANIE.</speaker>
<p id="7">
	<s id="1">Ah Dieu ! </s>
	<s id="2">Quand donc viendra-t-il, papa ?</s>
</p>
</sp>
<sp who="MÈRE MONIQUE"><speaker>MÈRE MONIQUE.</speaker>
<p id="8">
	<s id="1">Dame ! </s>
	<s id="2">Bientôt, sans doute. </s>
	<s id="3">Son général bat les ennemis partout, il finira par n'en plus trouver à battre, et nous aurons une bien longue paix, et nous verrons Monsieur le capitaine, et il vous mariera toutes.</s>
</p>
</sp>
<sp who="SOPHIE"><speaker>SOPHIE.</speaker>
<p id="9">
	<s id="1">Monique, quand on n'est pas riche, on peut se marier, mais on ne doit pas du tout penser au mariage : Aglaé nous le dit tous les jours.</s>
</p>
</sp>
<sp who="MÈRE MONIQUE"><speaker>MÈRE MONIQUE.</speaker>
<p id="10">
	<s id="1">On sonne ; c'est Mademoiselle votre soeur, sûrement.</s>
</p>
</sp>
</div2>
<div2 type="scene" n="3"><head>SCÈNE III. Les mêmes ; Madame de Furville et Madame  Leblanc.</head>
<sp who="SOPHIE"><speaker>SOPHIE.</speaker>
<p id="1">
	<s id="1">C'est vous, madame Leblanc ? </s>
	<s id="2">Ma soeur sera bien fâchée de n'être pas ici.</s>
</p>
</sp>
<sp who="MADAME LEBLANC"><speaker>MADAME LEBLANC.</speaker>
<p id="2">
	<s id="1">Je croyais la trouver, je l'avoue.</s>
</p>
</sp>
<sp who="SOPHIE"><speaker>SOPHIE.</speaker>
<p id="3">
	<s id="1">Elle ne tardera pas à rentrer ; elle n'a pu aller qu'à la messe de dix heures, parce que nous avons été avec Monique à celle de huit heures : elle est sortie avec notre ouvrière.</s>
</p>
</sp>
<sp who="MÉLANIE"><speaker>MÉLANIE.</speaker>
<p id="4">
	<s id="1">Asseyez-vous donc, Madame. </s>
	<s id="2">Qui est cette personne qui vous accompagne ?</s>
</p>
</sp>
<sp who="MADAME LEBLANC"><speaker>MADAME LEBLANC.</speaker>
<note type="C">La Chaussée d'Antin (2ème arr.) et la rue du Temple (3ème arr.) sont séparées de 2,7 km.</note>
<p id="5">
	<s id="1">C'est une femme de mes amies qui a bien voulu m'aider ce matin à porter mes cartons. </s>
	<s id="2">Je viens de la Chaussée-d'Antin : il y a loin de là à la rue du Temple.</s>
</p>
</sp>
<sp who="SOPHIE"><speaker>SOPHIE.</speaker>
<p id="6">
	<s id="1">Ah ! </s>
	<s id="2">Bien loin. </s>
	<s id="3">Voulez-vous prendre quelque chose ?</s>
</p>
</sp>
<sp who="MADAME LEBLANC"><speaker>MADAME LEBLANC.</speaker>
<p id="7">
	<s id="1">Non, mademoiselle.</s>
</p>
</sp>
<sp stage="toward" who="SOPHIE"><speaker>SOPHIE, à Madame de Furville.</speaker>
<p id="8">
	<s id="1">Et vous, Madame ?</s>
</p>
</sp>
<sp who="MADAME DE FURVILLE"><speaker>MADAME DE FURVILLE.</speaker>
<p id="9">
	<s id="1">Je vous suis bien obligée, j'ai déjeuné chez Madame Leblanc.</s>
</p>
</sp>
</div2>
<div2 type="scene" n="4"><head>SCÈNE IV. Les mêmes ; Aglaé et son ouvrière. Elle
tient un paquet de roses à la main.</head>
<sp stage="run" who="MÉLANIE"><speaker>MÉLANIE, courant au-devant d'elle.</speaker>
<p id="1">
	<s id="1">Oh ! </s>
	<s id="2">Ma bonne petite maman, que vous avez chaud ! </s>
	<s id="3">Ôtez vite votre chapeau.</s>
</p>
</sp>
<sp who="AGLAÉ"><speaker>AGLAÉ.</speaker>
<p id="2">
	<s id="1">Bonjour mon enfant ; bonjour ma Sophie.</s>
</p>
</sp>
<sp who="SOPHIE"><speaker>SOPHIE.</speaker>
<p id="3">
	<s id="1">Pourquoi rentres-tu si tard ?</s>
</p>
</sp>
<sp who="AGLAÉ"><speaker>AGLAÉ.</speaker>
<p id="4">
	<s id="1">La messe de dix heures était presque finie ; j'ai été obligée d'attendre celle de dix heures et demie. </s>
	<s id="2">Ah ! </s>
	<s id="3">Bonjour Madame Leblanc ; pardon, mesdames, je ne vous voyais pas : ces chères petites se sont jetées à mon cou.</s>
</p>
</sp>
<sp who="MADAME LEBLANC"><speaker>MADAME LEBLANC.</speaker>
<p id="5">
	<s id="1">Elles vous aiment et vous révèrent à la fois comme une soeur et une mère.</s>
</p>
</sp>
<sp who="AGLAÉ"><speaker>AGLAÉ.</speaker>
<p id="6">
	<s id="1">Ces pauvres enfants ! </s>
	<s id="2">Elles ont bien raison. </s>
	<s id="3">Quelle tâche le ciel a voulu me donner ! </s>
	<s id="4">Elle a été bien pénible, mais bien douce à remplir.</s>
</p>
</sp>
<sp who="SOPHIE"><speaker>SOPHIE.</speaker>
<p id="7">
	<s id="1">Le petit bonnet est brodé, il est dans le carton : la robe sera faite ce soir.</s>
</p>
</sp>
<sp who="MÉLANIE"><speaker>MÉLANIE.</speaker>
<p id="8">
	<s id="1">Je sais mon catéchisme ; tu seras contente, bonne soeur.</s>
</p>
</sp>
<sp who="AGLAÉ"><speaker>AGLAÉ.</speaker>
<p id="9">
	<s id="1">Très bien, mes chers enfants. </s>
	<s id="2">Donne-moi le carton, il faut tenir sa parole : j'ai dit qu'avant midi Madame Molinville aurait son petit bonnet. </s>
	<s id="3">Marianne, porte-le tout de suite. </s>
	<s id="4">Encore pardon, Mesdames, on ne rentre pas dans son ménage sans avoir de petits devoirs, qui exigeaient votre retour. </s>
	<s id="5">Les femmes qui sortent souvent sont bien à plaindre!</s>
</p>
</sp>
<sp who="MADAME DE FURVILLE"><speaker>MADAME DE FURVILLE.</speaker>
<p id="10">
	<s id="1">Aimable enfant, vous croyez donc qu'elles s'occupent des mêmes soins que vous ?</s>
</p>
</sp>
<sp who="AGLAÉ"><speaker>AGLAÉ.</speaker>
<p id="11">
	<s id="1">Je dois, Madame, le supposer. </s>
	<s id="2">Comment n'en être pas occupée ?</s>
</p>
<stage type="toward">À Madame Leblanc.</stage>
<p id="12">
	<s id="1">Qui est cette dame ?</s>
</p>
</sp>
<sp who="MADAME LEBLANC"><speaker>MADAME LEBLANC.</speaker>
<p id="13">
	<s id="1">C'est une de mes anciennes connaissances.</s>
</p>
</sp>
<sp who="AGLAÉ"><speaker>AGLAÉ.</speaker>
<p id="14">
	<s id="1">Mes enfants, voici des roses en quantité : comme cela sent le printemps ! </s>
	<s id="2">En passant sur le boulevard cette odeur délicieuse m'a frappée : j'ai voulu faire partager mon plaisir, et je me suis ruinée en petits bouquets de roses. </s>
	<s id="3">En voici trois pour Sophie ; deux pour Mélanie ; un peu pour cette bonne mère Monique : elle aime de préférence l'odeur de cette fleur.</s>
</p>
</sp>
<sp who="MÈRE MONIQUE"><speaker>MONIQUE.</speaker>
<p id="15">
	<s id="1">Vous vous en êtes souvenue ; quel prix cela donne au bouquet !</s>
</p>
</sp>
<sp who="AGLAÉ"><speaker>AGLAÉ.</speaker>
<p id="16">
	<s id="1">En voyant tous les grands hôtels du boulevard, je regardais tous ces volets fermés ; le soleil était superbe, l'air pur et serein, les oiseaux se faisaient entendre, et je pensais que toutes ces belles dames pour lesquelles nous travaillons avaient encore les yeux fermés, et qu'il n'existait, pour éclairer leurs superbes chambres, qu'une petite bougie de nuit. </s>
	<s id="2">Ah ! </s>
	<s id="3">Bon Dieu ! </s>
	<s id="4">Qu'elles sont à plaindre ! </s>
	<s id="5">Si j'étais à leur place, comme je parcourrais de bonne heure ces terrasses charmantes, ces jolis bosquets qui environnent leurs de meures !...</s>
</p>
</sp>
<sp who="MADAME DE FURVILLE"><speaker>MADAME DE FURVILLE.</speaker>
<p id="17">
	<s id="1">Vos goûts changeraient avec votre situation.</s>
</p>
</sp>
<sp who="AGLAÉ"><speaker>AGLAÉ.</speaker>
<p id="17">
	<s id="1">Je ne le croîs pas, Madame : j'ai formé mes idées sur le bonheur dont je puisse jouir dans mon état présent, et souvent, dans ces petits rêves de l'imagination dont la sagesse ne peut pas garantir, j'ai senti qu'avec des richesses je chercherais mon bonheur dans une infinité de jouissances qui paraissent trop inconnues aux gens riches.</s>
</p>
</sp>
<sp stage="toward" who="MADAME DE FURVILLE"><speaker>MADAME DE FURVILLE, à Madame Leblanc.</speaker>
<p id="18">
	<s id="1">Elle est charmante ! </s>
	<s id="2">Votre aiguille est votre unique occupation, Mademoiselle ?</s>
</p>
</sp>
<sp who="AGLAÉ"><speaker>AGLAÉ.</speaker>
<p id="19">
	<s id="1">Elle est la principale, puisqu'elle doit fournir à mon entretien et à celui de mes soeurs ; mais j'écris tous les soirs à mon père bien régulièrement.</s>
</p>
</sp>
<sp who="MADAME DE FURVILLE"><speaker>MADAME DE FURVILLE.</speaker>
<p id="20">
	<s id="1">Quoi ! </s>
	<s id="2">Une lettre par jour?</s>
</p>
</sp>
<sp who="AGLAÉ"><speaker>AGLAÉ.</speaker>
<p id="12">
	<s id="1">Oh, non ; mais une par semaine, écrite en forme de journal, et cela, tous les soirs avant de me coucher.</s>
</p>
</sp>
<sp who="MADAME LEBLANC"><speaker>MADAME LEBLANC.</speaker>
<p id="13">
	<s id="1">Sans y manquer ?</s>
</p>
</sp>
<sp who="AGLAÉ"><speaker>AGLAÉ.</speaker>
<p id="14">
	<s id="1">Oui, Madame, tandis que ce bon père ex pose ses jours pour la gloire, pour son prince et pour l'État, ne devons-nous pas tenir son esprit tranquille sur ce qui se passe dans son ménage ; lui faire voir que celle que nous regretterons toujours avec lui y est remplacée autant qu'il est en notre pouvoir ; que le soir, avant de nous coucher, nous lui rendons un compte exact de l'emploi de notre journée, et que nous ne nous livrons au sommeil qu'après avoir prié Dieu qu'il daigne sauver ses jours et faire triompher les armes de la France ?</s>
</p>
</sp>
<sp stage="enthousiasm" who="MADAME DE FURVILLE"><speaker>MADAME DE FURVILLE, transportée.</speaker>
<p id="15">
	<s id="1">Oui, c'est elle ! </s>
	<s id="2">La voilà ! </s>
	<s id="3">Mon fils n'épousera point d'autre.</s>
</p>
</sp>
<sp stage="toward" who="AGLAÉ"><speaker>AGLAÉ, à Madame Leblanc.</speaker>
<p id="16">
	<s id="1">Qui, elle ? </s>
	<s id="2">Que veut-elle dire ?</s>
</p>
</sp>
<sp who="MADAME LEBLANC"><speaker>MADAME LEBLANC, serrant Aglaé sur son coeur.</speaker>
<p id="17">
	<s id="1">Vous le saurez, chère et aimable Aglaé ; le ciel récompensera vos vertus.</s>
</p>
</sp>
<sp who="AGLAÉ"><speaker>AGLAÉ.</speaker>
<p id="18">
	<s id="1">Que voulez-vous dire ? </s>
	<s id="2">De quelle récompense parlez-vous ? </s>
	<s id="3">Je n'ai rien fait qui en mérite ; j'ai simplement cherché à remplir mes devoirs...</s>
</p>
</sp>
<sp who="MADAME DE FURVILLE"><speaker>MADAME DE FURVILLE.</speaker>
<p id="19">
	<s id="1">Aimable ignorance de son mérite ! </s>
	<s id="2">Cette qualité les comble toutes. </s>
	<s id="3">Mademoiselle, j'ai voulu vous connaître, vous voir telle que vous étiez dans cet intérieur que vous dirigez avec les talents et les grâces de la jeunesse, et avec la sagesse de l'âge mûr. </s>
	<s id="4">Mon état n'est point celui qu'annoncent mes vêtements, et les fonctions que je remplis...</s>
</p>
</sp>
<sp who="AGLAÉ"><speaker>AGLAÉ.</speaker>
<p id="20">
	<s id="1">Quoi, Madame !...</s>
</p>
</sp>
<sp who="MADAME LEBLANC"><speaker>MADAME LEBLANC.</speaker>
<p id="21">
	<s id="1">Oui, mon enfant, vous voyez ici madame de Furville que j'ai eu l'honneur de servir dans ma jeunesse, et dont souvent je vous ai raconté les traits de bonté et de bienfaisance.</s>
</p>
</sp>
<sp who="MADAME DE FURVILLE"><speaker>MADAME DE FURVILLE.</speaker>
<p id="22">
	<s id="1">Finissez, Madame Leblanc ; elle pourra elle-même juger celle dont vous lui donneriez une idée trou favorable. </s>
	<s id="2">Je demeure dans un appartement solitaire ; on ignore mon séjour à Paris, personne ne viendra nous troubler : venez toutes passer la journée chez moi.</s>
</p>
</sp>
<sp who="AGLAÉ"><speaker>AGLAÉ.</speaker>
<p id="23">
	<s id="1">Madame, puis-je, sans avoir l'honneur d'être connue de vous ?...</s>
</p>
</sp>
<sp who="MADAME DE FURVILLE"><speaker>MADAME DE FURVILLE.</speaker>
<p id="24">
	<s id="1">Avec l'estimable Madame Leblanc.</s>
</p>
</sp>
<sp who="MADAME LEBLANC"><speaker>MADAME LEBLANC.</speaker>
<p id="25">
	<s id="1">Vous savez, Mademoiselle, que monsieur votre père ne vous a permis de sortir qu'avec moi ; je vous conduis vers le bonheur le plus assuré.</s>
</p>
</sp>
<sp who="AGLAÉ"><speaker>AGLAÉ.</speaker>
<p id="26">
	<s id="1">Comment ?</s>
</p>
</sp>
<sp who="MADAME DE FURVILLE"><speaker>MADAME DE FURVILLE.</speaker>
<p id="27">
	<s id="1">Je vous apprendrai mes projets ; ils sont dignes de vous et de vos estimables parents, venez avec confiance.</s>
</p>
<stage type="toward">À Madame Leblanc, en la conduisant au bord de la scène. </stage>
<p id="28">
	<s id="1">Elle sera ma belle-fille, et je la reçois du ciel qui a dirigé mes pas.</s>
</p>
</sp>
<sp who="MADAME LEBLANC"><speaker>MADAME LEBLANC.</speaker>
<p id="29">
	<s id="1">Puissent toutes les jeunes filles apprendre par cet heureux événement la valeur du vieux, proverbe : Bonne renommée vaut mieux que ceinture dorée.</s>
</p>
</sp>
</div2>
</div1>
</body>
</text>
</TEI>