<?xml version="1.0" encoding="utf-8"?>
<TEI xml:lang="fr">
<teiHeader>
		<fileDesc>
			<titleStmt>
				<title>LA FERME PARTAGÉE, PROVERBE</title>
				<author type="texte" ISNI="0000 0001 2142 955X">MADAME CAMPAN (1752-1822)</author>
			</titleStmt>
			<publicationStmt>	
				<editor>Texte établi par Paul FIEVRE août 2018</editor>
				<publisher>publié par Paul FIEVRE, septembre 2018</publisher>
				<idno>CAMPAN_DEUXEDUCATIONS</idno>
			<rights>Creative Commons BY-NC-SA</rights>
			</publicationStmt>
			<SourceDesc>
				<genre>Proverbe</genre>
				<inspiration>moeurs</inspiration><structure>Un acte</structure>
				<type>prose</type>
				<periode>1821-1830</periode>
				<taille>(mesure non pertinente)</taille>
				<permalien></permalien>
			</SourceDesc>
		</fileDesc>
</teiHeader>
<text>
<front>
		<docTitle>
			<titlePart type="main">LA FERME PARTAGÉE</titlePart>
		</docTitle> 
		<docDate value='1832'>1832.</docDate>
		<docAuthor id='MADAME CAMPAN'>de Mme CAMPAN</docAuthor>
		<docImprint>
				<printer id=''>Paris, LEBIGRE FRÈRES, LIBRAIRES.</printer>
		</docImprint>
	<castList><head>NOMS DES PERSONNAGES.</head>
			<castItem><role id="LOUISE" sex="2" type="H" statut="fermier" age="A" stat_amour='néant'>LOUISE</role>, fermière, épouse de Pierre Bouleau.</castItem>
			<castItem><role id="JEANNETTE" sex="2" type="H" statut="fermier" age="J" stat_amour='néant'>JEANNETTE</role>, sa fille aînée.</castItem>
			<castItem><role id="MARIE" sex="2" type="H" statut="fermier" age="J" stat_amour='néant'>MARIE</role>, sa fille cadette.</castItem>
			<castItem><role id="SUZANNE" sex="2" type="H" statut="fermier" age="A" stat_amour='néant'>SUZANNE</role>, fermière, épouse de Jean-Louis Bouleau.</castItem>
			<castItem><role id="SOPHIE" sex="2" type="H" statut="bourgeois" age="J" stat_amour='néant'>SOPHIE</role>, sa fille aînée.</castItem>
			<castItem><role id="LUCIE" sex="2" type="H" statut="bourgeois" age="J" stat_amour='néant'>LUCIE</role>, sa fille cadette.</castItem>
			<castItem><role id="LA MÈRE MARGUERITE" sex="2" type="H" statut="bourgeois" age="V" stat_amour='néant'>LA MÈRE MARGUERITE</role>, âgée de quatre-vingts ans, mère des deux fermiers.</castItem>
	</castList>
	<set location="Paris" country="France" periode="XVIIIème" gps="48.856614, 2.352222">Le théâtre représente deux salles du même corps de ferme. Dans l'une est le ménage de Pierre Bouleau, dans l'autre celui de Jean-Louis Bouleau. La propreté, l'aisance, se remarquent dans la salle du premier ménage; des poteries, des chaises cassées, des couvertures à terre, montrent dans l'autre le désordre et la misère.</set>
	<note>Texte établi à partir de l'ouvrage "DE L'ÉDUCATION, par Mme CAMPAN suivi des conseils au jeunes filles, de quelques essais de morale et d'un théâtre pour les jeunes personnes, ouvrage mis en ordre et publié, avec des introductions par M. F. BARRIÈRE. Nouvelle édition ; augmentée de lettres, avec une introduction. Tome Troisième", Paris, LEBIGRE FRÈRES, LIBRAIRES, 1832. pp 62-76</note>
</front>
<body>
<div1 type="act" n="1"><head>LA FERME PARTAGÉE.</head>
<div2 type="scene" n="1"><head>SCÈNE I. Louise et Jeannette, sa fille aînée.</head>
<sp who="JEANNETTE"><speaker>JEANNETTE.</speaker>
<p id="1">
	<s id="1">Ah ! </s>
	<s id="2">Ma mère, quelle nuit ! </s>
	<s id="3">J'en suis encore toute tremblante.</s>
</p>
</sp>
<sp who="LOUISE"><speaker>LOUISE.</speaker>
<p id="2">
	<s id="1">Depuis que j'habite dans ce canton, je n'ai pas vu un pareil orage.</s>
</p>
</sp>
<sp who="JEANNETTE"><speaker>JEANNETTE.</speaker>
<p id="3">
	<s id="1">Trois de nos grands marronniers sont déracinés, le moulin du meunier voisin est entraîné, le feu du ciel a consumé trois granges dans le village de Beaupré, et mon oncle, mon pauvre oncle ! </s>
	<s id="2">Sa récolte est perdue. </s>
	<s id="3">Ma tante, mes cousines, comme elles vont être malheureuses !</s>
</p>
</sp>
<sp who="LOUISE"><speaker>LOUISE.</speaker>
<p id="4">
	<s id="1">Pour moi, je respire à peine ; votre père devait revenir hier de la ville. </s>
	<s id="2">Ah ! </s>
	<s id="3">Jeannette, était-il en route ? </s>
	<s id="4">Ce bon, ce brave homme, a-t-il été exposé ?</s>
</p>
</sp>
</div2>
<div2 type="scene" n="2"><head>SCÈNE II.</head>
<stage type="entrance/carry">Marie entre en courant, une lettre à la main.</stage>
<sp who="MARIE"><speaker>MARIE.</speaker>
<p id="1">
	<s id="1">Ma mère, ma mère, une lettre de papa.</s>
</p>
</sp>
<sp who="LOUISE"><speaker>LOUISE.</speaker>
<p id="2">
	<s id="1">Que le ciel soit béni !</s>
</p>
</sp>
<sp who="JEANNETTE"><speaker>JEANNETTE.</speaker>
<p id="2">
	<s id="1">Quel bonheur !</s>
</p>
</sp>
<sp stage="open/stress" who="LOUISE"><speaker>LOUISE émue ouvre la lettre, et a de la peine à lire les premières lignes : petit à petit sa voix se rassure.</speaker>
<p id="4">
	<s id="1">« Ma chère femme, mes bons enfants, remerciez Dieu, il m'a sauvé la vie ; je suis arrivé au bord de la rivière lorsque le pont venait d'être enlevé. </s>
	<s id="2">Un roulier et sa voiture y ont péri : j'ai repris le chemin de la ville ; je vais y terminer des affaires que j'avais remises à un autre voyage. </s>
	<s id="3">Les torrents ont été bien forts de ce côté ; mais, je l'ai vu avec douleur, le gros du nuage chargé de grêle à gagné notre vallée : mon malheureux frère doit être ruiné. </s>
	<s id="4">Je l'ai toujours dit ; celui qui écoute s'il pleut est atteint par l'orage. </s>
	<s id="5">Je lui disais encore hier, à ce pauvre Jean, qui voulait me forcer d'entrer au cabaret de la Croix-Blanche : « Frère , rentre donc ta récolte ! » </s>
	<s id="6">Il ne m'a pas voulu croire. </s>
	<s id="7">Pour moi, Dieu a mis dans mon coeur un désir de hâter tout ce qui est travail, et je m'en trouve bien en ce moment. </s>
	<s id="8">J'ai vendu mon seigle et mes foins à merveille ; si le peu de blé d'hiver que nous gardons pour notre usage est détruit par l'orage, nous avons de quoi en acheter ; et nous pouvons compter encore sur le regain. </s>
	<s id="9">Je t'envoie Lucas ; il aura fait un grand détour, et n'arrivera pas de bonne heure : il te remettra mille francs. </s>
	<s id="10">Porte bien vite cinq cents francs au receveur des impositions : il m'a fait dire que cela l'obligerait. </s>
	<s id="11">Élève tes filles comme j'élève mes fils, à ne pas regretter dans leur bien la partie qui appartient au prince et à l'État. </s>
	<s id="12">Les cinq cents francs qui te resteront, je te les donne et de bon coeur ; tu es une excellente ménagère, tu les as bien gagnés. </s>
	<s id="13">Tu désires depuis longtemps une cornette de dentelle, un déshabillé de taffetas, ta Jeannette une croix... »</s>
</p>
</sp>
<sp stage="interrupt" who="JEANNETTE"><speaker>JEANNETTE interrompt sa mère.</speaker>
<p id="5">
	<s id="1">Ah Dieu !</s>
</p>
</sp>
<sp stage="continue" who="LOUISE"><speaker>LOUISE continue.</speaker>
<p id="6">
	<s id="1">« Ta Marie un collier de grenat ; tu peux acheter toutes ces choses. </s>
	<s id="2">À demain, mes bonnes amies. »</s>
</p>
</sp>
<sp who="MARIE"><speaker>MARIE.</speaker>
<p id="7">
	<s id="1">Ah ! </s>
	<s id="2">Comme il est bon !</s>
</p>
</sp>
<sp who="LOUISE"><speaker>LOUISE.</speaker>
<p id="8">
	<s id="1">Oui, mes enfants, vous avez raison d'apprécier sa bonté, de le chérir, il n'existe pas un meilleur mari, un meilleur père. </s>
	<s id="2">Voyez le sort de vos cousines : ce pauvre Jean-Louis a les mêmes terres que votre père, toise pour toise, pied pour pied, et la misère a suivi son insouciance , sa paresse ; elles sont bien à plaindre, vos cousines ! </s>
	<s id="3">Je vais commencer par obéir à mon mari, je veux qu'il trouve ici la quittance de nos impositions. </s>
	<s id="4">Venez avec moi, Marie ; et vous, Jeannette, allez voir ce qui se passe chez votre oncle : tout doit y être dans la douleur...</s>
</p>
</sp>
</div2>
<div2 type="scene" n="3" stage="cry"><head>SCÈNE III. Sophie et Lucie pleurant.</head>
<stage type="location">La scène se passe dans la salle de Jean-Louis Bouleau.</stage>
<sp who="SOPHIE"><speaker>SOPHIE.</speaker>
<p id="1">
	<s id="1">Où as-tu laissé ma mère ?</s>
</p>
</sp>
<sp who="LUCIE"><speaker>LUCIE.</speaker>
<p id="2">
	<s id="1">Elle allait chez le receveur.</s>
</p>
</sp>
<sp who="SOPHIE"><speaker>SOPHIE.</speaker>
<p id="3">
	<s id="1">Le méchant ! </s>
	<s id="2">Vouloir faire payer des impositions, quand il voit que toute notre récolte est perdue !</s>
</p>
</sp>
<sp who="LUCIE"><speaker>LUCIE.</speaker>
<p id="4">
	<s id="1">Il est sans pitié ; et depuis cette querelle qu'il eut avec mon père pour des impôts arriérés, il est pire que jamais.</s>
</p>
</sp>
<sp who="SOPHIE"><speaker>SOPHIE.</speaker>
<p id="5">
	<s id="1">Ah ! </s>
	<s id="2">Ma pauvre Lucie, nous demanderons notre pain cette année [dans] toute la plaine, c'est une désolation ; {notre seigle] est enlevé, on le voyait par gerbes entraîné dans les ruisseaux qui se sont formés au pied de la montagne. </s>
	<s id="3">Mon père, mes frères, avec de grandes fourches, courent après ; mais quoi ! </s>
	<s id="4">Ils retireront quelques brins ; et le foin, le foin est perdu !</s>
</p>
</sp>
<sp who="LUCIE"><speaker>LUCIE.</speaker>
<p id="6">
	<s id="1">Ma mère disait bien : « Faut faire la récolte, faut la faire. »</s>
</p>
</sp>
<sp who="SOPHIE"><speaker>SOPHIE.</speaker>
<p id="7">
	<s id="1">Tu le sais bien, il n'y avait pas un sou, à la maison pour les premières avances, et les journaliers vont chez notre oncle avant tout : il paie si bien, lui !</s>
</p>
</sp>
<sp who="LUCIE"><speaker>LUCIE.</speaker>
<p id="8">
	<s id="1">Ah ! </s>
	<s id="2">Que nos cousines sont heureuses ! </s>
	<s id="3">Comme elles vont être fières ! </s>
	<s id="4">Comme elles nous regarderont avec un air de pitié !</s>
</p>
</sp>
<sp who="SOPHIE"><speaker>SOPHIE.</speaker>
<p id="9">
	<s id="1">Ah ! </s>
	<s id="2">Fi, Lucie ! </s>
	<s id="3">Le malheur ne doit pas rendre injuste, car il rendrait coupable. </s>
	<s id="4">Peux-tu dire cela de nos cousines, elles qui partagent avec nous les choses qui peuvent nous faire  envie ! </s>
	<s id="5">Ce joli mouchoir que tu portes, et ton habillement du jour de Pâques, et le mien, n'est-ce pas elles qui nous les ont donnés ?</s>
</p>
</sp>
<sp who="LUCIE"><speaker>LUCIE.</speaker>
<p id="10">
	<s id="1">Oui, mais il faut recevoir, et c'est dur, cela.</s>
</p>
</sp>
<sp who="SOPHIE"><speaker>SOPHIE.</speaker>
<p id="11">
	<s id="1">Quand on n'a rien, il faut recevoir ou s'en passer ; et lorsqu'on trouve bon de recevoir une parure, il ne faut pas, ma Lucie, que la vanité nous la fasse accepter et qu'ensuite l'orgueil nous rende ingrates.</s>
</p>
</sp>
</div2>
<div2 type="scene" n="4"><head>SCÈNE IV. La fermière Suzanne, Sophie, Lucie.</head>
<sp who="SOPHIE"><speaker>SOPHIE.</speaker>
<p id="1">
	<s id="1">Eh bien, ma mère ?</s>
</p>
</sp>
<sp who="SUZANNE"><speaker>SUZANNE.</speaker>
<p id="2">
	<s id="1">Tout est perdu, mes enfants ; on va faire saisir, on va vendre nos dernières vaches. </s>
	<s id="2">Le méchant receveur voit que l'orage vient d'achever notre ruine, il craint de ne pouvoir plus être payé. </s>
	<s id="3">Votre pauvre père s'est laissé arriérer ; il doit quinze cents francs : si l'on n'en donne pas cinq d'ici à demain matin, tout est saisi, tout est vendu.</s>
</p>
</sp>
<sp who="SOPHIE"><speaker>SOPHIE.</speaker>
<p id="3">
	<s id="1">Où trouver cinq cents francs ?</s>
</p>
</sp>
<sp who="SUZANNE"><speaker>SUZANNE.</speaker>
<p id="4">
	<s id="1">Nulle part , il n'y faut pas songer.</s>
</p>
</sp>
<sp who="LUCIE"><speaker>LUCIE.</speaker>
<p id="5">
	<s id="1">Quel malheur affreux ! </s>
	<s id="2">Ma bonne-maman peut nous secourir.</s>
</p>
</sp>
<sp who="SUZANNE"><speaker>SUZANNE.</speaker>
<p id="6">
	<s id="1">Elle l'a déjà fait, mes enfants ; elle nous a donné la part dont votre père devait hériter après elle.</s>
</p>
</sp>
<sp who="SOPHIE"><speaker>SOPHIE.</speaker>
<p id="7">
	<s id="1">Voir vendre nos vaches, nos chevaux !</s>
</p>
</sp>
<sp who="LUCIE"><speaker>LUCIE.</speaker>
<p id="8">
	<s id="1">Il faudra vendre aussi la terre, voir nos frères journaliers ; j'aimerais autant mourir !</s>
</p>
</sp>
<sp who="SUZANNE"><speaker>SUZANNE.</speaker>
<p id="9">
	<s id="1">Nous travaillerons, mes filles ; nous supporterons nos malheurs.</s>
</p>
</sp>
<sp who="LUCIE"><speaker>LUCIE.</speaker>
<p id="10">
	<s id="1">Ah ! </s>
	<s id="2">Si mon père était un homme courageux ; s'il pouvait renoncer au jeu de boule, à la raquette !</s>
</p>
</sp>
<sp who="SUZANNE"><speaker>SUZANNE.</speaker>
<p id="11">
	<s id="1">Taisez-vous, Lucie , respectez votre père ; je ne veux pas une seule fois l'entendre offenser par ses enfants.</s>
</p>
</sp>
</div2>
<div2 type="scene" n="5"><head>SCÈNE V. Les mêmes; LA MÈRE MARGUERITE appuyée sur son bâton.</head>
<sp who="MARGUERITE"><speaker>MARGUERITE.</speaker>
<p id="1">
	<s id="1">Il faut donc, à mon âge, que j'aie la douleur de voir ce malheureux Jean-Louis et sa famille réduits à la mendicité !</s>
</p>
</sp>
<sp who="SUZANNE"><speaker>SUZANNE.</speaker>
<p id="2">
	<s id="1">Ma mère !...</s>
</p>
</sp>
<sp who="MARGUERITE"><speaker>MARGUERITE.</speaker>
<p id="3">
	<s id="1">Je sais tout, je sais tout : Jean-Louis passe les instants du travail au cabaret ; quand les autres font des économies, il fait des dettes, et compte pour s'acquitter sur les récoltes à venir : mais il ne sait ni prévoir ni prévenir les accidents. </s>
	<s id="2">Tout le monde a rentré son seigle et ses foins ; votre mari seul , avec sa misérable paresse, a toujours remis au lendemain. </s>
	<s id="3">Aussi maintenant point de récolte pour lui cette année, tandis que son frère a tout vendu un quart de plus que l'année dernière.</s>
</p>
</sp>
<sp who="SUZANNE"><speaker>SUZANNE.</speaker>
<p id="2">
	<s id="1">Il y a encore des moyens de nous retirer du malheur.</s>
</p>
</sp>
<sp who="MARGUERITE"><speaker>MARGUERITE.</speaker>
<p id="3">
	<s id="1">Aucun, aucun ; voilà le prix de la négligence et de l'inconduite.</s>
</p>
</sp>
<sp who="SUZANNE"><speaker>SUZANNE.</speaker>
<p id="4">
	<s id="1">Ma mère !...</s>
</p>
</sp>
<sp who="MARGUERITE"><speaker>MARGUERITE.</speaker>
<p id="5">
	<s id="1">Ce n'est pas vous que je blâme, ma fille ; mais Jean-Louis, qui...</s>
</p>
</sp>
<sp who="SUZANNE"><speaker>SUZANNE.</speaker>
<p id="6">
	<s id="1">Ma bonne mère, ménagez, épargnez votre fils ; il est bon, il est honnête homme : le ciel ne donne pas à tous la même activité, le même courage.</s>
</p>
</sp>
<sp who="MARGUERITE"><speaker>MARGUERITE.</speaker>
<p id="7">
	<s id="1">Je vous loue, ma fille, de le défendre ainsi ; mais je suis sa mère, et j'ai le droit de prononcer sur ses défauts. </s>
	<s id="2">Les ivrognes et les paresseux...</s>
</p>
</sp>
<sp stage="watch" who="SOPHIE"><speaker>SOPHIE, regardant la porte de la maison.</speaker>
<p id="8">
	<s id="1">Ciel ! </s>
	<s id="2">Je vois le receveur qui parle à ma tante. </s>
	<s id="3">Le méchant ! </s>
	<s id="4">Comme il a l'air en colère !</s>
</p>
</sp>
</div2>
<div2 type="scene" n="6"><head>SCÈNE VI. Les mêmes ; Louise, Jeannette et Marie, embrassant leurs cousines.</head>
<sp who="SUZANNE"><speaker>SUZANNE.</speaker>
<p id="1">
	<s id="1">Vous étiez avec ce cruel homme, ma soeur ; il vous parlait : il veut faire saisir nos meubles et nous perdre ?</s>
</p>
</sp>
<sp who="LOUISE"><speaker>LOUISE.</speaker>
<p id="2">
	<s id="1">Non ; il est satisfait, et va nous apporter sa quittance pour un à-compte de cinq cents francs.</s>
</p>
</sp>
<sp who="SUZANNE"><speaker>SUZANNE.</speaker>
<p id="3">
	<s id="1">Et qui a donné cette somme ?</s>
</p>
</sp>
<sp who="LOUISE"><speaker>LOUISE.</speaker>
<p id="4">
	<s id="1">Mes filles et moi, ma soeur ; nous sommes trop heureuses de vous prouver par-là notre attachement.</s>
</p>
</sp>
<sp who="SUZANNE"><speaker>SUZANNE.</speaker>
<p id="5">
	<s id="1">Ah ! </s>
	<s id="2">Bonne, excellente femme !</s>
</p>
<stage type="kiss">Elle l'embrasse, les jeunes filles s'embrassent de même.</stage>
</sp>
<sp who="LOUISE"><speaker>LOUISE.</speaker>
<p id="6">
	<s id="1">Mon mari a vendu sa récolte; il m'a envoyé cette somme pour nous donner quelques bagatelles qui n'auraient pas ajouté à notre bonheur ; elle est bien mieux employée.</s>
</p>
</sp>
<sp who="MARGUERITE"><speaker>MARGUERITE.</speaker>
<p id="7">
	<s id="1">Celui qui gagne et est économe peut être généreux ; vous et votre mari en donnez la preuve, ma chère Louise. </s>
	<s id="2">Mais quelle douleur pour moi de voir la moitié de la ferme si mal dirigée, quand l'autre l'est si bien par votre estimable mari ! </s>
	<s id="3">Mes fils seront également riches, disait feu votre père à son heure dernière, lorsqu'en présence de notre bon pasteur et du notaire il fit le partage de ses biens. </s>
	<s id="4">Cinquante arpents de blé à celui-ci, cinquante arpents de blé à celui-là ; vingt arpents de prairie d'un côté, vingt de l'autre ; enfin les bois furent divisés en deux lots parfaitement égaux, et il voulut que jusqu'à la grande salle du bâtiment fût séparée en deux par une cloison : tout cela était une chimère de ce bon père Bouleau. </s>
	<s id="5">On diviserait la France en terrains parfaitement égaux qu'au bout de trois ans il y aurait des gens plus riches, d'autres plus pauvres ; et dix ans après ce partage la société se trouverait composée de propriétaires et de journaliers. </s>
	<s id="5">Le travail, mes enfants ; l'ordre, l'économie, voilà les seules richesses. </s>
	<s id="6">Votre propre expérience justifie le proverbe qui dit : Tant vaut l'homme, tant Tant la terre.</s>
</p>
</sp>
</div2>
</div1>
</body>
</text>
</TEI>