<?xml version="1.0" encoding="utf-8"?>
<TEI xml:lang="fr">
<teiHeader>
	<fileDesc>
		<titleStmt>
			<title>LA VEUVE AVARE ou À TROMPEUR TROMPEUR ET DEMI COMÉDIE</title>
			<author type="texte" ISNI="0000 0000 7977 1756">Louis Carrogis de CARMONTELLE (1717-1806)</author>
		</titleStmt>
		<publicationStmt>
			<publisher>publié par Paul FIEVRE novembre 2015, revu février 2017</publisher>
			<idno>CARMONTELLE_VEUVEAVARE</idno>
			<rights>Creative Commons BY-NC-SA</rights>
		</publicationStmt>
		<SourceDesc>
			<genre>Proverbe</genre>
			<inspiration>moeurs</inspiration>			<structure>Un acte</structure>
			<type>prose</type>
			<periode>1761-1770</periode>
			<taille>(mesure non pertinente)</taille>
			<permalien></permalien>
		</SourceDesc>
</fileDesc>
</teiHeader>
<text>
	<front>
		<docTitle>
			<titlePart type="main">LA VEUVE AVARE</titlePart>
			<titlePart type="main">ou À TROMPEUR TROMPEUR ET DEMI</titlePart>
			<titlePart type="sub">PROVERBE DRAMATIQUE.</titlePart>
			
		</docTitle> 
		<docDate value='1768'>1768</docDate>
		<docAuthor id='CARMONTELLE, Louis de' bio='carmontelle'>de CARMONTELLE.</docAuthor>
		<performance>
			<premiere date='(inconnue)' location='(inconnue)'></premiere>
		</performance>
	<castList><head>PERSONNAGES</head>
		<castItem><role id="MONSIEUR RENAUD DU BOULOIR" sex="1" type="H" statut='avocat' age='A' stat_amour='néant'>MONSIEUR RENAUD DU BOULOIR</role>, avocat.</castItem>
		<castItem><role id="MADAME DE RUPERT" sex="2" type="H" statut='aristocrate' age='A' stat_amour='néant'>MADAME DE RUPERT</role>, veuve.</castItem>
		<castItem><role id="LE CHEVALIER DE SAINT-RIEUL" sex="1" type="H" statut='chevalier' age='A' stat_amour='néant'>LE CHEVALIER DE SAINT-RIEUL</role>.</castItem>
		<castItem><role id="LAPIERRE" sex="1" type="H" statut='laquais' age='A' stat_amour='néant'>LAPIERRE</role>, laquais de M. du Bouloir.</castItem>
   </castList>
<set location="Paris" country="France" periode="XVIIIème" gps="48.856614, 2.352222">La scène est dans le cabinet de M. du Bouloir.</set>
</front>
<body>
<div1 type="act" n='1'><head></head>
<div2 type="scene" n='1'><head>SCÈNE I. Monsieur du Bouloir, Lapierre.</head>
<sp who='MONSIEUR DU BOULOIR'><speaker>MONSIEUR DU BOULOIR.</speaker>
<p id='1'>
	<s id='1'>Lapierre ?</s>
</p>
</sp>
<sp who='LAPIERRE'><speaker>LAPIERRE.</speaker>
<p id='2'>
	<s id='1'>Monsieur ?</s>
</p>
</sp>
<sp who='MONSIEUR DU BOULOIR'><speaker>MONSIEUR DU BOULOIR.</speaker>
<p id='3'>
	<s id='1'>Est-il venu quelqu'un ?</s>
</p>
</sp>
<sp who='LAPIERRE'><speaker>LAPIERRE.</speaker>
<p id='4'>
	<s id='1'>Oui, Monsieur : cette veuve qui demeure ici près, Madame, Madame...</s>
</p>
</sp>
<sp who='MONSIEUR DU BOULOIR'><speaker>MONSIEUR DU BOULOIR.</speaker>
<p id='5'>
	<s id='1'>Ah ! </s>
	<s id='2'>Madame de Rupert ?</s>
</p>
</sp>
<sp who='LAPIERRE'><speaker>LAPIERRE.</speaker>
<p id='6'>
	<s id='1'>Oui, Monsieur, et puis Monsieur le chevalier de Saint-Rieul.</s>
</p>
</sp>
<sp who='MONSIEUR DU BOULOIR'><speaker>MONSIEUR DU BOULOIR.</speaker>
<p id='7'>
	<s id='1'>Saint-Rieul ?</s>
</p>
</sp>
<sp who='LAPIERRE'><speaker>LAPIERRE.</speaker>
<p id='8'>
	<s id='1'>Oui, Monsieur.</s>
</p>
</sp>
<sp who='MONSIEUR DU BOULOIR'><speaker>MONSIEUR DU BOULOIR.</speaker>
<p id='9'>
	<s id='1'>Je ne le connais pas.</s>
</p>
</sp>
<sp who='LAPIERRE'><speaker>LAPIERRE.</speaker>
<p id='10'>
	<s id='1'>Ils reviendront tous les deux. </s>
	<s id='2'>Ah ! </s>
	<s id='3'>Tenez, voilà déjà Monsieur le chevalier.</s>
</p>
</sp>
</div2>
<div2 type="scene" n='2'><head>SCÈNE II. Monsieur du Bouloir, Le Chevalier.</head>
<sp who='MONSIEUR DU BOULOIR'><speaker>MONSIEUR DU BOULOIR.</speaker>
<p id='1'>
	<s id='1'>Monsieur le chevalier, voulez-vous bien vous donner la peine d'entrer !</s>
</p>
</sp>
<sp who='LE CHEVALIER'><speaker>LE CHEVALIER.</speaker>
<p id='2'>
	<s id='1'>Monsieur du Bouloir, je suis bien votre serviteur.</s>
</p>
</sp>
<sp who='MONSIEUR DU BOULOIR'><speaker>MONSIEUR DU BOULOIR.</speaker>
<p id='3'>
	<s id='1'>Asseyez-vous donc, Monsieur, s'il vous plaît.</s>
</p>
<stage type="sit">Ils s'asseyent.</stage>
</sp>
<sp who='LE CHEVALIER'><speaker>LE CHEVALIER.</speaker>
<p id='4'>
	<s id='1'>Monsieur, je suis capitaine d'infanterie, par conséquent très peu riche : mais j'avais un oncle qui devait l'être beaucoup, parce qu'il était l'aîné de notre famille et qu'il a toujours vécu dans la plus grande économie.</s>
</p>
</sp>
<sp who='MONSIEUR DU BOULOIR'><speaker>MONSIEUR DU BOULOIR.</speaker>
<p id='5'>
	<s id='1'>Il est donc mort ?</s>
</p>
</sp>
<sp who='LE CHEVALIER'><speaker>LE CHEVALIER.</speaker>
<p id='6'>
	<s id='1'>Oui, Monsieur, il y a six mois. </s>
	<s id='2'>On m'a mandé qu'il n'avait rien laissé : c'est ce qui fait que je ne me suis pas pressé de venir ; mais, comme il mangeait fort peu, je ne comprends pas ce qu'est devenu son bien.</s>
</p>
</sp>
<sp who='MONSIEUR DU BOULOIR'><speaker>MONSIEUR DU BOULOIR.</speaker>
<p id='7'>
	<s id='1'>N'a-t-on pas fait un inventaire à sa mort ?</s>
</p>
</sp>
<sp who='LE CHEVALIER'><speaker>LE CHEVALIER.</speaker>
<p id='8'>
	<s id='1'>Oui, Monsieur, mais on n'a rien trouvé.</s>
</p>
</sp>
<sp who='MONSIEUR DU BOULOIR'><speaker>MONSIEUR DU BOULOIR.</speaker>
<p id='9'>
	<s id='1'>En ce cas-là, Monsieur, vous ne pouvez rien demander.</s>
</p>
</sp>
<sp who='LE CHEVALIER'><speaker>LE CHEVALIER.</speaker>
<p id='10'>
	<s id='1'>Non, vraiment.</s>
</p>
</sp>
<sp who='MONSIEUR DU BOULOIR'><speaker>MONSIEUR DU BOULOIR.</speaker>
<p id='11'>
	<s id='1'>Mais à qui a été le peu qu'il y avait ?</s>
</p>
</sp>
<sp who='LE CHEVALIER'><speaker>LE CHEVALIER.</speaker>
<p id='12'>
	<s id='1'>À sa veuve, car il n'a jamais eu d'enfants.</s>
</p>
</sp>
<sp who='MONSIEUR DU BOULOIR'><speaker>MONSIEUR DU BOULOIR.</speaker>
<p id='13'>
	<s id='1'>À sa veuve ? </s>
	<s id='2'>Cela devient différent.</s>
</p>
</sp>
<sp who='LE CHEVALIER'><speaker>LE CHEVALIER.</speaker>
<p id='14'>
	<s id='1'>Oui, monsieur, d'autant qu'elle est très avare.</s>
</p>
</sp>
<sp who='MONSIEUR DU BOULOIR'><speaker>MONSIEUR DU BOULOIR.</speaker>
<p id='15'>
	<s id='1'>Il y a tout lieu de croire que c'est elle qui retient ce qui devait vous revenir de votre oncle.</s>
</p>
</sp>
<sp who='LE CHEVALIER'><speaker>LE CHEVALIER.</speaker>
<p id='16'>
	<s id='1'>Je le crois comme cela.</s>
</p>
</sp>
<sp who='MONSIEUR DU BOULOIR'><speaker>MONSIEUR DU BOULOIR.</speaker>
<p id='17'>
	<s id='1'>Mais son bien, de quelle nature était-il ?</s>
</p>
</sp>
<sp who='LE CHEVALIER'><speaker>LE CHEVALIER.</speaker>
<p id='18'>
	<s id='1'>En très bonnes terres : mais tout cela a été vendu, et je crains qu'en l'attaquant elle ne réponde que tout a été dissipé du temps de mon oncle.</s>
</p>
</sp>
<sp who='MONSIEUR DU BOULOIR'><speaker>MONSIEUR DU BOULOIR.</speaker>
<p id='19'>
	<s id='1'>C'est sûrement ce qu'elle répondra, s'il n'y a point eu de remplacent des fonds provenus de la vente de ces terres.</s>
</p>
</sp>
<sp who='LE CHEVALIER'><speaker>LE CHEVALIER.</speaker>
<p id='20'>
	<s id='1'>Je n'ai point d'argent à manger à plaider, ainsi je suis fort embarrassé.</s>
</p>
</sp>
<sp who='MONSIEUR DU BOULOIR'><speaker>MONSIEUR DU BOULOIR.</speaker>
<p id='21'>
	<s id='1'>Vous devez l'être en effet.</s>
</p>
</sp>
<sp who='LE CHEVALIER'><speaker>LE CHEVALIER.</speaker>
<p id='22'>
	<s id='1'>Voilà pourquoi je m'adresse à vous, Monsieur, parce que vous êtes voisin de Madame de Rupert, et que...</s>
</p>
</sp>
<sp who='MONSIEUR DU BOULOIR'><speaker>MONSIEUR DU BOULOIR.</speaker>
<p id='23'>
	<s id='1'>Quoi ! </s>
	<s id='2'>C'est Madame de Rupert ?</s>
</p>
</sp>
<sp who='LE CHEVALIER'><speaker>LE CHEVALIER.</speaker>
<p id='24'>
	<s id='1'>Oui, Monsieur, c'est la veuve en question.</s>
</p>
</sp>
<sp who='MONSIEUR DU BOULOIR'><speaker>MONSIEUR DU BOULOIR.</speaker>
<p id='25'>
	<s id='1'>Madame de Rupert est très avare, et si elle a envie de vous frustrer je ne suis pas étonné qu'elle n'ait pas voulu placer ces fonds. </s>
	<s id=''>Il pourrait très bien se faire, si l'on n'a point de connaissance d'acquisitions, de contrats, que tout ce bien ne soit qu'en argent ou en papiers.</s>
</p>
</sp>
<sp who='LE CHEVALIER'><speaker>LE CHEVALIER.</speaker>
<p id='26'>
	<s id='1'>Et comment le savoir ?</s>
</p>
</sp>
<sp who='MONSIEUR DU BOULOIR'><speaker>MONSIEUR DU BOULOIR.</speaker>
<p id='27'>
	<s id='1'>C'est très difficile, car c'est là le secret des avares et ils ne le confient à personne.</s>
</p>
</sp>
<sp who='LE CHEVALIER'><speaker>LE CHEVALIER.</speaker>
<p id='28'>
	<s id='1'>Il n'y a donc aucune ressource ?</s>
</p>
</sp>
<sp who='MONSIEUR DU BOULOIR'><speaker>MONSIEUR DU BOULOIR.</speaker>
<p id='29'>
	<s id='1'>Non, si vous êtes sûr qu'il n'y a ni fonds ni contrats que l'on connaisse.</s>
</p>
</sp>
<sp who='LE CHEVALIER'><speaker>LE CHEVALIER.</speaker>
<p id='30'>
	<s id='1'>Ah ! </s>
	<s id='2'>Monsieur, je suis un homme perdu !</s>
</p>
</sp>
<sp who='MONSIEUR DU BOULOIR'><speaker>MONSIEUR DU BOULOIR.</speaker>
<p id='31'>
	<s id='1'>Comment ! </s>
	<s id='2'>Ne pouvez-vous pas vivre dans l'emploi que vous avez ?</s>
</p>
</sp>
<sp who='LE CHEVALIER'><speaker>LE CHEVALIER.</speaker>
<p id='32'>
	<s id='1'>S'il n'y avait que moi, ce ne serait rien : mais, n'ayant plus de ressources, plus d'espoir d'avoir rien de la succession de mon oncle, je vais faire le malheur d'une personne que j'aime... </s>
	<s id='2'>Ah ! </s>
	<s id='3'>Monsieur, elle en mourra de désespoir !</s>
</p>
</sp>
<sp who='MONSIEUR DU BOULOIR'><speaker>MONSIEUR DU BOULOIR.</speaker>
<p id='33'>
	<s id='1'>Vous ne l'épouserez pas, et elle n'en mourra pas : il n'y a que vous à plaindre dans ce cas-là.</s>
</p>
</sp>
<sp who='LE CHEVALIER'><speaker>LE CHEVALIER.</speaker>
<p id='34'>
	<s id='1'>Si j'étais seul, j'aurais bientôt fini mon sort. </s>
	<s id='2'>Vous ne savez pas à quel point je suis malheureux : Monsieur, mon état est affreux !</s>
</p>
</sp>
<sp who='MONSIEUR DU BOULOIR'><speaker>MONSIEUR DU BOULOIR.</speaker>
<p id='35'>
	<s id='1'>Vous m'épouvantez.</s>
</p>
</sp>
<sp who='LE CHEVALIER'><speaker>LE CHEVALIER.</speaker>
<p id='36'>
	<s id='1'>J'ai grand besoin de vos conseils, de vos secours... </s>
	<s id='2'>Je crains d'être poursuivi...</s>
</p>
</sp>
<sp who='MONSIEUR DU BOULOIR'><speaker>MONSIEUR DU BOULOIR.</speaker>
<p id='37'>
	<s id='1'>Quelle affaire avez-vous ?</s>
</p>
</sp>
<sp who='LE CHEVALIER'><speaker>LE CHEVALIER.</speaker>
<p id='38'>
	<s id='1'>Monsieur, en arrivant à Arras où nous sommes en garnison, j'y devins amoureux d'une demoiselle qui est réellement charmante.</s>
</p>
</sp>
<sp who='MONSIEUR DU BOULOIR'><speaker>MONSIEUR DU BOULOIR.</speaker>
<p id='39'>
	<s id='1'>À Arras ?</s>
</p>
</sp>
<sp who='LE CHEVALIER'><speaker>LE CHEVALIER.</speaker>
<p id='40'>
	<s id='1'>Oui, Monsieur.</s>
</p>
</sp>
<sp who='MONSIEUR DU BOULOIR'><speaker>MONSIEUR DU BOULOIR.</speaker>
<p id='41'>
	<s id='1'>J'y connais beaucoup de monde.</s>
</p>
</sp>
<sp who='LE CHEVALIER'><speaker>LE CHEVALIER.</speaker>
<p id='42'>
	<s id='1'>Eh bien ! </s>
	<s id='2'>Monsieur, c'est la fille du receveur des tailles.</s>
</p>
</sp>
<sp stage="estonish" who='MONSIEUR DU BOULOIR'><speaker>MONSIEUR DU BOULOIR, avec étonnement.</speaker>
<p id='43'>
	<s id='1'>Mademoiselle de Piremont ?</s>
</p>
</sp>
<sp who='LE CHEVALIER'><speaker>LE CHEVALIER.</speaker>
<p id='44'>
	<s id='1'>Oui, Monsieur : son père est-il de vos amis ?</s>
</p>
</sp>
<sp who='MONSIEUR DU BOULOIR'><speaker>MONSIEUR DU BOULOIR.</speaker>
<p id='45'>
	<s id='1'>Beaucoup.</s>
</p>
</sp>
<sp who='LE CHEVALIER'><speaker>LE CHEVALIER.</speaker>
<p id='46'>
	<s id='1'>Ah ! </s>
	<s id='2'>Monsieur, ne nous trahissez pas, je vous en conjure !</s>
</p>
</sp>
<sp who='MONSIEUR DU BOULOIR'><speaker>MONSIEUR DU BOULOIR.</speaker>
<p id='47'>
	<s id='1'>Achevez, achevez.</s>
</p>
</sp>
<sp who='LE CHEVALIER'><speaker>LE CHEVALIER.</speaker>
<p id='48'>
	<s id='1'>N'ayant point de bien, je ne pouvais espérer de l'obtenir, mais cela ne put diminuer mon amour : j'espérais encore de mon oncle, quoiqu'il n'eût jamais répondu à toutes les lettres que je lui ai écrites, lorsque j'appris sa mort, et en même temps qu'il ne m'avait rien laissé.</s>
</p>
</sp>
<sp who='MONSIEUR DU BOULOIR'><speaker>MONSIEUR DU BOULOIR.</speaker>
<p id='49'>
	<s id='1'>Eh bien !</s>
</p>
</sp>
<sp who='LE CHEVALIER'><speaker>LE CHEVALIER.</speaker>
<p id='50'>
	<s id='1'>Les moyens que nous avions pris pour nous voir, Mlle de Piremont et moi, nous ont plongés dans un abîme affreux.</s>
</p>
</sp>
<sp who='MONSIEUR DU BOULOIR'><speaker>MONSIEUR DU BOULOIR.</speaker>
<p id='51'>
	<s id='1'>Comment ?</s>
</p>
</sp>
<sp who='LE CHEVALIER'><speaker>LE CHEVALIER.</speaker>
<p id='52'>
	<s id='1'>Elle est devenue grosse : la crainte d'être exposée à la colère de ses parents et son désespoir si je ne voulais l'en sauver en l'enlevant m'ont déterminé à m'enfuir avec elle à Paris, où nous sommes depuis huit jours, et tout prêts à mourir de misère, si vous ne trouvez pas quelque moyen de nous en tirer.</s>
</p>
</sp>
<sp who='MONSIEUR DU BOULOIR'><speaker>MONSIEUR DU BOULOIR.</speaker>
<p id='53'>
	<s id='1'>Monsieur, je n'abuserai pas de votre confiance en moi, et je ne vous ferai point de reproches sur le malheur où vous avez entraîné une malheureuse personne que vous dites que vous aimez. </s>
	<s id='2'>Mais savez-vous à qui vous parlez ?</s>
</p>
</sp>
<sp who='LE CHEVALIER'><speaker>LE CHEVALIER.</speaker>
<p id='54'>
	<s id='1'>Monsieur...</s>
</p>
</sp>
<sp who='MONSIEUR DU BOULOIR'><speaker>MONSIEUR DU BOULOIR.</speaker>
<p id='55'>
	<s id='1'>À son oncle, au frère de Monsieur de Piremont.</s>
</p>
</sp>
<sp who='LE CHEVALIER'><speaker>LE CHEVALIER.</speaker>
<p id='56'>
	<s id='1'>Ah ! </s>
	<s id='2'>Monsieur, faites de moi ce qu'il vous plaira, mais je vous en supplie, ayez pitié de votre malheureuse nièce : qu'elle ne soit pas la victime de mon imprudence. </s>
	<s id=''>Je me jette à vos pieds. </s>
</p>
<stage type="kneel/help/stand">Il s'y jette, et Monsieur du Bouloir le relève.</stage>
</sp>
<sp who='MONSIEUR DU BOULOIR'><speaker>MONSIEUR DU BOULOIR.</speaker>
<p id='57'>
	<s id='1'>Monsieur, que faites-vous ? </s>
	<s id='2'>Asseyez-vous et écoutez-moi.</s>
</p>
</sp>
<sp who='LE CHEVALIER'><speaker>LE CHEVALIER.</speaker>
<p id='58'>
	<s id='1'>Ah ! </s>
	<s id='2'>Monsieur...</s>
</p>
</sp>
<sp who='MONSIEUR DU BOULOIR'><speaker>MONSIEUR DU BOULOIR.</speaker>
<p id='59'>
	<s id='1'>Les regrets ne feront rien à ce qui est arrivé : voyons le parti qui nous reste à prendre pour tout réparer. </s>
	<s id='2'>Il faut savoir s'il n'y a pas moyen de rien tirer de Madame de Rupert. </s>
	<s id='3'>Je crois en imaginer un. </s>
	<s id='4'>Vous connaît-elle ?</s>
</p>
</sp>
<sp who='LE CHEVALIER'><speaker>LE CHEVALIER.</speaker>
<p id='60'>
	<s id='1'>Non, Monsieur, je ne me suis point présenté à elle avant de savoir si j'avais droit de lui demander.</s>
</p>
</sp>
<sp who='MONSIEUR DU BOULOIR'><speaker>MONSIEUR DU BOULOIR.</speaker>
<p id='61'>
	<s id='1'>À la bonne heure : si je ne réussis pas, je me charge de tout arranger vis-à-vis de mon frère, d'une façon ou d'autre. </s>
	<s id='2'>Je suis garçon, je ne veux point me marier, j'ai du bien, je le donnerai à ma nièce à condition qu'elle vous épousera.</s>
</p>
</sp>
<sp who='LE CHEVALIER'><speaker>LE CHEVALIER.</speaker>
<p id='62'>
	<s id='1'>Quoi ! </s>
	<s id='2'>Monsieur !</s>
</p>
</sp>
<sp who='MONSIEUR DU BOULOIR'><speaker>MONSIEUR DU BOULOIR.</speaker>
<p id='63'>
	<s id='1'>Point de remerciements...</s>
</p>
</sp>
</div2>
<div2 type="scene" n='3'><head>SCÈNE III. Monsieur du Bouloir, Le Chevalier, Lapierre.</head>
<sp who='LAPIERRE'><speaker>LAPIERRE.</speaker>
<p id='1'>
	<s id='1'>Monsieur, Madame de Rupert est là qui demande à vous parler.</s>
</p>
</sp>
<sp who='MONSIEUR DU BOULOIR'><speaker>MONSIEUR DU BOULOIR.</speaker>
<p id='2'>
	<s id='1'>C'est justement elle que j'attendais. </s>
	<s id='2'>Monsieur le chevalier, entrez dans ce cabinet : vous en sortirez quand je vous appellerai.</s>
</p>
</sp>
<sp stage="wave" who='LE CHEVALIER'><speaker>LE CHEVALIER, voulant remercier Monsieur du Bouloir.</speaker>
<p id='3'>
	<s id='1'>Monsieur, permettez...</s>
</p>
</sp>
<sp who='MONSIEUR DU BOULOIR'><speaker>MONSIEUR DU BOULOIR.</speaker>
<p id='4'>
	<s id='1'>Ne perdons pas de temps. </s>
	<s id=''>Entrez, entrez là-dedans. </s>
</p>
<stage type="exit">Le chevalier entre dans le cabinet.</stage>
<p id="5">
	<s id='1'>Toi, Lapierre, quand je frapperai du pied, tu entreras en criant au feu, et tu diras qu'il est chez l'épicier qui demeure à côté de Madame de Rupert.</s>
</p>
</sp>
<sp who='LAPIERRE'><speaker>LAPIERRE.</speaker>
<p id='6'>
	<s id='1'>Oui, Monsieur.</s>
</p>
</sp>
<sp who='MONSIEUR DU BOULOIR'><speaker>MONSIEUR DU BOULOIR.</speaker>
<p id='7'>
	<s id='1'>Tu te tiendras ici dessous : tu entendras bien ?</s>
</p>
</sp>
<sp who='LAPIERRE'><speaker>LAPIERRE.</speaker>
<p id='8'>
	<s id='1'>Oh ! </s>
	<s id='2'>Ne vous embarrassez pas.</s>
</p>
</sp>
<sp who='MONSIEUR DU BOULOIR'><speaker>MONSIEUR DU BOULOIR.</speaker>
<p id='9'>
	<s id='1'>Allons, fais entrer Madame de Rupert : ne dis rien à personne de cela.</s>
</p>
</sp>
<sp who='LAPIERRE'><speaker>LAPIERRE.</speaker>
<p id='10'>
	<s id='1'>Non, non, Monsieur. </s>
	<s id='2'>Madame, donnez-vous la peine d'entrer.</s>
</p>
<stage type="exit/entrance">Lapierre sort quand Madame de Rupert est entrée.</stage>
</sp>
</div2>
<div2 type="scene" n='4'><head>SCÈNE IV. Monsieur du Bouloir, Madame de Rupert.</head>
<sp who='MADAME DE RUPERT'><speaker>MADAME DE RUPERT.</speaker>
<p id='1'>
	<s id='1'>Je ne sais, Monsieur, si j'ai l'honneur d'être connue de vous ?</s>
</p>
</sp>
<sp who='MONSIEUR DU BOULOIR'><speaker>MONSIEUR DU BOULOIR.</speaker>
<p id='2'>
	<s id='1'>Oui, Madame, sûrement : j'ai cet honneur-là. </s>
	<s id='2'>Voulez-vous bien vous asseoir !</s>
</p>
</sp>
<sp stage="sit" who='MADAME DE RUPERT'><speaker>MADAME DE RUPERT, s'asseyant.</speaker>
<p id='3'>
	<s id='1'>Monsieur, je n'entends point du tout les affaires : j'ai très peu de bien, je suis une pauvre veuve, bien à plaindre ; le petit que j'avais, mon mari l'a mangé.</s>
</p>
</sp>
<sp who='MONSIEUR DU BOULOIR'><speaker>MONSIEUR DU BOULOIR.</speaker>
<p id='4'>
	<s id='1'>C'est très fâcheux, Madame : il ne fallait pas y consentir. </s>
	<s id='2'>Pour une femme raisonnable comme vous, il est étonnant que vous ne l'ayez pas empêché.</s>
</p>
</sp>
<sp who='MADAME DE RUPERT'><speaker>MADAME DE RUPERT.</speaker>
<p id='5'>
	<s id='1'>Monsieur, il est vrai, je l'aurais dû, mais un mari que l'on aime est toujours le maître. </s>
	<s id='2'>Je lui avais apporté en mariage deux cent mille francs.</s>
</p>
</sp>
<sp who='MONSIEUR DU BOULOIR'><speaker>MONSIEUR DU BOULOIR.</speaker>
<p id='6'>
	<s id='1'>Et il ne vous reste plus rien ?</s>
</p>
</sp>
<sp who='MADAME DE RUPERT'><speaker>MADAME DE RUPERT.</speaker>
<p id='7'>
	<s id='1'>Monsieur, je n'ai eu ni mes reprises ni mon douaire, et je suis réduite à vivre de très peu de chose.</s>
</p>
</sp>
<sp who='MONSIEUR DU BOULOIR'><speaker>MONSIEUR DU BOULOIR.</speaker>
<p id='8'>
	<s id='1'>Mais il n'était pas dissipateur.</s>
</p>
</sp>
<sp who='MADAME DE RUPERT'><speaker>MADAME DE RUPERT.</speaker>
<p id='9'>
	<s id='1'>Monsieur, non : du moins on ne le croyait pas, et il est vrai que ce n'est pas le luxe qui nous a ruinés, mais de mauvaises affaires qu'il a faites toute sa vie, parce qu'il n'y entendait rien et qu'il a toujours été trompé par des fripons.</s>
</p>
</sp>
<sp who='MONSIEUR DU BOULOIR'><speaker>MONSIEUR DU BOULOIR.</speaker>
<p id='10'>
	<s id='1'>C'est très malheureux.</s>
</p>
</sp>
<sp who='MADAME DE RUPERT'><speaker>MADAME DE RUPERT.</speaker>
<p id='11'>
	<s id='1'>Sa dernière passion, qui a achevé de nous ruiner, a été sa chimie. </s>
	<s id='2'>On lui avait fait accroire qu'il ferait de l'or, et l'on a mangé tout ce qu'il avait en opérations réitérées, et quand on a vu qu'il n'avait plus rien, on l'a abandonné.</s>
</p>
</sp>
<sp who='MONSIEUR DU BOULOIR'><speaker>MONSIEUR DU BOULOIR.</speaker>
<p id='12'>
	<s id='1'>Que vous reste-t-il donc ?</s>
</p>
</sp>
<sp who='MADAME DE RUPERT'><speaker>MADAME DE RUPERT.</speaker>
<p id='13'>
	<s id='1'>Environ deux mille francs de rente viagère, et voyez, Monsieur, comment répondre avec cela à un neveu qui prétend que son oncle est fort riche. </s>
	<s id='2'>On dit qu'il va arriver : je n'entends point les affaires et je suis très inquiète.</s>
</p>
</sp>
<sp who='MONSIEUR DU BOULOIR'><speaker>MONSIEUR DU BOULOIR.</speaker>
<p id='14'>
	<s id='1'>Mais le bien de votre mari était en contrats, en terres sans doute, ainsi que le vôtre ?</s>
</p>
</sp>
<sp who='MADAME DE RUPERT'><speaker>MADAME DE RUPERT.</speaker>
<p id='15'>
	<s id='1'>Oui, Monsieur, mais tout cela a été vendu.</s>
</p>
</sp>
<sp who='MONSIEUR DU BOULOIR'><speaker>MONSIEUR DU BOULOIR.</speaker>
<p id='16'>
	<s id='1'>S'il ne reste rien en nature absolument, son neveu ne peut rien avoir.</s>
</p>
</sp>
<sp who='MADAME DE RUPERT'><speaker>MADAME DE RUPERT.</speaker>
<p id='17'>
	<s id='1'>Non !</s>
</p>
</sp>
<sp who='MONSIEUR DU BOULOIR'><speaker>MONSIEUR DU BOULOIR.</speaker>
<p id='18'>
	<s id='1'>Sûrement.</s>
</p>
</sp>
<sp who='MADAME DE RUPERT'><speaker>MADAME DE RUPERT.</speaker>
<p id='19'>
	<s id='1'>On m'avait dit...</s>
</p>
</sp>
<sp who='MONSIEUR DU BOULOIR'><speaker>MONSIEUR DU BOULOIR.</speaker>
<p id='20'>
	<s id='1'>Sur quoi voulez-vous qu'il vous attaque si vous êtes en règle ? </s>
	<s id='2'>Si vous avez fait un inventaire, vous le lui présenterez, et s'il veut se porter héritier, il faudra qu'il commence par vous donner tout ce qui vous revient.</s>
</p>
</sp>
<sp who='MADAME DE RUPERT'><speaker>MADAME DE RUPERT.</speaker>
<p id='21'>
	<s id='1'>Vous avez bien de la bonté de me tranquilliser, mais ne me fera-t-il pas des frais, toujours ? </s>
	<s id='2'>S'il va me faire un procès sur ce qu'il me croit plus riche que je ne suis ?</s>
</p>
</sp>
<sp who='MONSIEUR DU BOULOIR'><speaker>MONSIEUR DU BOULOIR.</speaker>
<p id='22'>
	<s id='1'>Quand il le gagnerait, si vous n'avez rien, il n'aura rien.</s>
</p>
</sp>
<sp who='MADAME DE RUPERT'><speaker>MADAME DE RUPERT.</speaker>
<p id='23'>
	<s id='1'>En ce cas-là je ne le crains pas.</s>
</p>
</sp>
<sp who='MONSIEUR DU BOULOIR'><speaker>MONSIEUR DU BOULOIR.</speaker>
<p id='24'>
	<s id='1'>Et vous avez raison. </s>
</p>
<stage type="knock">Il frappe du pied.</stage>
</sp>
<sp who='MADAME DE RUPERT'><speaker>MADAME DE RUPERT.</speaker>
<p id='25'>
	<s id='1'>Monsieur, je vous ai bien de l'obligation de m'avoir tranquillisée : je sens que j'ai bien fait de venir vous consulter.</s>
</p>
</sp>
</div2>
<div2 type="scene" n='5'><head>SCÈNE V. Monsieur du Bouloir, Madame de Rupert, Lapierre.</head>
<sp stage="shout" who='LAPIERRE'><speaker>LAPIERRE, criant sans paraître.</speaker>
<p id='1'>
	<s id='1'>Au feu ! </s>
	<s id='2'>Au feu ! </s>
	<s id='3'>Au feu !</s>
</p>
</sp>
<sp stage="frighten" who='MADAME DE RUPERT'><speaker>MADAME DE RUPERT, effrayée.</speaker>
<p id='2'>
	<s id='1'>Ah ! </s>
	<s id='2'>Mon Dieu ! </s>
	<s id='3'>Qu'est-ce que c'est que cela ?</s>
</p>
</sp>
<sp who='MONSIEUR DU BOULOIR'><speaker>MONSIEUR DU BOULOIR.</speaker>
<p id='3'>
	<s id='1'>Où allez-vous donc ? </s>
	<s id='2'>Attendez.</s>
</p>
</sp>
<sp stage="entrance" who='LAPIERRE'><speaker>LAPIERRE, entrant.</speaker>
<p id='4'>
	<s id='1'>Au feu ! </s>
	<s id='2'>Au feu ! </s>
	<s id='3'>Au feu !</s>
</p>
</sp>
</div2>
<div2 type="scene" n='6'><head>SCÈNE VI. Monsieur du Bouloir, Madame de Rupert, Lapierre, Le Chevalier.</head>
<sp who='MONSIEUR DU BOULOIR'><speaker>MONSIEUR DU BOULOIR.</speaker>
<p id='1'>
	<s id='1'>Lapierre, qu'est-ce que c'est ?</s>
</p>
<stage type="wave/open">Il fait signe au Chevalier qui a ouvert la porte.</stage>
</sp>
<sp who='LAPIERRE'><speaker>LAPIERRE.</speaker>
<p id='2'>
	<s id='1'>Eh ! </s>
	<s id='2'>Monsieur, c'est le feu qui est chez l'épicier ici près.</s>
</p>
</sp>
<sp stage="lost" who='MADAME DE RUPERT'><speaker>MADAME DE RUPERT, éperdue.</speaker>
<p id='3'>
	<s id='1'>Ah ! </s>
	<s id='2'>Mon Dieu ! </s>
	<s id='3'>C'est à côté de chez moi. </s>
	<s id='4'>Je suis perdue !</s>
</p>
<stage type="exit">Elle veut s'en aller.</stage>
</sp>
<sp who='MONSIEUR DU BOULOIR'><speaker>MONSIEUR DU BOULOIR.</speaker>
<p id='4'>
	<s id='1'>Non, non, Madame, restez ici : nous allons voir à sauver vos effets.</s>
</p>
</sp>
<sp who='MADAME DE RUPERT'><speaker>MADAME DE RUPERT.</speaker>
<p id='5'>
	<s id='1'>Eh ! </s>
	<s id='2'>Monsieur, ils seront perdus, brûlés avant qu'on ait pu les découvrir !</s>
</p>
</sp>
<sp who='MONSIEUR DU BOULOIR'><speaker>MONSIEUR DU BOULOIR.</speaker>
<p id='6'>
	<s id='1'>Nous les trouverons, Monsieur et moi. </s>
</p>
<stage type="exit">Le Chevalier sort du cabinet</stage>
</sp>
<sp who='MADAME DE RUPERT'><speaker>MADAME DE RUPERT.</speaker>
<p id='7'>
	<s id='1'>Non, Monsieur, c'est dans l'épaisseur du mur, de l'argent, des papiers : laissez-moi aller, je vous prie.</s>
</p>
</sp>
<sp who='MONSIEUR DU BOULOIR'><speaker>MONSIEUR DU BOULOIR.</speaker>
<p id='8'>
	<s id='1'>Comptez sur moi.</s>
</p>
</sp>
<sp who='MADAME DE RUPERT'><speaker>MADAME DE RUPERT.</speaker>
<p id='9'>
	<s id='1'>C'est toute ma fortune : il y a six cent mille francs, messieurs.</s>
</p>
</sp>
<sp who='MONSIEUR DU BOULOIR'><speaker>MONSIEUR DU BOULOIR.</speaker>
<p id='10'>
	<s id='1'>Tranquillisez-vous, ce ne sera peut-être rien.</s>
</p>
</sp>
<sp who='MADAME DE RUPERT'><speaker>MADAME DE RUPERT.</speaker>
<p id='11'>
	<s id='1'>Eh ! </s>
	<s id='2'>Messieurs, je veux y aller absolument.</s>
</p>
</sp>
<sp who='MONSIEUR DU BOULOIR'><speaker>MONSIEUR DU BOULOIR.</speaker>
<p id='12'>
	<s id='1'>Je vous dis que vous n'avez rien à craindre : vous voyez bien qu'on n'entend pas de bruit.</s>
</p>
</sp>
<sp who='MADAME DE RUPERT'><speaker>MADAME DE RUPERT.</speaker>
<p id='13'>
	<s id='1'>Tout est peut-être volé.</s>
</p>
</sp>
<sp who='MONSIEUR DU BOULOIR'><speaker>MONSIEUR DU BOULOIR.</speaker>
<p id='14'>
	<s id='1'>Tenez, voyez à la fenêtre : il n'y a pas la moindre apparence de feu.</s>
</p>
</sp>
<sp who='MADAME DE RUPERT'><speaker>MADAME DE RUPERT.</speaker>
<p id='15'>
	<s id='1'>Ah ! </s>
	<s id='2'>Monsieur.</s>
</p>
</sp>
<sp who='MONSIEUR DU BOULOIR'><speaker>MONSIEUR DU BOULOIR.</speaker>
<p id='16'>
	<s id='1'>Lapierre ! </s>
	<s id='2'>Qu'est-ce que c'est que ce feu ! </s>
	<s id='3'>Il n'y a rien, n'est-ce pas ?</s>
</p>
<stage type="wave">Il lui fait signe de dire que non.</stage>
</sp>
<sp who='LAPIERRE'><speaker>LAPIERRE.</speaker>
<p id='17'>
	<s id='1'>Non, Monsieur, ce n'est rien.</s>
</p>
</sp>
<sp who='MADAME DE RUPERT'><speaker>MADAME DE RUPERT.</speaker>
<p id='18'>
	<s id='1'>C'est-il bien vrai, mon garçon ?</s>
</p>
</sp>
<sp who='LAPIERRE'><speaker>LAPIERRE.</speaker>
<p id='19'>
	<s id='1'>Oui, Madame.</s>
</p>
</sp>
<sp who='MADAME DE RUPERT'><speaker>MADAME DE RUPERT.</speaker>
<p id='20'>
	<s id='1'>Ah ! </s>
	<s id='2'>Mon Dieu ! </s>
	<s id='3'>Que j'ai eu de peur ! </s>
	<s id='4'>Je veux aller voir toujours.</s>
</p>
</sp>
<sp who='MONSIEUR DU BOULOIR'><speaker>MONSIEUR DU BOULOIR.</speaker>
<p id='21'>
	<s id='1'>Madame, il n'y avait point de feu du tout, si vous voulez que je vous dise : ceci n'est qu'une plaisanterie et qui tournera sûrement à bien.</s>
</p>
</sp>
<sp stage="estonish" who='MADAME DE RUPERT'><speaker>MADAME DE RUPERT, étonnée.</speaker>
<p id='22'>
	<s id='1'>Comment ?</s>
</p>
</sp>
<sp who='MONSIEUR DU BOULOIR'><speaker>MONSIEUR DU BOULOIR.</speaker>
<p id='23'>
	<s id='1'>Oui, j'étais pénétré de douleur de voir qu'une honnête femme comme vous était réduite à avoir si peu de quoi vivre, et, pour m'assurer que vous disiez vrai, je vous ai fait donner cette alarme.</s>
</p>
</sp>
<sp who='MADAME DE RUPERT'><speaker>MADAME DE RUPERT.</speaker>
<p id='24'>
	<s id='1'>Quoi, Monsieur, vous êtes capable d'une trahison pareille ?</s>
</p>
</sp>
<sp who='MONSIEUR DU BOULOIR'><speaker>MONSIEUR DU BOULOIR.</speaker>
<p id='25'>
	<s id='1'>Madame, ce n'est pas un crime aussi grand que celui de vouloir retenir le bien d'autrui.</s>
</p>
</sp>
<sp who='MADAME DE RUPERT'><speaker>MADAME DE RUPERT.</speaker>
<p id='26'>
	<s id='1'>Monsieur...</s>
</p>
</sp>
<sp who='MONSIEUR DU BOULOIR'><speaker>MONSIEUR DU BOULOIR.</speaker>
<p id='27'>
	<s id='1'>Vous avez avoué, dans l'inquiétude où vous étiez, que vous aviez six cent mille francs en argent et en papiers.</s>
</p>
</sp>
<sp who='MADAME DE RUPERT'><speaker>MADAME DE RUPERT.</speaker>
<p id='28'>
	<s id='1'>Moi ?</s>
</p>
</sp>
<sp who='MONSIEUR DU BOULOIR'><speaker>MONSIEUR DU BOULOIR.</speaker>
<p id='29'>
	<s id='1'>Oui : il n'est plus temps de dissimuler, il faut nous en donner absolument la moitié.</s>
</p>
</sp>
<sp who='MADAME DE RUPERT'><speaker>MADAME DE RUPERT.</speaker>
<p id='30'>
	<s id='1'>Mais, monsieur, c'est un dépôt.</s>
</p>
</sp>
<sp who='MONSIEUR DU BOULOIR'><speaker>MONSIEUR DU BOULOIR.</speaker>
<p id='31'>
	<s id='1'>Eh bien ! </s>
	<s id='2'>Si c'est un dépôt, je m'en vais faire mettre le scellé chez vous et vous faire renfermer jusqu'à ce que ceux à qui il appartient se présentent : voyez, déterminez-vous.</s>
</p>
</sp>
<sp who='MADAME DE RUPERT'><speaker>MADAME DE RUPERT.</speaker>
<p id='32'>
	<s id='1'>Monsieur, on n'use point comme cela de violence.</s>
</p>
</sp>
<sp who='MONSIEUR DU BOULOIR'><speaker>MONSIEUR DU BOULOIR.</speaker>
<p id='33'>
	<s id='1'>Pardonnez-moi : on a ce droit vis-à-vis de ceux qui veulent nous ôter ce qui nous appartient. </s>
	<s id='2'>D'ailleurs, voilà monsieur, qui est le neveu de votre mari, il est le maître d'en user avec vous comme il lui plaira.</s>
</p>
</sp>
<sp who='MADAME DE RUPERT'><speaker>MADAME DE RUPERT.</speaker>
<p id='34'>
	<s id='1'>Quoi ! </s>
	<s id='2'>Vous êtes le chevalier de Saint-Rieul ?</s>
</p>
</sp>
<sp who='LE CHEVALIER'><speaker>LE CHEVALIER.</speaker>
<p id='35'>
	<s id='1'>Oui, Madame.</s>
</p>
</sp>
<sp who='MADAME DE RUPERT'><speaker>MADAME DE RUPERT.</speaker>
<p id='36'>
	<s id='1'>Où me suis-je fourrée !</s>
</p>
</sp>
<sp who='LE CHEVALIER'><speaker>LE CHEVALIER.</speaker>
<p id='37'>
	<s id='1'>Madame, consentez à ce que vous propose Monsieur du Bouloir ; ceci sera un secret, si vous le voulez.</s>
</p>
</sp>
<sp who='MADAME DE RUPERT'><speaker>MADAME DE RUPERT.</speaker>
<p id='38'>
	<s id='1'>Mais, messieurs, si j'ai dit six cent mille francs, il n'y a pas cela, je me suis trompée.</s>
</p>
</sp>
<sp who='LE CHEVALIER'><speaker>LE CHEVALIER.</speaker>
<p id='39'>
	<s id='1'>Eh bien ! </s>
	<s id='2'>Nous partagerons.</s>
</p>
</sp>
<sp who='MADAME DE RUPERT'><speaker>MADAME DE RUPERT.</speaker>
<p id='40'>
	<s id='1'>Je ne vous donnerai jamais trois cent mille francs.</s>
</p>
</sp>
<sp who='MONSIEUR DU BOULOIR'><speaker>MONSIEUR DU BOULOIR.</speaker>
<p id='41'>
	<s id='1'>En ce cas, on mettra le scellé comme je vous ai dit, et puis vous n'aurez que ce qui vous revient de droit.</s>
</p>
</sp>
<sp who='MADAME DE RUPERT'><speaker>MADAME DE RUPERT.</speaker>
<p id='42'>
	<s id='1'>Allons, messieurs, venez chez moi puisqu'il le faut absolument.</s>
</p>
</sp>
<sp who='MONSIEUR DU BOULOIR'><speaker>MONSIEUR DU BOULOIR.</speaker>
<p id='43'>
	<s id='1'>Cela vaudra mieux que de plaider, Madame.</s>
</p>
</sp>
<sp who='MADAME DE RUPERT'><speaker>MADAME DE RUPERT.</speaker>
<p id='44'>
	<s id='1'>Ah ! </s>
	<s id='2'>Mon Dieu ! </s>
	<s id='3'>Pourquoi suis-je venue ici ? </s>
</p>
<stage type="exit">Elle sort.</stage>
</sp>
<sp who='LE CHEVALIER'><speaker>LE CHEVALIER.</speaker>
<p id='45'>
	<s id='1'>Quelles obligations ! </s>
	<s id='2'>Quels services !...</s>
</p>
</sp>
<sp who='MONSIEUR DU BOULOIR'><speaker>MONSIEUR DU BOULOIR.</speaker>
<p id='46'>
	<s id='1'>Vous êtes mon neveu. </s>
	<s id='2'>Finissons cette affaire sans perdre un instant : nous irons chercher ma nièce après, et j'aurai la satisfaction de faire votre bonheur à tous deux ; ne serais-je pas bien récompensé ? </s>
	<s id='3'>Allons, allons.</s>
</p>
</sp>
</div2>
</div1>
</body>
</text>
</TEI>