<?xml version="1.0" encoding="utf-8" ?>
<TEI xmlns="http://www.tei-c.org/ns/1.0" xml:lang="fr">
<teiHeader>
	<fileDesc>
		<titleStmt>
			<title>LE PETIT MAÎTRE PAR PHILOSOPHIE, PROVERBE</title>
			<author type="texte" ISNI="0000 0000 7977 1756">Louis Carrogis de CARMONTELLE (1717-1806)</author>
		</titleStmt>
		<publicationStmt>
			<publisher>publié par Paul FIEVRE août 2012, revu février 2017</publisher>
			<idno>CARMONTELLE_PETITMAITREPARPHILOSOPHIE</idno>
			<rights>Creative Commons BY-NC-SA</rights>
		</publicationStmt>
		<SourceDesc>
			<genre>Proverbe</genre>
			<inspiration>moeurs</inspiration>			<structure>Un acte</structure>
			<type>prose</type>
			<periode>1771-1780</periode>
			<taille>(mesure non pertinente)</taille>
			<permalien></permalien>
		</SourceDesc>
</fileDesc>
</teiHeader>
<text>
	<front>
		<docTitle>
			<titlePart type="main">LE PETIT MAÎTRE PAR PHILOSOPHIE</titlePart>
			<titlePart type="sub">TRENTE-CINQUIÈME PROVERBE.</titlePart>
		</docTitle> 
		<docDate value='1778'>M. DCC. LXXVIII. Avec Approbation et Privilège du Roi.</docDate>
		<docAuthor id='CARMONTELLE, Louis de' bio='carmontelle'>de CARMONTELLE.</docAuthor>
		<docImprint>
			<printer id='VEUVE-RIBOU'>À Paris, chez Sébastien JORRY, vis à vis le Comédie Française, chez Le JAY, rue Saint Jacques, près celle des Mathurins.</printer>
		</docImprint>
		<performance>
			<premiere date='(inconnue)' location='(inconnue)'></premiere>
		</performance>
	<castList><head>PERSONNAGES</head>
		<castItem><role id="LA COMTESSE" sex="2" type="H" statut='comte' age='A' stat_amour='néant'>LA COMTESSE</role>.</castItem>
		<castItem><role id="LE MARQUIS" sex="1" type="H" statut='marquis' age='A' stat_amour='néant'>LE MARQUIS</role>.</castItem>
		<castItem><role id="LE CHEVALIER" sex="1" type="H" statut='chevalier' age='A' stat_amour='néant'>LE CHEVALIER</role>.</castItem>
		<castItem><role id="DUPRÉ" sex="1" type="H" statut='valet de chambre' age='A' stat_amour='néant'>DUPRÉ</role>, valet de chambre de la Comtesse.</castItem>
   </castList>
<set location="(Lieu indéterminé)" country='France' periode='XVIIIème' gps="(N/A)">La scène est chez la Comtesse.</set>
</front>
<body>
<div1 type="act" n='1'><head></head>
<div2 type="scene" n='1'><head>SCÈNE PREMIÈRE. La Marquis, La Chevalier.</head>
<sp who='LE CHEVALIER'><speaker>LE CHEVALIER.</speaker>
<p id='1'>
	<s id='1'>Entrons ici, en attendant la Comtesse.</s>
</p>
</sp>
<sp who='LE-MARQUIS'><speaker>LE MARQUIS.</speaker>
<p id='2'>
	<s id='1'>Oui, Monsieur, plus une femme vous plaît plus elle vous convient, plus vous en voulez être aimé ; moins il faut vous livrer à votre passion.</s>
</p>
</sp>
<sp who='LE CHEVALIER'><speaker>LE CHEVALIER.</speaker>
<p id='3'>
	<s id='1'>Je ne comprends rien à ce système-là.</s>
</p>
</sp>
<sp who='LE-MARQUIS'><speaker>LE MARQUIS.</speaker>
<p id='4'>
	<s id='1'>Je n'en suis pas surpris ; parce que tu crois qu'en aimant il faut de la bonne foi ; tout au contraire, c'est là ce qui vous fait perdre en peu de temps une femme ; quand vous n'êtes occupé que d'une seule, la société vous regarde comme nul pendant ce temps-là ; cette femme voyant qu'on n'est pas tenté de vous, ne s'en soucie plus elle-même, ou elle y compte si fort, qu'elle ne fait plus rien, ni pour vous plaire, ni pour vous retenir.</s>
</p>
</sp>
<sp who='LE CHEVALIER'><speaker>LE CHEVALIER.</speaker>
<p id='5'>
	<s id='1'>Mais cela est injuste.</s>
</p>
</sp>
<sp who='LE-MARQUIS'><speaker>LE MARQUIS.</speaker>
<p id='6'>
	<s id='1'>Oui, injuste, cela n'est pas inconséquent toujours.</s>
</p>
</sp>
<sp who='LE CHEVALIER'><speaker>LE CHEVALIER.</speaker>
<p id='7'>
	<s id='1'>L'on ne se soucie donc jamais que de ce que l'on n'a pas ?</s>
</p>
</sp>
<sp who='LE-MARQUIS'><speaker>LE MARQUIS.</speaker>
<p id='8'>
	<s id='1'>Sans doute ; la crainte de perdre l'objet que l'on possédE, nous le rend plus cher ; voilà pourquoi une coquette a toujours un amant qui ne peut se détacher d'elle malgré toutes ses perfidies ; un peu d'art resserre la chaîne lorsqu'on veut la rompre.</s>
</p>
</sp>
<sp who='LE CHEVALIER'><speaker>LE CHEVALIER.</speaker>
<p id='9'>
	<s id='1'>Je suis bien sûr de n'aimer jamais une coquette.</s>
</p>
</sp>
<sp who='LE-MARQUIS'><speaker>LE MARQUIS.</speaker>
<p id='10'>
	<s id='1'>Avec les dispositions que je te vois à la constance, tu feras toujours la dupe de toutes les femmes à qui tu t'attacheras.</s>
</p>
</sp>
<sp who='LE CHEVALIER'><speaker>LE CHEVALIER.</speaker>
<p id='11'>
	<s id='1'>Mais crois-tu la Comtesse, coquette, par exemple ?</s>
</p>
</sp>
<sp who='LE-MARQUIS'><speaker>LE MARQUIS.</speaker>
<p id='12'>
	<s id='1'>Sûrement elle doit l'être ; mais ce que je crois, c'est qu'elle doit être ennuyée de cet amour excessif que tu lui montres continuellement.</s>
</p>
</sp>
<sp who='LE CHEVALIER'><speaker>LE CHEVALIER.</speaker>
<p id='13'>
	<s id='1'>Puisqu'elle le partage, il doit l'occuper agréablement. </s>
	<s id='2'>Si tu pouvais être témoin de cette confiance mutuelle et délicieuse que l'amour sait procurer, tu envierais quelquefois mon sort, et tu voudrais en goûter un pareil.</s>
</p>
</sp>
<sp who='LE-MARQUIS'><speaker>LE MARQUIS.</speaker>
<p id='14'>
	<s id='1'>En vérité, tu me fais pitié ! </s>
	<s id='2'>J'ai passé par là, et c'est parce qu'on a été dupe, qu'on ne doit plus vouloir l'être. Cette confiance mutuelle, si délicieuse, anéantit tôt ou tard les soins qu'on doit prendre de se plaire, l'amour languit et meurt enfin.</s>
</p>
</sp>
<sp who='LE CHEVALIER'><speaker>LE CHEVALIER.</speaker>
<p id='15'>
	<s id='1'>Je puis bien répondre que jamais...</s>
</p>
</sp>
<sp who='LE-MARQUIS'><speaker>LE MARQUIS.</speaker>
<p id='16'>
	<s id='1'>Je suppose que tu puisses aimer longtemps, peux-tu espérer d'être toujours aimé de même ?</s>
</p>
</sp>
<sp who='LE CHEVALIER'><speaker>LE CHEVALIER.</speaker>
<p id='17'>
	<s id='1'>Mais n'y a-t-il pas des exemples de constance connus et cités ?</s>
</p>
</sp>
<sp who='LE-MARQUIS'><speaker>LE MARQUIS.</speaker>
<p id='18'>
	<s id='1'>Oui ; mais cette confiance est la seule qui puisse exister.</s>
</p>
</sp>
<sp who='LE CHEVALIER'><speaker>LE CHEVALIER.</speaker>
<p id='19'>
	<s id='1'>Je ne te comprends pas. </s>
	<s id='2'>Quelle est-elle donc ?</s>
</p>
</sp>
<sp who='LE-MARQUIS'><speaker>LE MARQUIS.</speaker>
<p id='20'>
	<s id='1'>La constance de cette espèce ne se soutient qu'à force d'infidélités ; mais elles sont légères ; on les cache dans les commencements, ensuite on les donne pour des fantaisies, et l'on finit par n'y plus prendre garde. </s>
	<s id='2'>On a vu des femmes excuser leurs amants d'avoir des filles ; même tirer parti de ces infidélités, en faisant croire à leur vertu, et en prouvant que leur amour n'avait jamais été que de l'amitié. </s>
	<s id='3'>L'inquiétude a soutenu l'amour, et l'habitude a fait mériter le nom de constants, à des gens, dont l'âme est honnête, l'esprit doux, complaisant, et qui reconnaissent après avoir beaucoup parcouru le monde, qu'il n'y a de sûreté que dans une liaison fondée sur une estime réelle.</s>
</p>
</sp>
<sp who='LE CHEVALIER'><speaker>LE CHEVALIER.</speaker>
<p id='21'>
	<s id='1'>Mais l'amour n'est donc rien, réellement ?</s>
</p>
</sp>
<sp who='LE-MARQUIS'><speaker>LE MARQUIS.</speaker>
<p id='22'>
	<s id='1'>Bien peu de chose.</s>
</p>
</sp>
<sp who='LE CHEVALIER'><speaker>LE CHEVALIER.</speaker>
<p id='23'>
	<s id='1'>Tu m'affliges.</s>
</p>
</sp>
<sp who='LE-MARQUIS'><speaker>LE MARQUIS.</speaker>
<p id='24'>
	<s id='1'>Cela doit être ; mais ce n'est pas sans espoir. </s>
	<s id='2'>Écoutez-moi ; on ne peut rien changer à ce qui est ; mais on en peut tirer parti. </s>
	<s id='3'>La Comtesse te plaît, il faut la conserver le plus qu'il te sera possible.</s>
</p>
</sp>
<sp who='LE CHEVALIER'><speaker>LE CHEVALIER.</speaker>
<p id='25'>
	<s id='1'>Oh, toujours.</s>
</p>
</sp>
<sp who='LE-MARQUIS'><speaker>LE MARQUIS.</speaker>
<p id='26'>
	<s id='1'>Je le souhaite , puisque cette idée te charme ; je suis bien éloigné de vouloir la détruire, je veux même t'aider.</s>
</p>
</sp>
<sp who='LE CHEVALIER'><speaker>LE CHEVALIER.</speaker>
<p id='27'>
	<s id='1'>Ne plaisante pas.</s>
</p>
</sp>
<sp who='LE-MARQUIS'><speaker>LE MARQUIS.</speaker>
<p id='28'>
	<s id='1'>Je ne plaisante pas non plus. </s>
	<s id='2'>Je vous ai surpris hier la Comtesse et toi, dans un moment où je crois que vous vous disiez peu de chose ; cependant peu-à-peu j'ai vu ma présence vous contrarier, et je ne suis sorti que lorsque j'ai été bien sûr que vous ne vous retrouveriez plus seuls de la journée.</s>
</p>
</sp>
<sp who='LE CHEVALIER'><speaker>LE CHEVALIER.</speaker>
<p id='29'>
	<s id='1'>Quoi, tu l'as fait exprès ? </s>
	<s id='2'>Quelle méchanceté !</s>
</p>
</sp>
<sp who='LE-MARQUIS'><speaker>LE MARQUIS.</speaker>
<p id='30'>
	<s id='1'>Au contraire, je vous ai servi, j'ai ranimé votre langueur, et votre soirée a dû être charmante ; la quantité de choses que vous aurez eu envie de vous dire, et que vous n'auriez pas pensées étant seuls, l'occupation continuelle de vous chercher, de retrouver dans les yeux l'un de l'autre le même sentiment, n'est-il pas toujours un nouveau plaisir ?</s>
</p>
</sp>
<sp who='LE CHEVALIER'><speaker>LE CHEVALIER.</speaker>
<p id='31'>
	<s id='1'>Il est vrai....</s>
</p>
</sp>
<sp who='LE-MARQUIS'><speaker>LE MARQUIS.</speaker>
<p id='32'>
	<s id='1'>Que les obstacles se présentent sans cesse, et vous serez tous les deux presque constants. </s>
	<s id='2'>Que vous vous aimiez moins, et vous serez heureux. </s>
	<s id='3'>Te voilà bien surpris.</s>
</p>
</sp>
<sp who='LE CHEVALIER'><speaker>LE CHEVALIER.</speaker>
<p id='33'>
	<s id='1'>Je l'avoue.</s>
</p>
</sp>
<sp who='LE-MARQUIS'><speaker>LE MARQUIS.</speaker>
<p id='34'>
	<s id='1'>Un amour trop fort anéantit la gaîté il fait perdre toutes les grâces de l'esprit : une première passion est comme l'eau d'un torrent qui court rapidement se réunir à l'immensité des mers, pour éprouver des tempêtes ou un calme insipide. </s>
	<s id='2'>Les autres passions plus légères ressemblent à l'eau d'une fontaine qui prend sa naissance entre les fleurs d'une prairie agréable, qui les caresse, se répand à droite et à gauche ; mais qui se réunit souvent et reprend plus de force lorsque les obstacles se présentent. </s>
	<s id='3'>Quelle image est plus riante ? </s>
	<s id='4'>Et qu'il est doux de voir couler ainsi ses beaux jours ! </s>
	<s id='5'>Combien on voit d'hommes qui ont eu cette conduite, qui même ne sont plus jeunes, être fêtés, cités, prônés, courus encore , par la plus grande partie des femmes qu'ils ont eus ; pendant que ceux qui ont été ce qu'on appelle réellement constants, se reconnaissent à peine ; encore n'est-ce que pour se récrier en même temps, que j'ai vu cette femme-là jolie ! </s>
	<s id='6'>Comme cet homme-là est changé !</s>
</p>
</sp>
<sp who='LE CHEVALIER'><speaker>LE CHEVALIER.</speaker>
<p id='35'>
	<s id='1'>Cette morale est légère.</s>
</p>
</sp>
<sp who='LE-MARQUIS'><speaker>LE MARQUIS.</speaker>
<p id='36'>
	<s id='1'>Et la pratique en est douce, et agréable : suis-la, ou bientôt tu te verras livré au désespoir d'être quitté, quoique sans raison : qui cesse de plaire, n'a point de droit de se plaindre en éprouvant une infidélité.</s>
</p>
</sp>
<sp who='LE CHEVALIER'><speaker>LE CHEVALIER.</speaker>
<p id='37'>
	<s id='1'>Tu m'épouvantes !</s>
</p>
</sp>
<sp who='LE-MARQUIS'><speaker>LE MARQUIS.</speaker>
<p id='38'>
	<s id='1'>C'est bien mon dessein.</s>
</p>
</sp>
<sp who='LE CHEVALIER'><speaker>LE CHEVALIER.</speaker>
<p id='39'>
	<s id='1'>J'avoue que je ne comprends pas quel est le but de cette conversation ?</s>
</p>
</sp>
<sp who='LE-MARQUIS'><speaker>LE MARQUIS.</speaker>
<p id='40'>
	<s id='1'>Ton bonheur. </s>
	<s id='2'>L'amour réel ; c'est l'amour-propre, rien ne peut l'anéantir ; mais il est avide. </s>
	<s id='3'>Cherche à plaire à toutes et tu plairas davantage à celle que tu aimes. </s>
	<s id='4'>Je veux même qu'on te croie infidèle pour te rendre heureux.</s>
</p>
</sp>
<sp who='LE CHEVALIER'><speaker>LE CHEVALIER.</speaker>
<p id='41'>
	<s id='1'>Tu crois que je consentirais...</s>
</p>
</sp>
<sp who='LE-MARQUIS'><speaker>LE MARQUIS.</speaker>
<p id='42'>
	<s id='1'>Ta languissante Comtesse en fera plus vive, plus charmante : elle feindra de vouloir se venger, tu riras de ses projets ; que de moments délicieux ! </s>
	<s id='2'>Mais jamais d'explication réelle, toujours une forte d'incertitude , du persiflage, point de raisonnements suivis, d'assurances pesantes d'un éternel amour ; un continuel badinage, et voilà l'homme qui doit être aimé tout le temps qu'il aimera. </s>
	<s id='3'>Si à la première inquiétude tu dévoiles le motif de ta conduite, tu seras perdu et sans espoir d'un sincère retour ; elle cherchera à se venger, se vengera, et tu seras puni non seulement d'avoir eu le projet de changer de conduite ; mais d'avoir eu l'imprudence de l'avouer.</s>
</p>
</sp>
<sp who='LE CHEVALIER'><speaker>LE CHEVALIER.</speaker>
<p id='43'>
	<s id='1'>Il faut du courage pour embrasser ce parti.</s>
</p>
</sp>
<sp who='LE-MARQUIS'><speaker>LE MARQUIS.</speaker>
<p id='44'>
	<s id='1'>Du courage ? </s>
	<s id='2'>Ne profanons pas les mots, dis le désir d'être heureux.</s>
</p>
</sp>
<sp who='LE CHEVALIER'><speaker>LE CHEVALIER.</speaker>
<p id='45'>
	<s id='1'>Mais que vais-je faire ?</s>
</p>
</sp>
<sp who='LE-MARQUIS'><speaker>LE MARQUIS.</speaker>
<p id='46'>
	<s id='1'>Le voici. </s>
	<s id='2'>Je parie que ce matin tu as revu la Comtesse, que vous vous êtes trouvés tous les deux charmants, pour avoir éprouvé toutes les contrariétés de la soirée.</s>
</p>
</sp>
<sp who='LE CHEVALIER'><speaker>LE CHEVALIER.</speaker>
<p id='47'>
	<s id='1'>Il est vrai.</s>
</p>
</sp>
<sp who='LE-MARQUIS'><speaker>LE MARQUIS.</speaker>
<p id='48'>
	<s id='1'>Vous vous êtes dit tout ce qu'on se peut dire.</s>
</p>
</sp>
<sp who='LE CHEVALIER'><speaker>LE CHEVALIER.</speaker>
<p id='49'>
	<s id='1'>Je l'avoue.</s>
</p>
</sp>
<sp who='LE-MARQUIS'><speaker>LE MARQUIS.</speaker>
<p id='50'>
	<s id='1'>Pourquoi donc y revenir cette après-dînée ?</s>
</p>
</sp>
<sp who='LE CHEVALIER'><speaker>LE CHEVALIER.</speaker>
<p id='51'>
	<s id='1'>Pour goûter le plaisir toujours nouveau, de nous revoir sans cesse.</s>
</p>
</sp>
<sp who='LE-MARQUIS'><speaker>LE MARQUIS.</speaker>
<p id='52'>
	<s id='1'>Abus que tout cela, nul système économique dans cette conduite.</s>
</p>
</sp>
<sp who='LE CHEVALIER'><speaker>LE CHEVALIER.</speaker>
<p id='53'>
	<s id='1'>Mais je le lui ai promis.</s>
</p>
</sp>
<sp who='LE-MARQUIS'><speaker>LE MARQUIS.</speaker>
<p id='54'>
	<s id='1'>Qu'importe ? </s>
	<s id='2'>On a un oncle malade, une mère, une tante, que sais-je moi, une cour à faire, on le mande ou on ne le mande pas, on se montre au spectacle , elle l'apprend ; le lendemain explication, protestation légère ; on vous gronde au lieu de s'ennuyer, vous rassurez, puis vous faites la même chose, et vous êtes adoré. </s>
	<s id='3'>Qui se soumet au joug, mérite de succomber sous son poids.</s>
</p>
</sp>
<sp who='LE CHEVALIER'><speaker>LE CHEVALIER.</speaker>
<p id='55'>
	<s id='1'>Je conçois tout cela ; mais est-on maître d'aimer moins ?</s>
</p>
</sp>
<sp who='LE-MARQUIS'><speaker>LE MARQUIS.</speaker>
<p id='56'>
	<s id='1'>On est maître de le cacher ; c'est par où il faut commencer.</s>
</p>
</sp>
<sp who='LE CHEVALIER'><speaker>LE CHEVALIER.</speaker>
<p id='57'>
	<s id='1'>Et comment ?</s>
</p>
</sp>
<sp who='LE-MARQUIS'><speaker>LE MARQUIS.</speaker>
<p id='58'>
	<s id='1'>Plus tu seras aimé, plus tu seras satisfait, et ta gaîté fera croire que tu aimes légèrement.</s>
</p>
</sp>
<sp who='LE CHEVALIER'><speaker>LE CHEVALIER.</speaker>
<p id='59'>
	<s id='1'>C'est vrai ; mais pourrai-je demeurer en reste, lorsque je me verrai autant aimé ?</s>
</p>
</sp>
<sp who='LE-MARQUIS'><speaker>LE MARQUIS.</speaker>
<p id='60'>
	<s id='1'>Il le faudra.</s>
</p>
</sp>
<sp who='LE CHEVALIER'><speaker>LE CHEVALIER.</speaker>
<p id='61'>
	<s id='1'>C'est trop difficile.</s>
</p>
</sp>
<sp who='LE-MARQUIS'><speaker>LE MARQUIS.</speaker>
<p id='62'>
	<s id='1'>Hé bien , employons l'art.</s>
</p>
</sp>
<sp who='LE CHEVALIER'><speaker>LE CHEVALIER.</speaker>
<p id='63'>
	<s id='1'>Comment ?</s>
</p>
</sp>
<sp who='LE-MARQUIS'><speaker>LE MARQUIS.</speaker>
<p id='64'>
	<s id='1'>Qu'on te croie une passion légère pour une autre.</s>
</p>
</sp>
<sp who='LE CHEVALIER'><speaker>LE CHEVALIER.</speaker>
<p id='65'>
	<s id='1'>Ô Ciel !</s>
</p>
</sp>
<sp who='LE-MARQUIS'><speaker>LE MARQUIS.</speaker>
<p id='66'>
	<s id='1'>Tu te crois déjà perdu ? </s>
	<s id='2'>Écoute-moi.</s>
</p>
</sp>
<sp who='LE CHEVALIER'><speaker>LE CHEVALIER.</speaker>
<p id='67'>
	<s id='1'>Voyons.</s>
</p>
</sp>
<sp who='LE-MARQUIS'><speaker>LE MARQUIS.</speaker>
<p id='68'>
	<s id='1'>Laisse croire, qu'une autre femme a des desseins sur toi.</s>
</p>
</sp>
<sp who='LE CHEVALIER'><speaker>LE CHEVALIER.</speaker>
<p id='69'>
	<s id='1'>Ah pour celui-là, à la bonne heure.</s>
</p>
</sp>
<sp who='LE-MARQUIS'><speaker>LE MARQUIS.</speaker>
<p id='70'>
	<s id='1'>Quel effort ! </s>
	<s id='2'>Que tu lui as donné quelque espoir.</s>
</p>
</sp>
<sp who='LE CHEVALIER'><speaker>LE CHEVALIER.</speaker>
<p id='71'>
	<s id='1'>Mais...</s>
</p>
</sp>
<sp who='LE-MARQUIS'><speaker>LE MARQUIS.</speaker>
<p id='72'>
	<s id='1'>Il le faut.</s>
</p>
</sp>
<sp who='LE CHEVALIER'><speaker>LE CHEVALIER.</speaker>
<p id='73'>
	<s id='1'>J'y consens ; sachons comment.</s>
</p>
</sp>
<sp who='LE-MARQUIS'><speaker>LE MARQUIS.</speaker>
<p id='74'>
	<s id='1'>Laisses tomber une lettre ; les femmes veulent tout voir, la Comtesse la voudra lire et elle la lira, tu n'en paraîtras pas alarmé, et je parie même que tu ne seras pas fâché de voir son émotion.</s>
</p>
</sp>
<sp who='LE CHEVALIER'><speaker>LE CHEVALIER.</speaker>
<p id='75'>
	<s id='1'>Mais.... je crois que oui.</s>
</p>
</sp>
<sp who='LE-MARQUIS'><speaker>LE MARQUIS.</speaker>
<p id='76'>
	<s id='1'>Elle te défendra de revoir cette femme.</s>
</p>
</sp>
<sp who='LE CHEVALIER'><speaker>LE CHEVALIER.</speaker>
<p id='77'>
	<s id='1'>Comment faire pour lors ?</s>
</p>
</sp>
<sp who='LE-MARQUIS'><speaker>LE MARQUIS.</speaker>
<p id='78'>
	<s id='1'>Tu la reverras. </s>
	<s id='2'>Tout ce qui pourrAit t'alarmer avec tes principes, doit à présent te rassurer. </s>
	<s id='3'>Attends, je veux que tu commences dès ce moment. </s>
	<s id='4'>Je vais te donner un billet qui fera justement ce qu'il te faut.</s>
</p>
<stage type="search">Il cherche dans un portefeuille. </stage>
<p id='79'>
	<s id='1'>Voilà ton affaire.</s>
</p>
</sp>
<sp stage="read" who='LE CHEVALIER'><speaker>LE CHEVALIER, lisant.</speaker>
<p id='79'>
	<s id='1'>« Vous avez bien fait, Monsieur, de ne pas venir souper chez moi avant-hier, nous aurions été seuls ; venez demain, je ferai ce que je pourrai pour avoir du monde ; mais je ne vous en réponds pas ; cette incertitude vous fera-t-elle peur ? </s>
	<s id='2'>Adieu, je vous attends , je le veux.» </s>
	<s id='3'>Cela me paraît....</s>
</p>
</sp>
<sp who='LE-MARQUIS'><speaker>LE MARQUIS.</speaker>
<p id='80'>
	<s id='1'>Très bien, te dis-je.</s>
</p>
</sp>
<sp who='LE CHEVALIER'><speaker>LE CHEVALIER.</speaker>
<p id='81'>
	<s id='1'>Mais la Comtesse ne connaît-elle pas cette écriture ?</s>
</p>
</sp>
<sp who='LE-MARQUIS'><speaker>LE MARQUIS.</speaker>
<p id='82'>
	<s id='1'>Sûrement elle la connaît ; le billet est de Madame de Clercy, et c'est tant mieux.</s>
</p>
</sp>
<sp who='LE CHEVALIER'><speaker>LE CHEVALIER.</speaker>
<p id='83'>
	<s id='1'>J'ai quelque répugnance....</s>
</p>
</sp>
<sp who='LE-MARQUIS'><speaker>LE MARQUIS.</speaker>
<p id='84'>
	<s id='1'>De voir durer une passion que tu chéris ? </s>
	<s id=''>C'est pitoyable !</s>
</p>
</sp>
</div2>
<div2 type="scene" n='2'><head>SCÈNE II. Le Marquis, Le Chevalier, Dupré.</head>
<sp who='DUPRÉ'><speaker>DUPRÉ.</speaker>
<p id='1'>
	<s id='1'>Monsieur_le_Marquis, Madame_la_Comtesse va passer, ici tout à l'heure.</s>
</p>
</sp>
<sp who='LE-MARQUIS'><speaker>LE MARQUIS.</speaker>
<p id='2'>
	<s id='1'>C'est bon. </s>
	<s id='2'>Allons, prends ton parti dès ce moment, je vais faire une visite et je reviendrai voir les effets de mes conseils.</s>
</p>
</sp>
<sp who='LE CHEVALIER'><speaker>LE CHEVALIER.</speaker>
<p id='3'>
	<s id='1'>Je vais essayer ; mais je crains bien...</s>
</p>
</sp>
<sp who='LE-MARQUIS'><speaker>LE MARQUIS.</speaker>
<p id='4'>
	<s id='1'>Oh, je t'abandonne à ton mauvais fort, si tu n'as pas de confiance en moi;</s>
</p>
</sp>
<sp who='LE CHEVALIER'><speaker>LE CHEVALIER.</speaker>
<p id='5'>
	<s id='1'>Allons, en te remerciant.</s>
</p>
</sp>
<sp who='LE-MARQUIS'><speaker>LE MARQUIS.</speaker>
<p id='6'>
	<s id='1'>Il n'est pas encore temps. </s>
	<s id='2'>Adieu.</s>
</p>
<stage type="exit">Il sort.</stage>
</sp>
<sp who='LE CHEVALIER'><speaker>LE CHEVALIER.</speaker>
<p id='7'>
	<s id='1'>Je ne sais, mais je tremble. </s>
	<s id='2'>Voici la Comtesse, essayons.</s>
</p>
</sp>
</div2>
<div2 type="scene" n='3'><head>SCÈNE III. La Comtesse, Le Chevalier.</head>
<sp who='LA COMTESSE'><speaker>LA COMTESSE.</speaker>
<p id='1'>
	<s id='1'>Chevalier, j'ai été bien longtemps, n'est-ce pas ? </s>
	<s id='2'>Je suis excédée ! </s>
	<s id='3'>Ma complaisance me coûte cher. </s>
</p>
<stage type="sit/location">Elle s'assied sur une chaise longue. </stage>
<p id='2'>
	<s id='1'>Mais où est donc le Marquis ? </s>
	<s id='2'>On m'avait dit qu'il était ici.</s>
</p>
<stage type="nervous">Elle fait des noeuds.</stage>
</sp>
<sp who='LE CHEVALIER'><speaker>LE CHEVALIER.</speaker>
<p id='2'>
	<s id='1'>Il va revenir.</s>
</p>
</sp>
<sp who='LA COMTESSE'><speaker>LA COMTESSE.</speaker>
<p id='3'>
	<s id='1'>Asseyez-vous là.</s>
</p>
</sp>
<sp who='LE CHEVALIER'><speaker>LE CHEVALIER.</speaker>
<p id='4'>
	<s id='1'>Je suis fort bien.</s>
</p>	
<stage type="aparte">À part.</stage>
<p id='5'>
	<s id='1'>Je n'ai jamais été plus embarrassé.</s>
</p>
</sp>
<sp who='LA COMTESSE'><speaker>LA COMTESSE.</speaker>
<p id='6'>
	<s id='1'>Mais vous avez quelque chose. </s>
	<s id='2'>Asseyez-vous donc.</s>
</p>
</sp>
<sp stage="sit" who='LE CHEVALIER'><speaker>LE CHEVALIER, s'asseyant.</speaker>
<p id='7'>
	<s id='1'>Je vous jure que je n'ai rien du tout.</s>
</p>
</sp>
<sp who='LA COMTESSE'><speaker>LA COMTESSE.</speaker>
<p id='8'>
	<s id='1'>Je ne vous ai jamais vu comme cela.</s>
</p>
</sp>
<sp who='LE CHEVALIER'><speaker>LE CHEVALIER.</speaker>
<p id='9'>
	<s id='1'>C'est une misère.</s>
</p>
</sp>
<sp who='LA COMTESSE'><speaker>LA COMTESSE.</speaker>
<p id='10'>
	<s id='1'>Je veux savoir ce que c'est.</s>
</p>
</sp>
<sp stage="embarrassed" who='LE CHEVALIER'><speaker>LE CHEVALIER, embarrassé.</speaker>
<p id='11'>
	<s id='1'>C'est... que... je me suis chargé de faire un couplet, et cela me tracasse.</s>
</p>
</sp>
<sp who='LA COMTESSE'><speaker>LA COMTESSE.</speaker>
<p id='12'>
	<s id='1'>Vous n'avez jamais fait de vers.</s>
</p>
</sp>
<sp who='LE CHEVALIER'><speaker>LE CHEVALIER.</speaker>
<p id='13'>
	<s id='1'>Non... je vous demande pardon, autrefois.</s>
</p>
<stage type="stand">Il se lève.</stage>
</sp>
<sp who='LA COMTESSE'><speaker>LA COMTESSE.</speaker>
<p id='14'>
	<s id='1'>Hé bien, où allez-vous ?</s>
</p>
</sp>
<sp who='LE CHEVALIER'><speaker>LE CHEVALIER.</speaker>
<p id='15'>
	<s id='1'>Je trouverai mieux debout ce que je cherche.</s>
</p>
</sp>
<sp who='LA COMTESSE'><speaker>LA COMTESSE.</speaker>
<p id='16'>
	<s id='1'>Et pour qui ce couplet ?</s>
</p>
</sp>
<sp who='LE CHEVALIER'><speaker>LE CHEVALIER.</speaker>
<p id='17'>
	<s id='1'>Pour qui ?</s>
</p>
</sp>
<sp who='LA COMTESSE'><speaker>LA COMTESSE.</speaker>
<p id='18'>
	<s id='1'>Oui, est-ce un mystère ?</s>
</p>
</sp>
<sp who='LE CHEVALIER'><speaker>LE CHEVALIER.</speaker>
<p id='19'>
	<s id='1'>C'est pour...</s>
</p>
</sp>
<sp who='LA COMTESSE'><speaker>LA COMTESSE.</speaker>
<p id='20'>
	<s id='1'>Je veux le savoir.</s>
</p>
</sp>
<sp who='LE CHEVALIER'><speaker>LE CHEVALIER.</speaker>
<p id='21'>
	<s id='1'>Pour... Madame de Montgrieux.</s>
</p>
</sp>
<sp who='LA COMTESSE'><speaker>LA COMTESSE.</speaker>
<p id='22'>
	<s id='1'>Vous connaissez Madame de Montgrieux ?</s>
</p>
</sp>
<sp who='LE CHEVALIER'><speaker>LE CHEVALIER.</speaker>
<p id='23'>
	<s id='1'>Mais, oui.</s>
</p>
</sp>
<sp who='LA COMTESSE'><speaker>LA COMTESSE.</speaker>
<p id='24'>
	<s id='1'>C'est une femme que je ne peux pas souffrir.</s>
</p>
</sp>
<sp who='LE CHEVALIER'><speaker>LE CHEVALIER.</speaker>
<p id='25'>
	<s id='1'>Elle est pourtant aimable.</s>
</p>
</sp>
<sp who='LA COMTESSE'><speaker>LA COMTESSE.</speaker>
<p id='26'>
	<s id='1'>Et c'est elle qui vous occupe si fort ?</s>
</p>
</sp>
<sp who='LE CHEVALIER'><speaker>LE CHEVALIER.</speaker>
<p id='27'>
	<s id='1'>Si fort ? </s>
	<s id='2'>Comme cela.</s>
</p>
</sp>
<sp who='LA COMTESSE'><speaker>LA COMTESSE.</speaker>
<p id='28'>
	<s id='1'>Tenez, je ne sais ce que vous avez, mais je ne vous reconnais pas.</s>
</p>
</sp>
<sp stage="aparte" who='LE CHEVALIER'><speaker>LE CHEVALIER, à part.</speaker>
<p id='29'>
	<s id='1'>Ah, ni moi non plus.</s>
</p>
</sp>
<sp who='LA COMTESSE'><speaker>LA COMTESSE.</speaker>
<p id='30'>
	<s id='1'>Vous ne m'avez jamais menti, et je suis tentée de croire, d'après votre embarras...</s>
</p>	
</sp>
<sp stage="happy" who='LE CHEVALIER'><speaker>LE CHEVALIER, affectant un air gai.</speaker>
<p id='31'>
	<s id='1'>Hé bien , voyons, que croyez-vous ?</s>
</p>
</sp>
<sp who='LA COMTESSE'><speaker>LA COMTESSE.</speaker>
<p id='32'>
	<s id='1'>Cette gaîté contrainte ne vous va pas non plus.</s>
</p>
</sp>
<sp who='LE CHEVALIER'><speaker>LE CHEVALIER.</speaker>
<p id='33'>
	<s id='1'>En vérité aussi il y a aussi de quoi être embarrassé : l'air occupé, la gaîté, tout cela vous paraît également ridicule.</s>
</p>
</sp>
<sp who='LA COMTESSE'><speaker>LA COMTESSE.</speaker>
<p id='34'>
	<s id='1'>Ridicule ! </s>
	<s id='2'>Non, Chevalier, vous ne le serez jamais à mes yeux. </s>
	<s id='3'>Je vous aime trop pour cela, et je ne vous aurais pas aimé, si vous aviez jamais eu la moindre nuance d'un caractère ridicule et léger. </s>
	<s id='4'>Croyez qu'un amour fondé sur l'estime, ne voit et n'a d'autre intérêt que celui de l'objet qu'il aime ; ainsi mon inquiétude, au lieu de vous déplaire, doit vous assurer de mon coeur. </s>
	<s id='5'>N'avez-vous plus la même confiance en moi ?</s>
</p>
</sp>
<sp who='LE CHEVALIER'><speaker>LE CHEVALIER.</speaker>
<p id='35'>
	<s id='1'>Madame , je vous demande pardon.</s>
</p>
</sp>
<sp who='LA COMTESSE'><speaker>LA COMTESSE.</speaker>
<p id='36'>
	<s id='1'>Pourquoi donc me cacher ce qui vous occupe ? </s>
	<s id='2'>M'aimez-vous moins ?</s>
</p>
</sp>
<sp who='LE CHEVALIER'><speaker>LE CHEVALIER.</speaker>
<p id='37'>
	<s id='1'>Je ne dis pas cela, Madame.</s>
</p>
</sp>
<sp who='LA COMTESSE'><speaker>LA COMTESSE.</speaker>
<p id='38'>
	<s id='1'>Je le crois bien.</s>
</p>
</sp>
<sp who='LE CHEVALIER'><speaker>LE CHEVALIER.</speaker>
<p id='39'>
	<s id='1'>Par conséquent, c'est une question...</s>
</p>
</sp>
<sp who='LA COMTESSE'><speaker>LA COMTESSE.</speaker>
<p id='40'>
	<s id='1'>Qui devrait vous plaire ; la crainte de vous perdre n'est-elle pas une chose flatteuse pour vous ?</s>
</p>
</sp>
<sp who='LE CHEVALIER'><speaker>LE CHEVALIER.</speaker>
<p id='41'>
	<s id='1'>Sans doute.</s>
</p>
</sp>
<sp who='LA COMTESSE'><speaker>LA COMTESSE.</speaker>
<p id='42'>
	<s id='1'>Ah, parlons sensément ; nous nous connaissons trop bien pour avoir cette crainte ni l'un ni l'autre jamais ; vous avez raison. </s>
	<s id='2'>Qu'il est doux d'aimer sans inquiétude !</s>
</p>
</sp>
<sp who='LE CHEVALIER'><speaker>LE CHEVALIER.</speaker>
<p id='43'>
	<s id='1'>Oui, si cela pouvait durer toujours !</s>
</p>
</sp>
<sp who='LA COMTESSE'><speaker>LA COMTESSE.</speaker>
<p id='44'>
	<s id='1'>Et pourquoi pas ? </s>
	<s id='2'>Voilà un langage que je ne vous ai jamais entendu tenir.</s>
</p>
</sp>
<sp who='LE CHEVALIER'><speaker>LE CHEVALIER.</speaker>
<p id='45'>
	<s id='1'>C'est une simple réflexion, d'après les exemples fréquents.</s>
</p>
</sp>
<sp who='LA COMTESSE'><speaker>LA COMTESSE.</speaker>
<p id='46'>
	<s id='1'>Oui, mais quels exemples ! </s>
	<s id='2'>Ceux qui vous les fournissent, aiment-ils réellement ? </s>
	<s id='3'>Non, Chevalier, ce sont des liaisons légères, ou le goût a souvent même bien peu de part.</s>
</p>
</sp>
<sp who='LE CHEVALIER'><speaker>LE CHEVALIER.</speaker>
<p id='47'>
	<s id='1'>Ces gens-là se croient heureux cependant.</s>
</p>
</sp>
<sp who='LA COMTESSE'><speaker>LA COMTESSE.</speaker>
<p id='48'>
	<s id='1'>Quel bonheur ! </s>
	<s id='2'>Ce n'en est seulement pas l'image.</s>
</p>
</sp>
<sp who='LE CHEVALIER'><speaker>LE CHEVALIER.</speaker>
<p id='49'>
	<s id='1'>Mais ils n'ont pas les tourments de l'Amour.</s>
</p>
</sp>
<sp who='LA COMTESSE'><speaker>LA COMTESSE.</speaker>
<p id='50'>
	<s id='1'>Avec vous, je ne connais que ceux de l'absence ; car je compte sur vous comme sur moi-même.</s>
</p>
</sp>
<sp stage="aparte" who='LE CHEVALIER'><speaker>LE CHEVALIER, à part.</speaker>
<p id='51'>
	<s id='1'>Le Marquis a raison.</s>
</p>
</sp>
<sp who='LA COMTESSE'><speaker>LA COMTESSE.</speaker>
<p id='52'>
	<s id='1'>Que dites-vous ?</s>
</p>
</sp>
<sp who='LE CHEVALIER'><speaker>LE CHEVALIER.</speaker>
<p id='53'>
	<s id='1'>Que vous avez raison.</s>
</p>
<stage type="aparte">À part.</stage>
<p id='54'>
	<s id='1'>Suivons son avis.</s>
</p>
<stage type="drop/stand">Il laisse tomber la lettre en se levant.</stage>
</sp>
<sp who='LA COMTESSE'><speaker>LA COMTESSE.</speaker>
<p id='55'>
	<s id='1'>Qu'est-ce que c'est que cela ?</s>
</p>
</sp>
<sp who='LE CHEVALIER'><speaker>LE CHEVALIER.</speaker>
<p id='56'>
	<s id='1'>Oh, rien,</s>
</p>
</sp>
<sp who='LA COMTESSE'><speaker>LA COMTESSE.</speaker>
<p id='57'>
	<s id='1'>Je parie que ce sont vos vers. </s>
	<s id='2'>Je veux les voir.</s>
</p>
</sp>
<sp who='LE CHEVALIER'><speaker>LE CHEVALIER.</speaker>
<p id='58'>
	<s id='1'>Je vous prie que non ; si c'était des vers...</s>
</p>
</sp>
<sp who='LA COMTESSE'><speaker>LA COMTESSE.</speaker>
<p id='59'>
	<s id='1'>Donnez, je le veux absolument.</s>
</p>
</sp>
<sp who='LE CHEVALIER'><speaker>LE CHEVALIER.</speaker>
<p id='60'>
	<s id='1'>Non ; parce que vous pourriez croire...</s>
</p>
</sp>
<sp stage="get" who='LA COMTESSE'><speaker>LA COMTESSE, arrachant le billet des mains du Chevalier.</speaker>
<note type="L">Billet : se dit aussi des poulets qu'on envoie à des maîtresses. Billet doux, billet galant, billet tendre. [F]</note>
<p id='61'>
	<s id='1'>C'est un billet ?</s>
</p>
</sp>
<sp who='LE CHEVALIER'><speaker>LE CHEVALIER.</speaker>
<p id='62'>
	<s id='1'>Oui ; mais...</s>
</p>
</sp>
<sp who='LA COMTESSE'><speaker>LA COMTESSE.</speaker>
<p id='63'>
	<s id='1'>Vous avez l'air inquiet ?</s>
</p>
</sp>
<sp stage="stress" who='LE CHEVALIER'><speaker>LE CHEVALIER, voulant se rassurer.</speaker>
<p id='64'>
	<s id='1'>Moi ?... </s>
	<s id='2'>Ah, point du tout.</s>
</p>
</sp>
<sp stage="read" who='LA COMTESSE'><speaker>LA COMTESSE, lisant.</speaker>
<p id='65'>
	<s id='1'>Voyons.</s>
</p>
</sp>
<sp stage="aparte" who='LE CHEVALIER'><speaker>LE CHEVALIER, à part.</speaker>
<p id='66'>
	<s id='1'>Le Marquis me perd.</s>
</p>
</sp>
<sp who='LA COMTESSE'><speaker>LA COMTESSE.</speaker>
<p id='67'>
	<s id='1'>Je connais cette écriture.</s>
</p>
</sp>
<sp who='LE CHEVALIER'><speaker>LE CHEVALIER.</speaker>
<p id='68'>
	<s id='1'>Cela se peut.</s>
</p>
</sp>
<sp who='LA COMTESSE'><speaker>LA COMTESSE.</speaker>
<p id='69'>
	<s id='1'>C'est de Madame de Clercy.</s>
</p>
</sp>
<sp who='LE CHEVALIER'><speaker>LE CHEVALIER.</speaker>
<p id='70'>
	<s id='1'>Il est vrai.</s>
</p>
</sp>
<sp stage="stress" who='LA COMTESSE'><speaker>LA COMTESSE, émue.</speaker>
<p id='71'>
	<s id='1'>Vous êtes sur ce ton-là avec elle ?</s>
</p>
</sp>
<sp who='LE CHEVALIER'><speaker>LE CHEVALIER.</speaker>
<p id='72'>
	<s id='1'>Vous voyez que je n'ai pas voulu y aller souper.</s>
</p>
</sp>
<sp who='LA COMTESSE'><speaker>LA COMTESSE.</speaker>
<p id='73'>
	<s id='1'>Mais vous irez ?</s>
</p>
</sp>
<sp who='LE CHEVALIER'><speaker>LE CHEVALIER.</speaker>
<p id='74'>
	<s id='1'>Je ne crois pas que vous me le permettiez.</s>
</p>
</sp>
<sp stage="stress/quiet" who='LA COMTESSE'><speaker>LA COMTESSE, sérieusement, affectant l'air tranquille.</speaker>
<p id='75'>
	<s id='1'>Pardonnnez-moi, parce que demain je ne vous verrai pas de la journée, et je suis bien aise que vous vous amusiez quelquefois quand vous ne me voyez pas.</s>
</p>
</sp>
<sp who='LE CHEVALIER'><speaker>LE CHEVALIER.</speaker>
<p id='76'>
	<s id='1'>Je vous assure que je n'ai jamais eu le dessein d'y souper, et je ne sais pas pourquoi elle se l'est mis dans la tête, sérieusement.</s>
</p>
</sp>
<sp who='LA COMTESSE'><speaker>LA COMTESSE.</speaker>
<p id='77'>
	<s id='1'>Qu'est-ce que cela fait ? </s>
	<s id='2'>Je ne suis pas jalouse.</s>
</p>
</sp>
<sp stage="anxious" who='LE CHEVALIER'><speaker>LE CHEVALIER, très inquiet.</speaker>
<p id='78'>
	<s id='1'>Je le sais bien.</s>
</p>
</sp>
<sp who='LA COMTESSE'><speaker>LA COMTESSE.</speaker>
<p id='79'>
	<s id='1'>J'avais oublié de vous dire que j'allais à la campagne, chez ma soeur.</s>
</p>
</sp>
<sp who='LE CHEVALIER'><speaker>LE CHEVALIER.</speaker>
<p id='80'>
	<s id='1'>Pardonnez-moi, puisque vous m'avez même promis de me mener.</s>
</p>
</sp>
<sp who='LA COMTESSE'><speaker>LA COMTESSE.</speaker>
<p id='81'>
	<s id='1'>Je ne le peux pas, j'y vais pour deux jours et l'on me mène.</s>
</p>
</sp>
<sp who='LE CHEVALIER'><speaker>LE CHEVALIER.</speaker>
<p id='82'>
	<s id='1'>J'irai de mon côté.</s>
</p>
</sp>
<sp who='LA COMTESSE'><speaker>LA COMTESSE.</speaker>
<p id='83'>
	<s id='1'>Non, j'ai réfléchi que cela ne serait pas décent.</s>
</p>
</sp>
<sp who='LE CHEVALIER'><speaker>LE CHEVALIER.</speaker>
<p id='84'>
	<s id='1'>Mais j'y ai déjà été avec vous mille fois,</s>
</p>
</sp>
<sp who='LA COMTESSE'><speaker>LA COMTESSE.</speaker>
<p id='85'>
	<s id='1'>C'est à cause de cela que je ne veux plus que vous y veniez.</s>
</p>
</sp>
<sp who='LE CHEVALIER'><speaker>LE CHEVALIER.</speaker>
<p id='86'>
	<s id='1'>Je ne vous comprends point. </s>
	<s id='2'>Êtes-vous fâchée contre moi ?</s>
</p>
</sp>
<sp who='LA COMTESSE'><speaker>LA COMTESSE.</speaker>
<p id='87'>
	<s id='1'>Non, Chevalier, du tout.</s>
</p>
</sp>
<sp who='LE CHEVALIER'><speaker>LE CHEVALIER.</speaker>
<p id='88'>
	<s id='1'>Vous dissimulez.</s>
</p>
</sp>
<sp who='LA COMTESSE'><speaker>LA COMTESSE.</speaker>
<p id='89'>
	<s id='1'>Je vous jure que non. </s>
	<s id='2'>Pourquoi serais-je fâchée ? </s>
	<s id='3'>Je n'ai pas à me plaindre de vous ; je n'ai pas prétendu qu'absolument vous ne voyiez que moi, d'ailleurs Madame de Clercy est mon amie.</s>
</p>
</sp>
<sp who='LE CHEVALIER'><speaker>LE CHEVALIER.</speaker>
<p id='90'>
	<s id='1'>Vous me déchirez le coeur avec cette froideur.</s>
</p>
</sp>
<sp who='LA COMTESSE'><speaker>LA COMTESSE.</speaker>
<p id='91'>
	<s id='1'>Mais vous êtes devenu fou, je crois, aujourd'hui.</s>
</p>
</sp>
<sp who='LE CHEVALIER'><speaker>LE CHEVALIER.</speaker>
<p id='92'>
	<s id='1'>Votre indifférence me tue.</s>
</p>
</sp>
<sp who='LA COMTESSE'><speaker>LA COMTESSE.</speaker>
<p id='93'>
	<s id='1'>Comment, il faut que je fois jalouse absolument pour vous calmer, que je vous querelle ?</s>
</p>
</sp>
<sp stage="stress/sigh" who='LE CHEVALIER'><speaker>LE CHEVALIER, agité et soupirant.</speaker>
<p id='94'>
	<s id='1'>Ah !</s>
</p>
</sp>
<sp who='LA COMTESSE'><speaker>LA COMTESSE.</speaker>
<p id='95'>
	<s id='1'>Qu'avez-vous donc ?</s>
</p>
</sp>
<sp who='LE CHEVALIER'><speaker>LE CHEVALIER.</speaker>
<p id='96'>
	<s id='1'>Vous lisez dans mon âme ; et mon trouble, ma douleur ne vous touchent point.</s>
</p>
</sp>
<sp who='LA COMTESSE'><speaker>LA COMTESSE.</speaker>
<p id='97'>
	<s id='1'>C'est que je n'en connais pas le principe ; vous n'avez pas, je crois, de raison de vous plaindre de moi. </s>
	<s id='2'>Si vous êtes malheureux d'ailleurs, je suis prête à vous entendre et à vous donner tous les moyens de consolation qui sont en moi.</s>
</p>
</sp>
<sp who='LE CHEVALIER'><speaker>LE CHEVALIER.</speaker>
<p id='98'>
	<s id='1'>Hé bien, Madame, il faut vous l'avouer, je suis la victime d'une façon de penser qui n'est pas à moi ; je me suis laissé séduire, et je suis trop coupable pour ne pas me soumettre à tout ce que vous ordonnerez.</s>
</p>
</sp>
<sp who='LA COMTESSE'><speaker>LA COMTESSE.</speaker>
<p id='99'>
	<s id='1'>Si vous aimez ailleurs, cela est tout simple, on n'est pas toujours le maître de son coeur.</s>
</p>
</sp>
<sp who='LE CHEVALIER'><speaker>LE CHEVALIER.</speaker>
<p id='100'>
	<s id='1'>Non, Madame, je n'ai jamais cessé de vous aimer, j'en jure a vos pieds.</s>
</p>
<stage type="kneel">Il se jette à genoux. </stage>
<p id='100'>
	<s id='1'>Ce principe que vous ignorez, qui m'a fait faire une faute que je ne me pardonnerai jamais ; bien loin qu'il soit une preuve que je veux cesser de vous aimer, était au contraire un moyen que je voulais employer pour assurer mon bonheur pour toute la vie.</s>
</p>
</sp>
<sp who='LA COMTESSE'><speaker>LA COMTESSE.</speaker>
<p id='101'>
	<s id='1'>Je ne vous comprends point ; mais levez-vous et expliquez-vous s'il est possible.</s>
</p>
</sp>
<sp who='LE CHEVALIER'><speaker>LE CHEVALIER.</speaker>
<p id='102'>
	<s id='1'>Madame, on m'a fait craindre qu'un bonheur trop constant, sans la moindre inquiétude, ne pût pas durer toujours.</s>
</p>
</sp>
<sp who='LA COMTESSE'><speaker>LA COMTESSE.</speaker>
<p id='103'>
	<s id='1'>Vous avez douté de mon coeur ?</s>
</p>
</sp>
<sp who='LE CHEVALIER'><speaker>LE CHEVALIER.</speaker>
<p id='104'>
	<s id='1'>Non, Madame, non ; ce n'est pas moi à qui cette pensée a pu venir, mais comme un véritable amour est facile à alarmer, je me suis laissé séduire, trop facilement sans doute.</s>
</p>
</sp>
<sp who='LA COMTESSE'><speaker>LA COMTESSE.</speaker>
<p id='105'>
	<s id='1'>Et qu'avez-vous fait ?</s>
</p>
</sp>
<sp who='LE CHEVALIER'><speaker>LE CHEVALIER.</speaker>
<p id='106'>
	<s id='1'>Ah, permettez...</s>
</p>
</sp>
<sp who='LA COMTESSE'><speaker>LA COMTESSE.</speaker>
<p id='107'>
	<s id='1'>Non, je veux le savoir.</s>
</p>
</sp>
<sp who='LE CHEVALIER'><speaker>LE CHEVALIER.</speaker>
<p id='108'>
	<s id='1'>Hé bien, Madame ; c'est avec la dernière confusion que je vais vous avouer que j'ai voulu vous inquiéter par ce billet.</s>
</p>
</sp>
<sp who='LA COMTESSE'><speaker>LA COMTESSE.</speaker>
<p id='109'>
	<s id='1'>Comment ?</s>
</p>
</sp>
<sp who='LE CHEVALIER'><speaker>LE CHEVALIER.</speaker>
<p id='110'>
	<s id='1'>Ce n'est pas à moi qu'il était écrit.</s>
</p>
</sp>
<sp who='LA COMTESSE'><speaker>LA COMTESSE.</speaker>
<p id='111'>
	<s id='1'>Vous avez recours à cet artifice dans un moment où vous étiez si sûr d'être aimé ?</s>
</p>
</sp>
<sp who='LE CHEVALIER'><speaker>LE CHEVALIER.</speaker>
<p id='112'>
	<s id='1'>Ah, je ne prévoyais pas tout ce que je souffrirais de l'indifférence avec laquelle vous avez reçu cette épreuve.</s>
</p>
</sp>
<sp who='LA COMTESSE'><speaker>LA COMTESSE.</speaker>
<p id='113'>
	<s id='1'>Je conçois que cette crainte avait pu vous retenir ; mais vous n'avez pas eu celle de me voir souffrir par cette épreuve, ce spectacle vous aurait sans doute enchanté !</s>
</p>
</sp>
<sp stage="confuse" who='LE CHEVALIER'><speaker>LE CHEVALIER, avec confusion.</speaker>
<p id='114'>
	<s id='1'>Ô Ciel ! </s>
	<s id='2'>Que dites-vous ?</s>
</p>
</sp>
<sp who='LA COMTESSE'><speaker>LA COMTESSE.</speaker>
<p id='115'>
	<s id='1'>Allez, Monsieur, vous me confirmez ; mais trop tard ce qu'on m'avait dit des hommes, qu'ils se ressemblent tous et qu'ils ne vous aiment que pour eux.</s>
</p>
</sp>
<sp who='LE CHEVALIER'><speaker>LE CHEVALIER.</speaker>
<p id='116'>
	<s id='1'>Quoi, Madame, vous pourriez ne me pas distinguer ?</s>
</p>
</sp>
<sp who='LA COMTESSE'><speaker>LA COMTESSE.</speaker>
<p id='117'>
	<s id='1'>C'en est fait, Monsieur, je ne vous verrai plus. </s>
</p>
<stage type="exit/close">Elle sort et tire une porte sur elle.</stage>
</sp>
<sp who='LE CHEVALIER'><speaker>LE CHEVALIER.</speaker>
<p id='118'>
	<s id='1'>Ah, Madame, je mourrai, s'il m'est impossible que jamais...</s>
</p>
</sp>
</div2>
<div2 type="scene" n='4'><head>SCÈNE IV. Le Marquis, Le Chevalier.</head>
<sp stage="stop" who='LE-MARQUIS'><speaker>LE MARQUIS, arrêtant le Chevalier.</speaker>
<p id='1'>
	<s id='1'>Hé bien, hé bien, que dis-tu donc là ?</s>
</p>
</sp>
<sp who='LE CHEVALIER'><speaker>LE CHEVALIER.</speaker>
<p id='2'>
	<s id='1'>Ah, Monsieur, vous m'avez perdu !</s>
</p>
</sp>
<sp who='LE-MARQUIS'><speaker>LE MARQUIS.</speaker>
<p id='3'>
	<s id='1'>Paix donc. </s>
	<s id='2'>Heureusement qu'elle vient de fermer sa porte. </s>
	<s id='3'>Je crains dans l'état où tu es, que tu n'aies fait quelque imprudence.</s>
</p>
</sp>
<sp who='LE CHEVALIER'><speaker>LE CHEVALIER.</speaker>
<p id='4'>
	<s id='1'>Oui, j'en ai fait une affreuse !</s>
</p>
</sp>
<sp who='LE-MARQUIS'><speaker>LE MARQUIS.</speaker>
<p id='5'>
	<s id='1'>Comment ?</s>
</p>
</sp>
<sp who='LE CHEVALIER'><speaker>LE CHEVALIER.</speaker>
<p id='6'>
	<s id='1'>Celle de vous croire, et d'avoir suivi vos conseils.</s>
</p>
</sp>
<sp who='LE-MARQUIS'><speaker>LE MARQUIS.</speaker>
<p id='7'>
	<s id='1'>Si ce n'est que cela...</s>
</p>
</sp>
<sp who='LE CHEVALIER'><speaker>LE CHEVALIER.</speaker>
<p id='8'>
	<s id='1'>Cette épreuve me coûtera la vie.</s>
</p>
</sp>
<sp who='LE-MARQUIS'><speaker>LE MARQUIS.</speaker>
<p id='9'>
	<s id='1'>Tout cela, ce sont des mots, qu'en est-il arrivé ?</s>
</p>
</sp>
<sp who='LE CHEVALIER'><speaker>LE CHEVALIER.</speaker>
<p id='10'>
	<s id='1'>Qu'elle n'en a seulement pas été émue.</s>
</p>
</sp>
<sp who='LE-MARQUIS'><speaker>LE MARQUIS.</speaker>
<p id='11'>
	<s id='1'>Tu l'as crue, voilà ce que fait le manque d'expérience.</s>
</p>
</sp>
<sp who='LE CHEVALIER'><speaker>LE CHEVALIER.</speaker>
<p id='12'>
	<s id='1'>Je lui ai tout avoué , elle ne veut plus me revoir.</s>
</p>
</sp>
<sp who='LE-MARQUIS'><speaker>LE MARQUIS.</speaker>
<p id='13'>
	<s id='1'>Elle a raison, je l'avais prévu. </s>
	<s id='2'>Que t'avais-je recommandé ?</s>
</p>
</sp>
<sp who='LE CHEVALIER'><speaker>LE CHEVALIER.</speaker>
<p id='14'>
	<s id='1'>Vous m'avez perdu, vous dis-je !</s>
</p>
</sp>
<sp who='LE-MARQUIS'><speaker>LE MARQUIS.</speaker>
<p id='15'>
	<s id='1'>Je ne crois pas cela.</s>
</p>
</sp>
<sp who='LE CHEVALIER'><speaker>LE CHEVALIER.</speaker>
<p id='16'>
	<s id='1'>Vous ne la connaissez pas.</s>
</p>
</sp>
<sp who='LE-MARQUIS'><speaker>LE MARQUIS.</speaker>
<p id='17'>
	<s id='1'>Laisse passer le premier moment ; si elle t'aime véritablement, l'amour lui parlera en ta faveur, et si elle ne te pardonne pas, elle ne t'aurait pas aimé encore longtemps.</s>
</p>
</sp>
<sp stage="away" who='LE CHEVALIER'><speaker>LE CHEVALIER, s'en allant.</speaker>
<p id='18'>
	<s id='1'>Non, je ne vous écoute plus.</s>
</p>
</sp>
<sp stage="together" who='LE-MARQUIS'><speaker>LE MARQUIS, le suivant.</speaker>
<p id='19'>
	<s id='1'>Dans quelque temps, je suis bien sûr que tu penseras comme moi.</s>
</p>
</sp>
</div2>
</div1>
</body>
</text>
</TEI>