<?xml version="1.0" encoding="utf-8"?>
<TEI xml:lang="fr">
<teiHeader>
	<fileDesc>
		<titleStmt>
			<title>LES DEUX ANGLAIS, COMÉDIE</title>
			<author type="texte" ISNI="0000 0000 7977 1756">CARMONTELLE, Louis Carrogis, dit Louis de Carmontelle (1717-1806)</author>
		</titleStmt>
		<publicationStmt>
			<publisher>Texte établi par Paul FIEVRE juin 2018</publisher>
			<publisher>publié par Paul FIEVRE juillet 2018</publisher>
			<idno>CARMONTELLE_DEUXANGLAIS</idno>
			<rights>Creative Commons BY-NC-SA</rights>
		</publicationStmt>
		<SourceDesc>
			<genre>Proverbe</genre>
			<inspiration>moeurs</inspiration>			<structure>Un acte</structure>
			<type>prose</type>
			<periode>1761-1770</periode>
			<taille>(mesure non pertinente)</taille>
			<permalien></permalien>
		</SourceDesc>
</fileDesc>
</teiHeader>
<text>
	<front>
		<docTitle>
			<titlePart type="main">LES DEUX ANGLAIS</titlePart>
			<titlePart type="sub">DEUXIÈME PROVERBE.</titlePart>
		</docTitle> 
		<docDate value='1771'>M. DCC. LXVIII. Avec Approbation et Privilège du Roi.</docDate>
		<docAuthor id='CARMONTELLE, Louis de' bio='carmontelle'>de CARMONTELLE.</docAuthor>
		<docImprint>
			<printer id='MERLIN'>À Paris, chez MERLIN, Au bas de la Rue de Harpe, vis à vis de la rue Poupée.</printer>
		</docImprint>
		<performance>
			<premiere date='(inconnue)' location='(inconnue)'></premiere>
		</performance>
	<castList><head>PERSONNAGES</head>
		<castItem><role id="MILORD WITTHAM" sex="1" type="H" statut='aristocrate' age='A' stat_amour='néant'>MILORD WITTHAM</role>.</castItem>
		<castItem><role id="MILORD HENRI" sex="1" type="H" statut='aristocrate' age='A' stat_amour='néant'>MILORD HENRI</role>.</castItem>
	</castList>
<set location='France' country='France' periode='XVIIIème' gps="(N/A)">La scène est dans un café.</set>
<note>Dans PROVERBES DRAMATIQUES, Tome premier, Première partie, 1768.</note>
</front>
<body>
<div1 type="act" n="1"><head>LES DEUX ANGLAIS.</head>
<div2 type="scene" n=""><head>SCÈNE PREMIÈRE. Wittham, se promène en rêvant tristement, Henri se promène de même, et heurte Wittham en le rencontrant.</head> 
<sp who="WITTHAM"><speaker>WITTHAM.</speaker>
<p id="1">
	<s id="1">Vous pouvez vous promener, ainsi que moi, Monsieur ; mais vous me poussez trop fort, et cela est fort mal fait.</s>
</p>
</sp>
<sp who="HENRI"><speaker>HENRI.</speaker>
<p id="2">
	<s id="1">Hé bien, Monsieur, tuez-moi, si vous le trouvez mauvais, cela m'est fort égal ; vous me ferez même grand plaisir ; parce que dans le moment, je vais me jeter dans la rivière.</s>
</p>
</sp>
<sp who="WITTHAM"><speaker>WITTHAM.</speaker>
<p id="3">
	<s id="1">Vous allez vous jeter dans la rivière ?</s>
</p>
</sp>
<sp who="HENRI"><speaker>HENRI.</speaker>
<p id="4">
	<s id="1">Oui, Monsieur.</s>
</p>
</sp>
<sp who="WITTHAM"><speaker>WITTHAM.</speaker>
<p id="5">
	<s id="1">Et moi aussi, Monsieur.</s>
</p>
</sp>
<sp who="HENRI"><speaker>HENRI.</speaker>
<p id="6">
	<s id="1">Vous ?</s>
</p>
</sp>
<sp who="WITTHAM"><speaker>WITTHAM.</speaker>
<p id="7">
	<s id="1">Oui, je vous dis ; mais je trouve fort extraordinaire que vous, vous y alliez aussi.</s>
</p>
</sp>
<sp who="HENRI"><speaker>HENRI.</speaker>
<p id="8">
	<s id="1">Je ne vois pas pourquoi, je suis maître de faire ce qu'il me plaît apparemment.</s>
</p>
</sp>
<sp who="WITTHAM"><speaker>WITTHAM.</speaker>
<p id="9">
	<s id="1">Sûrement ; je ne dispute pas sur la liberté ; mais je trouve seulement, que vous êtes bien jeune pour cela.</s>
</p>
</sp>
<sp who="HENRI"><speaker>HENRI.</speaker>
<p id="10">
	<s id="1">Monsieur, je crois que l'âge ne fait rien ; puisque je n'en suis pas moins malheureux.</s>
</p>
</sp>
<sp who="WITTHAM"><speaker>WITTHAM.</speaker>
<p id="11">
	<s id="1">Et pourquoi, malheureux ?</s>
</p>
</sp>
<sp who="HENRI"><speaker>HENRI.</speaker>
<p id="12">
	<s id="1">J'ai tout perdu, je n'ai point d'autre ressource que la mort.</s>
</p>
</sp>
<sp who="WITTHAM"><speaker>WITTHAM.</speaker>
<p id="13">
	<s id="1">Tout perdu ? </s>
	<s id="2">Ce n'est pas un malheur, je voudrais être comme vous, je suis embarrassé avec tout mon bien, cela il m'ennuie, je ne sais plus que faire, je veux finir cet embarras là, en me noyant.</s>
</p>
</sp>
<sp who="HENRI"><speaker>HENRI.</speaker>
<p id="14">
	<s id="1">Ce n'est pas seulement de l'argent que je perds ; c'est un bonheur dont rien il ne peut me consoler.</s>
</p>
</sp>
<sp who="WITTHAM"><speaker>WITTHAM.</speaker>
<p id="15">
	<s id="1">Je ne comprends pas bien quel bonheur donc vous parlez ; j'ai connu tout ce qu'on appelle bonheur, ils n'en font point.</s>
</p>
</sp>
<sp who="HENRI"><speaker>HENRI.</speaker>
<p id="16">
	<s id="1">Et l'amour, Monsieur ?</s>
</p>
</sp>
<sp who="WITTHAM"><speaker>WITTHAM.</speaker>
<p id="17">
	<s id="1">L'amour ? </s>
	<s id="2">Oui ? </s>
	<s id="3">J'ai entendu parler ; mais je n'ai point trouvé de bon. </s>
	<s id="4">Il y a longtemps que je n'en connais plus.</s>
</p>
</sp>
<sp who="HENRI"><speaker>HENRI.</speaker>
<p id="18">
	<s id="1">Ah ! </s>
	<s id="2">Monsieur, si vous connaissiez Lady...</s>
</p>
</sp>
<sp who="WITTHAM"><speaker>WITTHAM.</speaker>
<p id="19">
	<s id="1">Vous dites, Lady ?...</s>
</p>
</sp>
<sp who="HENRI"><speaker>HENRI.</speaker>
<p id="20">
	<s id="1">Permettez-moi de ne vous la pas nommer.</s>
</p>
</sp>
<sp who="WITTHAM"><speaker>WITTHAM.</speaker>
<p id="21">
	<s id="1">Comme il vous plaît.</s>
</p>
</sp>
<sp who="HENRI"><speaker>HENRI.</speaker>
<p id="22">
	<s id="1">Il y a deux mois que je vis Lady à la campagne chez une de ses parentes, j'eus le bonheur de lui plaire ; son père est très riche, et sans bien. </s>
	<s id="2">Je ne puis me présenter à lui pour épouser sa fille, surtout ne le connaissant pas.</s>
</p>
</sp>
<sp who="WITTHAM"><speaker>WITTHAM.</speaker>
<p id="23">
	<s id="1">Pourquoi ?</s>
</p>
</sp>
<sp who="HENRI"><speaker>HENRI.</speaker>
<p id="24">
	<s id="1">Parce que le vaisseau qui portait tout ce que je possédais à la Jamaïque, vient de périr.</s>
</p>
</sp>
<sp who="WITTHAM"><speaker>WITTHAM.</speaker>
<p id="25">
	<s id="1">Et pour cela, vous allez vous noyer ?</s>
</p>
</sp>
<sp who="HENRI"><speaker>HENRI.</speaker>
<p id="26">
	<s id="1">Sûrement, il vaut mieux finir que de vivre dans le désespoir.</s>
</p>
</sp>
<sp who="WITTHAM"><speaker>WITTHAM.</speaker>
<p id="27">
	<s id="1">Ce n'est point une bonne raison pour mourir je vous dis, il faut être sûr qu'on ne sera plus heureux.</s>
</p>
</sp>
<sp who="HENRI"><speaker>HENRI.</speaker>
<p id="28">
	<s id="1">Et en puis-je douter ?</s>
</p>
</sp>
<sp who="WITTHAM"><speaker>WITTHAM.</speaker>
<p id="29">
	<s id="1">Sûrement, je réponds pour vous ; si c'est du bien qu'il vous faut, j'en ai beaucoup trop, je vous dis, et je vous donne la moitié pour que vous ayez votre Lady, il est restera encore plus qu'il ne faut à ma fille, pour la marier ; et le père de votre Lady, il a tort de vouloir un gendre riche.</s>
</p>
</sp>
<sp who="HENRI"><speaker>HENRI.</speaker>
<p id="30">
	<s id="1">Quel excès de générosité !</s>
</p>
</sp>
<sp who="WITTHAM"><speaker>WITTHAM.</speaker>
<p id="31">
	<s id="1">Non, je ne suis point généreux ; au contraire, je voudrais avoir trouvé un gendre comme vous, qui voulût se charger du poids des affaires que le bien entraîne, je lui donnerais ma fille tout présentement.</s>
</p>
</sp>
<sp who="HENRI"><speaker>HENRI.</speaker>
<p id="21">
	<s id="1">Ah, que Milord Wittham, ne pense-t-il comme vous !</s>
</p>
</sp>
<sp who="WITTHAM"><speaker>WITTHAM.</speaker>
<p id="22">
	<s id="1">Que dites-vous de Milord Wittham ? </s>
	<s id="2">Prenez garde.</s>
</p>
</sp>
<sp who="HENRI"><speaker>HENRI.</speaker>
<p id="23">
	<s id="1">C'est le père de Lady Sophie, que j'aime.</s>
</p>
</sp>
<sp who="WITTHAM"><speaker>WITTHAM.</speaker>
<p id="24">
	<s id="1">Milord Wittham ? </s>
	<s id="2">Hé bien, je suis Milord Wittham, et je trouve fort mal que vous pensiez de moi comme vous avez dit.</s>
</p>
</sp>
<sp who="HENRI"><speaker>HENRI.</speaker>
<p id="25">
	<s id="1">Ah, Milord, je vous demande pardon, je ne vous connaissais pas.</s>
</p>
</sp>
<sp who="WITTHAM"><speaker>WITTHAM.</speaker>
<p id="26">
	<s id="1">Ce n'est point là une raison pour mal penser des gens ; je ne sais point votre nom et je n'en suis pas capable pour cela, à mal penser de vous.</s>
</p>
</sp>
<sp who="HENRI"><speaker>HENRI.</speaker>
<p id="27">
	<s id="1">Je me nomme Henri.</s>
</p>
</sp>
<sp who="WITTHAM"><speaker>WITTHAM.</speaker>
<p id="28">
	<s id="1">Vous êtes fils de Milord Williams ?</s>
</p>
</sp>
<sp who="HENRI"><speaker>HENRI.</speaker>
<p id="29">
	<s id="1">Oui Milord ; vous a-t-il été connu ?</s>
</p>
</sp>
<sp who="WITTHAM"><speaker>WITTHAM.</speaker>
<p id="29">
	<s id="1">Sûrement, il m'a donné à Boston, cinq coups d'épée dont j'ai été fort longtemps malade.</s>
</p>
</sp>
<sp stage="aparte" who="HENRI"><speaker>HENRI, à part.</speaker>
<p id="30">
	<s id="1">Que je suis malheureux !</s>
</p>
</sp>
<sp who="WITTHAM"><speaker>WITTHAM.</speaker>
<p id="31">
	<s id="1">Mais c'était un brave homme, un peu toris ; et j'ai toujours été son ami depuis. </s>
	<s id="2">Allons, je vous donne ma fille et tout mon bien, si vous voulez accepter.</s>
</p>
</sp>
<sp who="HENRI"><speaker>HENRI.</speaker>
<p id="32">
	<s id="1">Quoi, vous consentiriez ?...</s>
</p>
</sp>
<sp who="WITTHAM"><speaker>WITTHAM.</speaker>
<p id="33">
	<s id="1">Oui, je vous dis, à condition que vous prenez tous le bien et que je ne fais plus aucun calcul, que je n'en entends plus parler ; pour lors, je retourne avec vous à Londres.</s>
</p>
</sp>
<sp who="HENRI"><speaker>HENRI.</speaker>
<p id="34">
	<s id="1">Quels remerciements !... </s>
	<s id="2">Vous me donnez Sophie ? </s>
	<s id="3">J'en mourrai de joie.</s>
</p>
</sp>
<sp who="WITTHAM"><speaker>WITTHAM.</speaker>
<p id="35">
	<s id="1">Vous voyez bien que vous n'étiez pas encore dans le moment de mourir dans la rivière.</s>
</p>
</sp>
<sp who="HENRI"><speaker>HENRI.</speaker>
<p id="36">
	<s id="1">Que ne vous devrai-je pas !</s>
</p>
</sp>
<sp who="WITTHAM"><speaker>WITTHAM.</speaker>
<p id="37">
	<s id="1">C'est de l'embarras que je vous donne, et non pas un présent, et avec vous ma fille, je veux vivre encore, et je serai plus content si vous le devenez. </s>
	<s id="2">Allons, partons sur le moment sans perdre plus de temps.</s>
</p>
</sp>
</div2>
</div1>
</body>
</text>
</TEI>
