<?xml version="1.0" encoding="utf-8"?>
<TEI xml:lang="fr">
<teiHeader>
	<fileDesc>
		<titleStmt>
			<title>SORTIE DE LA COMÉDIE FRANÇAISE, PROVERBE</title>
			<author type="texte" ISNI="0000 0000 7977 1756">CARMONTELLE, Louis Carrogis, dit Louis de Carmontelle (1717-1806)</author>
		</titleStmt>
		<publicationStmt>
			<publisher>Texte établi par Paul FIEVRE juin 2018</publisher>
			<publisher>publié par Paul FIEVRE juillet 2018</publisher>
			<idno>CARMONTELLE_PORTRAIT</idno>
			<rights>Creative Commons BY-NC-SA</rights>
		</publicationStmt>
		<SourceDesc>
			<genre>Proverbe</genre>
			<inspiration>moeurs</inspiration>			<structure>Un acte</structure>
			<type>prose</type>
			<periode>1761-1770</periode>
			<taille>(mesure non pertinente)</taille>
			<permalien></permalien>
		</SourceDesc>
</fileDesc>
</teiHeader>
<text>
	<front>
		<docTitle>
			<titlePart type="main">SORTIE DE LA COMÉDIE FRANÇAISE</titlePart>
			<titlePart type="sub">ONZIÈME PROVERBE.</titlePart>
		</docTitle> 
		<docDate value='1771'>M. DCC. LXVIII. Avec Approbation et Privilège du Roi.</docDate>
		<docAuthor id='CARMONTELLE, Louis de' bio='carmontelle'>de CARMONTELLE.</docAuthor>
		<docImprint>
			<printer id='MERLIN'>À Paris, chez MERLIN, Au bas de la Rue de Harpe, vis à vis de la rue Poupée.</printer>
		</docImprint>
		<performance>
			<premiere date='(inconnue)' location='(inconnue)'></premiere>
		</performance>
	<castList><head>PERSONNAGES</head>
		<castItem><role id="MADAME DE VERMONT" sex="2" type="H" statut="aristocrate" age="A" stat_amour='néant'>MADAME DE VERMONT</role>.</castItem>
		<castItem><role id="MADAME DE MIRVILLE" sex="2" type="H" statut="aristocrate" age="A" stat_amour='néant'>MADAME DE MIRVILLE</role>.</castItem>
		<castItem><role id="LE COMTE DE VERSIN" sex="1" type="H" statut="comte" age="A" stat_amour='néant'>LE COMTE DE VERSIN</role>.</castItem>
		<castItem><role id="LE CHEVALIER" sex="1" type="H" statut="chevalier" age="A" stat_amour='néant'>LE CHEVALIER</role>.</castItem>
		<castItem><role id="LE DUC" sex="1" type="H" statut="duc" age="A" stat_amour='néant'>LE DUC</role>.</castItem>
		<castItem><role id="LE MARQUIS" sex="1" type="H" statut="marquis" age="A" stat_amour='néant'>LE MARQUIS</role>.</castItem>
		<castItem><role id="LE VICOMTE" sex="1" type="H" statut="vicomte" age="A" stat_amour='néant'>LE VICOMTE</role>.</castItem>
		<castItem><role id="LE COUREUR DU DUC" sex="1" type="H" statut="domestique" age="A" stat_amour='néant'>LE COUREUR DU DUC</role>.</castItem>
		<castItem><role id="TANCRÈDE" sex="1" type="H" statut="soldat" age="A" stat_amour='néant'>TANCRÈDE</role>, Nègre, Housard au Marquis.</castItem>
		<castItem><role id="LUXEMBOURG" sex="1" type="H" statut="domestique" age="A" stat_amour='néant'>LUXEMBOURG</role>, appelant les gens.</castItem>
	</castList>
<set location="Paris" country="France" periode="XVIIIème" gps="48.856614, 2.352222">La scène est sur l'escalier de la Comédie Française.</set>
<note>Dans PROVERBES DRAMATIQUES, Tome premier, Première partie, 1768.</note>
</front>
<body>
<div1 type="act" n="1"><head>SORTIE DE LA COMÉDIE FRANÇAISE</head>
<div2 type="scene" n="1"><head>SCÈNE PREMIÈRE.</head>
<sp stage="shout" who="MADAME DE VERMONT"><speaker>MADAME DE VERMONT, criant.</speaker>
<p id="1">
	<s id="1">Madame de Mirville, attendez-moi donc, je suis toute seule.</s>
</p>
</sp>
<sp who="MADAME DE MIRVILLE"><speaker>MADAME DE MIRVILLE.</speaker>
<p id="2">
	<s id="1">Hé bien, je vous attends : est-ce que vous n'avez pas le Chevalier ?</s>
</p>
</sp>
<sp who="MADAME DE VERMONT"><speaker>MADAME DE VERMONT.</speaker>
<p id="3">
	<s id="1">Hé, mon Dieu non, je l'ai perdu ; je ne sais ce qu'il est devenu en sortant de la loge.</s>
</p>
</sp>
<sp who="MADAME DE MIRVILLE"><speaker>MADAME DE MIRVILLE.</speaker>
<p id="4">
	<s id="1">Restons ici, si vous m'en croyez. </s>
	<s id="2">Le Comte est allé voir si nos gens font là.</s>
</p>
</sp>
<sp who="MADAME DE VERMONT"><speaker>MADAME DE VERMONT.</speaker>
<p id="5">
	<s id="1">Madame, n'est-ce pas le Duc, qui descend là ?</s>
</p>
</sp>
<sp who="MADAME DE MIRVILLE"><speaker>MADAME DE MIRVILLE.</speaker>
<p id="6">
	<s id="1">C'est lui-même ; il ne veut pas nous voir ; Monsieur_le_Duc, Monsieur_le_Duc ; c'est fort joli de passer comme cela devant les gens, sans les regarder.</s>
</p>
</sp>
<sp who="LE DUC"><speaker>LE DUC.</speaker>
<p id="7">
	<s id="1">Ah, Madame, je me prosterne, je suis furieux de ne vous avoir pas aperçu ; c'est que je regardais si je verrais mon Coureur. </s>
	<s id="2">Est-on allé appeler vos gens ?</s>
</p>
</sp>
<sp who="MADAME DE MIRVILLE"><speaker>MADAME DE MIRVILLE.</speaker>
<p id="8">
	<s id="1">Oui, oui ; restez avec nous, jusqu'à ce qu'on nous avertisse.</s>
</p>
</sp>
<sp who="LE DUC"><speaker>LE DUC.</speaker>
<p id="9">
	<s id="1">Comment, si j'y resterai ! </s>
	<s id="2">Assurément ; je suis comblé, enchanté de cette rencontre ! c'est une bonne fortune pour moi, il y a mille ans que je n'ai eu l'honneur de vous aller chercher : j'y suis pourtant allé un de ces jours ; je ne sais si on vous l'aura dit ; je serai encore assez malheureux pour qu'on m'ait oublié...</s>
</p>
</sp>
<sp who="MADAME DE VERMONT"><speaker>MADAME DE VERMONT.</speaker>
<p id="10">
	<s id="1">Vous ne me dites rien, à moi, Monsieur_le_Duc ?</s>
</p>
</sp>
<sp who="LE DUC"><speaker>LE DUC.</speaker>
<p id="11">
	<s id="1">Comment, je crois que c'est aussi Madame de Vermont !</s>
</p>
</sp>
<sp who="MADAME DE VERMONT"><speaker>MADAME DE VERMONT.</speaker>
<p id="12">
	<s id="1">Oui, vraiment.</s>
</p>
</sp>
<sp who="LE DUC"><speaker>LE DUC.</speaker>
<p id="13">
	<s id="1">En vérité, je suis odieux ! </s>
	<s id="2">Je ne vois rien, je vous demande bien pardon.</s>
</p>
</sp>
<sp who="MADAME DE VERMONT"><speaker>MADAME DE VERMONT.</speaker>
<p id="14">
	<s id="1">Vous me délaissez aussi un peu, Monsieur_le_Duc.</s>
</p>
</sp>
<sp who="LE DUC"><speaker>LE DUC.</speaker>
<p id="15">
	<s id="1">Non, je vous assure, ce n'est pas cela ; mais c'est que je suis toujours à Versailles, à Choisy, à Saint-Hubert... </s>
	<s id="2">Tout mon temps se passe sur les chemins. </s>
	<s id="3">Je regrette bien celui où mais je ne veux pas perdre cet instant ; je ne vous quitterai point, je vous en réponds, que vous ne partiez d'ici.</s>
</p>
</sp>
<sp who="MADAME DE MIRVILLE"><speaker>MADAME DE MIRVILLE.</speaker>
<p id="16">
	<s id="1">C'est bien honnête, cela.</s>
</p>
</sp>
<sp who="LE DUC"><speaker>LE DUC.</speaker>
<p id="17">
	<s id="1">Je suis trop heureux de trouver cette occasion de vous faire ma cour, pour n'en pas profiter le plus longtemps qu'il me sera possible. </s>
	<s id="2">Il faut bien que nous causions un peu.</s>
</p>
</sp>
<sp stage="shout" who="LE COUREUR"><speaker>LE COUREUR, criant.</speaker>
<p id="17">
	<s id="1">Monsieur_le_Duc, voilà votre carrosse.</s>
</p>
</sp>
<sp who="LE DUC"><speaker>LE DUC.</speaker>
<p id="18">
	<s id="1">C'est bon, c'est bon. </s>
	<s id="2">Mesdames, je vois bien que je ne puis vous être bon à rien, j'en suis outre, furieux ! </s>
	<s id="3">Je m'enfuis. </s>
	<s id="4">Demain j'aurai sûrement l'honneur d'aller à votre porte me présenter...</s>
</p>
</sp>
<sp who="MADAME DE MIRVILLE"><speaker>MADAME DE MIRVILLE.</speaker>
<p id="19">
	<s id="1">Justement je soupe chez moi, Madame de Vermont y sera, cela serait bien honnête à vous, si vous veniez.</s>
</p>
</sp>
<sp stage="away" who="LE DUC"><speaker>LE DUC, en s'en allant.</speaker>
<p id="20">
	<s id="1">Sûrement je ferai l'impossible pour vous en aller demander...</s>
</p>
</sp>
<sp who="MADAME DE MIRVILLE"><speaker>MADAME DE MIRVILLE.</speaker>
<p id="21">
	<s id="1">Hé bien, Madame, comment trouvez-vous cela, n'avez-vous pas crû qu'il allait rester avec nous ?</s>
</p>
</sp>
<sp who="MADAME DE VERMONT"><speaker>MADAME DE VERMONT.</speaker>
<p id="22">
	<s id="1">Bon ! </s>
	<s id="2">Voilà comme font à présent tous les hommes.</s>
</p>
</sp>
<sp who="MADAME DE MIRVILLE"><speaker>MADAME DE MIRVILLE.</speaker>
<p id="23">
	<s id="1">Ah, voilà te Chevalier. </s>
</p>
<stage type="closer">Le Chevalier s'approche.</stage>
</sp>
<sp who="MADAME DE VERMONT"><speaker>MADAME DE VERMONT.</speaker>
<p id="24">
	<s id="1">Monsieur le Chevalier, c'est fort honnête, vous me donnez la main pour sortir de la loge, et puis vous me laissez dans la foule. </s>
	<s id="2">Je ne savais ce que vous étiez devenu.</s>
</p>
</sp>
<sp who="LE CHEVALIER"><speaker>LE CHEVALIER.</speaker>
<p id="25">
	<s id="1">J'ai cru, Madame, que vous alliez rester là.</s>
</p>
</sp>
<sp who="MADAME DE VERMONT"><speaker>MADAME DE VERMONT.</speaker>
<p id="26">
	<s id="1">Au milieu du corridor ; n'est-ce pas ?</s>
</p>
</sp>
<sp who="LE CHEVALIER"><speaker>LE CHEVALIER.</speaker>
<p id="27">
	<s id="1">Non, mais... </s>
	<s id="2">C'est que vous avez bien vu l'homme à qui j'ai parlé et qui m'a entraîné ?...</s>
</p>
</sp>
<sp who="MADAME DE VERMONT"><speaker>MADAME DE VERMONT.</speaker>
<p id="28">
	<s id="1">Moi ? </s>
	<s id="2">Je n'ai rien vu.</s>
</p>
</sp>
<sp who="LE CHEVALIER"><speaker>LE CHEVALIER.</speaker>
<p id="29">
	<s id="1">C'est celui qui se mêle de mon affaire pour le Régiment en question ; j'étais trop heureux de le rencontrer.</s>
</p>
</sp>
<sp who="MADAME DE VERMONT"><speaker>MADAME DE VERMONT.</speaker>
<p id="30">
	<s id="1">Hé bien ?</s>
</p>
</sp>
<sp who="LE CHEVALIER"><speaker>LE CHEVALIER.</speaker>
<p id="31">
	<s id="1">Je voulais savoir si ce qu'on m'avait dit, était vrai.</s>
</p>
</sp>
<sp who="MADAME DE VERMONT"><speaker>MADAME DE VERMONT.</speaker>
<p id="32">
	<s id="1">Hum...</s>
</p>
</sp>
<sp who="LE CHEVALIER"><speaker>LE CHEVALIER.</speaker>
<p id="33">
	<s id="1">Mais d'honneur, vous sentez bien que sans cela...</s>
</p>
</sp>
<sp who="MADAME DE VERMONT"><speaker>MADAME DE VERMONT.</speaker>
<p id="34">
	<s id="1">Vous êtes bienheureux que je sois la première à vous justifier.</s>
</p>
</sp>
<sp who="MADAME DE MIRVILLE"><speaker>MADAME DE MIRVILLE.</speaker>
<p id="35">
	<s id="1">Chevalier, qu'est-ce qui descend là ? </s>
	<s id="2">Cela me paraît bien joli !</s>
</p>
</sp>
<sp who="LE CHEVALIER"><speaker>LE CHEVALIER.</speaker>
<p id="36">
	<s id="1">Peste, je le crois bien ; c'est, ma foi, ce que nous avons de mieux.</s>
</p>
</sp>
<sp who="MADAME DE MIRVILLE"><speaker>MADAME DE MIRVILLE.</speaker>
<p id="37">
	<s id="1">Et vous la nommez ?</s>
</p>
</sp>
<sp who="LE CHEVALIER"><speaker>LE CHEVALIER.</speaker>
<p id="38">
	<s id="1">Ernestine ; c'est une Allemande.</s>
</p>
</sp>
<sp who="MADAME DE VERMONT"><speaker>MADAME DE VERMONT.</speaker>
<p id="39">
	<s id="1">Quoi ; c'est là cette beauté que vous nous vantiez tant ? </s>
	<s id="2">Mais regardez donc, Madame ; cela n'est point joli du tout.</s>
</p>
</sp>
<sp who="MADAME DE MIRVILLE"><speaker>MADAME DE MIRVILLE.</speaker>
<p id="40">
	<s id="1">Mais non, vous avez raison ; de loin, elle m'avait paru avoir de l'éclat ; mais ses yeux ne disent rien. </s>
	<s id="2">Sa bouche est pincée ; ah ! </s>
	<s id="3">Elle est hideuse.</s>
</p>
</sp>
<sp who="MADAME DE VERMONT"><speaker>MADAME DE VERMONT.</speaker>
<p id="41">
	<s id="1">C'est ce que je vous dis. </s>
	<s id="2">En vérité, on ne connaît plus rien au goût des hommes.</s>
</p>
</sp>
<sp who="MADAME DE MIRVILLE"><speaker>MADAME DE MIRVILLE.</speaker>
<p id="42">
	<s id="1">Ah, je vous en prie j Madame , voyez un peu le Président, qui gagne la petite porte : comme il a l'air occupé.</s>
</p>
</sp>
<sp who="LE CHEVALIER"><speaker>LE CHEVALIER.</speaker>
<p id="43">
	<s id="1">Je sais bien pourquoi ; c'est qu'il y avait aux secondes loges, quelqu'un à qui il s'intéresse.</s>
</p>
</sp>
<sp who="MADAME DE VERMONT"><speaker>MADAME DE VERMONT.</speaker>
<p id="44">
	<s id="1">Je l'aurais juré ; les hommes ont toujours l'air sot, quand ils suivent leurs filles.</s>
</p>
</sp>
<sp who="LE CHEVALIER"><speaker>LE CHEVALIER.</speaker>
<p id="45">
	<s id="1">Vous ne pouvez pas dire cela du Baron, par exemple.</s>
</p>
</sp>
<sp who="MADAME DE MIRVILLE"><speaker>MADAME DE MIRVILLE.</speaker>
<p id="46">
	<s id="1">Oh, pour celui-là, non ; il donnerait la main droite à une femme de qualité, et l'autre à une danseuse en même-temps ; cela ne lui fait rien du tout ; il vous quitte, vous revient dans l' instant, comme il lui plaît ; cela lui est égal.</s>
</p>
</sp>
<sp who="LE CHEVALIER"><speaker>LE CHEVALIER.</speaker>
<p id="47">
	<s id="1">On le connaît sur ce ton là, on ne lui en veut point de mal.</s>
</p>
</sp>
<sp who="MADAME DE MIRVILLE"><speaker>MADAME DE MIRVILLE.</speaker>
<p id="48">
	<s id="1">La Comte ne revient pas. </s>
	<s id="2">Madame, ne serais-ce pas lui que je vois parler là-bas à deux femmes ?</s>
</p>
</sp>
<sp who="MADAME DE VERMONT"><speaker>MADAME DE VERMONT.</speaker>
<p id="49">
	<s id="1">Je ne vois pas bien.</s>
</p>
</sp>
<sp who="LE MARQUIS"><speaker>LE MARQUIS, arrivant.</speaker>
<p id="50">
	<s id="1">Quoi, Madame, vous étiez ici ! </s>
	<s id="2">Je ne vous ai aperçu nulle part.</s>
</p>
</sp>
<sp who="MADAME DE MIRVILLE"><speaker>MADAME DE MIRVILLE.</speaker>
<p id="51">
	<s id="1">J'étais dans la loge de Madame de Vermont.</s>
</p>
</sp>
<sp who="LE MARQUIS"><speaker>LE MARQUIS.</speaker>
<p id="52">
	<s id="1">Savez-vous que vous êtes éblouissante !</s>
</p>
</sp>
<sp who="MADAME DE MIRVILLE"><speaker>MADAME DE MIRVILLE.</speaker>
<p id="53">
	<s id="1">Oui, on me trouve assez bien mise.</s>
</p>
</sp>
<sp who="LE MARQUIS"><speaker>LE MARQUIS.</speaker>
<p id="54">
	<s id="1">Mais c'est de votre santé que je parle.</s>
</p>
</sp>
<sp who="MADAME DE MIRVILLE"><speaker>MADAME DE MIRVILLE.</speaker>
<p id="55">
	<s id="1">Il est vrai que depuis quelques jours, je me porte assez bien.</s>
</p>
</sp>
<sp who="LE MARQUIS"><speaker>LE MARQUIS.</speaker>
<p id="56">
	<s id="1">Mais je dis... </s>
	<s id="2">On n'a jamais été comme cela. </s>
	<s id="3">Y a-t-il longtemps que vous attendez ? </s>
	<s id="4">Vous êtes bien mal là.</s>
</p>
</sp>
<sp who="MADAME DE MIRVILLE"><speaker>MADAME DE MIRVILLE.</speaker>
<p id="57">
	<s id="1">Pour cela, oui. </s>
	<s id="2">Dites-moi un peu, connoissez-vous ces deux femmes qui font là-bas, tout près de la porte ?</s>
</p>
</sp>
<sp who="LE MARQUIS"><speaker>LE MARQUIS.</speaker>
<p id="58">
	<s id="1">Oui, c'est la Présidente de Guerville, et l'autre Madame de... de... j'oublie toujours son nom, une intendante.</s>
</p>
</sp>
<sp who="MADAME DE MIRVILLE"><speaker>MADAME DE MIRVILLE.</speaker>
<p id="59">
	<s id="1">Quoi, Madame de Préval ?</s>
</p>
</sp>
<sp who="LE MARQUIS"><speaker>LE MARQUIS.</speaker>
<p id="60">
	<s id="1">Justement ; elle est fort jolie.</s>
</p>
</sp>
<sp who="MADAME DE MIRVILLE"><speaker>MADAME DE MIRVILLE.</speaker>
<p id="61">
	<s id="1">Comme cela. </s>
	<s id="2">Et connaissez-vous l'homme qui leur parle ? </s>
	<s id="3">Je ne puis pas le voir.</s>
</p>
</sp>
<sp who="LE MARQUIS"><speaker>LE MARQUIS.</speaker>
<p id="62">
	<s id="1">Oui ; c'est le Comte de Versin : il est très amoureux de Madame de Préval.</s>
</p>
</sp>
<sp who="MADAME DE MIRVILLE"><speaker>MADAME DE MIRVILLE.</speaker>
<p id="63">
	<s id="1">Le Comte ?</s>
</p>
</sp>
<sp who="LE MARQUIS"><speaker>LE MARQUIS.</speaker>
<p id="64">
	<s id="1">Ma foi, on me l'a assuré, et des gens bien instruits...</s>
</p>
</sp>
<sp who="MADAME DE MIRVILLE"><speaker>MADAME DE MIRVILLE.</speaker>
<p id="65">
	<s id="1">Et depuis quand ?</s>
</p>
</sp>
<sp who="LE MARQUIS"><speaker>LE MARQUIS.</speaker>
<p id="66">
	<s id="1">Je ne vous dirai pas trop ; mais il me semble qu'on m'a dit qu'il y avait plus de huit jours que c'était une affaire arrangée.</s>
</p>	
</sp>
<sp stage="entrance/touch" who="LE VICOMTE"><speaker>LE VICOMTE arrivant, frappant sur l' épaule da Marquis.</speaker>
<p id="67">
	<s id="1">Bonjour, Marquis, attends-tu ton carrosse ?</s>
</p>
</sp>
<sp who="LE MARQUIS"><speaker>LE MARQUIS.</speaker>
<p id="68">
	<s id="1">Oui. </s>
	<s id="2">Écoute donc, Vicomte.</s>
</p>
<stage type="pull">Il le prend sous le bras, et il lui parle à l'oreille.</stage>
<p id="69">
	<s id="1">Je viens de faire une bonne tracasserie. </s>
	<s id="2">Tu sais que Madame de Mirville a Versin ?</s>
</p>
</sp>
<sp who="LE VICOMTE"><speaker>LE VICOMTE.</speaker>
<p id="69">
	<s id="1">Oui.</s>
</p>
</sp>
<sp who="LE MARQUIS"><speaker>LE MARQUIS.</speaker>
<p id="70">
	<s id="1">Qu'elle est très jalouse ? </s>
	<s id="2">Elle vient de me demander ce qu'il faisait là-bas avec ces deux femmes. </s>
	<s id="3">Je lui ai dit que c'est qu'il est amoureux fou de Madame de Préval, que c'etait une affaire arrangée, et elle le croit.</s>
</p>
</sp>
<sp who="LE VICOMTE"><speaker>LE VICOMTE.</speaker>
<p id="71">
	<s id="1">Ah, c'est très bon ! </s>
	<s id="2">Tu es un homme charmant ! </s>
	<s id="3">Veux-tu que je te remène ?</s>
</p>
</sp>
<sp who="LE MARQUIS"><speaker>LE MARQUIS.</speaker>
<p id="72">
	<s id="1">Non, je veux voir un peu ce que deviendra ceci. </s>
	<s id="2">Ta broderie est jolie.</s>
</p>
</sp>
<sp who="LE VICOMTE"><speaker>LE VICOMTE.</speaker>
<p id="73">
	<s id="1">Oui, pas mal. </s>
	<s id="2">As-tu joué à la paume aujourd'hui ?</s>
</p>
</sp>
<sp who="LE MARQUIS"><speaker>LE MARQUIS.</speaker>
<p id="74">
	<s id="1">Non, j'ai essayé mes nouveaux Anglais.</s>
</p>
</sp>
<sp who="LE VICOMTE"><speaker>LE VICOMTE.</speaker>
<p id="75">
	<s id="1">Comme cela, tu ne sais pas ce qu'ils ont fait ? </s>
	<s id="2">Ah, voilà le Chevalier. </s>
	<s id="3">Chevalier, soupes-tu, ce soir, à la Nouvelle-France.</s>
</p>
</sp>
<sp who="LE CHEVALIER"><speaker>LE CHEVALIER.</speaker>
<p id="76">
	<s id="1">Non, certainement : il y a mille ans que je n'y ai été, et je n'irai même plus.</s>
</p>
</sp>
<sp who="LE VICOMTE"><speaker>LE VICOMTE.</speaker>
<p id="77">
	<s id="1">Ah, ce n'est pas à moi qu'il faut dire cela.</s>
</p>
</sp>
<sp who="MADAME DE VERMONT"><speaker>MADAME DE VERMONT, au Chevalier.</speaker>
<p id="78">
	<s id="1">Qu'est-ce que cela veut dire, Monsieur, quoi vous soupez encore avec des filles ? </s>
	<s id="2">Allez, je ne veux plus vous voir.</s>
</p>
</sp>
<sp who="LE CHEVALIER"><speaker>LE CHEVALIER.</speaker>
<p id="79">
	<s id="1">Quelle folie ! </s>
	<s id="2">Comment, vous allez croire... </s>
	<s id="3">Hé, mais fi donc !</s>
</p>
</sp>
<sp who="LE VICOMTE"><speaker>LE VICOMTE, au Chevalier.</speaker>
<p id="80">
	<s id="1">Tu as entendu ? </s>
	<s id="2">Je me fuis diverti, et voilà le Chevalier qui est querellé à présent.</s>
</p>
</sp>
<sp who="LE MARQUIS"><speaker>LE MARQUIS.</speaker>
<p id="81">
	<s id="1">J'attends le Comte.</s>
</p>
</sp>
<sp who="MADAME DE MIRVILLE"><speaker>MADAME DE MIRVILLE.</speaker>
<p id="82">
	<s id="1">En vérité, il est odieux d'attendre si longtemps son carrosse ! </s>
	<s id="2">Chevalier, voyez donc un peu. </s>
	<s id="3">J'ai une migraine insupportable.</s>
</p>
</sp>
<sp who="MADAME DE VERMONT"><speaker>MADAME DE VERMONT.</speaker>
<p id="83">
	<s id="1">Cette sortie-ci est mortelle ! </s>
	<s id="2">Le froid vous aura saisi.</s>
</p>
</sp>
<sp who="LE COMTE"><speaker>LE COMTE, offrant la main à Madame de Mirville.</speaker>
<p id="84">
	<s id="1">Allons, Mesdames, voulez-vous bien venir ? </s>
	<s id="2">Madame, qu'avez-vous donc ?</s>
</p>
</sp>
<sp who="MADAME DE MIRVILLE"><speaker>MADAME DE MIRVILLE.</speaker>
<p id="85">
	<s id="1">Quoi, devant moi, vous avez la hardiesse !... </s>
	<s id="2">Allez, vous méritez... </s>
	<s id="3">Je n'en puis plus !</s>
</p>
</sp>
<sp stage="shout" who="LUXEMBOURG"><speaker>LUXEMBOURG, criant.</speaker>
<p id="86">
	<s id="1">Madame de Mirville, Madame de Mirville.</s>
</p>
</sp>
<sp who="LE COMTE"><speaker>LE COMTE.</speaker>
<p id="87">
	<s id="1">Mais, Madame, que voulez-vous donc dire ?</s>
</p>
</sp>
<sp stage="shout" who="LUXEMBOURG"><speaker>LUXEMBOURG, criant.</speaker>
<p id="88">
	<s id="1">Le carrosse de Madame de Mirville.</s>
</p>
</sp>
<sp who="LE COMTE"><speaker>LE COMTE.</speaker>
<p id="89">
	<s id="1">Allons, la voilà.</s>
</p>
</sp>
<sp stage="shout" who="LUXEMBOURG"><speaker>LUXEMBOURG, criant.</speaker>
<p id="90">
	<s id="1">Madame de Mirville, Madame de Mirville, votre carrosse.</s>
</p>
</sp>
<sp who="LE CHEVALIER"><speaker>LE CHEVALIER.</speaker>
<p id="91">
	<s id="1">Veux-tu bien te taire.</s>
</p>
<stage type="exit">Ils s'en vont.</stage>
</sp>
<sp who="LE MARQUIS"><speaker>LE MARQUIS.</speaker>
<p id="92">
	<s id="1">Hé bien, cela n'a pas mal réussi, comme tu vois.</s>
</p>
</sp>
<sp who="LE VICOMTE"><speaker>LE VICOMTE.</speaker>
<p id="93">
	<s id="1">À merveilles ! Où soupes-tu ce soir ?</s>
</p>
</sp>
<sp who="LE MARQUIS"><speaker>LE MARQUIS.</speaker>
<p id="94">
	<s id="1">Ma foi, je n'en sais rien, je l'ai oublié.</s>
</p>
</sp>
<sp who="LE VICOMTE"><speaker>LE VICOMTE.</speaker>
<p id="95">
	<s id="1">N'est-il pas bien tard ?</s>
</p>
</sp>
<sp who="LE MARQUIS"><speaker>LE MARQUIS.</speaker>
<p id="96">
	<s id="1">Non.</s>
</p>
</sp>
<sp who="LE VICOMTE"><speaker>LE VICOMTE.</speaker>
<p id="97">
	<s id="1">J'ai envie d'aller chez la Maréchale, viens-y.</s>
</p>
</sp>
<sp who="LE MARQUIS"><speaker>LE MARQUIS.</speaker>
<p id="98">
	<s id="1">Je le veux bien. </s>
	<s id="2">Mon carrosse est-il là, Tancrède ?</s>
</p>
</sp>
<sp who="TANCRÈDE"><speaker>TANCRÈDE.</speaker>
<p id="99">
	<s id="1">Oui, Monsieur_le_Marquis, et celui de Monsieur le Vicomte aussi. Ils se suivent.</s>
</p>
</sp>
<sp who="LE VICOMTE"><speaker>LE VICOMTE.</speaker>
<p id="100">
	<s id="1">Hé bien, montons dans le tien, le mien viendra comme il voudra.</s>
</p>
</sp>
<sp who="LE MARQUIS"><speaker>LE MARQUIS.</speaker>
<p id="101">
	<s id="1">Je le veux bien ; allons, passe. </s>
	<s id="2">Chez la Maréchale.</s>
</p>
<stage type="up/ride">Ils montent en carrosse.</stage>
</sp>
</div2>
</div1>
</body>
</text>
</TEI>