<?xml version="1.0" encoding="utf-8"?>
<TEI xml:lang="fr">
<teiHeader>
	<fileDesc>
		<titleStmt>
			<title>LE PORTRAIT, PROVERBE</title>
			<author type="texte" ISNI="0000 0000 7977 1756">CARMONTELLE, Louis Carrogis, dit Louis de Carmontelle (1717-1806)</author>
		</titleStmt>
		<publicationStmt>
			<publisher>Texte établi par Paul FIEVRE juin 2018</publisher>
			<publisher>publié par Paul FIEVRE juillet 2018</publisher>
			<idno>CARMONTELLE_PORTRAIT</idno>
			<rights>Creative Commons BY-NC-SA</rights>
		</publicationStmt>
		<SourceDesc>
			<genre>Proverbe</genre>
			<inspiration>moeurs</inspiration>			<structure>Un acte</structure>
			<type>prose</type>
			<periode>1761-1770</periode>
			<taille>(mesure non pertinente)</taille>
			<permalien></permalien>
		</SourceDesc>
</fileDesc>
</teiHeader>
<text>
	<front>
		<docTitle>
			<titlePart type="main">LE PORTRAIT</titlePart>
			<titlePart type="sub">HUITIÈME PROVERBE.</titlePart>
		</docTitle> 
		<docDate value='1771'>M. DCC. LXVIII. Avec Approbation et Privilège du Roi.</docDate>
		<docAuthor id='CARMONTELLE, Louis de' bio='carmontelle'>de CARMONTELLE.</docAuthor>
		<docImprint>
			<printer id='MERLIN'>À Paris, chez MERLIN, Au bas de la Rue de Harpe, vis à vis de la rue Poupée.</printer>
		</docImprint>
		<performance>
			<premiere date='(inconnue)' location='(inconnue)'></premiere>
		</performance>
	<castList><head>PERSONNAGES</head>
		<castItem><role id="MONSIEUR BERNARD" sex="1" type="H" statut="peintre" age="A" stat_amour='néant'>MONSIEUR BERNARD</role>, Peintre en Portrait.</castItem>
		<castItem><role id="MONSIEUR DURBAIN" sex="1" type="H" statut="peintre" age="A" stat_amour='néant'>MONSIEUR DURBAIN</role>, Peintre en Histoire.</castItem>
		<castItem><role id="COMTESSE DE MINEVILLE" sex="2" type="H" statut="comte" age="A" stat_amour='néant'>LA COMTESSE DE MINEVILLE</role>.</castItem>
		<castItem><role id="COMTE DE MINEVILLE" sex="1" type="H" statut="comte" age="A" stat_amour='néant'>LE COMTE DE MINEVILLE</role>.</castItem>
		<castItem><role id="LA PRÉSIDENTE DE BERMONT" sex="2" type="H" statut="aristocrate" age="A" stat_amour='néant'>LA PRÉSIDENTE DE BERMONT</role>.</castItem>
		<castItem><role id="L'ABBÉ DES EGARDS" sex="1" type="H" statut="abbé" age="A" stat_amour='néant'>L'ABBÉ DES EGARDS</role>.</castItem>
		<castItem><role id="LE CHEVALIER DE ROUVIÈRE" sex="1" type="H" statut="chevalier" age="A" stat_amour='néant'>LE CHEVALIER DE ROUVIÈRE</role>.</castItem>
		<castItem><role id="LE BARON D'ORBAN" sex="1" type="H" statut="baron" age="A" stat_amour='néant'>LE BARON D'ORBAN</role>, Amateur.</castItem>
		<castItem><role id="CHAMPAGNE" sex="1" type="H" statut="laquais" age="A" stat_amour='néant'>CHAMPAGNE</role>, Laquais.</castItem>
		<castItem><role id="COMTOIS" sex="1" type="H" statut="laquais" age="A" stat_amour='néant'>COMTOIS</role>, Laquais.</castItem>
		<castItem><role id="LA FRANCE" sex="1" type="H" statut="cocher" age="A" stat_amour='néant'>LA FRANCE</role>, Cocher.</castItem>
		<castItem><role id="GERMAIN" sex="1" type="H" statut="peintre" age="A" stat_amour='néant'>GERMAIN</role>, élève de Monsieur Bernard.</castItem>
	</castList>
<set location='France' country='France' periode='XVIIIème' gps="(N/A)">La scène est dans l'atelier de Monsieur Bernard, où il y a un portrait de femme sur un chevalet, et beaucoup d'autres portraits, autour de l'atelier.</set>
<note>Dans PROVERBES DRAMATIQUES, Tome premier, Première partie, 1768.</note>
</front>
<body>
<div1 type="act" n="1"><head>LE PORTRAIT</head>
<div2 type="scene" n="1"><head>SCÈNE PREMIÈRE. La Comtesse, Henriette.</head>
<sp who="MONSIEUR BERNARD"><speaker>MONSIEUR BERNARD, se promenant, regardant à la fenêtre, revenant au Portrait qui est Sur le chevalet et s'impatientant.</speaker>
<p id="1">
	<s id="1">Il se fait déjà tard. </s>
	<s id="2">La peste soit des femmes elles ne finissent jamais rien : si le temps se couvre, c'est une après-midi de perdue. </s>
	<s id="3">Le jour s'en va ; mais j'entends quelqu'un ; j'avais tort de me fâcher, c'est elle sans doute. </s>
	<s id="4">Le Soleil est encore haut, et j'aurai le temps de faire une bonne séance. </s>
	<s id="5">Bon, je me trompais, c'est Monsieur Durbain.</s>
</p>
</sp>
</div2>
<div2 type="scene" n="2"><head>SCÈNE II. Monsieur Bernard, Monsieur Durbain.</head>
<sp who="MONSIEUR DURBAIN"><speaker>MONSIEUR DURBAIN.</speaker>
<p id="1">
	<s id="1">Bonjour, mon ami ; que faites-vous donc là ?</s>
</p>
</sp>
<sp who="MONSIEUR BERNARD"><speaker>MONSIEUR BERNARD.</speaker>
<p id="2">
	<s id="1">Rien ; j'attends une diable de femme qui m'a déjà manqué de parole cinq ou six fois ; elle me fait perdre plus de temps...</s>
</p>
</sp>
<sp who="MONSIEUR DURBAIN"><speaker>MONSIEUR DURBAIN.</speaker>
<p id="3">
	<s id="1">Il faut faire des esquisses en attendant.</s>
</p>
</sp>
<sp who="MONSIEUR BERNARD"><speaker>MONSIEUR BERNARD.</speaker>
<p id="4">
	<s id="1">C'est bon pour vous qui peignez l'Histoire ; mais nous autres Peintres de Portraits ; à quoi cela nous servirait-il ?</s>
</p>
</sp>
<sp who="MONSIEUR DURBAIN"><speaker>MONSIEUR DURBAIN.</speaker>
<p id="5">
	<s id="1">Qu'est-ce que vous avez-là sur votre chevalet ?</s>
</p>
</sp>
<sp who="MONSIEUR BERNARD"><speaker>MONSIEUR BERNARD.</speaker>
<p id="6">
	<s id="1">C'est cette Comtesse de Mineville, que j'attends.</s>
</p>
</sp>
<sp who="MONSIEUR DURBAIN"><speaker>MONSIEUR DURBAIN.</speaker>
<p id="7">
	<s id="1">Ah, ah, voilà qui est très bien ! </s>
	<s id="2">Le fond est d'un bon ton, très-vaporeux ; mais c'est fini ?</s>
</p>
</sp>
<sp who="MONSIEUR BERNARD"><speaker>MONSIEUR BERNARD.</speaker>
<p id="8">
	<s id="1">Oui, fini, et la ressemblance dont on n'est jamais content. .</s>
</p>
</sp>
<sp who="MONSIEUR DURBAIN"><speaker>MONSIEUR DURBAIN.</speaker>
<p id="9">
	<s id="1">Ah ! </s>
	<s id="2">Qu'ils s'accommodent.</s>
</p>
</sp>
<sp who="MONSIEUR BERNARD"><speaker>MONSIEUR BERNARD.</speaker>
<p id="10">
	<s id="1">Cela vous est bien aisé à dire ; on voit bien que vous ne peignez pas le Portrait.</s>
</p>
</sp>
<sp who="MONSIEUR DURBAIN"><speaker>MONSIEUR DURBAIN.</speaker>
<p id="11">
	<s id="1">J'en ferais, si je voulais ; mais je n'aurais jamais cette patience-là ; pourvu que je mette dans mes têtes l'expression que je veux qu'elles aient ; c'est tout ce qu'il me faut.</s>
</p>
</sp>
<sp who="MONSIEUR BERNARD"><speaker>MONSIEUR BERNARD.</speaker>
<p id="12">
	<s id="1">Vous avez raison. </s>
	<s id="2">Hé bien, nous autres, nous mettrions toutes les expressions, les minauderies et les grimaces qu'une femme peut faire, je vous réponds qu'on ne ferait pas encore content.</s>
</p>
</sp>
<sp who="MONSIEUR DURBAIN"><speaker>MONSIEUR DURBAIN.</speaker>
<p id="13">
	<s id="1">C'est aussi trop fort.</s>
</p>
</sp>
<sp who="MONSIEUR BERNARD"><speaker>MONSIEUR BERNARD.</speaker>
<p id="14">
	<s id="1">Tenez, vous vous souvenez bien de cette jeune mariée que vous trouvâtes ici un jour, qui vous parut si jolie et que vous disiez que vous voudriez bien avoir pour faire une tête de Vénus ?</s>
</p>
</sp>
<sp who="MONSIEUR DURBAIN"><speaker>MONSIEUR DURBAIN.</speaker>
<p id="15">
	<s id="1">Ah, oui, oui, je me rappelle ; charmante, fraîche, on voit couler le sang sous la peau, la colorer, l'animer !</s>
</p>
</sp>
<sp who="MONSIEUR BERNARD"><speaker>MONSIEUR BERNARD.</speaker>
<p id="16">
	<s id="1">Hé bien, elle a le plus vilain mâtin de mari, qu'on puisse rencontrer.</s>
</p>
</sp>
<sp who="MONSIEUR DURBAIN"><speaker>MONSIEUR DURBAIN.</speaker>
<p id="17">
	<s id="1">Cette femme là ?</s>
</p>
</sp>
<sp who="MONSIEUR BERNARD"><speaker>MONSIEUR BERNARD.</speaker>
<p id="18">
	<s id="1">Oui, cette femme là. J'en ai fait le portrait de ce mari, et très ressemblant, même trop en beau. </s>
	<s id="2">Cette diable de femme, d'abord en paraissait enchantée ; cependant à force de réflexions, elle se refroidit sur ce portrait : je le regarde ; je n'y vois rien de changé ; je la presse de me dire ce qu'elle y trouve ; elle hésite, regarde son mari tendrement, il riposte par la plus hideuse grimace, se croyant charmant, et elle s'écrie tout d'un coup, non, ce ne font pas là les petits yeux de mon mari quand il me regarde.</s>
</p>
</sp>
<sp who="MONSIEUR DURBAIN"><speaker>MONSIEUR DURBAIN.</speaker>
<p id="19">
	<s id="1">Ah, quel peste de conte !</s>
</p>
</sp>
<sp who="MONSIEUR BERNARD"><speaker>MONSIEUR BERNARD.</speaker>
<p id="20">
	<s id="1">D'honneur, rien n'est plus vrai ; le portrait m'est resté.</s>
</p>
</sp>
<sp who="MONSIEUR DURBAIN"><speaker>MONSIEUR DURBAIN.</speaker>
<p id="21">
	<s id="1">J'enverrais le métier à tous les diables.</s>
</p>
</sp>
<sp who="MONSIEUR BERNARD"><speaker>MONSIEUR BERNARD.</speaker>
<p id="22">
	<s id="1">J'en ai été tenté bien des fois ; mais il faut vivre ; si j'étais garçon, avec un peu de Philosophie, je me tirerais d'affaires.</s>
</p>
</sp>
<sp who="MONSIEUR DURBAIN"><speaker>MONSIEUR DURBAIN.</speaker>
<p id="23">
	<s id="1">Oui, vous avez raison. </s>
	<s id="2">J'entends quelqu'un. '</s>
</p>
</sp>
<sp who="MONSIEUR BERNARD"><speaker>MONSIEUR BERNARD.</speaker>
<p id="24">
	<s id="1">C'est peut-être elle. </s>
	<s id="2">Non, c'est l'Abbé des Egards.</s>
</p>
</sp>
</div2>
<div2 type="scene" n="3"><head>SCÈNE III. Monsieur Bernard, L'Abbé, Monsieur Durbain.</head>
<sp who="L'ABBÉ"><speaker>L'ABBÉ.</speaker>
<p id="1">
	<s id="1">Bonjour, Monsieur Bernard, à Monsieur Durbain, Monsieur, je suis votre serviteur. </s>
	<s id="2">Hé bien, la Comtesse n'est pas encore venue ?</s>
</p>
</sp>
<sp who="MONSIEUR BERNARD"><speaker>MONSIEUR BERNARD.</speaker>
<p id="2">
	<s id="1">Non, Monsieur, il y a deux heures que je t'attends.</s>
</p>
</sp>
<sp who="L'ABBÉ"><speaker>L'ABBÉ.</speaker>
<p id="3">
	<s id="1">Elle est étonnante ! </s>
	<s id="2">Avez-vous du tabac ? </s>
	<s id="3">Le mien est un peu sec, mon laquais a oublié de m'en donner avant de sortir.</s>
</p>
</sp>
<sp who="MONSIEUR DURBAIN"><speaker>MONSIEUR DURBAIN.</speaker>
<p id="4">
	<s id="1">Monsieur l'Abbé, si vous voulez du mien, il n'est pas mauvais.</s>
</p>
</sp>
<sp who="L'ABBÉ"><speaker>L'ABBÉ.</speaker>
<p id="5">
	<s id="1">Volontiers. </s>
</p>
<stage type="">Prenant du tabac.</stage>
<p id="6">
	<s id="1">Il est très-bon. </s>
	<s id="2">Hé bien, le portrait ?</s>
</p>
</sp>
<sp who="MONSIEUR BERNARD"><speaker>MONSIEUR BERNARD.</speaker>
<p id="7">
	<s id="1">Le voilà.</s>
</p>
</sp>
<sp who="L'ABBÉ"><speaker>L'ABBÉ.</speaker>
<p id="8">
	<s id="1">À merveilles ! </s>
	<s id="2">C'est cela. </s>
	<s id="3">Elle trouve pourtant la bouche un peu grande, et il me semble que vous pourriez...</s>
</p>
</sp>
<sp who="MONSIEUR BERNARD"><speaker>MONSIEUR BERNARD.</speaker>
<p id="9">
	<s id="1">Mais, Monsieur, on veut qu'elle rie.</s>
</p>
</sp>
<sp who="L'ABBÉ"><speaker>L'ABBÉ.</speaker>
<p id="10">
	<s id="1">Oui, j'entends bien ; cependant...</s>
</p>
</sp>
<sp who="MONSIEUR BERNARD"><speaker>MONSIEUR BERNARD.</speaker>
<p id="11">
	<s id="1">Si je la diminue, elle fera sérieuse, ou le portrait ne ressemblera pas.</s>
</p>
</sp>
<sp who="L'ABBÉ"><speaker>L'ABBÉ.</speaker>
<p id="12">
	<s id="1">Vous avez raison, je lui ai dit tout cela ; c'est le diable avec les femmes, n'est-ce pas Monsieur Bernard ?</s>
</p>
</sp>
<sp who="MONSIEUR BERNARD"><speaker>MONSIEUR BERNARD.</speaker>
<p id="13">
	<s id="1">Ah, Monsieur, à qui le dites-vous ?</s>
</p>
</sp>
<sp who="L'ABBÉ"><speaker>L'ABBÉ.</speaker>
<p id="14">
	<s id="1">Ne pourriez-vous pas agrandir un peu les yeux ?</s>
</p>
</sp>
<sp who="MONSIEUR BERNARD"><speaker>MONSIEUR BERNARD.</speaker>
<p id="15">
	<s id="1">Mais, Monsieur l'Abbé, en conscience les a-t-elle aussi grands qu'ils font là ?</s>
</p>
</sp>
<sp who="L'ABBÉ"><speaker>L'ABBÉ.</speaker>
<p id="16">
	<s id="1">Je sais bien que non ; mais pour la contenter, si vous pouviez...</s>
</p>
</sp>
<sp who="MONSIEUR DURBAIN"><speaker>MONSIEUR DURBAIN.</speaker>
<p id="17">
	<s id="1">Ne voyez-vous pas Monsieur l'Abbé, qu'il n'y aurait plus de proportions dans cette tête ; puisque le portrait ressemble et qu'il est agréable, que veut-on de plus ?</s>
</p>
</sp>
<sp who="L'ABBÉ"><speaker>L'ABBÉ.</speaker>
<p id="18">
	<s id="1">Moi, je pense comme vous, je leur ai dit. </s>
	<s id="2">Ah, je crois pourtant que la voilà. </s>
	<s id="3">Je vais au devant d'elle.</s>
</p>
</sp>
<sp who="MONSIEUR DURBAIN"><speaker>MONSIEUR DURBAIN.</speaker>
<p id="19">
	<s id="1">Adieu, mon ami, je te souhaite de la patience.</s>
</p>
</sp>
<sp who="MONSIEUR BERNARD"><speaker>MONSIEUR BERNARD.</speaker>
<p id="20">
	<s id="1">J'en ai grand besoin.</s>
</p>
</sp>
<sp who="MONSIEUR DURBAIN"><speaker>MONSIEUR DURBAIN.</speaker>
<p id="21">
	<s id="1">Je m'en vais à l'Académie : viendras-tu souper avec nous ?</s>
</p>
</sp>
<sp who="MONSIEUR BERNARD"><speaker>MONSIEUR BERNARD.</speaker>
<p id="22">
	<s id="1">Je ne sais pas, je ferai ce que je pourrai.</s>
</p>
</sp>
</div2>
<div2 type="scene" n="4"><head>SCÈNE IV. La Comtesse, Le Chevalier, L'Abbé, Monsieur Bernard.</head>
<sp who="LA COMTESSE"><speaker>LA COMTESSE.</speaker>
<p id="1">
	<s id="1">Monsieur Bernard, je crois que vous allez bien me gronder.</s>
</p>
</sp>
<sp who="MONSIEUR BERNARD"><speaker>MONSIEUR BERNARD.</speaker>
<p id="2">
	<s id="1">Madame...</s>
</p>
</sp>
<sp who="LA COMTESSE"><speaker>LA COMTESSE.</speaker>
<p id="3">
	<s id="1">C'est affreux, la quantité de choses que j'ai eu à faire aujourd'hui.</s>
</p>
</sp>
<sp who="L'ABBÉ"><speaker>L'ABBÉ.</speaker>
<p id="4">
	<s id="1">Il est vrai, Madame_la_Comtesse, que personne au monde, n'est continuellement si occupé que vous.</s>
</p>
</sp>
<sp who="LA COMTESSE"><speaker>LA COMTESSE.</speaker>
<p id="5">
	<s id="1">J'ai cru que la tête m'en tournerait, et je n'ai rien fini encore. </s>
	<s id="2">Je n'ai pas trouvé un seul taffetas de joli, ils sont tous affreux cette année. </s>
	<s id="3">Il faudra que je m'en fasse apporter d'autres demain.</s>
</p>
</sp>
<sp who="L'ABBÉ"><speaker>L'ABBÉ.</speaker>
<p id="6">
	<s id="1">Avez-vous vu ceux de Madame de Mortiere ?</s>
</p>
</sp>
<sp who="LA COMTESSE"><speaker>LA COMTESSE.</speaker>
<p id="7">
	<s id="1">Vous parlez-là d'horreur, l'Abbé ; allons, vous n'avez pas de goût.</s>
</p>
</sp>
<sp who="L'ABBÉ"><speaker>L'ABBÉ.</speaker>
<p id="8">
	<s id="1">Pouvez-vous me dire cela, à moi, qui suis un de vos plus grands admirateurs.</s>
</p>
</sp>
<sp who="LA COMTESSE"><speaker>LA COMTESSE.</speaker>
<p id="9">
	<s id="1">Monsieur Bernard, où faut-il que je me mette ?</s>
</p>
</sp>
<sp who="MONSIEUR BERNARD"><speaker>MONSIEUR BERNARD.</speaker>
<p id="10">
	<s id="1">Ici, Madame.</s>
</p>
<stage type="show">Il lui montre.</stage>
</sp>
<sp who="LA COMTESSE"><speaker>LA COMTESSE.</speaker>
<p id="11">
	<s id="1">Comme cela ?</s>
</p>
</sp>
<sp who="MONSIEUR BERNARD"><speaker>MONSIEUR BERNARD.</speaker>
<p id="12">
	<s id="1">Un peu plus de ce côté-ci ; à gauche.</s>
</p>
</sp>
<sp who="LA COMTESSE"><speaker>LA COMTESSE.</speaker>
<p id="13">
	<s id="1">Du côté de la porte ?</s>
</p>
</sp>
<sp who="MONSIEUR BERNARD"><speaker>MONSIEUR BERNARD.</speaker>
<p id="14">
	<s id="1">Non, Madame, au contraire.</s>
</p>
</sp>
<sp who="LA COMTESSE"><speaker>LA COMTESSE.</speaker>
<p id="15">
	<s id="1">Ah, oui, vous avez raison ; c'est à droite , je ne sais ce que je dis. </s>
	<s id="2">Vous me trouverez les yeux bien petits aujourd'hui, Monsieur Bernard, je n'ai pas dormi de la nuit. </s>
	<s id="3">Où est donc le Chevalier ? </s>
	<s id="4">Ah, le voilà.</s>
</p>
</sp>
<sp who="MONSIEUR BERNARD"><speaker>MONSIEUR BERNARD.</speaker>
<p id="16">
	<s id="1">Madame, si vous vouliez seulement me donner un quart d'heure sans remuer, cela serait plutôt fini.</s>
</p>
</sp>
<sp who="LA COMTESSE"><speaker>LA COMTESSE.</speaker>
<p id="17">
	<s id="1">Oh, tant que vous voudrez ; mais il faut que j'aille à l'Opéra aujourd'hui. </s>
	<s id="2">Me tiens-je bien ?</s>
</p>
</sp>
<sp who="MONSIEUR BERNARD"><speaker>MONSIEUR BERNARD.</speaker>
<p id="18">
	<s id="1">À merveilles.</s>
</p>
</sp>
<sp who="LA COMTESSE"><speaker>LA COMTESSE.</speaker>
<p id="19">
	<s id="1">Je me tiendrais comme cela tout le jour.</s>
</p>
</sp>
<sp who="MONSIEUR BERNARD"><speaker>MONSIEUR BERNARD.</speaker>
<p id="20">
	<s id="1">Allons, cela ira bien.</s>
</p>
</sp>
<sp stage="stand" who="LA COMTESSE"><speaker>LA COMTESSE, se levant.</speaker>
<p id="21">
	<s id="1">Ah, l'Abbé, je crois que j'ai quelque chose sous moi, voyez un peu.</s>
</p>
</sp>
<sp who="MONSIEUR BERNARD"><speaker>MONSIEUR BERNARD.</speaker>
<p id="22">
	<s id="1">Mais Madame...</s>
</p>
</sp>
<sp who="LA COMTESSE"><speaker>LA COMTESSE.</speaker>
<p id="23">
	<s id="1">Non, non, il n'y a rien. </s>
	<s id="2">Monsieur Bernard, ne me grondez pas. </s>
	<s id="3">Chevalier ?</s>
</p>
</sp>
<sp who="LE CHEVALIER"><speaker>LE CHEVALIER.</speaker>
<p id="24">
	<s id="1">Madame ?</s>
</p>
</sp>
<sp who="LA COMTESSE"><speaker>LA COMTESSE.</speaker>
<p id="25">
	<s id="1">Mais approchez-vous donc, je ne peux pas vous parler d'une lieue.</s>
</p>
</sp>
<sp who="LE CHEVALIER"><speaker>LE CHEVALIER.</speaker>
<p id="26">
	<s id="1">Hé bien, me voilà.</s>
</p>
</sp>
<sp who="LA COMTESSE"><speaker>LA COMTESSE.</speaker>
<p id="27">
	<s id="1">Écoutez que je vous dise.</s>
</p>
<stage type="towrad">Elle parle bas au Chevalier.</stage>
</sp>
<sp who="L'ABBÉ"><speaker>L'ABBÉ.</speaker> 
<p id="28">
	<s id="1">Madame, Monsieur Bernard ne peut pas travailler.</s>
</p>
</sp>
<sp who="LA COMTESSE"><speaker>LA COMTESSE.</speaker>
<p id="29">
	<s id="1">Un moment, je n'ai qu'un mot à dire au Chevalier, cela fera fini dans l'instant.</s>
</p>
<stage type="continue">Elle continue.</stage>
</sp>
<sp who="MONSIEUR BERNARD"><speaker>MONSIEUR BERNARD.</speaker>
<p id="30">
	<s id="1">Monsieur l'Abbé, je vous demande en conscience, s'il est possible de faire quelque chose de bien de cette façon-là.</s>
</p>
</sp>
<sp stage="toward" who="LE CHEVALIER"><speaker>LE CHEVALIER, à la Comtesse.</speaker>
<p id="31">
	<s id="1">Oui, oui.</s>
</p>
</sp>
<sp who="LA COMTESSE"><speaker>LA COMTESSE.</speaker>
<p id="32">
	<s id="1">Chevalier, vous entendez ? </s>
	<s id="2">Allons, voilà qui est fini. </s>
	<s id="3">Je suis entièrement à vous. </s>
	<s id="4">Monsieur, cela avance-t-il ? </s>
	<s id="5">La bouche, les yeux... </s>
	<s id="6">L'Abbé vous avez dit ? </s>
	<s id="7">Ah, Chevalier, j'oubliais.</s>
</p>
<stage type="toward/low">Elle lui parle encore tout bas.</stage>
</sp>
<sp who="L'ABBÉ"><speaker>L'ABBÉ, bas à Monsieur Bernard.</speaker>
<p id="33">
	<s id="1">Le trou du menton est-il assez marqué ?</s>
</p>
</sp>
<sp who="MONSIEUR BERNARD"><speaker>MONSIEUR BERNARD.</speaker>
<p id="34">
	<s id="1">S'il était plus fort.</s>
</p>
</sp>
<sp who="LA COMTESSE"><speaker>LA COMTESSE.</speaker>
<p id="35">
	<s id="1">Je ne me tiens pas trop bien, Monsieur Bernard ?</s>
</p>
</sp>
<sp who="MONSIEUR BERNARD"><speaker>MONSIEUR BERNARD.</speaker>
<p id="36">
	<s id="1">Madame...</s>
</p>
</sp>
<sp who="LA COMTESSE"><speaker>LA COMTESSE.</speaker>
<p id="37">
	<s id="1">L'Abbé, vous ne dites rien ?</s>
</p>
</sp>
<sp who="L'ABBÉ"><speaker>L'ABBÉ.</speaker>
<p id="38">
	<s id="1">Madame, je regarde si...</s>
</p>
</sp>
<sp who="LA COMTESSE"><speaker>LA COMTESSE.</speaker>
<p id="39">
	<s id="1">Chevalier, donnez- moi du tabac.</s>
</p>
<stage type="get">Elle prend du tabac. </stage>
<p id="40">
	<s id="1">L'Abbé, contez-moi une Histoire.</s>
</p>
</sp>
<sp who="L'ABBÉ"><speaker>L'ABBÉ.</speaker>
<p id="41">
	<s id="1">Une Histoire, Madame?</s>
</p>
</sp>
<sp who="LA COMTESSE"><speaker>LA COMTESSE.</speaker>
<p id="42">
	<s id="1">Oui, oui.</s>
</p>
<stage type="toward">À Monsieur Bernard. </stage>
<p id="43">
	<s id="1">Monsieur, puis-je regarder actuellement ?</s>
</p>
</sp>
<sp who="MONSIEUR BERNARD"><speaker>MONSIEUR BERNARD.</speaker>
<p id="44">
	<s id="1">Non, Madame, pas encore ; un instant, je vous prie. </s>
	<s id="2">Un peu à droite.</s>
</p>
</sp>
<sp who="LA COMTESSE"><speaker>LA COMTESSE.</speaker>
<p id="45">
	<s id="1">Hé bien, l'Abbé, dites-donc ?</s>
</p>
</sp>
<sp who="L'ABBÉ"><speaker>L'ABBÉ.</speaker>
<p id="46">
	<s id="1">Madame, je me souviens qu'à Bordeaux, il y avait...</s>
</p>
</sp>
<sp who="LA COMTESSE"><speaker>LA COMTESSE.</speaker>
<p id="47">
	<s id="1">Ah, c'est une Histoire de son pays, cela sera ! </s>
	<s id="2">Délicieux ! Où est donc le Chevalier ?</s>
</p>
</sp>
<sp who="LE CHEVALIER"><speaker>LE CHEVALIER.</speaker>
<p id="48">
	<s id="1">Me voilà.</s>
</p>
</sp>
<sp who="LA COMTESSE"><speaker>LA COMTESSE.</speaker>
<p id="49">
	<s id="1">Vous êtes aujourd'hui d'un ennui, d'une tristesse mortelle. </s>
	<s id="2">Hé bien, l'Abbé ?</s>
</p>
</sp>
<sp who="L'ABBÉ"><speaker>L'ABBÉ.</speaker>
<p id="50">
	<s id="1">Il y avait donc à Bordeaux une femme charmante.</s>
</p>
</sp>
<sp who="LA COMTESSE"><speaker>LA COMTESSE.</speaker>
<p id="51">
	<s id="1">À Bordeaux ? </s>
	<s id="2">Je ne crois pas cela.</s>
</p>
</sp>
<sp who="L'ABBÉ"><speaker>L'ABBÉ.</speaker>
<p id="52">
	<s id="1">Si vous l'aviez connue, vous diriez comme moi.</s>
</p>
</sp>
<sp who="LA COMTESSE"><speaker>LA COMTESSE.</speaker>
<p id="53">
	<s id="1">Je suis bien sûre que non, l'Abbé.</s>
</p>
</sp>
<sp who="L'ABBÉ"><speaker>L'ABBÉ.</speaker>
<p id="54">
	<s id="1">Tout comme il vous plaira ; mais cela est certain. </s>
	<s id="2">Cette femme avait un mari, fort honnête homme d'ailleurs, mais le plus ennuyeux des mortels.</s>
</p>
</sp>
<sp who="LA COMTESSE"><speaker>LA COMTESSE.</speaker>
<p id="55">
	<s id="1">Comme mon mari, n'est-ce pas ?</s>
</p>
</sp>
<sp who="L'ABBÉ"><speaker>L'ABBÉ.</speaker>
<p id="56">
	<s id="1">Point du tout, je ne dis pas cela. Ce mari s'appelait, je pense, Monsieur de Morangeac.</s>
</p>
</sp>
<sp who="LE CHEVALIER"><speaker>LE CHEVALIER.</speaker>
<p id="57">
	<s id="1">L'Abbé, est-ce de ces Morangeacs, que nous avons dans la Maison du Roi ?</s>
</p>
</sp>
<sp who="L'ABBÉ"><speaker>L'ABBÉ.</speaker>
<p id="58">
	<s id="1">C'est cela même ; ce sont des gens de très bonne Maison.</s>
</p>
</sp>
<sp who="LE CHEVALIER"><speaker>LE CHEVALIER.</speaker>
<p id="59">
	<s id="1">Je le sais bien.</s>
</p>
</sp>
<sp who="LA COMTESSE"><speaker>LA COMTESSE.</speaker>
<p id="60">
	<s id="1">Chevalier, vous êtes odieux, vous interrompez toujours, et nous ne saurons pas l'Histoire.</s>
</p>
</sp>
<sp who="MONSIEUR BERNARD"><speaker>MONSIEUR BERNARD.</speaker>
<p id="61">
	<s id="1">Madame, un peu de mon côté, s'il vous plaît, l'épaule un peu effacée, un moment ; bon.</s>
</p>
</sp>
<sp who="LA COMTESSE"><speaker>LA COMTESSE.</speaker>
<p id="62">
	<s id="1">Mais, Monsieur, je ne pourrai jamais me tenir comme cela. </s>
	<s id="2">Hé bien, l'Abbé, Monsieur de Morangeac ?...</s>
</p>
</sp>
<sp who="L'ABBÉ"><speaker>L'ABBÉ.</speaker>
<p id="63">
	<s id="1">Monsieur de Morangeac était très amoureux de sa femme ; il ne faut pas que cela vous étonne ; c'est assez commun en Province.</s>
</p>
</sp>
<sp who="LA COMTESSE"><speaker>LA COMTESSE.</speaker>
<p id="64">
	<s id="1">J'espère qu'elle ne l'aimait pas, elle, cet ennuyeux là ?</s>
</p>
</sp>
<sp who="L'ABBÉ"><speaker>L'ABBÉ.</speaker>
<p id="65">
	<s id="1">Pardonnez-moi.</s>
</p>
</sp>
<sp who="LA COMTESSE"><speaker>LA COMTESSE.</speaker>
<p id="66">
	<s id="1">La sotte créature !</s>
</p>
</sp>
<sp who="L'ABBÉ"><speaker>L'ABBÉ.</speaker>
<p id="67">
	<s id="1">Son mari ne la quittait jamais, on ne les voyait point l'un sans l'autre.</s>
</p>
</sp>
<sp who="LA COMTESSE"><speaker>LA COMTESSE.</speaker>
<p id="68">
	<s id="1">Et vous dites qu'elle était charmante ?</s>
</p>
</sp>
<sp who="L'ABBÉ"><speaker>L'ABBÉ.</speaker>
<p id="69">
	<s id="1">Oui, jeune, fraîche, vive, aimable, de l'esprit comme les anges, adorable enfin. </s>
	<s id="2">Je l'ai connu moi qui vous parle, comme je vous connais.</s>
</p>
</sp>
<sp stage="desdain" who="LA COMTESSE"><speaker>LA COMTESSE, dédaigneusement.</speaker>
<p id="70">
	<s id="1">C'était donc une vertu ?</s>
</p>
</sp>
<sp who="L'ABBÉ"><speaker>L'ABBÉ.</speaker>
<p id="71">
	<s id="1">Une vertu ? </s>
	<s id="2">Non pas une vertu, si vous voulez... </s>
	<s id="3">Vous allez voir, vous allez voir.</s>
</p>
</sp>
<sp who="LA COMTESSE"><speaker>LA COMTESSE.</speaker>
<p id="72">
	<s id="1">Cette femme-là me déplait à mourir, il me semble que je la vois d'ici.</s>
</p>
</sp>
<sp who="L'ABBÉ"><speaker>L'ABBÉ.</speaker>
<p id="73">
	<s id="1">Madame de Morangeac se fit donc peindre un jour en Hébé.</s>
</p>
</sp>
<sp who="LA COMTESSE"><speaker>LA COMTESSE, faisant la grimace.</speaker>
<p id="74">
	<s id="1">En ?... </s>
</p>
</sp>
<sp who="L'ABBÉ"><speaker>L'ABBÉ.</speaker>
<p id="75">
	<s id="1">En Hébé, la Déesse de la jeunesse.</s>
</p>
</sp>
<sp who="LA COMTESSE"><speaker>LA COMTESSE.</speaker>
<p id="76">
	<s id="1">En Hébé, une Provinciale !</s>
</p>
</sp>
<sp who="L'ABBÉ"><speaker>L'ABBÉ.</speaker>
<p id="77">
	<s id="1">Quelqu'un qui était là, dit à son mari qu'il devrait se faire peindre en Jupiter dans le même tableau.</s>
</p>
</sp>
<sp stage="shout" who="LA COMTESSE"><speaker>LA COMTESSE, se récriant.</speaker>
<p id="78">
	<s id="1">Monsieur de Morangeac en Jupiter !</s>
</p>
</sp>
<sp who="L'ABBÉ"><speaker>L'ABBÉ.</speaker>
<p id="79">
	<s id="1">Monsieur de Morangeac en Jupiter. </s>
	<s id="2">Cela lui était assez indifférent, et je crois qu'il y aurait été peint ; mais un Capitaine de Dragons, très amoureux de Madame de Morangeac, qui était là, et très ennuyé de voir son mari toujours avec elle, dit à celui qui donnait le conseil ; quoi, Monsieur, vous ne voulez pas que Madame soir jamais seule, pas même en peinture ?</s>
</p>
</sp>
<sp who="LA COMTESSE"><speaker>LA COMTESSE.</speaker>
<p id="80">
	<s id="1">Il avait raison ; comment se nommait-il ?</s>
</p>
</sp>
<sp who="L'ABBÉ"><speaker>L'ABBÉ.</speaker>
<p id="81">
	<s id="1">Le Chevalier de, de... de Grainfort, ou un autre nom, je ne me rappelle pas bien. </s>
	<s id="2">Madame de Morangeac l'entendant, se retourne, rougit, et l'on dit que depuis ce temps-là elle vit son mari, comme il paraissait à tout le monde.</s>
</p>
</sp>
<sp who="LA COMTESSE"><speaker>LA COMTESSE.</speaker>
<p id="82">
	<s id="1">Vous avez beau dire, je n'aime pas plus pour cela votre Madame de Morangeac. </s>
	<s id="2">Hé bien, Monsieur Bernard ?</s>
</p>
</sp>
<sp who="MONSIEUR BERNARD"><speaker>MONSIEUR BERNARD, se levant et reculant le portrait.</speaker>
<p id="83">
	<s id="1">Madame, si vous voulez à présent regarder....</s>
</p>
</sp>
<sp who="LA COMTESSE"><speaker>LA COMTESSE, voulant se lever.</speaker>
<p id="84">
	<s id="1">Assurément. </s>
	<s id="2">Voyons, voyons ; Chevalier, vous marchez sur moi ; encore ?</s>
</p>
</sp>
<sp who="LE CHEVALIER"><speaker>LE CHEVALIER.</speaker>
<p id="85">
	<s id="1">Ce n'est pas ma faute, je ne sais par où passer.</s>
</p>
</sp>
<sp who="L'ABBÉ"><speaker>L'ABBÉ.</speaker>
<p id="86">
	<s id="1">Madame_la_Comtesse, vous devez être contente ?</s>
</p>
</sp>
<sp who="LA COMTESSE"><speaker>LA COMTESSE.</speaker>
<p id="87">
	<s id="1">Mais oui, si je ressemble à cela. </s>
	<s id="2">Je voudrais pourtant que la coiffure fût plus haute un peu ; Monsieur Bernard, ne pourriez-vous pas ?</s>
</p>
</sp>
<sp who="MONSIEUR BERNARD"><speaker>MONSIEUR BERNARD.</speaker>
<p id="88">
	<s id="1">Madame, cela est aisé à faire.</s>
</p>
</sp>
<sp who="LA COMTESSE"><speaker>LA COMTESSE.</speaker>
<p id="89">
	<s id="1">Oui ; c'est fort joli, ne trouvez-vous pas l'Abbé ?...</s>
</p>
</sp>
<sp who="L'ABBÉ"><speaker>L'ABBÉ.</speaker>
<p id="90">
	<s id="1">Cela ne peut pas être autrement, fait d'après vous, et je le trouve à merveille.</s>
</p>
</sp>
<sp who="LA COMTESSE"><speaker>LA COMTESSE.</speaker>
<p id="91">
	<s id="1">Au vrai ?... </s>
	<s id="2">Dites-donc ?</s>
</p>
</sp>
<sp who="L'ABBÉ"><speaker>L'ABBÉ.</speaker>
<p id="92">
	<s id="1">On ne peut pas mieux.</s>
</p>
</sp>
<sp who="LA COMTESSE"><speaker>LA COMTESSE.</speaker>
<p id="93">
	<s id="1">J'en suis très contente à présent, et si vous voulez que je vous dise, je n'espérais pas qu'il serait si bien.</s>
</p>
</sp>
<sp who="MONSIEUR BERNARD"><speaker>MONSIEUR BERNARD.</speaker>
<p id="94">
	<s id="1">Madame, il faut le temps à tout, et je suis charmé que...</s>
</p>
</sp>
<sp who="LA COMTESSE"><speaker>LA COMTESSE.</speaker>
<p id="95">
	<s id="1">Chevalier, vous ne dites rien ?</s>
</p>
</sp>
<sp who="LE CHEVALIER"><speaker>LE CHEVALIER.</speaker>
<p id="96">
	<s id="1">Moi, je vous ai déjà dit qu'il était bien, dès la première fois.</s>
</p>
</sp>
<sp who="LA COMTESSE"><speaker>LA COMTESSE.</speaker>
<p id="97">
	<s id="1">Et ressemblant ?</s>
</p>
</sp>
<sp who="LE CHEVALIER"><speaker>LE CHEVALIER.</speaker>
<p id="98">
	<s id="1">Il n'y a personne, qui ne le reconnaisse.</s>
</p>
</sp>
<sp who="L'ABBÉ"><speaker>L'ABBÉ.</speaker>
<p id="99">
	<s id="1">Madame, voilà Monsieur_le_Comte, nous verrons ce qu'il dira.</s>
</p>
</sp>
</div2>
<div2 type="scene" n="5"><head>SCÈNE V. La Comtesse, Le Comte, Le Chevalier, L'Abbé, Monsieur Bernard.</head>
<sp who="LA COMTESSE"><speaker>LA COMTESSE.</speaker>
<p id="1">
	<s id="1">Monsieur, Monsieur, venez voir.</s>
</p>
</sp>
<sp stage="watch" who="LE COMTE"><speaker>LE COMTE, regarde en passant.</speaker>
<p id="1">
	<s id="1">C'est plus joli que vous.</s>
</p>
</sp>
<sp who="LA COMTESSE"><speaker>LA COMTESSE.</speaker>
<p id="3">
	<s id="1">Voilà bien comme sont les maris. </s>
	<s id="2">Mais le trouvez-vous refTemblant ? .</s>
</p>
</sp>
<sp who="LE COMTE"><speaker>LE COMTE.</speaker>
<p id="4">
	<s id="1">Très fort.</s>
</p>
</sp>
<sp who="LA COMTESSE"><speaker>LA COMTESSE.</speaker>
<p id="5">
	<s id="1">Voilà tout ce que nous eu aurons.</s>
</p>
</sp>
<sp who="LE COMTE"><speaker>LE COMTE.</speaker>
<p id="6">
	<s id="1">Bonjour, l'Abbé. </s>
	<s id="2">Chevalier, vous n'êtes pas venu hier au soir ?</s>
</p>
</sp>
<sp who="LE CHEVALIER"><speaker>LE CHEVALIER.</speaker>
<p id="7">
	<s id="1">Je n'ai pas pu.</s>
</p>
</sp>
<sp who="LA COMTESSE"><speaker>LA COMTESSE.</speaker>
<p id="8">
	<s id="1">Mais Monsieur, laissez cela, et dites-nous ce que vous trouvez.</s>
</p>
</sp>
<sp who="LE COMTE"><speaker>LE COMTE.</speaker>
<p id="9">
	<s id="1">Je vous l'ai déjà dit, trop joli. 
	</s>
</p>
<stage type="toward">Il parle au Chevalier.</stage>
</sp>
<sp who="LA COMTESSE"><speaker>LA COMTESSE.</speaker>
<p id="10">
	<s id="1">Moi, il me plaît son. </s>
	<s id="2">La Présidente n'arrive point ! </s>
	<s id="3">À qui le ferions nous bien voir ? </s>
	<s id="4">Ah, l'Abbé, faites entrer mes gens, ils sont un peu bêtes ; mais cela ne fait rien.</s>
</p>
</sp>
<sp who="L'ABBÉ"><speaker>L'ABBÉ.</speaker>
<p id="11">
	<s id="1">C'est bien dit. </s>
</p>
<stage type="location">Il va à la porte. </stage>
<p id="12">
	<s id="1">Entrez, Messieurs, Madame_la_Comtesse vous demande.</s>
</p>
</sp>
</div2>
<div2 type="scene" n="6"><head>SCÈNE VI. La Comtesse, Le Comte, Le Chevalier, L'Abbé, Monsieur Bernard, Comtois, Champagne.</head>
<sp who="LA COMTESSE"><speaker>LA COMTESSE.</speaker>
<p id="1">
	<s id="1">Tenez, Champagne, à qui cela ressemble-t-il ?</s>
</p>
</sp>
<sp who="CHAMPAGNE"><speaker>CHAMPAGNE.</speaker>
<p id="2">
	<s id="1">À Madame_la_Comtesse.</s>
</p>
</sp>
<sp who="LA COMTESSE"><speaker>LA COMTESSE.</speaker>
<p id="3">
	<s id="1">Et vous, Comtois ?</s>
</p>
</sp>
<sp who="COMTOIS"><speaker>COMTOIS.</speaker>
<p id="4">
	<s id="1">C'est Madame tout craché.</s>
</p>
</sp>
<sp who="LA COMTESSE"><speaker>LA COMTESSE.</speaker>
<p id="5">
	<s id="1">Madame, tout craché ! </s>
	<s id="2">J'aime cela. </s>
	<s id="3">Moi, je le trouve charmant ! </s>
	<s id="4">Faisons monter mon cocher. </s>
	<s id="5">Champagne, faites le venir, sans lui dire pourquoi.</s>
</p>
</sp>
<sp stage="toward" who="LE COMTE"><speaker>LE COMTE, causant avec le Chevalier.</speaker>
<p id="6">
	<s id="1">Qu'on tienne les chevaux, pendant ce temps-là.</s>
</p>
</sp>
<sp who="CHAMPAGNE"><speaker>CHAMPAGNE.</speaker>
<p id="7">
	<s id="1">Oui, Monsieur.</s>
</p>
</sp>
</div2>
<div2 type="scene" n=""><head>SCÈNE VII. Le Comte, La Comtesse, Le Chevalier, L'Abbé, Monsieur Bernard.</head>
<sp who="LA COMTESSE"><speaker>LA COMTESSE.</speaker>
<p id="1">
	<s id="1">Monsieur Bernard, c'est délicieux ! </s>
	<s id="2">Je me trouve-là ; c'est moi entièrement ! </s>
	<s id="3">Tenez, l'Abbé, comme cela de côté. </s>
	<s id="4">Elle regarde le tableau de côté.</s>
</p>
</sp>
<sp who="L'ABBÉ"><speaker>L'ABBÉ.</speaker>
<p id="2">
	<s id="1">Oui, oui, très bien. </s>
	<s id="2">Vous voyez qu'il faut laisser faire ces Messieurs à leur fantaisie , ils en savent plus long que nous.</s>
</p>
</sp>
<sp who="LA COMTESSE"><speaker>LA COMTESSE.</speaker>
<p id="3">
	<s id="1">Je voudrais bien l'emporter avec moi ; cela se peut-il ?</s>
</p>
</sp>
<sp who="MONSIEUR BERNARD"><speaker>MONSIEUR BERNARD.</speaker>
<p id="4">
	<s id="1">Non Madame ; c'est tout frais, cela ne sèche pas si promptement.</s>
</p>
</sp>
<sp who="LA COMTESSE"><speaker>LA COMTESSE.</speaker>
<p id="5">
	<s id="1">Ah, oui. </s>
	<s id="2">Voilà la France.</s>
</p>
</sp>
</div2>
<div2 type="scene" n="8"><head>SCÈNE VIII. La Comtesse, Le Comte, 
Le Chevalier, L'Abbé, Monsieur Bernard, La France.</head>
<sp who="LA COMTESSE"><speaker>LA COMTESSE.</speaker>
<p id="1">
	<s id="1">Allons, venez ici, la France. </s>
	<s id="2">Regardez-cela.</s>
</p>
</sp>
<sp who="LA FRANCE"><speaker>LA FRANCE.</speaker>
<p id="2">
	<s id="1">Ah, Madame, je n'ai que faire de regarder, je vois bien que c'est vous.</s>
</p>
</sp>
<sp who="LA COMTESSE"><speaker>LA COMTESSE.</speaker>
<p id="3">
	<s id="1">Il l'a reconnu tout de suite.</s>
</p>
</sp>
<sp who="LA FRANCE"><speaker>LA FRANCE.</speaker>
<p id="4">
	<s id="1">Est-ce là tout, Madame ?</s>
</p>
</sp>
<sp who="LA COMTESSE"><speaker>LA COMTESSE.</speaker>
<p id="5">
	<s id="1">Comment tout ? </s>
	<s id="2">Ils font excellents, ces gens là. </s>
	<s id="3">Oui, oui, c'est tout. </s>
	<s id="4">Allez vous-en. </s>
	<s id="5">J'entends un carrosse ; c'est sûrement la Présidente. </s>
	<s id="6">Monsieur_le_Comte, où allez-vous donc ?</s>
</p>
</sp>
<sp stage="away" who="LE COMTE"><speaker>LE COMTE, s'en allant.</speaker>
<p id="6">
	<s id="1">Aux Tuileries, avec le Chevalier.</s>
</p>
</sp>
<sp who="LA COMTESSE"><speaker>LA COMTESSE.</speaker>
<p id="7">
	<s id="1">II est de trop bonne heure ; dites donc ? </s>
	<s id="2">Ils s'en vont toujours.</s>
</p>
</sp>
</div2>
<div2 type="scene" n="9"><head>SCÈNE IX. La Comtesse, La Présidente, L'Abbé, Monsieur Bernard.</head>
<sp who="LA PRÉSIDENTE"><speaker>LA PRÉSIDENTE.</speaker>
<p id="1">
	<s id="1">Ah, mon Dieu ! </s>
	<s id="2">On étouffe ici.</s>
</p>
</sp>
<sp who="LA COMTESSE"><speaker>LA COMTESSE.</speaker>
<p id="2">
	<s id="1">Bonjour, Madame.</s>
</p>
</sp>
<sp who="LA PRÉSIDENTE"><speaker>LA PRÉSIDENTE.</speaker>
<p id="3">
	<s id="1">Savez-vous, Madame, qu'il y a une heure que je vous cherche dans ce quartier-ci. </s>
	<s id="2">L'Abbé, vous auriez bien dû me venir prendre.</s>
</p>
</sp>
<sp who="L'ABBÉ"><speaker>L'ABBÉ.</speaker>
<p id="4">
	<s id="1">Il m'a été absolument impossible.</s>
</p>
</sp>
<sp who="LA PRÉSIDENTE"><speaker>LA PRÉSIDENTE.</speaker>
<p id="5">
	<s id="1">Ah, mon Dieu, que de portraits ! </s>
	<s id="2">Voilà, Madame de Clerfont, très-ressemblante ; mais bien flattée. </s>
	<s id="3">Et Madame de Grandin ? </s>
	<s id="4">Mais, Monsieur, savez-vous que vous en avez fait la plus jolie personne du monde, et qu'elle n'est rien moins que cela. </s>
	<s id="5">Quoi, voilà aussi ce grand Blaffard de Durcin ; mais, Madame, regardez donc, il semble qu'il aille vous dire une fadeur. </s>
	<s id="6">Oh, mais... c'est que tout cela est le plus agréable du monde ! </s>
	<s id="7">Je vous assure bien, Monsieur, que je ne me ferai jamais peindre que par vous.</s>
</p>
</sp>
<sp who="MONSIEUR BERNARD"><speaker>MONSIEUR BERNARD.</speaker>
<p id="6">
	<s id="1">Madame, je ferai très flatté d'avoir cet honneur-là.</s>
</p>
</sp>
<sp stage="show" who="LA COMTESSE"><speaker>LA COMTESSE, montrant son portrait.</speaker>
<p id="7">
	<s id="1">Madame, voyez un peu ceci.</s>
</p>
</sp>
<sp who="LA PRÉSIDENTE"><speaker>LA PRÉSIDENTE.</speaker>
<p id="8">
	<s id="1">Ah, qu'est-ce-là ? </s>
	<s id="2">Attendez,... je cherche,... </s>
	<s id="3">Ne me dites rien. </s>
	<s id="4">Ce n'est pas vous toujours : mais je connais quelqu'un qui ressemble à cela. </s>
	<s id="5">Et tenez, l'Intendante de...</s>
</p>
</sp>
<sp who="LA COMTESSE"><speaker>LA COMTESSE.</speaker>
<p id="9">
	<s id="1">Madame d'Ancere ? </s>
	<s id="2">Fi donc !</s>
</p>
</sp>
<sp who="LA PRÉSIDENTE"><speaker>LA PRÉSIDENTE.</speaker>
<p id="10">
	<s id="1">Elle est mieux que cela.</s>
</p>
</sp>
<sp who="LA COMTESSE"><speaker>LA COMTESSE.</speaker>
<p id="11">
	<s id="1">Je vous dis que ce n'est pas elle, regardez bien.</s>
</p>
</sp>
<sp who="LA PRÉSIDENTE"><speaker>LA PRÉSIDENTE.</speaker>
<p id="12">
	<s id="1">En ce cas là, je ne sais pas qui c'est. </s>
	<s id="2">Voyons le vôtre.</s>
</p>
</sp>
<sp who="LA COMTESSE"><speaker>LA COMTESSE.</speaker>
<p id="13">
	<s id="1">Hé, le voilà.</s>
</p>
</sp>
<sp who="LA PRÉSIDENTE"><speaker>LA PRÉSIDENTE.</speaker>
<p id="14">
	<s id="1">Vous, cela !</s>
</p>
</sp>
<sp who="LA COMTESSE"><speaker>LA COMTESSE.</speaker>
<p id="15">
	<s id="1">Assurément.</s>
</p>
</sp>
<sp who="LA PRÉSIDENTE"><speaker>LA PRÉSIDENTE.</speaker>
<p id="16">
	<s id="1">Allons, jamais cela ne vous a ressemblé.</s>
</p>
</sp>
<sp who="LA COMTESSE"><speaker>LA COMTESSE.</speaker>
<p id="17">
	<s id="1">Moi, je le trouve fort bien, et tout le monde le trouve à merveilles.</s>
</p>
</sp>
<sp who="LA PRÉSIDENTE"><speaker>LA PRÉSIDENTE.</speaker>
<p id="18">
	<s id="1">Mais point du tout, à Monsieur Bernard. </s>
	<s id="2">Monsieur, qu'en dites-vous, n'est-il pas vrai qu'il n'est pas ressemblant ?</s>
</p>
</sp>
<sp who="MONSIEUR BERNARD"><speaker>MONSIEUR BERNARD.</speaker>
<p id="19">
	<s id="1">Je ne peux pas dire cela moi, Madame.</s>
</p>
</sp>
<sp who="LA PRÉSIDENTE"><speaker>LA PRÉSIDENTE.</speaker>
<p id="20">
	<s id="1">Mais vous conviendrez bien que ce n'est pas là son nez, il est moins long que cela ; ni la bouche, ni les yeux : il y a bien quelque chose du front ; encore ses cheveux sont mieux plantés ; en un mot, elle est plus blanche ; et puis comme c'est peint ! </s>
	<s id="3">Le rouge est inégal ; c'est un portrait affreux.</s>
</p>
</sp>
<sp who="MONSIEUR BERNARD"><speaker>MONSIEUR BERNARD.</speaker>
<p id="21">
	<s id="1">Mais, Madame , considérez...</s>
</p>
</sp>
<sp who="LA PRÉSIDENTE"><speaker>LA PRÉSIDENTE.</speaker>
<p id="22">
	<s id="1">Je dis hideux ; et vous en êtes contente, vous, Madame ?</s>
</p>
</sp>
<sp who="LA COMTESSE"><speaker>LA COMTESSE.</speaker>
<p id="23">
	<s id="1">Il est vrai que...</s>
</p>
</sp>
<sp who="LA PRÉSIDENTE"><speaker>LA PRÉSIDENTE.</speaker>
<p id="24">
	<s id="1">Que vous êtes cent fois mieux que cela. </s>
	<s id="2">En vérité, vous n'avez guère d'amour propre, si vous prenez ce portrait-là.</s>
</p>
</sp>
<sp who="LA COMTESSE"><speaker>LA COMTESSE.</speaker>
<p id="25">
	<s id="1">Monsieur de Mirville dit pourtant qu'il est trop joli.</s>
</p>
</sp>
<sp who="LA PRÉSIDENTE"><speaker>LA PRÉSIDENTE.</speaker>
<p id="26">
	<s id="1">Écoutez-vous les maris ? </s>
	<s id="2">Tenez, regardez, avez-vous comme cela le dessous du nez barbouillé ?</s>
</p>
</sp>
<sp who="MONSIEUR BERNARD"><speaker>MONSIEUR BERNARD.</speaker>
<p id="27">
	<s id="1">Hé Madame, c'est l'ombre.</s>
</p>
</sp>
<sp who="LA PRÉSIDENTE"><speaker>LA PRÉSIDENTE.</speaker>
<p id="28">
	<s id="1">Oui ; on dit toujours l'ombre, l'ombre ; moi, je ne vois point d'ombre.</s>
</p>
</sp>
<sp who="LA COMTESSE"><speaker>LA COMTESSE.</speaker>
<p id="29">
	<s id="1">Monsieur s ne pourriez-vous pas ôter cela ?</s>
</p>
</sp>
<sp who="MONSIEUR BERNARD"><speaker>MONSIEUR BERNARD.</speaker>
<p id="30">
	<s id="1">Non, Madame.</s>
</p>
</sp>
<sp who="LA PRÉSIDENTE"><speaker>LA PRÉSIDENTE.</speaker>
<p id="31">
	<s id="1">C'est inutile, il ne sera jamais bien.</s>
</p>
</sp>
<sp who="LA COMTESSE"><speaker>LA COMTESSE.</speaker>
<p id="32">
	<s id="1">Comme on volt ! </s>
	<s id="2">C'est étonnant ! </s>
	<s id="3">Il m'avait paru assez bien, à présent que je le regarde, tenez, tenez, je ne l'avais pas vu comme cela, de côté, il est horrible !</s>
</p>
</sp>
<sp who="MONSIEUR BERNARD"><speaker>MONSIEUR BERNARD.</speaker>
<p id="33">
	<s id="1">Hé, Madame, vous ne le voyez pas dans son jour.</s>
</p>
</sp>
<sp who="LA COMTESSE"><speaker>LA COMTESSE.</speaker>
<p id="34">
	<s id="1">Monsieur, je ne vois très bien ; mais je suis à présent comme la Présidente, et je regrette bien le temps que j'ai perdu à me tenir.</s>
</p>
</sp>
<sp who="MONSIEUR BERNARD"><speaker>MONSIEUR BERNARD.</speaker>
<p id="35">
	<s id="1">C'est-à-dire, Madame, qu'il n'est plus ressemblant ?</s>
</p>
</sp>
<sp who="LA COMTESSE"><speaker>LA COMTESSE.</speaker>
<p id="36">
	<s id="1">Non, Monsieur.</s>
</p>
</sp>
<sp who="L'ABBÉ"><speaker>L'ABBÉ.</speaker>
<p id="37">
	<s id="1">Mais, Madame, si vous vouliez, Monsieur Bernard y retoucherait.</s>
</p>
</sp>
<sp who="LA PRÉSIDENTE"><speaker>LA PRÉSIDENTE.</speaker>
<p id="38">
	<s id="1">Je vous dis encore une fois que c'est inutile, l'Abbé ; vous ne vous connaissez à rien. </s>
</p>
<stage type="toward">À la Comtesse. </stage>
<p id="39">
	<s id="1">Je ne vous conseille pas de le prendre,</s>
</p>
</sp>
<sp who="LA COMTESSE"><speaker>LA COMTESSE.</speaker>
<p id="40">
	<s id="1">Moi, fi donc!</s>
</p>
</sp>
<sp who="LA PRÉSIDENTE"><speaker>LA PRÉSIDENTE.</speaker>
<p id="41">
	<s id="1">Hé bien, Madame, nous perdons ici du temps, n'allons-nous pas à l'Opéra ?</s>
</p>
</sp>
<sp who="LA COMTESSE"><speaker>LA COMTESSE.</speaker>
<p id="42">
	<s id="1">Je le veux bien.</s>
</p>
</sp>
<sp who="MONSIEUR BERNARD"><speaker>MONSIEUR BERNARD.</speaker>
<p id="43">
	<s id="1">Madame, que décidez-vous ?</s>
</p>
</sp>
<sp who="LA COMTESSE"><speaker>LA COMTESSE.</speaker>
<p id="44">
	<s id="1">Monsieur, je croyais qu'il serait mieux.</s>
</p>
</sp>
<sp who="MONSIEUR BERNARD"><speaker>MONSIEUR BERNARD.</speaker>
<p id="45">
	<s id="1">C'est-à-dire, que vous ne le prendrez pas ?</s>
</p>
</sp>
<sp who="LA COMTESSE"><speaker>LA COMTESSE.</speaker>
<p id="46">
	<s id="1">Nous verrons.</s>
</p>
</sp>
<sp stage="away" who="LA PRÉSIDENTE"><speaker>LA PRÉSIDENTE, s'en allant.</speaker>
<p id="47">
	<s id="1">Allons, l'Abbé ; Madame, venez donc.</s>
</p>
</sp>
<sp who="LA COMTESSE"><speaker>LA COMTESSE.</speaker>
<p id="48">
	<s id="1">Je vous suis, je vous suis.</s>
</p>
<stage type="exit">Elles s'en vont.</stage>
</sp>
</div2>
<div2 type="scene" n="10"><head>SCÈNE X. Monsieur Bernard, Germain.</head>
<sp who="MONSIEUR BERNARD"><speaker>MONSIEUR BERNARD.</speaker>
<p id="1">
	<s id="1">Germain ?</s>
</p>
<stage type="walk">Il se promène. </stage>
<p id="2">
	<s id="1">Le diable emporte le métier, les femmes, leurs sots Adulateurs !... </s>
	<s id="2">Tenez, nettoyez un peu ma palette. </s>
	<s id="3">Je voudrais bien savoir ce qu'elles peuvent trouvera à redire à ce portrait. </s>
	<s id="4">Vous avez vu cette femme-là, vous ? </s>
	<s id="5">Regardez un peu.</s>
</p>
</sp>
<sp who="GERMAIN"><speaker>GERMAIN.</speaker>
<p id="3">
	<s id="1">Je vous assure, Monsieur, que c'est un des plus ressemblants que vous ayez jamais fait.</s>
</p>
</sp>
<sp who="MONSIEUR BERNARD"><speaker>MONSIEUR BERNARD.</speaker>
<p id="4">
	<s id="1">Elles le trouvent affreux : il me prend envie de le déchirer, de le couper par morceaux, pour ne le plus voir.</s>
</p>
</sp>
<sp who="GERMAIN"><speaker>GERMAIN.</speaker>
<p id="5">
	<s id="1">Ah, Monsieur, arrêtez ; qu'allez-vous faire ? </s>
	<s id="2">Je crois entendre, Monsieur_le_Baron, son oncle, il s'y connait, voyez ce qu'il en dira avant.</s>
</p>
</sp>
</div2>
<div2 type="scene" n="11"><head>SCÈNE XI. Le Baron, Monsieur Bernard, Germain nettoyant la palette.</head>
<sp who="LE BARON"><speaker>LE BARON.</speaker>
<p id="1">
	<s id="1">Monsieur Bernard, je viens vous dire une bonne nouvelle ; mais qu'est-ce donc, qu'avez-vous ?</s>
</p>
</sp>
<sp who="MONSIEUR BERNARD"><speaker>MONSIEUR BERNARD.</speaker>
<p id="2">
	<s id="1">Oh, rien, Monsieur_le_Baron.</s>
</p>
</sp>
<sp who="LE BARON"><speaker>LE BARON.</speaker>
<p id="3">
	<s id="1">Je l'ai enfin.</s>
</p>
</sp>
<sp who="MONSIEUR BERNARD"><speaker>MONSIEUR BERNARD.</speaker>
<p id="4">
	<s id="1">Quoi donc ?</s>
</p>
</sp>
<sp who="LE BARON"><speaker>LE BARON.</speaker>
<p id="5">
	<s id="1">Ce beau portrait de Reimbrand, la femme du Bourguemestre d'Anvers.</s>
</p>
</sp>
<sp who="MONSIEUR BERNARD"><speaker>MONSIEUR BERNARD, avec distraction.</speaker>
<p id="6">
	<s id="1">Oui ?</s>
</p>
</sp>
<sp who="LE BARON"><speaker>LE BARON.</speaker>
<p id="7">
	<s id="1">Il est chez-moi ; j'ai passé toute mon après-dinée à le regarder, je ne saurais m'en rassasier. </s>
	<s id="2">Quelle légèreté de touche ! </s>
	<s id="3">Quelle finesse de pinceau ! </s>
	<s id="4">Quelle vérité ! Quelle chaleur ! </s>
	<s id="5">Cela me coûte deux cents Louis ; mais je ne le donnerais pas pour cinq cents.</s>
</p>
</sp>
<sp who="MONSIEUR BERNARD"><speaker>MONSIEUR BERNARD.</speaker>
<p id="8">
	<s id="1">Vous avez bien raison ; c'est un tableau qui n'a point de prix.</s>
</p>
</sp>
<sp who="LE BARON"><speaker>LE BARON.</speaker>
<p id="9">
	<s id="1">J'aime la vérité, vous en mettez dans tout ce que vous faites, voilà pourquoi j'aime vos portraits.</s>
</p>
</sp>
<sp stage="sight" who="MONSIEUR BERNARD"><speaker>MONSIEUR BERNARD, soupirant.</speaker>
<p id="10">
	<s id="1">Ah !</s>
</p>
</sp>
<sp who="LE BARON"><speaker>LE BARON.</speaker>
<p id="11">
	<s id="1">Vous avez du chagrin. </s>
	<s id="2">Qu'est-ce qui vous arrive ?</s>
</p>
</sp>
<sp who="MONSIEUR BERNARD"><speaker>MONSIEUR BERNARD.</speaker>
<p id="12">
	<s id="1">Tenez, voyez ce portrait-là.</s>
</p>
</sp>
<sp stage="dress" who="LE BARON"><speaker>LE BARON, mettant ses lunettes.</speaker>
<p id="13">
	<s id="1">C'est celui de ma nièce. </s>
	<s id="2">Ah, charmant ! </s>
	<s id="3">Mon ami, vous n'avez jamais rien fait de mieux.</s>
</p>
</sp>
<sp who="MONSIEUR BERNARD"><speaker>MONSIEUR BERNARD.</speaker>
<p id="14">
	<s id="1">Hé-bien, ces Dames le trouvent affreux.</s>
</p>
</sp>
<sp who="LE BARON"><speaker>LE BARON.</speaker>
<p id="15">
	<s id="1">Quelles Dames ?</s>
</p>
</sp>
<sp who="MONSIEUR BERNARD"><speaker>MONSIEUR BERNARD.</speaker>
<p id="16">
	<s id="1">Madame votre nièce et une Présidente de ses amies.</s>
</p>
</sp>
<sp who="LE BARON"><speaker>LE BARON.</speaker>
<p id="17">
	<s id="1">Ce font des imbéciles, je le trouve parfait moi, laissez-les dire.</s>
</p>
</sp>
<sp who="MONSIEUR BERNARD"><speaker>MONSIEUR BERNARD.</speaker>
<p id="18">
	<s id="1">Si vous le trouvez bien, cela me console.</s>
</p>
</sp>
<sp who="LE BARON"><speaker>LE BARON.</speaker>
<p id="19">
	<s id="1">Je vous dis que... enfin, je sors de voir mon Reimbrand ; hé-bien, il ne vous fait point de tort, du tout.</s>
</p>
</sp>
<sp stage="wave" who="MONSIEUR BERNARD"><speaker>MONSIEUR BERNARD, remerciant.</speaker>
<p id="20">
	<s id="1">Ah, ah.</s>
</p>
</sp>
<sp who="LE BARON"><speaker>LE BARON.</speaker>
<p id="21">
	<s id="1">Non, cela est vrai , il y a ici une entente de couleurs, un empâté -</s>
</p>
</sp>
<sp who="MONSIEUR BERNARD"><speaker>MONSIEUR BERNARD.</speaker>
<p id="22">
	<s id="1">Cependant elles n'en veulent point ; elles disent qu'il n'y a pas de ressemblance, et elles le trouvent mal peint.</s>
</p>
</sp>
<sp who="LE BARON"><speaker>LE BARON.</speaker>
<p id="23">
	<s id="1">Est-ce que les femmes se connaissent en peinture ? </s>
	<s id="2">Ah, parbleu, j'en suis charmé ! </s>
	<s id="3">Je le prendrai moi, je vous réponds bien qu'elle n'en aura seulement pas de copie ; laissez, laissez-moi faire. </s>
	<s id="4">Cela sera-t-il sec demain ?</s>
</p>
</sp>
<sp who="MONSIEUR BERNARD"><speaker>MONSIEUR BERNARD.</speaker>
<p id="24">
	<s id="1">Oh oui, de ce temps-là. </s>
	<s id="2">Il faudra seulement attendre pour le vernir, que les couleurs aient fait leur effet.</s>
</p>
</sp>
<sp who="LE BARON"><speaker>LE BARON.</speaker>
<p id="25">
	<s id="1">Sans doute, sans doute ; ne nous pressons pas. </s>
	<s id="2">J'ai justement une bordure de cette grandeur-là y faites-le apporter demain et venez dîner avec moi, nous finirons cela tout de suite.</s>
</p>
</sp>
<sp who="MONSIEUR BERNARD"><speaker>MONSIEUR BERNARD.</speaker>
<p id="26">
	<s id="1">J'aurai cet honneur-là.</s>
</p>
</sp>
<sp who="LE BARON"><speaker>LE BARON.</speaker>
<p id="27">
	<s id="1">Vous verrez mon Reimbrand, il vous fera plaisir. </s>
	<s id="2">Que je voie encore, je vous prie. </s>
	<s id="3">Délicieux ! </s>
	<s id="4">Allons, c'est bon. </s>
	<s id="5">Sortez-vous ? </s>
	<s id="6">Voulez-vous que je vous mène quelque part ?</s>
</p>
</sp>
<sp who="MONSIEUR BERNARD"><speaker>MONSIEUR BERNARD.</speaker>
<p id="28">
	<s id="1">Vous avez trop de bonté y je m'en vais prendre un peu l'air aux Tuileries.</s>
</p>
</sp>
<sp who="LE BARON"><speaker>LE BARON.</speaker>
<p id="29">
	<s id="1">Hé bien, j'y vais aussi, nous causerons ; prenez votre épée et votre chapeau.</s>
</p>
</sp>
<sp stage="watch/dress" who="MONSIEUR BERNARD"><speaker>MONSIEUR BERNARD, regardant le portrait en mettant son épée.</speaker>
<p id="30">
	<s id="1">Les voici.</s>
</p>
</sp>
<sp who="LE BARON"><speaker>LE BARON.</speaker>
<p id="31">
	<s id="1">Je vous dis, je suis très content de ce portrait ; mais je veux que vous voyez mon Reimbrand. </s>
	<s id="2">J'ai encore quelque chose de nouveau ; enfin , mon cabinet s'arrange,... vous entendez ?</s>
</p>
</sp>
<sp who="MONSIEUR BERNARD"><speaker>MONSIEUR BERNARD.</speaker>
<p id="32">
	<s id="1">C'est la plus belle collection !...</s>
</p>
</sp>
<sp who="LE BARON"><speaker>LE BARON.</speaker>
<p id="33">
	<s id="1">Je crois qu'elle ne fera pas vilaine ; j'ai encore certain bronze en vue, que je vous dirai en chemin. </s>
	<s id="2">Allons.</s>
</p>
<stage type="exit">Il s'en va.</stage>
</sp>
<sp who="MONSIEUR BERNARD"><speaker>MONSIEUR BERNARD.</speaker>
<p id="34">
	<s id="1">Germain, vous direz que je ne souperai pas ici.</s>
</p>
</sp>
<sp who="GERMAIN"><speaker>GERMAIN.</speaker>
<p id="35">
	<s id="1">Oui, Monsieur : hé bien sans moi... Avais-je raison ?</s>
</p>
</sp>
<sp who="MONSIEUR BERNARD"><speaker>MONSIEUR BERNARD.</speaker>
<p id="36">
	<s id="1">Sûrement.</s>
</p>
<stage type="exit">S'en allant.</stage>
</sp>
</div2>
</div1>
</body>
</text>
</TEI>