<?xml version="1.0" encoding="utf-8"?>
<TEI xml:lang="fr">
<teiHeader>
	<fileDesc>
		<titleStmt>
			<title>ALMÉNORADE, TRAGÉDIE</title>
			<author type="texte" ISNI="0000 0000 7977 1756">Louis Carrogis de CARMONTELLE (1717-1806)</author>
		</titleStmt>
		<publicationStmt>
			<publisher>publié par Paul FIEVRE septembre 2010</publisher>
			<idno>CARMONTELLE_ALMENORADE</idno>
			<rights>Creative Commons BY-NC-SA</rights>
		</publicationStmt>
		<SourceDesc>
			<genre>Proverbe</genre>
			<inspiration>moeurs</inspiration>
			<structure>Un acte</structure>
			<type>vers</type>
			<periode>1761-1770</periode>
			<taille>0-250</taille>
			<permalien>http://gallica.bnf.fr/ark:/12148/bpt6k5627148b</permalien>
		</SourceDesc>
</fileDesc>
</teiHeader>
<text>
	<front>
		<docTitle>
			<titlePart type="main">ALMÉNORADE</titlePart>
			<titlePart type="sub">TRAGÉDIE.</titlePart>
			<titlePart type="sub">DIXIÈME PROVERBE.</titlePart>
		</docTitle> 
		<docDate value='1771'>M. DCC. LXXI. Avec Approbation et Privilège du Roi.</docDate>
		<docAuthor id='CARMONTELLE, Louis de' bio='carmontelle'>de CARMONTELLE.</docAuthor>
		<docImprint>
			<acheveImprime value=''></acheveImprime>
			<printer id='JORRY'>À Paris, chez Sébastien JORRY, vis à vis le Comédie Française, chez Le JAY, rue Saint Jacques, près celle des Mathurins.</printer>
		</docImprint>
		<performance>
			<premiere date='1768' location='chez Madame la Marquise de Mauconseil'>Représenté pour la première fois en 1768 à Bagatelle chez Madame la Marquise de Mauconseil.</premiere>
		</performance>
	<castList><head>PERSONNAGES</head>
		<castItem><role id="LE SULTAN" sex="1" type="H" statut="sultan" age="A" stat_amour='néant'>LE SULTAN</role>.</castItem>
		<castItem><role id="ALMÉNORADE" sex="2" type="H" statut="prince" age="A" stat_amour='néant'>ALMÉNORADE</role>, Princesse.</castItem>
		<castItem><role id="ORCANOR" sex="1" type="H" statut="général" age="A" stat_amour='néant'>ORCANOR</role>, Général d'Armée.</castItem>
		<castItem><role id="ELMIRE" sex="2" type="H" statut="confident" age="A" stat_amour='néant'>ELMIRE</role>, Confidente d'Alménorade.</castItem>
		<castItem><role id="HASSAN" sex="1" type="H" statut="confident" age="A" stat_amour='néant'>HASSAN</role>, Confident du Sultan.</castItem>
		<castItem><role id="ORMIN" sex="1" type="H" statut="confident" age="A" stat_amour='néant'>ORMIN</role>, Confident d'Orcanor.</castItem>
		<castItem><role id="GARDES" sex="9" type="H" statut="garde" age="A" stat_amour='néant'>DEUX GARDES DU SULTAN.</role></castItem>
		<castItem><role id="LE SOUFFLEUR" sex="1" type="H" statut="souffleur" age="A" stat_amour='néant'>LE SOUFFLEUR</role>.</castItem>
   </castList>
<set location='Orient' country='Orient' periode='(indéterminé)' gps="(N/A)">La Scène est dans le Palais du Sultan.</set>
</front>
<body>
<div1 type="act" n='1'><head>ALMÉNORADE</head>
<div2 type="scene" n='1'><head>SCÈNE PREMIÈRE. Le Sultan, Hassan.</head>
<sp who='LE SULTAN'><speaker>LE SULTAN.</speaker>
	<l id='1'>Écoute, cher Hassan, et sois comme une souche.</l>
	<l id='2'>Sur ce que tu sauras, n'ouvre jamais la bouche.</l>
</sp>
<sp who='HASSAN'><speaker>HASSAN.</speaker>
	<l id='3'>Seigneur, des confidents je fuis le plus discret,</l>
	<l id='4'>J'entends et ne dis mot, parlez, me voilà prêt.</l>
</sp>
<sp who='LE SULTAN'><speaker>LE SULTAN.</speaker>
	<l id='5'>Tu connais de mes feux le douloureux martyre ;</l>
	<l id='6'>Mais à toi, mon ami, je ne peux trop le dire ;</l>
	<l id='7'>L'ingrate Alménorade, en consumant mon coeur,</l>
	<l id='8'>Dans le Prince Orcanor, voit toujours son vainqueur ;</l>
	<l id='9'>Je n'en saurais douter, son ardeur est extrême.</l>
</sp>
<sp who='HASSAN'><speaker>HASSAN.</speaker>
	<l id='10' part="i">Vous le croyez, Seigneur ?</l>
</sp>
<sp who='LE SULTAN'><speaker>LE SULTAN.</speaker>
	<l id='10' part="f">Tout prouve qu'elle l'aime ;</l>
	<l id='11'>Mais pour m'en assurer, de cet ambitieux</l>
	<l id='12'>J'avance le retour en ces lieux aujourd'hui.</l>
</sp>
<sp who='HASSAN'><speaker>HASSAN.</speaker>
	<l id='13'>Quel est votre projet ? Comment ! Couvert de gloire,</l>
	<l id='14'>Voulez-vous lui montrer, après cette victoires,</l>
	<l id='15'>Que sur les Maroquins, il vient de remporter ?...</l>
</sp>
<sp who='LE SULTAN'><speaker>LE SULTAN</speaker>
	<l id='16'>Lorsque je veux parler, veux-tu bien m'écouter :</l>
	<l id='17'>Fait pour ramper, tu veux, ainsi que le vulgaire;</l>
	<l id='18'>Pénétrer mes desseins ! C'est le sort ordinaire</l>
	<l id='19'>De nos ingrats sujets fleurs ; leurs désirs curieux,</l>
	<l id='20'>Sur les décrets du trône osent lever les yeux :</l>
	<l id='21'>Quand le fer du fourreau, sortant brille et s'apprête,</l>
	<l id='22'>On voit encor lever leur imprudente tête...</l>
	<l id='23'>Mais j'entends Orcanor, il vient dans ce séjour</l>
	<l id='24'>Aux yeux d'Alménorade exprimer son amour ;</l>
	<l id='25'>De cent coups de poignard, tu vas quand tu te flatte, </l>
	<l id='26'>Sentir percer ton coeur, âme vile, âme ingrate.</l>
<stage type="threat">Il met la main sur son poignard.</stage>
</sp>
<sp who='LE SOUFFLEUR'><speaker>LE SOUFFLEUR. </speaker>
<p id='1'>
	<s id='1'>Mais Monsieur, ce n'est pas encore là le moment de tuer.</s>
</p>
</sp>
<sp who='LE SULTAN'><speaker>LE SULTAN.</speaker>
<p id='2'>
	<s id='1'>Hé, Monsieur, je le sais bien, mêlez-vous de souffler et laissez-moi faire. </s>
</p>
<stage type="stand">Il se redresse.</stage>
	<l id='27'>Voici quelqu'un, je crois. Je ne me trompe pas.</l>
	<l id='28'>Ah, c'est Alménorade. Ô Dieux ! Qu'elle a d'appas !</l>
</sp>
</div2>
<div2 type="scene" n='2'><head>SCÈNE II. Le SULTAN, Alménorade, Elmire, Hassan.</head>
<sp who='ALMÉNORADE'><speaker>ALMÉNORADE.</speaker>
	<l id='29'>Je vous cherchais, Seigneur, en ce jour plein de charmes, </l>
	<l id='30'>Pour vous féliciter sur le fort de vos armes.</l>
</sp>
<sp who='LE SULTAN'><speaker>LE SULTAN.</speaker>
	<l id='31'>Il est pour moi bien doux ; puisque dans le butin,</l>
	<l id='32'>Pour vos pantoufles, j'ai beaucoup de Maroquin : </l>
	<l id='33'>En voyant à vos pieds cette marque de gloire,</l>
	<l id='34'>Je goûterai bien mieux le prix de la victoire ;</l>
	<l id='35'>Mais plus heureux encor, si formant chaque pas,</l>
	<l id='36'>Elle les dirigeait pour venir dans mes bras : </l>
	<l id='37'>En partageant mon trône et ma toute-puissance.</l>
	<l id='38'>Vous verriez votre Roi, sous votre obéissance</l>
	<l id='39'>N'avoir plus de désirs, ne former plus de voeux,</l>
	<l id='40'>Que de voir de vos jours, tous les instants heureux.</l>
</sp>
<sp who='ALMÉNORADE'><speaker>ALMÉNORADE.</speaker>
	<l id='41'>Ô Dieux ! Qui, moi, Seigneur ? Je n'y dois point prétendre ;</l>
	<l id='42'>Vous savez de mon coeur, que l'amour le plus tendre</l>
	<l id='43'>Ne pourra s'effacer ; vous connaissez mes voeux,</l>
	<l id='44'>Songez que vous avez approuvé ces beaux feux...</l>
</sp>
<sp who='LE SULTAN'><speaker>LE SULTAN.</speaker>
	<l id='45'>Quoi, vous me résistez ! Vous méprisez ma flamme !</l>
	<l id='46'>Ah, si je m'en croyais !... Je ne dis rien, Madame ;</l>
	<l id='47'>Mais le Prince Orcanor, que vous allez revoir,</l>
	<l id='48'>Ne doit plus près de vous, avoir aucun espoir.</l>
	<l id='49' part="i">Adieu.</l>
</sp>
</div2>
<div2 type="scene" n='3'><head>SCÈNE III. Alménorade, Elmire.</head>
<sp who='ALMÉNORADE'><speaker>ALMÉNORADE</speaker>
	<l id='49' part="f">Que m'a-t-il dit ! Quoi, ce n'est pas un songe !</l>
	<l id='50'>Dans quel abîme affreux un tel amour me plonge !</l>
	<l id='51'>Le retour d'Orcanor, faisait tout mon bonheur,</l>
	<l id='52'>Ce retour à présent me comble de frayeur ;</l>
	<l id='53'>Je crains pour lui, pour moi, pour cet amour fidèle...</l>
	<l id='54'>Je devrais l'éviter !... Quelle peine cruelle !</l>
	<l id='55'>Te fuir, cher Orcanor ! Quand le plus tendre amour</l>
	<l id='56'>Devrait te couronner avant la fin du jour !</l>
	<l id='57'>Elmire, soutiens-moi... Quels conseils dois-je suivre ?</l>
	<l id='58'>Pour toi, barbare affreux, non je ne saurais vivre.</l>
</sp>
<sp who='ELMIRE'><speaker>ELMIRE.</speaker>
	<l id='59'>Dissimulez, Madame, et devant le Sultan,</l>
	<l id='60'>Ayez ce doux regard qui flatte un tendre amant ;</l>
	<l id='61'>Il est doux de tromper le tyran qu'on abhorre,</l>
	<l id='62'>Quand c'est pour conserver l'amant que l'on adore.</l>
</sp>
<sp who='ALMÉNORADE'><speaker>ALMÉNORADE.</speaker>
	<l id='63'>Hé bien, cet art en moi va briller aujourd'hui,</l>
	<l id='64'>Pour toi, cher Orcanor... mais, que vois-je ? C'est lui ?</l>
</sp>
</div2>
<div2 type="scene" n='4'><head>SCÈNE IV. Alménorade, Orcanor, Elmire, Ornim.</head>
<sp who='ORCANOR'><speaker>ORCANOR.</speaker>
	<l id='65'>Oui, Madame, c'est moi, que la gloire ramène</l>
	<l id='66'>Dans les fers de l'amour dont il chérit la chaîne ;</l>
	<l id='67'>Lui seul sait des héros ; en soupirant pour vous,</l>
	<l id='68'>Qui coupe tête et bras, goûte un plaisir bien doux !</l>
	<l id='69'>De l'avare Achéron, en contentant l'envie,</l>
	<l id='70'>J'espérais avec vous, rendre autant à la vie,</l>
	<l id='71'>Que mon bras à la mort a livré d'ennemis...</l>
	<l id='72'>Que vois-je ! Cet espoir ne m'est-il plus permis ?</l>
</sp>
<sp who='ALMÉNORADE'><speaker>ALMÉNORADE. </speaker>
	<l id='73' part="i">Que dites-vous, ô ciel !</l>
</sp>
<sp who='ORCANOR'><speaker>ORCANOR.</speaker>
	<l id='73' part="f">Vous soupirez , Madame !</l>
	<l id='74'>Vous répandez des pleurs, trahissez-vous ma flamme ?</l>
</sp>
<sp who='ALMÉNORADE'><speaker>ALMÉNORADE.</speaker>
	<l id='75'>Le croyez-vous, Seigneur ? Un vainqueur tel que vous, </l>
	<l id='76'>D'aucun autre mortel peut-il être jaloux ?</l>
	<l id='77'>Faites-vous cette injure à la plus tendre amante,</l>
	<l id='78'>À ce coeur plein de vous, à mon ardeur constante ?</l>
</sp>
<sp who='ORCANOR'><speaker>ORCANOR.</speaker>
	<l id='79'>Si vous m'aimez toujours, qui peut vous alarmer ?</l>
	<l id='80'>Les flambeaux de l'hymen, pour nous vont s'allumer,</l>
	<l id='81'>Je ne vous comprends point : ah ! Ma chère Princesse,</l>
	<l id='82'>Qui peut troubler ainsi ce moment d'allégresse ?</l>
</sp>
<sp who='ALMÉNORADE'><speaker>ALMÉNORADE.</speaker>
	<l id='83'>Le sort cruel, hélas ! Qui va nous séparer.</l>
	<l id='84'>Ô Dieux ! Je sens mon coeur prêt à se déchirer !</l>
	<l id='85'>Un amour trop fatal va faire notre perte ;</l>
	<l id='86'>Quelle main à l'instant, cher Prince, m'est offerte !</l>
	<l id='87'>Un maître impétueux, veut dans ce même jour,</l>
	<l id='88'>Qu'en partageant ses feux j'approuve son amour.</l>
</sp>
<sp who='ORCANOR'><speaker>ORCANOR.</speaker>
	<l id='89' part="i">Et vous y consentez ?</l>
</sp>
<sp who='ALMÉNORADE'><speaker>ALMÉNORADE.</speaker>
	<l id='89' part="f">Ah ! Que sur moi la foudre </l>
	<l id='90'>Plutôt tombe en éclats et me réduise en poudre,</l>
	<l id='91'>Que de cesser jamais d'adorer et d'aimer,</l>
	<l id='92'>Un Prince malheureux qui m'a trop su charmer !</l>
</sp>
<sp who='ORCANOR'><speaker>ORCANOR.</speaker>
	<l id='93'>Hé bien, venez, fuyons, il en est temps encore ;</l>
	<l id='94'>Avant que je revoie un monstre que j'abhorre,</l>
	<l id='95'>Même avant que l'ingrat apprenne mon retour,</l>
	<l id='96'>Nous serons éloignés de ce fatal séjour.</l>
</sp>
<sp who='ALMÉNORADE'><speaker>ALMÉNORADE.</speaker>
	<l id='97'>J'entends du bruit ; c'est lui, calmez votre colère,</l>
	<l id='98'>Comptez sur mon amour. Prince, et laissez-moi faire.</l>
</sp>
</div2>
<div2 type="scene" n='5'><head>SCÈNE V. Le Sultan, Alménorade, Orcanor, Elmire, Hassan, Osmin, Gardes.</head>
<sp who='LE SULTAN'><speaker>LE SULTAN.</speaker>
	<l id='99'>Quand je vous ai mandé, lorsque je vous attends,</l>
	<l id='100'>Occupé d'autres soins, ici je vous surprends,</l>
	<l id='101'>Orcanor ; quel dessein en secret vous fait rendre</l>
	<l id='102'>Auprès d'Alménorade ? Ici je viens l'apprendre ;</l>
	<l id='103' part="i">Parlez, et sans détours. </l>
</sp>
<sp who='ALMÉNORADE'><speaker>ALMÉNORADE.</speaker>
	<l id='103' part="f">Il vous cherchait, Seigneur.</l>
</sp>
<sp who='LE SULTAN'><speaker>LE SULTAN.</speaker>
	<l id='104'>Non, je vois, malgré lui, le trouble de son coeur,</l>
	<l id='105'>Tous ses soins sont pour vous, ignorant ma tendresse...</l>
</sp>
<sp who='ALMÉNORADE'><speaker>ALMÉNORADE.</speaker>
	<l id='106'>Ah, quelle erreur ! Connaissez ma faiblesse,</l>
	<l id='107'>Il me trompait l'ingrat, et lorsque je l'aimais,</l>
	<l id='108'>Que m'unissant à vous, de lui je m'occupais,</l>
	<l id='109'>J'apprends que ce vainqueur aime une Maroquine, </l>
	<l id='110'>Et qu'il veut épouser cette infâme coquine.</l>
	<l id='111'>Par cet hymen affreux, puisqu'il sait m'outrager,</l>
	<l id='112'>Sans hésiter je dois et je veux me venger.</l>
	<l id='113'>Dans ces derniers regrets d'une douleur amère,</l>
	<l id='114'>Pardonnez-moi, Seigneur, cette juste colère ;</l>
	<l id='115'>En m'occupant de vous, je vais voir effacer </l>
	<l id='116'>Le trait que son amour avoir su me lancer...</l>
</sp>
<sp who='LE SULTAN'><speaker>LE SULTAN.</speaker>
	<l id='117'>Orcanor, est-il vrai ? Parlez ici sans feinte.</l>
</sp>
<sp who='ORCANOR'><speaker>ORCANOR.</speaker>
	<l id='118'>Seigneur, le tendre objet dont mon âme est atteinte,</l>
	<l id='119'>Dont je suivrai toujours la trop charmante loi,</l>
	<l id='120'>N'attends a pas longtemps pour recevoir ma foi.</l>
	<l id='121'>Je vous l'ose assurer, même devant Madame,</l>
	<l id='122'>Rien n'éteindra jamais cette divine flamme.</l>
</sp>
<sp who='LE SULTAN'><speaker>LE SULTAN.</speaker>
	<l id='123'>Vous vous jouez ainsi de ma crédulité !</l>
	<l id='124'>Non, non, ne comptez plus, ingrats, sur ma bonté ;</l>
	<l id='125'>J'avais tout entendu, je sais ce qui se passe ;</l>
	<l id='126'>Dans ma juste fureur, n'attendez point de grâce.</l>
<stage type="threat">Il tire son poignard pour frapper Orcanor.</stage>
	<l id='127' part="i">Vous périrez.</l>
</sp>
<sp who='LE SOUFFLEUR'><speaker>LE SOUFFLEUR.</speaker>
<p id='1'>
	<s id='1'>Hé non, Monsieur.</s>
</p>
</sp>
<sp who='LE SULTAN'><speaker>LE SULTAN.</speaker>
	<l id='127' part="f">Vous périrez. </l>
<stage type="turn/toward">Il se tourne du côté d'Alménorade.</stage>
</sp>
<sp who='LE SOUFFLEUR'><speaker>LE SOUFFLEUR.</speaker>
<p id='2'>
	<s id='1'>Arrêtez donc, ce n'est pas cela.</s>
</p>
</sp>
<sp who='LE SULTAN'><speaker>LE SULTAN.</speaker>
<p id='3'>
	<s id='1'>Mais, Monsieur, il faut bien que je tue quelqu'un.</s>
</p>
</sp>
<sp who='LE SOUFFLEUR'><speaker>LE SOUFFLEUR.</speaker>
<p id='4'>
	<s id='1'>Je vous dis que non.</s>
</p>
</sp>
<sp who='LE SULTAN'><speaker>LE SULTAN.</speaker>
<p id='5'>
	<s id='1'>Mais c'est, dans la pièce.</s>
</p>
</sp>
<sp who='LE SOUFFLEUR'><speaker>LE SOUFFLEUR.</speaker>
<p id='6'>
	<s id='1'>Et c'est une faute d'impression...</s>
</p>
</sp>
<sp who='LE SULTAN'><speaker>LE SULTAN.</speaker>
<p id='7'>
	<s id='1'>Comment, voyons ? </s>
</p>
</sp>
<sp stage="location" who='LE SOUFFLEUR'><speaker>LE SOUFFLEUR, sur le théâtre.</speaker>
<p id='8'>
	<s id='1'>Tenez, lisez vous-même.</s>
</p>
</sp>
<sp who='LE SULTAN'><speaker>LE SULTAN.</speaker>
<p id='9'>
	<s id='1'>Mais à la fin.</s>
</p>
</sp>
<sp stage="search" who='LE SOUFFLEUR'><speaker>LE SOUFFLEUR, cherche.</speaker>
<p id='10'>
	<s id='1'>Ah ! Cela est vrai.</s>
</p>
</sp>
<sp who='LE SULTAN'><speaker>LE SULTAN.</speaker>
	<l id='128'>Hé bien, pour mieux t'apprendre à lire l'errata,</l>
	<l id='129'>Imbécile Souffleur, c'est toi qui périra. </l>
<stage type="hit">Il le frappe.</stage>
</sp>
<sp stage="pull" who='LE SOUFFLEUR'><speaker>LE SOUFFLEUR, dans les bras des Gardes.</speaker>
	<l id='130'>Que je suis malheureux ! Je meurs, que l'on m'emporte ;</l>
	<l id='131'>Mais qu'on rende à chacun son argent à la porte.</l>
</sp>
</div2>
</div1>
</body>
</text>
</TEI>