<?xml version="1.0" encoding="utf-8"?>
<TEI xml:lang="fr">
<teiHeader>
	<fileDesc>
		<titleStmt>
			<title>LA RECOMMANDATION, COMÉDIE</title>
			<author type="texte" ISNI="0000 0000 7977 1756">CARMONTELLE, Louis Carrogis, dit Louis de Carmontelle (1717-1806)</author>
		</titleStmt>
		<publicationStmt>
			<publisher>Texte établi par Paul FIEVRE juin 2018</publisher>
			<publisher>publié par Paul FIEVRE juillet 2018</publisher>
			<idno>CARMONTELLE_RECOMMANDATION</idno>
			<rights>Creative Commons BY-NC-SA</rights>
		</publicationStmt>
		<SourceDesc>
			<genre>Proverbe</genre>
			<inspiration>moeurs</inspiration>			<structure>Un acte</structure>
			<type>prose</type>
			<periode>1771-1780</periode>
			<taille>(mesure non pertinente)</taille>
			<permalien></permalien>
		</SourceDesc>
</fileDesc>
</teiHeader>
<text>
	<front>
		<docTitle>
			<titlePart type="main">LA RECOMMANDATION</titlePart>
			<titlePart type="sub">CINQUANTE HUITIÈME PROVERBE.</titlePart>
		</docTitle> 
		<docDate value='1771'>M. DCC. LXXI. Avec Approbation et Privilège du Roi.</docDate>
		<docAuthor id='CARMONTELLE, Louis de' bio='carmontelle'>de CARMONTELLE.</docAuthor>
		<docImprint>
			<printer id='VEUVE-RIBOU'>À Paris, chez Sébastien JORRY, vis à vis le Comédie Française, chez Le JAY, rue Saint Jacques, près celle des Mathurins.</printer>
		</docImprint>
		<performance>
			<premiere date='(inconnue)' location='(inconnue)'></premiere>
		</performance>
	<castList><head>PERSONNAGES</head>
		<castItem><role id="MONSIEUR DE LA BRUYÈRE" sex="1" type="H" statut='aristocrate' age='A' stat_amour='néant'>MONSIEUR DE LA BRUYÈRE</role>.</castItem>
		<castItem><role id="MADAME DE LA BRUYÈRE" sex="2" type="H" statut="conseiller d'État" age='A' stat_amour='néant'>MADAME DE LA BRUYÈRE</role>, conseiller d'État.</castItem>
		<castItem><role id="LA COMTESSE DE SAINT-LÉGER" sex="2" type="H" statut='comte' age='A' stat_amour='néant'>LA COMTESSE DE SAINT-LÉGER</role>.</castItem>
		<castItem><role id="MONSIEUR DUMONT" sex="1" type="H" statut='bourgeois' age='A' stat_amour='néant'>MONSIEUR DUMONT</role>.</castItem>
		<castItem><role id="LE GRAND" sex="1" type="H" statut="valet" age='A' stat_amour='néant'>LE GRAND</role>, valet de Chambre de Monsieur de la Bruyère.</castItem>   </castList>
<set location="Versailles" country="France" periode="XVIIIème" gps='48.801408, 2.130122'>La Scène est chez Madame de la Bruyère.</set>
<note>Dans PROVERBES DRAMATIQUES, Seconde édition, Tome quatrième, huitième partie.</note>
</front>
<body>
<div1 type="act" n="1"><head>LA RECOMMANDATION</head>
<div2 type="scene" n="1"><head>SCÈNE PREMIÈRE. Madame de La Bruyère. Monsieur de La  Bruyère.</head>
<sp who="MADAME DE LA BRUYÈRE"><speaker>MADAME DE LA BRUYÈRE, lisant, un mouchoir à la main.</speaker>
<p id="1">
	<s id="1">Qui est là ?... </s>
	<s id="2">Ah, c'est vous, Monsieur.</s>
</p>
</sp>
<sp who="MONSIEUR DE LA BRUYÈRE"><speaker>MONSIEUR DE LA BRUYÈRE.</speaker>
<p id="2">
	<s id="1">Dans quel état vous voilà ?</s>
</p>
</sp>
<sp who="MADAME DE LA BRUYÈRE"><speaker>MADAME DE LA BRUYÈRE.</speaker>
<p id="3">
	<s id="1">Vous me voyez dans le plus grand attendrissement.</s>
</p>
</sp>
<sp who="MONSIEUR DE LA BRUYÈRE"><speaker>MONSIEUR DE LA BRUYÈRE.</speaker>
<p id="4">
	<s id="1">Quoi toujours avec vos romans.</s>
</p>
</sp>
<sp who="MADAME DE LA BRUYÈRE"><speaker>MADAME DE LA BRUYÈRE.</speaker>
<p id="5">
	<s id="1">Oui, celui-ci est charmant !</s>
</p>
</sp>
<sp who="MONSIEUR DE LA BRUYÈRE"><speaker>MONSIEUR DE LA BRUYÈRE.</speaker>
<p id="6">
	<s id="1">Bon ; c'est toujours la même chose.</s>
</p>
</sp>
<sp who="MADAME DE LA BRUYÈRE"><speaker>MADAME DE LA BRUYÈRE.</speaker>
<p id="7">
	<s id="1">Vous le croyez, et vous n'en avez peut-être jamais lu.</s>
</p>
</sp>
<sp who="MONSIEUR DE LA BRUYÈRE"><speaker>MONSIEUR DE LA BRUYÈRE.</speaker>
<p id="8">
	<s id="1">Pardonnez-moi, autrefois, au Collège ; mais c'est du temps perdu.</s>
</p>
</sp>
<sp who="MADAME DE LA BRUYÈRE"><speaker>MADAME DE LA BRUYÈRE.</speaker>
<p id="9">
	<s id="1">Je ne trouve pas cela. </s>
	<s id="2">Quand des gens vraiment vertueux éprouvent des malheurs qu'ils pourraient faire cesser, s'ils étaient capables de renoncer à l'honneur, à la vertu ; ces situations sont si intéressantes, si touchantes, que je voudrais connaître ces malheureux, pour pouvoir les consoler, adoucir leurs maux, les partager ; ce désir est une jouissance délicieuse !</s>
</p>
</sp>
<sp who="MONSIEUR DE LA BRUYÈRE"><speaker>MONSIEUR DE LA BRUYÈRE.</speaker>
<p id="10">
	<s id="1">Vous n'avez pas besoin de ces livres-là, pour jouir de toute la délicatesse, de toute la sensibilité de votre âme.</s>
</p>
</sp>
<sp who="MADAME DE LA BRUYÈRE"><speaker>MADAME DE LA BRUYÈRE.</speaker>
<p id="11">
	<s id="1">À quoi bon me flatter ? </s>
	<s id="2">Je suis bien aise que vous ayez bonne opinion de moi, certainement ; mais convenez que vous seriez fâché de me voir de l'orgueil ?</s>
</p>
</sp>
<sp who="MONSIEUR DE LA BRUYÈRE"><speaker>MONSIEUR DE LA BRUYÈRE.</speaker>
<p id="12">
	<s id="1">Je ne vous en crois pas capable.</s>
</p>
</sp>
<sp who="MADAME DE LA BRUYÈRE"><speaker>MADAME DE LA BRUYÈRE.</speaker>
<p id="13">
	<s id="1">Et moi, je craindrais d'être toute prête d'en avoir, étant louée par vous.</s>
</p>
</sp>
<sp who="MONSIEUR DE LA BRUYÈRE"><speaker>MONSIEUR DE LA BRUYÈRE.</speaker>
<p id="14">
	<s id="1">Pourquoi ne pas louer ce qu'on aime ; pourquoi ne pas lui rendre justice ?</s>
</p>
</sp>
<sp who="MADAME DE LA BRUYÈRE"><speaker>MADAME DE LA BRUYÈRE.</speaker>
<p id="15">
	<s id="1">Ah, parce que lorsque l'on aime, on peut s'aveugler sur l'objet de son amour, et en lui supposant une perfection aussi grande, on peut l'empêcher d'acquérir la véritable. </s>
	<s id="2">Quand on est bien content de soi, on est bien près de mériter de ne plus l'être.</s>
</p>
</sp>
<sp who="MONSIEUR DE LA BRUYÈRE"><speaker>MONSIEUR DE LA BRUYÈRE.</speaker>
<p id="16">
	<s id="1">Pourquoi cela ?</s>
</p>
</sp>
<sp who="MADAME DE LA BRUYÈRE"><speaker>MADAME DE LA BRUYÈRE.</speaker>
<p id="17">
	<s id="1">Mon Dieu, l'on est si récompensé de faire le bien ; on goûte une si grande satisfaction, qu'il n'y a pas un grand mérite à s'en occuper.</s>
</p>
</sp>
<sp who="MONSIEUR DE LA BRUYÈRE"><speaker>MONSIEUR DE LA BRUYÈRE.</speaker>
<p id="18">
	<s id="1">C'est pousser trop loin le scrupule : lorsque les autres en jouissent, c'est toujours bien fait, n'importe quel en est le principe.</s>
</p>
</sp>
<sp who="MADAME DE LA BRUYÈRE"><speaker>MADAME DE LA BRUYÈRE.</speaker>
<p id="19">
	<s id="1">Vous parlez en homme d'État, ainsi chacun de nous fait son métier.</s>
</p>
</sp>
<sp who="MONSIEUR DE LA BRUYÈRE"><speaker>MONSIEUR DE LA BRUYÈRE.</speaker>
<p id="20">
	<s id="1">Vous faites bien celui d'une femme qui mérite l'estime et l'amour de son mari.</s>
</p>
</sp>
<sp who="MADAME DE LA BRUYÈRE"><speaker>MADAME DE LA BRUYÈRE.</speaker>
<p id="21">
	<s id="1">Comment ne serais-je pas occupée de plaire à l'homme que j'aime et que j'estime le plus ? </s>
	<s id="2">Notre bonheur commun dépend de nous ; vous pensez assez solidement pour fuir les gens frivoles, légers ou perfides ; comment ne les haïrais-je pas, et comment pourrais-je les craindre ? </s>
	<s id="3">L'amour ne se trouve pas toujours avec l'estime ; mais quand ils sont réunis, rien ne peut détruire un attachement de cette espèce.</s>
</p>
</sp>
<sp who="MONSIEUR DE LA BRUYÈRE"><speaker>MONSIEUR DE LA BRUYÈRE.</speaker>
<p id="22">
	<s id="1">Je suis bien aise de vous voir cette façon de penser.</s>
</p>
</sp>
<sp who="MADAME DE LA BRUYÈRE"><speaker>MADAME DE LA BRUYÈRE.</speaker>
<p id="23">
	<s id="1">Si vous étiez capable de quelques goûts passagers, je vous plaindrais ; parce que les remords ne vous en laisseraient pas jouir tranquillement. </s>
	<s id="2">On n'est point jaloux de ce qu'on estime véritablement.</s>
</p>
</sp>
<sp who="MONSIEUR DE LA BRUYÈRE"><speaker>MONSIEUR DE LA BRUYÈRE.</speaker>
<p id="24">
	<s id="1">Vous me charmez ! </s>
	<s id="2">Je ne vous ferai point de ces protestations, ridicules souvent ; parce qu'on ne peut pas répondre dune faiblesse quand on est homme ; mais ces remords dont vous me parlez, m'effrayent si fort, que je me crois au-dessus de danger.</s>
</p>
</sp>
<sp who="MADAME DE LA BRUYÈRE"><speaker>MADAME DE LA BRUYÈRE.</speaker>
<p id="25">
	<s id="1">Ayez de la confiance en moi, et nous nous aimerons toujours.</s>
</p>
</sp>
<sp who="MONSIEUR DE LA BRUYÈRE"><speaker>MONSIEUR DE LA BRUYÈRE.</speaker>
<p id="26">
	<s id="1">Dites une estime réciproque, une amitié durable nous réunira sans cesse ; le passage de l'amour à l'amitié sera insensible, et l'habitude du bonheur l'établira si vivement en nous, que rien ne pourra le détruire.</s>
</p>
</sp>
<sp who="MONSIEUR DE LA BRUYÈRE"><speaker>MONSIEUR DE LA BRUYÈRE.</speaker>
<p id="27">
	<s id="1">Vous me charmez chaque jour de plus en plus, oui...</s>
</p>
</sp>
</div2>
<div2 type="scene" n="2"><head>SCÈNE II. Madame de La Bruyère, Monsieur de La Bruyère, La Comtesse, Le Grand.</head>
<sp who="LE GRAND"><speaker>LE GRAND.</speaker>
<p id="1">
	<s id="1">Madame_la_Comtesse de Saint-Léger,</s>
</p>
</sp>
<sp who="MONSIEUR DE LA BRUYÈRE"><speaker>MONSIEUR DE LA BRUYÈRE.</speaker>
<p id="2">
	<s id="1">Que veut cette femme ?</s>
</p>
</sp>
<sp who="MADAME DE LA BRUYÈRE"><speaker>MADAME DE LA BRUYÈRE.</speaker>
<p id="3">
	<s id="1">Elle aurait été bien surprise, si elle nous avait entendus.</s>
</p>
</sp>
<sp who="LA COMTESSE"><speaker>LA COMTESSE.</speaker>
<p id="4">
	<s id="1">Madame, je suis désespérée de ne m'être pas trouvée chez moi, lorsque vous m'avez fait l'honneur d'y venir.</s>
</p>
</sp>
<sp who="MADAME DE LA BRUYÈRE"><speaker>MADAME DE LA BRUYÈRE.</speaker>
<p id="5">
	<s id="1">Il est vrai, Madame, qu'on ne vous trouve guère.</s>
</p>
</sp>
<sp who="LA COMTESSE"><speaker>LA COMTESSE.</speaker>
<note type="L">Fontainebleau : </note>
<p id="6">
	<s id="1">Oui, je sors beaucoup, pour Monsieur de la Bruyère ; on ne le voit nulle part, et depuis Fontainebleau, je ne l'ai pas rencontré une seule fois.</s>
</p>
</sp>
<sp who="MONSIEUR DE LA BRUYÈRE"><speaker>MONSIEUR DE LA BRUYÈRE.</speaker>
<p id="7">
	<s id="1">Cependant la semaine dernière à Versailles...</s>
</p>
</sp>
<sp who="LA COMTESSE"><speaker>LA COMTESSE.</speaker>
<p id="8">
	<s id="1">Eh mon Dieu oui, à propos, je ne fais ce que je dis. </s>
	<s id="2">Madame, comment vous trouvez-vous de ce temps-là ?</s>
</p>
</sp>
<sp who="MADAME DE LA BRUYÈRE"><speaker>MADAME DE LA BRUYÈRE.</speaker>
<p id="9">
	<s id="1">Mais, Madame, assez bien.</s>
</p>
</sp>
<sp who="LA COMTESSE"><speaker>LA COMTESSE.</speaker>
<p id="10">
	<s id="1">Vous êtes bienheureuse, pour moi il y a des jours où je suis anéantie et, si cela dure... </s>
	<s id="2">À propos, Madame, aimez-vous toujours les tragédies ?</s>
</p>
</sp>
<sp who="MONSIEUR DE LA BRUYÈRE"><speaker>MONSIEUR DE LA BRUYÈRE.</speaker>
<p id="11">
	<s id="1">Oui, Madame, et beaucoup.</s>
</p>
</sp>
<sp who="LA COMTESSE"><speaker>LA COMTESSE.</speaker>
<p id="12">
	<s id="1">Vous en allez avoir une nouvelle, à et qu'on m'a dit, qui sera admirable ; j'ai fait louer une loge, parce que je n'en ai pas à ce spectacle-là, je ne le puis souffrir ; je ne vais qu'à l'Opéra et aux Italiens ; mais pour cette pièce-là, je veux absolument la voir : si vous n'aviez pas de loge, et que vous voulussiez...</s>
</p>
</sp>
<sp who="MADAME DE LA BRUYÈRE"><speaker>MADAME DE LA BRUYÈRE.</speaker>
<p id="13">
	<s id="1">Ma belle-soeur aura la sienne, Madame ; mais je ne vous en suis pas moins obligée de votre offre.</s>
</p>
</sp>
<sp who="LA COMTESSE"><speaker>LA COMTESSE.</speaker>
<p id="14">
	<s id="1">C'est qu'on entend parler pendant huit jours d'une pièce nouvelle, et quand on n'est pas au fait, cela ennuyé à mourir. </s>
	<s id="2">Les livres nouveaux par la même raison, me mettent au désespoir ; c'est la même chose.</s>
</p>
</sp>
<sp who="MONSIEUR DE LA BRUYÈRE"><speaker>MONSIEUR DE LA BRUYÈRE.</speaker>
<p id="15">
	<s id="1">Quoi, Madame, vous n'aimez pas la lecture ?</s>
</p>
</sp>
<sp who="LA COMTESSE"><speaker>LA COMTESSE.</speaker>
<p id="16">
	<s id="1">Pardonnez moi, assez, quand je travaille surtout, cela me distrait ; mais autrement cela fait perdre trop de temps : j'ai toujours du monde, je sors beaucoup et on ne peut pas suffire à tout ce que l'on a à faire. </s>
	<s id="2">D'un autre côté mes voyages de Versailles...</s>
</p>
</sp>
<sp who="MONSIEUR DE LA BRUYÈRE"><speaker>MONSIEUR DE LA BRUYÈRE.</speaker>
<p id="17">
	<s id="1">Mais là, Madame, n'auriez-vous pas le temps de lire pendant vos semaines ?</s>
</p>
</sp>
<sp who="LA COMTESSE"><speaker>LA COMTESSE.</speaker>
<p id="18">
	<s id="1">Non vraiment, j'écris que c'est affreux ! </s>
	<s id="2">Et puis j'ai commencé un ouvrage charmant, je ne saurais le quitter ; j'ai déjà fini un fauteuil.... </s>
	<s id="3">Madame, il faut que je vous dise comment il est.</s>
</p>
</sp>
<sp who="MADAME DE LA BRUYÈRE"><speaker>MADAME DE LA BRUYÈRE.</speaker>
<p id="19">
	<s id="1">Voyons, Madame, parce que je veux faire un meuble.</s>
</p>
</sp>
<sp who="LA COMTESSE"><speaker>LA COMTESSE.</speaker>
<p id="20">
	<s id="1">Oh, il faut que vous fassiez le mien. </s>
	<s id="2">Imaginez, Madame, un fond... </s>
	<s id="3">Je ne peux pas vous bien dire... </s>
	<s id="4">Ce n'est pas jaune, ce n'est pas blanc ; c'est soufre pâle, ou paille ; oui c'est paille : un ruban couleur de noisette et bleu, qui entoure un faisceau de roses, qui fait la bordure ; le milieu, des pavots et des lys, avec des grenades et des instruments de musique.</s>
</p>
</sp>
<sp who="MADAME DE LA BRUYÈRE"><speaker>MADAME DE LA BRUYÈRE.</speaker>
<p id="21">
	<s id="1">Cela doit être superbe !</s>
</p>
</sp>
<sp who="LA COMTESSE"><speaker>LA COMTESSE.</speaker>
<p id="22">
	<s id="1">Vous imaginez bien ?</s>
</p>
</sp>
<sp who="MONSIEUR DE LA BRUYÈRE"><speaker>MONSIEUR DE LA BRUYÈRE.</speaker>
<p id="23">
	<s id="1">Et vous vous assoirez sur des instruments de Musique ?</s>
</p>
</sp>
<sp who="LA COMTESSE"><speaker>LA COMTESSE.</speaker>
<p id="24">
	<s id="1">Oui vraiment. </s>
	<s id="2">Mais à propos, vous avez raison, cela est absurde ! </s>
	<s id="3">Allons me voilà dégoûtée de mon meuble, je ne l'achèverai pas. </s>
	<s id="3">Ah ça, je m'en vais voir Madame votre soeur.</s>
</p>
</sp>
<sp who="MADAME DE LA BRUYÈRE"><speaker>MADAME DE LA BRUYÈRE.</speaker>
<p id="25">
	<s id="1">Eh bien, passez par ici.</s>
</p>
</sp>
<sp who="LA COMTESSE"><speaker>LA COMTESSE.</speaker>
<p id="26">
	<s id="1">Voulez-vous bien, Madame ?</s>
</p>
</sp>
<sp who="MADAME DE LA BRUYÈRE"><speaker>MADAME DE LA BRUYÈRE.</speaker>
<p id="27">
	<s id="1">Sans doute, c'est plus court.</s>
</p>
</sp>
<sp who="LA COMTESSE"><speaker>LA COMTESSE.</speaker>
<p id="28">
	<s id="1">Ah, mon Dieu ! J'oubliais, j'ai une affaire à vous, Monsieur de la Bruyère ; c'est même ce qui m'a fait sortir de bonne heure ; parce que plus tard je craignais de ne pas vous trouver.</s>
</p>
</sp>
<sp who="MONSIEUR DE LA BRUYÈRE"><speaker>MONSIEUR DE LA BRUYÈRE.</speaker>
<p id="29">
	<s id="1">Voulez-vous bien me dire ce que c'est ?</s>
</p>
</sp>
<sp who="LA COMTESSE"><speaker>LA COMTESSE.</speaker>
<p id="30">
	<s id="1">C'est une persécution ; mais vous n'en ferez que ce que vous voudrez.</s>
</p>
</sp>
<sp who="MONSIEUR DE LA BRUYÈRE"><speaker>MONSIEUR DE LA BRUYÈRE.</speaker>
<p id="31">
	<s id="1">Pourquoi ? </s>
	<s id="2">Si cela vous intéresse, je serai charmé...</s>
</p>
</sp>
<sp who="LA COMTESSE"><speaker>LA COMTESSE.</speaker>
<p id="32">
	<s id="1">Vraiment cela m'intéresse beaucoup ; c'est-à-dire comme cela ; c'est mon Oncle qui me tourmente pour faire placer le fils de son Receveur, un joli sujet, il est là dans votre antichambre.</s>
</p>
</sp>
<sp who="MONSIEUR DE LA BRUYÈRE"><speaker>MONSIEUR DE LA BRUYÈRE.</speaker>
<p id="33">
	<s id="1">Voulez-vous que je le fasse entrer ?</s>
</p>
</sp>
<sp who="LA COMTESSE"><speaker>LA COMTESSE.</speaker>
<p id="34">
	<s id="1">Fi donc ! Mon oncle prétend que vous avez des bureaux ; j'ai son mémoire quelque part, voyons dans mon sac ; bon ! je l'ai laissé chez moi. </s>
	<s id="2">Enfin je lui dirai que je vous en ai parlé ; m'en voilà quitte.</s>
</p>
</sp>
<sp who="MONSIEUR DE LA BRUYÈRE"><speaker>MONSIEUR DE LA BRUYÈRE.</speaker>
<p id="35">
	<s id="1">Mais si je pouvais...</s>
</p>
</sp>
<sp who="LA COMTESSE"><speaker>LA COMTESSE.</speaker>
<p id="36">
	<s id="1">Non, je ne veux pas vous tourmenter davantage là-dessus. </s>
	<s id="2">Madame, vous voulez donc bien que je passe par là ?</s>
</p>
</sp>
<sp who="MADAME DE LA BRUYÈRE"><speaker>MADAME DE LA BRUYÈRE.</speaker>
<p id="37">
	<s id="1">Pour cela sûrement.</s>
</p>
</sp>
<sp who="LA COMTESSE"><speaker>LA COMTESSE.</speaker>
<p id="38">
	<s id="1">Je reviendrai par ici, ainsi je vous verrai en sortant.</s>
</p>
</sp>
<sp who="MADAME DE LA BRUYÈRE"><speaker>MADAME DE LA BRUYÈRE.</speaker>
<p id="39">
	<s id="1">Je l'espère bien.</s>
</p>
</sp>
<sp who="LA COMTESSE"><speaker>LA COMTESSE.</speaker>
<p id="40">
	<s id="1">Où voulez-vous donc aller, Monsieur de La Bruyère ? </s>
	<s id="2">Ah ça, je dirai à mon oncle que cela ne se peut pas ; me voilà débarrassée. </s>
	<s id="3">Restez donc là, je vous prie.</s>
</p>
</sp>
<sp who="MONSIEUR DE LA BRUYÈRE"><speaker>MONSIEUR DE LA BRUYÈRE.</speaker>
<p id="41">
	<s id="1">Puisque vous le voulez...</s>
</p>
</sp>
<sp who="LA COMTESSE"><speaker>LA COMTESSE.</speaker>
<p id="41">
	<s id="1">Sans doute, sans doute.</s>
</p>
</sp>
</div2>
<div2 type="scene" n="3"><head>SCÈNE III. Monsieur de La Bruyère, Madame de La Bruyère.</head>
<sp who="MADAME DE LA BRUYÈRE"><speaker>MADAME DE LA BRUYÈRE.</speaker>
<p id="1">
	<s id="1">Voilà un homme bien recommandé.</s>
</p>
</sp>
<sp who="MONSIEUR DE LA BRUYÈRE"><speaker>MONSIEUR DE LA BRUYÈRE.</speaker>
<p id="2">
	<s id="1">Comment voulez-vous que cela soit autrement, avec une femme comme celle-là ?</s>
</p>
</sp>
<sp who="MADAME DE LA BRUYÈRE"><speaker>MADAME DE LA BRUYÈRE.</speaker>
<p id="3">
	<s id="1">C'est inconcevable tout ce qu'elle dit. </s>
	<s id="2">Mais cet homme-là la croit fort occupée de son affaire.</s>
</p>
</sp>
<sp who="MONSIEUR DE LA BRUYÈRE"><speaker>MONSIEUR DE LA BRUYÈRE.</speaker>
<p id="4">
	<s id="1">Sûrement.</s>
</p>
</sp>
<sp who="MADAME DE LA BRUYÈRE"><speaker>MADAME DE LA BRUYÈRE.</speaker>
<p id="5">
	<s id="1">Tenez, cela me fait de la peine ; c'est peut-être quelque malheureux qui n'a aucune ressource.</s>
</p>
</sp>
<sp who="MONSIEUR DE LA BRUYÈRE"><speaker>MONSIEUR DE LA BRUYÈRE.</speaker>
<p id="6">
	<s id="1">Cela ne serait pas étonnant, il y a tant de gens qui meurent de faim.</s>
</p>
</sp>
<sp who="MADAME DE LA BRUYÈRE"><speaker>MADAME DE LA BRUYÈRE.</speaker>
<p id="7">
	<s id="1">Monsieur, si vous pouviez faire quelque chose pour lui.</s>
</p>
</sp>
<sp who="MONSIEUR DE LA BRUYÈRE"><speaker>MONSIEUR DE LA BRUYÈRE.</speaker>
<p id="8">
	<s id="1">Mais je ne le connais pas.</s>
</p>
</sp>
<sp who="MADAME DE LA BRUYÈRE"><speaker>MADAME DE LA BRUYÈRE.</speaker>
<p id="9">
	<s id="1">C'est peut-être réellement un bon sujet, voyez-le.</s>
</p>
</sp>
<sp who="MONSIEUR DE LA BRUYÈRE"><speaker>MONSIEUR DE LA BRUYÈRE.</speaker>
<p id="10">
	<s id="1">Il peut être bon sujet ; mais il faut qu'il sache travailler.</s>
</p>
</sp>
<sp who="MADAME DE LA BRUYÈRE"><speaker>MADAME DE LA BRUYÈRE.</speaker>
<p id="11">
	<s id="1">Avez-vous une place à donner ?</s>
</p>
</sp>
<sp who="MONSIEUR DE LA BRUYÈRE"><speaker>MONSIEUR DE LA BRUYÈRE.</speaker>
<p id="12">
	<s id="1">Oui, j'en ai une.</s>
</p>
</sp>
<sp who="MADAME DE LA BRUYÈRE"><speaker>MADAME DE LA BRUYÈRE.</speaker>
<p id="13">
	<s id="1">Eh bien, parlez-lui, vous jugerez facilement de quoi il est capable. S'il n'avait pas compté sur Madame de Saint-Léger, il aurait trouvé quelqu'un qui l'aurait mieux protégé, ne m'ôtez pas cette satisfaction.</s>
</p>
</sp>
<sp who="MONSIEUR DE LA BRUYÈRE"><speaker>MONSIEUR DE LA BRUYÈRE.</speaker>
<p id="14">
	<s id="1">Ah, mon Dieu, de tout mon coeur,</s>
</p>
</sp>
<sp who="MADAME DE LA BRUYÈRE"><speaker>MADAME DE LA BRUYÈRE.</speaker>
<p id="15">
	<s id="1">Je voudrais que vous puissiez faire quelque chose pour lui ; quand ce ne serait que pour faire sentir à la Comtesse, que quand on ne fait pas mieux les affaires dont on se charge, on ne devrait pas s'en mêler ; et qu'on y fait plus de tort que de bien.</s>
</p>
</sp>
<sp who="MONSIEUR DE LA BRUYÈRE"><speaker>MONSIEUR DE LA BRUYÈRE.</speaker>
<p id="16">
	<s id="1">Je m'en vais le faire entrer.</s>
</p>
<stage type="ring">Il sonne.</stage>
</sp>
</div2>
<div2 type="scene" n="4"><head>SCÈNE IV. Madame de La Bruyère , Monsieur de La Bruyère, Le Grand.</head> 
<sp who="MONSIEUR DE LA BRUYÈRE"><speaker>MONSIEUR DE LA BRUYÈRE.</speaker>
<p id="1">
	<s id="1">Y a-t-il pas quelqu'un là-dedans qui attend Madame de Saint-Léger ?</s>
</p>
</sp>
<sp who="LE GRAND"><speaker>LE GRAND.</speaker>
<p id="2">
	<s id="1">Oui, Monsieur.</s>
</p>
</sp>
<sp who="MONSIEUR DE LA BRUYÈRE"><speaker>MONSIEUR DE LA BRUYÈRE.</speaker>
<p id="3">
	<s id="1">Faites-le entrer.</s>
</p>
</sp>
<sp who="LE GRAND"><speaker>LE GRAND.</speaker>
<p id="4">
	<s id="1">Monsieur, donnez-vous la peine d'entrer.</s>
</p>
</sp>
</div2>
<div2 type="scene" n="5"><head>SCÈNE V. Madame de La Bruyère, Monsieur de La Bruyère, Monsieur Dumont.</head>
<sp who="MONSIEUR DE LA BRUYÈRE"><speaker>MONSIEUR DE LA BRUYÈRE.</speaker>
<p id="1">
	<s id="1">C'est de vous, Monsieur, que Madame de Saint-Léger m'a parlé ?</s>
</p>
</sp>
<sp who="MONSIEUR DUMONT"><speaker>MONSIEUR DUMONT.</speaker>
<p id="2">
	<s id="1">Oui, Monsieur.</s>
</p>
</sp>
<sp stage="toward" who="MADAME DE LA BRUYÈRE"><speaker>MADAME DE LA BRUYÈRE, à Monsieur de la Bruyère.</speaker>
<p id="3">
	<s id="1">Il a l'air d'un honnête homme.</s>
</p>
</sp>
<sp who="MONSIEUR DE LA BRUYÈRE"><speaker>MONSIEUR DE LA BRUYÈRE.</speaker>
<p id="4">
	<s id="1">Oui. Mais, Monsieur, qu'est-ce que vous voudriez avoir ?</s>
</p>
</sp>
<sp who="MONSIEUR DUMONT"><speaker>MONSIEUR DUMONT.</speaker>
<p id="5">
	<s id="1">Est-ce que Madame_la_Comtesse de Saint-Léger, Monsieur, ne vous a pas donné mon mémoire ?</s>
</p>
</sp>
<sp who="MONSIEUR DE LA BRUYÈRE"><speaker>MONSIEUR DE LA BRUYÈRE.</speaker>
<p id="6">
	<s id="1">Non vraiment, elle l'avait oublié.</s>
</p>
</sp>
<sp who="MADAME DE LA BRUYÈRE"><speaker>MADAME DE LA BRUYÈRE.</speaker>
<p id="7">
	<s id="1">Si vous en avez un, Monsieur, donnez-le, ou dites vous-même votre affaire.</s>
</p>
</sp>
<sp who="MONSIEUR DUMONT"><speaker>MONSIEUR DUMONT.</speaker>
<p id="8">
	<s id="1">Si Monsieur vaut se donner la peine de lire, voilà la copie du mémoire que j'avais fait.</s>
</p>
</sp>
<sp who="MONSIEUR DE LA BRUYÈRE"><speaker>MONSIEUR DE LA BRUYÈRE.</speaker>
<p id="9">
	<s id="1">Voyons.</s>
</p>
<stage type="read">Il lit.</stage>
<p id="10">
	<s id="1">Quoi, c'est vous qui travaillez dans les domaines ?</s>
</p>
</sp>
<sp who="MONSIEUR DUMONT"><speaker>MONSIEUR DUMONT.</speaker>
<p id="11">
	<s id="1">Oui, Monsieur.</s>
</p>
</sp>
<sp who="MONSIEUR DE LA BRUYÈRE"><speaker>MONSIEUR DE LA BRUYÈRE.</speaker>
<p id="12">
	<s id="1">On vous avait desservi ?</s>
</p>
</sp>
<sp who="MONSIEUR DUMONT"><speaker>MONSIEUR DUMONT.</speaker>
<p id="13">
	<s id="1">Monsieur...</s>
</p>
</sp>
<sp who="MADAME DE LA BRUYÈRE"><speaker>MADAME DE LA BRUYÈRE.</speaker>
<p id="14">
	<s id="1">Dites naturellement ; il est tout simple de se plaindre ; c'est une consolation qu'on ne doit pas se refuser.</s>
</p>
</sp>
<sp who="MONSIEUR DUMONT"><speaker>MONSIEUR DUMONT.</speaker>
<p id="15">
	<s id="1">Si on le pouvait, sans faire tort à ceux dont on a à se plaindre, je crois que cela pourrait être permis.</s>
</p>
</sp>
<sp who="MADAME DE LA BRUYÈRE"><speaker>MADAME DE LA BRUYÈRE.</speaker>
<p id="16">
	<s id="1">Voilà une façon de penser très honnête.</s>
</p>
</sp>
<sp who="MONSIEUR DE LA BRUYÈRE"><speaker>MONSIEUR DE LA BRUYÈRE.</speaker>
<p id="17">
	<s id="1">Tenez, Monsieur, Dumont, vous aviez une si bonne réputation, que je vous ai fait chercher partout ; je vous ai demandé à Monsieur de la Bonde, il m'a dit qu'il ne savait ce que vous étiez devenu.</s>
</p>
</sp>
<sp who="MONSIEUR DUMONT"><speaker>MONSIEUR DUMONT.</speaker>
<p id="18">
	<s id="1">Je le crois bien, Monsieur ; c'est lui qui m'a perdu.</s>
</p>
</sp>
<sp who="MADAME DE LA BRUYÈRE"><speaker>MADAME DE LA BRUYÈRE.</speaker>
<p id="19">
	<s id="1">Et comment cela ?</s>
</p>
</sp>
<sp who="MONSIEUR DUMONT"><speaker>MONSIEUR DUMONT.</speaker>
<p id="20">
	<s id="1">J'avais eu ce bonheur de plaire à Monsieur de Rondière chez qui se tient le bureau...</s>
</p>
</sp>
<sp who="MONSIEUR DE LA BRUYÈRE"><speaker>MONSIEUR DE LA BRUYÈRE.</speaker>
<p id="21">
	<s id="1">Il m'a beaucoup parlé de vous, Monsieur de Rondière, c'était ce qui m'avait donné envie de vous avoir.</s>
</p>
</sp>
<sp who="MADAME DE LA BRUYÈRE"><speaker>MADAME DE LA BRUYÈRE.</speaker>
<p id="22">
	<s id="1">Laissez-le donc achever, Monsieur.</s>
</p>
</sp>
<sp who="MONSIEUR DUMONT"><speaker>MONSIEUR DUMONT.</speaker>
<p id="23">
	<s id="1">Eh bien, Monsieur de la Bonde a profité de trois jours, que je n'ai pas pu quitter ma mère, qui était à toute extrémité, pour me faire ôter mon emploi.</s>
</p>
</sp>
<sp who="MADAME DE LA BRUYÈRE"><speaker>MADAME DE LA BRUYÈRE.</speaker>
<p id="24">
	<s id="1">C'est affreux ! Et est-elle un peu à son aise, Madame votre mère ?</s>
</p>
</sp>
<sp who="MONSIEUR DUMONT"><speaker>MONSIEUR DUMONT.</speaker>
<p id="25">
	<s id="1">Ah, Madame ; c'est là ce qui cause mon désespoir ! </s>
	<s id="2">Avec mon emploi je l'aidais à vivre, et je comptais en augmentant d'appointements pouvoir mieux la soulager encore, et l'on m'a ôté toutes mes ressources !</s>
</p>
</sp>
<sp stage="toward" who="MADAME DE LA BRUYÈRE"><speaker>MADAME DE LA BRUYÈRE, à Monsieur de La Bruyère.</speaker>
<p id="26">
	<s id="1">Monsieur, est-ce que cela ne vous touche pas ?</s>
</p>
<stage type="toward">À Monsieur Dumont. </stage>
<p id="27">
	<s id="1">Et est-elle guérie du moins ?</s>
</p>
</sp>
<sp who="MONSIEUR DUMONT"><speaker>MONSIEUR DUMONT.</speaker>
<p id="28">
	<s id="1">Non, Madame : de cette maladie elle est devenue aveugle, et mon malheur l'a accablée de chagrin. </s>
	<s id="2">Je vous demande bien pardon de vous exposer tout cela ; mais je ne l'aurais jamais fait, si votre bonté ne m'avait rassuré, sans m'humilier.</s>
</p>
</sp>
<sp who="MADAME DE LA BRUYÈRE"><speaker>MADAME DE LA BRUYÈRE.</speaker>
<p id="29">
	<s id="1">J'aime beaucoup votre façon de sentir, et de penser, Monsieur Dumont.</s>
</p>
</sp>
<sp who="MONSIEUR DE LA BRUYÈRE"><speaker>MONSIEUR DE LA BRUYÈRE.</speaker>
<p id="30">
	<s id="1">Et moi aussi, et je vais vous le prouver.</s>
</p>
</sp>
<sp stage="toward" who="MADAME DE LA BRUYÈRE"><speaker>MADAME DE LA BRUYÈRE, à Monsieur de La Bruyère.</speaker>
<p id="31">
	<s id="1">Ah, Monsieur, que je vous en aurai d'obligation !</s>
</p>
</sp>
<sp who="MONSIEUR DE LA BRUYÈRE"><speaker>MONSIEUR DE LA BRUYÈRE.</speaker>
<p id="32">
	<s id="1">Vous êtes folle. </s>
	<s id="2">Je suis trop heureux de pouvoir avoir Monsieur Dumont, s'il le veut bien.</s>
</p>
</sp>
<sp who="MONSIEUR DUMONT"><speaker>MONSIEUR DUMONT.</speaker>
<p id="33">
	<s id="1">Monsieur, je suis pénétré de reconnaissance...</s>
</p>
</sp>
<sp who="MADAME DE LA BRUYÈRE"><speaker>MADAME DE LA BRUYÈRE.</speaker>
<p id="34">
	<s id="1">Vous lui donnez donc la place que vous avez ?</s>
</p>
</sp>
<sp who="MONSIEUR DE LA BRUYÈRE"><speaker>MONSIEUR DE LA BRUYÈRE.</speaker>
<p id="35">
	<s id="1">Non.</s>
</p>
</sp>
<sp who="MADAME DE LA BRUYÈRE"><speaker>MADAME DE LA BRUYÈRE.</speaker>
<p id="36">
	<s id="1">Ah, pourquoi ?</s>
</p>
</sp>
<sp who="MONSIEUR DE LA BRUYÈRE"><speaker>MONSIEUR DE LA BRUYÈRE.</speaker>
<p id="37">
	<s id="1">Parce qu'elle n'est pas assez bonne ; mais comme mon secrétaire est vieux et qu'il a besoin de se reposer, voilà la place que je lui offre : il me faut quelqu'un de confiance, et je crois que je ne peux pas mieux choisir.</s>
</p>
</sp>
<sp who="MADAME DE LA BRUYÈRE"><speaker>MADAME DE LA BRUYÈRE.</speaker>
<p id="38">
	<s id="1">Ah, Monsieur, vous me faites un plaisir !...</s>
</p>
</sp>
<sp who="MONSIEUR DE LA BRUYÈRE"><speaker>MONSIEUR DE LA BRUYÈRE.</speaker>
<p id="39">
	<s id="1">Et je pense même, que pour qu'il puisse continuer de rendre à sa mère tous ses soins, sans se détourner, nous pourrions lui donner ici un logement.</s>
</p>
</sp>
<sp who="MADAME DE LA BRUYÈRE"><speaker>MADAME DE LA BRUYÈRE.</speaker>
<p id="40">
	<s id="1">Assurément, j'allais vous le proposer, vous m'avez prévenue.</s>
</p>
</sp>
<sp who="MONSIEUR DE LA BRUYÈRE"><speaker>MONSIEUR DE LA BRUYÈRE.</speaker>
<p id="41">
	<s id="1">Je fuis charmé que nous ayons eu la même idée.</s>
</p>
</sp>
<sp stage="toward/sit" who="MADAME DE LA BRUYÈRE"><speaker>MADAME DE LA BRUYÈRE à Monsieur Dumont qui s'appuie sur une chaise. </speaker>
<p id="42">
	<s id="">Monsieur Dumont, qu'avez-vous ?</s>
</p>
</sp>
<sp who="MONSIEUR DUMONT"><speaker>MONSIEUR DUMONT.</speaker>
<p id="43">
	<s id="1">Madame, je suis si saisi d'étonnement, d'admiration, que tout mon regret est de ne pouvoir pas vous témoigner ma reconnaissance, comme je le désire...</s>
</p>
</sp>
</div2>
<div2 type="scene" n="6"><head>SCÈNE VI. Madame de La Bruyère, Monsieur de La
Bruyère, La Comtesse, Monsieur Dumont.</head>
<sp who="MONSIEUR DUMONT"><speaker>MONSIEUR DUMONT, allant à la Comtefel.</speaker>
<p id="1">
	<s id="1">Ah, Madame_la_Comtesse !...</s>
</p>
</sp>
<sp stage="strong" who="LA COMTESSE"><speaker>LA COMTESSE sèchement à M. Dumont.</speaker>
<p id="2">
	<s id="1">Eh bien, pourquoi donc êtes-vous entrée ici ?</s>
</p>
</sp>
<sp who="MONSIEUR DUMONT"><speaker>MONSIEUR DUMONT.</speaker>
<p id="3">
	<s id="1">Ah, Madame !... </s>
	<s id="2">Je ne puis pas parler ....</s>
</p>
</sp>
<sp who="LA COMTESSE"><speaker>LA COMTESSE.</speaker>
<p id="4">
	<s id="1">Mais, Monsieur, ce n'est pas ma faute si vous n'avez pas réussi, vous demandez une chose impossible, Monsieur de la Bruyère doit vous l'avoir dit, je lui ai donné votre mémoire.</s>
</p>
</sp>
<sp stage="estonish" who="MONSIEUR DUMONT"><speaker>MONSIEUR DUMONT, étonné.</speaker>
<p id="5">
	<s id="1">Mais...</s>
</p>
</sp>
<sp who="LA COMTESSE"><speaker>LA COMTESSE.</speaker>
<p id="6">
	<s id="1">Je vous dis que j'ai fait l'impossible : vous direz à mon oncle, que ce n'est pas ma faute.</s>
</p>
</sp>
<sp who="MONSIEUR DUMONT"><speaker>MONSIEUR DUMONT.</speaker>
<p id="7">
	<s id="1">Je n'y comprends rien : quoi, ce n'est pas à vous, Madame, que je dois le bonheur qui m'arrive ?</s>
</p>
</sp>
<sp who="LA COMTESSE"><speaker>LA COMTESSE.</speaker>
<p id="8">
	<s id="1">Quel bonheur donc ? </s>
	<s id="2">Je crains que la tête ne lui ai tourné, il faut le renvoyer. </s>
	<s id="3">Allons, en voilà assez.</s>
</p>
</sp>
<sp who="MADAME DE LA BRUYÈRE"><speaker>MADAME DE LA BRUYÈRE.</speaker>
<p id="9">
	<s id="1">Non, Madame, la tête ne lui a pas tourné ; mais il faut vous avouer ce qui est arrivé.</s>
</p>
</sp>
<sp who="LA COMTESSE"><speaker>LA COMTESSE.</speaker>
<p id="10">
	<s id="1">Quoi, réellement lui auriez-vous donné l'emploi que je demandais pour lui ? </s>
	<s id="2">J'en serais charmé ; c'est un très honnête garçon à qui je m'intéresse vivement et vous ne sauriez me faire un plus grand plaisir.</s>
</p>
</sp>
<sp who="MADAME DE LA BRUYÈRE"><speaker>MADAME DE LA BRUYÈRE.</speaker>
<p id="11">
	<s id="1">La manière dont vous vous y intéressez, Madame, m'a fait faire quelques réflexions et c'est moi qui ai engagé Monsieur de la Bruyère à le voir.</s>
</p>
</sp>
<sp who="LA COMTESSE"><speaker>LA COMTESSE.</speaker>
<p id="12">
	<s id="1">Madame, je vous en fais tous mes remerciements.</s>
</p>
</sp>
<sp who="MADAME DE LA BRUYÈRE"><speaker>MADAME DE LA BRUYÈRE.</speaker>
<p id="13">
	<s id="1">Madame, vous ne nous en devez aucun ; et c'est son mérite qui a déterminé Monsieur de la Bruyère en sa faveur.</s>
</p>
</sp>
<sp stage="toward" who="LA COMTESSE"><speaker>LA COMTESSE, à Monsieur de la Bruyère.</speaker>
<p id="14">
	<s id="1">Si je n'avais pas su ce qu'il valait, je ne vous en aurais pas parlé non plus. </s>
	<s id="2">Mon oncle viendra sûrement vous remercier. </s>
	<s id="3">À propos, Monsieur de la Bruyère, j'ai à vous solliciter pour moi-même.</s>
</p>
</sp>
<sp who="MONSIEUR DE LA BRUYÈRE"><speaker>MONSIEUR DE LA BRUYÈRE.</speaker>
<p id="15">
	<s id="1">Si vous sollicitez aussi bien que pour les autres, vous devez être sûr de réussir.</s>
</p>
</sp>
<sp who="LA COMTESSE"><speaker>LA COMTESSE.</speaker>
<p id="16">
	<s id="1">Vous plaisantez toujours : mais je vous en prie, écoutez moi. </s>
	<s id="2">J'ai un échange à proposer au Roi, d'une partie de terre qui pourrait lui convenir en me cédant une autre portion de domaines, qui m'agrandirait et rendrait ma terre bien plus agréable. </s>
	<s id="3">Me ferez-vous ce plaisir-là ?</s>
</p>
</sp>
<sp who="MONSIEUR DE LA BRUYÈRE"><speaker>MONSIEUR DE LA BRUYÈRE.</speaker>
<p id="17">
	<s id="1">C'est une chose à examiner,</s>
</p>
</sp>
<sp who="LA COMTESSE"><speaker>LA COMTESSE.</speaker>
<p id="18">
	<s id="1">Eh bien, je vous apporterai tous mes papiers un de ces jours.</s>
</p>
</sp>
<sp who="MONSIEUR DE LA BRUYÈRE"><speaker>MONSIEUR DE LA BRUYÈRE.</speaker>
<p id="19">
	<s id="1">Ne vous donnez pas cette peine-là. </s>
	<s id="2">Envoyez-les à Monsieur Dumont ; c'est lui qui a cette partie-là actuellement et si ce que vous demandez est juste, je ne doute pas qu'il ne fasse valoir vos intérêts.</s>
</p>
</sp>
<sp who="LA COMTESSE"><speaker>LA COMTESSE.</speaker>
<p id="20">
	<s id="1">Monsieur Dumont ? </s>
	<s id="2">Je ne le connais pas.</s>
</p>
</sp>
<sp who="MADAME DE LA BRUYÈRE"><speaker>MADAME DE LA BRUYÈRE.</speaker>
<p id="21">
	<s id="1">Il est pourtant devant vous, Madame ; mon mari le prend pour secrétaire.</s>
</p>
</sp>
<sp stage="surprise" who="LA COMTESSE"><speaker>LA COMTESSE, surprise.</speaker>
<p id="22">
	<s id="1">Quoi, Monsieur ? </s>
	<s id="2">Ah ! mais ; j'en suis ravie ! </s>
	<s id="3">Monsieur Dumont, je vous recommande mon affaire au moins ; j'espère qu'à la considération de mon oncle, vous voudrez bien la rapporter favorablement.</s>
</p>
</sp>
<sp who="MONSIEUR DUMONT"><speaker>MONSIEUR DUMONT.</speaker>
<p id="23">
	<s id="1">Madame, je serai trop heureux de pouvoir vous prouver combien je suis reconnaissant de toutes vos bontés.</s>
</p>
</sp>
<sp who="LA COMTESSE"><speaker>LA COMTESSE.</speaker>
<p id="24">
	<s id="1">Ne parlons pas de cela. </s>
	<s id="2">Madame, vous ne vous ne voulez donc pas de ma loge pour la pièce nouvelle ?</s>
</p>
</sp>
<sp who="MADAME DE LA BRUYÈRE"><speaker>MADAME DE LA BRUYÈRE.</speaker>
<p id="25">
	<s id="1">Madame, sans mes engagements, j'en profiterais avec grand plaisir.</s>
</p>
</sp>
<sp who="LA COMTESSE"><speaker>LA COMTESSE.</speaker>
<p id="26">
	<s id="1">Je m'enfuis, j'ai tout plein de visites à faire ; je suis charmée d'avoir eu l'honneur de vous trouver. </s>
	<s id="2">Où allez-vous donc ? </s>
	<s id="3">Je vous en prie.</s>
</p>
</sp>
<sp who="MADAME DE LA BRUYÈRE"><speaker>MADAME DE LA BRUYÈRE.</speaker>
<p id="27">
	<s id="1">Puisque vous me le défendez absolument...</s>
</p>
</sp>
<sp who="LA COMTESSE"><speaker>LA COMTESSE.</speaker>
<p id="28">
	<s id="1">Vous vous moquez de moi. </s>
	<s id="2">Allons, Monsieur de La Bruyère, n'allez-vous pas encore vouloir me conduire aussi ?</s>
</p>
</sp>
<sp who="MONSIEUR DE LA BRUYÈRE"><speaker>MONSIEUR DE LA BRUYÈRE.</speaker>
<p id="29">
	<s id="1">Mais...</s>
</p>
</sp>
<sp who="LA COMTESSE"><speaker>LA COMTESSE.</speaker>
<p id="30">
	<s id="1">Non, je veux que vous restiez. </s>
	<s id="2">Monsieur Dumont, je me recommande à vous. </s>
	<s id="3">J'espère que vous viendrez nous voir ?</s>
</p>
</sp>
<sp who="MONSIEUR DUMONT"><speaker>MONSIEUR DUMONT.</speaker>
<p id="31">
	<s id="1">Madame, j'aurai l'honneur de vous aller remercier.</s>
</p>
</sp>
</div2>
<div2 type="scene" n="7"><head>SCÈNE VII. Madame de La Bruyère, Monsieur de La Bruyère, Monsieur Dumont.</head>
<sp who="MONSIEUR DE LA BRUYÈRE"><speaker>MONSIEUR DE LA BRUYÈRE.</speaker>
<p id="1">
	<s id="1">Vous étiez là en bonnes mains, Monsieur Dumont.</s>
</p>
</sp>
<sp who="MONSIEUR DUMONT"><speaker>MONSIEUR DUMONT.</speaker>
<p id="2">
	<s id="1">Quoi, Monsieur, est-ce que Madame_la_Comtesse ne vous avait pas parlé en ma faveur ?</s>
</p>
</sp>
<sp who="MADAME DE LA BRUYÈRE"><speaker>MADAME DE LA BRUYÈRE.</speaker>
<p id="3">
	<s id="1">Ah, d'une jolie manière ! </s>
	<s id="2">Elle vous avait bien recommandé.</s>
</p>
</sp>
<sp who="MONSIEUR DUMONT"><speaker>MONSIEUR DUMONT.</speaker>
<p id="4">
	<s id="1">Je sens bien plus les obligations...</s>
</p>
</sp>
<sp who="MONSIEUR DE LA BRUYÈRE"><speaker>MONSIEUR DE LA BRUYÈRE.</speaker>
<p id="5">
	<s id="1">Vous n'en avez qu'à votre mérite. </s>
	<s id="2">Ne parlons plus de cela. </s>
	<s id="3">Demain matin, je vous verrai ?</s>
</p>
</sp>
<sp who="MONSIEUR DUMONT"><speaker>MONSIEUR DUMONT.</speaker>
<p id="6">
	<s id="1">Oui, Monsieur, j'aurai cet honneur-là. </s>
	<s id="2">Mais j'ai un scrupule, je crains d'ôter une place à quelqu'un qui vaut sûrement mieux que moi.</s>
</p>
</sp>
<sp who="MONSIEUR DE LA BRUYÈRE"><speaker>MONSIEUR DE LA BRUYÈRE.</speaker>
<p id="7">
	<s id="1">Tranquillisez-vous, ce quelqu'un ne sera pas à plaindre, il vous connaît de réputation, et il sera sûrement votre ami.</s>
</p>
</sp>
<sp who="MADAME DE LA BRUYÈRE"><speaker>MADAME DE LA BRUYÈRE.</speaker>
<p id="8">
	<s id="1">Nous vous montrerons aussi demain l'établissement de Madame votre mère.</s>
</p>
</sp>
<sp who="MONSIEUR DUMONT"><speaker>MONSIEUR DUMONT.</speaker>
<p id="9">
	<s id="1">Je ne sais si je veille, tant je suis étonné de tout ce qui m'arrive ; mais je suis bien sûr du plaisir que je vais faire à ma mère et de tous les efforts que je ferai pour mériter toute ma vie au tant de bontés.</s>
</p>
<stage type="exit">Il se retire.</stage>
</sp>
</div2>
<div2 type="scene" n="8"><head>SCÈNE VIII. Madame de La Bruyère, Monsieur de La Bruyère.</head>
<sp who="MADAME DE LA BRUYÈRE"><speaker>MADAME DE LA BRUYÈRE.</speaker>
<p id="1">
	<s id="1">Je me suis un peu réjouie de l'embarras de la Comtesse.</s>
</p>
</sp>
<sp who="MONSIEUR DE LA BRUYÈRE"><speaker>MONSIEUR DE LA BRUYÈRE.</speaker>
<p id="2">
	<s id="1">Je n'ai pas pu m'empêcher de la renvoyer pour son affaire à Monsieur Dumont.</s>
</p>
</sp>
<sp who="MADAME DE LA BRUYÈRE"><speaker>MADAME DE LA BRUYÈRE.</speaker>
<p id="3">
	<s id="1">Oui, dont elle ne savait seulement pas le nom.</s>
</p>
</sp>
<sp who="MONSIEUR DE LA BRUYÈRE"><speaker>MONSIEUR DE LA BRUYÈRE.</speaker>
<p id="4">
	<s id="1">Cela m'a diverti, je l'avoue.</s>
</p>
</sp>
<sp who="MADAME DE LA BRUYÈRE"><speaker>MADAME DE LA BRUYÈRE.</speaker>
<p id="5">
	<s id="1">Ce qu'il y a de sûr, c'est que voilà une bien bonne journée pour moi.</s>
</p>
</sp>
<sp who="MONSIEUR DE LA BRUYÈRE"><speaker>MONSIEUR DE LA BRUYÈRE.</speaker>
<p id="6">
	<s id="1">Je vous réponds que c'est un très bon sujet que cet homme-là.</s>
</p>
</sp>
<sp who="MADAME DE LA BRUYÈRE"><speaker>MADAME DE LA BRUYÈRE.</speaker>
<p id="7">
	<s id="1">Je l'aurais juré en le voyant.</s>
</p>
</sp>
<sp who="MONSIEUR DE LA BRUYÈRE"><speaker>MONSIEUR DE LA BRUYÈRE.</speaker>
<p id="8">
	<s id="1">Où soupez-vous ce soir ?</s>
</p>
</sp>
<sp who="MADAME DE LA BRUYÈRE"><speaker>MADAME DE LA BRUYÈRE.</speaker>
<p id="9">
	<s id="1">Chez ma mère. </s>
	<s id="2">Y viendrez-vous ?</s>
</p>
</sp>
<sp who="MONSIEUR DE LA BRUYÈRE"><speaker>MONSIEUR DE LA BRUYÈRE.</speaker>
<p id="10">
	<s id="1">Un peu tard, et je vous ramènerai.</s>
</p>
</sp>
<sp who="MADAME DE LA BRUYÈRE"><speaker>MADAME DE LA BRUYÈRE.</speaker>
<p id="11">
	<s id="1">En ce cas-là, je renverrai mes chevaux. </s>
	<s id="2">À ce soir, je vais m'habiller. </s>
	<s id="3">Adieu, Monsieur.</s>
</p>
</sp>
<sp stage="exit" who="MONSIEUR DE LA BRUYÈRE"><speaker>MONSIEUR DE LA BRUYÈRE, en s'en allant.</speaker>
<p id="12">
	<s id="1">Vous êtes bien contente.</s>
</p>
</sp>
<sp who="MADAME DE LA BRUYÈRE"><speaker>MADAME DE LA BRUYÈRE.</speaker>
<p id="13">
	<s id="1">Oh pour cela oui !</s>
</p>
</sp>
</div2>
</div1>
</body>
</text>
</TEI>