<?xml version="1.0" encoding="utf-8"?>
<TEI xml:lang="fr">
<teiHeader>
	<fileDesc>
		<titleStmt>
			<title>L'AUTEUR AVANTAGEUX, COMÉDIE</title>
			<author type="texte" ISNI="0000 0000 7977 1756">Louis Carrogis de CARMONTELLE (1717-1806)</author>
		</titleStmt>
		<publicationStmt>
			<publisher>publié par Paul FIEVRE novembre 2012, revu janvier </publisher>
			<idno>CARMONTELLE_AUTEURAVANTAGEUX</idno>
			<rights>Creative Commons BY-NC-SA</rights>
		</publicationStmt>
		<SourceDesc>
			<genre>Proverbe</genre>
			<inspiration>moeurs</inspiration>			<structure>Un acte</structure>
			<type>prose</type>
			<periode>1761-1770</periode>
			<taille>(mesure non pertinente)</taille>
			<permalien></permalien>
		</SourceDesc>
</fileDesc>
</teiHeader>
<text>
	<front>
		<docTitle>
			<titlePart type="main">L'AUTEUR AVANTAGEUX.</titlePart>
			<titlePart type="sub">COMÉDIE.</titlePart>
			<titlePart type="sub">TRENTE-HUITIÈME PROVERBE.</titlePart>
		</docTitle> 
		<docDate value='1768'>M. DCC. LXXI. Avec Approbation et Privilège du Roi.</docDate>
		<docAuthor id='CARMONTELLE, Louis de' bio='carmontelle'>de CARMONTELLE.</docAuthor>
		<docImprint>
			<printer id='JORRY'>À Paris, chez Sébastien JORRY, vis à vis le Comédie Française, chez Le JAY, rue Saint Jacques, près celle des Mathurins.</printer>
		</docImprint>
		<performance>
			<premiere date='1768' location='chez Madame la Marquise de Mauconseil'>Représenté pour la première fois en 1768 à Bagatelle chez Madame la Marquise de Mauconseil.</premiere>
		</performance>
	<castList><head>PERSONNAGES</head>
		<castItem><role id="L'ABBÉ" sex="1" type="H" statut='abbé' age='A' stat_amour='néant'>L'ABBÉ</role>.</castItem>
		<castItem><role id="LE CHEVALIER" sex="1" type="H" statut='chevalier' age='A' stat_amour='néant'>LE CHEVALIER</role>.</castItem>
		<castItem><role id="LE COMÉDIEN" sex="1" type="H" statut='comédien' age='A' stat_amour='néant'>LE COMÉDIEN</role>.</castItem>
   </castList>
	<set location="Paris" country="France" periode="XVIIIème" gps="48.856614, 2.352222">La scène est dans le jardin du Luxembourg.</set>
</front>
<body>
<div1 type="act" n='1'><head>L'AUTEUR AVANTAGEUX</head>
<div2 type="scene" n='1'><head>SCÈNE PREMIÈRE. L'Abbé, Le Chevalier.</head>
<sp who='LE CHEVALIER'><speaker>LE CHEVALIER.</speaker>
<p id='1'>
	<s id='1'>Ah, l'Abbé, je suis enchanté de vous rencontrer ; il y a mille ans que nous ne nous sommes vus nulle-part.</s>
</p>
</sp>
<sp who="L'ABBÉ"><speaker>L'ABBÉ.</speaker>
<p id='2'>
	<s id='1'>Il est vrai, et j'en suis pour le moins aussi fâché que vous ; mais j'ai eu beaucoup d'affaires.</s>
</p>
</sp>
<sp who='LE CHEVALIER'><speaker>LE CHEVALIER.</speaker>
<p id='3'>
	<s id='1'>Et, votre tragédie, est-elle finie ?</s>
</p>
</sp>
<sp who="L'ABBÉ"><speaker>L'ABBÉ.</speaker>
<p id='4'>
	<s id='1'>Oui, c'est cela, en partie , qui m'a occupé ; parce que lorsqu'on est en train, il ne faut pas quitter.</s>
</p>
</sp>
<sp who='LE CHEVALIER'><speaker>LE CHEVALIER.</speaker>
<p id='5'>
	<s id='1'>Sans doute la chaleur se perd, et cela ne se retrouve pas quand on veut. </s>
	<s id='2'>On dit que c'est un ouvrage admirable.</s>
</p>
</sp>
<sp who="L'ABBÉ"><speaker>L'ABBÉ.</speaker>
<p id='6'>
	<s id='1'>Mais je crois qu'il y a des choses que peu de gens seraient capables de faire. </s>
	<s id='2'>Je vous la lirai un de ces jours, si vous voulez.</s>
</p>
</sp>
<sp who='LE CHEVALIER'><speaker>LE CHEVALIER.</speaker>
<p id='7'>
	<s id='1'>J'en ferai enchanté. </s>
	<s id='2'>Quel sujet avez-vous pris ?</s>
</p>
</sp>
<sp who="L'ABBÉ"><speaker>L'ABBÉ.</speaker>
<note type="L">Alep : ville de Syrie.</note>
<p id='8'>
	<s id='1'>C'est un sujet de pure invention. </s>
	<s id='2'>Cela s'appelle le Bacha d'Alep ; mais il n'y a rien là de tout ce que vous connaissez ; on ne paraît rien, et l'on est toujours surpris.</s>
</p>
</sp>
<sp who='LE CHEVALIER'><speaker>LE CHEVALIER.</speaker>
<p id='9'>
	<s id='1'>C'est très bien.</s>
</p>
</sp>
<sp who="L'ABBÉ"><speaker>L'ABBÉ.</speaker>
<p id='10'>
	<s id='1'>L'âme est remuée, brisée, calmée ; on espère, on désire , on craint ; on est près d'être heureux, l'abîme s'ouvre, le désespoir vous y précipite, la Raison vous retient ; mais l'amour vous entraîne, tout est perdu ; lorsque la tyrannie est terrassée sous le poids des remords, la vertu est récompensée et prouve qu'elle est seule le vrai chemin du bonheur.</s>
</p>
</sp>
<sp who='LE CHEVALIER'><speaker>LE CHEVALIER.</speaker>
<p id='11'>
	<s id='1'>Que de choses, l'Abbé, dans tout cela !</s>
</p>
</sp>
<sp who="L'ABBÉ"><speaker>L'ABBÉ.</speaker>
<p id='12'>
	<s id='1'>Je ne vous dis rien ; il faut voir l'enchaînement des événements, les détails... </s>
	<s id='2'>Il n'y a point de vers qui ne soient frappés au bon coin, qui ne peignent, qui ne saisissent, qui... </s>
	<s id='3'>Je suis quelquefois étonné d'avoir pu faire un ouvrage pareil.</s>
</p>
</sp>
<sp who='LE CHEVALIER'><speaker>LE CHEVALIER.</speaker>
<p id='13'>
	<s id='1'>La chaleur avec laquelle vous en parlez, prouve bien que vous seul en êtes capable.</s>
</p>
</sp>
<sp who="L'ABBÉ"><speaker>L'ABBÉ.</speaker>
<p id='14'>
	<s id='1'>Monsieur, j'avais vu admirer nos plus belles tragédies, j'en avais bien senti aussi toutes les beautés ; car je suis juste, j'avoue qu'il y en a ; mais je trouvais qu'il manquait toujours quelque chose à l'ouvrage le plus parfait dans ce genre.</s>
</p>
</sp>
<sp who='LE CHEVALIER'><speaker>LE CHEVALIER.</speaker>
<p id='15'>
	<s id='1'>Ce que c'est que de bien voir ! </s>
	<s id='2'>Je suis un grand ignorant moi ; car je suis content de presque toutes celles qui sont restées.</s>
</p>
</sp>
<sp who="L'ABBÉ"><speaker>L'ABBÉ.</speaker>
<p id='16'>
	<s id='1'>Hé bien, moi, je vois souvent dans celles qui tombent, des lueurs de génie, qui ne sont pas dans les autres.</s>
</p>
</sp>
<sp who='LE CHEVALIER'><speaker>LE CHEVALIER.</speaker>
<p id='17'>
	<s id='1'>Réellement ?</s>
</p>
</sp>
<sp who="L'ABBÉ"><speaker>L'ABBÉ.</speaker>
<p id='18'>
	<s id='1'>Je dis, très souvent.</s>
</p>
</sp>
<sp who='LE CHEVALIER'><speaker>LE CHEVALIER.</speaker>
<p id='19'>
	<s id='1'>C'est admirable cela ! </s>
	<s id='2'>Par exemple.</s>
</p>
</sp>
<sp who="L'ABBÉ"><speaker>L'ABBÉ.</speaker>
<p id='20'>
	<s id='1'>Non, c'est tout simple, et je dois voir comme cela moi ; parce que je travaille ; vous ne voyez vous que le cadran de la montre, et moi j'en vois les ressorts, la mécanique. </s>
	<s id='2'>Je remonte au principe ; or on ne voyage jamais qu'on n'en retire quelque fruit, selon l'étendue de ses connaissances, vous entendez bien !</s>
</p>
</sp>
<sp who='LE CHEVALIER'><speaker>LE CHEVALIER.</speaker>
<p id='21'>
	<s id='1'>À merveille !</s>
</p>
</sp>
<sp who="L'ABBÉ"><speaker>L'ABBÉ.</speaker>
<p id='22'>
	<s id='1'>Je me suis demandé à moi-même ; pourquoi dans cette pièce, dont tout le monde est enchanté, ai-je désiré quelque chose ? </s>
	<s id='2'>Je cherche ensuite ce que j'ai désiré, et je le trouve ; à force de travailler, j'étais parvenu au point de pouvoir être sûr de perfectionner toutes les pièces.</s>
</p>
</sp>
<sp who='LE CHEVALIER'><speaker>LE CHEVALIER.</speaker>
<p id='23'>
	<s id='1'>Quelle entreprise !</s>
</p>
</sp>
<sp who="L'ABBÉ"><speaker>L'ABBÉ.</speaker>
<p id='22'>
	<s id='1'>Elle était sûre , vous dis-je ; mais j ai pensé que cet ouvrage paraîtrait impertinent à tous les admirateurs, esprits bornés, qui ne voIent jamais au-delà de ce qu'on leur présente.</s>
</p>
</sp>
<sp who='LE CHEVALIER'><speaker>LE CHEVALIER.</speaker>
<p id='23'>
	<s id='1'>Oui, cela aurait pu arriver.</s>
</p>
</sp>
<sp who="L'ABBÉ"><speaker>L'ABBÉ.</speaker>
<p id='24'>
	<s id='1'>Il fallait donc prendre un parti : j'ai dit enseignons, par un exemple neuf, la vraie route que le Génie doit suivre ; que ces règles uniformes qui le contraignent soient détruites, que le Génie soit libre enfin. </s>
	<s id=''>Et j'ai fait la Bâcha d'Alep.</s>
</p>
</sp>
<sp who='LE CHEVALIER'><speaker>LE CHEVALIER.</speaker>
<p id='25'>
	<s id='1'>C'est un projet héroïque, digne d'une grande âme, d'une âme forte ! </s>
	<s id='2'>L'Abbé , votre enthousiasme me gagne.</s>
</p>
</sp>
<sp who="L'ABBÉ"><speaker>L'ABBÉ.</speaker>
<p id='26'>
	<s id='1'>Ce sera bien autre chose, quand vous verrez ma pièce.</s>
</p>
</sp>
<sp who='LE CHEVALIER'><speaker>LE CHEVALIER.</speaker>
<p id='27'>
	<s id='1'>Et quand la donnera-t-on ?</s>
</p>
</sp>
<sp who="L'ABBÉ"><speaker>L'ABBÉ.</speaker>
<p id='28'>
	<s id='1'>Mais, je ne sais pas si jamais elle sera jouée, il faut des acteurs et nous n'en avons plus.</s>
</p>
</sp>
<sp who='LE CHEVALIER'><speaker>LE CHEVALIER.</speaker>
<p id='29'>
	<s id='1'>Quoi vous croyez que ceux que nous avons actuellement ne seraient pas capables...</s>
</p>
</sp>
<sp who="L'ABBÉ"><speaker>L'ABBÉ.</speaker>
<p id='30'>
	<s id='1'>Bon capables ! </s>
	<s id='2'>Une preuve qu'ils ne le Sont pas, c'est qu'ils me la font demander par tout le monde ; qu'ils font agir auprès de moi les puissances supérieures, Sur ce qu'un des leurs qui me l'a entendu lire, Sans que je le susse, leur en a dit : vous sentez bien que s'ils en avaient conçu toutes les difficultés, ils auraient été épouvantés.</s>
</p>
</sp>
<sp who='LE CHEVALIER'><speaker>LE CHEVALIER.</speaker>
<p id='31'>
	<s id='1'>Mais ne pourriez-vous pas les faire, évanouir ces difficultés, en montrant, à chacun la manière de jouer son rôle ?</s>
</p>
</sp>
<sp who="L'ABBÉ"><speaker>L'ABBÉ.</speaker>
<p id='32'>
	<s id='1'>Je suis incapable de me donner ce soin. </s>
	<s id='2'>Je compose chez moi ; mais dès qu'il faut me remuer hors de là, je ne le saurais.</s>
</p>
</sp>
<sp who='LE CHEVALIER'><speaker>LE CHEVALIER.</speaker>
<p id='33'>
	<s id='1'>Vous aimez donc mieux enfouir le trésor que vous avez découvert ?</s>
</p>
</sp>
<sp who="L'ABBÉ"><speaker>L'ABBÉ.</speaker>
<p id='34'>
	<s id='1'>Oui, j'en jouis seul, ou avec quelques amis comme vous, par exemple.</s>
</p>
</sp>
<sp who='LE CHEVALIER'><speaker>LE CHEVALIER.</speaker>
<p id='35'>
	<s id='1'>Nous ne devons pas le permettre, l'Abbé, pour votre gloire, pour celle de la Nation, pour.... </s>
	<s id='2'>Et tenez, voilà un Comédien qui sans doute vous cherche, je vais me joindre à lui pour vous presser.</s>
</p>
</sp>
<sp stage="embarrassed" who="L'ABBÉ"><speaker>L'ABBÉ, embarrassé.</speaker>
<p id='36'>
	<s id='1'>Non, Chevalier, laissez-le passer ; vous ne me déterminerez jamais, allons-nous-en.</s>
</p>
</sp>
<sp stage="pull" who='LE CHEVALIER'><speaker>LE CHEVALIER, le retenant par la main.</speaker>
<p id='37'>
	<s id='1'>Non, non, je vais l'appeler. </s>
	<s id='2'>Monsieur, Monsieur ?</s>
</p>
</sp>
</div2>
<div2 type="scene" n='2'><head>SCÈNE II. Le Chevalier, L'Abbé, Le Comédien.</head>
<sp who='LE COMÉDIEN'><speaker>LE COMÉDIEN.</speaker>
<p id='1'>
	<s id='1'>Monsieur le Chevalier, je vous demande bien pardon, je revois...</s>
</p>
</sp>
<sp stage="away" who="L'ABBÉ"><speaker>L'ABBÉ, voulant s'en aller.</speaker>
<p id='2'>
	<s id='1'>Chevalier, j'ai une affaire très pressée.</s>
</p>
</sp>
<sp who='LE CHEVALIER'><speaker>LE CHEVALIER.</speaker>
<p id='3'>
	<s id='1'>Monsieur, est-ce que vous connaissez la pièce de Monsieur l'Abbé ?</s>
</p>
</sp>
<sp who='LE COMÉDIEN'><speaker>LE COMÉDIEN.</speaker>
<p id='4'>
	<s id='1'>Un peu, Monsieur,</s>
</p>
</sp>
<sp stage="away" who="L'ABBÉ"><speaker>L'ABBÉ, voulant s'en aller.</speaker>
<p id='5'>
	<s id='1'>Laissez-moi donc, Chevalier.</s>
</p>
</sp>
<sp stage="away" who='LE CHEVALIER'><speaker>LE CHEVALIER, à l'Abbé.</speaker>
<p id='6'>
	<s id='1'>Un moment. </s>
</p>
<stage type="toward">Au Comédien.</stage>
<p id='7'>
	<s id='1'>Vous dites cela bien froidement ; vous êtes sans doute fâché contre lui.</s>
</p>
</sp>
<sp who='LE COMÉDIEN'><speaker>LE COMÉDIEN.</speaker>
<p id='8'>
	<s id='1'>Moi, Monsieur ?</s>
</p>
</sp>
<sp who='LE CHEVALIER'><speaker>LE CHEVALIER.</speaker>
<p id='9'>
	<s id='1'>Oui, de ce qu'il ne veut pas la faire jouer.</s>
</p>
</sp>
<sp who='LE COMÉDIEN'><speaker>LE COMÉDIEN.</speaker>
<p id='10'>
	<s id='1'>Je vous demande pardon, Monsieur, il y a plus d'un mois que nous l'avons vue.</s>
</p>
</sp>
<sp stage="watch" who='LE CHEVALIER'><speaker>LE CHEVALIER, regardant l'Abbé.</speaker>
<p id='11'>
	<s id='1'>Comment, vous l'avez vue ?</s>
</p>
</sp>
<sp who='LE COMÉDIEN'><speaker>LE COMÉDIEN.</speaker>
<p id='12'>
	<s id='1'>Oui, Monsieur l'Abbé nous est tous venu prier séparément d'en faire une lecture ; nous en avions entendu parler, et à dire vrai... </s>
	<s id='2'>Enfin nous avons eu un ordre qu'il a obtenu pour qu'elle soit lue, et elle l'a été huit jours après.</s>
</p>
</sp>
<sp who='LE CHEVALIER'><speaker>LE CHEVALIER.</speaker>
<p id='13'>
	<s id='1'>Hé bien ? </s>
	<s id='2'>C'est un prodige, à ce qu'on dit, un chef-d'oeuvre de génie ?</s>
</p>
</sp>
<sp who='LE COMÉDIEN'><speaker>LE COMÉDIEN.</speaker>
<p id='14'>
	<s id='1'>Monsieur, je craignais de rencontrer Monsieur l'Abbé.</s>
</p>
</sp>
<sp who="L'ABBÉ"><speaker>L'ABBÉ.</speaker>
<p id='15'>
	<s id='1'>Bon, elle a été mal lue.</s>
</p>
</sp>
<sp who='LE COMÉDIEN'><speaker>LE COMÉDIEN.</speaker>
<p id='16'>
	<s id='1'>Non, Monsieur , il est vrai que dans le commencement l'on n'écoutait pas trop ; mais il y a des choses si peu attendues , si hors de vraisemblance, que l'attention s'est réveillée.</s>
</p>
</sp>
<sp who='LE CHEVALIER'><speaker>LE CHEVALIER.</speaker>
<p id='17'>
	<s id='1'>Hé bien ?</s>
</p>
</sp>
<sp who='LE COMÉDIEN'><speaker>LE COMÉDIEN.</speaker>
<p id='18'>
	<s id='1'>Nous avons tous ri aux éclats.</s>
</p>
</sp>
<sp who='LE CHEVALIER'><speaker>LE CHEVALIER.</speaker>
<p id='19'>
	<s id='1'>Comment ?</s>
</p>
</sp>
<sp who='LE COMÉDIEN'><speaker>LE COMÉDIEN.</speaker>
<p id='20'>
	<s id='1'>Oui, Monsieur, je suis fâché de le dire devant Monsieur Monsieur l'Abbé, elle a été refusée d'une commune voix, et nous la lui avons renvoyée.</s>
</p>
</sp>
<sp who='LE CHEVALIER'><speaker>LE CHEVALIER.</speaker>
<p id='21'>
	<s id='1'>Je ne comprends pas cela.</s>
</p>
</sp>
<sp who='LE COMÉDIEN'><speaker>LE COMÉDIEN.</speaker>
<p id='22'>
	<s id='1'>Monsieur n'a donc point lu cette pièce ?</s>
</p>
</sp>
<sp who='LE CHEVALIER'><speaker>LE CHEVALIER.</speaker>
<p id='23'>
	<s id='1'>Non ; mais l'Abbé, tout ce que vous m'avez dit, n'est donc pas vrai ?</s>
</p>
</sp>
<sp who="L'ABBÉ"><speaker>L'ABBÉ.</speaker>
<p id='24'>
	<s id='1'>Je vous demande pardon ; est-ce qu'on doit s'en rapporter à leur jugement ?</s>
</p>
</sp>
<sp who='LE COMÉDIEN'><speaker>LE COMÉDIEN.</speaker>
<p id='25'>
	<s id='1'>Monsieur, nous pouvons nous tromper quelquefois ; mais ce qui nous arrive est cet qui arrive à beaucoup de gens du monde, en entendant lire un ouvrage.</s>
</p>
</sp>
<sp who='LE CHEVALIER'><speaker>LE CHEVALIER.</speaker>
<p id='26'>
	<s id='1'>Mais, en avait-on jugé de même dans le monde ?</s>
</p>
</sp>
<sp who='LE COMÉDIEN'><speaker>LE COMÉDIEN.</speaker>
<p id='27'>
	<s id='1'>Oui, Monsieur ; c'est ce qui faisait que mes camarades ne s'en souciaient pas.</s>
</p>
</sp>
<sp who='LE CHEVALIER'><speaker>LE CHEVALIER.</speaker>
<p id='28'>
	<s id='1'>Mais l'Abbé, cet ouvrage si admirable, si difficile à représenter, et pour lequel ces Messieurs vous tourmentaient, dont les vers étaient frappés au bon coin !... </s>
	<s id=''>À propos, Monsieur, les vers ?</s>
</p>
</sp>
<sp who='LE COMÉDIEN'><speaker>LE COMÉDIEN.</speaker>
<p id='29'>
	<s id='1'>Ah, Monsieur, comme le reste.</s>
</p>
</sp>
<sp who='LE CHEVALIER'><speaker>LE CHEVALIER.</speaker>
<p id='30'>
	<s id='1'>Quoi, pas un bon vers ?</s>
</p>
</sp>
<sp who='LE COMÉDIEN'><speaker>LE COMÉDIEN.</speaker>
<p id='31'>
	<s id='1'>Pas un ; c'est beaucoup dire, cependant je serais bien embarrassé d'en trouver qu'on pût citer. </s>
	<s id='2'>Je fuis fâché de tout ce que je dis-là ; mais Monsieur le Chevalier étant prévenu comme il l'était, il aurait pu nous blâmer, et je suis obligé de nous justifier.</s>
</p>
</sp>
<sp who='LE CHEVALIER'><speaker>LE CHEVALIER.</speaker>
<p id='32'>
	<s id='1'>Quoi, l'Abbé, vous saviez tout cela ?</s>
</p>
</sp>
<sp who='LE COMÉDIEN'><speaker>LE COMÉDIEN.</speaker>
<p id='33'>
	<s id='1'>Sûrement, Monsieur l'Abbé le savait et dans le plus grand détail.</s>
</p>
</sp>
<sp who="L'ABBÉ"><speaker>L'ABBÉ.</speaker>
<p id='34'>
	<s id='1'>Monsieur, tout le monde ne voit pas de même.</s>
</p>
</sp>
<sp who='LE CHEVALIER'><speaker>LE CHEVALIER.</speaker>
<p id='35'>
	<s id='1'>Ou du moins vous ne voyez pas comme tout le monde ; j'aime mieux croire cela. </s>
	<s id='2'>Vous auriez pourtant pu vous dispenser de me dire comme on vous tourmentait pour donner votre pièce.</s>
</p>
</sp>
<sp who='LE COMÉDIEN'><speaker>LE COMÉDIEN.</speaker>
<p id='36'>
	<s id='1'>Nous vous l'avons demandée, Monsieur ?</s>
</p>
</sp>
<sp who='LE CHEVALIER'><speaker>LE CHEVALIER.</speaker>
<p id='37'>
	<s id='1'>Et le peu de démarches et de soins que vous vous donniez pour cela, que malgré les puissances supérieures qui s'en mêlaient, vous ne vouliez pas vous rendre.</s>
</p>
</sp>
<sp who="L'ABBÉ"><speaker>L'ABBÉ.</speaker>
<p id='38'>
	<s id='1'>Quelle plaisanterie !</s>
</p>
</sp>
<sp who='LE CHEVALIER'><speaker>LE CHEVALIER.</speaker>
<p id='39'>
	<s id='1'>Je ne plaisante point, mais je plaisanterai pour vous punir, je suis en fond.</s>
</p>
</sp>
<sp who="L'ABBÉ"><speaker>L'ABBÉ.</speaker>
<p id='40'>
	<s id='1'>Ce que j'ai dit...</s>
</p>
</sp>
<sp who='LE CHEVALIER'><speaker>LE CHEVALIER.</speaker>
<p id='41'>
	<s id='1'>Est très ridicule. </s>
	<s id='2'>Monsieur, il faut venger vos camarades ; l'histoire sera bonne à conter, et je crois qu'elle leur fera quelque plaisir.</s>
</p>
</sp>
<sp who='LE COMÉDIEN'><speaker>LE COMÉDIEN.</speaker>
<p id='42'>
	<s id='1'>Le Public le saurait bientôt , si je la leur disais.</s>
</p>
</sp>
<sp who='LE CHEVALIER'><speaker>LE CHEVALIER.</speaker>
<p id='43'>
	<s id='1'>En ce cas, dites sans hésiter.</s>
</p>
</sp>
<sp who="L'ABBÉ"><speaker>L'ABBÉ.</speaker>
<p id='44'>
	<s id='1'>Hé, Messieurs, qu'est-ce que je vous ai fait ?</s>
</p>
</sp>
<sp who='LE CHEVALIER'><speaker>LE CHEVALIER.</speaker>
<p id='45'>
	<s id='1'>Il voulait corriger nos meilleures tragédies.</s>
</p>
</sp>
<sp who="L'ABBÉ"><speaker>L'ABBÉ.</speaker>
<p id='46'>
	<s id='1'>C'est un persiflage que tout cela. </s>
	<s id='2'>Adieu.</s>
</p>
</sp>
<sp stage="laugh" who='LE CHEVALIER'><speaker>LE CHEVALIER, riant.</speaker>
<p id='47'>
	<s id='1'>Adieu, adieu, l'Abbé : vous entendrez parler de moi. </s>
</p>
<stage type="away">Ils s'en vont.</stage>
</sp>
</div2>
</div1>
</body>
</text>
</TEI>