<?xml version="1.0" encoding="utf-8"?>
<TEI xml:lang="fr">
<teiHeader>
	<fileDesc>
		<titleStmt>
			<title>L'IMPORTANT, PROVERBE</title>
			<author type="texte" ISNI="0000 0000 7977 1756">CARMONTELLE, Louis Carrogis, dit Louis de Carmontelle (1717-1806)</author>
		</titleStmt>
		<publicationStmt>
			<publisher>Texte établi par Paul FIEVRE juin 2018</publisher>
			<publisher>publié par Paul FIEVRE juillet 2018</publisher>
			<idno>CARMONTELLE_IMPORTANT</idno>
			<rights>Creative Commons BY-NC-SA</rights>
		</publicationStmt>
		<SourceDesc>
			<genre>Proverbe</genre>
			<inspiration>moeurs</inspiration>			<structure>Un acte</structure>
			<type>prose</type>
			<periode>1761-1770</periode>
			<taille>(mesure non pertinente)</taille>
			<permalien></permalien>
		</SourceDesc>
</fileDesc>
</teiHeader>
<text>
	<front>
		<docTitle>
			<titlePart type="main">L'IMPORTANT</titlePart>
			<titlePart type="sub">QUINZIÈME PROVERBE.</titlePart>
		</docTitle> 
		<docDate value='1771'>M. DCC. LXVIII. Avec Approbation et Privilège du Roi.</docDate>
		<docAuthor id='CARMONTELLE, Louis de' bio='carmontelle'>de CARMONTELLE.</docAuthor>
		<docImprint>
			<printer id='MERLIN'>À Paris, chez MERLIN, Au bas de la Rue de Harpe, vis à vis de la rue Poupée.</printer>
		</docImprint>
		<performance>
			<premiere date='(inconnue)' location='(inconnue)'></premiere>
		</performance>
	<castList><head>PERSONNAGES</head>
		<castItem><role id="LE MARÉCHAL DE FRANCE" sex="1" type="H" statut="maréchal" age="A" stat_amour='néant'>LE MARÉCHAL DE FRANCE</role>.</castItem>
		<castItem><role id="LE CHEVALIER DE COURE-PLAINE" sex="1" type="H" statut="chevalier" age="A" stat_amour='néant'>LE CHEVALIER DE COURE-PLAINE</role>, Aide-Maréchal des Logis de l'armée.</castItem>
		<castItem><role id="SAINT-GRATIEN" sex="1" type="H" statut="militaire" age="A" stat_amour='néant'>SAINT-GRATIEN</role>, Aide-Major.</castItem>
		<castItem><role id="DAUVERSAC" sex="1" type="H" statut="capitaine" age="A" stat_amour='néant'>DAUVERSAC</role>, Capitaine d'infanterie.</castItem>
		<castItem><role id="GERVAULT" sex="1" type="H" statut="capitaine" age="A" stat_amour='néant'>GERVAULT</role>, Capitaine de Cavalerie.</castItem>
		<castItem><role id="DÉRINCOURT" sex="1" type="H" statut="capitaine" age="A" stat_amour='néant'>DÉRINCOURT</role>, Capitaine de Dragons.</castItem>
		<castItem><role id="UN GARÇON DE THÉÂTRE" sex="1" type="H" statut="employé" age="A" stat_amour='néant'>UN GARÇON DE THÉÂTRE</role>.</castItem>
	</castList>
<set location="Paris" country="France" periode="XVIIIème" gps="48.856614, 2.352222">La Scene est dans le Foyer de la Comédie Françoise.</set>
<note>Dans PROVERBES DRAMATIQUES, Tome premier, Première partie, 1768.</note>
</front>
<body>
<div1 type="act" n="1"><head>L'IMPORTANT</head>
<div2 type="scene" n="1"><head>SCÈNE PREMIÈRE. Saint-Gratien, D'Auversac.</head>
<sp who="SAINT-GRATIEN"><speaker>SAINT-GRATIEN.</speaker>
<p id="1">
	<s id="1">Hé bien, d'Auversac, que ferons-nous ?</s>
</p>
</sp>
<sp who="D'AUVERSAC"><speaker>D'AUVERSAC.</speaker>
<p id="2">
	<s id="1">Ma foi, je n'en sais rien. </s>
	<s id="2">Quelle diable de fantaisie, de venir ici un jour de pièce nouvelle ; je savais bien que nous n'y trouverions pas de place !</s>
</p>
</sp>
<sp who="SAINT-GRATIEN"><speaker>SAINT-GRATIEN.</speaker>
<p id="3">
	<s id="1">C'est qu'on m'a dit que ce serait la plus belle chose du monde, que depuis longtemps on n'a rien vu de pareil.</s>
</p>
</sp>
<sp who="D'AUVERSAC"><speaker>D'AUVERSAC.</speaker>
<p id="4">
	<s id="1">Mais si elle est bonne, nous la verrons toujours bien. </s>
	<s id="2">Au lieu de rester à la Comédie Italienne</s>
</p>
</sp>
<sp who="SAINT-GRATIEN"><speaker>SAINT-GRATIEN.</speaker>
<p id="5">
	<s id="1">Mais il n'y avait personne. </s>
	<s id="2">Et puis je n'entends pas l'Italien.</s>
</p>
</sp>
<sp who="D'AUVERSAC"><speaker>D'AUVERSAC.</speaker>
<p id="6">
	<s id="1">Ni moi non plus \ mais Arlequin me fait rire.</s>
</p>
</sp>
<sp who="SAINT-GRATIEN"><speaker>SAINT-GRATIEN.</speaker>
<p id="7">
	<s id="1">Oui, avec les cabinets de Tourlourette, la laitière pour dire une lettre ; mariner pour marier, Monsieur Bataillon, Pataflon ; c'est toujours là même chose.</s>
</p>
</sp>
<sp who="D'AUVERSAC"><speaker>D'AUVERSAC.</speaker>
<p id="8">
	<s id="1">Cela ne fait rien, j'aime mieux cela qu'une Tragédie, ou de la musique, où je ne connais rien.</s>
</p>
</sp>
<sp who="SAINT-GRATIEN"><speaker>SAINT-GRATIEN.</speaker>
<p id="9">
	<s id="1">Chacun a son goût.</s>
</p>
</sp>
<sp who="D'AUVERSAC"><speaker>D'AUVERSAC.</speaker>
<p id="10">
	<s id="1">Tu aurais besoin de rire un peu au moins ; car tu travailles trop.</s>
</p>
</sp>
<sp who="SAINT-GRATIEN"><speaker>SAINT-GRATIEN.</speaker>
<p id="11">
	<s id="1">Cela te paraît comme cela ; parce que tu ne fais rien, toi.</s>
</p>
</sp>
<sp who="D'AUVERSAC"><speaker>D'AUVERSAC.</speaker>
<p id="12">
	<s id="1">Ne veux-tu pas que j'aille me casser la tête sur des Cartes de Géographie, ou à faire des calculs ? C'est à vous autres Messieurs de l'État-Major, à vous donner cette peine-là. </s>
	<s id="2">À propos, est-ce une affaire finie ? entre[s]-tu dans l'État-Major de l'armée ?</s>
</p>
</sp>
<sp who="SAINT-GRATIEN"><speaker>SAINT-GRATIEN.</speaker>
<p id="13">
	<s id="1">Oui, c'est décidé. </s>
	<s id="2">Je voudrais voir seulement le Chevalier de Coure-Plaine, pour savoir de lui quand je pourrai voir Monsieur le Maréchal.</s>
</p>
</sp>
<sp who="D'AUVERSAC"><speaker>D'AUVERSAC.</speaker>
<p id="14">
	<s id="1">Que ne vas-tu chez lui ?</s>
</p>
</sp>
<sp who="SAINT-GRATIEN"><speaker>SAINT-GRATIEN.</speaker>
<p id="15">
	<s id="1">On ne le trouve jamais, le Chevalier, et c'est pour cela principalement que je suis venu ici, pour voir si je ne le rencontrerai pas.</s>
</p>
</sp>
<sp who="D'AUVERSAC"><speaker>D'AUVERSAC.</speaker>
<p id="16">
	<s id="1">Ah, je ne m'étonne plus, si tu n'as pas voulu aller à la Comédie Italienne ?</s>
</p>
</sp>
</div2>
<div2 type="scene" n="2"><head>SCÈNE II. Le Chevalier, D'Auversac, Saint-Gratien.</head>
<sp who="LE CHEVALIER"><speaker>LE CHEVALIER, entre d'un air effrayé.</speaker>
<p id="1">
	<s id="1">Il n'y a personne ici. </s>
</p>
<stage type="exit">Il veut sortir.</stage>
</sp>
<sp who="SAINT-GRATIEN"><speaker>SAINT-GRATIEN.</speaker>
<p id="2">
	<s id="1">Monsieur le Chevalier, Monsieur le Chevalier ?</s>
</p>
</sp>
<sp who="LE CHEVALIER"><speaker>LE CHEVALIER.</speaker>
<p id="3">
	<s id="1">Qu'est-ce qui m'appelle là ? </s>
	<s id="2">Ah, c'est vous, Monsieur de Saint-Gratien. </s>
	<s id="3">N'avez-vous pas vu le petit Duc, votre Colonel ?</s>
</p>
</sp>
<sp who="SAINT-GRATIEN"><speaker>SAINT-GRATIEN.</speaker>
<p id="4">
	<s id="1">Non , personne n'est venu ici depuis que nous y sommes.</s>
</p>
</sp>
<sp who="LE CHEVALIER"><speaker>LE CHEVALIER.</speaker>
<p id="5">
	<s id="1">C'est inconcevable ! </s>
	<s id="2">Il me donne rendez-vous ici, pour que nous parlions de ses affaires, et je ne le trouve pas.</s>
</p>
</sp>
<sp who="SAINT-GRATIEN"><speaker>SAINT-GRATIEN.</speaker>
<p id="6">
	<s id="1">Il va peut-être y venir.</s>
</p>
</sp>
<sp who="LE CHEVALIER"><speaker>LE CHEVALIER.</speaker>
<p id="7">
	<s id="1">Ma foi, je ne peux pas deviner ce qu'il veut ; il a à me parler pour faire changer de quartier à son Régiment, il faut que je sache du moins où il veut aller, pendant que nous faisons le nouvel arrangement.</s>
</p>
</sp>
<sp who="SAINT-GRATIEN"><speaker>SAINT-GRATIEN.</speaker>
<p id="8">
	<s id="1">Je n'en sais rien, il ne m'en a pas parlé : mais Monsieur le Chevalier, j'ai été chez vous ce matin, pour avoir l'honneur de vous voir, vous veniez de sortir.</s>
</p>
</sp>
<sp who="LE CHEVALIER"><speaker>LE CHEVALIER.</speaker>
<p id="9">
	<s id="1">Oui, le Maréchal m'a envoyé chercher et nous n'avons rien fait, notre travail est remis à ce soir à neuf heures.</s>
</p>
</sp>
<sp who="SAINT-GRATIEN"><speaker>SAINT-GRATIEN.</speaker>
<p id="10">
	<s id="1">On ne pourra donc pas le voir d'aujourd'hui ?</s>
</p>
</sp>
<sp who="LE CHEVALIER"><speaker>LE CHEVALIER.</speaker>
<p id="11">
	<s id="1">Non ; nous serons renfermés toute la soirée.</s>
</p>
</sp>
<sp who="SAINT-GRATIEN"><speaker>SAINT-GRATIEN.</speaker>
<p id="12">
	<s id="1">J'aurais pourtant besoin de lui parler, et cela me dérange beaucoup.</s>
</p>
</sp>
<sp who="LE CHEVALIER"><speaker>LE CHEVALIER.</speaker>
<p id="13">
	<s id="1">Je conçois cela. </s>
	<s id="2">Avez vous une place ici ?</s>
</p>
</sp>
<sp who="SAINT-GRATIEN"><speaker>SAINT-GRATIEN.</speaker>
<p id="14">
	<s id="1">Non, vraiment ; et vous ?</s>
</p>
</sp>
<sp who="LE CHEVALIER"><speaker>LE CHEVALIER.</speaker>
<p id="15">
	<s id="1">Oh, moi, j'ai la loge de la Maréchale, et puis celles de toutes les femmes de ma connaissance ; mais on ne peut pas se partager.</s>
</p>
</sp>
<sp who="SAINT-GRATIEN"><speaker>SAINT-GRATIEN.</speaker>
<p id="16">
	<s id="1">Vous êtes bien heureux ! </s>
	<s id="2">Savez-vous quand Monsieur le Maréchal partira ?</s>
</p>
</sp>
<sp who="LE CHEVALIER"><speaker>LE CHEVALIER.</speaker>
<p id="17">
	<s id="1">Oui ; mais je ne peux pas le dire.</s>
</p>
</sp>
<sp who="SAINT-GRATIEN"><speaker>SAINT-GRATIEN.</speaker>
<p id="18">
	<s id="1">Et notre département ?</s>
</p>
</sp>
<sp who="LE CHEVALIER"><speaker>LE CHEVALIER.</speaker>
<p id="19">
	<s id="1">Il est fait.</s>
</p>
</sp>
<sp who="SAINT-GRATIEN"><speaker>SAINT-GRATIEN.</speaker>
<p id="20">
	<s id="1">De quel côté à peu-près ?</s>
</p>
</sp>
<sp who="LE CHEVALIER"><speaker>LE CHEVALIER.</speaker>
<p id="21">
	<s id="1">C'est un secret ; mais vous allez avoir vos ordres tout-à-l'heure.</s>
</p>
</sp>
<sp who="SAINT-GRATIEN"><speaker>SAINT-GRATIEN.</speaker>
<p id="22">
	<s id="1">J'aurais bien voulu rester ici encore quelques jours.</s>
</p>
</sp>
<sp who="LE CHEVALIER"><speaker>LE CHEVALIER.</speaker>
<p id="23">
	<s id="1">Cela fera difficile ; si vous voulez, j'en parlerai au Maréchal, et j'obtiendrai sûrement qu'on retarde votre départ.</s>
</p>
</sp>
<sp who="SAINT-GRATIEN"><speaker>SAINT-GRATIEN.</speaker>
<p id="24">
	<s id="1">Tout de bon ? </s>
	<s id="2">Vous me feriez plaisir.</s>
</p>
</sp>
<sp who="LE CHEVALIER"><speaker>LE CHEVALIER.</speaker>
<p id="25">
	<s id="1">Je vous dis que j'en fais mon affaire.</s>
</p>
</sp>
<sp who="SAINT-GRATIEN"><speaker>SAINT-GRATIEN.</speaker>
<p id="26">
	<s id="1">Je vous en ferai très obligé, je n'ai besoin que de huit jours, pour avoir seulement le temps d'acheter des chevaux.</s>
</p>
</sp>
<sp who="LE CHEVALIER"><speaker>LE CHEVALIER.</speaker>
<p id="27">
	<s id="1">Je ne conçois pas cela.</s>
</p>
<stage type="">Il tire sa montre. </stage>
<p id="28">
	<s id="1">Il est près de cinq heures et demie, la Maréchale doit être arrivée ; elle va bien me gronder, je m'enfuis.</s>
</p>
</sp>
<sp who="SAINT-GRATIEN"><speaker>SAINT-GRATIEN.</speaker>
<p id="29">
	<s id="1">Monsieur le Chevalier, quand pourrai-je avoir l'honneur de vous voir ?</s>
</p>
</sp>
<sp who="LE CHEVALIER"><speaker>LE CHEVALIER, en s'en allant.</speaker>
<p id="30">
	<s id="1">Mais quand vous voudrez ; demain, après demain, ou à Versailles , où nous serons toute la semaine prochaine.</s>
</p>
</sp>
</div2>
<div2 type="scene" n="3"><head>SCÈNE III. Saint-Gratien, D'Auversac.</head>
<sp who="D'AUVERSAC"><speaker>D'AUVERSAC.</speaker>
<p id="31">
	<s id="1">Est-ce pas là cet Important qui égara notre colonne la campagne dernière, qui nous fit faire six lieues, au lieu de deux, sans pouvoir trouver notre camp, et puis qui nous laissa-là ?</s>
</p>
</sp>
<sp who="SAINT-GRATIEN"><speaker>SAINT-GRATIEN.</speaker>
<p id="32">
	<s id="1">C'est lui-même.</s>
</p>
</sp>
<sp who="D'AUVERSAC"><speaker>D'AUVERSAC.</speaker>
<p id="33">
	<s id="1">Que le diable l'emporte ! </s>
	<s id="2">C'est aussi lui qui voulait battre les paysans Hanovriens ; parce qu'ils n'entendaient pas le Français, et qui ne savait pas leur répondre quand ils lui parlaient Latin.</s>
</p>
</sp>
<sp who="SAINT-GRATIEN"><speaker>SAINT-GRATIEN.</speaker>
<p id="34">
	<s id="1">C'est vrai.</s>
</p>
</sp>
<sp who="D'AUVERSAC"><speaker>D'AUVERSAC.</speaker>
<p id="35">
	<s id="1">Hé bien, ce sont pourtant ces gens-là qui ont toutes les grâces. </s>
	<s id="2">Cela me met toujours en colère, de voir que qans aucun talent que de la fatuité, on parvienne ainsi, pendant que nous...</s>
</p>
</sp>
<sp who="SAINT-GRATIEN"><speaker>SAINT-GRATIEN.</speaker>
<p id="36">
	<s id="1">Paix donc, si on t'entendait.</s>
</p>
</sp>
<sp who="D'AUVERSAC"><speaker>D'AUVERSAC.</speaker>
<p id="37">
	<s id="1">Cela est-il faux ? </s>
	<s id="2">Je sais bien que tu ne feras pas comme cela, toi.</s>
</p>
</sp>
<sp who="SAINT-GRATIEN"><speaker>SAINT-GRATIEN.</speaker>
<p id="38">
	<s id="1">Je crois que voilà Monsieur le Maréchal ; oui, c'est lui-même.</s>
</p>
</sp>
</div2>
<div2 type="scene" n="4"><head>SCÈNE IV. Le Maréchal, Saint-Gratien.
D'Auversac, Un Garçon.</head>
<sp stage="toward" who="LE MARÉCHAL"><speaker>LE MARÉCHAL, au Garçon de Théâtre.</speaker>
<p id="1">
	<s id="1">Va-t-on bientôt commencer ?</s>
</p>
</sp>
<sp who="LE GARÇON"><speaker>LE GARÇON.</speaker>
<p id="2">
	<s id="1">Oui, Monseigneur.</s>
</p>
</sp>
<sp who="LE MARÉCHAL"><speaker>LE MARÉCHAL.</speaker>
<p id="3">
	<s id="1">Hé ! </s>
	<s id="2">Vous voilà, mon cher Saint-Gratien ! </s>
	<s id="3">Je suis bien aise de vous voir. </s>
	<s id="4">Vous viendrez ce soir chez moi, n'est-ce pas ?</s>
</p>
</sp>
<sp who="SAINT-GRATIEN"><speaker>SAINT-GRATIEN.</speaker>
<p id="4">
	<s id="1">Monsieur le Maréchal, je le désirais fort, mais...</s>
</p>
</sp>
<sp who="LE MARÉCHAL"><speaker>LE MARÉCHAL.</speaker>
<p id="5">
	<s id="1">Hé bien, qui vous en empêchera ?</s>
</p>
</sp>
<sp who="SAINT-GRATIEN"><speaker>SAINT-GRATIEN.</speaker>
<p id="6">
	<s id="1">C'est qu'on m'a dit que vous seriez renfermé toute la soirée, avec Monsieur le Chevalier de Coure-Plaine.</s>
</p>
</sp>
<sp who="LE MARÉCHAL"><speaker>LE MARÉCHAL.</speaker>
<p id="7">
	<s id="1">Avec le Chevalier de Coure-Plaine ! Et qui vous a dit cela ?</s>
</p>
</sp>
<sp who="SAINT-GRATIEN"><speaker>SAINT-GRATIEN.</speaker>
<p id="8">
	<s id="1">C'est lui-même, Monsieur le Maréchal ; je viens de le voir dans l'instant.</s>
</p>
</sp>
<sp who="LE MARÉCHAL"><speaker>LE MARÉCHAL.</speaker>
<p id="9">
	<s id="1">Ah, celui-là n'est pas mauvais ; moi renfermé avec lui ! </s>
	<s id="2">Et pourquoi faire ?</s>
</p>
</sp>
<sp who="SAINT-GRATIEN"><speaker>SAINT-GRATIEN.</speaker>
<p id="10">
	<s id="1">Pour travailler, à ce qu'il dit.</s>
</p>
</sp>
<sp who="LE MARÉCHAL"><speaker>LE MARÉCHAL.</speaker>
<p id="11">
	<s id="1">Mais la tête lui a donc tourné ?</s>
</p>
</sp>
<sp who="SAINT-GRATIEN"><speaker>SAINT-GRATIEN.</speaker>
<p id="12">
	<s id="1">Il s'est même chargé de parler à Monsieur le Maréchal, pour me donner quelques jours à rester ici.</s>
</p>
</sp>
<sp who="LE MARÉCHAL"><speaker>LE MARÉCHAL.</speaker>
<p id="13">
	<s id="1">Quelques jours ? </s>
	<s id="2">Vous ne vous en irez qu'avec moi.</s>
</p>
</sp>
<sp who="SAINT-GRATIEN"><speaker>SAINT-GRATIEN.</speaker>
<p id="14">
	<s id="1">Sûrement, je suis à vos ordres ; mais c'est qu'il prétend que Monsieur le Maréchal partira dans peu peut-être.</s>
</p>
</sp>
<sp who="LE MARÉCHAL"><speaker>LE MARÉCHAL.</speaker>
<p id="15">
	<s id="1">Moi ? </s>
	<s id="2">Dans deux mois au plutôt. </s>
	<s id="3">Ah, je suis bien aise de savoir tout cela ; c'est encore un joli travailleur !</s>
</p>
</sp>
<sp who="SAINT-GRATIEN"><speaker>SAINT-GRATIEN.</speaker>
<p id="16">
	<s id="1">Monsieur le Maréchal, ne lui dites pas que c'est moi qui ai dit cela.</s>
</p>
</sp>
<sp who="LE MARÉCHAL"><speaker>LE MARÉCHAL.</speaker>
<p id="17">
	<s id="1">Pourquoi ? </s>
	<s id="2">Laissez, laissez-moi faire. </s>
	<s id="3">Le voilà justement.</s>
</p>
</sp>
</div2>
<div2 type="scene" n="5"><head>SCÈNE V. Le Maréchal, Saint-Gratien, D'Auversac, Le Chevalier.</head> 
<sp who="LE CHEVALIER"><speaker>LE CHEVALIER.</speaker>
<p id="1">
	<s id="1">Monsieur le Maréchal, je venais savoir si vous arriviez , pour...</s>
</p>
</sp>
<sp who="LE MARÉCHAL"><speaker>LE MARÉCHAL.</speaker>
<p id="2">
	<s id="1">Où avez-vous donc pris, Monsieur le Chevalier, que nous devions être renfermés ensemble toute la soirée ?</s>
</p>
</sp>
<sp who="LE CHEVALIER"><speaker>LE CHEVALIER.</speaker>
<p id="3">
	<s id="1">Mais, Monsieur le Maréchal, c'est que j'ai cru...</s>
</p>
</sp>
<sp who="LE MARÉCHAL"><speaker>LE MARÉCHAL.</speaker>
<p id="4">
	<s id="1">Et pour travailler avec vous, encore.</s>
</p>
</sp>
<sp who="LE CHEVALIER"><speaker>LE CHEVALIER.</speaker>
<p id="5">
	<s id="1">C'est que j'ai pensé que vous aimeriez mieux voir Monsieur de Saint-Gratien, le matin.</s>
</p>
</sp>
<sp who="LE MARÉCHAL"><speaker>LE MARÉCHAL.</speaker>
<p id="6">
	<s id="1">Vous avez fort mal pensé, je veux le voir toujours, à toute heure. </s>
	<s id="2">Et vous vous mêlez de vouloir protéger ? </s>
	<s id="3">Cela vous va bien, vis-à vis de lui surtout.</s>
</p>
</sp>
<sp who="LE CHEVALIER"><speaker>LE CHEVALIER.</speaker>
<p id="7">
	<s id="1">Moi ?</s>
</p>
</sp>
<sp who="LE MARÉCHAL"><speaker>LE MARÉCHAL.</speaker>
<p id="8">
	<s id="1">Oui, vous. </s>
	<s id="2">Vous me faites partir bientôt, à vous entendre ; je suis à vos ordres apparemment ?</s>
</p>
</sp>
<sp who="LE CHEVALIER"><speaker>LE CHEVALIER.</speaker>
<p id="9">
	<s id="1">En vérité, je n'ai jamais pensé...</s>
</p>
</sp>
<sp who="LE MARÉCHAL"><speaker>LE MARÉCHAL.</speaker>
<p id="10">
	<s id="1">Allons, allons. </s>
	<s id="2">Madame la Maréchale est-elle arrivée ?</s>
</p>
</sp>
<sp who="LE CHEVALIER"><speaker>LE CHEVALIER.</speaker>
<p id="11">
	<s id="1">Oui, Monsieur le Maréchal, je venais au devant de vous pour vous le dire.</s>
</p>
</sp>
<sp who="LE MARÉCHAL"><speaker>LE MARÉCHAL.</speaker>
<p id="12">
	<s id="1">Venez, Saint-Gratien, je veux vous présenter à Madame la Maréchale, il faut pour faire connaissance avec elle, que vous veniez souper avec nous. </s>
	<s id="2">Y a-t-il une place dans sa loge, pour Saint Gratien ?</s>
</p>
</sp>
<sp who="LE CHEVALIER"><speaker>LE CHEVALIER.</speaker>
<p id="13">
	<s id="1">Non, Monsieur le Maréchal.</s>
</p>
</sp>
<sp who="LE MARÉCHAL"><speaker>LE MARÉCHAL.</speaker>
<p id="14">
	<s id="1">Et où étiez-vous, vous ?</s>
</p>
</sp>
<sp who="LE CHEVALIER"><speaker>LE CHEVALIER.</speaker>
<p id="15">
	<s id="1">Dans sa loge.</s>
</p>
</sp>
<sp who="LE MARÉCHAL"><speaker>LE MARÉCHAL.</speaker>
<p id="16">
	<s id="1">Hé-bien, vous trouverez une autre place, un agréable comme vous, ne saurait jamais manquer.</s>
</p>
</sp>
<sp who="SAINT-GRATIEN"><speaker>SAINT-GRATIEN.</speaker>
<p id="17">
	<s id="1">Mais, Monsieur le Maréchal, je ne veux pas prendre la place de Monsieur le Chevalier.</s>
</p>
</sp>
<sp who="LE MARÉCHAL"><speaker>LE MARÉCHAL.</speaker>
<p id="18">
	<s id="1">Pourquoi donc cela ? </s>
	<s id="2">Allons, je vous dis que je le veux. </s>
	<s id="3">Venez.</s>
</p>
</sp>
<sp who="SAINT-GRATIEN"><speaker>SAINT-GRATIEN.</speaker>
<p id="19">
	<s id="1">Bonsoir d'Auversac, à demain.</s>
</p>
</sp>
<sp who="D'AUVERSAC"><speaker>D'AUVERSAC.</speaker>
<p id="20">
	<s id="1">Je suis charmé de ce qui vient d'arriver. </s>
	<s id="2">Adieu.</s>
</p>
</sp>
</div2>
<div2 type="scene" n="6"><head>SCÈNE VI. Le Chevalier, Gervault.</head>
<sp who="LE CHEVALIER"><speaker>LE CHEVALIER.</speaker>
<p id="1">
	<s id="1">Me voilà bien avancé ! </s>
	<s id="2">Que devenir à présent ?</s>
</p>
</sp>
<sp who="GERVAULT"><speaker>GERVAULT.</speaker>
<p id="2">
	<s id="1">Hé bien, Chevalier, que fais-tu donc ici ? </s>
	<s id="2">Ta pièce va commencer.</s>
</p>
</sp>
<sp who="LE CHEVALIER"><speaker>LE CHEVALIER.</speaker>
<p id="3">
	<s id="1">Je le sais bien.</s>
</p>
</sp>
<sp who="GERVAULT"><speaker>GERVAULT.</speaker>
<p id="4">
	<s id="1">Tu es bienheureux toi, je ne sais pas comme tu fais, tu es toujours le mieux placé du monde : je suis venu trop tard et je ne peux pas trouver un coin, tout est plein.</s>
</p>
</sp>
<sp who="LE CHEVALIER"><speaker>LE CHEVALIER.</speaker>
<p id="5">
	<s id="1">Je voudrais pouvoir te donner ma place ; car j'ai envie de m'en aller.</s>
</p>
</sp>
<sp who="GERVAULT"><speaker>GERVAULT.</speaker>
<p id="6">
	<s id="1">Bon, quelle folie !</s>
</p>
</sp>
<sp who="LE CHEVALIER"><speaker>LE CHEVALIER.</speaker>
<p id="7">
	<s id="1">Je ne te mens pas ; j'ai promis à la Duchesse qui est malade, d'aller lui tenir compagnie pendant la Comédie ; parce qu'elle n'aura personne.</s>
</p>
</sp>
<sp who="GERVAULT"><speaker>GERVAULT.</speaker>
<p id="8">
	<s id="1">Tu iras après la grande pièce, et tu lui en diras des nouvelles ; cela te servira d'excuse.</s>
</p>
</sp>
<sp who="LE CHEVALIER"><speaker>LE CHEVALIER.</speaker>
<p id="9">
	<s id="1">Non, je t'en prie, jette moi à sa porte, tu me fera[s] plaisir ; car je ne pourrai jamais trouver mes gens.</s>
</p>
</sp>
<sp who="GERVAULT"><speaker>GERVAULT.</speaker>
<p id="10">
	<s id="1">Quoi, tu laìsserais comme cela la Maréchale, fi donc ! </s>
	<s id="2">Je ne le souffrirai jamais, je suis trop de tes amis pour cela, et je ne te quitterai point que je ne t'aie vu entrer dans sa loge.</s>
</p>
</sp>
<sp who="LE CHEVALIER"><speaker>LE CHEVALIER.</speaker>
<p id="11">
	<s id="1">Je te dis que je ne le peux pas, en honneur, j'ai affaire.</s>
</p>
</sp>
</div2>
<div2 type="scene" n="7"><head>SCÈNE VII. Le Chevalier, Dérincourt, Gervault.</head>
<sp who="DÉRINCOURT"><speaker>DÉRINCOURT.</speaker>
<p id="1">
	<s id="1">Hé bien, mon pauvre Chevalier, te voilà donc débusqué ; la loge de la Maréchale est remplie et tu n'y es pas ! </s>
	<s id="2">Tu dois être bien humilié, de te voir comme cela préférer un nouveau venu.</s>
</p>
</sp>
<sp who="GERVAULT"><speaker>GERVAULT.</speaker>
<p id="2">
	<s id="1">Quoi, tu me trompais ?</s>
</p>
</sp>
<sp who="LE CHEVALIER"><speaker>LE CHEVALIER.</speaker>
<p id="3">
	<s id="1">Non, je t'assure que je n'ai pas voulu y rester et que j'ai même cédé ma place.</s>
</p>
</sp>
<sp who="DÉRINCOURT"><speaker>DÉRINCOURT.</speaker>
<p id="4">
	<s id="1">Oui, cédé sa place. </s>
	<s id="2">Il y a bien été forcé par le Maréchal ; je sais ton histoire, je viens de rencontrer d'Auversac, qui m'a tout conté.</s>
</p>
</sp>
<sp who="GERVAULT"><speaker>GERVAULT.</speaker>
<p id="5">
	<s id="1">Tu me la diras.</s>
</p>
</sp>
<sp who="DÉRINCOURT"><speaker>DÉRINCOURT.</speaker>
<p id="6">
	<s id="1">Je t'en réponds bien.</s>
</p>
</sp>
<sp who="GERVAULT"><speaker>GERVAULT.</speaker>
<p id="7">
	<s id="1">Ah bien, je vais te mener chez la Duchesse, où tu veux aller, Dérincourt y viendra aussi.</s>
</p>
</sp>
<sp who="DÉRINCOURT"><speaker>DÉRINCOURT.</speaker>
<p id="8">
	<s id="1">Je ne demande pas mieux.</s>
</p>
</sp>
<sp who="GERVAULT"><speaker>GERVAULT.</speaker>
<p id="9">
	<s id="1">Et tu lui diras ce qui vient de lui arriver.</s>
</p>
</sp>
<sp who="DÉRINCOURT"><speaker>DÉRINCOURT.</speaker>
<p id="10">
	<s id="1">Cela fera délicieux. </s>
	<s id="2">Oh, parbleu, tu viendras, allons, allons.</s>
</p>
<stage type="exit/pull">Ils s'en vont et emmènent le Chevalier.</stage>
</sp>
</div2>
</div1>
</body>
</text>
</TEI>