<?xml version="1.0" encoding="utf-8"?>
<TEI xml:lang="fr">
<teiHeader>
	<fileDesc>
		<titleStmt>
			<title>LES FAUX INDIFFÉRENTS, PROVERBE</title>
			<author type="texte" ISNI="0000 0000 7977 1756">CARMONTELLE, Louis Carrogis, dit Louis de Carmontelle (1717-1806)</author>
		</titleStmt>
		<publicationStmt>
			<publisher>Texte établi par Paul FIEVRE juin 2018</publisher>
			<publisher>publié par Paul FIEVRE juillet 2018</publisher>
			<idno>CARMONTELLE_FAUXINDIFFERENT</idno>
			<rights>Creative Commons BY-NC-SA</rights>
		</publicationStmt>
		<SourceDesc>
			<genre>Proverbe</genre>
			<inspiration>moeurs</inspiration>			<structure>Un acte</structure>
			<type>prose</type>
			<periode>1761-1770</periode>
			<taille>(mesure non pertinente)</taille>
			<permalien></permalien>
		</SourceDesc>
</fileDesc>
</teiHeader>
<text>
	<front>
		<docTitle>
			<titlePart type="main">LES FAUX INDIFFÉRENTS</titlePart>
			<titlePart type="sub">SEPTIÈME PROVERBE.</titlePart>
		</docTitle> 
		<docDate value='1771'>M. DCC. LXVIII. Avec Approbation et Privilège du Roi.</docDate>
		<docAuthor id='CARMONTELLE, Louis de' bio='carmontelle'>de CARMONTELLE.</docAuthor>
		<docImprint>
			<printer id='MERLIN'>À Paris, chez MERLIN, Au bas de la Rue de Harpe, vis à vis de la rue Poupée.</printer>
		</docImprint>
		<performance>
			<premiere date='(inconnue)' location='(inconnue)'></premiere>
		</performance>
	<castList><head>PERSONNAGES</head>
		<castItem><role id="LA COMTESSE" sex="2" type="H" statut="comte" age="A" stat_amour='néant'>LA COMTESSE</role>.</castItem>
		<castItem><role id="LE CHEVALIER" sex="1" type="H" statut="chevalier" age="A" stat_amour='néant'>LE CHEVALIER</role>.</castItem>
		<castItem><role id="HENRIETTE" sex="2" type="H" statut="femme de chambre" age="A" stat_amour='néant'>HENRIETTE</role>, Femme de Chambre de la Comtesse.</castItem>
	</castList>
<set location='France' country='France' periode='XVIIIème' gps="(N/A)">La scène est chez la Comtesse.</set>
<note>Dans PROVERBES DRAMATIQUES, Tome premier, Première partie, 1768.</note>
</front>
<body>
<div1 type="act" n="1"><head>L'APRÈS-DINÉE</head>
<div2 type="scene" n="1"><head>SCÈNE PREMIÈRE. La Comtesse, Henriette.</head>
<sp who="LA COMTESSE"><speaker>LA COMTESSE.</speaker>
<p id="1">
	<s id="1">Henriette ?</s>
</p>
</sp>
<sp who="HENRIETTE"><speaker>HENRIETTE.</speaker>
<p id="2">
	<s id="1">Madame ?</s>
</p>
</sp>
<sp who="LA COMTESSE"><speaker>LA COMTESSE.</speaker>
<p id="3">
	<s id="1">Donnez-moi...</s>
</p>
</sp>
<sp who="HENRIETTE"><speaker>HENRIETTE.</speaker>
<p id="4">
	<s id="1">Quoi, Madame ?</s>
</p>
</sp>
<sp who="LA COMTESSE"><speaker>LA COMTESSE.</speaker>
<p id="5">
	<s id="1">Mon écritoire... non, un siège.</s>
</p>
</sp>
<sp who="HENRIETTE"><speaker>HENRIETTE.</speaker>
<p id="6">
	<s id="1">Madame me paraît bien inquiète, bien agitée.</s>
</p>
</sp>
<sp stage="sit" who="LA COMTESSE"><speaker>LA COMTESSE, s'asseyant.</speaker>
<p id="7">
	<s id="1">Ah, Henriette ! </s>
	<s id="2">Ma situation est inconcevable !</s>
</p>
</sp>
<sp who="HENRIETTE"><speaker>HENRIETTE.</speaker>
<p id="8">
	<s id="1">Comment, Madame, auriez vous à vous plaindre de Monsieur le Chevalier ?</s>
</p>
</sp>
<sp who="LA COMTESSE"><speaker>LA COMTESSE.</speaker>
<p id="9">
	<s id="1">Hé, non, au contraire ; il ne m'est que trop fidèle.</s>
</p>
</sp>
<sp who="HENRIETTE"><speaker>HENRIETTE.</speaker>
<p id="10">
	<s id="1">Que trop fidèle ! </s>
	<s id="2">Voilà un reproche qui est nouveau.</s>
</p>
</sp>
<sp who="LA COMTESSE"><speaker>LA COMTESSE.</speaker>
<p id="11">
	<s id="1">Sans doute, et plus il est rare, plus il me semble que j'ai de[s] torts.</s>
</p>
</sp>
<sp who="HENRIETTE"><speaker>HENRIETTE.</speaker>
<p id="12">
	<s id="1">Comment, vous trouvez qu'il vous aime trop ?</s>
</p>
</sp>
<sp who="LA COMTESSE"><speaker>LA COMTESSE.</speaker>
<p id="13">
	<s id="1">Oui.</s>
</p>
</sp>
<sp who="HENRIETTE"><speaker>HENRIETTE.</speaker>
<p id="14">
	<s id="1">Hé bien, épousez-le, il changera bientôt.</s>
</p>
</sp>
<sp who="LA COMTESSE"><speaker>LA COMTESSE.</speaker>
<p id="15">
	<s id="1">Quoi, tu veux que j'épouse un homme que je n'aime pas ?</s>
</p>
</sp>
<sp who="HENRIETTE"><speaker>HENRIETTE.</speaker>
<p id="16">
	<s id="1">Vous ne l'aimez plus ?</s>
</p>
</sp>
<sp who="LA COMTESSE"><speaker>LA COMTESSE.</speaker>
<p id="17">
	<s id="1">Non, et voilà ce qui me tourmente.</s>
</p>
</sp>
<sp who="HENRIETTE"><speaker>HENRIETTE.</speaker>
<p id="18">
	<s id="1">C'est pourtant ce qui devrait vous tranquilliser ; ce n'est que lorsque l'on aime , qu'on est en proie aux tourments, aux ennuis , aux...</s>
</p>
</sp>
<sp who="LA COMTESSE"><speaker>LA COMTESSE.</speaker>
<p id="19">
	<s id="1">Je vois bien que tu ne me comprends pas ; car enfin, qu'ai-je à reprocher au Chevalier ? </s>
	<s id="2">Rien. </s>
	<s id="3">On ne saurait aimer plus vivement, avec plus de délicatesse. </s>
	<s id="4">Il est affreux d'être ingrate sans le vouloir, sans aucun sujet de plainte.</s>
</p>
</sp>
<sp who="HENRIETTE"><speaker>HENRIETTE.</speaker>
<p id="20">
	<s id="1">Moi, Madame, je ne vois rien là d'affreux ; vous êtes comme vous étiez avant de l'aimer.</s>
</p>
</sp>
<sp who="LA COMTESSE"><speaker>LA COMTESSE.</speaker>
<p id="21">
	<s id="1">Tu ne conçois pas que mon indifférence va faire son malheur ?</s>
</p>
</sp>
<sp who="HENRIETTE"><speaker>HENRIETTE.</speaker>
<p id="22">
	<s id="1">Il est vrai qu'il perdra beaucoup, en perdant un coeur comme le vôtre, Madame ; mais puisque vous ne le quittez pas pour en aimer un autre, quel tort avez-vous ? </s>
	<s id="2">On n'est pas maître de son coeur, et d'ailleurs laissez-le toujours vous aimer, cela ne vous coûtera rien.</s>
</p>
</sp>
<sp who="LA COMTESSE"><speaker>LA COMTESSE.</speaker>
<p id="23">
	<s id="1">Quoi, je le tromperais ?</s>
</p>
</sp>
<sp who="HENRIETTE"><speaker>HENRIETTE.</speaker>
<p id="24">
	<s id="1">Il sera encore trop heureux.</s>
</p>
</sp>
<sp who="LA COMTESSE"><speaker>LA COMTESSE.</speaker>
<p id="25">
	<s id="1">Oui ; mais c'est une fausseté dont je suis incapable ; cependant lui laisser apercevoir que je ne l'aime plus, c'est lui donner la mort. </s>
	<s id="2">Non, je ne puis m'y déterminer. </s>
	<s id="3">Sa présence m'embarrasse, et je crains autant de le voir, qu'il désire d'être avec moi.</s>
</p>
</sp>
<sp who="HENRIETTE"><speaker>HENRIETTE.</speaker>
<p id="26">
	<s id="1">Hé bien, Madame, ne le voyez pas ; mais écrivez-lui.</s>
</p>
</sp>
<sp who="LA COMTESSE"><speaker>LA COMTESSE.</speaker>
<p id="27">
	<s id="1">Quelle fera sa douleur ! À quel désespoir il va se livrer.</s>
</p>
</sp>
<sp who="HENRIETTE"><speaker>HENRIETTE.</speaker>
<p id="28">
	<s id="1">J'entends quelqu'un, c'est lui-même, déterminez-vous.</s>
</p>
</sp>
<sp who="LA COMTESSE"><speaker>LA COMTESSE.</speaker>
<p id="29">
	<s id="1">Ô Ciel ! Dis-lui d'attendre... </s>
	<s id="2">Je vais rêver au parti que je dois suivre.</s>
</p>
</sp>
</div2>
<div2 type="scene" n="2"><head>SCÈNE II. Le Chevalier, Henriettte.</head>
<sp who="HENRIETTE"><speaker>HENRIETTE.</speaker>
<p id="1">
	<s id="1">Monsieur le Chevalier...</s>
</p>
</sp>
<sp who="LE CHEVALIER"><speaker>LE CHEVALIER.</speaker>
<p id="2">
	<s id="1">Hé bien, que fait la Comtesse ? </s>
	<s id="2">Puis-je la voir ?</s>
</p>
</sp>
<sp who="HENRIETTE"><speaker>HENRIETTE.</speaker>
<p id="3">
	<s id="1">Elle est très occupée. </s>
	<s id="2">Si vous voulez pourtant, je vais lui demander.</s>
</p>
</sp>
<sp who="LE CHEVALIER"><speaker>LE CHEVALIER.</speaker>
<p id="4">
	<s id="1">J'avais à lui parler ; mais cela ne presse pas.</s>
</p>
</sp>
<sp who="HENRIETTE"><speaker>HENRIETTE.</speaker>
<p id="5">
	<s id="1">Je m'en vais lui dire que vous êtes-ici.</s>
</p>
</sp>
<sp who="LE CHEVALIER"><speaker>LE CHEVALIER.</speaker>
<p id="6">
	<s id="1">Je ne veux pas la détourner.</s>
</p>
</sp>
<sp who="HENRIETTE"><speaker>HENRIETTE.</speaker>
<p id="7">
	<s id="1">Attendez un inftant.</s>
</p>
</sp>
</div2>
<div2 type="scene" n="3"><head>SCÈNE III.</head>
<sp who="LE CHEVALIER"><speaker>LE CHEVALIER, rêvant.</speaker>
<p id="8">
	<s id="1">Je n'aurais pas dû rester. </s>
	<s id="2">Par où m'y prendre pour lui annoncer ?... qui m'eût dit qu'un jour j'aurais pu cesser de l'aimer !... </s>
	<s id="3">Cependant, il n'est que trop vrai !... </s>
	<s id="4">Est-elle moins belle, moins tendre ? </s>
	<s id="5">Non, voilà ce qui me désespère !... </s>
	<s id="6">Sur le point de l'épouser, rompre sans raison... </s>
	<s id="7">Il le faut bien... </s>
	<s id="8">Je consens qu'elle me haïsse ; mais je ne veux pas que jamais elle puisse me mépriser... </s>
	<s id="9">Que lui dire ? </s>
	<s id="10">Que je ne l'aime plus ? </s>
	<s id="11">Moi qui lui ai juré cent fois de ne vivre que pour elle, de l'adorer jusqu'au dernier soupir... </s>
	<s id="12">Ah, quelle barbarie ! </s>
	<s id="13">Je pourrais me résoudre à lui plonger le poignard dans le sein, moi qu'elle aime, ah, que dis-je ? </s>
	<s id="14">Dont elle attend le bonheur de sa vie ; je serais un monstre !... </s>
	<s id="15">Mais si je lui écrivais ?... </s>
	<s id="16">Oui, si je rougis de mon indifférence, je ne dois pas rougir d'une action qui prouve l'honnêteté de mon âme.</s>
</p>
<stage type="write">Il écrit. </stage>
<p id="9">
	<s id="1">« Mon coeur m'avait trompé, Madame. </s>
	<s id="2">Ô Ciel, elle en mourra ! »</s>
</p>
<stage type="write">Il écrit. </stage>
<p id="10">
	<s id="1">« Si vous le voulez cependant, je tiendrai ma promesse, je ne peux pas être à une autre qu'à vous, je ne suis pas capable d'une pareille perfidie. </s>
	<s id="2">Je perds bien plus que vous ; puisque rien ne pourra jamais me tenir lieu d'un amour qui m'était aussi précieux. » </s>
	<s id="3">Donnons cette lettre à Henriette et fuyons promptement.</s>
</p>
<stage type="close">Il plie et cachette la lettre.</stage>
</sp>
</div2>
<div2 type="scene" n="4"><head>SCÈNE IV. Le Chevalier, Henriette.</head>
<sp who="HENRIETTE"><speaker>HENRIETTE.</speaker>
<p id="1">
	<s id="1">Monsieur le Chevalier, Madame ne saurait vous voir aujourd'hui, et elle m'a chargée de vous remettre de billet.</s>
</p>
</sp>
<sp who="LE CHEVALIER"><speaker>LE CHEVALIER.</speaker>
<p id="2">
	<s id="1">Hé bien, comme il lui plaira, je lui ai écrit aussi, donnez-lui cela.</s>
</p>
</sp>
<sp who="HENRIETTE"><speaker>HENRIETTE.</speaker>
<p id="3">
	<s id="1">Je vais lui remettre dans l'instant.</s>
</p>
</sp>
</div2>
<div2 type="scene" n="5"><head>SCÈNE V.</head>
<sp who="LE CHEVALIER"><speaker>LE CHEVALIER.</speaker>
<p id="1">
	<s id="1">Quelle est éloignée d'imaginer ce qu'elle va lire ! </s>
	<s id="2">Voyons ce qu'elle peut me mander.</s>
</p>
<stage type="low">Il lit bas. </stage>
<p id="2">
	<s id="1">Est-il possible ? </s>
	<s id="2">Ai-je bien lu ! </s>
</p>
<stage type="loud">Il lit haut. </stage>
<p id="1">
	<s id="1">C'est avec la plus vive douleur, Monsieur le Chevalier, que je vous écris ceci ; il ne faut plus nous voir, je ne suis plus digne de vous, je ne saurais vous tromper, il ne sera plus de bonheur pour moi, vous seul me l'aviez fait concevoir, mon coeur s'y refuse ; il n'est plus sensible, j'y perds plus que vous, vous êtes vengé et vous devez l'être ; c'est une satisfaction que je vous dois. </s>
	<s id="2">Ménagez-vous, et que votre désespoir ne me fasse pas repentir d'avoir été trop vraie. </s>
	<s id="3">Adieu. </s>
</p>
<stage type="fall">Il tombe dans un fauteuil. </stage>
<p id="2">
	<s id="1">Elle ne m'aime plus ! </s>
	<s id="2">Avec quelle froideur elle me l'annonce ! </s>
	<s id="3">Elle m'avait prévenu et je craignais de lui déchirer le sein ! </s>
	<s id="4">L'ingrate ! </s>
	<s id="5">Qui a pu me faire perdre son coeur ? </s>
	<s id="6">Mais que dis-je ? </s>
	<s id="7">Non, elle ne m'a jamais aimé. </s>
	<s id="8">Quelle affreuse pensée ! </s>
	<s id="9">Elle aurait pu me tromper ? </s>
	<s id="10">Dieux ! </s>
	<s id="11">Quelle horrible situation !</s>
</p>
<stage type="sit">Il s'appuie sur la table, la tête sur ses deux mains. La Comtesse entre et le voit dans cette situation.</stage>
</sp>
</div2>
<div2 type="scene" n="6"><head>SCÈNE VI. La Comtesse, Le Chevalier.</head>
<sp who="LA COMTESSE"><speaker>LA COMTESSE.</speaker>
<p id="1">
	<s id="1">Quoi, Chevalier, vous ! </s>
	<s id="2">Vous avez pu écrire que vous ne m'aimiez plus !</s>
</p>
</sp>
<sp who="LE CHEVALIER"><speaker>LE CHEVALIER.</speaker>
<p id="2">
	<s id="1">Aurais-je jamais pu penser que je dusse avoir un pareil reproche à vous faire, sans craindre de vous offenser ! </s>
	<s id="2">Ah, Comtesse, non, votre coeur n'a pu vous dicter ce billet !</s>
</p>
</sp>
<sp who="LA COMTESSE"><speaker>LA COMTESSE.</speaker>
<p id="3">
	<s id="1">Quoi, vous vous plaignez ; quand au même instant, vous êtes encore plus coupable, quand je craignais tout de votre désespoir...</s>
</p>
</sp>
<sp who="LE CHEVALIER"><speaker>LE CHEVALIER.</speaker>
<p id="4">
	<s id="1">Et vous êtes-vous trompée ? </s>
	<s id="2">Non, Madame, j'en mourrai ! </s>
	<s id="3">Vivez heureuse ; puisque vous pouvez l'être encore sans moi.</s>
</p>
</sp>
<sp who="LA COMTESSE"><speaker>LA COMTESSE.</speaker>
<p id="4">
	<s id="1">Ingrat ! </s>
	<s id="2">Connaissez-vous un peu mon coeur ! </s>
	<s id="3">Ah, sans doute ; puisque vous avez consenti à le perdre. </s>
	<s id="4">Quelle était mon erreur !</s>
</p>
</sp>
<sp who="LE CHEVALIER"><speaker>LE CHEVALIER.</speaker>
<p id="5">
	<s id="1">Que dites-vous, ô Ciel !... </s>
	<s id="2">Quelle joie insensée !... </s>
	<s id="3">Ah, Madame, si je vous parois actuellement indigne d'un si doux retour, le temps, mon repentir, tout vous prouvera que c'est un égarement que je ne me pardonnerai jamais ; trop heureux si je puis espérer qu'un jour vous me regretterez !</s>
</p>
</sp>
<sp who="LA COMTESSE"><speaker>LA COMTESSE.</speaker>
<p id="6">
	<s id="1">Et que fais-je donc à présent ?</s>
</p>
</sp>
<sp who="LE CHEVALIER"><speaker>LE CHEVALIER.</speaker>
<p id="7">
	<s id="1">Quoi, vous me pardonneriez ! Quel serait mon bonheur ! </s>
	<s id="2">Vous m'aimeriez encore ?</s>
</p>
</sp>
<sp who="LA COMTESSE"><speaker>LA COMTESSE.</speaker>
<p id="8">
	<s id="1">Ai-je jamais cessé ? </s>
	<s id="2">Mon coeur n'était-il pas alarmé de tout ce que vous souffririez par ce cruel aveu ? </s>
	<s id="3">C'est une erreur de l'esprit, que je ne puis comprendre.</s>
</p>
</sp>
<sp who="LE CHEVALIER"><speaker>LE CHEVALIER.</speaker>
<p id="9">
	<s id="1">Ah ! </s>
	<s id="2">Nos coeurs ne qont pas faits pour être déqunis, ne différons plus de former un lien dont le retard avait irrité l'amour contre nous.</s>
</p>
</sp>
<sp who="LA COMTESSE"><speaker>LA COMTESSE.</speaker>
<p id="10">
	<s id="1">Il en deviendra plus fort et plus durable. </s>
	<s id="2">Oui, Chevalier, l'indifférence a manqué son coup, elle va nous fuir sans retour.</s>
</p>
</sp>
<sp who="LE CHEVALIER"><speaker>LE CHEVALIER.</speaker>
<p id="11">
	<s id="1">Je jure et je sens que je vais vous aimer jusqu'au dernier soupir.</s>
</p>
<stage type="kiss">Il lui baise la main.</stage>
</sp>
</div2>
</div1>
</body>
</text>
</TEI>