<?xml version="1.0" encoding="utf-8" ?>
<TEI xml:lang="fr">
<teiHeader>
	<fileDesc>
		<titleStmt>
			<title>LES PLEUREURS D'HOMÈRE, PROVERBE</title>
			<author type="texte" ISNI="0000 0000 7977 1756">Louis Carrogis de CARMONTELLE (1717-1806)</author>
		</titleStmt>
		<publicationStmt>
			<publisher>publié par Paul FIEVRE août 2012</publisher>
			<idno>CARMONTELLE_PLEUREURSDHOMERE</idno>
			<rights>Creative Commons BY-NC-SA</rights>
		</publicationStmt>
		<SourceDesc>
			<genre>Proverbe</genre>
			<inspiration>moeurs</inspiration>			<structure>Un acte</structure>
			<type>prose</type>
			<periode>1761-1770</periode>
			<taille>(mesure non pertinente)</taille>
			<permalien></permalien>
		</SourceDesc>
</fileDesc>
</teiHeader>
<text>
	<front>
		<docTitle>
			<titlePart type="main">LES PLEUREURS D'HOMÈRE</titlePart>
			<titlePart type="sub">TRENTE-QUATRIÈME PROVERBE.</titlePart>
		</docTitle> 
		<docDate value='1768'>M. DCC. LXVIII. Avec Approbation et Privilège du Roi.</docDate>
		<docAuthor id='CARMONTELLE, Louis de' bio='carmontelle'>de CARMONTELLE.</docAuthor>
		<docImprint>
			<printer id='VEUVE-RIBOU'>À Paris, chez Sébastien JORRY, vis à vis le Comédie Française, chez Le JAY, rue Saint Jacques, près celle des Mathurins.</printer>
		</docImprint>
		<performance>
			<premiere date='(inconnue)' location='(inconnue)'></premiere>
		</performance>
	<castList><head>PERSONNAGES</head>
		<castItem><role id="MONSIEUR DESGRAIS" sex="1" type="H" statut='bourgeois' age='A' stat_amour='néant'>MONSIEUR DESGRAIS</role>.</castItem>
		<castItem><role id="MONSIEUR DELEPINE" sex="1" type="H" statut='bourgeois' age='A' stat_amour='néant'>MONSIEUR DELEPINE</role>.</castItem>
		<castItem><role id="MONSIEUR DUCHESNE" sex="1" type="H" statut='bourgeois' age='A' stat_amour='néant'>MONSIEUR DUCHESNE</role>.</castItem>
		<castItem><role id="MADAME RAMAS" sex="2" type="H" statut='commerçant' age='A' stat_amour='néant'>MADAME RAMAS</role>, revendeuse.</castItem>
   </castList>
<set location="Paris" country="France" periode="XVIIIème" gps="48.856614, 2.352222">La Scène est dans un café.</set>
</front>
<body>
<div1 type="act" n='1'><head></head>
<div2 type="scene" n='1'><head>SCÈNE PREMIÈRE. Monsieur Desgrais, Monsieur Delepine.</head>
<sp who='MONSIEUR DESGRAIS'><speaker>MONSIEUR DESGRAIS.</speaker>
<p id='1'>
	<s id='1'>Bonjour, Monsieur Delépine. </s>
	<s id='2'>Comment vous va aujourd'hui ?</s>
</p>
</sp>
<sp who='MONSIEUR DELEPINE'><speaker>MONSIEUR DELEPINE.</speaker>
<p id='2'>
	<s id='1'>Ah, Monsieur Desgrais, je ne vous voyais pas.</s>
</p>
</sp>
<sp who='MONSIEUR DESGRAIS'><speaker>MONSIEUR DESGRAIS.</speaker>
<p id='3'>
	<s id='1'>Qu'est-ce que vous avez donc ?</s>
</p>
</sp>
<sp who='MONSIEUR DELEPINE'><speaker>MONSIEUR DELEPINE.</speaker>
<note type="L">Cinq-pieds : fait référence au pentamètre qui est la mesure du vers antique.</note>
<p id='4'>
	<s id='1'>J'ai bien du chagrin. </s>
	<s id='2'>Ce pauvre Monsieur Cinq-pieds est mort.</s>
</p>
</sp>
<sp who='MONSIEUR DESGRAIS'><speaker>MONSIEUR DESGRAIS.</speaker>
<p id='5'>
	<s id='1'>Cinq-pieds est mort ?</s>
</p>
</sp>
<sp who='MONSIEUR DELEPINE'><speaker>MONSIEUR DELEPINE.</speaker>
<p id='6'>
	<s id='1'>Oui, vraiment, à Nemours.</s>
</p>
</sp>
<sp who='MONSIEUR DESGRAIS'><speaker>MONSIEUR DESGRAIS.</speaker>
<p id='7'>
	<s id='1'>Et qu'est ce qu'il faisait là ?</s>
</p>
</sp>
<sp who='MONSIEUR DELEPINE'><speaker>MONSIEUR DELEPINE.</speaker>
<note type="L">Logogriphe : sorte de symbole en paroles énigmatiques ; petite enigme qu'on propose à deviner à des écoliers pour leur éveiller l'esprit. [F]</note>
<p id='8'>
	<s id='1'>Il s'y était retiré, pour deviner des logogriphes.</s>
</p>
</sp>
<sp who='MONSIEUR DESGRAIS'><speaker>MONSIEUR DESGRAIS.</speaker>
<p id='9'>
	<s id='1'>Pour deviner des logogriphes ?</s>
</p>
</sp>
<sp who='MONSIEUR DELEPINE'><speaker>MONSIEUR DELEPINE.</speaker>
<p id='8'>
	<s id='1'>Oui, et c'est ce qui l'a tué.</s>
</p>
</sp>
<sp who='MONSIEUR DESGRAIS'><speaker>MONSIEUR DESGRAIS.</speaker>
<p id='10'>
	<s id='1'>Je ne comprends pas cela.</s>
</p>
</sp>
<sp who='MONSIEUR DELEPINE'><speaker>MONSIEUR DELEPINE.</speaker>
<p id='11'>
	<s id='1'>Il avait choisi ce genre d'occupation-là, et c'était pour n'être pas distrait , qu'il avait abandonné Paris, pour Nemours.</s>
</p>
</sp>
<sp who='MONSIEUR DESGRAIS'><speaker>MONSIEUR DESGRAIS.</speaker>
<p id='12'>
	<s id='1'>Je conçois qu'on y est plus tranquille.</s>
</p>
</sp>
<sp who='MONSIEUR DELEPINE'><speaker>MONSIEUR DELEPINE.</speaker>
<p id='13'>
	<s id='1'>Il mit une si grande application à ce qui ne devait être pour lui qu'un amusement, qu'il en perdait le boire et le manger. Le dernier logogriphe lui a fait passer huit jours et huit nuits de suite, sans pouvoir le deviner ; cela lui a échauffé le sang, en trois jours de temps il est mort. C'est affreux !</s>
</p>
</sp>
<sp who='MONSIEUR DESGRAIS'><speaker>MONSIEUR DESGRAIS.</speaker>
<note type="L">Homère : poète grec du VIIème siècle avant JC, auteur présumé de l'Illiade et de l'Odyssée.</note>
<p id='14'>
	<s id='1'>Voilà comme est mort ce pauvre Homère.</s>
</p>
</sp>
<sp who='MONSIEUR DELEPINE'><speaker>MONSIEUR DELEPINE.</speaker>
<p id='15'>
	<s id='1'>Qu'est-ce que c'était que Monsieur Homère?</s>
</p>
</sp>
<sp who='MONSIEUR DESGRAIS'><speaker>MONSIEUR DESGRAIS.</speaker>
<p id='16'>
	<s id='1'>Quoi ! vous ne connaissez pas Homère, le poète Grec ?</s>
</p>
</sp>
<sp who='MONSIEUR DELEPINE'><speaker>MONSIEUR DELEPINE.</speaker>
<p id='17'>
	<s id='1'>Ah, mon Dieu, je ne le connois pas ? </s>
	<s id='2'>Je le regretterai toute ma vie.</s>
</p>
</sp>
<sp who='MONSIEUR DESGRAIS'><speaker>MONSIEUR DESGRAIS.</speaker>
<p id='18'>
	<s id='1'>C'était un homme cela ! </s>
	<s id='2'>Quelles images ! </s>
	<s id='3'>Quelle poésie !</s>
</p>
</sp>
<sp who='MONSIEUR DELEPINE'><speaker>MONSIEUR DELEPINE.</speaker>
<p id='19'>
	<s id='1'>Ah, ne m'en parlez pas, les larmes me viennent aux yeux , d'abord que j'y pense.</s>
</p>
</sp>
<sp who='MONSIEUR DESGRAIS'><speaker>MONSIEUR DESGRAIS.</speaker>
<p id='20'>
	<s id='1'>Et qui pleurera-t-on, si ce n'est un aussi grand homme ?</s>
</p>
</sp>
<sp who='MONSIEUR DELEPINE'><speaker>MONSIEUR DELEPINE.</speaker>
<p id='21'>
	<s id='1'>Et vous croyez que Monsieur Cinq-pieds est mort comme lui ?</s>
</p>
</sp>
<sp who='MONSIEUR DESGRAIS'><speaker>MONSIEUR DESGRAIS.</speaker>
<p id='22'>
	<s id='1'>Quoi, ne vous souvenez-vous pas qu'il mourut de regret de n'avoir pas pu deviner une énigme que lui avaient proposé des Pêcheurs dans une des Îles Soporades ?</s>
</p>
</sp>
<sp who='MONSIEUR DELEPINE'><speaker>MONSIEUR DELEPINE.</speaker>
<p id='23'>
	<s id='1'>Ah, mon Dieu, oui, vous me le rappelez ; que c'était un bon homme !</s>
</p>
<stage type="cry">Il pleure.</stage>
</sp>
<sp who='MONSIEUR DESGRAIS'><speaker>MONSIEUR DESGRAIS.</speaker>
<p id='24'>
	<s id='1'>C'est un excellent homme, qu'il faut dire. </s>
	<s id='2'>Ah !</s>
</p>
<stage type="cry">Il pleure.</stage>
</sp>
<sp who='MONSIEUR DELEPINE'><speaker>MONSIEUR DELEPINE.</speaker>
<p id='25'>
	<s id='1'>Quand on dit qu'il dormait quelquefois, c'est qu'il était aveugle, et l'on s'y méprenait, ah !</s>
</p>
<stage type="cry">Il pleure.</stage>
</sp>
<sp who='MONSIEUR DESGRAIS'><speaker>MONSIEUR DESGRAIS.</speaker>
<p id='26'>
	<s id='1'>Monsieur, les grands hommes auront toujours des envieux, mais qu'ils imitent Homère ceux qui disent cela ; qu'ils imitent sa bonté et sa reconnaissance, comme il célébrait dans ses ouvrages tous ceux à qui il avait quelque obligation ! </s>
	<s id='2'>Ah !</s>
</p>
<stage type="cry">Il pleure.</stage>
</sp>
<sp who='MONSIEUR DELEPINE'><speaker>MONSIEUR DELEPINE.</speaker>
<p id='27'>
	<s id='1'>Quel homme ! </s>
	<s id='2'>Quel homme ! </s>
</p>
<stage type="cry">Il pleure.</stage>
<p id='28'>
	<s id='1'>Qui est-ce qui aurait inventé l'épopée de nos jours ?</s>
</p>
</sp>
<sp who='MONSIEUR DESGRAIS'><speaker>MONSIEUR DESGRAIS.</speaker>
<p id='29'>
	<s id='1'>Ah, personne , personne !</s>
</p>
<stage type="cry">Il pleure.</stage>
</sp>
<sp who='MONSIEUR DELEPINE'><speaker>MONSIEUR DELEPINE.</speaker>
<p id='30'>
	<s id='1'>Aristote n'en veut pas convenir ; mais il dit pourtant que c'est lui qui l'a enseignée aux Poètes.</s>
</p>
</sp>
<sp who='MONSIEUR DESGRAIS'><speaker>MONSIEUR DESGRAIS.</speaker>
<p id='31'>
	<s id='1'>L'épopée ?</s>
</p>
<stage type="cry">Il pleure.</stage>
</sp>
<sp who='MONSIEUR DELEPINE'><speaker>MONSIEUR DELEPINE.</speaker>
<p id='32'>
	<s id='1'>Oui, l'épopée !</s>
</p>
<stage type="cry/shout">Ils pleurent tous les deux bien fort.</stage>
</sp>
<sp who='MONSIEUR DESGRAIS'><speaker>MONSIEUR DESGRAIS.</speaker>
<p id='33'>
	<s id='1'>L'épopée, sans lui n'aurait jamais parue ! </s>
</p>
<stage type="cry">Il pleure.</stage>
</sp>
<sp who='MONSIEUR DELEPINE'><speaker>MONSIEUR DELEPINE.</speaker>
<p id='34'>
	<s id='1'>Nous n'eussions jamais connu l'épopée !</s>
</p>
<stage type="cry">Ils pleurent.</stage>
</sp>
<sp who='MONSIEUR DESGRAIS'><speaker>MONSIEUR DESGRAIS.</speaker>
<p id='35'>
	<s id='1'>Non, non, l'épopée !</s>
</p>
</sp>
<sp who='DELEPINE_DESGRAIS'><speaker>ENSEMBLE.</speaker>
<p id='36'>
	<s id='1'>Ah, ah, ah ! </s>
</p>
<stage type="cry">Ils pleurent jusqu'aux sanglots.</stage>
</sp>
</div2>
<div2 type="scene" n='2'><head>SCÈNE II. Monsieur Desgrais, Monsieur Duchesne, Monsieur Delepine.</head>
<sp who='MONSIEUR-DUCHESNE'><speaker>MONSIEUR DUCHESNE.</speaker>
<p id='1'>
	<s id='1'>Eh, mes amis, qu'est-ce qui vous est donc arrivé ?</s>
</p>
</sp>
<sp stage="together" who='DELEPINE, DESGRAIS'><speaker>Messieurs DESGRAIS, DELEPINE.</speaker>
<p id='2'>
	<s id='1'>Ah, ah, ah ! </s>
</p>
<stage type="cry">Ils pleurent sans pouvoir parler.</stage>
</sp>
<sp who='MONSIEUR-DUCHESNE'><speaker>MONSIEUR DUCHESNE.</speaker>
<p id='3'>
	<s id='1'>Mais dites donc ? </s>
	<s id='2'>Je n'ai jamais vu une douleur pareille.</s>
</p>
</sp>
<sp who='MONSIEUR DESGRAIS'><speaker>MONSIEUR DESGRAIS.</speaker>
<p id='4'>
	<s id='1'>Nous pleurons, ons, ons, ons ons...</s>
</p>
</sp>
<sp who='MONSIEUR-DUCHESNE'><speaker>MONSIEUR DUCHESNE.</speaker>
<p id='5'>
	<s id='1'>Achevez donc.</s>
</p>
</sp>
<sp who='MONSIEUR DELEPINE'><speaker>MONSIEUR DELEPINE.</speaker>
<p id='6'>
	<s id='1'>Ce pauvre ho , ho , ho , ho...</s>
</p>
</sp>
<sp who='MONSIEUR-DUCHESNE'><speaker>MONSIEUR DUCHESNE.</speaker>
<p id='7'>
	<s id='1'>Et qui donc ?</s>
</p>
</sp>
<sp who='MONSIEUR DESGRAIS'><speaker>MONSIEUR DESGRAIS.</speaker>
<p id='8'>
	<s id='1'>Ho, ho , ho. ...</s>
</p>
</sp>
<sp who='MONSIEUR-DUCHESNE'><speaker>MONSIEUR DUCHESNE.</speaker>
<p id='9'>
	<s id='1'>Je ne vous comprends point.</s>
</p>
</sp>
<sp who='MONSIEUR DELEPINE'><speaker>MONSIEUR DELEPINE.</speaker>
<p id='10'>
	<s id='1'>Vous ne pouvez pas, ah, ah, ah, nous blâmer.</s>
</p>
</sp>
<sp who='MONSIEUR DESGRAIS'><speaker>MONSIEUR DESGRAIS.</speaker>
<p id='11'>
	<s id='1'>Oui, quand vous saurez, hé , hé , hé...</s>
</p>
</sp>
<sp who='MONSIEUR DELEPINE'><speaker>MONSIEUR DELEPINE.</speaker>
<p id='12'>
	<s id='1'>Que nous pleurons, ho , ho, ho...</s>
</p>
</sp>
<sp who='MONSIEUR DESGRAIS'><speaker>MONSIEUR DESGRAIS.</speaker>
<p id='13'>
	<s id='1'>Ho, ho, ho... je ne peux pas prononcer son nom.</s>
</p>
</sp>
<sp who='MONSIEUR-DUCHESNE'><speaker>MONSIEUR DUCHESNE.</speaker>
<p id='14'>
	<s id='1'>Vous parlez bien pourtant.</s>
</p>
</sp>
<sp who='MONSIEUR DELEPINE'><speaker>MONSIEUR DELEPINE.</speaker>
<p id='15'>
	<s id='1'>C'est, est ; est, est.</s>
</p>
</sp>
<sp who='MONSIEUR DESGRAIS'><speaker>MONSIEUR DESGRAIS.</speaker>
<p id='16'>
	<s id='1'>Homère.</s>
</p>
</sp>
<sp who='MONSIEUR-DUCHESNE'><speaker>MONSIEUR DUCHESNE.</speaker>
<p id='17'>
	<s id='1'>Homère ? </s>
	<s id='2'>Je ne le connais pas.</s>
</p>
</sp>
<sp who='MONSIEUR DESGRAIS'><speaker>MONSIEUR DESGRAIS.</speaker>
<p id='18'>
	<s id='1'>Quoi, vous ne le connaissez pas ?</s>
</p>
</sp>
<sp who='MONSIEUR-DUCHESNE'><speaker>MONSIEUR DUCHESNE.</speaker>
<p id='19'>
	<s id='1'>Non, était-ce un de vos parents ?</s>
</p>
</sp>
<sp who='MONSIEUR DELEPINE'><speaker>MONSIEUR DELEPINE.</speaker>
<p id='20'>
	<s id='1'>Homère, le Poëte ?</s>
</p>
</sp>
<sp who='MONSIEUR-DUCHESNE'><speaker>MONSIEUR DUCHESNE.</speaker>
<p id='21'>
	<s id='1'>C'est Homère que vous pleurez ?</s>
</p>
</sp>
<sp who='MONSIEUR DESGRAIS'><speaker>MONSIEUR DESGRAIS.</speaker>
<p id='22'>
	<s id='1'>Oui , vraiment.</s>
</p>
</sp>
<sp who='MONSIEUR-DUCHESNE'><speaker>MONSIEUR DUCHESNE.</speaker>
<p id='23'>
	<s id='1'>Mais vous êtes donc fous ?</s>
</p>
</sp>
<sp who='MONSIEUR DELEPINE'><speaker>MONSIEUR DELEPINE.</speaker>
<p id='24'>
	<s id='1'>Foux ? </s>
	<s id='2'>Et qui trouvez-vous qu'on doive autant regretter ?</s>
</p>
</sp>
<sp who='MONSIEUR-DUCHESNE'><speaker>MONSIEUR DUCHESNE.</speaker>
<p id='25'>
	<s id='1'>Oui, je conviens que c'étAit un grand homme.</s>
</p>
<stage type="sad">Il s'attriste.</stage>
</sp>
<sp who='MONSIEUR DESGRAIS'><speaker>MONSIEUR DESGRAIS.</speaker>
<p id='26'>
	<s id='1'>Un homme incomparable !</s>
</p>
</sp>
<sp who='MONSIEUR DELEPINE'><speaker>MONSIEUR DELEPINE.</speaker>
<p id='27'>
	<s id='1'>Un homme qu'on doit être bien fâché de savoir mort.</s>
</p>
</sp>
<sp who='MONSIEUR-DUCHESNE'><speaker>MONSIEUR DUCHESNE.</speaker>
<p id='28'>
	<s id='1'>Il y a si longtemps !</s>
</p>
</sp>
<sp who='MONSIEUR DESGRAIS'><speaker>MONSIEUR DESGRAIS.</speaker>
<p id='29'>
	<s id='1'>Sa mémoire vit bien encore.</s>
</p>
</sp>
<sp who='MONSIEUR DELEPINE'><speaker>MONSIEUR DELEPINE.</speaker>
<p id='30'>
	<s id='1'>Et elle vivra toujours.</s>
</p>
</sp>
<sp who='MONSIEUR DESGRAIS'><speaker>MONSIEUR DESGRAIS.</speaker>
<p id='31'>
	<s id='1'>Ah, si nous le voyions un moment, tout aveugle qu'il était !...</s>
</p>
</sp>
<sp who='MONSIEUR-DUCHESNE'><speaker>MONSIEUR DUCHESNE.</speaker>
<p id='32'>
	<s id='1'>Il ne l'avait pas toujours été.</s>
</p>
</sp>
<sp who='MONSIEUR DELEPINE'><speaker>MONSIEUR DELEPINE.</speaker>
<p id='33'>
	<s id='1'>Ah c'est bien vrai !</s>
</p>
</sp>
<sp who='MONSIEUR DESGRAIS'><speaker>MONSIEUR DESGRAIS.</speaker>
<p id='34'>
	<s id='1'>Ses ouvrages le prouvent, quelles descríptions de la Nature !</s>
</p>
</sp>
<sp who='MONSIEUR DELEPINE'><speaker>MONSIEUR DELEPINE.</speaker>
<p id='35'>
	<s id='1'>Quel profit il avait tiré de ses voyages !</s>
</p>
</sp>
<sp who='MONSIEUR DESGRAIS'><speaker>MONSIEUR DESGRAIS.</speaker>
<p id='36'>
	<s id='1'>C'est lui qui nous a dit le premier que la Terre était une île environnée d'eau. </s>
	<s id='2'>Ho, ho, ho.</s>
</p>
<stage type="cry">Il pleure.</stage>
</sp>
<sp who='MONSIEUR DELEPINE'><speaker>MONSIEUR DELEPINE.</speaker>
<p id='37'>
	<s id='1'>Et que le Soleil se levait et se couchait dans l'Océan. </s>
	<s id=''>Han , han , han.</s>
</p>
<stage type="cry">Il pleure.</stage>
</sp>
<sp who='MONSIEUR-DUCHESNE'><speaker>MONSIEUR DUCHESNE.</speaker>
<p id='38'>
	<s id='1'>Il est vrai qu'il savait la Géographie !...</s>
</p>
</sp>
<sp who='MONSIEUR DESGRAIS'><speaker>MONSIEUR DESGRAIS.</speaker>
<p id='39'>
	<s id='1'>Tout, tout ce qu'on peut savoir.</s>
</p>
<stage type="cry">Il pleure.</stage>
</sp>
<sp who='MONSIEUR DELEPINE'><speaker>MONSIEUR DELEPINE.</speaker>
<p id='40'>
	<s id='1'>Son Iliade !...</s>
</p>
</sp>
<sp who='MONSIEUR DESGRAIS'><speaker>MONSIEUR DESGRAIS.</speaker>
<p id='41'>
	<s id='1'>Son Odyssée !...</s>
</p>
</sp>
<sp who='MONSIEUR-DUCHESNE'><speaker>MONSIEUR DUCHESNE.</speaker>
<p id='42'>
	<s id='1'>Il connaissait le sein des mers, les enfers...</s>
</p>
</sp>
<sp who='MONSIEUR DELEPINE'><speaker>MONSIEUR DELEPINE.</speaker>
<p id='43'>
	<s id='1'>L'Olympe !</s>
</p>
</sp>
<sp who='MONSIEUR DESGRAIS'><speaker>MONSIEUR DESGRAIS.</speaker>
<p id='44'>
	<s id='1'>Quelle Mythologie ! </s>
	<s id='2'>Hi, hi, hi, hi. </s>
</p>
<stage type="cry">Il pleure.</stage>
</sp>
<sp who='MONSIEUR-DUCHESNE'><speaker>MONSIEUR DUCHESNE.</speaker>
<p id='45'>
	<s id='1'>Arrêtez donc.</s>
</p>
<stage type="cry">Il pleure.</stage>
<p id='46'>
	<s id=''>Prêtez-moi un mouchoir.</s>
</p>
</sp>
<sp who='MONSIEUR DELEPINE'><speaker>MONSIEUR DELEPINE.</speaker>
<p id='46'>
	<s id='1'>Je n'ai que le mien.</s>
</p>
</sp>
<sp who='MONSIEUR DESGRAIS'><speaker>MONSIEUR DESGRAIS.</speaker>
<p id='47'>
	<s id='1'>Ni moi non plus.</s>
</p>
</sp>
<sp who='MONSIEUR DELEPINE'><speaker>MONSIEUR DELEPINE.</speaker>
<p id='48'>
	<s id='1'>Nous en étions à l'épopée , hé, hé , hé !</s>
</p>
</sp>
<sp who='MONSIEUR DESGRAIS'><speaker>MONSIEUR DESGRAIS.</speaker>
<p id='49'>
	<s id='1'>Oui, quand vous êtes arrivés, hé , hé, hé !</s>
</p>
</sp>
<sp stage="cry" who='MONSIEUR-DUCHESNE'><speaker>MONSIEUR DUCHESNE, pleurant.</speaker>
<p id='49'>
	<s id='1'>À l'épopée ! </s>
	<s id='2'>Hé , hé , hé !</s>
</p>
</sp>
<sp stage="together" who='DESGRAIS, DELEPINE, DUCHESNE'><speaker>TOUS LES TROIS.</speaker>
<p id='50'>
	<s id='1'>Hé , hé , hé , hé.</s>
</p>
<stage type="cry">Ils pleurent.</stage>
</sp>
<sp who='MONSIEUR-DUCHESNE'><speaker>MONSIEUR DUCHESNE.</speaker>
<p id='51'>
	<s id='1'>Comment donc vais-je faire ?</s>
</p>
<stage type="sweep">S'essuyant les yeux avec ses doigts.</stage>
</sp>
<sp who='MONSIEUR DESGRAIS'><speaker>MONSIEUR DESGRAIS.</speaker>
<p id='52'>
	<s id='1'>À l'épopée !</s>
</p>
</sp>
<sp stage="together" who='DESGRAIS, DELEPINE, DUCHESNE'><speaker>TOUS LES TROIS.</speaker>
<p id='50'>
	<s id='1'>Hé, hé, hé, hé !</s>
</p>
</sp>
</div2>
<div2 type="scene" n='3'><head>SCÈNE III. Monsieur Desgrais, Monsieur Délépine, Monsieur Duchesne, Madame Ramas un chapeau sur la tête et des mouchoirs attachés aux épaules.</head> 
<sp who='MADAME RAMAS'><speaker>MADAME RAMAS.</speaker>
<p id='1'>
	<s id='1'>Messieurs, achetez de mes beaux mouchoirs.</s>
</p>
</sp>
<sp who='MONSIEUR-DUCHESNE'><speaker>MONSIEUR DUCHESNE.</speaker>
<p id='2'>
	<s id='1'>Des mouchoirs ? </s>
	<s id='2'>Ils viennent bien à propos, j'en ai grand besoin.</s>
</p>
<stage type="sweep/moucher">Il s'essuie les yeux et se mouche dans un mouchoir de Madame Ramas, sans le détacher de son épaule.</stage>
<p id='3'>
	<s id='1'>Combien me vendrez-vous ce mouchoir-là ?</s>
</p>
</sp>
<sp who='MADAME RAMAS'><speaker>MADAME RAMAS.</speaker>
<p id='4'>
	<s id='1'>Six francs, Monsieur.</s>
</p>
</sp>
<sp who='MONSIEUR-DUCHESNE'><speaker>MONSIEUR DUCHESNE.</speaker>
<p id='5'>
	<s id='1'>Six francs, c'est trop cher.</s>
</p>
</sp>
<sp who='MADAME RAMAS'><speaker>MADAME RAMAS.</speaker>
<p id='6'>
	<s id='1'>Combien en voulez-vous donner ?</s>
</p>
</sp>
<sp who='MONSIEUR-DUCHESNE'><speaker>MONSIEUR DUCHESNE.</speaker>
<p id='7'>
	<s id='1'>Je vous en donnerai trois livres.</s>
</p>
</sp>
<sp who='MADAME RAMAS'><speaker>MADAME RAMAS.</speaker>
<p id='8'>
	<s id='1'>Monsieur, je ne le peux pas, en conscience. </s>
	<s id='2'>Il est à vous pour cent sols , si vous voulez.</s>
</p>
</sp>
<sp who='MONSIEUR-DUCHESNE'><speaker>MONSIEUR DUCHESNE.</speaker>
<p id='9'>
	<s id='1'>Non, je n'en donnerai pas davantage.</s>
</p>
</sp>
<sp who='MADAME RAMAS'><speaker>MADAME RAMAS.</speaker>
<p id='10'>
	<s id='1'>Mais, Monsieur, vous ne me le laisserez pas ?</s>
</p>
</sp>
<sp who='MONSIEUR-DUCHESNE'><speaker>MONSIEUR DUCHESNE.</speaker>
<p id='11'>
	<s id='1'>Si vous me le donnez pour trois livres ; car sans cela je n'en ai plus que faire, j'aurai le temps d'en aller chercher un chez moi.</s>
</p>
</sp>
<sp who='MADAME RAMAS'><speaker>MADAME RAMAS.</speaker>
<p id='12'>
	<s id='1'>Mais, Monsieur, vous l'avez sali.</s>
</p>
</sp>
<sp who='MONSIEUR-DUCHESNE'><speaker>MONSIEUR DUCHESNE.</speaker>
<p id='13'>
	<s id='1'>Hé bien, voilà trois livres ou rien.</s>
</p>
<stage type="exit">Il s'en va.</stage>
</sp>
<sp who='MADAME RAMAS'><speaker>MADAME RAMAS.</speaker>
<p id='14'>
	<s id='1'>Mais, Monsieur, Monsieur ?</s>
</p>
<stage type="run">Elle court après lui.</stage>
</sp>
<sp who='MONSIEUR-DUCHESNE'><speaker>MONSIEUR DUCHESNE.</speaker>
<p id='15'>
	<s id='1'>Monsieur Delépine, voulez-vous venir aux Tuilleries , pour nous dissiper un peu, nous en avons besoin.</s>
</p>
</sp>
<sp who='MONSIEUR DELEPINE'><speaker>MONSIEUR DELEPINE.</speaker>
<p id='48'>
	<s id='1'>Très volontiers, je ne demande pas mieux.</s>
</p>
<stage type="exit">Ils s'en vont.</stage>
</sp>
</div2>
</div1>
</body>
</text>
</TEI>