<?xml version="1.0" encoding="utf-8"?>
<TEI xml:lang="fr">
<teiHeader>
	<fileDesc>
		<titleStmt>
			<title>LE BOUDOIR, COMÉDIE</title>
			<author type="texte" ISNI="0000 0000 7977 1756">CARMONTELLE? Louis Carrogis de (1717-1806)</author>
		</titleStmt>
		<publicationStmt>
			<editor>Texte établi par Paul FIEVRE décembre 2012</editor>
			<publisher>Publié par Paul FIEVRE décembre 2012, revu février 2017</publisher>
			<idno>CARMONTELLE_BOUDOIR</idno>
			<rights>Creative Commons BY-NC-SA</rights>
		</publicationStmt>
		<SourceDesc>
			<genre>Proverbe</genre>
			<inspiration>moeurs</inspiration>			<structure>Un acte</structure>
			<type>prose</type>
			<periode>1761-1770</periode>
			<taille>(mesure non pertinente)</taille>
			<permalien></permalien>
		</SourceDesc>
</fileDesc>
</teiHeader>
<text>
	<front>
		<docTitle>
			<titlePart type="main">LE BOUDOIR.</titlePart>
			<titlePart type="sub">COMÉDIE.</titlePart>
			<titlePart type="sub">TRENTE-NEUVIÈME PROVERBE.</titlePart>
		</docTitle> 
		<docDate value='1768'>M. DCC. LXXI. Avec Approbation et Privilège du Roi.</docDate>
		<docAuthor id='CARMONTELLE, Louis de' bio='carmontelle'>de CARMONTELLE.</docAuthor>
		<docImprint>
			<printer id='JORRY'>À Paris, chez Sébastien JORRY, vis à vis le Comédie Française, chez Le JAY, rue Saint Jacques, près celle des Mathurins.</printer>
		</docImprint>
		<performance>
			<premiere date='1768' location='chez Madame la Marquise de Mauconseil'>Représenté pour la première fois en 1768 à Bagatelle chez Madame la Marquise de Mauconseil.</premiere>
		</performance>
	<castList><head>PERSONNAGES</head>
		<castItem><role id="MONSIEUR-DE-BOURVAL" sex="1" type="H" statut='bourgeois' age='A' stat_amour='amoureux'>MONSIEUR DE BOURVAL</role>.</castItem>
		<castItem><role id="MADEMOISELLE DE SAINT-EDME" sex="2" type="H" statut='aristocrate' age="J" stat_amour='amant'>MADEMOISELLE DE SAINT-EDME</role>.</castItem>
		<castItem><role id="LE CHEVALIER DE GORVILLE" sex="1" type="H" statut='chevalier' age='A' stat_amour='amant'>LE CHEVALIER DE GORVILLE</role>.</castItem>
		<castItem><role id="SOPHIE" sex="2" type="H" statut='femme de chambre' age='A' stat_amour='néant'>SOPHIE</role>, femme de chambre de Mademoiselle de Saint-Edme.</castItem>
		<castItem><role id="MONSIEUR D'ORSANT" sex="1" type="H" statut='aristocrate' age='A' stat_amour='néant'>MONSIEUR D'ORSANT</role>, oncle du Chevalier de Gorville.</castItem>
   </castList>
<set location='France' country='France' periode='XVIIIème' gps="(N/A)">La Scène est chez M. de Bourval, dans un Boudoir neuf, orné de glaces, de peintures agréables, de meubles précieux et à la mode.</set>
</front>
<body>
<div1 type="act" n='1'><head>LE BOUDOIR</head>
<div2 type="scene" n='1'><head>SCÈNE PREMIÈRE. Monsieur de Bourval, Monsieur d'Orsant.</head>
<sp stage="entrance" who='MONSIEUR-DE-BOURVAL'><speaker>MONSIEUR DE BOURVAL, entrant le premier.</speaker>
<p id='1'>
	<s id='1'>Entrez et fermez la porte à regardez un peu ceci. </s>
	<s id='2'>Que dites-vous de ce boudoir ?</s>
</p>
</sp>
<sp who='MONSIEUR-D-ORSANT'><speaker>MONSIEUR D'ORSANT.</speaker>
<p id='2'>
	<s id='1'>Je le trouve délicieux , je n'ai rien vu comme cela.</s>
</p>
</sp>
<sp who='MONSIEUR-DE-BOURVAL'><speaker>MONSIEUR DE BOURVAL.</speaker>
<p id='3'>
	<s id='1'>Je n'ai pas voulu qu'il y manquât la moindre chose.</s>
</p>
</sp>
<sp who='MONSIEUR-D-ORSANT'><speaker>MONSIEUR D'ORSANT.</speaker>
<p id='4'>
	<s id='1'>Il y a une proportion, une élégance ! </s>
	<s id='2'>Un charme ! </s>
	<s id='3'>Et en même temps, malgré la richesse des ornements, ils sont si bien distribués, avec tant de goût, que l'oeil est aussi content qu'il est enchanté.</s>
</p>
</sp>
<sp who='MONSIEUR-DE-BOURVAL'><speaker>MONSIEUR DE BOURVAL.</speaker>
<p id='5'>
	<s id='1'>Vous en devinez bien l'Auteur ?</s>
</p>
</sp>
<sp who='MONSIEUR-D-ORSANT'><speaker>MONSIEUR D'ORSANT.</speaker>
<p id='6'>
	<s id='1'>C'est notre ami ?</s>
</p>
</sp>
<sp who='MONSIEUR-DE-BOURVAL'><speaker>MONSIEUR DE BOURVAL.</speaker>
<p id='7'>
	<s id='1'>Il n'y a que lui. </s>
	<s id='2'>Et les Peintures ?</s>
</p>
</sp>
<sp who='MONSIEUR-D-ORSANT'><speaker>MONSIEUR D'ORSANT.</speaker>
<p id='8'>
	<s id='1'>Ah, parbleu, cela n'est pas difficile ; on reconnaît toujours le père des grâces et des amours. </s>
	<s id='2'>Tout est charmant !</s>
</p>
</sp>
<sp who='MONSIEUR-DE-BOURVAL'><speaker>MONSIEUR DE BOURVAL.</speaker>
<p id='9'>
	<s id='1'>Il faut voir cela en détail.</s>
</p>
</sp>
<sp who='MONSIEUR-D-ORSANT'><speaker>MONSIEUR D'ORSANT.</speaker>
<p id='10'>
	<s id='1'>Sans doute. </s>
	<s id='2'>Mais quelle folie pour un homme de votre âge, de faire faire un boudoir aussi voluptueux !</s>
</p>
</sp>
<sp who='MONSIEUR-DE-BOURVAL'><speaker>MONSIEUR DE BOURVAL.</speaker>
<p id='11'>
	<s id='1'>Bien loin d'être une folie, quand vous saurez mon projet, vous ne manquerez sûrement pas de m'approuver.</s>
</p>
</sp>
<sp who='MONSIEUR-D-ORSANT'><speaker>MONSIEUR D'ORSANT.</speaker>
<p id='12'>
	<s id='1'>Vous êtes riche, et vous avez raison de vous satisfaire, ainsi je puis avoir tort.</s>
</p>
</sp>
<sp who='MONSIEUR-DE-BOURVAL'><speaker>MONSIEUR DE BOURVAL.</speaker>
<p id='13'>
	<s id='1'>Ce n'est pas cela ; écoutez-moi.</s>
</p>
</sp>
<sp who='MONSIEUR-D-ORSANT'><speaker>MONSIEUR D'ORSANT.</speaker>
<p id='14'>
	<s id='1'>Je le veux bien.</s>
</p>
</sp>
<sp who='MONSIEUR-DE-BOURVAL'><speaker>MONSIEUR DE BOURVAL.</speaker>
<p id='15'>
	<s id='1'>Vous savez que le père de Mademoiselle de Saint-Edme en mourant, mes chargea de marier sa fille, quand elle serait en âge. </s>
	<s id='2'>Il y a trois mois que je l'ai retirée du Couvent dans ce dessein, et qu'elle demeure-ici ?</s>
</p>
</sp>
<sp who='MONSIEUR-D-ORSANT'><speaker>MONSIEUR D'ORSANT.</speaker>
<p id='16'>
	<s id='1'>Oui.</s>
</p>
</sp>
<sp who='MONSIEUR-DE-BOURVAL'><speaker>MONSIEUR DE BOURVAL.</speaker>
<p id='17'>
	<s id='1'>Elle a peu de bien ?</s>
</p>
</sp>
<sp who='MONSIEUR-D-ORSANT'><speaker>MONSIEUR D'ORSANT.</speaker>
<p id='18'>
	<s id='1'>Je crois vous deviner.</s>
</p>
</sp>
<sp who='MONSIEUR-DE-BOURVAL'><speaker>MONSIEUR DE BOURVAL.</speaker>
<p id='19'>
	<s id='1'>Hé bien, oui, j'ai envie de l'épouser.</s>
</p>
</sp>
<sp who='MONSIEUR-D-ORSANT'><speaker>MONSIEUR D'ORSANT.</speaker>
<p id='20'>
	<s id='1'>Elle est bien jeune pour vous.</s>
</p>
</sp>
<sp who='MONSIEUR-DE-BOURVAL'><speaker>MONSIEUR DE BOURVAL.</speaker>
<p id='21'>
	<s id='1'>Je le sais ; mais ce n'est pas là ce qui me retient.</s>
</p>
</sp>
<sp who='MONSIEUR-D-ORSANT'><speaker>MONSIEUR D'ORSANT.</speaker>
<p id='22'>
	<s id='1'>Quoi donc ?</s>
</p>
</sp>
<sp who='MONSIEUR-DE-BOURVAL'><speaker>MONSIEUR DE BOURVAL.</speaker>
<p id='23'>
	<s id='1'>Je crains qu'elle ne soit insensible ; à son âge on n'est pas aussi formée qu'elle l'est, sans avoir plus de vivacité ; enfin je veux la tirer de l'espèce d'indifférence où je la vois.</s>
</p>
</sp>
<sp who='MONSIEUR-D-ORSANT'><speaker>MONSIEUR D'ORSANT.</speaker>
<p id='24'>
	<s id='1'>Et comment ?</s>
</p>
</sp>
<sp who='MONSIEUR-DE-BOURVAL'><speaker>MONSIEUR DE BOURVAL.</speaker>
<p id='25'>
	<s id='1'>Je veux émouvoir son coeur, y faire éclore l'amour, et profiter de ses premiers mouvements, pour la déterminer en ma faveur. </s>
	<s id='2'>Si j'étais plus jeune, je n'aurais pas recours à ces moyens ; mais, puisque tout ce que vous voyez ici, vous a charmé, il me semble qu'elle doit y perdre son insensibilité, et que dans ce trouble, voyant ce que j'ai fait pour elle, sa reconnaissance favorisera le désir que j'ai de l'épouser.</s>
</p>
</sp>
<sp who='MONSIEUR-D-ORSANT'><speaker>MONSIEUR D'ORSANT.</speaker>
<p id='26'>
	<s id='1'>Mon ami, ce projet est plus adroit que délicat et sent l'homme, qui a un peu vécu.</s>
</p>
</sp>
<sp who='MONSIEUR-DE-BOURVAL'><speaker>MONSIEUR DE BOURVAL.</speaker>
<p id='27'>
	<s id='1'>Je n'en disconviens pas ; mais ...</s>
</p>
	<l id='1'>Ce n'est pas un crime en aimant</l>
	<l id='2'>D'employer un peu d'art pour plaire.</l>
</sp>
<sp who='MONSIEUR-D-ORSANT'><speaker>MONSIEUR D'ORSANT.</speaker>
<p id='28'>
	<s id='1'>Je vous comprends bien ; mais qui vous répondra que vous deviendrez l'objet de ses pensées, de ses désirs ?</s>
</p>
</sp>
<sp who='MONSIEUR-DE-BOURVAL'><speaker>MONSIEUR DE BOURVAL.</speaker>
<p id='29'>
	<s id='1'>Il me semble que je dois l'espérer, par cet essai de bonheur que je lui prépare ; cette preuve des soins que saurai de prévenir tout ce qui pourra lui plaire.</s>
</p>
</sp>
<sp who='MONSIEUR-D-ORSANT'><speaker>MONSIEUR D'ORSANT.</speaker>
<p id='30'>
	<s id='1'>Il fallait donc ne faire peindre ici que les amours de Jupiter au lieu de ceux d'Apollon, Adonis, d'Endimion, de Mars, cela aurait mieux dirigé ses pensées sur vous.</s>
</p>
</sp>
<sp who='MONSIEUR-DE-BOURVAL'><speaker>MONSIEUR DE BOURVAL.</speaker>
<p id='31'>
	<s id='1'>Je n'aime point cette mauvaise plaisanterie-là, je vous en avertis.</s>
</p>
</sp>
<sp who='MONSIEUR-D-ORSANT'><speaker>MONSIEUR D'ORSANT.</speaker>
<p id='32'>
	<s id='1'>Mais ne connaît-elle que vous d'hommes ?</s>
</p>
</sp>
<sp who='MONSIEUR-DE-BOURVAL'><speaker>MONSIEUR DE BOURVAL.</speaker>
<p id='33'>
	<s id='1'>Elle en connaît peu du moins ; et jusqu'à présent n'ayant rien senti pour eux, elle ne les a vu qu'avec indifférence, comme ses compagnes du couvent.</s>
</p>
</sp>
<sp who='MONSIEUR-D-ORSANT'><speaker>MONSIEUR D'ORSANT.</speaker>
<p id='34'>
	<s id='1'>Vous croyez que mon neveu le Chevalier, par exemple...</s>
</p>
</sp>
<sp who='MONSIEUR-DE-BOURVAL'><speaker>MONSIEUR DE BOURVAL.</speaker>
<p id='35'>
	<s id='1'>Votre neveu est un polisson.</s>
</p>
</sp>
<sp who='MONSIEUR-D-ORSANT'><speaker>MONSIEUR D'ORSANT.</speaker>
<p id='36'>
	<s id='1'>Enfin, je ne sais ce qui vous arrivera ; mais si rien ne réussit de tout ce dont vous vous flattez, n'en soyez pas surpris.</s>
</p>
</sp>
<sp who='MONSIEUR-DE-BOURVAL'><speaker>MONSIEUR DE BOURVAL.</speaker>
<p id='37'>
	<s id='1'>Nous verrons.</s>
</p>
</sp>
<sp who='MONSIEUR-D-ORSANT'><speaker>MONSIEUR D'ORSANT.</speaker>
<p id='38'>
	<s id='1'>Je souhaite de tout mon coeur de me tromper, quand ferez-vous cette épreuve ?</s>
</p>
</sp>
<sp who='MONSIEUR-DE-BOURVAL'><speaker>MONSIEUR DE BOURVAL.</speaker>
<p id='39'>
	<s id='1'>À l'instant. </s>
	<s id='2'>Sophie est prévenue et doit amener ici Mademoiselle de Saint-Edme, pendant que j'irai finir une affaire chez mon notaire, et faire préparer le contrat.</s>
</p>
</sp>
<sp who='MONSIEUR-D-ORSANT'><speaker>MONSIEUR D'ORSANT.</speaker>
<p id='40'>
	<s id='1'>Ce soir je pourrai donc vous féliciter ?</s>
</p>
</sp>
<sp who='MONSIEUR-DE-BOURVAL'><speaker>MONSIEUR DE BOURVAL.</speaker>
<p id='41'>
	<s id='1'>Je l'espère.</s>
</p>
</sp>
<sp who='MONSIEUR-D-ORSANT'><speaker>MONSIEUR D'ORSANT.</speaker>
<p id='42'>
	<s id='1'>Allons, je viendrai vous revoir.</s>
</p>
</sp>
<sp who='MONSIEUR-DE-BOURVAL'><speaker>MONSIEUR DE BOURVAL.</speaker>
<p id='43'>
	<s id='1'>Vous me ferez grand plaisir.</s>
</p>
</sp>
<sp who='MONSIEUR-D-ORSANT'><speaker>MONSIEUR D'ORSANT.</speaker>
<p id='44'>
	<s id='1'>Tenez , voilà Sophie, donnez-lui vos derniers ordres ; mais souvenez-vous...</s>
</p>
</sp>
<sp who='MONSIEUR-DE-BOURVAL'><speaker>MONSIEUR DE BOURVAL.</speaker>
<p id='45'>
	<s id='1'>Oui, oui, à tantôt.</s>
</p>
</sp>
</div2>
<div2 type="scene" n='1'><head>SCÈNE I.. Monsieur de Bourval, Sophie.</head>
<sp who='MONSIEUR-DE-BOURVAL'><speaker>MONSIEUR DE BOURVAL.</speaker>
<p id='1'>
	<s id='1'>Ah, ça, ma chère Sophie, tu te souviendras de tout ce que je t'ai dit ?</s>
</p>
</sp>
<sp who='SOPHIE'><speaker>SOPHIE.</speaker>
<p id='2'>
	<s id='1'>Oui, Monsieur. </s>
</p>
</sp>
<sp who='MONSIEUR-DE-BOURVAL'><speaker>MONSIEUR DE BOURVAL.</speaker>
<p id='3'>
	<s id='1'>Lorsque Mademoiselle de Saint-Edme entrera ici, observe l'impression qu'elle recevra, si c'est de la joie ou de la langueur ; si elle sera touchée de mon attention, si...</s>
</p>
</sp>
<sp who='SOPHIE'><speaker>SOPHIE.</speaker>
<p id='4'>
	<s id='1'>Hé, Monsieur, vous m'avez déjà dit cela cent fois.</s>
</p>
</sp>
<sp who='MONSIEUR-DE-BOURVAL'><speaker>MONSIEUR DE BOURVAL.</speaker>
<p id='5'>
	<s id='1'>Il est vrai que je te l'ai répété un peu ; mais c'est le désir de la voir sortir de cet engourdissement où elle paraît être, qui fait...</s>
</p>
</sp>
<sp who='SOPHIE'><speaker>SOPHIE.</speaker>
<p id='6'>
	<s id='1'>Je saiS vos raisons, et je devine vos projets.</s>
</p>
</sp>
<sp who='MONSIEUR-DE-BOURVAL'><speaker>MONSIEUR DE BOURVAL.</speaker>
<p id='7'>
	<s id='1'>Je serais bien présent à cette épreuve ; mais il faut qu'elle sente librement , qu'elle réfléchisse seule à ce qu'elle éprouvera, pour lors, je me présenterai, et s'il arrive qu'elle... </s>
	<s id='2'>Tu me vois transporté de cette idée !... </s>
	<s id='3'>Je sens !... </s>
	<s id='4'>Allons, je ne finirais pas, et c'est d'autant reculer mon bonheur. </s>
	<s id='5'>Je vais terminer une affaire en attendant ; adieu, je reviendrai dès que je le pourrai ; mais je veux lui donner tout le temps de sentir, de penser, d'examiner...</s>
</p>
</sp>
<sp who='SOPHIE'><speaker>SOPHIE.</speaker>
<p id='8'>
	<s id='1'>Hé, Monsieur, allez-vous-en.</s>
</p>
</sp>
<sp who='MONSIEUR-DE-BOURVAL'><speaker>MONSIEUR DE BOURVAL.</speaker>
<p id='9'>
	<s id='1'>Tu as raison ; c'est que... </s>
	<s id='2'>Adieu.</s>
</p>
</sp>
</div2>
<div2 type="scene" n='3'><head>SCÈNE III. Sophie, Le Chavalier.</head>
<sp who='SOPHIE'><speaker>SOPHIE.</speaker>
<p id='1'>
	<s id='1'>Le voilà parti. Quels moyens les hommes emploient pour nous séduire !... </s>
	<s id='2'>J'entends quelqu'un ; c'est Monsieur le Chevalier !</s>
</p>
</sp>
<sp who='LE-CHEVALIER'><speaker>LE CHEVALIER.</speaker>
<p id='2'>
	<s id='1'>Oui, c'est moi, ma chère Sophie....</s>
</p>
</sp>
<sp who='SOPHIE'><speaker>SOPHIE.</speaker>
<p id='3'>
	<s id='1'>Sortons d'ici, je vous prie.</s>
</p>
</sp>
<sp who='LE-CHEVALIER'><speaker>LE CHEVALIER.</speaker>
<p id='4'>
	<s id='1'>Pourquoi ? </s>
	<s id='2'>Je ne connaissais pas cette pièce-ci.</s>
</p>
</sp>
<sp who='SOPHIE'><speaker>SOPHIE.</speaker>
<p id='5'>
	<s id='1'>Oui, mais je n'y veux pas rester avec vous.</s>
</p>
</sp>
<sp who='LE-CHEVALIER'><speaker>LE CHEVALIER.</speaker>
<p id='6'>
	<s id='1'>Je n'ai qu'un mot à vous dire.</s>
</p>
</sp>
<sp who='SOPHIE'><speaker>SOPHIE.</speaker>
<p id='7'>
	<s id='1'>Hé bien, dépêchez-vous donc.</s>
</p>
</sp>
<sp who='LE-CHEVALIER'><speaker>LE CHEVALIER.</speaker>
<p id='8'>
	<s id='1'>Mon oncle vient de sortir d'ici ; vous savez à quel point il m'aime ; j'ai parlé hier de Mademoiselle de Saint-Edme, devant lui avec transport, avec tout l'amour que je ressens pour elle.</s>
</p>
</sp>
<sp who='SOPHIE'><speaker>SOPHIE.</speaker>
<p id='9'>
	<s id='1'>Vous l'aimez ?</s>
</p>
</sp>
<sp who='LE-CHEVALIER'><speaker>LE CHEVALIER.</speaker>
<p id='10'>
	<s id='1'>Ah sûrement ! </s>
	<s id='2'>Je l'adore, je mais laissez-moi donc achever. </s>
	<s id='3'>Mon oncle a paru rêver ; aujourd'hui sa première sortie a été pour venir ici, je l'y ai vu entrer de ma fenêtre ; s'il était venu proposer à Monsieur de Bourval, de m'accorder Mademoiselle de Saint-Edme, et s'il y avait consenti, je mourrais de joie ! </s>
	<s id='4'>C'est ce que je veux savoir ; ils ont été renfermés ici longtemps, à ce qu'on m'a dit ; j'ai vu sortir mon oncle en riant ; j'ai été prêt à lui sauter au col ; mais je me suis retenu ; je veux auparavant apprendre de vous si je ne me trompe pas.</s>
</p>
</sp>
<sp who='SOPHIE'><speaker>SOPHIE.</speaker>
<p id='11'>
	<s id='1'>Je ne sais pas de quoi ces Messieurs se sont entretenus ; mais je ne crois pas que le projet de Monsieur de Bourval soit conforme à vos désirs. </s>
	<s id='2'>Et Mademoiselle de Saint-Edme vous aime-t-elle ?</s>
</p>
</sp>
<sp who='LE-CHEVALIER'><speaker>LE CHEVALIER.</speaker>
<p id='10'>
	<s id='1'>Hélas ! </s>
	<s id='2'>Je l'ignore : je cherche en vain dans ses yeux quelque espoir, ils ne me disent rien.</s>
</p>
</sp>
<sp who='SOPHIE'><speaker>SOPHIE.</speaker>
<p id='11'>
	<s id='1'>Vous ne lui avez donc jamais parlé de votre amour ?</s>
</p>
</sp>
<sp who='LE-CHEVALIER'><speaker>LE CHEVALIER.</speaker>
<p id='12'>
	<s id='1'>J'en ai toujours eu le projet, et la crainte de ne pas réussir, m'a fait préférer l'incertitude au désir d'éclaircir mon sort.</s>
</p>
</sp>
<sp who='SOPHIE'><speaker>SOPHIE.</speaker>
<p id='13'>
	<s id='1'>J'entends du bruit.</s>
</p>
</sp>
<sp who='LE-CHEVALIER'><speaker>LE CHEVALIER.</speaker>
<p id='14'>
	<s id='1'>C'est peut-être elle.</s>
</p>
</sp>
<sp who='SOPHIE'><speaker>SOPHIE.</speaker>
<p id='15'>
	<s id='1'>Oui, vraiment. </s>
	<s id='2'>Je ne veux pas que vous soyez ici ensemble.</s>
</p>
</sp>
</div2>
<div2 type="scene" n='4'><head>SCÈNE IV. Sophie, Mademoiselle de Saint-Edme, Le Chevalier.</head>
<sp stage="entrance" who='MADEMOISELLE-DE-SAINT-EDME'><speaker>MADEMOISELLE DE SAINT-EDME, avant d'entrer.</speaker>
<p id='1'>
	<s id='1'>Sophie ?</s>
</p>
</sp>
<sp who='SOPHIE'><speaker>SOPHIE.</speaker>
<p id='2'>
	<s id='1'>Mademoiselle.</s>
</p>
</sp>
<sp who='LE-CHEVALIER'><speaker>LE CHEVALIER.</speaker>
<p id='3'>
	<s id='1'>Que je la voie, seulement.</s>
</p>
</sp>
<sp who='SOPHIE'><speaker>SOPHIE.</speaker>
<p id='4'>
	<s id='1'>Hé bien, entrez dans cette garde-robe, vous la verrez au travers des fleurs qui sont peintes sur la glace de la porte, et vous ne remuerez pas.</s>
</p>
</sp>
<sp who='LE-CHEVALIER'><speaker>LE CHEVALIER.</speaker>
<p id='5'>
	<s id='1'>J'y consens.</s>
</p>
<stage type="exit">Il entre dans la garde-robe.</stage>
</sp>
<sp who='MADEMOISELLE-DE-SAINT-EDME'><speaker>MADEMOISELLE DE SAINT-EDME.</speaker>
<p id='6'>
	<s id='1'>Sophie ?</s>
</p>
</sp>
<sp who='SOPHIE'><speaker>SOPHIE.</speaker>
<p id='7'>
	<s id='1'>Mademoiselle, par ici.</s>
</p>
<stage type="away/location">Elle va à la porte.</stage>
</sp>
<sp stage="entrance" who='MADEMOISELLE-DE-SAINT-EDME'><speaker>MADEMOISELLE DE SAINT-EDME, paraissant.</speaker>
<p id='8'>
	<s id='1'>Je te cherche depuis... </s>
</p>
<stage type="embarrassed">Toute troublée. </stage>
<p id='9'>
	<s id='1'>Ah !...</s>
</p>
<stage type="exit">Elle entre.</stage>
</sp>
<sp who='SOPHIE'><speaker>SOPHIE.</speaker>
<p id='10'>
	<s id='1'>Qu'avez-vous donc ?</s>
</p>
</sp>
<sp who='MADEMOISELLE-DE-SAINT-EDME'><speaker>MADEMOISELLE DE SAINT-EDME.</speaker>
<p id='11'>
	<s id='1'>Mais, Sophie ; c'est que... c'est... charmant !</s>
</p>
</sp>
<sp who='SOPHIE'><speaker>SOPHIE.</speaker>
<p id='12'>
	<s id='1'>Oui, c'est fort joli.</s>
</p>
</sp>
<sp who='MADEMOISELLE-DE-SAINT-EDME'><speaker>MADEMOISELLE DE SAINT-EDME.</speaker>
<p id='13'>
	<s id='1'>Fort joli ?</s>
</p>
</sp>
<sp who='SOPHIE'><speaker>SOPHIE.</speaker>
<p id='14'>
	<s id='1'>Oui, c'est beau, si vous voulez ; il y a bien de l'or.</s>
</p>
</sp>
<sp who='MADEMOISELLE-DE-SAINT-EDME'><speaker>MADEMOISELLE DE SAINT-EDME.</speaker>
<p id='15'>
	<s id='1'>De l'or ? </s>
	<s id='2'>Ce n'est pas l'or qui me plaît ; ce font les fleurs, les odeurs, les peintures, les glaces ! </s>
	<s id='3'>Combien on se voit de fois !</s>
</p>
</sp>
<sp who='SOPHIE'><speaker>SOPHIE.</speaker>
<p id='16'>
	<s id='1'>Ce n'est pas là ce qui vous y paraît le moins joli, dites la vérité.</s>
</p>
</sp>
<sp who='MADEMOISELLE-DE-SAINT-EDME'><speaker>MADEMOISELLE DE SAINT-EDME.</speaker>
<p id='17'>
	<s id='1'>J'y passerais ma vie.</s>
</p>
</sp>
<sp who='SOPHIE'><speaker>SOPHIE.</speaker>
<p id='18'>
	<s id='1'>Toute seule ?</s>
</p>
</sp>
<sp who='MADEMOISELLE-DE-SAINT-EDME'><speaker>MADEMOISELLE DE SAINT-EDME.</speaker>
<p id='19'>
	<s id='1'>Toute seule ?... </s>
	<s id='2'>Mais je crois que oui.</s>
</p>
</sp>
<sp who='SOPHIE'><speaker>SOPHIE.</speaker>
<p id='20'>
	<s id='1'>Et qu'y feriez-vous?</s>
</p>
</sp>
<sp who='MADEMOISELLE-DE-SAINT-EDME'><speaker>MADEMOISELLE DE SAINT-EDME.</speaker>
<p id='21'>
	<s id='1'>J'y penserais, et beaucoup.</s>
</p>
</sp>
<sp who='SOPHIE'><speaker>SOPHIE.</speaker>
<p id='22'>
	<s id='1'>Mais après avoir pensé ?</s>
</p>
</sp>
<sp who='MADEMOISELLE-DE-SAINT-EDME'><speaker>MADEMOISELLE DE SAINT-EDME.</speaker>
<p id='23'>
	<s id='1'>J'y dessinerais, j'y lirais, j'y chanterais, j'y écrirais.</s>
</p>
</sp>
<sp who='SOPHIE'><speaker>SOPHIE.</speaker>
<p id='24'>
	<s id='1'>Vous y écririez, et à qui ?</s>
</p>
</sp>
<sp who='MADEMOISELLE-DE-SAINT-EDME'><speaker>MADEMOISELLE DE SAINT-EDME.</speaker>
<p id='25'>
	<s id='1'>Je ne sais pas ; mais peut-être que je le saurais.</s>
</p>
</sp>
<sp who='SOPHIE'><speaker>SOPHIE.</speaker>
<p id='26'>
	<s id='1'>Vous ne vous ennuieriez jamais !</s>
</p>
</sp>
<sp who='MADEMOISELLE-DE-SAINT-EDME'><speaker>MADEMOISELLE DE SAINT-EDME.</speaker>
<p id='27'>
	<s id='1'>Non.</s>
</p>
</sp>
<sp who='SOPHIE'><speaker>SOPHIE.</speaker>
<p id='28'>
	<s id='1'>Mais je ne vois rien de gai dans tout cela que le premier coup d'oeil.</s>
</p>
</sp>
<sp who='MADEMOISELLE-DE-SAINT-EDME'><speaker>MADEMOISELLE DE SAINT-EDME.</speaker>
<p id='29'>
	<s id='1'>Tout y est ravissant.</s>
</p>
</sp>
<sp who='SOPHIE'><speaker>SOPHIE.</speaker>
<p id='30'>
	<s id='1'>Mais quoi ? Examinez.</s>
</p>
</sp>
<sp who='MADEMOISELLE-DE-SAINT-EDME'><speaker>MADEMOISELLE DE SAINT-EDME.</speaker>
<p id='31'>
	<s id='1'>Ces tableaux, par exemple ; la nature y est embellie, on voudrait toujours qu'elle fût comme cela, toujours aussi brillante. </s>
	<s id='2'>Ne trouves-tu pas que les figures ont quelque chose de divin ?</s>
</p>
</sp>
<sp who='SOPHIE'><speaker>SOPHIE.</speaker>
<p id='32'>
	<s id='1'>Quel est le sujet de ce tableau-ci ?</s>
</p>
</sp>
<sp who='MADEMOISELLE-DE-SAINT-EDME'><speaker>MADEMOISELLE DE SAINT-EDME.</speaker>
<p id='33'>
	<s id='1'>C'est Vénus qui trouve Adonis endormi, et qui en devient amoureuse.</s>
</p>
</sp>
<sp stage="smile" who='SOPHIE'><speaker>SOPHIE, souriant.</speaker>
<p id='34'>
	<s id='1'>Amoureuse ?</s>
</p>
</sp>
<sp who='MADEMOISELLE-DE-SAINT-EDME'><speaker>MADEMOISELLE DE SAINT-EDME.</speaker>
<p id='35'>
	<s id='1'>Oui, amoureuse. </s>
	<s id='2'>Pourquoi ris-tu ?</s>
</p>
</sp>
<sp who='SOPHIE'><speaker>SOPHIE.</speaker>
<p id='36'>
	<s id='1'>Moi ? </s>
	<s id='2'>Je ris.... </s>
	<s id='3'>Ah, Mademoiselle ! </s>
	<s id='4'>Regardez Vénus, elle vous ressemble comme si c'était votre portrait ; ne trouvez-vous pas ?</s>
</p>
</sp>
<sp stage="dream" who='MADEMOISELLE-DE-SAINT-EDME'><speaker>MADEMOISELLE DE SAINT-EDME, avec distraction.</speaker>
<p id='37'>
	<s id='1'>Oui.</s>
</p>
</sp>
<sp who='SOPHIE'><speaker>SOPHIE.</speaker>
<p id='38'>
	<s id='1'>Mais vous ne la regardez pas. </s>
	<s id='2'>Hé bien, répondez donc ? </s>
	<s id='3'>Vous regardez Adonis ?</s>
</p>
</sp>
<sp who='MADEMOISELLE-DE-SAINT-EDME'><speaker>MADEMOISELLE DE SAINT-EDME.</speaker>
<p id='39'>
	<s id='1'>C'est vrai ; c'est que je trouve... </s>
	<s id='2'>Je n'oserai jamais te le dire.</s>
</p>
</sp>
<sp who='SOPHIE'><speaker>SOPHIE.</speaker>
<p id='40'>
	<s id='1'>Bon ! </s>
	<s id='2'>Allons, parlez, parlez.</s>
</p>
</sp>
<sp who='MADEMOISELLE-DE-SAINT-EDME'><speaker>MADEMOISELLE DE SAINT-EDME.</speaker>
<p id='41'>
	<s id='1'>Je trouve qu'il ressemble....</s>
</p>
</sp>
<sp who='SOPHIE'><speaker>SOPHIE.</speaker>
<p id='42'>
	<s id='1'>À qui ?</s>
</p>
</sp>
<sp who='MADEMOISELLE-DE-SAINT-EDME'><speaker>MADEMOISELLE DE SAINT-EDME.</speaker>
<p id='43'>
	<s id='1'>Au Chevalier de Gorville.</s>
</p>
</sp>
<sp who='SOPHIE'><speaker>SOPHIE.</speaker>
<p id='44'>
	<s id='1'>Oui ; c'est vrai.</s>
</p>
</sp>
<sp who='MADEMOISELLE-DE-SAINT-EDME'><speaker>MADEMOISELLE DE SAINT-EDME.</speaker>
<p id='45'>
	<s id='1'>Je ne sais pourquoi ; mais je suis fâché qu'il dorme, si les yeux étaient ouverts...</s>
</p>
</sp>
<sp who='SOPHIE'><speaker>SOPHIE.</speaker>
<p id='46'>
	<s id='1'>Vous croyez qu'il vous regarderait ?</s>
</p>
</sp>
<sp who='MADEMOISELLE-DE-SAINT-EDME'><speaker>MADEMOISELLE DE SAINT-EDME.</speaker>
<p id='47'>
	<s id='1'>Mais...</s>
</p>
</sp>
<sp who='SOPHIE'><speaker>SOPHIE.</speaker>
<p id='48'>
	<s id='1'>Vous le voudriez, achevez ?</s>
</p>
</sp>
<sp stage="sigh/sit" who='MADEMOISELLE-DE-SAINT-EDME'><speaker>MADEMOISELLE DE SAINT-EDME, soupirant et se laissant aller sur une ottomane.</speaker>
<note type="L">Ottomane : Grand siége, sans dossier, où l'on se repose à la manière des Orientaux. [L]</note>
<p id='49'>
	<s id='1'>Ah !</s>
</p>
</sp>
<sp stage="entrance/knell" who='LE-CHEVALIER'><speaker>LE CHEVALIER, sortant du Cabinet, se jetant aux genoux de Mademoiselle de Saint-Edme.</speaker>
<p id='50'>
	<s id='1'>Vos voeux sont prévenus, Mademoiselle, je vous aime, je vous adore depuis que j'ai le bonheur de vous connaître et c'est pour toute ma vie. </s>
	<s id='2'>Approuvez-vous tout l'amour que vous m'inspirez ? </s>
	<s id='3'>Vous ne répondez point.</s>
</p>
</sp>
<sp who='MADEMOISELLE-DE-SAINT-EDME'><speaker>MADEMOISELLE DE SAINT-EDME.</speaker>
<p id='51'>
	<s id='1'>Ah, Sophie, je ne croyais pas ce boudoir si dangereux !</s>
</p>
</sp>
<sp who='SOPHIE'><speaker>SOPHIE.</speaker>
<p id='52'>
	<s id='1'>Ce n'est pas pour vous qu'il l'est le plus.</s>
</p>
</sp>
<sp who='MADEMOISELLE-DE-SAINT-EDME'><speaker>MADEMOISELLE DE SAINT-EDME.</speaker>
<p id='53'>
	<s id='1'>Chevalier, vous m'avez surpris.</s>
</p>
</sp>
<sp who='LE-CHEVALIER'><speaker>LE CHEVALIER.</speaker>
<p id='54'>
	<s id='1'>Il est vrai, mais me le pardonnez-vous ?</s>
</p>
</sp>
<sp who='MADEMOISELLE-DE-SAINT-EDME'><speaker>MADEMOISELLE DE SAINT-EDME.</speaker>
<p id='55'>
	<s id='1'>À quoi me servirait de vous aimer ?</s>
</p>
</sp>
<sp who='LE-CHEVALIER'><speaker>LE CHEVALIER.</speaker>
<p id='56'>
	<s id='1'>À faire mon bonheur, je n'ose dire le vôtre ; mais c'est tout ce que je peux jamais désirer de plus vif.</s>
</p>
</sp>
<sp who='MADEMOISELLE-DE-SAINT-EDME'><speaker>MADEMOISELLE DE SAINT-EDME.</speaker>
<p id='57'>
	<s id='1'>Je ne comprends pas pourquoi je vous vois aujourd'hui si différemment de ce que je vous avais vu jusqu'à présent.</s>
</p>
</sp>
<sp who='LE-CHEVALIER'><speaker>LE CHEVALIER.</speaker>
<p id='58'>
	<s id='1'>C'est que vous doutiez de mon coeur ; sans doute ; vous ne me rendiez pas justice, vous ne vous la rendiez pas à vous-même.</s>
</p>
</sp>
<sp who='MADEMOISELLE-DE-SAINT-EDME'><speaker>MADEMOISELLE DE SAINT-EDME.</speaker>
<p id='59'>
	<s id='1'>Levez-vous, Chevalier, je vous en prie.</s>
</p>
</sp>
<sp who='LE-CHEVALIER'><speaker>LE CHEVALIER.</speaker>
<p id='60'>
	<s id='1'>Consentez que je vous fasse demander par mon oncle à Monsieur de Bourval.</s>
</p>
</sp>
<sp who='MADEMOISELLE-DE-SAINT-EDME'><speaker>MADEMOISELLE DE SAINT-EDME.</speaker>
<p id='61'>
	<s id='1'>Hé bien, je ne m'y oppose pas.</s>
</p>
</sp>
<sp who='LE-CHEVALIER'><speaker>LE CHEVALIER.</speaker>
<p id='62'>
	<s id='1'>Ah, je mourrai de joie de l'excès de mon bonheur, oui, je jure à vos pieds de vous adorer toute ma vie.</s>
</p>
<stage type="kiss">Il lui baise la main.</stage>
</sp>
</div2>
<div2 type="scene" n='5'><head>SCÈNE V. Mademoiselle de Saint-Edme, Monsieur de Bourval, Monsieur d'Orsant, Le Chevalier.</head>
<sp stage="low/toward" who='MONSIEUR-DE-BOURVAL'><speaker>MONSIEUR DE BOURVAL, bas à Monsieur d'Orsant.</speaker>
<p id='1'>
	<s id='1'>Ne faites pas de bruit, elles sont encore ici.</s>
</p>
<stage type="closer/shout">Il avance et s'écrie. </stage>
<p id='2'>
	<s id='1'>Ah, Ciel, que vois-je ? </s>
	<s id='2'>Que faites-vous là , Mademoiselle ?</s>
</p>
</sp>
<sp who='MADEMOISELLE-DE-SAINT-EDME'><speaker>MADEMOISELLE DE SAINT-EDME.</speaker>
<p id='3'>
	<s id='1'>J'essaye votre boudoir, Monsieur, il est délicieux, et je vous ai la plus grande obligation.</s>
</p>
</sp>
<sp stage="estonish" who='MONSIEUR-DE-BOURVAL'><speaker>MONSIEUR DE BOURVAL, interdit.</speaker>
<p id='4'>
	<s id='1'>Comment ?...</s>
</p>
</sp>
<sp who='MADEMOISELLE-DE-SAINT-EDME'><speaker>MADEMOISELLE DE SAINT-EDME.</speaker>
<p id='5'>
	<s id='1'>Oui, sans lui, je n'aurais peut-être jamais su que Monsieur le Chevalier m'aimait ; peut-être même n'y aurais-je pas été aussi sensible ; c'est à vous que je devrai tout mon bonheur.</s>
</p>
</sp>
<sp who='MONSIEUR-DE-BOURVAL'><speaker>MONSIEUR DE BOURVAL.</speaker>
<p id='6'>
	<s id='1'>Sophie ?...</s>
</p>
</sp>
<sp who='SOPHIE'><speaker>SOPHIE.</speaker>
<p id='7'>
	<s id='1'>Monsieur, elle est sensible, elle en convient ; n'est-ce pas ce que vous en vouliez savoir ?</s>
</p>
</sp>
<sp stage="toward" who='MONSIEUR-D-ORSANT'><speaker>MONSIEUR D'ORSANT, à Monsieur de Bourval.</speaker>
<p id='8'>
	<s id='1'>Mon ami, ce polisson-là est plus dangereux que vous ne le croyiez.</s>
</p>
</sp>
<sp who='LE-CHEVALIER'><speaker>LE CHEVALIER.</speaker>
<p id='9'>
	<s id='1'>Ah, mon oncle, vous m'aimez !...</s>
</p>
</sp>
<sp who='MONSIEUR-D-ORSANT'><speaker>MONSIEUR D'ORSANT.</speaker>
<p id='10'>
	<s id='1'>Je t'entends, et tu n'as pas besoin de t'expliquer.</s>
</p>
<stage type="toward">À Monsieur de Bourval. </stage>
<p id='11'>
	<s id='1'>Allons, mon ami, imitez-moi, je donne tout mon bien à mon neveu ; accordez-lui Mademoiselle de Saint-Edme, vous remplirez entièrement les volontés de son père.</s>
</p>
</sp>
<sp stage="low/toward" who='MONSIEUR-DE-BOURVAL'><speaker>MONSIEUR DE BOURVAL, bas à Monsieur D'Orsant.</speaker>
<p id='12'>
	<s id='1'>Mais vous savez...</s>
</p>
</sp>
<sp who='MONSIEUR-D-ORSANT'><speaker>MONSIEUR D'ORSANT.</speaker>
<p id='13'>
	<s id='1'>C'était des désirs et non pas de l'amour que vous aviez, et vous retrouverez aisément avec une autre, ce que vous perdez avec elle.</s>
</p>
</sp>
<sp stage="low" who='MONSIEUR-DE-BOURVAL'><speaker>MONSIEUR DE BOURVAL, bas.</speaker>
<p id='14'>
	<s id='1'>Paix donc.</s>
</p>
</sp>
<sp who='MONSIEUR-D-ORSANT'><speaker>MONSIEUR D'ORSANT.</speaker>
<p id='15'>
	<s id='1'>Cette épreuve était folle, je vous l'avais prédit.</s>
</p>
</sp>
<sp who='MONSIEUR-DE-BOURVAL'><speaker>MONSIEUR DE BOURVAL.</speaker>
<p id='16'>
	<s id='1'>J'en conviens à présent.</s>
</p>
</sp>
<sp who='MONSIEUR-D-ORSANT'><speaker>MONSIEUR D'ORSANT.</speaker>
<p id='17'>
	<s id='1'>Consentez de bonne grâce.</s>
</p>
</sp>
<sp who='MONSIEUR-DE-BOURVAL'><speaker>MONSIEUR DE BOURVAL.</speaker>
<p id='18'>
	<s id='1'>Allons, soyez heureux, et j'en serai charmé.</s>
</p>
</sp>
<sp who='LE-CHEVALIER'><speaker>LE CHEVALIER.</speaker>
<p id='19'>
	<s id='1'>Ah, Monsieur ! </s>
	<s id='2'>Ah, mon oncle ! </s>
	<s id='3'>Ah, Mademoiselle !</s>
</p>
<stage type="kiss">Il les embrasse tous.</stage>
</sp>
<sp stage="smile" who='MONSIEUR-D-ORSANT'><speaker>MONSIEUR D'ORSANT, souriant.</speaker>
<p id='20'>
	<s id='1'>Nous faisons des heureux , mon ami, nous le devenons nous-mêmes, n'est-ce pas ?</s>
</p>
</sp>
<sp who='MONSIEUR-DE-BOURVAL'><speaker>MONSIEUR DE BOURVAL.</speaker>
<p id=''>
	<s id='1'>Oui , oui ; mais mon ami est un grand fripon.</s>
</p>
<stage type="exit">Ils sortent tous.</stage>
<stage type="explicit">Explication du proverbe : il bat les buissons et les autres prennent les oiseaux.</stage>
</sp>
</div2>
</div1>
</body>
</text>
</TEI>