<?xml version="1.0" encoding="utf-8"?>
<TEI xml:lang="fr">
<teiHeader>
	<fileDesc>
		<titleStmt>
			<title>LE SUISSE MALADE, COMÉDIE</title>
			<author type="texte" ISNI="0000 0000 7977 1756">CARMONTELLE, Louis Carrogis, dit Louis de Carmontelle (1717-1806)</author>
		</titleStmt>
		<publicationStmt>
			<publisher>Texte établi par Paul FIEVRE juin 2018</publisher>
			<publisher>publié par Paul FIEVRE juillet 2018</publisher>
			<idno>CARMONTELLE_SUISSEMALADE</idno>
			<rights>Creative Commons BY-NC-SA</rights>
		</publicationStmt>
		<SourceDesc>
			<genre>Proverbe</genre>
			<inspiration>moeurs</inspiration>			<structure>Un acte</structure>
			<type>prose</type>
			<periode>1761-1770</periode>
			<taille>(mesure non pertinente)</taille>
			<permalien></permalien>
		</SourceDesc>
</fileDesc>
</teiHeader>
<text>
	<front>
		<docTitle>
			<titlePart type="main">LE SUISSE MALADE</titlePart>
			<titlePart type="sub">CINQUIÈME PROVERBE.</titlePart>
		</docTitle> 
		<docDate value='1771'>M. DCC. LXVIII. Avec Approbation et Privilège du Roi.</docDate>
		<docAuthor id='CARMONTELLE, Louis de' bio='carmontelle'>de CARMONTELLE.</docAuthor>
		<docImprint>
			<printer id='MERLIN'>À Paris, chez MERLIN, Au bas de la Rue de Harpe, vis à vis de la rue Poupée.</printer>
		</docImprint>
		<performance>
			<premiere date='(inconnue)' location='(inconnue)'></premiere>
		</performance>
	<castList><head>PERSONNAGES</head>
		<castItem><role id="LE BARON DE ROTTBERG" sex="1" type="H" statut='baron' age='A' stat_amour='néant'>LE BARON DE ROTTBERG</role>, Capitaine Suisse.</castItem>
		<castItem><role id="LE MAJOR" sex="1" type="H" statut='major' age='A' stat_amour='néant'>LE MAJOR</role>.</castItem>
		<castItem><role id="MONISEUR ROSELIN" sex="1" type="H" statut='médecin' age='A' stat_amour='néant'>MONISEUR ROSELIN</role>, Médecin.</castItem>
		<castItem><role id="UN CAPORAL" sex="1" type="H" statut='caporal' age='A' stat_amour='néant'>UN CAPORAL</role>.</castItem>
		<castItem><role id="UNE SENTINELLE" sex="1" type="H" statut='soldat' age='A' stat_amour='néant'>UNE SENTINELLE</role>.</castItem>
		<castItem><role id="UN LAQUAIS" sex="1" type="H" statut='laquais' age='A' stat_amour='néant'>UN LAQUAIS</role>.</castItem>
		<castItem><role id="UN GARÇON DE CABARET" sex="1" type="H" statut='serveur' age='A' stat_amour='néant'>UN GARÇON DE CABARET</role>.</castItem>
	</castList>
<set location='France' country='France' periode='XVIIIème' gps="(N/A)">La Scene est chez le Baron de Rottberg.</set>
<note>Dans PROVERBES DRAMATIQUES, Tome premier, Première partie, 1768.</note>
</front>
<body>
<div1 type="act" n="1"><head>LE SUISSE MALADE.</head>
<div2 type="scene" n="1"><head>SCÈNE PREMIÈRE. Le Baron en robe de chambre , Le Major.</head>
<sp who="LE MAJOR"><speaker>LE MAJOR.</speaker>
<p id="1">
	<s id="1">Hé bien, Monsieur Baron, comment aujourd'hui porte-vous, porte-vous bien ?</s>
</p>
</sp>
<sp who="LE BARON"><speaker>LE BARON.</speaker>
<p id="2">
	<s id="1">Non, Major, je suis tout embarrassé des jambes, de la tête, de la ventre.</s>
</p>
</sp>
<sp who="LE MAJOR"><speaker>LE MAJOR.</speaker>
<p id="3">
	<s id="1">Fumé in bibe de tabac, cela il fera sort bien, che vous assure, moi.</s>
</p>
</sp>
<sp who="LE BARON"><speaker>LE BARON.</speaker>
<p id="4">
	<s id="1">Pon. </s>
	<s id="2">J'ai déja fumé plus que trois, et tout au contraire, il ne sait rien, je suis tout de même qu'auparavant.</s>
</p>
</sp>
<sp who="LE MAJOR"><speaker>LE MAJOR.</speaker>
<p id="5">
	<s id="1">Tiaple ! </s>
	<s id="2">Je comprends pas comment cela il fait : il faut envoyer chez la Docteur.</s>
</p>
</sp>
<sp who="LE BARON"><speaker>LE BARON.</speaker>
<p id="6">
	<s id="1">Hé bien, envoye vous.</s>
</p>
</sp>
<sp who="LE MAJOR"><speaker>LE MAJOR.</speaker>
<p id="7">
	<s id="1">Je vais dire tout présentement. </s>
	<s id="2">Oh là-bas, André.</s>
</p>
</sp>
</div2>
<div2 type="scene" n="2"><head>SCÈNE II. Le Baron, Le Major, Un Laquais.</head>
<sp who="LE LAQUAIS"><speaker>LE LAQUAIS.</speaker>
<p id="1">
	<s id="1">Qu'est-ce que vous voulez, Monsieur le Major ?</s>
</p>
</sp>
<sp who="LE MAJOR"><speaker>LE MAJOR.</speaker>
<p id="2">
	<s id="1">Apporte ci à ste moment la Docteur Roselin.</s>
</p>
</sp>
<sp who="LE LAQUAIS"><speaker>LE LAQUAIS.</speaker>
<p id="3">
	<s id="1">Il est ici dans la maison, chez un Monsieur qui est malade. </s>
	<s id="2">Tenez le voilà qui descend.</s>
</p>
</sp>
<sp who="LE MAJOR"><speaker>LE MAJOR.</speaker>
<p id="4">
	<s id="1">Hé bien, fais endrer ici, chez Monsieur la Baron. Marche donc. </s>
</p>
<stage type="sort">Le Laquais sort. </stage>
<p id="5">
	<s id="1">Cette Docteur, il dira la mal avec la remède.</s>
</p>
</sp>
</div2>
<div2 type="scene" n="3"><head>SCÈNE III. Le Baron, Le Major, Monsieur Roselin, Un Laquais.</head>
<sp who="LE LAQUAIS"><speaker>LE LAQUAIS.</speaker>
<p id="">
	<s id="1">Par ici, Monsieur le Docteur.</s>
</p>
</sp>
<sp who="MONSIEUR ROSELIN"><speaker>MONSIEUR ROSELIN.</speaker>
<p id="2">
	<s id="1">Ah, c'est vous, Monsieur le Major : est-ce que vous êtes malade ?</s>
</p>
</sp>
<sp who="LE MAJOR"><speaker>LE MAJOR.</speaker>
<p id="3">
	<s id="1">C'est bien autrement ; c'est Monsieur, la Capitaine.</s>
</p>
</sp>
<sp who="MONSIEUR ROSELIN"><speaker>MONSIEUR ROSELIN.</speaker>
<p id="4">
	<s id="1">Ah, cela n'est pas étonnant, dans ce temps-ci, il y a beaucoup de maladies ; voyons, voyons.</s>
</p>
</sp>
<sp who="LE MAJOR"><speaker>LE MAJOR.</speaker>
<p id="5">
	<s id="1">Tenez, placez-vous ici, avec Monsieur la Baron.</s>
</p>
</sp>
<sp who="MONSIEUR ROSELIN"><speaker>MONSIEUR ROSELIN, tatant le pouls du Baron.</speaker>
<p id="6">
	<s id="1">Qu'est-ce que vous sentez, Monsieur.</s>
</p>
</sp>
<sp who="LE BARON"><speaker>LE BARON.</speaker>
<p id="7">
	<s id="1">Je sente fort la tabac de fumée.</s>
</p>
</sp>
<sp who="MONSIEUR ROSELIN"><speaker>MONSIEUR ROSELIN.</speaker>
<p id="8">
	<s id="1">Je comprends fort bien cela vient d'un grand feu dans les entrailles, et crachez-vous ?</s>
</p>
</sp>
<sp who="LE BARON"><speaker>LE BARON.</speaker>
<p id="9">
	<s id="1">Monsieur la Docteur, toute le jour je ne fais pas autrement ; et plus je crache, plus je suis altéré.</s>
</p>
</sp>
<sp who="LE MAJOR"><speaker>LE MAJOR.</speaker>
<p id="10">
	<s id="1">C'est-il pon cela , Monsieur la Docteur ?</s>
</p>
</sp>
<sp who="MONSIEUR ROSELIN"><speaker>MONSIEUR ROSELIN.</speaker>
<p id="11">
	<s id="1">Un moment, plus je pense et plus je vous trouve heureux, Monsieur ; votre maladie est une chose rare ! </s>
	<s id="2">Admirable ! </s>
	<s id="3">Surprenante ! </s>
	<s id="4">C'est un bonheur pour moi de vous avoir vu !</s>
</p>
</sp>
<sp who="LE MAJOR"><speaker>LE MAJOR.</speaker>
<p id="12">
	<s id="1">Un bonheur, Monsieur la Docteur ?</s>
</p>
</sp>
<sp stage="happy" who="MONSIEUR ROSELIN"><speaker>MONSIEUR ROSELIN, avec joie.</speaker>
<note type="L">Pituite : Terme de médecine. Humeur blanche et visqueuse, sécrétée par certains organes, et particulièrement celle qui vient du nez et des bronches. [L]</note>
<p id="13">
	<s id="1">Oui, un bonheur ! </s>
	<s id="2">Votre maladie est la pituite vitrée des anciens, que nous avions perdu depuis longtemps, et que vous nous faites retrouver.</s>
</p>
</sp>
<sp who="LE MAJOR"><speaker>LE MAJOR.</speaker>
<p id="14">
	<s id="1">Une petite huitre vitrée, vous croyez Monsieur la Docteur ?</s>
</p>
</sp>
<sp who="MONSIEUR ROSELIN"><speaker>MONSIEUR ROSELIN.</speaker>
<p id="15">
	<s id="1">J'en suis sûr, et toute la Faculté m'en aura obligation.</s>
</p>
</sp>
<sp who="LE BARON"><speaker>LE BARON.</speaker>
<p id="16">
	<s id="1">Mais, Monsieur, que faut-il que je fasse ?</s>
</p>
</sp>
<sp who="MONSIEUR ROSELIN"><speaker>MONSIEUR ROSELIN.</speaker>
<p id="17">
	<s id="1">Il faut... la pituite vitrée ! </s>
	<s id="2">Cela aura des suites ! </s>
	<s id="3">Il faut Monsieur... la pituite vitrée !...</s>
</p>
</sp>
<sp who="LE MAJOR"><speaker>LE MAJOR.</speaker>
<p id="18">
	<s id="1">Dites à ce moment, Monsieur la Baron, il attend votre ordonnance.</s>
</p>
</sp>
<sp who="MONSIEUR ROSELIN"><speaker>MONSIEUR ROSELIN.</speaker>
<p id="19">
	<s id="1">II faut, Monsieur, faire boire beaucoup le malade et lui donner une garde ; je reviendrai bientôt. </s>
	<s id="2">La pituite vitrée !... </s>
	<s id="3">Adieu, Messieurs, adieu, ne perdez pas de temps.</s>
</p>
</sp>
</div2>
<div2 type="scene" n="4"><head>SCÈNE IV. Le Baron, Le Major, Le Laquais.</head>
<sp who="LE MAJOR"><speaker>LE MAJOR.</speaker>
<p id="1">
	<s id="1">André, allez sur le moment, à la Corps-de-Garde, chercher une Garde de quatre hommes, avec in Caporal, et qu'ils viennent tout présentement.</s>
</p>
</sp>
<sp who="LE LAQUAIS"><speaker>LE LAQUAIS.</speaker>
<p id="2">
	<s id="1">Oui, Monsieur le Major.</s>
</p>
</sp>
<sp who="LE MAJOR"><speaker>LE MAJOR.</speaker>
<p id="3">
	<s id="1">Et faites apporter ici, six bouteilles de vin, du meilleur, et puis après on portera encore... </s>
	<s id="2">Allons, marche.</s>
</p>
</sp>
</div2>
<div2 type="scene" n="5"><head>SCÈNE V. Le Baron, Le Major.</head>
<sp who="LE MAJOR"><speaker>LE MAJOR.</speaker>
<p id="1">
	<s id="1">Je comprends pas bien ce petit huitre que la Docteur il dit que vous avez, Monsieur la Baron.</s>
</p>
</sp>
<sp who="LE BARON"><speaker>LE BARON.</speaker>
<p id="2">
	<s id="1">C'est peut-être que j'ai mangé beaucoup à Dunkerque, de celles de Blankenberg, avant de venir ici.</s>
</p>
</sp>
<sp who="LE MAJOR"><speaker>LE MAJOR.</speaker>
<p id="3">
	<s id="1">Ho, cela il pourrait être fort bien comme cela ; mais il dit que c'est in bonheur ; c'est in tiaple de bonheur ; j'aimerais mieux avoir in pon santé.</s>
</p>
</sp>
<sp who="LE BARON"><speaker>LE BARON.</speaker>
<p id="4">
	<s id="1">La remède il fera peut-être guérir un peu.</s>
</p>
</sp>
<sp who="LE MAJOR"><speaker>LE MAJOR.</speaker>
<p id="5">
	<s id="1">Oh, pour moi, je crois bien. </s>
	<s id="2">Ah voilà déjà la vin.</s>
</p>
</sp>
</div2>
<div2 type="scene" n="6"><head>SCÈNE VI. Le Baron, Le Major, Un Garçon de cabaret, avec des bouteilles de vin. Le Caporal, des Soldats, Le Laquais.</head>
<sp who="LE GARÇON DE CABARET"><speaker>LE GARÇON DE CABARET.</speaker>
<p id="1">
	<s id="1">N'est-ce pas ici que demeure Monsieur_le_Baron de Rottberg ?</s>
</p>
</sp>
<sp who="LE MAJOR"><speaker>LE MAJOR.</speaker>
<p id="2">
	<s id="1">Oui, porte-là le vin, et les verres.</s>
</p>
</sp>
<sp who="LE LAQUAIS"><speaker>LE LAQUAIS.</speaker>
<p id="3">
	<s id="1">Monsieur le Major, voilà le Caporal.</s>
</p>
</sp>
<sp who="LE MAJOR"><speaker>LE MAJOR.</speaker>
<p id="4">
	<s id="1">Ah fort bon. </s>
	<s id="2">Caporal, mettez in Sentinelle à la porte de Monsieur la Baron, qu'on ne laisse point entrer ici personne, sans mon ordre, entendez-vous ?</s>
</p>
</sp>
<sp who="LE CAPORAL"><speaker>LE CAPORAL.</speaker>
<p id="5">
	<s id="1">Fort bon, Monsieur le Major.</s>
</p>
</sp>
<sp who="LE MAJOR"><speaker>LE MAJOR.</speaker>
<p id="6">
	<s id="1">Écoutez encore. </s>
	<s id="2">Vous aurez soin de verser à boire à Monsieur la Baron, voilà du vin ; n'épargne pas, et vous boirez aussi avec lui pour l'inviter.</s>
</p>
</sp>
<sp who="LE CAPORAL"><speaker>LE CAPORAL.</speaker>
<p id="7">
	<s id="1">Fort bon, Monsieur le Major.</s>
</p>
</sp>
<sp who="LE MAJOR"><speaker>LE MAJOR.</speaker>
<p id="8">
	<s id="1">Je reviendrai à fte moment, après que la parade il fera fini. </s>
	<s id="2">Portez-vous bien Monsieur la Baron.</s>
</p>
</sp>
<sp who="LE BARON"><speaker>LE BARON.</speaker>
<p id="9">
	<s id="1">Adieu Major.</s>
</p>
</sp>
</div2>
<div2 type="scene" n="7"><head>SCENE VII. Le Baron, Le Caporal, La Sentinelle.</head>
<sp who="LE CAPORAL"><speaker>LE CAPORAL.</speaker>
<p id="1">
	<s id="1">Sentinelle entre dehors, et prendre garde s'il vient quelqu'un qu'il ne doit pas entrer, que Monsieur la Major.</s>
</p>
</sp>
<sp who="LE BARON"><speaker>LE BARON.</speaker>
<p id="2">
	<s id="1">Caporal, je suis fort altéré...</s>
</p>
</sp>
<sp who="LE CAPORAL"><speaker>LE CAPORAL.</speaker>
<p id="3">
	<s id="1">C'est fort bon ; voilà in bouteille que nous boirons premièrement ; tenez mon Capitaine ; c'est pour votre bon santé.</s>
</p>
<stage type="drink">Ils boivent. </stage>
<p id="4">
	<s id="1">C'est un pon vin. </s>
	<s id="2">Puvons encore un coup. </s>
	<s id="3">À la Major.</s>
</p>
<stage type="drink">IIs boivent. </stage>
<p id="5">
	<s id="1">Fort bon !</s>
</p>
</sp>
<sp who="LE BARON"><speaker>LE BARON.</speaker>
<p id="6">
	<s id="1">La Docteur, je crois, il a raison.</s>
</p>
</sp>
<sp who="LE CAPORAL"><speaker>LE CAPORAL.</speaker>
<p id="7">
	<s id="1">C'est un pon ordonnance, ils donnent pas comme cela à l'Hôpital. </s>
	<s id="2">Voulez-vous encore ? </s>
	<s id="3">Pour moi je veux bien. </s>
	<s id="4">Au santé de tout la Régiment.</s>
</p>
<stage type="drink">Ils boivent.</stage>
</sp>
<sp who="LE BARON"><speaker>LE BARON.</speaker>
<p id="8">
	<s id="1">C'est un pon Médecin, la Docteur.</s>
</p>
</sp>
<sp who="LE CAPORAL"><speaker>LE CAPORAL.</speaker>
<p id="9">
	<s id="1">Oh, in fort habile homme ! </s>
	<s id="2">Voule-vous poire aux Compagnies de Grenadiers ; c'est braves gens, par mon foi.</s>
</p>
</sp>
<sp who="LE BARON"><speaker>LE BARON.</speaker>
<p id="10">
	<s id="1">Je suis fort en train, verse, Caporal. </s>
</p>
<stage type="drink">Ils boivent.</stage>
</sp>
<sp who="LE CAPORAL"><speaker>LE CAPORAL.</speaker>
<p id="11">
	<s id="1">Nous poirons après la Drapeaux.</s>
</p>
</sp>
<sp who="LE BARON"><speaker>LE BARON.</speaker>
<p id="12">
	<s id="1">La Drapeaux ? </s>
	<s id="2">Oui, il faut commencer par la Drapeaux, et puis nous retournerons après : c'est un grand bêtise que nous avons fait. </s>
	<s id="3">Puvons, puvons.</s>
</p>
<stage type="drink">Ils boivent.</stage>
</sp>
<sp who="LE CAPORAL"><speaker>LE CAPORAL.</speaker>
<p id="13">
	<s id="1">Je disais pas d'abord ; mais je pensais.</s>
</p>
</sp>
<sp who="LE BARON"><speaker>LE BARON.</speaker>
<p id="14">
	<s id="1">Je suis plus gaillard, le parole il me revient.</s>
</p>
</sp>
<sp who="LE CAPORAL"><speaker>LE CAPORAL.</speaker>
<p id="15">
	<s id="1">La Tambour, la Fifre, le Musique, il faut poire aussi, mon Capitaine.</s>
</p>
<stage type="pour">Il verse.</stage>
</sp>
<sp who="LE BARON"><speaker>LE BARON.</speaker>
<p id="16">
	<s id="1">Le Musique, oui ; c'est un bon camarade pour poire aussi le Musique. </s>
	<s id="2">Donne donc encore.</s>
</p>
</sp>
<sp who="LE CAPORAL"><speaker>LE CAPORAL.</speaker>
<p id="17">
	<s id="1">Votre verre il est tout plein.</s>
</p>
</sp>
<sp who="LE BARON"><speaker>LE BARON.</speaker>
<p id="18">
	<s id="1">Ah, tu as raison Caporal, c'est que je ne voyais pas.</s>
</p>
<stage type="drink">Ils boivent.</stage>
</sp>
<sp who="LE CAPORAL"><speaker>LE CAPORAL.</speaker>
<p id="19">
	<s id="1">Mon Capitaine, voulez-vous chanter un petit chanson, cela il vous altérera encore plus fort.</s>
</p>
</sp>
<sp who="LE BARON"><speaker>LE BARON.</speaker>
<p id="20">
	<s id="1">Je veux bien, Caporal. </s>
	<s id="2">Chante un peu, je chante avec.</s>
</p>
</sp>
<sp stage="sing" who="LE CAPORAL"><speaker>LE CAPORAL, chante.</speaker>
<stage type="title">Air du Noël Suisse.</stage>
	<l id="3">C'est un pon grivoise</l>
	<l id="4">Que Mameselle Fanchon,</l>
	<l id="5">Elle vous amboise.</l>
	<l id="6">Et se rend sans façon.</l>
</sp>
<sp stage="sing" who="LE BARON"><speaker>LE BARON, chante.</speaker>
	<l id="7">C'est un pon grivoise...</l>
<p id="21">
	<s id="">Oui, tu avais raison, cela il alt7re beaucoup de chanter, verse un peu à poire.</s>
</p>
<stage type="drink">Ils boivent.</stage>
</sp>
<sp who="LE CAPORAL"><speaker>LE CAPORAL.</speaker>
<p id="22">
	<s id="1">C'est fort pon. Allons chantons.</s>
</p>
</sp>
<sp who="ENSEMBLE"><speaker>ENSEMBLE.</speaker>
	<l id="8">C'est im pon grivoise</l>
	<l id="9">Que Mameselle Fanchon,</l>
	<l id="10">Elle vous amboise</l>
	<l id="11">Et se rend sans façon.</l>
</sp>
<sp who="LE BARON"><speaker>LE BARON.</speaker>
<p id="23">
	<s id="1">Gott, Gott, puvons.</s>
</p>
<stage type="drink">Ils boivent.</stage>
</sp>
<sp who="LE CAPORAL"><speaker>LE CAPORAL.</speaker>
<p id="24">
	<s id="1">Mon Capitaine, écoute avec moi.</s>
</p>
	<l id="12">On lui dit Mamselle</l>
	<l id="13">Je vous aime bien.</l>
</sp>
<sp who="LE BARON"><speaker>LE BARON.</speaker>
	<l id="14">On lui dit Mamselle</l>
	<l id="15">Je vous aime bien.</l>
</sp>
<sp who="LE CAPORAL"><speaker>LE CAPORAL.</speaker>
	<l id="16">Et jamais la belle</l>
	<l id="17">Ne dit je n'en crois rien.</l>
</sp>
<sp who="LE BARON"><speaker>LE BARON.</speaker>
<p id="25">
	<s id="1">Ah, fort pon, celui-là ! </s>
	<s id="2">Puvons à son santé.</s>
</p>
<stage type="drink">Ils boivent.</stage>
</sp>
<sp who="ENSEMBLE"><speaker>ENSEMBLE.</speaker>
	<l id="18">Et jamais la belle</l>
	<l id="19">Ne dis je n'en crois rien.</l>
</sp>
<sp who="LE CAPORAL"><speaker>LE CAPORAL.</speaker>
	<l id="20">Chacun se l'arrache,</l>
	<l id="21">Sans qu'elle se fâche ,</l>
	<l id="22">Qui porte moustache</l>
	<l id="23">A toujours son tour</l>
	<l id="24">Du Sergent au Tambour.</l>
</sp>
<sp who="LE BARON"><speaker>LE BARON.</speaker>
<stage type="25">Du Sergent au Tambour.</stage>
<p id="26">
	<s id="1">Il est fallé celui-là, puvons.</s>
</p>
<stage type="drink">Ils boivent et ils commencent à être ivres.</stage>
</sp>
</div2>
<div2 type="scene" n="8"><head>SCÈNE VIII. Le Baron, Le Caporal, Monsieur Roselin, La Sentinelle, tous deux en dehors.</head>
<sp who="LA SENTINELLE"><speaker>LA SENTINELLE.</speaker>
<p id="1">
	<s id="1">Où alle-vous, Monsieur ? </s>
	<s id="2">On n'entre pas.</s>
</p>
</sp>
<sp who="MONSIEUR ROSELIN"><speaker>MONSIEUR ROSELIN.</speaker>
<p id="2">
	<s id="1">Je vais chez Monsieur_le_Baron.</s>
</p>
</sp>
<sp who="LA SENTINELLE"><speaker>LA SENTINELLE.</speaker>
<p id="3">
	<s id="1">Monsieur la Baron, là-dedans ?</s>
</p>
</sp>
<sp who="MONSIEUR ROSELIN"><speaker>MONSIEUR ROSELIN.</speaker>
<p id="4">
	<s id="1">Oui, Monsieur_le_Baron qui est malade.</s>
</p>
</sp>
<sp who="LA SENTINELLE"><speaker>LA SENTINELLE.</speaker>
<p id="5">
	<s id="1">Malade ?</s>
</p>
</sp>
<sp who="MONSIEUR ROSELIN"><speaker>MONSIEUR ROSELIN.</speaker>
<p id="6">
	<s id="1">Oui, je suis son Médecin.</s>
</p>
</sp>
<sp who="LA SENTINELLE"><speaker>LA SENTINELLE.</speaker>
<p id="7">
	<s id="1">Malade ? </s>
	<s id="2">On m'a point dit. </s>
	<s id="3">Alle-vous trouver la Major, il vous fera entrer.</s>
</p>
</sp>
<sp who="MONSIEUR ROSELIN"><speaker>MONSIEUR ROSELIN.</speaker>
<p id="8">
	<s id="1">Quoi, je ne puis pas entrer sans le Major ?</s>
</p>
</sp>
<sp who="LA SENTINELLE"><speaker>LA SENTINELLE.</speaker>
<p id="9">
	<s id="1">Non je vous dis, allons marche.</s>
</p>
</sp>
<sp who="MONSIEUR ROSELIN"><speaker>MONSIEUR ROSELIN.</speaker>
<p id="10">
	<s id="1">Quels diables de gens !</s>
</p>
</sp>
<sp who="LA SENTINELLE"><speaker>LA SENTINELLE.</speaker>
<p id="11">
	<s id="1">Allons, allons, vous dire point autre chose.</s>
</p>
</sp>
<sp who="MONSIEUR ROSELIN"><speaker>MONSIEUR ROSELIN.</speaker>
<p id="12">
	<s id="1">Hé bien, je m'en va trouver le Major.</s>
</p>
</sp>
<sp who="LE CAPORAL"><speaker>LE CAPORAL.</speaker>
<p id="13">
	<s id="1">Sentinelle, qu'est-ce que c'est donc là ?</s>
</p>
</sp>
<sp who="LA SENTINELLE"><speaker>LA SENTINELLE.</speaker>
<p id="14">
	<s id="1">In Monsieur, qui est allé marcher sur la Major.</s>
</p>
</sp>
<sp who="LE CAPORAL"><speaker>LE CAPORAL.</speaker>
<p id="15">
	<s id="1">Ah, pon, pon.</s>
</p>
</sp>
</div2>
<div2 type="scene" n="9"><head>SCÈNE IX. Le Baron, Le Caporal.</head>
<sp who="LE BARON"><speaker>LE BARON.</speaker>
<p id="1">
	<s id="1">Caporal, qu'est-ce qui est donc là avec vous ?</s>
</p>
</sp>
<sp who="LE CAPORAL"><speaker>LE CAPORAL.</speaker>
<p id="2">
	<s id="1">C'est moi.</s>
</p>
</sp>
<sp who="LE BARON"><speaker>LE BARON.</speaker>
<p id="3">
	<s id="1">Ah, je croyais voir encore un autre.</s>
</p>
</sp>
<sp who="LE CAPORAL"><speaker>LE CAPORAL.</speaker>
<p id="4">
	<s id="1">C'est la brouillard.</s>
</p>
</sp>
<sp who="LE BARON"><speaker>LE BARON.</speaker>
<p id="5">
	<s id="1">Oui, je comprends. </s>
	<s id="2">Puvons à présent.</s>
</p>
</sp>
<sp who="LE CAPORAL"><speaker>LE CAPORAL.</speaker>
<p id="6">
	<s id="1">Au brouillard ?</s>
</p>
<stage type="pour">Versant à boire.</stage>
</sp>
<sp who="LE BARON"><speaker>LE BARON.</speaker>
<p id="7">
	<s id="1">Non, à les treize Cantons.</s>
</p>
</sp>
<sp who="LE CAPORAL"><speaker>LE CAPORAL.</speaker>
<p id="8">
	<s id="1">Hé bien, au premier.</s>
</p>
</sp>
<sp who="LE BARON"><speaker>LE BARON.</speaker>
<p id="9">
	<s id="1">Zurich ?</s>
</p>
</sp>
<sp who="LE CAPORAL"><speaker>LE CAPORAL.</speaker>
<p id="10">
	<s id="1">Non, Berne.</s>
</p>
</sp>
<sp who="LE BARON"><speaker>LE BARON.</speaker>
<p id="11">
	<s id="1">Non, c'est Zurich, je fuis de Zurich, ainsi pour moi, c'est la premier.</s>
</p>
</sp>
<sp who="LE CAPORAL"><speaker>LE CAPORAL.</speaker>
<p id="12">
	<s id="1">Buve-vous à Zurich , moi je pois à Berne.</s>
</p>
</sp>
<sp who="LE BARON"><speaker>LE BARON.</speaker>
<p id="13">
	<s id="1">Berne, Zurich, Zurich, Berne, je pois toujours.</s>
</p>
<stage type="drink">Ils boivent.</stage>
</sp>
</div2>
<div2 type="scene" n="10"><head>SCÈNE X. Le Baron, Le Major, Monsieur Roselin, Le Caporal.</head>
<sp who="LE MAJOR"><speaker>LE MAJOR.</speaker>
<p id="1">
	<s id="1">Hé bien, Baron, comment va présentement ?</s>
</p>
</sp>
<sp who="LE BARON"><speaker>LE BARON.</speaker>
<p id="2">
	<s id="1">Ah, Major, nous avons pu à votre santé, voule-vous poire avec nous ?</s>
</p>
</sp>
<sp who="MONSIEUR ROSELIN"><speaker>MONSIEUR ROSELIN.</speaker>
<p id="3">
	<s id="1">Comment ! </s>
	<s id="2">Il est ivre, je crois ! </s>
	<s id="3">Vous lui avez laissé boire du vin, c'est donc pour cela qu'on ne voulait pas me laisser entrer ?</s>
</p>
</sp>
<sp who="LE MAJOR"><speaker>LE MAJOR.</speaker>
<p id="4">
	<s id="1">N'avez-vous pas dit de faire poire ?</s>
</p>
</sp>
<sp who="MONSIEUR ROSELIN"><speaker>MONSIEUR ROSELIN.</speaker>
<p id="5">
	<s id="1">Oui, mais pas de vin.</s>
</p>
</sp>
<sp who="LE MAJOR"><speaker>LE MAJOR.</speaker>
<p id="6">
	<s id="1">Et de donner une garde ? </s>
	<s id="2">Voilà la Caporal, et puis encore quatre fusiliers.</s>
</p>
</sp>
<sp who="MONSIEUR ROSELIN"><speaker>MONSIEUR ROSELIN.</speaker>
<p id="7">
	<s id="1">Comment ; c'est une garde-malade, et c'était de la ptisanne qu'il fallait lui faire boire.</s>
</p>
</sp>
<sp who="LE MAJOR"><speaker>LE MAJOR.</speaker>
<p id="8">
	<s id="1">Ah, bien Dame, il fallait donc vous expliquer mieux.</s>
</p>
</sp>
<sp who="MONSIEUR ROSELIN"><speaker>MONSIEUR ROSELIN.</speaker>
<p id="9">
	<s id="1">J'ai cru que vous m'entendriez, ce n'est pas ùa faute ; mais il n'a pas besoin de moi à présent, je vous souhaite le bonjour.</s>
</p>
</sp>
<sp who="LE MAJOR"><speaker>LE MAJOR.</speaker>
<p id="10">
	<s id="1">Bonjour, Monsieur de Docteur.</s>
</p>
</sp>
</div2>
</div1>
</body>
</text>
</TEI>