<?xml version="1.0" encoding="utf-8" ?>
<TEI xml:lang="fr">
<teiHeader>
		<fileDesc>
			<titleStmt>
				<title>LA COUPE ENCHANTÉE, COMÉDIE</title>
				<author born='1642' born_location='Paris' death='1701' death_location='Paris' academie=''>CHAMPMÉSLÉ, Charles Chevillet dit</author>
			</titleStmt>
			<publicationStmt>	
				<publisher>publié par Paul FIEVRE avril 2015, revu février 2017</publisher>
				<idno>CHAMPMESLE_COUPEENCHANTEE</idno>
			<rights>Creative Commons BY-NC-SA</rights>
			</publicationStmt>
			<SourceDesc>
				<genre>Comédie</genre>
				<inspiration>moeurs</inspiration><structure>Un acte</structure>
				<type>vers</type>
				<periode>1701-1710</periode>
				<taille>250-500</taille>
				<permalien>http://gallica.bnf.fr/ark:/12148/bpt6k5813846w</permalien>
			</SourceDesc>
		</fileDesc>
</teiHeader>
<text>
	<front>
		<docTitle>
			<titlePart type="main">LE COUPE ENCHANTÉE</titlePart>
			<titlePart type="sub">COMÉDIE </titlePart>
		</docTitle> 
		<docDate value="1710">M. DCC. X. APPROBATION ET PRIVILÈGE DU ROI.</docDate>
		<docAuthor id="CHAMPMESLÉ, Charles Chevillet dit" bio='champmesle'></docAuthor>
		<docImprint>
		<privilege date="1716-08-11"><head>PRIVILÈGE DU ROI.</head>
				<p>LOUIS PAR LA GRÂCE DE DIEU, ROI DE France et de Navarre : À nos amés et féaux Conseillers les Gens tenant nos Cours de Parlement, Maîtres des Requêtes ordinaires de notre Hôtel, Grand-Conseil, Prévôt de Paris, Baillifs, Sénéchaux, leurs Lieutenants Civils, et autres nos Justiciers qu'il appartiendra, Salut. PIERRE RIBOU, Libraire à Paris, Nous ayons fait remontrer qu'il souhaiterait faire imprimer Les Voyages de Tavernier, avec sa Relation du Sérail : mais comme il ne le peut faire réimprimer sans s'engager à de très grands frais, il Nous a très-humblement fait supplier de vouloir bien, pour l'en dédommager, lui accorder nos Lettres de Privilèges, tant pour la réimpression de cet Ouvrage, que pour celles de plusieurs autres. À ces causes, voulant favorablement traiter ledit Ribou, et engager les autres Libraires et Imprimeurs à entreprendre, à son exemple, des Éditions, dont la lecture puisse contribuer à l'avancement des Sciences et belles Lettres, qui fleurissent dans notre Royaume, ainsi qu'à soutenir la réputation de la Librairie et Imprimerie, qui y ont été jusqu'à présent cultivées avec tant de succès, Nous avons permis et permettons par ces Présentes audit Ribou, de faire Réimprimer lesdits Voyage de Tavernier, avec sa relation du Sérail, et aussi de faire réimprimer la nouvelle et parfaite Grammaire Française du Père Chifflet, le Théâtre Français, ou Recueil des meilleurs Pièces de Théâtre et Poésies des anciens Auteurs, et notamment des Sieurs de la Fosse, d'Auteroche, de Pradon, de Boursault, de Quinault, de Lagrange, de Dancourt, et de Baron, le jeu de l'hombre, augmenté des décisions nouvelles sur le difficultés et incidents de ce Jeu, en telle forme, marge, caractère, en un ou plusieurs volumes, autant de fois que bon lui semblera, conjointement, ou séparément, et de les vendre, faire vendre et débiter par tout notre Royaume, pendant le temps de dix années consécutives, à compter du jour de la date desdites Présentes. Faisons défenses à toutes personnes de quelque qualité et condition qu'elles puissent être, d'en introduire d'impression étrangère dans aucun lieu de notre obéissance, et à tous Imprimeurs, Libraires, et autres, d'imprimer, faire imprimer, vendre, faire vendre et débiter, ni contrefaire lesdits Livres en tout ni en partie, sans la permission expresse et par écrit dudit Exposant ou de ceux qui auront droit de lui, à peine de confiscation des Exemplaires contrefaits, de trois mille livres d'amende contre chacun des contrevenants, dont un tiers à Nous, un tiers à l'Hôtel-Dieu de Paris, l'autre tiers audit Exposant, et de tous dépens, dommages et intérêts ; à la charge que ces présentes seront enregistrées tout au long sur le registre de la Communauté des Imprimeurs et Libraires de Paris, et ce dans trois mois de la date d'icelles ; que l'impression desdits Livres sera faite dans notre Royaume, et non ailleurs, en bon papier et en beaux caractères, conformément aux Règlement de la Librairie, et qu'avant de l'exposer en vente, il en sera mis deux Exemplaires dans notre Bibliothèque publique, un dans celle de notre Château du Louvre, et un dans celle de notre très cher et féal Chevalier Chancelier de France le Sieur Phelypeaux, Comte de Pontchartrain, Commandeur de nos Ordres ; le tout à peine de nullité des Présentes : du contenu desquelles vous mandons et enjoignons de faire jouir l'Exposant ou ses ayants cause pleinement et paisiblement, sans souffrir qu'il leur soit fait aucun trouble ou empêchement,. Voulons que la copie desdites Présentes, qui sera imprimée au commencement ou à la fin desdits Livres, soit tenue pour dûment signifiée, et qu'aux copies collationnées par l'un de nos amés et féaux Conseillers et Secrétaires, foi soit ajoutée comme à l'Original. Commandons au premier notre Huissier ou Sergent de faire pour l'exécution d'icelles tous Actes requis et nécessaires, sans demander autre permission, et nonobstant clameur de Haro, Charte Normande, et Lettres à ce contraires : CAR tel est notre plaisir. DONNÉ à Versailles le douzième jour d'Avril, l'an de grâce mil sept cent dix, et de notre Règne le soixante-septième. Signé par le Roi en son Conseil, FOUQUET, et scellé du grand Sceau de cire jaune.</p>
				<p>Registré sur le Registre, n. 3. De la Communauté des Libraires et Imprimeurs de Paris, page 42. v. 42. conformément aux Règlements, et notamment à l'Arrêt du 13. Août 1703.</p>
				<p>À Paris le 11. Juillet 1710.</p>
				<p>Signé, DELAUNAY, Syndic. </p>
		</privilege>
		<approbation><head>APPROBATION.</head>
			<p>J'ai lu par ordre de Monseigneur le Chancelier, les Pièces qui composent les premier, second, et troisième Tome du Théâtre Français : et je n'ai rien trouvé qui en puisse empêcher l'impression. Fait à Paris ce 31. Avril 1715. [sic]</p>
			<p>POUCHARD. </p>
			<p>À PARIS, De l'Imprimerie de Lamoille, rue du Foin. 1710.</p>
		</approbation>
			<printer id='RIBOU'>À PARIS, Chez PIERRE RIBOU, seul Libraire de l'Académie Royale de Musique ; quai des Augustins, à la descente du Pont-Neuf, à l'Image Saint-Louis. </printer>
		</docImprint>
		<performance>
			<premiere date="1693-04-24" location='Théâtre de la rue des Fossés Saint-Germain'>Représentée pour la première fois le 24 Avril 1693 au Théâtre de la rue des Fossés Saint-Germain.</premiere>
		</performance>
	<castList><head>ACTEURS.</head>
		<castItem><role id="ANSELME" sex="1" type="H" statut='bourgeois' age='A' stat_amour='néant'>ANSELME</role>.</castItem>
		<castItem><role id="LELIE" sex="1" type="H" statut='bourgeois' age='A' stat_amour='néant'>LELIE</role>, Fils d'Anselme.</castItem>
		<castItem><role id="JOSSELIN" sex="1" type="H" statut='bourgeois' age='A' stat_amour='néant'>JOSSELIN</role>, Gouverneur de Lélie.</castItem>
		<castItem><role id="BERTRAND" sex="1" type="H" statut='paysan' age='A' stat_amour='néant'>BERTRAND</role>, Fermier d'Anselme.</castItem>
		<castItem><role id="MONSIEUR GRIFFON" sex="1" type="H" statut='bourgeois' age='A' stat_amour='néant'>MONSIEUR GRIFFON</role>, Beau-frère.</castItem>
		<castItem><role id="MONSIEUR TOBIE" sex="1" type="H" statut='bourgeois' age='A' stat_amour='néant'>MONSIEUR TOBIE</role>, Beau-frère.</castItem>
		<castItem><role id="LUCINDE" sex="2" type="H" statut='bourgeois' age='A' stat_amour='néant'>LUCINDE</role>, Fille de M. Tobie.</castItem>
		<castItem><role id="THIBAUT" sex="1" type="H" statut='paysan' age='A' stat_amour='néant'>THIBAUT</role>, Fermier de M. Tobie.</castItem>
		<castItem><role id="PERRETTE" sex="2" type="H" statut='paysan' age='A' stat_amour='néant'>PERRETTE</role>, Femme de Thibaut.</castItem>
	</castList>
	<set location="Paris" country='France' periode='XVIIème' gps="48.856614, 2.352222">La Scène est dans la cour du Château d'Anselme.</set>
</front>
<body>
<div1 type="act" n='1'><head></head>
<div2 type="scene" n='1'><head>SCÈNE I. Bertrand, Lucinde, Perrette.</head>
<sp who="BERTRAND"><speaker>BERTRAND.</speaker>
<note type="L">Mordienne : Sorte de juron. [L]</note>
<p id="1">
	<s id="1">Non mordienne vous, dis-je, je ne me laisserai pas enjôler davantage.</s>
</p>
</sp>
<sp who="LUCINDE"><speaker>LUCINDE.</speaker>
<p id="2">
	<s id="1">Hé, mon pauvre garçon.</s>
</p>
</sp>
<sp who="BERTRAND"><speaker>BERTRAND.</speaker>
<p id="3">
	<s id="1">Je n'en ferai rien.</s>
</p>
</sp>
<sp who="PERRETTE"><speaker>PERRETTE.</speaker>
<p id="4">
	<s id="1">Auras-tu bien le coeur si dur que...</s>
</p>
</sp>
<sp who="BERTRAND"><speaker>BERTRAND.</speaker>
<p id="5">
	<s id="1">Je l'aurai dur comme un caillou.</s>
</p>
</sp>
<sp who="LUCINDE"><speaker>LUCINDE.</speaker>
<p id="6">
	<s id="1">Laisse-nous ici seulement jusqu'à ce soir.</s>
</p>
</sp>
<sp who="BERTRAND"><speaker>BERTRAND.</speaker>
<note type="L">Iota : Fig. Pas la moindre chose, rien (à cause que la figure de cette lettre est la moindre de toutes celles de l'alphabet grec).</note>
<note type="L">Ventregoine : Déformation de Ventrebleu, espèce de juron euphémique pour ventre de Dieu. [L]</note>
<p id="7">
	<s id="1">Je ne vous y laisserai pas un iota davantage, ventregoine. </s>
	<s id="2">Si quelqu'un vous allait trouver enfarmées dans ma logette, et que dirait-on ?</s>
</p>
</sp>
<sp who="PERRETTE"><speaker>PERRETTE.</speaker>
<note type="L">Ardé : Mot populaire. Regardez. [L]</note>
<p id="8">
	<s id="1">Ardé, ce qu'on en dirait, serait-il tant à ten désavantage ?</s>
</p>
</sp>
<sp who="BERTRAND"><speaker>BERTRAND.</speaker>
<note type="L">Testigué : Sorte de jurement burlesque de païsan qui veut dire morbleu.</note>
<p id="9">
	<s id="1">Testigué, si notre Maître qui hait les femmes, venait à vous trouver, où en serais-je ?</s>
</p>
</sp>
<sp who="LUCINDE"><speaker>LUCINDE.</speaker>
<note type="L">Magot : Gros singe. Au fig. style famil. Homme fort laid. [L]</note>
<p id="10">
	<s id="1">Quand il saura que je suis une jeune fille persécutée par une Belle-mère, abandonnée à la sollicitation et à l'inimitié de mon propre père, et qui fuit la maison paternelle, de crainte d'épouser un magot qu'elle me veut donner, parce qu'il est son neveu, mes larmes le toucheront ; il aura pitié de moi sans doute.</s>
</p>
</sp>
<sp who="BERTRAND"><speaker>BERTRAND.</speaker>
<note type="L">Morgué : Sorte de juron de paysan. [L]</note>
<p id="11">
	<s id="1">Morgué, je vous dis qu'il n'est point pitoyable, je le connais mieux que vous.</s>
</p>
</sp>
<sp who="PERRETTE"><speaker>PERRETTE.</speaker>
<p id="12">
	<s id="1">Et moi je gage que ces larmes le débaucheront, comme elles m'ont débauchée. </s>
	<s id="2">Je ne les vis pas plutôt couler que je me résolus d'abandonner mon ménage, pour aller courir les champs avec elle, quoiqu'il n'y ait que onze mois que je sois mariée à Thibaut, le Fermier de son Père, qui est le meilleur homme du monde, et de la meilleure humeur ; est-ce que ton Maître sera plus rébarbatif que moi ?</s>
</p>
</sp>
<sp who="BERTRAND"><speaker>BERTRAND.</speaker>
<p id="13">
	<s id="1">Ventredié vous me feriez enrager ; est-ce que je ne savons pas bien ce que je savons ?</s>
</p>
</sp>
<sp who="LUCINDE"><speaker>LUCINDE.</speaker>
<p id="14">
	<s id="1">Fais-moi parler à ce jeune homme que tu dis qui est son fils, je le toucherai je m'assure, et je ne doute point qu'il ne fasse quelque chose auprès de son père en notre faveur.</s>
</p>
</sp>
<sp who="BERTRAND"><speaker>BERTRAND.</speaker>
<note type="L">Tu autem : Terme familier. Point essentiel, noeud, difficulté d'une affaire. [L]</note>
<p id="15">
	<s id="1">Hé bien, hé bien, ne voilà-t-il pas. </s>
	<s id="2">Palsangoi n'an dit bian vrai, qu'il n'y a rian de si dur que la tête d'une femme. </s>
	<s id="3">Ne vous ai-je pas dit, cervelle ignorante, que ce fils est le Tu Autem du sujet pourquoi on reçoit ici les femmes comme un chien dans un jeu de quille. </s>
	<s id="4">Que le père ne veut point que le Fils en voie aucune, que le Fils n'en connaît non plus que s'il n'y en avait point au monde, et qu'il ne sait pas seulement comme on les appelle. </s>
	<s id="5">Que le père sottement lui apprend tout cela, que le Fils croit tout cela sottement, et que, que... que Diable ne vous ai-je pas dit tout cela ?</s>
</p>
</sp>
<sp who="PERRETTE"><speaker>PERRETTE.</speaker>
<p id="16">
	<s id="1">Hé bien oui ; mais d'où vient qu'il ne veut pas que son Fils connaisse des Femmes ; est-ce une si mauvaise connaissance ?</s>
</p>
</sp>
<sp who="BERTRAND"><speaker>BERTRAND.</speaker>
<note type="L">Malencombre : Événement fâcheux, disgrâce. [L]</note>
<p id="16">
	<s id="1">D'où vient, d'où vient... Eh, l'esprit bouché ! </s>
	<s id="2">Ne vous souvient-il pas que de fil en aiguille, je vous ai conté que le Père avait épousé une Femme qui en savait bien long, et que pour empêcher qu'il n'ait comme li le même malencombre qu'il a li, comme bien d'autres ; il a juré son grand juron, que jamais Femme ne serait de rien à ce Fils, et voilà ce qui fait justement que... mais ventreguienne que de babil, est-ce que vous ne voulez donc pas vous taire, et me tourner les talons ?</s>
</p>
</sp>
<sp stage="give" who='LUCINDE'><speaker>LUCINDE, lui donnant de l'argent.</speaker>
<p id='17'>
	<s id='1'>Mon ami, mon pauvre ami.</s>
</p>
</sp>
<sp who="BERTRAND"><speaker>BERTRAND.</speaker>
<note type="L">Jarnigué : jarnidieu, jarnibleu, jarni, sorte de jurement. Corruption de je renie Dieu. [L]</note>
<note type="L">Ricochet : Jeu d'enfants qui se fait avec une pierre plate ou une ardoise, qui revient plusieurs fois sur l'eau en la faisant glisser sur sa surface.
On dit proverbialement, que c'est la chanson du ricochet, quand on redit toujours la même chose. [F]</note>
<p id="18">
	<s id="1">Mon ami, mon pauvre ami... </s>
	<s id='2'>Jarnigué ne vla-t-il pas encor la chanson du ricochet avec vos pièces d'or.</s>
</p>
</sp>
<sp who="PERRETTE"><speaker>PERRETTE.</speaker>
<p id="19">
	<s id="1">Et va, va, prends toujours.</s>
</p>
</sp>
<sp who="BERTRAND"><speaker>BERTRAND.</speaker>
<p id="20">
	<s id="1">Ventregué que veux-tu que j'en fasse ?</s>
</p>
</sp>
<sp stage="give" who='LUCINDE'><speaker>LUCINDE, lui en donnant encore.</speaker>
<p id='21'>
	<s id='1'>Mon pauvre garçon.</s>
</p>
</sp>
<sp who="BERTRAND"><speaker>BERTRAND.</speaker>
<note type="L">Tastigué : est une déformation du juron Testigué : tête de Dieu.</note>
<p id="22">
	<s id="1">Tastigué, n'avez-vous point de honte de me tenter comme ça.</s>
</p>
</sp>
<sp who="PERRETTE"><speaker>PERRETTE.</speaker>
<p id="23">
	<s id="1">Prends, te dis-je.</s>
</p>
</sp>
<sp who="BERTRAND"><speaker>BERTRAND.</speaker>
<p id="24">
	<s id="1">Morgué, c'est être bien Satan.</s>
</p>
</sp>
<sp who="LUCINDE"><speaker>LUCINDE.</speaker>
<p id="25">
	<s id="1">Bertrand...</s>
</p>
</sp>
<sp who="BERTRAND"><speaker>BERTRAND.</speaker>
<p id="26">
	<s id="1">Jarni, cela est cause que je vous ai déjà fait passer la nuit dans ma cahute.</s>
</p>
</sp>
<sp who="PERRETTE"><speaker>PERRETTE.</speaker>
<p id="27">
	<s id="1">Le grand malheur.</s>
</p>
</sp>
<sp who="BERTRAND"><speaker>BERTRAND.</speaker>
<p id="28">
	<s id="1">Morgué, cela va encore être cause que je vous y ferai passer le jour.</s>
</p>
</sp>
<sp who="LUCINDE"><speaker>LUCINDE.</speaker>
<p id="29">
	<s id="1">Mon cher Bertrand.</s>
</p>
</sp>
<sp who="BERTRAND"><speaker>BERTRAND.</speaker>
<p id="30">
	<s id="1">Mort de ma vie, que vous ai-je fait ?</s>
</p>
</sp>
<sp who="PERRETTE"><speaker>PERRETTE.</speaker>
<p id="31">
	<s id="1">Eh, prends, prends.</s>
</p>
</sp>
<sp who="BERTRAND"><speaker>BERTRAND.</speaker>
<p id="32">
	<s id="1">Prends, prends, morguoi prends toi-même.</s>
</p>
</sp>
<sp who="PERRETTE"><speaker>PERRETTE.</speaker>
<p id="33">
	<s id="1">Hé bien donne-le-moi je le prendrai.</s>
</p>
</sp>
<sp who="BERTRAND"><speaker>BERTRAND.</speaker>
<note type="L">Frotter : Battre, maltraiter, rosser. [L]</note> 
<p id="34">
	<s id="1">Tu as bien envie de me voir frotter.</s>
</p>
</sp>
<sp who="PERRETTE"><speaker>PERRETTE.</speaker>
<p id="35">
	<s id="1">La, la, prends courage ; il ne t'est point arrivé de mal cette nuit, il ne t'en arrivera pas cette journée, ramène-nous dans la logette.</s>
</p>
</sp>
<sp who="BERTRAND"><speaker>BERTRAND.</speaker>
<p id="36">
	<s id="1">Oui ; mais morgué notre petit Maître est un charcheur de midi à quatorze heures, il a toujours le nez fourré partout, s'il vient à vous trouver hem ?</s>
</p>
</sp>
<sp who="LUCINDE"><speaker>LUCINDE.</speaker>
<p id="37">
	<s id="1">Peut-être sera-t-il bien aise de nous voir et de nous parler.</s>
</p>
</sp>
<sp who="BERTRAND"><speaker>BERTRAND.</speaker>
<p id="38">
	<s id="1">Testigué ne vous y fiez pas. </s>
	<s id="2">C'est un petit babillard qui ne manquerait pas de l'aller dire à son Père. </s>
	<s id="3">Il vaut mieux que je vous boute dans queuque endroit où il n'aille pas vous charcher. </s>
	<s id="4">Attendez, je vais voir si personne ne nous en empêche.</s>
</p>
</sp>
</div2>
<div2 type="scene" n='2'><head>SCÈNE II. Lucinde, Perrette.</head>
<sp who="LUCINDE"><speaker>LUCINDE.</speaker>
<p id="1">
	<s id="1">Enfin, Perrette, nous resterons ici jusqu'à ce soir.</s>
</p>
</sp>
<sp who="PERRETTE"><speaker>PERRETTE.</speaker>
<p id="2">
	<s id="1">Oui, mais je ne sommes guère loin du Châtiau de votre Père, j'ai peur que je ne soyons pas longtemps ici sans qu'on vienne nous y charcher.</s>
</p>
</sp>
<sp who="LUCINDE"><speaker>LUCINDE.</speaker>
<p id="3">
	<s id="1">Nous y seront bien cachées, mais en conscience, Perrette, voudrais-tu partir d'ici sans avoir la charité de tirer ce pauvre petit jeune homme de l'erreur où l'on le fait vivre ?</s>
</p>
</sp>
<sp who="PERRETTE"><speaker>PERRETTE.</speaker>
<p id="4">
	<s id="1">Ouais, vous vous intéressez bien pour lui, si j'osais, je croirais quelque chose ?</s>
</p>
</sp>
<sp who="LUCINDE"><speaker>LUCINDE.</speaker>
<p id="5">
	<s id="1">Et que croirais-tu ?</s>
</p>
</sp>
<sp who="PERRETTE"><speaker>PERRETTE.</speaker>
<p id="6">
	<s id="1">Je croirais que vous ne seriez pas fâchée de l'avoir pour mari.</s>
</p>
</sp>
<sp who="LUCINDE"><speaker>LUCINDE.</speaker>
<p id="7">
	<s id="1">Tu ne sais ce que tu dis.</s>
</p>
</sp>
<sp who="PERRETTE"><speaker>PERRETTE.</speaker>
<p id="8">
	<s id="1">Oh par ma foi, j'ai mis le nez dessus.</s>
</p>
</sp>
<sp who="LUCINDE"><speaker>LUCINDE.</speaker>
<p id="9">
	<s id="1">Que veux-tu dire ?</s>
</p>
</sp>
<sp who="PERRETTE"><speaker>PERRETTE.</speaker>
<p id="10">
	<s id="1">Mon gueu je ne suis pas si sotte que j'en ai la mine. </s>
	<s id="2">Quand je vous le vis regarder hier avec tant d'attention par le trou de la sarrure, je me dis à part moi, vla notre Maîtresse Lucinde qui se prend. </s>
	<s id="3">Et si ce grand dadais que n'an li venait bailler pour époux, avait eu aussi bonne mine que ce petit étourniau-ci, je ne serions pas sorties de la maison.</s>
</p>
</sp>
<sp who="LUCINDE"><speaker>LUCINDE.</speaker>
<p id="11">
	<s id="1">Tu vois plus clair que moi, Perrette. </s>
	<s id="2">Je t'avoue que je formai dès hier la résolution de faire tout mon possible pour détromper ce pauvre petit homme, et que c'est à quoi j'ai pensé toute la nuit ; mais jusques à présent je ne m'aperçois pas que mon coeur agisse par un autre mouvement, que par celui de la compassion.</s>
</p>
</sp>
<sp who="PERRETTE"><speaker>PERRETTE.</speaker>
<note type="L">Grosse : En parlant des personnes, riche, opulent. Une grosse héritière. [L]</note>
<note type="L">À la franquette : Façon de parler adverbiale et populaire ; pour dire, Franchement, ingénument. [T]</note>
<p id="12">
	<s id="1">Eh oui, oui, vous autres grosses Dames, vous n'allez point tout d'abord à la franquette. </s>
	<s id="2">Vous faites toujours semblant de vous déguiser les choses ; pour moi je n'y entends point tant de façons, et quand Thibaut me prit la main la première fois pour danser, qu'il me la serrit de toute sa force, je devinai tout du premier coup c'en que chelà voulait dire. </s>
	<s id="3">Mais qu'entends-je ?</s>
</p>
</sp>
</div2>
<div2 type="scene" n='3'><head>SCÈNE III. Thibaut, Lucinde, Perrette.</head>
<sp stage="location" who='THIBAUD'><speaker>THIBAUD, derrière le Théâtre.</speaker>
<note typ="L">Haye : Terme employé par les piqueurs pour arrêter les chiens qui prennent le change. [L]</note>
<p id='1'>
	<s id='1'>Haye, haye, haye.</s>
</p>
</sp>
<sp who="LUCINDE"><speaker>LUCINDE.</speaker>
<p id="2">
	<s id="1">Quelle voix a frappé mon oreille.</s>
</p>
</sp>
<sp who="THIBAUD"><speaker>THIBAUT.</speaker>
<p id="3">
	<s id="1">Ho, ho, ho,</s>
</p>
</sp>
<sp who="PERRETTE"><speaker>PERRETTE.</speaker>
<p id="4">
	<s id="1">Ah Madame, c'est la voix de notre Mari Thibaut, nous vla perdus !</s>
</p>
</sp>
<sp who="LUCINDE"><speaker>LUCINDE.</speaker>
<p id="5">
	<s id="1">Courons promptement nous cacher.</s>
</p>
</sp>
</div2>
<div2 type="scene" n='4'><head>SCÈNE IV. Lucinde, Perrette, Bertrand, Thibaut.</head>
<sp who="BERTRAND"><speaker>BERTRAND.</speaker>
<p id="1">
	<s id="1">Où courez-vous, fuyez, fuyez de ce côté.</s>
</p>
</sp>
<sp who="LUCINDE"><speaker>LUCINDE.</speaker>
<p id="2">
	<s id="1">Thibaut le Mari de Perrette vient par ici.</s>
</p>
</sp>
<sp who="BERTRAND"><speaker>BERTRAND.</speaker>
<p id="3">
	<s id="1">Josselin le Gouverneur de notre petit Maître vient par ilà.</s>
</p>
</sp>
<sp who="THIBAUD"><speaker>THIBAUT.</speaker>
<p id="4">
	<s id="1">Holà quelqu'un, holà.</s>
</p>
</sp>
<sp who="PERRETTE"><speaker>PERRETTE.</speaker>
<p id="5">
	<s id="1">Entends-tu, c'est fait de nous s'il nous trouve.</s>
</p>
</sp>
</div2>
<div2 type="scene" n='5'><head>SCÈNE V. Lucinde, Perrette, Josselin, Bertrand, Thibaut.</head>
<sp stage="location" who='JOSSELIN'><speaker>JOSSELIN, dans le Château.</speaker>
<p id="1">
	<s id="1">Bertrand, hé Bertrand.</s>
</p>
</sp>
<sp who="BERTRAND"><speaker>BERTRAND.</speaker>
<p id="2">
	<s id="1">Oyez-vous ? </s>
	<s id="2">Nous sommes flambés s'il nous voit.</s>
</p>
</sp>
<sp who="LUCINDE"><speaker>LUCINDE.</speaker>
<p id="3">
	<s id="1">Où nous cacher ?</s>
</p>
</sp>
<sp who="BERTRAND"><speaker>BERTRAND.</speaker>
<p id="4">
	<s id="1">Rentrez dans ma logette, et n'en ouvrez point la porte à personne.</s>
</p>
</sp>
</div2>
<div2 type="scene" n='6'><head>SCÈNE VI. Josselin, Bertrand, Thibaut.</head>
<sp who="JOSSELIN"><speaker>JOSSELIN.</speaker>
<p id="1">
	<s id="1">Qui est-ce donc qui crie de la sorte ?</s>
</p>
</sp>
<sp who="BERTRAND"><speaker>BERTRAND.</speaker>
<p id="2">
	<s id="1">Il faut que ce soit quelque passant qui s'est égaré, mais le vla.</s>
</p>
</sp>
<sp who="THIBAUD"><speaker>THIBAUT.</speaker>
<p id="3">
	<s id="1">Hé, parlez donc vous autres, êtes-vous muets.</s>
</p>
</sp>
<sp who="JOSSELIN"><speaker>JOSSELIN.</speaker>
<p id="4">
	<s id="1">Non.</s>
</p>
</sp>
<sp who="THIBAUD"><speaker>THIBAUT.</speaker>
<p id="5">
	<s id="1">Vous êtes donc sourds ?</s>
</p>
</sp>
<sp who="JOSSELIN"><speaker>JOSSELIN.</speaker>
<p id="6">
	<s id="1">Encore moins.</s>
</p>
</sp>
<sp who="THIBAUD"><speaker>THIBAUT.</speaker>
<p id="7">
	<s id="1">Et pourquoi donc ne répondez-vous pas ?</s>
</p>
</sp>
<sp who="JOSSELIN"><speaker>JOSSELIN.</speaker>
<p id="8">
	<s id="1">Parce qu'il ne nous plaît pas.</s>
</p>
</sp>
<sp who="THIBAUD"><speaker>THIBAUT.</speaker>
<note type="L">Palsangué : Jurement de paysan, dans l'ancienne comédie. [F]</note>
<p id="9">
	<s id="1">Palsangué vous êtes trop drôle, puisque vous n'êtes ni sourds ni muets, il faut que je vous embrasse. </s>
	<s id="2">Oui morgué, je sis votre serviteur.</s>
</p>
</sp>
<sp who="JOSSELIN"><speaker>JOSSELIN.</speaker>
<p id="10">
	<s id="1">Est-ce que nous nous connaissons ?</s>
</p>
</sp>
<sp who="THIBAUD"><speaker>THIBAUT.</speaker>
<p id="11">
	<s id="1">Je ne sais pas, mais je crois que nous ne nous sommes jamais vus.</s>
</p>
</sp>
<sp who="JOSSELIN"><speaker>JOSSELIN.</speaker>
<p id="12">
	<s id="1">C'est ce qui me semble.</s>
</p>
</sp>
<sp who="THIBAUD"><speaker>THIBAUT.</speaker>
<p id="13">
	<s id="1">Palsangué vous vla bian étonné.</s>
</p>
</sp>
<sp who="JOSSELIN"><speaker>JOSSELIN.</speaker>
<p id="14">
	<s id="1">Et qui ne le serait pas ? </s>
	<s id="2">Nous ne nous connaissons point et vous m'embrassez comme si nous nous étions vus toute notre vie.</s>
</p>
</sp>
<sp who="THIBAUD"><speaker>THIBAUT.</speaker>
<p id="15">
	<s id="1">Tastigué vous avez biau dire, je vois à votre mine que vous êtes un bon vivant, et que vous m'enseignerez ce que je charche.</s>
</p>
</sp>
<sp who="JOSSELIN"><speaker>JOSSELIN.</speaker>
<p id="16">
	<s id="1">Et que cherchez-vous ?</s>
</p>
</sp>
<sp who="THIBAUD"><speaker>THIBAUT.</speaker>
<p id="17">
	<s id="1">Je charche ma Femme, ne l'avez-vous point vue ?</s>
</p>
</sp>
<sp who="JOSSELIN"><speaker>JOSSELIN.</speaker>
<p id="18">
	<s id="1">Ah ! </s>
	<s id="2">Vraiment oui, c'est bien ici qu'il faut chercher des Femmes.</s>
</p>
</sp>
<sp who="THIBAUD"><speaker>THIBAUT.</speaker>
<note type="L">Masque : est aussi un terme injurieux qu'on dit aux femmes du commun peuple, pour leur reprocher leur laideur, ou leur vieillesse. [F]</note>
<p id="19">
	<s id="1">Elle a nom Parrette, elle s'en est enfouie de cheux nous, palsangué chela est bian drôle, pour courir les champs avec la Fille de Monsieur Tobie notre Maître, que l'on voulait marier maugré elle au fils de Monsieur Griffon, neveu de notre Maîtresse, je ne sais morgué comme ces masques ont fagoté tout chela ; mais la nuit Parrette se couchi auprès de moi, et pis je ne li trouvis plus le lendemain, avez-vous jamais rien vu de plus plaisant que chela ?</s>
</p>
</sp>
<sp who="JOSSELIN"><speaker>JOSSELIN.</speaker>
<p id="20">
	<s id="1">Cela est fort plaisant.</s>
</p>
</sp>
<sp who="THIBAUD"><speaker>THIBAUT.</speaker>
<note type="L">Comme des choux en son jardin : Il en fait comme des choux de son jardin, il en dispose à son gré. [L]</note>
<note type="L">Rire du bout des dents : Se dit d'une personne qui ne rit pas de bon coeur, qui cache sous un rire forcé son déplaisir, qui rit par contrainte, grimace ou politesse. [L]</note>
<p id="21">
	<s id="1">Oh, ce qu'il y a de plus récréatif, c'est qu'elles sont toutes fines seules, et comme elles sont morguoi bian jolies, si elles allaient rencontrer quelque gaillard qui voulit en faire comme des choux de son jardin, elles seraient bien attrapées ; tout franc que je songe à chela, je n'en ris morgué que du bout des dents.</s>
</p>
</sp>
<sp who="JOSSELIN"><speaker>JOSSELIN.</speaker>
<p id="22">
	<s id="1">Que craignez-vous ?</s>
</p>
</sp>
<sp who="THIBAUD"><speaker>THIBAUT.</speaker>
<p id="23">
	<s id="1">Je crains... </s>
	<s id="2">Et que sais-je moi, je crains... </s>
	<s id="3">Est-ce que vous ne savez pas ce qu'on craint quand on ne sait où diable est sa femme ?</s>
</p>
</sp>
<sp who="JOSSELIN"><speaker>JOSSELIN.</speaker>
<p id="24">
	<s id="1">Si vous aviez envie de savoir ce qui en est, on pourrait vous donner satisfaction.</s>
</p>
</sp>
<sp who="THIBAUD"><speaker>THIBAUT.</speaker>
<note type="L">Niflé : Berné. [SP]</note>
<note type="L">Dessalé : Fin, rusé, qui ne se laisse pas tromper. [SP]</note>
<p id="25">
	<s id="1">Bon, est-ce qu'on sait jamais ça ? </s>
	<s id="2">Pour s'en douter passe ; mais pour en être sûr niflé, j'aurais morgué biau le demander à Parrette, elle ne l'avouerait jamais, elle est trop bien dessalée.</s>
</p>
</sp>
<sp who="JOSSELIN"><speaker>JOSSELIN.</speaker>
<p id="26">
	<s id="1">Nous avons ici un moyen sûr pour en savoir la vérité.</s>
</p>
</sp>
<sp who="THIBAUD"><speaker>THIBAUT.</speaker>
<p id="27">
	<s id="1">Qu'est-ce encore ?</s>
</p>
</sp>
<sp who="JOSSELIN"><speaker>JOSSELIN.</speaker>
<p id="28">
	<s id="1">C'est une Coupe qui est entre les mains du Seigneur de ce Château. </s>
	<s id="2">Quand elle est pleine de vin, si la Femme de celui qui y boit lui est fidèle, il n'en perd pas une goutte ; mais si elle est infidèle, tout le vin répand à terre.</s>
</p>
</sp>
<sp who="THIBAUD"><speaker>THIBAUT.</speaker>
<p id="29">
	<s id="1">Cela est bouffon, et où diable a-t-il pêché chela ?</s>
</p>
</sp>
<sp who="JOSSELIN"><speaker>JOSSELIN.</speaker>
<p id="30">
	<s id="1">Il l'a achetée d'un Arabe, qui, par composition ou par enchantement, y aurait attaché cette vertu.</s>
</p>
</sp>
<sp who="THIBAUD"><speaker>THIBAUT.</speaker>
<p id="31">
	<s id="1">Et pourquoi ce Monsieur acheta-t-il ce joyau-là ?</s>
</p>
</sp>
<sp who="JOSSELIN"><speaker>JOSSELIN.</speaker>
<p id="32">
	<s id="1">Par curiosité.</s>
</p>
</sp>
<sp who="THIBAUD"><speaker>THIBAUT.</speaker>
<p id="33">
	<s id="1">Est-ce qu'il était marié ?</s>
</p>
</sp>
<sp who="JOSSELIN"><speaker>JOSSELIN.</speaker>
<p id="34">
	<s id="1">Oui.</s>
</p>
</sp>
<sp who="THIBAUD"><speaker>THIBAUT.</speaker>
<p id="35">
	<s id="1">J'entends, j'entends ; il voulait voir si sa femme... </s>
	<s id="2">N'est-ce pas ?</s>
</p>
</sp>
<sp who="JOSSELIN"><speaker>JOSSELIN.</speaker>
<p id="36">
	<s id="1">Justement.</s>
</p>
</sp>
<sp who="THIBAUD"><speaker>THIBAUT.</speaker>
<p id="37">
	<s id="1">D'abord qu'il eut la Coupe, il y but, je gage.</s>
</p>
</sp>
<sp who="JOSSELIN"><speaker>JOSSELIN.</speaker>
<p id="38">
	<s id="1">Vous l'avez dit.</s>
</p>
</sp>
<sp who="THIBAUD"><speaker>THIBAUT.</speaker>
<p id="39">
	<s id="1">Elle répandit.</s>
</p>
</sp>
<sp who="JOSSELIN"><speaker>JOSSELIN.</speaker>
<p id="40">
	<s id="1">Non.</s>
</p>
</sp>
<sp who="THIBAUD"><speaker>THIBAUT.</speaker>
<p id="41">
	<s id="1">Morgué, c'est être bien plus heureux que sage. </s>
	<s id="2">Il s'en tint là...</s>
</p>
</sp>
<sp who="JOSSELIN"><speaker>JOSSELIN.</speaker>
<p id="42">
	<s id="1">Non.</s>
</p>
</sp>
<sp who="THIBAUD"><speaker>THIBAUT.</speaker>
<p id="43">
	<s id="1">Il y rebut ?</s>
</p>
</sp>
<sp who="JOSSELIN"><speaker>JOSSELIN.</speaker>
<p id="44">
	<s id="1">Oui.</s>
</p>
</sp>
<sp who="THIBAUD"><speaker>THIBAUT.</speaker>
<p id="45">
	<s id="1">Tastigué vla un sot homme.</s>
</p>
</sp>
<sp who="JOSSELIN"><speaker>JOSSELIN.</speaker>
<p id="46">
	<s id="1">Plus encor que vous ne le dites.</s>
</p>
</sp>
<sp who="THIBAUD"><speaker>THIBAUT.</speaker>
<p id="47">
	<s id="1">Et comment donc ? </s>
	<s id="2">Contez-moi cela pour rire.</s>
</p>
</sp>
<sp who="JOSSELIN"><speaker>JOSSELIN.</speaker>
<p id="48">
	<s id="1">Il voulut éprouver sa femme.</s>
</p>
</sp>
<sp who="THIBAUD"><speaker>THIBAUT.</speaker>
 <note type="L">Benêt : Idiot, niais, nigaud, qui n'a point vu le monde. [T]</note>
<p id="49">
	<s id="1">Le benêt.</s>
</p>
</sp>
<sp who="JOSSELIN"><speaker>JOSSELIN.</speaker>
<p id="50">
	<s id="1">Il lui écrivit sous un nom supposé.</s>
</p>
</sp>
<sp who="THIBAUD"><speaker>THIBAUT.</speaker>
<note type="L">Jocrisse : Terme injurieux. Benêt se laissant gouverner, ou s'occupant des soins du ménage qui conviennent le moins à un homme. Valet niais et maladroit. [L]</note>
<p id="51">
	<s id="1">Le jocrisse.</s>
</p>
</sp>
<sp who="JOSSELIN"><speaker>JOSSELIN.</speaker>
<p id="52">
	<s id="1">Il lui envoya des présents.</s>
</p>
</sp>
<sp who="THIBAUD"><speaker>THIBAUT.</speaker>
<p id="53">
	<s id="1">L'impertinent.</s>
</p>
</sp>
<sp who="JOSSELIN"><speaker>JOSSELIN.</speaker>
<p id="54">
	<s id="1">Il lui donna un rendez-vous.</s>
</p>
</sp>
<sp who="THIBAUD"><speaker>THIBAUT.</speaker>
<p id="55">
	<s id="1">Elle y vint.</s>
</p>
</sp>
<sp who="JOSSELIN"><speaker>JOSSELIN.</speaker>
<p id="56">
	<s id="1">Est-ce qu'on résiste aux présents ?</s>
</p>
</sp>
<sp who="THIBAUD"><speaker>THIBAUT.</speaker>
<p id="57">
	<s id="1">Et comment cela se passa-t-il ?</s>
</p>
</sp>
<sp who="JOSSELIN"><speaker>JOSSELIN.</speaker>
<p id="58">
	<s id="1">En excuses du côté de la Dame, en soufflets de la part du Mari.</s>
</p>
</sp>
<sp who="THIBAUD"><speaker>THIBAUT.</speaker>
<p id="59">
	<s id="1">Elle les souffrit patiemment.</s>
</p>
</sp>
<sp who="JOSSELIN"><speaker>JOSSELIN.</speaker>
<p id="60">
	<s id="1">Oui, mais quelques jours après...</s>
</p>
</sp>
<sp who="THIBAUD"><speaker>THIBAUT.</speaker>
<p id="61">
	<s id="1">Il but encore dans la Coupe.</s>
</p>
</sp>
<sp who="JOSSELIN"><speaker>JOSSELIN.</speaker>
<p id="62">
	<s id="1">Oui.</s>
</p>
</sp>
<sp who="THIBAUD"><speaker>THIBAUT.</speaker>
<p id="63">
	<s id="1">Et que fit la Coupe ?</s>
</p>
</sp>
<sp who="JOSSELIN"><speaker>JOSSELIN.</speaker>
<p id="64">
	<s id="1">Elle répandit</s>
</p>
</sp>
<sp who="THIBAUD"><speaker>THIBAUT.</speaker>
<p id="65">
	<s id="1">Quand on na que ce qu'on mérite, on ne s'en doit prendre qu'à soi.</s>
</p>
</sp>
<sp who="JOSSELIN"><speaker>JOSSELIN.</speaker>
<p id="66">
	<s id="1">Il s'en prit à tout le monde, et vint de dépit se loger dans ce Château écarté, pour ne plus entendre parler de femme de sa vie.</s>
</p>
</sp>
<sp who="THIBAUD"><speaker>THIBAUT.</speaker>
<p id="67">
	<s id="1">Avec la Coupe ?</s>
</p>
</sp>
<sp who="JOSSELIN"><speaker>JOSSELIN.</speaker>
<p id="68">
	<s id="1">Avec la Coupe.</s>
</p>
</sp>
<sp who="THIBAUD"><speaker>THIBAUT.</speaker>
<p id="69">
	<s id="1">Et de quoi, lui sert-elle ?</s>
</p>
</sp>
<sp who="JOSSELIN"><speaker>JOSSELIN.</speaker>
<p id="70">
	<s id="1">Elle lui sert à voir qu'il a beaucoup de confrères, et cela le console.</s>
</p>
</sp>
<sp who="THIBAUD"><speaker>THIBAUT.</speaker>
<p id="71">
	<s id="1">Et comment le voit-il ?</s>
</p>
</sp>
<sp who="JOSSELIN"><speaker>JOSSELIN.</speaker>
<p id="72">
	<s id="1">Il engage tous les passants que le hasard conduit ici, d'en faire l'épreuve.</s>
</p>
</sp>
<sp who="THIBAUD"><speaker>THIBAUT.</speaker>
<p id="73">
	<s id="1">Et depuis quand fait-il ce métier-là ?</s>
</p>
</sp>
<sp who="JOSSELIN"><speaker>JOSSELIN.</speaker>
<p id="74">
	<s id="1">Depuis quatorze ou quinze ans.</s>
</p>
</sp>
<sp who="THIBAUD"><speaker>THIBAUT.</speaker>
<p id="75">
	<s id="1">En a-t-il bien vu depuis ce temps-là ?</s>
</p>
</sp>
<sp who="JOSSELIN"><speaker>JOSSELIN.</speaker>
<p id="76">
	<s id="1">Oh, en quantité.</s>
</p>
</sp>
<sp who="THIBAUD"><speaker>THIBAUT.</speaker>
<note type="L">Par ma fique : Sorte de jurement, pour dire, Par ma foi. [T]</note>
<note type="L">Vison visu : loc. adv. et familière. Vis-à-vis, en face. [T]</note>
<p id="77">
	<s id="1">Par ma fique vla tout fin droit ce qu'il faut pour bouter notte Maîtresse et son biau-frère à la raison ; l'un est un bon Normand qui a épousé une Languedocienne, soeur de l'autre, et l'autre est un Gascon qui a épousé une Parisienne, comme ils sont logés vison visu, ils se tarabustent toujours sur le chapitre de leurs Femmes : je vais leur dire que la Coupe les mettra d'accord ; ils rodons autour de cette montagne pour apprendre des nouvelles de leur fille. </s>
	<s id="2">Mais quel est ce vilain Monsieur-là ?</s>
</p>
</sp>
<sp who="JOSSELIN"><speaker>JOSSELIN.</speaker>
<p id="78">
	<s id="1">C'est le Maître de la Coupe et le Seigneur de ce Château.</s>
</p>
</sp>
</div2>
<div2 type="scene" n='7'><head>SCÈNE VII. Anselme, Josselin, Thibaut.</head>
<sp who="ANSELME"><speaker>ANSELME.</speaker>
<p id="1">
	<s id="1">Ah ! </s>
	<s id="2">Monsieur Josselin, mon pauvre Monsieur Josselin</s>
</p>
</sp>
<sp who="JOSSELIN"><speaker>JOSSELIN.</speaker>
<p id="2">
	<s id="1">Qu'y a-t-il de nouveau Monsieur ?</s>
</p>
</sp>
<sp who="ANSELME"><speaker>ANSELME.</speaker>
<p id="3">
	<s id="1">Je suis dans le plus grand des embarras. </s>
	<s id="2">Mon... </s>
	<s id="3">Qui est cet homme-là ?</s>
</p>
</sp>
<sp who="JOSSELIN"><speaker>JOSSELIN.</speaker>
<p id="4">
	<s id="1">C'est un honnête paysan qui est en quête de sa femme ; elle s'est échappée de chez lui avec une jeune fille, et pour les retrouver il est avec une paire de Messieurs qu'il va chercher pour faire l'essai de votre Coupe.</s>
</p>
</sp>
<sp who="THIBAUD"><speaker>THIBAUT.</speaker>
<note type="L">Pratique : Se dit aussi de la chalandise des Marchands et des Artisans. [F]</note>
<p id="5">
	<s id="1">Je vais vous amener de la pratique, laissez faire.</s>
</p>
</sp>
</div2>
<div2 type="scene" n='8'><head>SCÈNE VIII. Anselme, Josselin, Thibaut.</head>
<sp who="ANSELME"><speaker>ANSELME.</speaker>
<note type="L">Tintouin : Battement d'oreille, bruit sourd qu'on s'imagine d'entendre. Ce mot vient de tintin, qui représente le son des cloches, qui a été formé de tintinnabulum, mot Latin signifiant cloche. Se dit aussi figurément d'une inquietude d'esprit. [F]</note>
<p id="1">
	<s id="1">Ah, vraiment de la Coupe ! </s>
	<s id="2">J'ai bien d'autres tintouins dans la tête.</s>
</p>
</sp>
<sp who="JOSSELIN"><speaker>JOSSELIN.</speaker>
<p id="2">
	<s id="1">Qu'avez-vous donc ?</s>
</p>
</sp>
<sp who="ANSELME"><speaker>ANSELME.</speaker>
<p id="3">
	<s id="1">J'ai vu... </s>
	<s id="2">Ouf !</s>
</p>
</sp>
<sp who="BERTRAND"><speaker>BERTRAND.</speaker>
<p id="4">
	<s id="1">Aurait-il vu ces masques de femmes ? </s>
	<s id="2">Écoutons.</s>
</p>
</sp>
<sp stage="slap" who='ANSELME'><speaker>ANSELME, lui donnant un soufflet.</speaker>
<p id="5">
	<s id="1">Je viens de voir... </s>
	<s id="2">Que fais-tu là ?</s>
</p>
</sp>
<sp who="BERTRAND"><speaker>BERTRAND.</speaker>
<p id="6">
	<s id="1">Rien...</s>
</p>
</sp>
<sp who="ANSELME"><speaker>ANSELME.</speaker>
<p id="7">
	<s id="1">Va à ta besogne, et ne reviens point qu'on ne t'appelle.</s>
</p>
</sp>
</div2>
<div2 type="scene" n='9'><head>SCÈNE IX. Anselme, Josselin.</head>
<sp who="ANSELME"><speaker>ANSELME.</speaker>
<note type="L">Pendard : Par exagération, celui, celle qui est digne de pendaison, qui ne vaut rien du tout. [F]</note>
<note type="L">Sens dessus dessous : Fig. et particulièrement. En parlant de ce qui est dans un grand désordre et tout bouleversé. [F]</note>
<p id="1">
	<s id="1">Je viens de voir mon fils ; le petit pendard me fait des questions qui m'ont pensé mettre l'esprit sens dessus dessous, il lui prend des curiosités toutes contraires au chemin que je veux qu'il tienne.</s>
</p>
</sp>
<sp who="JOSSELIN"><speaker>JOSSELIN.</speaker>
<p id="2">
	<s id="1">Ma foi, Monsieur, si vous voulez que je vous parle franchement, il vous sera bien difficile de l'élever toujours dans l'ignorance où vous voulez qu'il soit. </s>
	<s id="2">Je crains bien que toutes ces précautions ne deviennent inutiles, et que cette démangeaison qui vous tient de lui vouloir cacher qu'il y a des Femmes au monde, ne porte davantage son petit génie aux connaissances du beau sexe.</s>
</p>
</sp>
<sp who="ANSELME"><speaker>ANSELME.</speaker>
<p id="3">
	<s id="1">Et qui l'instruira qu'il y a des Femmes ?</s>
</p>
</sp>
<sp who="JOSSELIN"><speaker>JOSSELIN.</speaker>
<p id="4">
	<s id="1">Tout, Monsieur, le bon sens premièrement. </s>
	<s id="2">Oui, ce certain bon sens qui vient avec l'âge ; là cet âge qui nous retire insensiblement des bras de l'enfance, pour nous conduire à la puberté. </s>
	<s id="3">L'esprit se porte à la conception de bien des choses ; la raison vient, et parmi plusieurs curiosités nous fait apercevoir que l'homme ne vient point sur la terre comme un champignon, que c'est une petite machine où il y a bien des ressorts, ces ressorts viennent à se mouvoir par le moyen du coeur, ce mouvement du coeur échauffe le cerveau. </s>
	<s id="4">Cette cervelle échauffée se forme des idées qu'elle ne connaît pas bien d'abord, l'amour se met quelquefois de la partie. </s>
	<s id="5">Il explique toutes ces idées, il prend le soin de les rendre intelligibles ; et voilà comme la connaissance vient aux jeunes gens ordinairement malgré qu'on en ait.</s>
</p>
</sp>
<sp who="ANSELME"><speaker>ANSELME.</speaker>
<p id="5">
	<s id="1">Tous ces raisonnements sont les plus beaux du monde ; mais je m'en moque, et j'empêcherai bien que mon fils... </s>
	<s id="2">Le voici ; je ne suis pas en état de lui parler, mon désordre paraîtrait à la vue, fortifiez-le dans mes pensées, cependant que je vais me remettre.</s>
</p>
</sp>
</div2>
<div2 type="scene" n='10'><head>SCÈNE X. Lélie, Josselin.</head>
<sp who="LELIE"><speaker>LELIE.</speaker>
<p id="1">
	<s id="1">D'où vient que mon Père me fuit ?</s>
</p>
</sp>
<sp who="JOSSELIN"><speaker>JOSSELIN.</speaker>
<p id="2">
	<s id="1">Il a des affaires en tête. </s>
	<s id="2">Lui voulez-vous quelque chose ?</s>
</p>
</sp>
<sp who="LELIE"><speaker>LELIE.</speaker>
<p id="3">
	<s id="1">Je ne sais.</s>
</p>
</sp>
<sp who="JOSSELIN"><speaker>JOSSELIN.</speaker>
<p id="4">
	<s id="1">Vous ne savez ?</s>
</p>
</sp>
<sp who="LELIE"><speaker>LELIE.</speaker>
<p id="5">
	<s id="1">Non, je ne sais ce que je lui veux, je ne sais ce que je me veux à moi-même, je sens que je m'ennuie et je ne sais pourquoi je m'ennuie.</s>
</p>
</sp>
<sp who="JOSSELIN"><speaker>JOSSELIN.</speaker>
<p id="6">
	<s id="1">C'est que vous êtes un petit indolent, qui n'avez pas l'esprit de jouir des beautés qui se présentent à vous.</s>
</p>
</sp>
<sp who="LELIE"><speaker>LELIE.</speaker>
<p id="7">
	<s id="1">Et quelles sont ses beautés ?</s>
</p>
</sp>
<sp who="JOSSELIN"><speaker>JOSSELIN.</speaker>
<p id="8">
	<s id="1">Le Ciel, la terre, le feu, l'eau, l'air, le jour, la nuit, le Soleil, la Lune, les Étoiles, les arbres, les prés, les fleurs, les fruits.</s>
</p>
</sp>
<sp who="LELIE"><speaker>LELIE.</speaker>
<p id="9">
	<s id="1">Oui, tout cela est fort divertissant. </s>
	<s id="2">Ah ! </s>
	<s id="3">Mon cher Monsieur Josselin, je voudrais bien...</s>
</p>
</sp>
<sp who="JOSSELIN"><speaker>JOSSELIN.</speaker>
<p id="10">
	<s id="1">Quoi ?</s>
</p>
</sp>
<sp who="LELIE"><speaker>LELIE.</speaker>
<p id="11">
	<s id="1">Vous ne le voudrez pas, vous.</s>
</p>
</sp>
<sp who="JOSSELIN"><speaker>JOSSELIN.</speaker>
<p id="12">
	<s id="1">Qu'est-ce encore ?</s>
</p>
</sp>
<sp who="LELIE"><speaker>LELIE.</speaker>
<p id="13">
	<s id="1">Promettez-moi que vous le voudrez.</s>
</p>
</sp>
<sp who="JOSSELIN"><speaker>JOSSELIN.</speaker>
<p id="14">
	<s id="1">Selon.</s>
</p>
</sp>
<sp who="LELIE"><speaker>LELIE.</speaker>
<p id="15">
	<s id="1">Je voudrais bien aller me promener autre part qu'ici ?</s>
</p>
</sp>
<sp who="JOSSELIN"><speaker>JOSSELIN.</speaker>
<p id="16">
	<s id="1">Plaît-il ?</s>
</p>
</sp>
<sp who="LELIE"><speaker>LELIE.</speaker>
<p id="17">
	<s id="1">Ah ! </s>
	<s id="2">Je savais bien que vous ne le voudriez pas.</s>
</p>
</sp>
<sp who="JOSSELIN"><speaker>JOSSELIN.</speaker>
<p id="18">
	<s id="1">Avez-vous oublié que votre Père vous l'a défendu.</s>
</p>
</sp>
<sp who="LELIE"><speaker>LELIE.</speaker>
<p id="19">
	<s id="1">Et c'est parce qu'il me l'a défendu que je meurs d'envie de le faire. </s>
	<s id="2">Car enfin je m'imagine qu'il y a dans le monde des choses qu'il ne veut pas que je sache, et ce sont ces choses-là que je m'imagine, que je brûle de savoir.</s>
</p>
</sp>
<sp who="JOSSELIN"><speaker>JOSSELIN.</speaker>
<p id="20">
	<s id="1">Le petit fripon.</s>
</p>
</sp>
<sp who="LELIE"><speaker>LELIE.</speaker>
<p id="21">
	<s id="1">Oh ça, Monsieur Josselin, en bonne vérité, dites-moi ce que c'est que ces choses-là ?</s>
</p>
</sp>
<sp who="JOSSELIN"><speaker>JOSSELIN.</speaker>
<p id="22">
	<s id="1">Qu'est-ce à dire ces choses-là ?</s>
</p>
</sp>
<sp who="LELIE"><speaker>LELIE.</speaker>
<p id="23">
	<s id="1">Oui. </s>
	<s id="2">Qu'est-ce qu'il y a dans monde qui n'est point ici.</s>
</p>
</sp>
<sp who="JOSSELIN"><speaker>JOSSELIN.</speaker>
<p id="24">
	<s id="1">Rien.</s>
</p>
</sp>
<sp who="LELIE"><speaker>LELIE.</speaker>
<p id="25">
	<s id="1">Vous mentez, Monsieur Josselin.</s>
</p>
</sp>
<sp who="JOSSELIN"><speaker>JOSSELIN.</speaker>
<p id="26">
	<s id="1">Point du tout.</s>
</p>
</sp>
<sp who="LELIE"><speaker>LELIE.</speaker>
<p id="27">
	<s id="1">On me cache bien des choses Monsieur Josselin ; vous lisez dans les Livres, et mon Père y sait lire aussi, pourquoi ne m'a-t-on pas appris à y lire ?</s>
</p>
</sp>
<sp who="JOSSELIN"><speaker>JOSSELIN.</speaker>
<p id="28">
	<s id="1">On vous l'apprendra, donnez-vous patience.</s>
</p>
</sp>
<sp who="LELIE"><speaker>LELIE.</speaker>
<p id="29">
	<s id="1">Je ne puis plus vivre comme cela, et c'est une honte d'être si ignorant que je le suis à mon âge.</s>
</p>
</sp>
<sp who="JOSSELIN"><speaker>JOSSELIN.</speaker>
<p id="30">
	<s id="1">Voilà un petit drôle qu'il n'y aura plus moyen de retenir.</s>
</p>
</sp>
<sp who="LELIE"><speaker>LELIE.</speaker>
<p id="31">
	<s id="1">Et si mon Père venait à mourir, Monsieur Josselin : car je sais bien qu'on meurt, que deviendrai-je ?</s>
</p>
</sp>
<sp who="JOSSELIN"><speaker>JOSSELIN.</speaker>
<p id="32">
	<s id="1">Vous deviendrez mon Fils, et je serai votre Père pour lors.</s>
</p>
</sp>
<sp who="LELIE"><speaker>LELIE.</speaker>
<p id="33">
	<s id="1">Vous vous moquez de moi, Monsieur Josselin, ce n'est pas comme cela que cela se fait, et ce serait à mon tour d'être père de quelqu'un.</s>
</p>
</sp>
<sp who="JOSSELIN"><speaker>JOSSELIN.</speaker>
<p id="34">
	<s id="1">Et bien vous seriez le mien si vous vouliez, et je serais votre Fils, moi.</s>
</p>
</sp>
<sp who="LELIE"><speaker>LELIE.</speaker>
<p id="35">
	<s id="1">Oh, ce n'est pas comme cela que cela se fait, assurément vous ne voulez pas me le dire, mais je le saurai vous avez beau faire.</s>
</p>
</sp>
<sp who="JOSSELIN"><speaker>JOSSELIN.</speaker>
<p id="36">
	<s id="1">Oh, vous saurez que vous êtes un petit sot, et que vos discoures me fatiguent.</s>
</p>
</sp>
<sp who="LELIE"><speaker>LELIE.</speaker>
<p id="37">
	<s id="1">Monsieur Josselin, si vous ne me menez promener, j'irai me promener tout seul, je vous en avertis.</s>
</p>
</sp>
<sp who="JOSSELIN"><speaker>JOSSELIN.</speaker>
<p id="38">
	<s id="1">Oui, et je vais moi tout de ce pas avertir votre Père de» vos extravagances, et vous verrez après où je vous mènerai promener. </s>
	<s id="2">Oh, ho, voyez-vous le petit impudent avec ses promenades.</s>
</p>
</sp>
<sp who="LELIE"><speaker>LELIE.</speaker>
<p id="39">
	<s id="1">Il a beau dire, je sortirai d'ici, quand je devrais mourir sur les pas de la porte.</s>
</p>
</sp>
</div2>
<div2 type="scene" n='11'><head>SCÈNE XI. Lucinde, Lélie, Perrette.</head>
<sp who="PERRETTE"><speaker>PERRETTE.</speaker>
<p id="1">
	<s id="1">Madame, le voilà tout seul.</s>
</p>
</sp>
<sp who="LUCINDE"><speaker>LUCINDE.</speaker>
<p id="2">
	<s id="1">Approchons-nous pour voir ce qu'il dira en nous voyant.</s>
</p>
</sp>
<sp who="LELIE"><speaker>LELIE.</speaker>
<p id="3">
	<s id="1">Mon Père n'est pourtant pas un bon Père, de ne me pas montrer tout ce qu'il sait, et c'est ce qui fait que je n'ai pas de peine à me résoudre à le quitter</s>
</p>
</sp>
<sp who="PERRETTE"><speaker>PERRETTE.</speaker>
<p id="4">
	<s id="1">Il ne faut pas lui dire d'abord qui nous sommes : mais je gage bien qu'il le devinera.</s>
</p>
</sp>
<sp who="LELIE"><speaker>LELIE.</speaker>
<p id="5">
	<s id="1">Je m'imagine que tout ce qu'on ne veut pas que je sache, est cent fois plus beau que ce que je sais. </s>
	<s id="1">Je pense je ne sais combien de choses toutes plus jolies les unes que les autres, et je meurs d'impatience de savoir si je pense juste. </s>
	<s id="2">Mais que vois-je ? </s>
	<s id="3">Voilà deux jeunes garçons joliment habillés, je n'en n'ai point encore vu comme ceux-là, je voudrais bien les aborder ; mais je suis tout hors de moi-même, et je n'ai pas presque la force de parler, ils se baissent et puis se haussent, qu'est-ce que cela signifie ?</s>
</p>
</sp>
<sp who="LUCINDE"><speaker>LUCINDE.</speaker>
<p id="6">
	<s id="1">Nous hésitons à vous aborder.</s>
</p>
</sp>
<sp who="LELIE"><speaker>LELIE.</speaker>
<p id="7">
	<s id="1">Ils parlent comme moi. </s>
	<s id="2">Que de questions je vais leur faire !</s>
</p>
</sp>
<sp who="LUCINDE"><speaker>LUCINDE.</speaker>
<p id="8">
	<s id="1">Vous paraissez étonné de nous voir.</s>
</p>
</sp>
<sp who="LELIE"><speaker>LELIE.</speaker>
<p id="9">
	<s id="1">Oui, je n'ai jamais rien vu de si beau que vous, ni qui m'ait tant fait plaisir à voir.</s>
</p>
</sp>
<sp who="PERRETTE"><speaker>PERRETTE.</speaker>
<p id="10">
	<s id="1">Oh, mort de ma vie, que la nature est une belle chose !</s>
</p>
</sp>
<sp who="LELIE"><speaker>LELIE.</speaker>
<p id="11">
	<s id="1">D'où venez-vous ? </s>
	<s id="2">Qui vous a conduits ici, est-ce mon Père ou moi que vous cherchez ? </s>
	<s id="3">De grâce ne parlez point à mon Père, et demeurez avec moi.</s>
</p>
</sp>
<sp who="LUCINDE"><speaker>LUCINDE.</speaker>
<p id="12">
	<s id="1">À ce que je puis juger vous n'êtes point fâché de nous voir.</s>
</p>
</sp>
<sp who="LELIE"><speaker>LELIE.</speaker>
<p id="13">
	<s id="1">Je n'ai jamais eu tant de joie.</s>
</p>	
</sp>
<sp who='PERRETTE'><speaker>PERRETTE.</speaker>
<p id="14">
	<s id="1">Cela est admirable ! </s>
	<s id="2">Et que croyez-vous de nous, s'il vous plaît ?</s>
</p>
</sp>
<sp who="LELIE"><speaker>LELIE.</speaker>
<p id="15">
	<s id="1">Les deux plus belles créatures du monde ; je n'ai jamais rien vu, mais je ne connais rien de plus parfait que vous, et je n'ai plus de curiosité pour tout le reste. </s>
	<s id="2">Demeurez toujours avec moi, je vous en conjure, je demeurerai toujours ici, et mon Père et Monsieur Josselin en seront ravis.</s>
</p>
</sp>
<sp who="LUCINDE"><speaker>LUCINDE.</speaker>
<p id="16">
	<s id="1">Vous en jugeriez autrement si vous saviez ce que nous sommes.</s>
</p>
</sp>
<sp who="LELIE"><speaker>LELIE.</speaker>
<p id="17">
	<s id="1">Et n'êtes-vous pas des hommes comme nous ?</s>
</p>
</sp>
<sp who="PERRETTE"><speaker>PERRETTE.</speaker>
<p id="19">
	<s id="1">Oh, vraiment non, il y a bien à dire.</s>
</p>
</sp>
<sp who="LELIE"><speaker>LELIE.</speaker>
<p id="20">
	<s id="1">Hors les habits et la beauté je n'y vois point de différence.</s>
</p>
</sp>
<sp who="PERRETTE"><speaker>PERRETTE.</speaker>
<p id="21">
	<s id="1">Oui da, c'est bien tout un, mais ce n'est pas de même.</s>
</p>
</sp>
<sp who="LELIE"><speaker>LELIE.</speaker>
<p id="22">
	<s id="1">Il est vrai que je sens en vous voyant ce que je n'ai jamais senti. </s>
	<s id="2">Ah ! </s>
	<s id="3">Si vous n'êtes pas des hommes, dites-moi ce que vous êtes. </s>
	<s id="4">Je vous en conjure.</s>
</p>
</sp>
<sp who="LUCINDE"><speaker>LUCINDE.</speaker>
<p id="23">
	<s id="1">Votre coeur ne peut-il pas vous l'expliquer tout à fait ?</s>
</p>
</sp>
<sp who="LELIE"><speaker>LELIE.</speaker>
<p id="24">
	<s id="1">Non, mais ce n'est pas la faute de mon coeur, c'est la faute de mon esprit.</s>
</p>
</sp>
<sp who="PERRETTE"><speaker>PERRETTE.</speaker>
<p id="25">
	<s id="1">Eh bien, tenez mon pauvre enfant, bien loin d'être des hommes, nous en sommes tout le contraire.</s>
</p>
</sp>
<sp who="LELIE"><speaker>LELIE.</speaker>
<p id="26">
	<s id="1">Je ne vous entends point.</s>
</p>
</sp>
<sp who="PERRETTE"><speaker>PERRETTE.</speaker>
<p id="27">
	<s id="1">Vous nous entendrez avec le temps, mais qui aimez-vous mieux de nous deux, là, parlez franchement, n'est-ce pas moi ?</s>
</p>
</sp>
<sp who="LELIE"><speaker>LELIE.</speaker>
<p id="28">
	<s id="1">Je vous aime beaucoup ; mais je l'aime infiniment davantage.</s>
</p>
</sp>
<sp who="LUCINDE"><speaker>LUCINDE.</speaker>
<p id="29">
	<s id="1">Tout de bon.</s>
</p>
</sp>
<sp who="LELIE"><speaker>LELIE.</speaker>
<p id="30">
	<s id="1">Tout de bon.</s>
</p>
</sp>
<sp who="PERRETTE"><speaker>PERRETTE.</speaker>
<p id="31">
	<s id="1">C'est à cause que vous êtes la plus brave.</s>
</p>
</sp>
<sp who="LELIE"><speaker>LELIE.</speaker>
<p id="32">
	<s id="1">Non, non, je ne regarde point aux habits, je ne saurais vous dire ce qui fait que je l'aime plus que vous.</s>
</p>
</sp>
<sp who="LUCINDE"><speaker>LUCINDE.</speaker>
<p id="33">
	<s id="1">Vous m'aimez donc ?</s>
</p>
</sp>
<sp who="LELIE"><speaker>LELIE.</speaker>
<p id="34">
	<s id="1">Plus que toutes les choses du monde.</s>
</p>
</sp>
<sp who="PERRETTE"><speaker>PERRETTE.</speaker>
<p id="35">
	<s id="1">Mais que pensez-vous en l'aimant ?</s>
</p>
</sp>
<sp who="LELIE"><speaker>LELIE.</speaker>
<p id="36">
	<s id="1">Mille choses que je n'ai jamais pensées.</s>
</p>
</sp>
<sp who="LUCINDE"><speaker>LUCINDE.</speaker>
<p id="37">
	<s id="1">N'en avez-vous point à me dire ?</s>
</p>
</sp>
<sp who="PERRETTE"><speaker>PERRETTE.</speaker>
<p id="38">
	<s id="1">Et que seriez-vous prêt à faire pour lui prouver que vous l'aimez ?</s>
</p>
</sp>
<sp who="LELIE"><speaker>LELIE.</speaker>
<p id="39">
	<s id="1">Tout.</s>
</p>
</sp>
<sp who="LUCINDE"><speaker>LUCINDE.</speaker>
<p id="40">
	<s id="1">Voudriez-vous quitter ces lieux pour me suivre ?</s>
</p>
</sp>
<sp who="LELIE"><speaker>LELIE.</speaker>
<p id="41">
	<s id="1">De tout mon coeur, pourvu que je vous suive toujours.</s>
</p>
</sp>
</div2>
<div2 type="scene" n='12'><head>SCÈNE XII. Josselin, Lucinde, Perrette, Lélie.</head>
<sp who="LELIE"><speaker>LELIE.</speaker>
<p id="1">
	<s id="1">Ah ! </s>
	<s id="2">Mon cher Monsieur Josselin, vous allez être ravi.</s>
</p>
</sp>
<sp who="LUCINDE"><speaker>LUCINDE.</speaker>
<p id="2">
	<s id="1">Ah, Ciel !</s>
</p>
</sp>
<sp who="JOSSELIN"><speaker>JOSSELIN.</speaker>
<p id="3">
	<s id="1">Que vois-je ? </s>
	<s id="3">Tout est perdu. </s>
	<s id="4">Ah ! </s>
	<s id="5">Vraiment voici bien pis que la promenade.</s>
</p>
</sp>
<sp who="LELIE"><speaker>LELIE.</speaker>
<p id="4">
	<s id="1">Je n'en n'avais jamais vu, et je le savais bien, moi, qu'il y avait dans le monde quelque chose qu'on ne me disait pas.</s>
</p>
</sp>
<sp who="JOSSELIN"><speaker>JOSSELIN.</speaker>
<note type="L">Paix : Interjection dont on se sert pour faire faire silence. [L]</note>
<p id="5">
	<s id="1">Paix.</s>
</p>
</sp>
<sp who="PERRETTE"><speaker>PERRETTE.</speaker>
<p id="6">
	<s id="1">Qu'il a la mine rébarbative.</s>
</p> 
</sp>
<sp who="JOSSELIN"><speaker>JOSSELIN.</speaker>
<note type="L">Diantre : Mot qu'on emploie par euphémisme pour diable. Il s'emploie comme une sorte d'exclamation ou de jurement. [L]</note>
<note type="L">Carogne : terme injurieux, qui se dit entre les femmes de basse condition, pour se reprocher leur mauvaise vie, leurs ordures, leur puanteur. [F]</note>
<p id="7">
	<s id="1">Et d'où diantre ces deux carognes sont-elles venues ?</s>
</p>
</sp>
<sp who="LELIE"><speaker>LELIE.</speaker>
<p id="8">
	<s id="1">Monsieur Josselin.</s>
</p>
</sp>
<sp who="JOSSELIN"><speaker>JOSSELIN.</speaker>
<p id="9">
	<s id="1">Taisez-vous.</s>
</p>
</sp>
<sp who="PERRETTE"><speaker>PERRETTE.</speaker>
<p id="10">
	<s id="1">Comme il nous regarde.</s>
</p>
</sp>
<sp who="LUCINDE"><speaker>LUCINDE.</speaker>
<p id="11">
	<s id="1">Le vilain homme que voilà.</s>
</p>
</sp>
<sp who="JOSSELIN"><speaker>JOSSELIN.</speaker>
<p id="12">
	<s id="1">Qui vous a conduites ici impudentes que vous êtes ? </s>
	<s id="2">Qu'y venez-vous faire ?</s>
</p>
</sp>
<sp who="PERRETTE"><speaker>PERRETTE.</speaker>
<p id="13">
	<s id="1">C'est pis qu'un loup garou.</s>
</p>
</sp>
<sp who="LELIE"><speaker>LELIE.</speaker>
<p id="14">
	<s id="1">Monsieur Josselin ne les effarouchez pas.</s>
</p>
</sp>
<sp who="JOSSELIN"><speaker>JOSSELIN.</speaker>
<p id="15">
	<s id="1">Comment petit fripon, vous osez... </s>
	<s id="2">Qu'elles sont belles !</s>
</p>
</sp>
<sp who="LUCINDE"><speaker>LUCINDE.</speaker>
<p id="16">
	<s id="1">Si c'est un crime pour nous de nous trouver ici, il n'est pas difficile de le réparer, et notre dessein n'est pas d'y faire un long séjour.</s>
</p>
</sp>
<sp who="JOSSELIN"><speaker>JOSSELIN.</speaker>
<p id="17">
	<s id="1">Le beau visage qu'a celle-là.</s>
</p>
</sp>
<sp who="PERRETTE"><speaker>PERRETTE.</speaker>
<p id="18">
	<s id="1">Je n'y serions pas venues si j'ussions cru qu'on nous eût si mal reçues.</s>
</p>
</sp>
<sp who="JOSSELIN"><speaker>JOSSELIN.</speaker>
<p id="19">
	<s id="1">Le drôle de petit air qu'à celle-ci.</s>
</p>
</sp>
<sp who="LELIE"><speaker>LELIE.</speaker>
<p id="20">
	<s id="1">N'est-il pas vrai, Monsieur Josselin, qu'il n'y a rien au monde de plus beau ?</s>
</p>
</sp>
<sp who="JOSSELIN"><speaker>JOSSELIN.</speaker>
<note type="L">Bouchon : Fig. et familièrement. Mon petit bouchon, terme de tendresse et de caresse. [L]</note>
<p id="21">
	<s id="1">Non, cela n'est pas vrai. </s>
	<s id="2">Vous ne savez ce que vous dites. </s>
	<s id="3">Les deux jolis bouchons que voilà.</s>
</p>
</sp>
<sp who="PERRETTE"><speaker>PERRETTE.</speaker>
<p id="22">
	<s id="1">Il est enragé, comme il roule les yeux.</s>
</p>
</sp>
<sp who="LELIE"><speaker>LELIE.</speaker>
<p id="23">
	<s id="1">Monsieur Josselin menons-les à mon père.</s>
</p>
</sp>
<sp who="JOSSELIN"><speaker>JOSSELIN.</speaker>
<p id="24">
	<s id="1">Comment petit effronté, à votre Père ; tournez-moi les talons, et ne regardez pas derrière vous.</s>
</p>
</sp>
<sp who="LELIE"><speaker>LELIE.</speaker>
<p id="25">
	<s id="1">Je veux demeurer ici, moi.</s>
</p>
</sp>
<sp who="JOSSELIN"><speaker>JOSSELIN.</speaker>
<p id="26">
	<s id="1">Tournez-moi les talons, vous dis-je, et vous détalez au plus vite.</s>
</p>
</sp>
<sp who="LELIE"><speaker>LELIE.</speaker>
<p id="27">
	<s id="1">Je ne veux point qu'ils s'en aillent.</s>
</p>
</sp>
<sp who="JOSSELIN"><speaker>JOSSELIN.</speaker>
<p id="28">
	<s id="1">Et je le veux moi. </s>
	<s id="2">Allez vite... </s>
	<s id="3">allez vous cacher dans ma chambre au bout de cette allée, voilà la clef.</s>
</p>
</sp>
<sp who="PERRETTE"><speaker>PERRETTE.</speaker>
<p id="29">
	<s id="1">Comme il se radoucit, ferons-je bien d'y aller ?</s>
</p>
</sp>
<sp who="JOSSELIN"><speaker>JOSSELIN.</speaker>
<p id="30">
	<s id="1">Si vous ne dépêchez... </s>
	<s id="2">Entrez dans le petit cabinet à main gauche, allez vite, allez.</s>
</p>
</sp>
<sp who="LELIE"><speaker>LELIE.</speaker>
<p id="31">
	<s id="1">Demeurez ici, je vous en conjure.</s>
</p>
</sp>
<sp who="JOSSELIN"><speaker>JOSSELIN.</speaker>
<p id="32">
	<s id="1">Je vous l'ordonne, partez promptement.</s>
</p>
</sp>
<sp who="LELIE"><speaker>LELIE.</speaker>
<p id="33">
	<s id="1">Pour la dernière fois Monsieur Josselin... </s>
	<s id="2">Attendez-moi, je vous prie, je cours trouver mon Père, j'obtiendrai de lui que je vous aie ici, et Monsieur Josselin se repentira de vous avoir grondé. </s>
	<s id="3">Je reviendrai dans un moment.</s>
</p>
</sp>
</div2>
<div2 type="scene" n='13'><head>SCÈNE XIII. Lucinde, Perrette, Josselin.</head>
<sp who="JOSSELIN"><speaker>JOSSELIN.</speaker>
<p id="1">
	<s id="1">Ah ! </s>
	<s id="2">Malheureuse petites femelles, savez-vous bien où vous êtes, et le malheur qui vous talonne ?</s>
</p>
</sp>
<sp who="LUCINDE"><speaker>LUCINDE.</speaker>
<p id="2">
	<s id="1">Nous savons tout ce que vous pouvez nous dire ; mais nous espérons tout de votre bonté.</s>
</p>
</sp>
<sp who="JOSSELIN"><speaker>JOSSELIN.</speaker>
<p id="3">
	<s id="1">Que vous êtes heureuses d'être belles ! </s>
	<s id="2">Sans cela... </s>
	<s id="3">Écoutez, n'allez pas vous entêter de ce petit vilain-là, ce serait gâter toutes vos affaires.</s>
</p>
</sp>
<sp who="PERRETTE"><speaker>PERRETTE.</speaker>
<p id="4">
	<s id="1">Oh, je ne boutons rian dans la tête que de la bonne sorte</s>
</p>
</sp>
<sp who="JOSSELIN"><speaker>JOSSELIN.</speaker>
<p id="5">
	<s id="1">Son Père veut enterrer toute sa famille avec lui, et ne consentira jamais...</s>
</p>
</sp>
<sp who="LUCINDE"><speaker>LUCINDE.</speaker>
<p id="6">
	<s id="1">Mettez-nous en lieu où nous puissions vous apprendre notre infortune, et savoir de vous le conseil que nous devons suivre.</s>
</p>
</sp>
<sp who="JOSSELIN"><speaker>JOSSELIN.</speaker>
<p id="7">
	<s id="1">Ma chambre est l'endroit où vous puissiez être le mieux cachées dans ce Château, et j'en veux bien courir les risques pour l'amour de vous, à condition que pour l'amour de moi...</s>
</p>
</sp>
<sp who="PERRETTE"><speaker>PERRETTE.</speaker>
<p id="8">
	<s id="1">Allez, mon bon Monsieur, vous voyez deux pauvres orphelines, qui ne sont nullement entichées du vice d'ingratitude.</s>
</p>
</sp>
<sp who="JOSSELIN"><speaker>JOSSELIN.</speaker>
<p id="9">
	<s id="1">Venez suivez-moi.</s>
</p>
</sp>
</div2>
<div2 type="scene" n='14'><head>SCÈNE XIV. Lucinde, Perrette, Josselin, Bertrand.</head>
<sp who="BERTRAND"><speaker>BERTRAND.</speaker>
<p id="1">
	<s id="1">Oh, palsangué je vous prends sur le fait, je n'en suis plus que de moitié...</s>
</p>
</sp>
<sp who="JOSSELIN"><speaker>JOSSELIN.</speaker>
<note type="L">Maroufle : Terme injurieux qu'on donne aux gens gros de corps, et grossiers d'esprit. [F]</note>
<p id="2">
	<s id="1">Voilà un maroufle qui vient bien mal à propos.</s>
</p>
</sp>
<sp who="BERTRAND"><speaker>BERTRAND.</speaker>
<note type="L">Testiguenne : Déformation du juron testiguienne : tête de Dieu. </note>
<p id="3">
	<s id="1">Testiguenne, puisque vous voulez les fourrer dans votre chambre, je ne serai pas pendu tout seul pour les avoir boutées dans ma cahute, vous le serez avec moi, je ne m'en soucie guère.</s>
</p>
</sp>
<sp who="JOSSELIN"><speaker>JOSSELIN.</speaker>
<p id="4">
	<s id="1">Veux-tu te taire.</s>
</p>
</sp>
<sp who="BERTRAND"><speaker>BERTRAND.</speaker>
<note type="L">tirer son épingle du jeu : Fig. et familièrement. Tirer son épingle du jeu, se dégager adroitement ou sans perte d'une mauvaise affaire ; locution qui vient d'un jeu de petites filles : elles mettent des épingles dans un rond, et, avec une balle qui, lancée contre le mur, revient vers le rond, elles essayent d'en faire sortir les épingles ; quand on fait sortir la la mise, on dit qu'on retire son épingle du jeu. [L]</note>
<p id="5">
	<s id="1">Morgué, je ne me tairai point à moins que je ne retire mon épingle du jeu.</s>
</p>
</sp>
<sp who="JOSSELIN"><speaker>JOSSELIN.</speaker>
<p id="6">
	<s id="1">Qu'entends-tu par là ?</s>
</p>
</sp>
<sp who="BERTRAND"><speaker>BERTRAND.</speaker>
<p id="7">
	<s id="1">J'entends que vous soyez pendu tout seul.</s>
</p>
</sp>
<sp who="JOSSELIN"><speaker>JOSSELIN.</speaker>
<p id="8">
	<s id="1">Que veut dire cet animal-là ?</s>
</p>
</sp>
<sp who="BERTRAND"><speaker>BERTRAND.</speaker>
<p id="9">
	<s id="1">Je veux dire qu'à moins que vous ne disiez que c'est vous qui les avez cachées, je vais tout apprendre à notre Maître.</s>
</p>
</sp>
<sp who="JOSSELIN"><speaker>JOSSELIN.</speaker>
<p id="10">
	<s id="1">Et bien, oui, je dirai que c'est moi.</s>
</p>
</sp>
<sp who="PERRETTE"><speaker>PERRETTE.</speaker>
<p id="11">
	<s id="1">Mais morgué point de tricherie au moins.</s>
</p>
</sp>
<sp who="JOSSELIN"><speaker>JOSSELIN.</speaker>
<p id="12">
	<s id="1">J'entends quelqu'un.</s>
</p>
</sp>
<sp who="BERTRAND"><speaker>BERTRAND.</speaker>
<note type="L">Sur les yeux de la tête : Sur les yeux de la tête, sorte de commandement ou de défense que l'on fait, comme si l'on menaçait d'arracher les yeux de la tête. Voir Racine, Les Plaideurs acte II, sc. 8. [L]</note>
<p id="13">
	<s id="1">Rentrez dans ma logette, et ne vous montrez plus sur les yeux de votre tête.</s>
</p>
</sp>
<sp who="JOSSELIN"><speaker>JOSSELIN.</speaker>
<p id="14">
	<s id="1">Chut, ou je te rendrai complice.</s>
</p>
</sp>
<sp who="BERTRAND"><speaker>BERTRAND.</speaker>
<note type="L">Pot aux roses : On dit qu'un homme a découvert le pot aux roses, pour dire, qu'il a découvert le secret d'une affaire où il y avait de l'ordure. [F)</note>
<p id="15">
	<s id="1">Motus, ou je découvrirai le pot aux roses.</s>
</p>
</sp>
</div2>
<div2 type="scene" n='15'><head>SCÈNE XV. Anselme, Lélie, Josselin, Bertrand.</head>
<sp who="LELIE"><speaker>LELIE.</speaker>
<p id="1">
	<s id="1">Oui, mon Père, il est impossible que vous me refusiez, quand vous les aurez vus, venez seulement, où sont-ils ? </s>
	<s id="2">Qu'en avez-vous fait, Monsieur Josselin ?</s>
</p>
</sp>
<sp who="JOSSELIN"><speaker>JOSSELIN.</speaker>
<p id="2">
	<s id="1">Que veut-t-il dire ?</s>
</p>
</sp>
<sp who="ANSELME"><speaker>ANSELME.</speaker>
<p id="3">
	<s id="1">Je ne sais ce qu'il me vient conter.</s>
</p>
</sp>
<sp who="LELIE"><speaker>LELIE.</speaker>
<p id="4">
	<s id="1">Que sont-ils devenus Bertrand ?</s>
</p>
</sp>
<sp who="BERTRAND"><speaker>BERTRAND.</speaker>
<p id="5">
	<s id="1">À qui en veut-il donc ?</s>
</p>
</sp>
<sp who="LELIE"><speaker>LELIE.</speaker>
<p id="6">
	<s id="1">Répondez-moi Monsieur Josselin, ou malgré la présence de mon Père...</s>
</p>
</sp>
<sp who="JOSSELIN"><speaker>JOSSELIN.</speaker>
<p id="7">
	<s id="1">Doucement, petit drôle.</s>
</p>
</sp>
<sp who="LELIE"><speaker>LELIE.</speaker>
<p id="8">
	<s id="1">Éclaircis-moi de ce que je veux savoir, coquin.</s>
</p>
</sp>
<sp who="BERTRAND"><speaker>BERTRAND.</speaker>
<p id="9">
	<s id="1">Haye, ahy, vous m'étranglez. </s>
	<s id="2">Est-il devenu fou ?</s>
</p>
</sp>
<sp who="LELIE"><speaker>LELIE.</speaker>
<p id="10">
	<s id="1">Ah, mon Père ! </s>
	<s id="2">Commandez qu'on me les fasse retrouver, ou j'en mourrai de désespoir.</s>
</p>
</sp>
<sp who="ANSELME"><speaker>ANSELME.</speaker>
<p id="11">
	<s id="1">Quoi, qu'y a-t-il ? </s>
	<s id="2">Que veux-tu qu'on te rende ? </s>
	<s id="3">Te voilà bien échauffé.</s>
</p>
</sp>
<sp who="LELIE"><speaker>LELIE.</speaker>
<p id="12">
	<s id="1">Cherchons partout. </s>
	<s id="2">Si je ne les retrouve, je sais bien à qui je m'en prendrai.</s>
</p>
</sp>
<sp who="BERTRAND"><speaker>BERTRAND.</speaker>
<p id="13">
	<s id="1">Et attendez, attendez. </s>
	<s id="2">Ce ne sont pas des moigniaux que vous charchez.</s>
</p>
</sp>
<sp who="LELIE"><speaker>LELIE.</speaker>
<p id="14">
	<s id="1">Non traître, ce ne sont pas des moineaux.</s>
</p>
</sp>
<sp who="BERTRAND"><speaker>BERTRAND.</speaker>
<p id="15">
	<s id="1">Hé bien morgué, quoi que ce puisse être, allons les charcher nous deux, m'est avis que j'ai entendu queuque chose grouiller de ce côté-là.</s>
</p>
</sp>
<sp who="LELIE"><speaker>LELIE.</speaker>
<p id="16">
	<s id="1">Courons-y. </s>
	<s id="2">Mon pauvre Bertrand, ne me quitte point, Monsieur Josselin malheur à vous si je ne les retrouve.</s>
</p>
</sp>
</div2>
<div2 type="scene" n='16'><head>SCÈNE XVI. Anselme, Josselin.</head>
<sp who="JOSSELIN"><speaker>JOSSELIN.</speaker>
<p id="1">
	<s id="1">Des menaces ! </s>
	<s id="2">Vous voyez comme il perd le respect.</s>
</p>
</sp>
<sp who="ANSELME"><speaker>ANSELME.</speaker>
<p id="2">
	<s id="1">Qu'on l'arrête.</s>
</p>
</sp>
<sp who="JOSSELIN"><speaker>JOSSELIN.</speaker>
<p id="3">
	<s id="1">Non, non ; il vaut mieux qu'en courant il aille dissiper ces vapeurs qui lui troublent l'imagination.</s>
</p>
</sp>
<sp who="ANSELME"><speaker>ANSELME.</speaker>
<p id="4">
	<s id="1">Mais je crois qu'en effet il est devenu fou. </s>
	<s id="2">Quel galimatias m'a-t-il fait ?</s>
</p>
</sp>
<sp who="JOSSELIN"><speaker>JOSSELIN.</speaker>
<p id="5">
	<s id="1">C'est justement une suite de ce que je disais tantôt ; ce sont des idées qui lui passent par la cervelle, et je ne jurerais pas trop que ce ne fussent des idées de femmes.</s>
</p>
</sp>
<sp who="ANSELME"><speaker>ANSELME.</speaker>
<p id="6">
	<s id="1">Des idées de femmes ! </s>
	<s id="2">Vous vous moquez, Monsieur Josselin ; peut-on avoir des idées de ce qu'on n'a jamais vu ?</s>
</p>
</sp>
<sp who="JOSSELIN"><speaker>JOSSELIN.</speaker>
<p id="7">
	<s id="1">Belles merveilles. </s>
	<s id="2">Et ne vous est-il jamais arrivé de faire des songes ?</s>
</p>
</sp>
<sp who="ANSELME"><speaker>ANSELME.</speaker>
<p id="8">
	<s id="1">Oui.</s>
</p>
</sp>
<sp who="JOSSELIN"><speaker>JOSSELIN.</speaker>
<p id="9">
	<s id="1">Et de voir en dormant des choses que vous n'aviez jamais vues, et que vous ne vous seriez jamais imaginées si vous n'aviez dormi ?</s>
</p>
</sp>
<sp who="ANSELME"><speaker>ANSELME.</speaker>
<p id="10">
	<s id="1">D'accord ; mais ce petit garçonlà ne dort pas.</s>
</p>
</sp>
<sp who="JOSSELIN"><speaker>JOSSELIN.</speaker>
<p id="11">
	<s id="1">Non, vraiment ; au contraire, je ne l'ai jamais vu éveillé.</s>
</p>
</sp>
<sp who="ANSELME"><speaker>ANSELME.</speaker>
<p id="12">
	<s id="1">Hé bien ?</s>
</p>
</sp>
<sp who="JOSSELIN"><speaker>JOSSELIN.</speaker>
<p id="13">
	<s id="1">Hé bien, il rêve tout éveillé, et c'est justement ce qui fait qu'il fait des contes à dormir debout.</s>
</p>
</sp>
<sp who="ANSELME"><speaker>ANSELME.</speaker>
<p id="14">
	<s id="1">Mais pourquoi lui vient-il des idées de femmes plutôt que d'autres ?</s>
</p>
</sp>
<sp who="JOSSELIN"><speaker>JOSSELIN.</speaker>
<note type="L">Malgré que : Malgré que, loc. conj. signifiant quoique et usitée seulement avec le verbe avoir, de cette façon : malgré que j'en aie, malgré qu'il en ait, etc. en dépit de moi, en dépit de lui. [L]</note>
<p id="15">
	<s id="1">C'est que ces animaux-là se fourrent partout malgré qu'on en ait.</s>
</p>
</sp>
<sp who="ANSELME"><speaker>ANSELME.</speaker>
<p id="16">
	<s id="1">Cela serait bien horrible que toutes mes précautions fussent inutiles.</s>
</p>
</sp>
<sp who="JOSSELIN"><speaker>JOSSELIN.</speaker>
<p id="17">
	<s id="1">Elles le seront à coup sûr, et dès à présent je vous en donne ma parole.</s>
</p>
</sp>
<sp who="ANSELME"><speaker>ANSELME.</speaker>
<p id="18">
	<s id="1">Il n'importe ; et si je ne puis lui cacher absolument qu'il y ait des femmes, il ne les connaîtra du moins que pour les haïr.</s>
</p>
</sp>
<sp who="JOSSELIN"><speaker>JOSSELIN.</speaker>
<p id="19">
	<s id="1">Il ne les haïra point.</s>
</p>
</sp>
<sp who="ANSELME"><speaker>ANSELME.</speaker>
<p id="20">
	<s id="1">Il les détestera en apprenant ce qu'elles savent faire. </s>
	<s id="2">Mais qu'est-ce ci ?</s>
</p>
</sp>
<sp who="JOSSELIN"><speaker>JOSSELIN.</speaker>
<p id="21">
	<s id="1">Et c'est ce bon Paysan qui vous amène ces deux personnes pour faire essai de votre coupe.</s>
</p>	
</sp>
</div2>
<div2 type="scene" n='17'><head>SCÈNE XVII. Anselme, Josselin, Lucinde, Perrette, Monsieur Tobie, Monsieur Griffon, Thibaut.</head>
<sp stage="location" who='PERRETTE'><speaker>PERRETTE, à la fenêtre avec Lucinde.</speaker>
<p id="1">
	<s id="1">Le petit homme n'y est pas vous dis-je.</s>
</p>
</sp>
<sp who="LUCINDE"><speaker>LUCINDE.</speaker>
<p id="2">
	<s id="1">Il n'importe ; voyons d'ici ce qui se passe, puisque nous pouvons voir sans être vues.</s>
</p>
</sp>
<sp who="GRIFFON"><speaker>GRIFFON.</speaker>
<p id="3">
	<s id="1">Oui cadédis, je bous le dis et bous le soutiens, vous êtes un von sot veau frère.</s>
</p>
</sp>
<sp who="THIBAUD"><speaker>THIBAUT.</speaker>
<p id="4">
	<s id="1">Ah ! </s>
	<s id="2">Ah ! </s>
	<s id="3">Monsieur, au mari de Madame votre soeur ?</s>
</p>
</sp>
<sp who="PERRETTE"><speaker>PERRETTE.</speaker>
<p id="5">
	<s id="1">Madame, c'est Thibaut.</s>
</p>
</sp>
<sp who="TOBIE"><speaker>TOBIE.</speaker>
<p id="6">
	<s id="1">Sot ! </s>
	<s id="2">Et qu'est-ce ; queu terminaison est chela ?</s>
</p>
</sp>
<sp who="LUCINDE"><speaker>LUCINDE.</speaker>
<p id="7">
	<s id="1">Mon Père et mon Oncle sont ici.</s>
</p>
</sp>
<sp who="TOBIE"><speaker>TOBIE.</speaker>
<p id="8">
	<s id="1">Nous sommes gens de bien de notre race, je serais marri qu'elle fût entichée des reproches qu'on fait à la vôtre.</s>
</p>
</sp>
<sp who="THIBAUD"><speaker>THIBAUT.</speaker>
<p id="9">
	<s id="1">Eh, eh, Monsieur ; le Frère de Madame votre femme ? </s>
	<s id="2">Vous n'y songez pas.</s>
</p>
</sp>
<sp who="GRIFFON"><speaker>GRIFFON.</speaker>
<p id="10">
	<s id="1">Tu fais vien de m'appartenir.</s>
</p>
</sp>
<sp who="TOBIE"><speaker>TOBIE.</speaker>
<p id="11">
	<s id="1">C'est le plus vilain endroit de ma vie.</s>
</p>
</sp>
<sp who="THIBAUD"><speaker>THIBAUT.</speaker>
<p id="12">
	<s id="1">Messieurs, Messieurs, venez m'aider, s'il vous plaît, à mettre le holà entre deux beaux-frères qui se vont couper la gorge.</s>
</p>
</sp>
<sp who="ANSELME"><speaker>ANSELME.</speaker>
<p id="13">
	<s id="1">Qu'est-ce que c'est donc ; qu'avez-vous, Messieurs, qui vous oblige à en venir aux invectives ?</s>
</p>
</sp>
<sp who="GRIFFON"><speaker>GRIFFON.</speaker>
<note type="L">Mordi : Déformation du juron mordieu. Par la mort de Dieu. </note>
<p id="14">
	<s id="1">Eh, Messieurs, serbiteur ; je bous fais Juges de ceci. </s>
	<s id="2">Boici le fait. </s>
	<s id="3">J'ai fait l'honneur à ce Monsieur de donner mon fils, qui est novle Monsieur comme moi, mordi, en mariage à sa fille, qui n'est qu'une simple Roturière et parce que la beille des noces, la sotte s'éclipse de la case paternelle, il a l'insolence de dire que c'est ma faute, et qu'elle a eu peur d'entrer dans mon alliance, à cause que je suis sébère dans ma famille, et que je n'en beux pas souffrir qu'aucun guodeluriau approche mon domaine de la van-lieue.</s>
</p>
</sp>
<sp who="TOBIE"><speaker>TOBIE.</speaker>
<note type="L">Domestique : Qui est d'une maison, sous un même chef de famille. En ce sens il se prend pour femme, enfants, hôtes, parents et valets. [F]</note>
<note type="L">Fanfan : Terme populaire dont les pères et les maris se servent pour caresser leurs femmes et leurs enfants. Les femmes et les mères s'en servent aussi à l'égard de leurs enfants et de leurs maris. [F]</note>
<note type="L">Camuset : Un peu camus. [L] Qui a le nez court et plat. Fig. et familièrement embarrassé, interdit.</note>
<p id="15">
	<s id="1">Qu'est-ce ? </s>
	<s id="2">Je donne ma fille qui aura dix mille livres de rentes ; au fils de su Monsieur qui est gueux comme un rat, et parce qu'elle s'en est enfuie de chez moi, pour éviter ce mariage ; il me dira en me traitant comme un je ne sais qui, que parce que je suis trop bon dans mon domestique, à cause que ma femme est toujours autour de moi à m'étouffer de caresses, et que je souffre qu'elle m'appelle son petit papa, son petit fanfan, son petit camuset, ce qui fait que ma maison est ouverte à tous les honnêtes gens.</s>
</p>
</sp>
<sp who="JOSSELIN"><speaker>JOSSELIN.</speaker>
<p id="16">
	<s id="1">Voilà un différend qu'il est assez facile d'accommoder. </s>
	<s id="2">Ces Messieurs se disent les choses de si bonne foi, qu'on ne peut s'empêcher de les croire ; mais pour savoir lequel des deux s'est le plus fait aimer de sa femme par ses manières, votre Coupe enchantée sera d'un secours merveilleux, et je suis sûr qu'elle les mettra d'accord, je vais l'apporter.</s>
</p>
</sp>
<sp who="ANSELME"><speaker>ANSELME.</speaker>
<p id="17">
	<s id="1">Allez, Monsieur Josselin, cela finira la dispute.</s>
</p>
</sp>
<sp who="GRIFFON"><speaker>GRIFFON.</speaker>
<p id="18">
	<s id="1">Cet homme nous a fait récit de cette coupe, et je serai rabi de connaître par elle lequel est le fat de nous deux, je suis sûr que ce n'est pas moi.</s>
</p>
</sp>
<sp who="TOBIE"><speaker>TOBIE.</speaker>
<p id="19">
	<s id="1">Nous en allons voir tout à l'heure un bien penaud ; je sais bien qui ce ne sera pas.</s>
</p>
</sp>
<sp who="ANSELME"><speaker>ANSELME.</speaker>
<p id="20">
	<s id="1">Voici la Coupe.</s>
</p>
</sp>
<sp who="TOBIE"><speaker>TOBIE.</speaker>
<p id="21">
	<s id="1">Donnez, donnez ; je serais bien fâché de n'en pas faire essai le premier, pour vous montrer combien je suis sûr de mon fait.</s>
</p>
<stage type="pour">Le vin se répand.</stage>
</sp>
<sp who="JOSSELIN"><speaker>JOSSELIN.</speaker>
<p id="22">
	<s id="1">Ah, ah.</s>
</p>
</sp>
<sp who="TOBIE"><speaker>TOBIE.</speaker>
<p id="23">
	<s id="1">Que vois-je ? </s>
	<s id="2">Le vin est répandu je pense.</s>
</p>
</sp>
<sp who="JOSSELIN"><speaker>JOSSELIN.</speaker>
<p id="24">
	<s id="1">Oh, par ma foi, le petit papa, le petit fanfan, le petit camuset en tient.</s>
</p>
</sp>
<sp who="GRIFFON"><speaker>GRIFFON.</speaker>
<note type="L">Cadédis : Jurement qu'on met habituellement dans la bouche des Gascons. [L]</note>
<p id="25">
	<s id="1">Hé, qui de nous dus est le fat ? </s>
	<s id="2">Hem cadédis mon veau frère, bous me ferez raison de la conduite de ma soeur.</s>
</p>
</sp>
<sp who="TOBIE"><speaker>TOBIE.</speaker>
<p id="26">
	<s id="1">Voilà une méchante créature, je ne l'aurais jamais cru.</s>
</p>
</sp>
<sp who="JOSSELIN"><speaker>JOSSELIN.</speaker>
<p id="27">
	<s id="1">Quand elle viendra vous étouffer de caresses, je vous conseille de l'étrangler par bonne amitié.</s>
</p>
</sp>
<sp who="TOBIE"><speaker>TOBIE.</speaker>
<p id="28">
	<s id="1">C'est chez vous qu'elle a sucé ce mauvais lait-là.</s>
</p>
</sp>
<sp who="GRIFFON"><speaker>GRIFFON.</speaker>
<note type="L">Ganymède : Terme de mythologie. Nom du fils de Laomédon, enlevé par l'aigle de Jupiter, à cause de sa beauté. Fig. Giton... Jeune homme servant
à de honteux plaisirs, ainsi dit de Giton, personnage de la satire de Pétrone. [L]</note>
<p id="29">
	<s id="1">Oui, oui, cadédis, l'absinthe n'est pas plus amère que le lait que je leur fais sucer ; bersez, bersez, veau Ganymède, bous allez boir veau frère. </s>
	<s id="2">À la santé de la compagnie.</s>
</p>
<stage type="pour">La Coupe répand.</stage>
</sp>
<sp who="JOSSELIN"><speaker>JOSSELIN.</speaker>
<p id="30">
	<s id="1">Ahy, ahy, ahy.</s>
</p>
</sp>
<sp who="GRIFFON"><speaker>GRIFFON.</speaker>
<p id="31">
	<s id="1">Bouais, c'est que je ne la tiens pas droite.</s>
</p>
<stage type="pour">La Coupe répand.</stage>
</sp>
<sp who="JOSSELIN"><speaker>JOSSELIN.</speaker>
<p id="32">
	<s id="1">Prenez donc garde.</s>
</p>
</sp>
<sp who="ANSELME"><speaker>ANSELME.</speaker>
<p id="33">
	<s id="1">Voyez, voyez.</s>
</p>
</sp>
<sp who="GRIFFON"><speaker>GRIFFON.</speaker>
<p id="34">
	<s id="1">La main me tremble. </s>
</p>
<stage type="pour">Tout répand.</stage>
</sp>
<sp who="JOSSELIN"><speaker>JOSSELIN.</speaker>
<p id="35">
	<s id="1">Ah ! </s>
	<s id="2">L'on a approché de votre domaine plus près que de la ban-lieue.</s>
</p>
</sp>
<sp who="GRIFFON"><speaker>GRIFFON.</speaker>
<note type="L">Sandis : Espèce de jurement gascon. Sang, et dis pour Dieu. [L]</note>
<p id="36">
	<s id="1">Ma foi, je n'y comprends plus rien. </s>
	<s id="2">Monsieur est von, on le trahit ; je suis sébère et l'on me trompe ; sandis comment faut-il donc faire avec ces diantres d'animaux-là ? </s>
	<s id="3">Allons, on s'en mordra les doigts. </s>
	<s id="4">Sans adieu.</s>
</p>
</sp>
</div2>
<div2 type="scene" n='18'><head>SCÈNE XVIII. Anselme, Tobie, Thibaut, Josselin, Lucinde, Perrette.</head>
<sp who="ANSELME"><speaker>ANSELME.</speaker>
<p id="1">
	<s id="1">Jusques au revoir.</s>
</p>
</sp>
<sp who="JOSSELIN"><speaker>JOSSELIN.</speaker>
<note type="L">À vous le dé : Figurément, c'est à vous de parler, d'agir. [L]</note>
<note type="L">Pays : Par catachrèse et populairement. Celui qui est du même pays, du même canton. [L]</note>
<p id="2">
	<s id="1">Vous plaît-il boire encore un coup ? </s>
	<s id="2">À ça à vous le dé, pays.</s>
</p>
</sp>
<sp who="THIBAUD"><speaker>THIBAUT.</speaker>
<p id="3">
	<s id="1">À moi ?</s>
</p>
</sp>
<sp who="LUCINDE"><speaker>LUCINDE.</speaker>
<p id="4">
	<s id="1">Perrette ton mari va boire.</s>
</p>
</sp>
<sp who="PERRETTE"><speaker>PERRETTE.</speaker>
<p id="5">
	<s id="1">À quoi s'amuse-t-il ce n'est pas que je craigne rien, mais le coeur me tape.</s>
</p>
</sp>
<sp who="JOSSELIN"><speaker>JOSSELIN.</speaker>
<p id="6">
	<s id="1">À cause que vous êtes un bon frère, en voilà rasade, buvez.</s>
</p>
</sp>
<sp who="THIBAUD"><speaker>THIBAUT.</speaker>
<p id="7">
	<s id="1">Palsangué je n'ai pas soif.</s>
</p>
</sp>
<sp who="JOSSELIN"><speaker>JOSSELIN.</speaker>
<p id="8">
	<s id="1">Il ne s'agit pas d'avoir soif, et c'est seulement par curiosité, et pour savoir si vous êtes aimé de votre femme, buvez.</s>
</p>
</sp>
<sp who="THIBAUD"><speaker>THIBAUT.</speaker>
<note type="L">Pargué : Jurements patois de l'ancienne comédie, pour pardieu. [L]</note>
<p id="9">
	<s id="1">Non, morgué je ne boirai point, et si le vin allait répandre par hasard, testigué voyez-vous. </s>
	<s id="2">Je suis maladroit de ma nature, quand je saurais ça en serais plus gras, en aurais-je la jambe plus droite, en dormirais-je plus que des deux yeux, en mangerais-je autrement que par la bouche, non pargué ; c'est pourquoi frère je suis votre sarviteur, je ne boirai point.</s>
</p>
</sp>
<sp who="JOSSELIN"><speaker>JOSSELIN.</speaker>
<p id="10">
	<s id="1">Voilà un rustre d'assez bon sens.</s>
</p>
</sp>
<sp who="ANSELME"><speaker>ANSELME.</speaker>
<p id="11">
	<s id="1">C'est ce qui me sembler, et je suis quasi fâché de n'avoir pas été de son humeur.</s>
</p>
</sp>
<sp who="TOBIE"><speaker>TOBIE.</speaker>
<p id="12">
	<s id="1">Oh, pardi mon Fermier vous avez plus d'esprit que votre Maître.</s>
</p>
</sp>
<sp who="THIBAUD"><speaker>THIBAUT.</speaker>
<note type="L">Finfirmement : Semble vouloir dire bien fermement.</note>
<note type="L">Iota : Fig. Pas la moindre chose, rien (à cause que la figure de cette lettre est la moindre de toutes celles de l'alphabet grec). [L]</note>
<p id="13">
	<s id="1">Jarni, je ne sais pas si je fais bien, mais je sais bien que je serais fâché de faire autrement ; j'aime Parrette, elle est ma femme, quand elle serait la femme d'un autre elle ne me plairait pas davantage, je ne sais si je lui plais finfirmement, elle en fait le semblant du moins, je ne rentre de fois chez moi, que je ne la retrouve tintelle que je l'ai laissée, il n'y a pas un iota à dire. </s>
	<s id="2">Elle aime à batifoler, je suis d'himeur batifolante, je batifolons sans cesse, et si je m'allais mettre dans la sarvelle tous vos engeins greignaux, adieu le batifolage, non palsanguoi, je n'en ferai rien.</s>
</p>
</sp>
<sp who="JOSSELIN"><speaker>JOSSELIN.</speaker>
<note type="L">Greigneur : Vieux mot et hors d'usage, qui signifiait autrefois, Seigneur, un homme de qualité. [T]</note>
<p id="14">
	<s id="1">Voilà, comme je veux être et si je me marie... </s>
	<s id="2">Mais je ne me marierai pas.</s>
</p>
</sp>
<sp who="PERRETTE"><speaker>PERRETTE.</speaker>
<p id="15">
	<s id="1">Madame je suis si niaise que je ne saurais plus m'en tenir, il faut que j'aille embrasser notre homme.</s>
</p>
</sp>
<sp who="LUCINDE"><speaker>LUCINDE.</speaker>
<p id="16">
	<s id="1">Attends, Perrette, que vas-tu faire ?</s>
</p>
</sp>
<sp who="JOSSELIN"><speaker>JOSSELIN.</speaker>
<p id="17">
	<s id="1">Voilà la perle des Maris, ami, touche-là.</s>
</p>
</sp>
<sp who="THIBAUD"><speaker>THIBAUT.</speaker>
<p id="18">
	<s id="1">Votre valet.</s>
</p>
</sp>
<sp who="TOBIE"><speaker>TOBIE.</speaker>
<p id="19">
	<s id="1">Voilà l'exemple des honnêtes gens. </s>
	<s id="2">Embrasse-moi.</s>
</p>
</sp>
<sp who="THIBAUD"><speaker>THIBAUT.</speaker>
<p id="20">
	<s id="1">Votre serviteur.</s>
</p>
</sp>
<sp who="ANSELME"><speaker>ANSELME.</speaker>
<p id="21">
	<s id="1">Voilà le miroir de la vie paisible</s>
</p>
</sp>
<sp who="THIBAUD"><speaker>THIBAUT.</speaker>
<p id="22">
	<s id="1">Votre très-humble.</s>
</p>
</sp>
<sp who="PERRETTE"><speaker>PERRETTE.</speaker>
<p id="23">
	<s id="1">Voilà un vrai homme à femme. </s>
	<s id="2">Ah, que je te baiserai tantôt.</s>
</p>
</sp>
<sp who="THIBAUD"><speaker>THIBAUT.</speaker>
<p id="24">
	<s id="1">Hé ! </s>
	<s id="2">Testigué, c'est Perrette.</s>
</p>
</sp>
<sp who="ANSELME"><speaker>ANSELME.</speaker>
<p id="25">
	<s id="1">Que vois-je ? </s>
	<s id="2">Des Femmes ?</s>
</p>
</sp>
<sp who="THIBAUD"><speaker>THIBAUT.</speaker>
<p id="26">
	<s id="1">Je n'ai morgué pas voulu boire dans la Coupe, elle eut peut-être dit quelque chose qui m'aurait chagriné.</s>
</p>
</sp>
<sp who="PERRETTE"><speaker>PERRETTE.</speaker>
<p id="27">
	<s id="1">Elle n'eut rien dit. </s>
	<s id="2">Mais tu as bien fait, je t'en aime davantage.</s>
</p>
</sp>
<sp who="TOBIE"><speaker>TOBIE.</speaker>
<p id="28">
	<s id="1">Perrette, qu'as-tu fait de ma Fille ?</s>
</p>
</sp>
<sp who="LUCINDE"><speaker>LUCINDE.</speaker>
<p id="29">
	<s id="1">La voilà, mon Père, qui se lette à vos genoux, pour vous demander pardon.</s>
</p>
</sp>
<sp who="TOBIE"><speaker>TOBIE.</speaker>
<p id="30">
	<s id="1">Va, ma Fille, je te pardonne.</s>
</p>
</sp>
<sp who="ANSELME"><speaker>ANSELME.</speaker>
<p id="31">
	<s id="1">Par quels moyens ces Femmes sont-elles entrées chez moi ?</s>
</p>
</sp>
<sp who="JOSSELIN"><speaker>JOSSELIN.</speaker>
<p id="32">
	<s id="1">Je ne sais. </s>
	<s id="2">Ce sont peut-être elles, qui ont fait naître à Monsieur votre Fils les idées...</s>
</p>
</sp>
</div2>
<div2 type="scene" n='19'><head>SCÈNE XIX. Anselme, Tobie, Lélie, Lucinde, Perrette, Josselin, Thibaut, Bertrand.</head>
<sp who="BERTRAND"><speaker>BERTRAND.</speaker>
<p id="1">
	<s id="1">Ce n'est pas par-là, vous dis-je ?</s>
</p>
</sp>
<sp who="LELIE"><speaker>LELIE.</speaker>
<p id="2">
	<s id="1">Non, non, laisse-moi ; mais que vois-je ? </s>
	<s id="2">Ah ! </s>
	<s id="3">C'est ce que je cherche. </s>
	<s id="4">Oui, mon Père les voilà, souffrez que je les amène à ma chambre, je vous promets de n'en sortir jamais.</s>
</p>
</sp>
<sp who="ANSELME"><speaker>ANSELME.</speaker>
<p id="3">
	<s id="1">Où suis-je ? </s>
	<s id="2">Que vois-je ? </s>
	<s id="3">Qu'entends-je ?</s>
</p>
</sp>
<sp who="LELIE"><speaker>LELIE.</speaker>
<p id="4">
	<s id="1">Ah ! </s>
	<s id="3">Mon Père, n'allez pas gronder, de peur de les effaroucher encore.</s>
</p>
</sp>
<sp who="ANSELME"><speaker>ANSELME.</speaker>
<p id="5">
	<s id="1">C'en est fait. </s>
	<s id="2">La Destinée et la Nature sont plus fortes que mes raisonnements, votre seule présence lui en a plus appris en un moment que je ne lui en avais caché pendant seize années.</s>
</p>
</sp>
<sp who="JOSSELIN"><speaker>JOSSELIN.</speaker>
<p id="6">
	<s id="1">Cela est admirable.</s>
</p>
</sp>
<sp who="ANSELME"><speaker>ANSELME.</speaker>
<p id="7">
	<s id="1">Je commence moi-même à me rendre à la raison, et je vais changer de manière.</s>
</p>
</sp>
<sp who="TOBIE"><speaker>TOBIE.</speaker>
<p id="8">
	<s id="1">Qu'est-ce que tout ceci ?</s>
</p>
</sp>
<sp who="ANSELME"><speaker>ANSELME.</speaker>
<p id="9">
	<s id="1">Vous le saurez, Monsieur ; en attendant qu'on vous l'apprenne, je vous dirai seulement que mon fils a beaucoup de noblesse, et plus de bien ; et qu'il ne tient qu'à vous d'unir sa destinée à celle de Mademoiselle votre fille.</s>
</p>
</sp>
<sp who="TOBIE"><speaker>TOBIE.</speaker>
<p id="10">
	<s id="1">Volontiers. </s>
	<s id="2">J'en serai ravi, et cela fera enrager ma femme.</s>
</p>
</sp>
<sp who="LELIE"><speaker>LELIE.</speaker>
<p id="11">
	<s id="1">Je ne comprends rien à tous ces discours. </s>
	<s id="2">Que veulent-ils dire, Monsieur Josselin ?</s>
</p>
</sp>
<sp who="JOSSELIN"><speaker>JOSSELIN.</speaker>
<p id="12">
	<s id="1">Cette belle vous l'apprendra.</s>
</p>
</sp>
<sp who="ANSELME"><speaker>ANSELME.</speaker>
<p id="13">
	<s id="1">Oui, mon Fils, je vous la donne en mariage.</s>
</p>
</sp>
<sp who="LELIE"><speaker>LELIE.</speaker>
<p id="14">
	<s id="1">En mariage ? </s>
	<s id="2">Cela signifie-t-il qu'elle demeurera toujours avec moi, mon Père.</s>
</p>
</sp>
<sp who="ANSELME"><speaker>ANSELME.</speaker>
<p id="15">
	<s id="1">Oui, mon Fils.</s>
</p>
</sp>
<sp who="LELIE"><speaker>LELIE.</speaker>
<p id="16">
	<s id="1">Qu'elle joie ! </s>
	<s id="2">Ah, Mon Père, que je vous ai d'obligation.</s>
</p>
</sp>
<sp who="JOSSELIN"><speaker>JOSSELIN.</speaker>
<p id="17">
	<s id="1">Jamais le petit fripon n'a embrassé si fort.</s>
</p>
</sp>
<sp who="THIBAUD"><speaker>THIBAUT.</speaker>
<p id="18">
	<s id="1">Pargué, Perrette, tout ça est drôle.</s>
</p>
</sp>
<sp who="PERRETTE"><speaker>PERRETTE.</speaker>
<p id="19">
	<s id="1">Oui, tout cela est bel et bon. </s>
	<s id="2">Mais cette chienne de Coupe, que devient-elle ? </s>
	<s id="3">Qu'il n'en soit plus parlé ; car quoique je ne craignons rien, je ne dormirions point en repos, voyez-vous.</s>
</p>
</sp>
<sp who="ANSELME"><speaker>ANSELME.</speaker>
<p id="20">
	<s id="1">Qu'elle ne vous inquiète point. </s>
	<s id="2">Je la briserai en votre présence.</s>
</p>
</sp>
<sp who="JOSSELIN"><speaker>JOSSELIN.</speaker>
<p id="21">
	<s id="1">Quelqu'un veut-il faire essai de la Coupe ? </s>
	<s id="2">Qu'il se dépêche ; mais franchement, je ne conseille à personne d'y boire ; et l'exemple du Paysan est, sur ma foi, le meilleur à suivre.</s>
</p>
</sp>
</div2>
</div1>
</body>
</text>
</TEI>