<?xml version="1.0" encoding="utf-8" ?>
<TEI xml:lang="fr">
<teiHeader>
		<fileDesc>
			<titleStmt>
				<title>LES FRAGMENTS DE MOLIÈRE.</title>
				<author born='1642' born_location='Paris' death='1701' death_location='Paris' academie=''>CHAMPMESLÉ, Charles Chevillet dit</author>
			</titleStmt>
			<publicationStmt>	
				<publisher>publié par Paul FIEVRE juillet 2012</publisher>
				<idno>CHAMPMESLE_FRAGMENTDEMOLIERE</idno>
			<rights>Creative Commons BY-NC-SA</rights>
			</publicationStmt>
			<SourceDesc>
				<genre>Comédie</genre>
				<inspiration>moeurs</inspiration><structure>Deux actes</structure>
				<type>prose</type>
				<periode>1681-1690</periode>
				<taille>(mesure non pertinente)</taille>
				<permalien>http://gallica.bnf.fr/ark:/12148/bpt6k5754475d</permalien>
			</SourceDesc>
		</fileDesc>
</teiHeader>
<text>
	<front>
		<docTitle>
			<titlePart type="main">LES FRAGMENTS DE MOLIÈRE.</titlePart>
			<titlePart type="sub">COMÉDIE</titlePart>
		</docTitle> 
		<docDate value="1682">M. DC. LXXXII. Avec Privilège du Roi.</docDate>
		<docAuthor id="CHAMPMESLÉ, Charles Chevillet dit" bio='champsmesle'></docAuthor>
		<docImprint>
			<acheveImprime id=""></acheveImprime>
			<printer id='RIBOU'>À PARIS, Chez Jean Ribou, sur le Quay des Augustins, au dessus de la Grand'Porte de l'Eglise, à la descente du Pont-Neuf, à l'Image Saint Louis.</printer>
		</docImprint>
		<performance>
			<premiere date="1674" location='Hôtel de Bourgogne'>Représenté pour la première fois en 1674 à l'Hôtel de Bourgogne.</premiere>
		</performance>
	<castList><head>ACTEURS.</head>
			<castItem><role id="LIGNON" sex="1" type="P" statut='fleuve' age='A' stat_amour='néant'>LIGNON</role>.</castItem>
			<castItem><role id="JOURDAIN" sex="1" type="P" statut='fleuve' age='A' stat_amour='néant'>JOURDAIN</role>.</castItem>
			<castItem><role id="PIERROT" sex="1" type="H" statut='paysan' age='A' stat_amour='néant'>PIERROT</role>.</castItem>
			<castItem><role id="CHARLOTTE" sex="2" type="H" statut='paysan' age='A' stat_amour='néant'>CHARLOTTE</role>.</castItem>
			<castItem><role id="GUSMAN" sex="1" type="H" statut="valet" age='A' stat_amour='néant'>GUSMAN</role>, valet de Don Juan.</castItem>
			<castItem><role id="LE JUGE" sex="1" type="H" statut='paysan' age='A' stat_amour='néant'>LE JUGE</role>, père de Charlotte.</castItem>
			<castItem><role id="DON JUAN" sex="1" type="H" statut='aristocrate' age='A' stat_amour='néant'>DON JUAN</role>.</castItem>
			<castItem><role id="MONSIEUR DIMANCHE" sex="1" type="H" statut='financier' age='A' stat_amour='néant'>MONSIEUR DIMANCHE</role>.</castItem>
			<castItem><role id="SILVESTRE" sex="1" type="H" statut="valet" age='A' stat_amour='néant'>SILVESTRE</role>.</castItem>
		</castList>
	<set location="En province" country='France' periode='XVIIème' gps="(N/A)"></set>
	</front>
<body>
<div1 type="act" n='1'><head>ACTE I</head>
<div2 type="scene" n='1'><head>SCÈNE I. Jourdain, Lignon.</head>
<sp who='LIGNON'><speaker>LIGNON.</speaker>
<p id='1'>
	<s id='1'>Ô Amour, que tu agites mon esprit de diverses inquiétudes !</s>
</p>
</sp>
<sp who='JOURDAIN'><speaker>JOURDAIN.</speaker>
<p id='2'>
	<s id='1'>Charlote, Belle Charlote !</s>
</p>
</sp>
<sp who='LIGNON'><speaker>LIGNON.</speaker>
<p id='3'>
	<s id='1'>Pourquoi, cruel Amour...</s>
</p>
</sp>
<sp who='JOURDAIN'><speaker>JOURDAIN.</speaker>
<p id='4'>
	<s id='1'>Si l'ardeur de la flamme...</s>
</p>
</sp>
<sp who='LIGNON'><speaker>LIGNON.</speaker>
<p id='5'>
	<s id='1'>Faut-il que tu mettes la joie...</s>
</p>
</sp>
<sp who='JOURDAIN'><speaker>JOURDAIN.</speaker>
<p id='6'>
	<s id='1'>Que tes beaux yeux par leurs lumières...</s>
</p>
</sp>
<sp who='LIGNON'><speaker>LIGNON.</speaker>
<p id='7'>
	<s id='1'>À tourmenter les coeurs...</s>
</p>
</sp>
<sp who='JOURDAIN'><speaker>JOURDAIN.</speaker>
<p id='8'>
	<s id='1'>Ont jeté dans mon âme...</s>
</p>
</sp>
<sp who='LIGNON'><speaker>LIGNON.</speaker>
<p id='9'>
	<s id='1'>Que tu soumets à ton empire...</s>
</p>
</sp>
<sp who='JOURDAIN'><speaker>JOURDAIN.</speaker>
<p id='10'>
	<s id='1'>Peut être assez heureuse...</s>
</p>
</sp>
<sp who='LIGNON'><speaker>LIGNON.</speaker>
<p id='11'>
	<s id='1'>Si...</s>
</p>
</sp>
<sp who='JOURDAIN'><speaker>JOURDAIN.</speaker>
<p id='12'>
	<s id='1'>Pour...</s>
</p>
</sp>
<sp who='LIGNON'><speaker>LIGNON.</speaker>
<p id='13'>
	<s id='1'>Si tu veux montrer ton pouvoir...</s>
</p>
</sp>
<sp who='JOURDAIN'><speaker>JOURDAIN.</speaker>
<p id='14'>
	<s id='1'>Pour obtenir de tes bontés...</s>
</p>
</sp>
<sp who='LIGNON'><speaker>LIGNON.</speaker>
<p id='15'>
	<s id='1'>En nous forçant d'aimer...</s>
</p>
</sp>
<sp who='JOURDAIN'><speaker>JOURDAIN.</speaker>
<p id='16'>
	<s id='1'>Le bonheur où j'aspire...</s>
</p>
</sp>
<sp who='LIGNON'><speaker>LIGNON.</speaker>
<p id='17'>
	<s id='1'>Pourquoi ne fais-tu pas...</s>
</p>
</sp>
<sp who='JOURDAIN'><speaker>JOURDAIN.</speaker>
<p id='18'>
	<s id='1'>Les plus heureuses destinées...</s>
</p>
</sp>
<sp who='LIGNON'><speaker>LIGNON.</speaker>
<p id='19'>
	<s id='1'>Qu'on aime avec plaisir...</s>
</p>
</sp>
<sp who='JOURDAIN'><speaker>JOURDAIN.</speaker>
<p id='20'>
	<s id='1'>N'égaleront point ma fortune...</s>
</p>
</sp>
<sp who='LIGNON'><speaker>LIGNON.</speaker>
<p id='21'>
	<s id='1'>Et par quelle....</s>
</p>
</sp>
<sp who='JOURDAIN'><speaker>JOURDAIN.</speaker>
<p id='22'>
	<s id='1'>Mais si toute....</s>
</p>
</sp>
<sp who='LIGNON'><speaker>LIGNON.</speaker>
<p id='23'>
	<s id='1'>Et par quelle raison, dis-moi...</s>
</p>
</sp>
<sp who='JOURDAIN'><speaker>JOURDAIN.</speaker>
<p id='24'>
	<s id='1'>Mais si toute mon ardeur...</s>
</p>
</sp>
<sp who='LIGNON'><speaker>LIGNON.</speaker>
<p id='25'>
	<s id='1'>Veux-tu que tes moindres plaisirs...</s>
</p>
</sp>
<sp who='JOURDAIN'><speaker>JOURDAIN.</speaker>
<p id='26'>
	<s id='1'>Tous mes soins et tous mes respects...</s>
</p>
</sp>
<sp who='LIGNON'><speaker>LIGNON.</speaker>
<p id='27'>
	<s id='1'>Soient achetés de tant de peines...</s>
</p>
</sp>
<sp who='JOURDAIN'><speaker>JOURDAIN.</speaker>
<p id='28'>
	<s id='1'>Ne peuvent te fléchir...</s>
</p>
</sp>
<sp who='LIGNON'><speaker>LIGNON.</speaker>
<p id='29'>
	<s id='1'>Que les douc.....</s>
</p>
</sp>
<sp who='JOURDAIN'><speaker>JOURDAIN.</speaker>
<p id='30'>
	<s id='1'>Ôte-toi de là, ne vois-tu pas bien que tu m'interromps ?</s>
</p>
</sp>
<sp who='LIGNON'><speaker>LIGNON.</speaker>
<p id='31'>
	<s id='1'>Je vois que tu m'interromps de même.</s>
</p>
</sp>
<sp who='JOURDAIN'><speaker>JOURDAIN.</speaker>
<p id='32'>
	<s id='1'>Oui ; mais je suis un amant qui a besoin de cette place pour soupirer.</s>
</p>
</sp>
<sp who='LIGNON'><speaker>LIGNON.</speaker>
<p id='33'>
	<s id='1'>Je suis aussi un amant qui a affaire de ce lieu-ci pour rêver à mon amour.</s>
</p>
</sp>
<sp who='JOURDAIN'><speaker>JOURDAIN.</speaker>
<p id='34'>
	<s id='1'>Vous êtes amant ?</s>
</p>
</sp>
<sp who='LIGNON'><speaker>LIGNON.</speaker>
<p id='35'>
	<s id='1'>Oui.</s>
</p>
</sp>
<sp who='JOURDAIN'><speaker>JOURDAIN.</speaker>
<p id='36'>
	<s id='1'>Peut-on vous demander, Pasteur, qui est la bergère que vous aimez ?</s>
</p>
</sp>
<sp who='LIGNON'><speaker>LIGNON.</speaker>
<p id='37'>
	<s id='1'>Hélas ! </s>
	<s id='2'>Pasteur, la personne la plus aimable qui soit en ce pays.</s>
</p>
</sp>
<sp who='JOURDAIN'><speaker>JOURDAIN.</speaker>
<p id='38'>
	<s id='1'>Vous l'appelez ?</s>
</p>
</sp>
<sp who='LIGNON'><speaker>LIGNON.</speaker>
<p id='39'>
	<s id='1'>La nymphe Charlotte.</s>
</p>
</sp>
<sp who='JOURDAIN'><speaker>JOURDAIN.</speaker>
<p id='40'>
	<s id='1'>Eh ?</s>
</p>
</sp>
<sp who='LIGNON'><speaker>LIGNON.</speaker>
<p id='41'>
	<s id='1'>Comment ?</s>
</p>
</sp>
<sp who='JOURDAIN'><speaker>JOURDAIN.</speaker>
<p id='42'>
	<s id='1'>Vous vous moquez.</s>
</p>
</sp>
<sp who='LIGNON'><speaker>LIGNON.</speaker>
<p id='43'>
	<s id='1'>Moi !</s>
</p>
</sp>
<sp who='JOURDAIN'><speaker>JOURDAIN.</speaker>
<p id='44'>
	<s id='1'>Oui.</s>
</p>
</sp>
<sp who='LIGNON'><speaker>LIGNON.</speaker>
<p id='45'>
	<s id='1'>Plût au Ciel que je me moquasse, et que cela ne fut point vrai !</s>
</p>
</sp>
<sp who='JOURDAIN'><speaker>JOURDAIN.</speaker>
<p id='46'>
	<s id='1'>Vous aimez la nymphe Charlote, fille du notaire du village ?</s>
</p>
</sp>
<sp who='LIGNON'><speaker>LIGNON.</speaker>
<p id='47'>
	<s id='1'>Fille du juge du village.</s>
</p>
</sp>
<sp who='JOURDAIN'><speaker>JOURDAIN.</speaker>
<p id='48'>
	<s id='1'>Promise au marinier Pierrot ?</s>
</p>
</sp>
<sp who='LIGNON'><speaker>LIGNON.</speaker>
<p id='49'>
	<s id='1'>Au Marinier Pierrot.</s>
</p>
</sp>
<sp who='JOURDAIN'><speaker>JOURDAIN.</speaker>
<p id='50'>
	<s id='1'>Ah !</s>
</p>
</sp>
<sp who='LIGNON'><speaker>LIGNON.</speaker>
<p id='51'>
	<s id='1'>Quoi ?</s>
</p>
</sp>
<sp who='JOURDAIN'><speaker>JOURDAIN.</speaker>
<p id='52'>
	<s id='1'>Je l'aime aussi.</s>
</p>
</sp>
<sp who='LIGNON'><speaker>LIGNON.</speaker>
<p id='53'>
	<s id='1'>Vous l'aimez aussi, Pasteur ?</s>
</p>
</sp>
<sp who='JOURDAIN'><speaker>JOURDAIN.</speaker>
<p id='54'>
	<s id='1'>Oui, Pasteur ; mais puis-je savoir le nom de mon rival ?</s>
</p>
</sp>
<sp who='LIGNON'><speaker>LIGNON.</speaker>
<note type="L">Lignon : Rivière du Forez en France rendu célèbre par Honoré d'Urfé, dans sa pastorale L'Astrée.</note>

<p id='55'>
	<s id='1'>Je m'appelle Lignon.</s>
</p>
</sp>
<sp who='JOURDAIN'><speaker>JOURDAIN.</speaker>
<note type="L">Jourdain : Fleuve de Palestine.</note>
<p id='56'>
	<s id='1'>Et moi, Pasteur, je m'appelle Jourdain.</s>
</p>
</sp>
<sp who='LIGNON'><speaker>LIGNON.</speaker>
<p id='57'>
	<s id='1'>Hélas ! </s>
	<s id='2'>Faut-il que deux fleuves soient réduits à se couper la gorge ensemble ?</s>
</p>
</sp>
<sp who='JOURDAIN'><speaker>JOURDAIN.</speaker>
<p id='58'>
	<s id='1'>Et pourquoi cela ?</s>
</p>
</sp>
<sp who='LIGNON'><speaker>LIGNON.</speaker>
<p id='59'>
	<s id='1'>Pour voir qui de nous deux demeurera son amant.</s>
</p>
</sp>
<sp who='JOURDAIN'><speaker>JOURDAIN.</speaker>
<p id='60'>
	<s id='1'>Il y a des remèdes plus humains que cela, si nous voulons nous en servir.</s>
</p>
</sp>
<sp who='LIGNON'><speaker>LIGNON.</speaker>
<p id='61'>
	<s id='1'>Et quels ?</s>
</p>
</sp>
<sp who='JOURDAIN'><speaker>JOURDAIN.</speaker>
<p id='62'>
	<s id='1'>Oui, avez-vous déclaré votre amour ?</s>
</p>
</sp>
<sp who='LIGNON'><speaker>LIGNON.</speaker>
<p id='63'>
	<s id='1'>Non.</s>
</p>
</sp>
<sp who='JOURDAIN'><speaker>JOURDAIN.</speaker>
<p id='64'>
	<s id='1'>Allons chercher ce rare Objet, pour le prier de choisir de nous deux ; et celui qui sera refusé, pourra se pendre après, s'il le veut.</s>
</p>
</sp>
<sp who='LIGNON'><speaker>LIGNON.</speaker>
<p id='65'>
	<s id='1'>Je consens à cela. Mais la voici.</s>
</p>
</sp>
</div2>
<div2 type="scene" n='2'><head>SCÈNE II. Lignon, Jourdain, Charlotte.</head>
<sp who='JOURDAIN'><speaker>JOURDAIN.</speaker>
<p id='1'>
	<s id='1'>Belle Nymphe, vous voyez ici deux Fleuves tous deux amoureux de vous.</s>
</p>
</sp>
<sp who='LIGNON'><speaker>LIGNON.</speaker>
<p id='2'>
	<s id='1'>Oui, nous sommes deux pauvres amants nécessiteux, qui viennent à votre porte vous demander l'aumône de vos bonnes grâces.</s>
</p>
</sp>
<sp who='JOURDAIN'><speaker>JOURDAIN.</speaker>
<p id='3'>
	<s id='1'>Nous venons mettre entre vos mains notre différent amoureux.</s>
</p>
</sp>
<sp who='LIGNON'><speaker>LIGNON.</speaker>
<p id='4'>
	<s id='1'>Vous pouvez regarder, Bergère, qui de moi ou de lui vous voulez accepter.</s>
</p>
</sp>
<sp who='CHARLOTTE'><speaker>CHARLOTTE.</speaker>
<note type="L">Chaloupe : petit bâtiment de mer destiné au service des grands vaisseaux, sur lequel on fait aussi de petites traversées. [F]</note>
<p id='5'>
	<s id='1'>N'avez-vous point vu Pierrot ? </s>
	<s id='2'>Je ne sais où il est depuis ce matin qu'il s'est mis en mer avec la chaloupe.</s>
</p>
</sp>
<sp who='JOURDAIN'><speaker>JOURDAIN.</speaker>
<p id='6'>
	<s id='1'>Ah, trois et quatre fois belle et trop belle beauté, nous n'avons rien vu ici que le mérite des perfections de vos avantages.</s>
</p>
</sp>
<sp who='LIGNON'><speaker>LIGNON.</speaker>
<p id='7'>
	<s id='1'>Cela est vrai, belle Nymphe.</s>
</p>
</sp>
<sp who='CHARLOTTE'><speaker>CHARLOTTE.</speaker>
<p id='8'>
	<s id='1'>Pierre ne veut point que j'entende tout cela, et il m'a dit qu'il battra tous ceux qui m'en parleront.</s>
</p>
</sp>
<sp who='JOURDAIN'><speaker>JOURDAIN.</speaker>
<p id='9'>
	<s id='1'>Cela serait bien cruel, belle Nymphe, que nous fussions battus pour vos beaux yeux.</s>
</p>
</sp>
<sp who='LIGNON'><speaker>LIGNON.</speaker>
<p id='10'>
	<s id='1'>Cela est vrai, belle Nymphe.</s>
</p>
</sp>
<sp who='JOURDAIN'><speaker>JOURDAIN.</speaker>
<p id='11'>
	<s id='1'>Pasteur, pour ne point faire de jalousie entre nous, baisons-lui chacun une main.</s>
</p>
</sp>
<sp who='CHARLOTTE'><speaker>CHARLOTTE.</speaker>
<note type="L">Soufflet : est aussi un coup donné à plat ou du revers de la main sur la joue. [F]</note>
<p id='12'>
	<s id='1'>Pour ne point faire de jalousie entre vous, voilà chacun un soufflet.</s>
</p>
</sp>
<sp who='LIGNON'><speaker>LIGNON.</speaker>
<p id='13'>
	<s id='1'>Ah, Bergère, le Ciel vous a-t-il faite si charmante pour être si cruelle ?</s>
</p>
</sp>
<sp who='JOURDAIN'><speaker>JOURDAIN.</speaker>
<p id='14'>
	<s id='1'>Ah, mon pauvre Lignon !</s>
</p>
</sp>
<sp who='LIGNON'><speaker>LIGNON.</speaker>
<p id='15'>
	<s id='1'>Ah, mon pauvre Jourdain !</s>
</p>
</sp>
<sp who='JOURDAIN'><speaker>JOURDAIN.</speaker>
<p id='16'>
	<s id='1'>Pauvres Fleuves méprisés !</s>
</p>
</sp>
<sp who='LIGNON'><speaker>LIGNON.</speaker>
<p id='17'>
	<s id='1'>Il se faut pendre après cela.</s>
</p>
</sp>
<sp who='JOURDAIN'><speaker>JOURDAIN.</speaker>
<p id='18'>
	<s id='1'>Tu as raison, mon pauvre Fleuve, viens que je te pende le premier, et tu me pendras après.</s>
</p>
</sp>
<sp who='LIGNON'><speaker>LIGNON.</speaker>
<p id='19'>
	<s id='1'>Non, ne nous pendons point. </s>
	<s id='2'>Je trouve que pour notre disgrâce ce n'est pas assez de se pendre.</s>
</p>
</sp>
<sp who='JOURDAIN'><speaker>JOURDAIN.</speaker>
<p id='20'>
	<s id='1'>Ah ! </s>
	<s id='2'>Voici notre rival ; retirons-nous, Pasteur, de peur de quelques démêlés.</s>
</p>
</sp>
<sp who='LIGNON'><speaker>LIGNON.</speaker>
<p id='21'>
	<s id='1'>Cela est vrai, Pasteur.</s>
</p>	
</sp>
</div2>
<div2 type="scene" n='3'><head>SCÈNE III. Charlotte, Pierrot.</head>
<sp who='CHARLOTTE'><speaker>CHARLOTTE.</speaker>
<note type="C">Voir Don Juan de Molière, acte II, scène 1.</note>
<p id='1'>
	<s id='1'>Pargué, Pierrot, tu t'es donc trouvé là bien à point ?</s>
</p>
</sp>
<sp who='PIERROT'><speaker>PIERROT.</speaker>
<p id='2'>
	<s id='1'>Parguenne il ne s'en est pas fallu l'époisseur d'une éplingue qu'ils ne se sayent nayez tous deux.</s>
</p>
</sp>
<sp who='CHARLOTTE'><speaker>CHARLOTTE.</speaker>
<p id='3'>
	<s id='1'>C'est donc le coup de vent da matin qui les a renvarsez dans la mar.</s>
</p>
</sp>
<sp who='PIERROT'><speaker>PIERROT.</speaker>
<note type="L">Trépassement d'un chat : On dit en burlesque et populairement : il a assisté au trépassement d'un chat, il voit trouble. [F]</note>
<note tyep="L">Batifoler : terme populaire qui se dit de ceux qui s'amusent à se jouer, et à badiner des uns avec les autres, particulièrement des paysans et paysannes. [F]</note>
<p id='4'>
	<s id='1'>Aga quien, Charlotte, je m'en vas te conter tout fin droit comme cela est venu. </s>
	<s id='2'>Car, comme dit l'autre, je les ai le premier avisés, avisés le premier je les ai : enfin j'esquions sur le bord de la mar moi et le gros Lucas, et je nous amusions à batifoler avec des mottes de tarre, que je nous jequions à la tête ; car, comme tu sais bian, le gros Lucas aime à batifoler, et moi par foüas je batifole itou ; en batifolant donc, pisque batifoler y a, j'ay aperceu de tout loin queuque chose qui grouillait dans liau, et qui venait comme envars nous par secousse. </s>
	<s id='3'>Je voyais ça fixiblement, et pis tout d'un coup je voyais que je ne voyais plus rian. </s>
	<s id='4'>Ah Lucas, çay-je fait, je pense que vla des hommes qui nageant là-bas. </s>
	<s id='5'>Voire, ce m'a-til fait, t'as esté au trépassement d'un chat, tas la vue trouble. </s>
	<s id='6'>Palsanguenne, çay-je fait, je n'ay point la veüe trouble, ce sont des hommes ; point du tout, ce m'a-t-il fait, tas la barluë ; veux-tu gager, çay-je fait, que je n'ai point la barluë, çay-je fait, et que se sont deux hommes, çay-je fait, qui nageant droit icy ? </s>
	<s id='7'>çay-je fait ; morguienne, ce m'a-t-il fait, je gage que non ; oça, çay-je fait, veux-tu gager dix sols que si ? </s>
	<s id='8'>Je le veux bian, ce m'a-t-il fait, et pour te montrer, vela argent sur jeu, ce m'a-t-il fait ; moy je n'ay esté ny fou ny étourdy, j'ai bravement bouté à tarre quatre pieces tapées, et cinq sols en double, jarniguenne aussi hardiment que si j'avois avalé un varre de vin ; car je sis hazardeux, moy, et je vas à la débandade, je sçavas bien ce que je faisais pourtant, queuque gniais. </s>
	<s id='9'>Enfin donc je n'avons pas pû tost eu gagé, que j'avons veu les deux hommes tout à plein qui nous faisians signe de les aller querir, et moy de tirer auparavant les enjeux. </s>
	<s id='10'>Allons Lucas, çay-je dit, tu vois bien qu'ils nous appellons, allons viste à leur secours. </s>
	<s id='11'>Non, ce m'a-t-il dit, ils m'ont fait pardre, adonc tant y a qu'à la parfin, pour faire court, je l'ay tant sarmonné que je nous sommes bouté dans une barque, et pis j'avons tant fait cahin-caha, que je les avons tiré de liau, et pis je les avons mené cheu nous auprés du feu, et pis ils se sont dépouillez tout nus pour se sécher, et pis il en est venu encore deux de la mesme bande, qui s'estians sauvez tous seuls. </s>
	<s id='12'>Vela justement, Charlote, comme tout ça s'est fait.</s>
</p>
</sp>
<sp who='CHARLOTTE'><speaker>CHARLOTTE.</speaker>
<p id='5'>
	<s id='1'>Il y en a donc un, Pierrot, mieux fait que les autres.</s>
</p>
</sp>
<sp who='PIERROT'><speaker>PIERROT.</speaker>
<p id='6'>
	<s id='1'>Oui, c'est le Maître. </s>
	<s id='2'>Il faut que ce soit queuque gros Monsieu ; car il a du dor à son habit, tout depis le haut jusqu'en bas, et ceux qui le servons sont des Monsieux eux-mesmes, et stanpandant tout gros Monsieu qu'il est, il se seroit ma figue noyé, si je n'avieme esté là.</s>
</p>
</sp>
<sp who='CHARLOTTE'><speaker>CHARLOTTE.</speaker>
<p id='7'>
	<s id='1'>Ardez un peu.</s>
</p>
</sp>
<sp who='PIERROT'><speaker>PIERROT.</speaker>
<p id='8'>
	<s id='1'>Oh, parguenne sans nous il en avoit pour sa mene de feuve.</s>
</p>
</sp>
<sp who='CHARLOTTE'><speaker>CHARLOTTE.</speaker>
<p id='9'>
	<s id='1'>Est-ce qu'il est encore tout nu, Pierrot ?</s>
</p>
</sp>
<sp who='PIERROT'><speaker>PIERROT.</speaker>
<p id='10'>
	<s id='1'>Nanain, ils l'avon r'habillé devant nou. </s>
	<s id='2'>Mon Dieu, je n'en avois jamais veu s'habiller, que d'histoire et d'angins gorniaux ils boutons, ces Messieus-là : je me pardrais là-dedans, pour moy, et j'estois tout ébauby de voir ça : tiens Charlote, ils avons des cheveux qui ne tenans point à leurs testes, et ils boutons ça aprés tout, comme un gros bonnet de filace. </s>
	<s id='3'>Ils ant des chemises qui ant des manches où j'entrerien tout brandy toy et moy. </s>
	<s id='4'>En lieu d'audechausse ils portons un garderobe aussi large que d'icy à Pasques. </s>
	<s id='5'>En lieu de pourpoint, de petites brassieres qui ne leur venons pas jusqu'au brichet, et en lieu de rabat, un grand mouchoir de cou à risiau, avec quatre grosses houpes de linge qui leur pendon sur l'estomac. </s>
	<s id='6'>Ils avon itou d'autres petits rabats au bout des bras, et parmi tout ça tant de ribans que c'est grande piquié. </s>
	<s id='7'>Il n'y a pas jusqu'aux souliez qui n'en soiont tous farcy, tout depuis un bout jusqu'à l'autre ; et ils sont faits d'une façon que je me romprois le cou aveuc.</s>
</p>
</sp>
<sp who='CHARLOTTE'><speaker>CHARLOTTE.</speaker>
<p id='11'>
	<s id='1'>Il faut que j'aille voir un peu ça.</s>
</p>
</sp>
<sp who='PIERROT'><speaker>PIERROT.</speaker>
<p id='12'>
	<s id='1'>Oh, écoute un peu auparavant, Charlote, j'ay queuque chose à te dire, moy.</s>
</p>
</sp>
<sp who='CHARLOTTE'><speaker>CHARLOTTE.</speaker>
<p id='13'>
	<s id='1'>Qu'est-ce que c'est ?</s>
</p>
</sp>
<sp who='PIERROT'><speaker>PIERROT.</speaker>
<note type="L">Débonder : lâcher ou ôter le bonde d'un étang. Se dit figurémment en choses morales. [F] syn. vider. </note>
<p id='14'>
	<s id='1'>Vois-tu Charlote, il faut, comme dit l'autre, que je debonde mon coeur, je t'aime, tu le sçais bian, et je somme pour estre mariez ensemble ; mais mordienne je ne suis point satisfait de toy.</s>
</p>
</sp>
<sp who='CHARLOTTE'><speaker>CHARLOTTE.</speaker>
<p id='15'>
	<s id='1'>Qu'est-ce donc qu'il y a ?</s>
</p>
</sp>
<sp who='PIERROT'><speaker>PIERROT.</speaker>
<p id='16'>
	<s id='1'>Il y a que tu me chagrines l'esprit, franchement.</s>
</p>
</sp>
<sp who='CHARLOTTE'><speaker>CHARLOTTE.</speaker>
<p id='17'>
	<s id='1'>Comment donc ?</s>
</p>
</sp>
<sp who='PIERROT'><speaker>PIERROT.</speaker>
<p id='18'>
	<s id='1'>Testedienne, tu ne m'aimes point.</s>
</p>
</sp>
<sp who='CHARLOTTE'><speaker>CHARLOTTE.</speaker>
<p id='19'>
	<s id='1'>N'est-ce que ça ?</s>
</p>
</sp>
<sp who='PIERROT'><speaker>PIERROT.</speaker>
<p id='20'>
	<s id='1'>Oui ce n'est que ça, et c'est bian assez.</s>
</p>
</sp>
<sp who='CHARLOTTE'><speaker>CHARLOTTE.</speaker>
<p id='21'>
	<s id='1'>Mais tu me dis toujours la même chose.</s>
</p>
</sp>
<sp who='PIERROT'><speaker>PIERROT.</speaker>
<p id='22'>
	<s id='1'>Je te dis toujours la même chose, parce que c'est toujours la même chose, et si ce n'était pas toujours la même chose, je ne te dirais pas toujours la même chose.</s>
</p>
</sp>
<sp who='CHARLOTTE'><speaker>CHARLOTTE.</speaker>
<p id='23'>
	<s id='1'>Que veux-tu ?</s>
</p>
</sp>
<sp who='PIERROT'><speaker>PIERROT.</speaker>
<p id='24'>
	<s id='1'>Jernidienne je veux que tu m'aimes.</s>
</p>
</sp>
<sp who='CHARLOTTE'><speaker>CHARLOTTE.</speaker>
<p id='25'>
	<s id='1'>Est-ce que je ne t'aime pas ?</s>
</p>
</sp>
<sp who='PIERROT'><speaker>PIERROT.</speaker>
<note type="L">Vielleux : joueur de vielle.</note>
<p id='16'>
	<s id='1'>Non, tu ne m'aimes pas ; et si je fais tout ce que je pis pour ça. Je t'achète sans reproche des ribans à tous les maciez qui passon. </s>
	<s id='2'>Je me romps le cou à t'aller dénicher des marles. </s>
	<s id='3'>Je fais jouer pour toi les vielleux quand se vient ta fête, et tout ça comme si je me frappais la tête contre un mur. </s>
	<s id='4'>Vois-tu, ça n'est ni bian ni honnête de n'aimer pas les gens qui nous aimons.</s>
</p>
</sp>
<sp who='CHARLOTTE'><speaker>CHARLOTTE.</speaker>
<p id='17'>
	<s id='1'>Mais je t'aime aussi.</s>
</p>
</sp>
<sp who='PIERROT'><speaker>PIERROT.</speaker>
<note type="L">Dégaine : manière.</note>
<p id='18'>
	<s id='1'>Oui, tu m'aimes d'une belle dégaine.</s>
</p>
</sp>
<sp who='CHARLOTTE'><speaker>CHARLOTTE.</speaker>
<p id='19'>
	<s id='1'>Qu'est-ce que tu veux qu'on fasse ?</s>
</p>
</sp>
<sp who='PIERROT'><speaker>PIERROT.</speaker>
<p id='20'>
	<s id='1'>Je veux que l'on fasse comme on fait quand on aime comme il faut.</s>
</p>
</sp>
<sp who='CHARLOTTE'><speaker>CHARLOTTE.</speaker>
<p id='21'>
	<s id='1'>Mais je t'aime comme il faut.</s>
</p>
</sp>
<sp who='PIERROT'><speaker>PIERROT.</speaker>
<p id='22'>
	<s id='1'>Non, quand ça est ça se voit, et l'an fait mille petites singeries, quand on les aime du bon du coeur. </s>
	<s id='2'>Regarde la grosse Thomase, comme elle est assotée du jeune Robain, alle est toujours entour de lui à l'agacer, et ne le laisse jamais en repos, toujours alle lui fait queuque niche, ou ly baille quelque taloche en passant ; et l'autre jour qu'il était assis sur un escabeau alle fut le tirer de dessous ly, et le fit choir de tout son long par tarre. </s>
	<s id='3'>Jarny vela où on voit les gens qui aimon ; mais toy tu ne me dis jamais mot ; tés toujours là comme une vrai souche de bois, et je passerois vingt fois devant toi que tu ne te grouillerois pas pour me bailler le moindre coup, ou me dire la moindre chose. Ventredienne ça n'est pas bian après tout, et tés trop froide pour les gens.</s>
</p>
</sp>
<sp who='CHARLOTTE'><speaker>CHARLOTTE.</speaker>
<p id='23'>
	<s id='1'>Dame, c'est mon hymeur, on ne peut pas me refondre.</s>
</p>
</sp>
<sp who='PIERROT'><speaker>PIERROT.</speaker>
<p id='24'>
	<s id='1'>Il n'y a hymeur qui tienne, quand l'an a de l'amitié pour les parsonnes, on en donne toûjours queuque petite signifiance.</s>
</p>
</sp>
<sp who='CHARLOTTE'><speaker>CHARLOTTE.</speaker>
<p id='25'>
	<s id='1'>Hé bien, laisse-moy en repos, et vas en chercher quelque autre.</s>
</p>
</sp>
<sp who='PIERROT'><speaker>PIERROT.</speaker>
<p id='26'>
	<s id='1'>Hé bian, vela pas mon conte ; testigué si tu m'aimais me dirais-tu ça ?</s>
</p>
</sp>
<sp who='CHARLOTTE'><speaker>CHARLOTTE.</speaker>
<p id='27'>
	<s id='1'>Qu'est-ce que tu viens aussi me tarabuster l'esprit ?</s>
</p>
</sp>
<sp who='PIERROT'><speaker>PIERROT.</speaker>
<p id='28'>
	<s id='1'>Morgué, queu mal te fais-je ? </s>
	<s id='2'>Je ne te demande qu'un peu plus d'amiquié.</s>
</p>
</sp>
<sp who='CHARLOTTE'><speaker>CHARLOTTE.</speaker>
<p id='29'>
	<s id='1'>Eh bien va, ça viendra sans y songer.</s>
</p>
</sp>
<sp who='PIERROT'><speaker>PIERROT.</speaker>
<p id='30'>
	<s id='1'>Touche donc là, Charlote.</s>
</p>
</sp>
<sp who='CHARLOTTE'><speaker>CHARLOTTE.</speaker>
<p id='31'>
	<s id='1'>Eh bien, tiens.</s>
</p>
</sp>
<sp who='PIERROT'><speaker>PIERROT.</speaker>
<p id='32'>
	<s id='1'>Promets-moi que tu tâcheras de m'aimer d'avantage.</s>
</p>
</sp>
<sp who='CHARLOTTE'><speaker>CHARLOTTE.</speaker>
<p id='33'>
	<s id='1'>Hé, Pierrot, est-ce là ce Monsieur ?</s>
</p>
</sp>
<sp who='PIERROT'><speaker>PIERROT.</speaker>
<p id='34'>
	<s id='1'>Oui, le vela.</s>
</p>
</sp>
<sp who='CHARLOTTE'><speaker>CHARLOTTE.</speaker>
<p id='35'>
	<s id='1'>Hélas, c'eut été dommage qu'il eut été noyé.</s>
</p>
</sp>
<sp who='PIERROT'><speaker>PIERROT.</speaker>
<note type="L">Chopine : petite mesure de liqueur qui contient la moitié d'une pinte. [F]</note>
<p id='36'>
	<s id='1'>Je revian toute à l'heure, je m'en vais boire chopine, pour me rebouter tant soit peu de la fatigue que j'ai eue.</s>
</p>
</sp>
</div2>
<div2 type="scene" n='4'><head>SCÈNE IV. Don Juan, Gusman, Charlotte.</head>
<sp who='GUSMAN'><speaker>GUSMAN.</speaker>
<p id='1'>
	<s id='1'>Par ma foi il semble que nous n'ayons jamais bu que du vin, et nous voila aussi bien remis que si de rien n'avait été ; mais, Monsieur, dites-moi un peu, s'il vous plaist, tous ces voeux que nous avons faits avec tant d'ardeur dans le péril sur la Mer, seront-ils exécutés avec la même ?</s>
</p>
</sp>
<sp who='DON-JUAN'><speaker>DON JUAN.</speaker>
<p id='2'>
	<s id='1'>Tais-toi. </s>
	<s id='2'>Ah ! </s>
	<s id='2'>La jolie personne, Gusman.</s>
</p>
</sp>
<sp who='GUSMAN'><speaker>GUSMAN.</speaker>
<note type="L">Tendron : La partie fort tendre de quelque chose. Se dit figurément et burlesquement, de filles au dessous de vingt ans. [F]</note>
<p id='3'>
	<s id='1'>La peste, le joli tendron !</s>
</p>
</sp>
<sp who='DON-JUAN'><speaker>DON JUAN.</speaker>
<p id='4'>
	<s id='1'>Il faut l'aborder. </s>
	<s id='2'>Comment ma belle, un lieu si sauvage peut produire une personne comme vous ? </s>
	<s id='3'>Ah, vous n'êtes point faite pour habiter les déserts. </s>
	<s id='4'>Regarde, Gusman, qu'elle est bien prise.</s>
</p>
</sp>
<sp who='GUSMAN'><speaker>GUSMAN.</speaker>
<p id='5'>
	<s id='1'>Et vous aussi.</s>
</p>
</sp>
<sp who='DON-JUAN'><speaker>DON JUAN.</speaker>
<p id='6'>
	<s id='1'>Est-ce que vous voudriez, ma belle, demeurer toute votre vie dans un lieu pauvre et inhabité comme celui-ci ?</s>
</p>
</sp>
<sp who='CHARLOTTE'><speaker>CHARLOTTE.</speaker>
<p id='7'>
	<s id='1'>Ho, Monsieur, il y a bien des filles et des garçons dans notre hameau.</s>
</p>
</sp>
<sp who='DON-JUAN'><speaker>DON JUAN.</speaker>
<p id='8'>
	<s id='1'>Il faut que vous quittiez une si triste demeure.</s>
</p>
</sp>
<sp who='CHARLOTTE'><speaker>CHARLOTTE.</speaker>
<p id='9'>
	<s id='1'>Ho, Monsieur, mon père me voulait marier au gros Lucas, mais ma mère n'a pas voulu, à cause qu'il me fallait aller demeurer à trois lieues d'ici avec lui.</s>
</p>
</sp>
<sp who='DON-JUAN'><speaker>DON JUAN.</speaker>
<p id='10'>
	<s id='1'>Sa simplicité me charme : et qui est-t-il votre père ?</s>
</p>
</sp>
<sp who='CHARLOTTE'><speaker>CHARLOTTE.</speaker>
<p id='11'>
	<s id='1'>Il est juge d'ici.</s>
</p>
</sp>
<sp who='DON-JUAN'><speaker>DON JUAN.</speaker>
<p id='12'>
	<s id='1'>Vous êtes fille assurément à votre âge.</s>
</p>
</sp>
<sp who='CHARLOTTE'><speaker>CHARLOTTE.</speaker>
<p id='13'>
	<s id='1'>On me va marier.</s>
</p>
</sp>
<sp who='DON-JUAN'><speaker>DON JUAN.</speaker>
<p id='14'>
	<s id='1'>Et à qui, ma belle ?</s>
</p>
</sp>
<sp who='CHARLOTTE'><speaker>CHARLOTTE.</speaker>
<p id='15'>
	<s id='1'>À Pierrot qui demeure auprés de cheux nous.</s>
</p>
</sp>
<sp who='DON-JUAN'><speaker>DON JUAN.</speaker>
<note type="L">Brave : signifie une personne bien vêtue. Les bourgeois ne sont braves que les fêtes et dimanches. [F]</note>
<p id='16'>
	<s id='1'>Quoi, Pierrot aura ce bonheur-là ? </s>
	<s id='2'>Pierrot possedera ce trésor ? </s>
	<s id='3'>Non, non, vous n'êtes point destinée pour Pierrot, un rustique, un vilain ; il vous faut un homme comme moi qui vous fasse brave, qui... </s>
	<s id='4'>Comment vous appellez-vous ?</s>
</p>
</sp>
<sp who='CHARLOTTE'><speaker>CHARLOTTE.</speaker>
<p id='17'>
	<s id='1'>Charlotte, Monsieur.</s>
</p>
</sp>
<sp who='DON-JUAN'><speaker>DON JUAN.</speaker>
<p id='18'>
	<s id='1'>Fi, il faut qu'on ne parle à vous qu'avec respect, et qu'on vous appelle Madame ; n'aimeriez-vous pas mieux être avec moi ? </s>
	<s id='2'>Car, belle Charlote, je vous aime passionnément.</s>
</p>
</sp>
<sp who='CHARLOTTE'><speaker>CHARLOTTE.</speaker>
<p id='19'>
	<s id='1'>Ô Monsieur, vous ne voudriez pas aimer une petite fille comme moi.</s>
</p>
</sp>
<sp who='GUSMAN'><speaker>GUSMAN.</speaker>
<p id='20'>
	<s id='1'>Si fait, si fait, je vous en réponds.</s>
</p>
</sp>
<sp who='CHARLOTTE'><speaker>CHARLOTTE.</speaker>
<p id='21'>
	<s id='1'>Mais, Monsieur, il faut demander à ma mère.</s>
</p>
</sp>
<sp who='GUSMAN'><speaker>GUSMAN.</speaker>
<p id='22'>
	<s id='1'>Il est homme d'ordre, et fera les choses dans les formes.</s>
</p>
</sp>
<sp who='CHARLOTTE'><speaker>CHARLOTTE.</speaker>
<p id='23'>
	<s id='1'>Et il ne faut pas que Pierrot le sache, car il se fâcherait.</s>
</p>
</sp>
<sp who='GUSMAN'><speaker>GUSMAN.</speaker>
<p id='24'>
	<s id='1'>Mon maître est secret.</s>
</p>
</sp>
<sp who='DON-JUAN'><speaker>DON JUAN.</speaker>
<p id='25'>
	<s id='1'>Pour moi je suis enchanté, quelle taille ! </s>
	<s id='2'>Tournez-vous un peu, elle est charmante.</s>
</p>
</sp>
<sp who='CHARLOTTE'><speaker>CHARLOTTE.</speaker>
<p id='26'>
	<s id='1'>Ô Monsieur, quand j'ai mes habits des Dimanches.</s>
</p>
</sp>
<sp who='DON-JUAN'><speaker>DON JUAN.</speaker>
<p id='27'>
	<s id='1'>Ah ! </s>
	<s id='2'>Les belles dents, montrez-les moi encore de grâce ; quel rang de perles, quelles mains, elles sont faites au tour ; quelle blancheur !</s>
</p>
</sp>
<sp who='CHARLOTTE'><speaker>CHARLOTTE.</speaker>
<p id='28'>
	<s id='1'>Ô Monsieur, si j'avais su ça, je les aurais lavées ce matin avec du son, elles seraient bien plus blanches.</s>
</p>
</sp>
<sp who='DON-JUAN'><speaker>DON JUAN.</speaker>
<p id='29'>
	<s id='1'>Ma belle enfant, souffrez qu'un baiser....</s>
</p>
</sp>
<sp who='CHARLOTTE'><speaker>CHARLOTTE.</speaker>
<p id='30'>
	<s id='1'>Ô Monsieur, ma mère m'a dit qu'il ne fallait pas baiser les hommes, je ne baise pas seulement Pierrot.</s>
</p>
</sp>
<sp who='DON-JUAN'><speaker>DON JUAN.</speaker>
<p id='31'>
	<s id='1'>Tant mieux, ma belle, tant mieux, abandonnez-moi seulement votre main ; je ne me sens pas de joie et rien n'égale le ravissement où je suis.</s>
</p>
</sp>
</div2>
<div2 type="scene" n='5'><head>SCÈNE V. Don Juan, Gusman, Pierrot, Charlotte.</head>
<sp who='PIERROT'><speaker>PIERROT.</speaker>
<note tyepe="L">Puresie : pleurésie.</note>
<p id='1'>
	<s id='1'>Tout doucement, Monsieur, tenez-vous, s'il vous plaît, vous vous échauffez trop, et vous pourriais gagner la puresie.</s>
</p>
</sp>
<sp who='DON-JUAN'><speaker>DON JUAN.</speaker>
<p id='2'>
	<s id='1'>Qui m'amène ici cet impertinent ?</s>
</p>
</sp>
<sp who='PIERROT'><speaker>PIERROT.</speaker>
<note type="L">Accordée : fiancée, personne avec qui on possède un accrod pour le mariage.</note>
<p id='3'>
	<s id='1'>Je vous dis qu'ou vous teniais, et que vous ne caressiais pas nos accordées.</s>
</p>
</sp>
<sp who='DON-JUAN'><speaker>DON JUAN.</speaker>
<p id='4'>
	<s id='1'>Ah ! </s>
	<s id='2'>Que de bruit.</s>
</p>
</sp>
<sp who='PIERROT'><speaker>PIERROT.</speaker>
<p id='5'>
	<s id='1'>Jernidienne, ce n'est pas comme ça qu'il faut pousser les gens.</s>
</p>
</sp>
<sp who='CHARLOTTE'><speaker>CHARLOTTE.</speaker>
<p id='6'>
	<s id='1'>Laisse-le faire aussi, Pierrot.</s>
</p>
</sp>
<sp who='PIERROT'><speaker>PIERROT.</speaker>
<p id='7'>
	<s id='1'>Comment, que je le laisse faire ; je ne veux pas, moi.</s>
</p>
</sp>
<sp who='DON-JUAN'><speaker>DON JUAN.</speaker>
<p id='8'>
	<s id='1'>Ah...</s>
</p>
</sp>
<sp who='PIERROT'><speaker>PIERROT.</speaker>
<p id='9'>
	<s id='1'>Testedienne, parce que vous êtes Monsieur, vous viendrez caresser nos femmes à notte barbe ? </s>
	<s id='3'>Allez-vous en caresser les vôtres.</s>
</p>
</sp>
<sp who='DON-JUAN'><speaker>DON JUAN.</speaker>
<p id='10'>
	<s id='1'>Hen.</s>
</p>
</sp>
<sp who='PIERROT'><speaker>PIERROT.</speaker>
<p id='11'>
	<s id='1'>Hen ? </s>
	<s id='2'>Tastigué ne me frappez pas. </s>
	<s id='3'>Oh, jarnigué, ventregué, palsangué, mordienne, ça n'est pas bien de battre les gens, et ce n'est pas là la récompense de vous avoir sauvé d'être noyé.</s>
</p>
</sp>
<sp who='CHARLOTTE'><speaker>CHARLOTTE.</speaker>
<p id='12'>
	<s id='1'>Pierrot, ne te fâche point.</s>
</p>
</sp>
<sp who='PIERROT'><speaker>PIERROT.</speaker>
<p id='13'>
	<s id='1'>Je me veux fâcher, et t'es une vilaine, toi, d'endurer qu'on te cajolle.</s>
</p>
</sp>
<sp who='CHARLOTTE'><speaker>CHARLOTTE.</speaker>
<p id='14'>
	<s id='1'>Il n'y a pas de quoi te bouter en colère.</s>
</p>
</sp>
<sp who='PIERROT'><speaker>PIERROT.</speaker>
<p id='15'>
	<s id='1'>Quement, jarny, tu m'es promise.</s>
</p>
</sp>
<sp who='CHARLOTTE'><speaker>CHARLOTTE.</speaker>
<note type="L">Madame : terme désignant une personne de rang noble.</note>
<p id='16'>
	<s id='1'>Est-ce que tu es fasché, Pierrot, que je devienne Madame ?</s>
</p>
</sp>
<sp who='PIERROT'><speaker>PIERROT.</speaker>
<p id='17'>
	<s id='1'>Jarnigué, oui, j'aime mieux te voir crever, que de te voir à un autre.</s>
</p>
</sp>
<sp who='CHARLOTTE'><speaker>CHARLOTTE.</speaker>
<p id='18'>
	<s id='1'>Va va Pierrot, tu porteras des fromages cheux nous.</s>
</p>
</sp>
<sp who='PIERROT'><speaker>PIERROT.</speaker>
<p id='19'>
	<s id='1'>Ventredienne, je n'y en porterai jamais quand tu m'en poirois deux fois autant qu'un autre ; est-ce donc comme ça que t'écoutes ce qu'il te dit ? </s>
	<s id='2'>Morguienne, si j'avais su ça tantôt, je me serais bien gardé de le tirer de liau, et je lui aurais baillé un bon coup d'aviron sur la tête.</s>
</p>
</sp>
<sp who='DON-JUAN'><speaker>DON JUAN.</speaker>
<p id='20'>
	<s id='1'>Qu'est-ce que vous dites ?</s>
</p>
</sp>
<sp who='PIERROT'><speaker>PIERROT.</speaker>
<p id='21'>
	<s id='1'>Jarniguenne, je ne crains parsonne.</s>
</p>
</sp>
<sp who='DON-JUAN'><speaker>DON JUAN.</speaker>
<p id='22'>
	<s id='1'>Attendez-moi un peu.</s>
</p>
</sp>
<sp who='PIERROT'><speaker>PIERROT.</speaker>
<p id='23'>
	<s id='1'>Je me moque de tout, moi.</s>
</p>
</sp>
<sp who='DON-JUAN'><speaker>DON JUAN.</speaker>
<p id='24'>
	<s id='1'>Voyons cela.</s>
</p>
</sp>
<sp who='PIERROT'><speaker>PIERROT.</speaker>
<p id='25'>
	<s id='1'>J'en avons bian veu d'autres.</s>
</p>
</sp>
<sp who='GUSMAN'><speaker>GUSMAN.</speaker>
<p id='26'>
	<s id='1'>Eh ! </s>
	<s id='2'>Laisse-le faire, mon pauvre garçon, et ne lui dis rien.</s>
</p>
</sp>
<sp stage="slap" who='PIERROT'><speaker>PIERROT, lui donnant un soufflet.</speaker>
<p id='27'>
	<s id='1'>Je veux lui dire, moi.</s>
</p>
</sp>
<sp who='DON-JUAN'><speaker>DON JUAN.</speaker>
<p id='28'>
	<s id='1'>Te voilà payé de ta charité.</s>
</p>
</sp>
<sp who='PIERROT'><speaker>PIERROT.</speaker>
<p id='29'>
	<s id='1'>Jarny, je vas dire à ton père tout ce ménage-ci.</s>
</p>
</sp>
<sp who='DON-JUAN'><speaker>DON JUAN.</speaker>
<p id='30'>
	<s id='1'>Ah, Gusman, que je suis épris de cet aimable enfant ; mais que je crains qu'elle ne reçoive quelque rude réprimande pour moi.</s>
</p>
</sp>
<sp who='GUSMAN'><speaker>GUSMAN.</speaker>
<p id='31'>
	<s id='1'>Tout de bon, vous tient-elle au coeur ?</s>
</p>
</sp>
<sp who='DON-JUAN'><speaker>DON JUAN.</speaker>
<p id='32'>
	<s id='1'>Oui, Gusman, et je craindrais plus que la mort qu'elle fût querellée par son père.</s>
</p>
</sp>
<sp who='GUSMAN'><speaker>GUSMAN.</speaker>
<p id='33'>
	<s id='1'>Écoutez, pour servir votre passion, vous savez que j'ai accoûtumé d'entreprendre bien des choses ; laissez-moi faire, j'ai déjà bu avec son père, et ce sont de ces bonnes gens qui font connnaissance en deux verres de vin. </s>
	<s id='2'>J'imagine une piece assez plaisante pour l'intimider et l'empêcher de quereller sa fille. </s>
	<s id='3'>Reposez-vous sur moi ; je lui vais mettre mon camarade en tête, et de la façon dont je conduirai la chose, je vous promets de servir votre amour. </s>
	<s id='4'>Allons seulement faire un doigt de collation.</s>
</p>
</sp>
</div2>
</div1>
<div1 type="act" n='2'><head>ACTE II</head>
<div2 type="scene" n='1'><head>SCÈNE I. Le Juge, Charlotte.</head>
<sp who='CHARLOTTE'><speaker>CHARLOTTE.</speaker>
<p id='1'>
	<s id='1'>Mon père, pourquoi me tourmentez-vous ? </s>
	<s id='2'>Est-ce ma faute si j'aime mieux ce Monsieur que ce gros vilain Pierrot que vous me voulez donner ?</s>
</p>
</sp>
<sp who='LE-JUGE'><speaker>LE JUGE.</speaker>
<note type="L">Godeluriaux : jeune fanfaron, glorieux, pimpant et coquet qui se pique de galanterie, de bonne fortune auprès des femmes, qui est toujours bien propre et bien mis sans avoir d'autres perfections. [F].</note>
<note type="L">Muguet : galant, coquet, qui fait l'amour aux Dames, qui est paré et bien mis pour leur plaire. [F]</note>
<p id='2'>
	<s id='1'>Allons, petite babouine, allons, vous aimez donc les Monsieur ; or je vous apprendrai que les Monsieur ne sont pas pour vous, et que vous n'êtes pas pour eux. </s>
	<s id='2'>Rentrez au logis, et qu'il ne vous arrive plus de songer à d'autres qu'à Pierrot, c'est lui qui sera mon gendre, il a bon métier, et vous ne sauriez mourir de faim avec lui. </s>
	<s id='3'>Adieu, qu'on ne m'en souffle pas seulement un petit mot. </s>
	<s id='4'>Voyez-vous, il leur faut des godeluriaux, de ces petits muguets bâtis comme des poupées, avec leurs grands cheveux et leurs petites épées ; non sera, non sera votre Monsieur, le Monsieur ne sera pas pour vous, ma fille. </s>
	<s id='5'>Ah, voici son valet de chambre, c'est le plus honnête d'eux tous, celui-là, car dès le matin nous avons bu ensemble.</s>
</p>
</sp>
</div2>
<div2 type="scene" n='2'><head>SCÈNE II. Gusman, Le Juge.</head>
<sp who='LE-JUGE'><speaker>LE JUGE.</speaker>
<p id='1'>
	<s id='1'>Monsieur Gusman, je suis le vôtre ; comment vous va ?</s>
</p>
</sp>
<sp who='GUSMAN'><speaker>GUSMAN.</speaker>
<p id='2'>
	<s id='1'>Fort bien, Monsieur, je vous cherchais.</s>
</p>
</sp>
<sp who='LE-JUGE'><speaker>LE JUGE.</speaker>
<p id='3'>
	<s id='1'>Qu'y a-t-il pour votre service ? </s>
	<s id='2'>Vous êtes un brave homme, vous ; et de toute votre bande, vous êtes celui que j'aime le mieux.</s>
</p>
</sp>
<sp who='GUSMAN'><speaker>GUSMAN.</speaker>
<p id='4'>
	<s id='1'>Monsieur, je vous suis bien obligé, et aussi en récompense je vous viens avertir de quelque petite chose qui vous touche.</s>
</p>
</sp>
<sp who='LE-JUGE'><speaker>LE JUGE.</speaker>
<p id='5'>
	<s id='1'>Moi !</s>
</p>
</sp>
<sp who='GUSMAN'><speaker>GUSMAN.</speaker>
<p id='6'>
	<s id='1'>Vous-même.</s>
</p>
</sp>
<sp who='LE-JUGE'><speaker>LE JUGE.</speaker>
<p id='7'>
	<s id='1'>Et qu'est-ce que ce serait ?</s>
</p>
</sp>
<sp who='GUSMAN'><speaker>GUSMAN.</speaker>
<p id='8'>
	<s id='1'>Eh, ce n'est qu'une bagatelle ; mais il est toujours bon d'y prendre garde.</s>
</p>
</sp>
<sp who='LE-JUGE'><speaker>LE JUGE.</speaker>
<p id='9'>
	<s id='1'>Dites-moi donc, je vous prie, ce que c'est.</s>
</p>
</sp>
<sp who='GUSMAN'><speaker>GUSMAN.</speaker>
<p id='10'>
	<s id='1'>C'est que l'on vous veut tuer.</s>
</p>
</sp>
<sp who='LE-JUGE'><speaker>LE JUGE.</speaker>
<p id='11'>
	<s id='1'>Me tuer !</s>
</p>
</sp>
<sp who='GUSMAN'><speaker>GUSMAN.</speaker>
<note type="L">Mésarriver : Tourner à mal, avoir une mauvaise issue de quelque chose. [F]</note>
<p id='12'>
	<s id='1'>Oui ; mais cela ne sera rien : c'est un drôle qui prend avec un peu trop de chaleur les interêts de mon maître contre vous, touchant vostre fille ; mais je luy ay bien dit son fait : ce n'est pas qu'il est méchant comme un diable, et quand il a résolu quelque chose, il faut que cela soit ; mais je lui ai bien juré que s'il més-arrivait de votre personne, je saurais bien vous en venger tôt ou tard ; c'est pourquoi vous n'avez que faire de craindre.</s>
</p>
</sp>
<sp who='LE-JUGE'><speaker>LE JUGE.</speaker>
<p id=''>
	<s id='1'>Et oui-da ; mais s'il m'allait tuer sans vous avertir, je ne laisserais pas que d'être mort.</s>
</p>
</sp>
</div2>
<div2 type="scene" n='3'><head>SCÈNE III. Le Juge, Silvestre, Gusman.</head>
<sp who='GUSMAN'><speaker>GUSMAN.</speaker>
<p id='1'>
	<s id='1'>Chut, ne faites point semblant de rien, et vous tenez un peu à l'écart, le voici ; vous allez entendre comme je lui vais parler.</s>
</p>
</sp>
<sp who='SILVESTRE'><speaker>SILVESTRE.</speaker>
<p id='2'>
	<s id='1'>Gusman, fais-moi connaître un peu le Juge de ce lieu, qui est le père de cette jolie Charlotte.</s>
</p>
</sp>
<sp who='GUSMAN'><speaker>GUSMAN.</speaker>
<p id='3'>
	<s id='1'>Pourquoi, Monsieur ?</s>
</p>
</sp>
<sp who='SILVESTRE'><speaker>SILVESTRE.</speaker>
<p id='4'>
	<s id='1'>Je viens d'apprendre qu'il veut empêcher que mon maître l'épouse, et qu'il se vante de le poursuivre par Justice.</s>
</p>
</sp>
<sp who='GUSMAN'><speaker>GUSMAN.</speaker>
<p id='5'>
	<s id='1'>Il est vrai qu'il ne veut pas consentir à ce mariage, parce que sa parole est engagée à un autre.</s>
</p>
</sp>
<sp who='SILVESTRE'><speaker>SILVESTRE.</speaker>
<note type="L">Echiner : tuer, assomer, massacrer, rompre l'échine. [F]</note>
<p id='6'>
	<s id='1'>Par la mort, par la tête, par le ventre, si je le trouve, je le veux échigner, dussai-je être roué tout vif.</s>
</p>
</sp>
<sp who='GUSMAN'><speaker>GUSMAN.</speaker>
<p id='7'>
	<s id='1'>Hé, Monsieur, c'est un honnête homme, peut-être ne vous craindra-t'il point.</s>
</p>
</sp>
<sp who='SILVESTRE'><speaker>SILVESTRE.</speaker>
<p id='8'>
	<s id='1'>Lui, lui ? </s>
	<s id='2'>Par le sang, par la tête, s'il était là, je lui donnerais de l'épée dans le ventre. </s>
	<s id='3'>Qui est cet homme-là ?</s>
</p>
</sp>
<sp who='GUSMAN'><speaker>GUSMAN.</speaker>
<p id='9'>
	<s id='1'>Ha, Monsieur, ce n'est pas lui.</s>
</p>
</sp>
<sp who='SILVESTRE'><speaker>SILVESTRE.</speaker>
<p id='10'>
	<s id='1'>N'est-ce point quelqu'un de ces amis ?</s>
</p>
</sp>
<sp who='GUSMAN'><speaker>GUSMAN.</speaker>
<p id='11'>
	<s id='1'>Au contraire, c'est son ennemi capital.</s>
</p>
</sp>
<sp who='SILVESTRE'><speaker>SILVESTRE.</speaker>
<p id='12'>
	<s id='1'>Son ennemi capital ?</s>
</p>
</sp>
<sp who='GUSMAN'><speaker>GUSMAN.</speaker>
<p id='13'>
	<s id='1'>Oui.</s>
</p>
</sp>
<sp who='SILVESTRE'><speaker>SILVESTRE.</speaker>
<note type="L">Faquin : se dit aussi en quelque sorte figuré, pour un homme sans mérite, sans honneur, sans coeur, digne de toute sorte de mépris. [F]</note>
<p id='14'>
	<s id='1'>Ah ! </s>
	<s id='2'>Parbleu j'en suis ravi. </s>
	<s id='3'>Vous êtes ennemi, Monsieur, de ce faquin de Juge ? </s>
	<s id='4'>Eh ?</s>
</p>
</sp>
<sp who='GUSMAN'><speaker>GUSMAN.</speaker>
<p id='15'>
	<s id='1'>Oui, oui, je vous en réponds.</s>
</p>
</sp>
<sp who='SILVESTRE'><speaker>SILVESTRE.</speaker>
<note type="L">Fieffé : se dit aussi par injure de ceux qui ont quelque vice, quelque mauvaise habitude au suprême degré ; ce ceux qui font en quelques sorte profession d'être de malhonnêtes gens. [F]</note>
<p id='16'>
	<s id='1'>Touchez-là, touchez ; je vous donne ma parole, et vous jure sur mon honneur par l'épée que je porte, par tous les serments que je sais faire, qu'avant la fin du jour je vous déferai de ce maraut fiéffé, de ce faquin de Juge ; reposez-vous sur moi.</s>
</p>
</sp>
<sp who='GUSMAN'><speaker>GUSMAN.</speaker>
<p id='17'>
	<s id='1'>Monsieur, ces sortes de choses ne sont guères souffertes, et il y a bonne Justice en cas.....</s>
</p>
</sp>
<sp who='SILVESTRE'><speaker>SILVESTRE.</speaker>
<p id='19'>
	<s id='1'>Je me moque de tout, et je n'ai rien à perdre.</s>
</p>
</sp>
<sp who='GUSMAN'><speaker>GUSMAN.</speaker>
<p id='20'>
	<s id='1'>Monsieur, ce n'est pas un homme sans amis, et il pourrait trouver quelque appui contre votre ressentiment.</s>
</p>
</sp>
<sp who='SILVESTRE'><speaker>SILVESTRE.</speaker>
<p id='21'>
	<s id='1'>C'est ce que je demande, morbleu ; c'est ce que je demande : ah, tête ; ah, ventre ; que ne le trouvai-je à cette heure, avec tout son secours ; que ne paraît-il ici à mes yeux au milieu de trente personnes ; que ne le vois-je fondre sur moi les armes à la main ? </s>
	<s id='2'>Comment, marauts, vous avez la hardiesse de vous attaquer à moi ? </s>
	<s id='3'>Allons, morbleu ; tue, point de quartier ; donnons ferme ; poussons ; bon pied, bon oeil. </s>
	<s id='4'>Ah, canaille, vous en voulez par là, je vous en ferai tâter votre saoul. </s>
	<s id='5'>Soûtenez, marauts, soutenez. </s>
	<s id='6'>Allons, à cette botte, à cette autre, à celle-ci, à celle-là ; comment, vous reculez ? </s>
	<s id='7'>Pied ferme, morbleu ; pied ferme. </s>
</p>
<stage type="threat/walk">Il met l'épée à la main, et pousse des bottes de tous côtés, et devant les yeux du Juge.</stage>
</sp>
<sp who='GUSMAN'><speaker>GUSMAN.</speaker>
<p id='22'>
	<s id='1'>Nous n'en sommes pas.</s>
</p>
</sp>
<sp who='SILVESTRE'><speaker>SILVESTRE.</speaker>
<p id='23'>
	<s id='1'>Voilà qui vous apprendra à vous oser jouer à moy.</s>
</p>
</sp>
<sp who='GUSMAN'><speaker>GUSMAN.</speaker>
<p id='24'>
	<s id='1'>Voilà bien du sang répandu pour une bagatelle. </s>
	<s id='2'>Et bien, Monsieur, vous voyez quel diable d'homme c'est là.</s>
</p>
</sp>
<sp stage="low" who='LE-JUGE'><speaker>LE JUGE, bas.</speaker>
<p id='24'>
	<s id='1'>Oui, oh, je me moque de toutes ses menaces.</s>
</p>
</sp>
<sp who='SILVESTRE'><speaker>SILVESTRE.</speaker>
<p id='25'>
	<s id='1'>Ah ventre, jarni, que ne le puis-je trouver ?</s>
</p>
</sp>
<sp who='LE-JUGE'><speaker>LE JUGE.</speaker>
<p id='26'>
	<s id='1'>N'y est-il plus ?</s>
</p>
</sp>
<sp who='GUSMAN'><speaker>GUSMAN.</speaker>
<p id='27'>
	<s id='1'>Non, non, il est party tout à fait, ne craignez plus rien.</s>
</p>
</sp>
<sp who='LE-JUGE'><speaker>LE JUGE.</speaker>
<p id='28'>
	<s id='1'>Qui, moi ? </s>
	<s id='2'>Oh, en bien faisant on ne craint rien ; et on lui montrera bien les dents quand il le faudra.</s>
</p>
</sp>
<sp who='GUSMAN'><speaker>GUSMAN.</speaker>
<p id='29'>
	<s id='1'>Oh, je n'en doute pas ! </s>
	<s id='2'>On voit bien que vous êtes un homme ferme.</s>
</p>
</sp>
<sp who='LE-JUGE'><speaker>LE JUGE.</speaker>
<p id='30'>
	<s id='1'>Je m'en vais un peu consulter ce que j'ai à faire, et si on ne me conseille rien de bon là-dessus, j'irai assembler le village, et on sonnera le tocsin sur vostre maître et sur vous.</s>
</p>
</sp>
<sp who='GUSMAN'><speaker>GUSMAN.</speaker>
<p id=''>
	<s id='1'>La peste soit le vieux fou, il nous va attirer icy quelque défluxion2 sur les épaules.</s>
</p>
</sp>
</div2>
<div2 type="scene" n='4'><head>SCÈNE IV. Don Juan, Gusman.</head>
<sp who='DON-JUAN'><speaker>DON JUAN.</speaker>
<p id='1'>
	<s id='1'>Et bien, Gusman, qu'as-tu fait ?</s>
</p>
</sp>
<sp who='GUSMAN'><speaker>GUSMAN.</speaker>
<p id='2'>
	<s id='1'>Ma foi, Monsieur, rien qui vaille ; notre vieillard s'est mutiné, il nous menace du tocsin, et cela ne sent rien de bon. </s>
	<s id='2'>Si tous ces diables de mariniers se mettaient une fois sur nous, gare les coups d'aviron. </s>
	<s id='3'>Si vous m'en croyez, Monsieur, évitez ce désordre, nous ne serions pas les plus forts ici ; rengainez vos amours pour quelque temps, et à la première occasion d'une barque qui partira nous enlèverons votre jeune Charlotte sous un habit d'homme, ou quelque autre déguisement ; franchement il n'y a point de jeu avec ces canailles-ci, ils seront toujours les plus forts ; et quelque grandeur que vous ayez au dessus d'eux, la quantité l'emportera sur la qualité. </s>
	<s id='4'>Laissez-moi raccommoder tout ceci, et vous retirez seulement, je vais tâcher de rejoindre notre vieux juge, et faire en sorte de le ramadouer un peu.</s>
</p>
</sp>
<sp who='DON-JUAN'><speaker>DON JUAN.</speaker>
<p id='3'>
	<s id='1'>Va donc, j'abandonne tout à ta conduite ; mais tu ne sais pas, Gusman, le malheur qui nous accompagne ?</s>
</p>
</sp>
<sp who='GUSMAN'><speaker>GUSMAN.</speaker>
<p id='4'>
	<s id='1'>Et qu'y aurait-il de nouveau ?</s>
</p>
</sp>
<sp who='DON-JUAN'><speaker>DON JUAN.</speaker>
<p id='5'>
	<s id='1'>Une Barque marchande vient de mouiller ici, et comme la curiosité m'a porté à voir quelles gens étaient dedans, le premier homme qui s'est presenté à mes yeux, devine qui c'est ?</s>
</p>
</sp>
<sp who='GUSMAN'><speaker>GUSMAN.</speaker>
<p id='6'>
	<s id='1'>Ma foi, Monsieur, je ne suis point sorcier.</s>
</p>
</sp>
<sp who='DON-JUAN'><speaker>DON JUAN.</speaker>
<p id='7'>
	<s id='1'>Monsieur Dimanche.</s>
</p>
</sp>
<sp who='GUSMAN'><speaker>GUSMAN.</speaker>
<p id='8'>
	<s id='1'>Monsieur Dimanche ! </s>
	<s id='2'>Quoy ? </s>
	<s id='3'>Ce persécuteur de chrétiens ; ce maudit marchand qui ne saurait laisser vivre en repos ceux qui luy doivent ?</s>
</p>
</sp>
<sp who='DON-JUAN'><speaker>DON JUAN.</speaker>
<p id='9'>
	<s id='1'>Lui-même.</s>
</p>
</sp>
<sp who='GUSMAN'><speaker>GUSMAN.</speaker>
<p id='10'>
	<s id='1'>Par ma foi, Monsieur, il vaudrait presque autant nous être noyé, que d'avoir encore retrouvé cet homme-là ; et l'avez-vous accueilli à votre ordinaire, par de grands compliments et de belles paroles, que vous lui faites passer pour argent comptant ?</s>
</p>
</sp>
<sp who='DON-JUAN'><speaker>DON JUAN.</speaker>
<p id='11'>
	<s id='1'>Je ne l'ai point abordé, je n'ai pas voulu qu'il me parlât devant d'autres Marchands qui étaient là avec lui ; mais je ne crois pas être longtemps sans le voir ; il m'a vu : et comme je m'esquivais, j'ai bien ouï qu'il s'est informé de moi, en me demandnt par mon nom à quelques habitants d'ici.</s>
</p>
</sp>
<sp who='GUSMAN'><speaker>GUSMAN.</speaker>
<p id='12'>
	<s id='1'>Quel diable d'embarras ! </s>
	<s id='2'>On dit bien vrai, qu'un malheur ne vient jamais sans l'autre. </s>
	<s id='3'>Nous partons joyeux d'un pays où nous sommes endettés, pour aller employer notre crédit ailleurs ; un maudit banc de sable nous fait faire naufrage ; l'amourette vous prend pour une fille promise à un autre ; on nous menace d'ameuter tout le village sur nous ; et pour comble de maux nous trouvons Monsieur Dimanche ; mais ma foi, Monsieur, bon pied, bon oeil, le voici, je le reconnais, vous n'avez qu'à vous bien tenir.</s>
</p>
</sp>
<sp who='DON-JUAN'><speaker>DON JUAN.</speaker>
<p id='13'>
	<s id='1'>Paix, paix ; ne dis mot, écoute seulement, je vais payer d'une monnaie toute nouvelle.</s>
</p>
</sp>
</div2>
<div2 type="scene" n='5'><head>SCÈNE V. Don Juan, Gusman, Monsieur Dimanche.</head>
<sp who='DON-JUAN'><speaker>DON JUAN.</speaker>
<p id='1'>
	<s id='1'>Ah, que vois-je ? </s>
	<s id='2'>Monsieur Dimanche ici ! </s>
	<s id='3'>Quelle heureuse rencontre !</s>
</p>
</sp>
<sp who='MONSIEUR-DIMANCHE'><speaker>MONSIEUR DIMANCHE.</speaker>
<p id='2'>
	<s id='1'>Monsieur...</s>
</p>
</sp>
<sp who='DON-JUAN'><speaker>DON JUAN.</speaker>
<p id='3'>
	<s id='1'>Que je vous embrasse, Monsieur Dimanche.</s>
</p>
</sp>
<sp who='MONSIEUR-DIMANCHE'><speaker>MONSIEUR DIMANCHE.</speaker>
<p id='4'>
	<s id='1'>En verité c'est moi, Monsieur, qui suis trop heureux de vous trouver ici, et j'ai bien de la joie que cela serve d'occasion à vuider...</s>
</p>
</sp>
<sp who='DON-JUAN'><speaker>DON JUAN.</speaker>
<p id='5'>
	<s id='1'>Vraiment j'ai bien du plaisir à vous voir.</s>
</p>
</sp>
<sp who='MONSIEUR-DIMANCHE'><speaker>MONSIEUR DIMANCHE.</speaker>
<p id='6'>
	<s id='1'>Monsieur, c'est beaucoup d'honneur que vous me faites ; mais si vous y vouliez joindre une grâce, je me trouve ici dans quelque besoin, et...</s>
</p>
</sp>
<sp who='DON-JUAN'><speaker>DON JUAN.</speaker>
<p id='7'>
	<s id='1'>Comment se porte Madame Dimanche vostre femme ?</s>
</p>
</sp>
<sp who='MONSIEUR-DIMANCHE'><speaker>MONSIEUR DIMANCHE.</speaker>
<p id='8'>
	<s id='1'>Fort à votre service, Monsieur. Je voudrais donc vous prier....</s>
</p>
</sp>
<sp who='DON-JUAN'><speaker>DON JUAN.</speaker>
<p id='9'>
	<s id='1'>Je suis son serviteur.</s>
</p>
</sp>
<sp who='MONSIEUR-DIMANCHE'><speaker>MONSIEUR DIMANCHE.</speaker>
<p id='10'>
	<s id='1'>Monsieur, je disais donc que si vous aviez la commodité...</s>
</p>
</sp>
<sp who='DON-JUAN'><speaker>DON JUAN.</speaker>
<p id='11'>
	<s id='1'>Et votre fille Mademoiselle Marion ?</s>
</p>
</sp>
<sp who='MONSIEUR-DIMANCHE'><speaker>MONSIEUR DIMANCHE.</speaker>
<p id='12'>
	<s id='1'>Elle est en bonne santé aussi, Monsieur ; mais....</s>
</p>
</sp>
<sp who='DON-JUAN'><speaker>DON JUAN.</speaker>
<p id='13'>
	<s id='1'>C'est une aimable enfant.</s>
</p>
</sp>
<sp who='MONSIEUR-DIMANCHE'><speaker>MONSIEUR DIMANCHE.</speaker>
<p id='14'>
	<s id='1'>Elle est bien votre petite servante, Monsieur ; je...</s>
</p>
</sp>
<sp who='DON-JUAN'><speaker>DON JUAN.</speaker>
<p id='15'>
	<s id='1'>Et qui est vraiment bien sage.</s>
</p>
</sp>
<sp who='MONSIEUR-DIMANCHE'><speaker>MONSIEUR DIMANCHE.</speaker>
<p id='16'>
	<s id='1'>Oh, Monsieur, vous vous moquez d'elle. </s>
	<s id='2'>J'ose prendre la liberté de vous dire, Monsieur, qu'une certaine Lettre de Change que je dois acquiter dans peu m'oblige....</s>
</p>
</sp>
<sp who='DON-JUAN'><speaker>DON JUAN.</speaker>
<p id='17'>
	<s id='1'>Et votre petit garçon fait-il toûjours bien du bruit avec son tambour ?</s>
</p>
</sp>
<sp who='MONSIEUR-DIMANCHE'><speaker>MONSIEUR DIMANCHE.</speaker>
<note type="L">Semillant : qui est remuant, éveillé, qui ne se peut tenir en place. [F]</note>
<p id='18'>
	<s id='1'>Oh, Monsieur, il est assez semillant. </s>
	<s id='2'>Or ça, si vous vouliez que nous parlassions un peu...</s>
</p>
</sp>
<sp who='DON-JUAN'><speaker>DON JUAN.</speaker>
<p id='19'>
	<s id='1'>Il vous ressemble comme deux gouttes d'eau.</s>
</p>
</sp>
<sp who='MONSIEUR-DIMANCHE'><speaker>MONSIEUR DIMANCHE.</speaker>
<p id='20'>
	<s id='1'>Voyez-vous, Monsieur, dans le négoce si nous ne payons à jour nommé, on proteste d'abord contre nous ; c'est ce qui fait, Monsieur, que nous importunons quelquefois nos débiteurs ; et comme vous m'avez fait l'honneur de prendre...</s>
</p>
</sp>
<sp who='DON-JUAN'><speaker>DON JUAN.</speaker>
<p id='21'>
	<s id='1'>À propos, votre petit Chien est-il encore en vie ?</s>
</p>
</sp>
<sp who='GUSMAN'><speaker>GUSMAN.</speaker>
<p id='22'>
	<s id='1'>Il s'intéresse pour toute la famille.</s>
</p>
</sp>
<sp who='MONSIEUR-DIMANCHE'><speaker>MONSIEUR DIMANCHE.</speaker>
<p id='23'>
	<s id='1'>Monsieur, tout se porte fort bien.</s>
</p>
</sp>
<sp who='DON-JUAN'><speaker>DON JUAN.</speaker>
<p id='24'>
	<s id='1'>En vérité j'en suis fort joyeux, et je vous veux prier de les embrasser tous deux pour l'amour de moi, quand vous retournerez chez vous.</s>
</p>
</sp>
<sp who='MONSIEUR-DIMANCHE'><speaker>MONSIEUR DIMANCHE.</speaker>
<p id='25'>
	<s id='1'>Monsieur, si auparavant vous trouvez bon que nous...</s>
</p>
</sp>
<sp stage="pull/location/exit" who='DON-JUAN'><speaker>DON JUAN, repousse insensiblement Monsieur Dimanche jusques à ce qu'il soit contre la porte, et puis s'en va.</speaker>
<p id='26'>
	<s id='1'>Adieu Monsieur Dimanche, que je vous embrasse.</s>
</p>
</sp>
<sp who='MONSIEUR-DIMANCHE'><speaker>MONSIEUR DIMANCHE.</speaker>
<p id='27'>
	<s id='1'>Monsieur...</s>
</p>
</sp>
<sp who='DON-JUAN'><speaker>DON JUAN.</speaker>
<p id='28'>
	<s id='1'>Je ne vous laisserai point là.</s>
</p>
</sp>
<sp who='MONSIEUR-DIMANCHE'><speaker>MONSIEUR DIMANCHE.</speaker>
<p id='29'>
	<s id='1'>Mais Monsieur...</s>
</p>
</sp>
<sp who='DON-JUAN'><speaker>DON JUAN.</speaker>
<p id='30'>
	<s id='1'>Je sais trop ce que je vous dois.</s>
</p>
</sp>
<sp who='MONSIEUR-DIMANCHE'><speaker>MONSIEUR DIMANCHE.</speaker>
<p id='31'>
	<s id='1'>Et oui Monsieur, d'accord, mais le besoin...</s>
</p>
</sp>
<sp who='DON-JUAN'><speaker>DON JUAN.</speaker>
<p id='32'>
	<s id='1'>Allons, allons, permettez-moi de vous conduire.</s>
</p>
</sp>
<sp who='MONSIEUR-DIMANCHE'><speaker>MONSIEUR DIMANCHE.</speaker>
<p id='33'>
	<s id='1'>Monsieur, la nécessité de payer...</s>
</p>
</sp>
<sp who='DON-JUAN'><speaker>DON JUAN.</speaker>
<p id='34'>
	<s id='1'>Je ne vous laisserai point là, vous dis-je.</s>
</p>
</sp>
<sp who='MONSIEUR-DIMANCHE'><speaker>MONSIEUR DIMANCHE.</speaker>
<p id='35'>
	<s id='1'>Mais si...</s>
</p>
</sp>
<sp who='DON-JUAN'><speaker>DON JUAN.</speaker>
<p id='36'>
	<s id='1'>C'est perdre le temps.</s>
</p>
</sp>
<sp who='MONSIEUR-DIMANCHE'><speaker>MONSIEUR DIMANCHE.</speaker>
<p id='37'>
	<s id='1'>Je...</s>
</p>
</sp>
<sp who='DON-JUAN'><speaker>DON JUAN.</speaker>
<p id='38'>
	<s id='1'>Vous vous moquez.</s>
</p>
</sp>
<sp who='MONSIEUR-DIMANCHE'><speaker>MONSIEUR DIMANCHE.</speaker>
<p id='39'>
	<s id='1'>Point du tout.</s>
</p>
</sp>
<sp who='DON-JUAN'><speaker>DON JUAN.</speaker>
<p id='40'>
	<s id='1'>Hola, hé ? </s>
	<s id='2'>Des Flambeaux, et reconduisez Monsieur Dimanche.</s>
</p>
</sp>
<sp who='MONSIEUR-DIMANCHE'><speaker>MONSIEUR DIMANCHE.</speaker>
<p id='41'>
	<s id='1'>Quel diable d'homme est-ce ci ? </s>
	<s id='2'>Or ça, me payerez-vous de la même monnaie, vous, Monsieur Gusman ?</s>
</p>
</sp>
<sp who='GUSMAN'><speaker>GUSMAN.</speaker>
<p id='42'>
	<s id='1'>Plaît-il, Monsieur ?</s>
</p>
</sp>
<sp who='MONSIEUR-DIMANCHE'><speaker>MONSIEUR DIMANCHE.</speaker>
<p id='43'>
	<s id='1'>Je vous demande s'il vous souvient bien que vous me devez en votre particulier pour quarante écus d'étoffe que je vous ai livré ?</s>
</p>
</sp>
<sp who='GUSMAN'><speaker>GUSMAN.</speaker>
<p id='44'>
	<s id='1'>Comment se porte Madame Dimanche ?</s>
</p>
</sp>
<sp who='MONSIEUR-DIMANCHE'><speaker>MONSIEUR DIMANCHE.</speaker>
<p id='45'>
	<s id='1'>Oh je n'entends pas raillerie, et...</s>
</p>
</sp>
<sp who='GUSMAN'><speaker>GUSMAN.</speaker>
<note type="L">Pistoles légeres : on appelle un écu d'or léger, de la monnaie légère, quand elle n'est pas du poids requis par les règlements du pays. [F]</note>
<p id='46'>
	<s id='1'>Et votre petit chien ? </s>
	<s id='2'>Il vous ressemble comme deux gouttes d'eau. </s>
	<s id='3'>Allons donc, je ne vous laisserai point là. </s>
	<s id='4'>Je vous reconduirai, je sais trop mon devoir. </s>
	<s id='5'>Vous vous moquez. </s>
	<s id='6'>Sortez donc, s'il vous plaît, ou que le Diable vous emporte. </s>
	<s id='7'>Bonsoir et bonne nuit. </s>
	<s id='8'>Belle maniere de payer ses créanciers. </s>
	<s id='9'>On ne nous rapporte ni argent faux, ni pistoles légères. </s>
	<s id='10'>Mais voici mon vieux juge avec son gendre prétendu ; tâchons de détourner l'orage qu'ils nous apprêtent.</s>
</p>
</sp>
</div2>
<div2 type="scene" n='6'><head>SCÈNE VI. Le Juge, Pierrot.</head>
<sp who='PIERROT'><speaker>PIERROT.</speaker>
<note type="L">Haro : Terme de la coutume de Normandie, lorsqu'on trouve sa partie, et qu'on la veut mener devant le Juge ; car alors elle est obligée de suivre celui qui a crié haro sur elle, et l'un et l'autre demeurent en prison, ou en la maison du Juge, jusqu'à ce qu'il ait prononcé sur leur différent du moins par provision. [F]</note>
<p id='47'>
	<s id='1'>Pour moi je ne trouve rien de meilleur pour nos affaires que de crier haro sur ce diable de Monsieur qui veut tuer les hommes, et prendre les demmes. </s>
	<s id='Z'>Palsangué, faites comme moi, je crierons l'alarme.</s>
</p>
<stage type="shout/together">Le Juge et Pierrot se mettent à crier alarme et au feu tous deux ensemble.</stage>
</sp>
</div2>
<div2 type="scene" n='7'><head>SCÈNE VII. Le Juge, Pierrot, Gusman.</head>
<sp stage="toward" who='GUSMAN'><speaker>GUSMAN, leur parlant.</speaker>
<p id='1'>
	<s id='1'>Et qu'y a-t-il, Messieurs ? </s>
	<s id='2'>À quoi bon tout ce vacarme ? </s>
	<s id='3'>Vous inquiétez-vous ? </s>
	<s id='4'>J'ai tourné l'esprit de mon maître tout comme vous le souhaitez ; il ne s'oppose plus à votre mariage, au contraire il prétend être de la noce. </s>
	<s id='5'>Il en payera le festin, et même il se retient pour être le compère au premier enfant que vous aurez.</s>
</p>
</sp>
<sp who='PIERROT'><speaker>PIERROT.</speaker>
<p id='2'>
	<s id='1'>Oh, pargué, vela un honnête homme cela. </s>
	<s id='2'>Oh bian vous li diré pour l'amour de cela que je sommes son sarviteur, et que j'allons décrier l'alarme et boire à sa santé. </s>
	<s id='3'>Venez payer chopaine.</s>
</p>
</sp>
</div2>
</div1>
</body>
</text>
</TEI>