<?xml version="1.0" encoding="utf-8"?>
<TEI xml:lang="fr">
<teiHeader>
		<fileDesc>
			<titleStmt>
				<title>MOLIÈRE CHEZ NINON OU LA LECTURE DE TARTUFFE, COMÉDIE EN UN ACTE ET EN VERS</title>
				<author born='' born_location='' death='' death_location='' academie=''>CHAZET et DUBOIS</author>
			</titleStmt>
			<publicationStmt>	
				<publisher>publié par Paul FIEVRE, avril 2014, revu février 2017</publisher>
				<idno>CHAZETDUBOIS_MOLIERECHEZNINON</idno>
			<rights>Creative Commons BY-NC-SA</rights>
			</publicationStmt>
			<SourceDesc>
				<genre>Comédie</genre>
				<inspiration>vie littéraire</inspiration>				<structure>Un acte</structure>
				<type>vers</type>
				<periode>1801-1810</periode>
				<taille>1000-1250</taille>
				<permalien></permalien>
			</SourceDesc>
		</fileDesc>
</teiHeader>
<text>
	<front>
		<docTitle>
			<titlePart type="main">MOLIÈRE CHEZ NINON OU LA LECTURE DE TARTUFFE</titlePart>
			<titlePart type="sub">COMÉDIE EN UN ACTE ET EN VERS</titlePart>
		</docTitle> 
		<docDate value="1802">AN XI. 1802.</docDate>
		<docAuthor id="CHAZET et DUBOIS" bio='chazet'>Par MM. CHAZET et DUBOIS. </docAuthor>
	<docImprint>
		<printer id="GIRARD">À PARIS, Chez J. F. GIRARD, imprimeur-libraire ; quai de la Vallée, n°70, et chez tous les Marchands de Nouveautés. </printer>
	</docImprint>
		<performance>
			<premiere date="1802" location="Théâtre de l'Odéon">Représentée pour la première fois sur le théâtre de Louvois, par les comédiens de l'Odéon le l7 brumaire an XI.</premiere>
		</performance>
		<castList><head>PERSONNAGES</head>
			<castItem><role id="MOLIÈRE" sex="1" type="H" statut='auteur' age='A' stat_amour='néant'>MOLIÈRE</role>.</castItem>
			<castItem><role id="NINON" sex="2" type="H" statut='aristocrate' age='A' stat_amour='néant'>NINON</role>.</castItem>
			<castItem><role id="LE PRINCE" sex="1" type="H" statut='prince' age='A' stat_amour='néant'>LE PRINCE DE CONDÉ</role>.</castItem>
			<castItem><role id="CORNEILLE" sex="1" type="H" statut='auteur' age='A' stat_amour='néant'>PIERRE CORNEILLE</role>.</castItem>
			<castItem><role id="RACINE" sex="1" type="H" statut='auteur' age='A' stat_amour='néant'>RACINE</role>.</castItem>
			<castItem><role id="BOILEAU" sex="1" type="H" statut='auteur' age='A' stat_amour='néant'>BOILEAU</role>.</castItem>
			<castItem><role id="LA FONTAINE" sex="1" type="H" statut='auteur' age='A' stat_amour='néant'>LA FONTAINE</role>.</castItem>
			<castItem><role id="CHAPELLE" sex="1" type="H" statut='auteur' age='A' stat_amour='néant'>CHAPELLE</role>.</castItem>
			<castItem><role id="SAINT-ALBAN" sex="1" type="H" statut='aristocrate' age='A' stat_amour='néant'>SAINT-ALBAN</role>, secréataire du président.</castItem>
			<castItem><role id="LAFORÊT" sex="2" type="H" statut='servante' age='A' stat_amour='néant'>LAFORÊT</role>, servante de Molière.</castItem>
			<castItem><role id="UN PAGE" sex="1" type="H" statut='page' age='A' stat_amour='néant'>UN PAGE</role>.</castItem>
			<castItem><role id="DEUX SEIGNEURS" sex="1" type="H" statut='aristocrate' age='A' stat_amour='néant'>DEUX SEIGNEURS</role>.</castItem>
			<castItem><role id="UN VALET" sex="1" type="H" statut="valet" age='A' stat_amour='néant'>UN VALET</role>.</castItem>
	</castList>
	<set location="Paris" country="France" periode="XVIIème" gps="48.856614, 2.352222">La Scène est à Paris chez Ninon, le Théâtre représente un Salon.</set>
</front>
<body>
<div1 type="act" n='1'><head></head>
<div2 type="scene" n='1'><head>SCÈNE PREMIÈRE. Chapelle, Deux Seigneurs.</head>
<sp who='CHAPELLE'><speaker>CHAPELLE.</speaker>
	<l id='1'>Messieurs, dans un instant vous allez voir Ninon. </l>
</sp>
<sp who='UN SEIGNEUR'><speaker>UN SEIGNEUR.</speaker>
	<l id='2' part="i">Vous semblez bien ému.... </l>
</sp>
<sp who='CHAPELLE'><speaker>CHAPELLE.</speaker>
	<l id='2' part="m">Je le suis.</l>
</sp>
<sp who='UN SEIGNEUR'><speaker>UN SEIGNEUR.</speaker>
	<l id='2' part="f">Tout de bon.</l>
</sp>
<sp who='CHAPELLE'><speaker>CHAPELLE.</speaker>
	<l id='3' part="i">Vous ne devinez pas ? </l>
</sp>
<sp who='UN SEIGNEUR'><speaker>UN SEIGNEUR.</speaker>
	<l id='3' part="f">Mais je crois vous comprendre ;</l>
	<l id='4' part="i">Ninon vous a séduit.</l>
</sp>
<sp who='CHAPELLE'><speaker>CHAPELLE.</speaker>
	<l id='4' part="f">Je ne puis m'en défendre.</l>
	<l id='5'>Je mettrais mon bonheur à vivre sous ses lois. </l>
	<l id='6'>Sa figure, un regard, jusqu'au son de sa voix, </l>
	<l id='7'>Tout me charme, m'anime, et porte dans mon âme </l>
	<l id='8'>Le pénible embarras d'une secrète flamme. </l>
</sp>
<sp who='UN SEIGNEUR'><speaker>UN SEIGNEUR.</speaker>
	<l id='9'>Chapelle n'est-il pas surpris de son amour, </l>
	<l id='10'>Lui, dont le coeur jamais n'a brûlé plus d'un jour ? </l>
</sp>
<sp who='CHAPELLE'><speaker>CHAPELLE.</speaker>
	<l id='11'>Eh bien Ninon, je crois, change mon caractère. </l>
	<l id='12'>Solide en amitié, dans ses amours légère, </l>
	<l id='13'>Je trouve à l'adorer un invincible attrait ; </l>
	<l id='14'>Plaire est son habitude, et charmer son secret. </l>
	<l id='15'>Pour l'esprit, quelle femme ! Autour d'elle, sans cesse, </l>
	<l id='16'>Le talent, le génie accourt, vole, s'empresse. </l>
	<l id='17'>Savante sans orgueil, belle sans vanité, </l>
	<l id='18'>Tout en elle est parfait, et rien n'est emprunté ; </l>
	<l id='19'>Elle sait attirer, grâce à ses doubles armes, </l>
	<l id='20'>Des amis pour son coeur, des amants pour ses charmes </l>
	<l id='21'>Eu un mot, la beauté, l'esprit et la raison, </l>
	<l id='22'>On voit tout réuni, lorsque l'on voit Ninon. </l>
	<l id='23' part="i">La voici.</l>
</sp>
</div2>
<div2 type="scene" n='2'><head>SCÈNE II. Les Précédents, Ninon.</head>
<sp who='NINON'><speaker>NINON.</speaker>
	<l id='23' part="f">Pardonnez si je n'ai pu me rendre... </l>
</sp>
<sp who='CHAPELLE'><speaker>CHAPELLE.</speaker>
	<l id='24'>Quand l'espoir nous soutient, sans peine on peut attendre. </l>
</sp>
<sp who='NINON'><speaker>NINON.</speaker>
	<l id='25'>Messieurs, j'ai pour ce soir quelques desseins sur vous. </l>
</sp>
<sp who='CHAPELLE'><speaker>CHAPELLE.</speaker>
	<l id='26'>Quelques desseins ? Madame, ah ! disposez de nous. </l>
</sp>
<sp who='NINON'><speaker>NINON.</speaker>
	<l id='27' part="i">Êtes-vous libres ? </l>
</sp>
<sp who='UN SEIGNEUR'><speaker>UN SEIGNEUR.</speaker>
	<l id='27' part="m">Mais.... </l>
</sp>
<sp who='NINON'><speaker>NINON.</speaker>
	<l id='27' part="f">Allons, de la franchise : </l>
	<l id='28' part="i">Quelque projet galant ? </l>
</sp>
<sp who='UN SEIGNEUR'><speaker>UN SEIGNEUR.</speaker>
	<l id='28' part="f">S'il faut que je le dise, </l>
	<l id='29' part="i">Un certain rendez-vous ...</l>
</sp>
<sp who='NINON'><speaker>NINON.</speaker>
	<l id='29' part="f">Vous vous y trouverez ? </l>
</sp>
<sp who='UN SEIGNEUR'><speaker>UN SEIGNEUR.</speaker>
	<l id='30' part="i">Mais oui. </l>
</sp>
<sp stage="smile" who='NINON'><speaker>NINON, souriant.</speaker>
	<l id='30' part="m">Mais non...</l>
</sp>
<sp who='UN SEIGNEUR'><speaker>UN SEIGNEUR.</speaker>
	<l id='30' part="m">Comment ?</l>
</sp>
<sp who='NINON'><speaker>NINON.</speaker>
	<l id='30' part="f">Vous le différerez.</l>
</sp>
<sp who='UN SEIGNEUR'><speaker>UN SEIGNEUR.</speaker>
	<l id='31' part="i">Nous avons bien promis. </l>
</sp>
<sp stage="smile" who='NINON'><speaker>NINON, souriant.</speaker>
	<l id='31' part="f">Manquer à sa promesse </l>
	<l id='32'>En amour, c'est un jeu... fausse délicatesse !</l>
	<l id='33'>Je puis compter sur vous pour ce soir, n'est-ce pas ? </l>
	<l id='34'>Vous hésitez... Vraiment !... Vous vous parlez tout bas ? </l>
</sp>
<sp who='CHAPELLE'><speaker>CHAPELLE.</speaker>
	<l id='35' part="i">Peut-on vous résister ?...</l>
</sp>
<sp who='NINON'><speaker>NINON.</speaker>
	<l id='35' part="f">Eh grands dieux ! Que de peine ! </l>
	<l id='36'>Ce n'est que pour un soir, messieurs, qu'on vous enchaîne.</l>
</sp>
<sp who='CHAPELLE'><speaker>CHAPELLE.</speaker>
	<l id='37' part="i">Que ce soit pour la vie ! </l>
</sp>
<sp who='NINON'><speaker>NINON.</speaker>
	<l id='37' part="f">Ah ! Le beau sentiment ! </l>
	<l id='38'>Pour la vie !... Achevez ?... Faites vite un serment : </l>
	<l id='39'>D'un éternel amour donnez-moi l'assurance ; </l>
	<l id='40'>Moi, je vais vous jurer une égale constance, </l>
	<l id='41'>Nous mentirons tous deux... Mais c'est trop discourir :</l>
	<l id='42'>Apprenez donc pourquoi je veux vous retenir. </l>
	<l id='43'>Au théâtre ce soir on donne un bel ouvrage, </l>
	<l id='44'>Dont le but est moral, le ton vrai, le plan sage, </l>
	<l id='45'>Dont chaque caractère est neuf et bien tracé, </l>
	<l id='46'>Un ouvrage, en un mot, bien écrit, bien pensé. </l>
	<l id='47'>Nous devons ce chef-d'oeuvre à cet auteur facile, </l>
	<l id='48'>Vrai dans tous ses tableaux, naturel dans son style, </l>
	<l id='49'>Dont la grâce hardie et la franche gaîté </l>
	<l id='50'>Sont des titres sacrés à l'immortalité. </l>
	<l id='51' part="i">Vous le reconnaissez, n'est-ce pas ? </l>
</sp>
<sp who='TOUS'><speaker>TOUS.</speaker>
	<l id='51' part="f">C'est Molière. </l>
</sp>
<sp who='NINON'><speaker>NINON.</speaker>
	<l id='52'>Son Tartuffe ce soir est soumis au parterre. </l>
	<l id='53'>Voilà pourquoi Ninon voulait vous enchaîner. </l>
	<l id='54'>Hé bien, vous vous laissez aisémeut entraîner ? </l>
	<l id='55'>Vous quittez sans regret l'amour pour le génîe,</l>
	<l id='56'>Et de tristes ardeurs, pour une comédie. </l>
	<l id='57'>On a toujours le temps de pousser un soupir, </l>
	<l id='58'>Et l'on n'a pas toujours un chef-d'oeuvre à loisir. </l>
	<l id='59'>Enfin, si vingt beautés flattent votre espérance, </l>
	<l id='60'>Vous n'avez qu'un Molière à fêter dans la France. </l>
	<l id='61'>Venez , venez ce soir.... Vous savez mes amis, </l>
	<l id='62'>Que cet illustre auteur a beaucoup d'ennemis </l>
	<l id='63'>Même à la cour ; il faut, ligués pour sa victoire, </l>
	<l id='64'>Par de communs efforts , favoriser sa gloire.</l>
	<l id='65'>Croyez- moi : du Tartuffe en protégeant l'essor, </l>
	<l id='66'>À la postérité nous gardons un trésor. </l>
</sp>
</div2>
<div2 type="scene" n='1'><head>SCÈNE I.I. LES Précédents, Un Valet.</head>
<sp who='UN VALET'><speaker>UN VALET.</speaker>
	<l id='67' part="i">Monsieur de Saint-Alban. </l>
</sp>
<sp who='NINON'><speaker>NINON.</speaker>
	<l id='67' part="f">L'ennemi de Molière !</l>
</sp>
<sp who='CHAPELLE'><speaker>CHAPELLE.</speaker>
	<l id='68'>Eh quoi ! Du Président l'odieux Secrétaire ! </l>
</sp>
<sp stage="anxious" who='NINON'><speaker>NINON, inquiète.</speaker>
	<l id='69' part="i">Je ne l'attendais pas et je tremble...</l>
</sp>
<sp who='CHAPELLE'><speaker>CHAPELLE.</speaker>
	<l id='69' part="f">Comment ! </l>
</sp>
<sp who='NINON'><speaker>NINON.</speaker>
	<l id='70'>Cet homme qui sait feindre un zèle si fervent </l>
	<l id='71'>Est un saint imposteur dont la visite cache </l>
	<l id='72'>Un but inquiétant. Vous savez qu'il s'attache </l>
	<l id='73'>À perdre dans l'esprit du premier Président </l>
	<l id='74'>Molière, et du Tartuffe est l'ennemi puissant. </l>
	<l id='75'>Je l'entends... Vous saurez tout ce qu'il va m'apprendre ; </l>
	<l id='76'>Au théâtre, ce soir, songez tous à vous rendre. </l>
</sp>
<sp who='CHAPELLE'><speaker>CHAPELLE.</speaker>
	<l id='77'>Oui Ninon ; voir Tartuffe, et céder à vos voeux , </l>
	<l id='78'>Au lieu d'un seul plaisir, c'est en rencontrer deux. </l>
<stage type="exit/together">Il sort avec les deux seigneurs.</stage>
</sp>
</div2>
<div2 type="scene" n='4'><head>SCÈNE IV. Saint-Alban, Ninon.</head>
<sp who='SAINT-ALBAN'><speaker>SAINT-ALBAN.</speaker>
	<l id='79'>Un motif important auprès de vous m'amène.</l>
	<l id='80' part="i">Madame. </l>
</sp>
<sp who='NINON'><speaker>NINON.</speaker>
	<l id='80' part="f">Je le crois, veuillez prendre la peine...</l>
</sp>
<sp who='SAINT-ALBAN'><speaker>SAINT-ALBAN.</speaker>
	<l id='81'>Non madame, deux mots : et je pars à l'instant. </l>
	<l id='82'>En vous Molière eucor trouve un appui constant, </l>
	<l id='83' part="i">M'a-t'on dit ? </l>
</sp>
<sp who='NINON'><speaker>NINON.</speaker>
	<l id='83' part="m">Il est vrai. </l>
</sp>
<sp who='SAINT-ALBAN'><speaker>SAINT-ALBAN.</speaker>
	<l id='83' part="f">Vous l'avouez sans crainte. </l>
</sp>
<sp who='NINON'><speaker>NINON.</speaker>
	<l id='84'>Molière est mon ami, je le redis sans feinte...</l>
</sp>
<sp who='SAINT-ALBAN'><speaker>SAINT-ALBAN.</speaker>
	<l id='85'>Quel ami ! Savez-vous quel complot odieux </l>
	<l id='86'>Il invente aujourd'hui pour tromper tous les yeux ? </l>
</sp>
<sp who='NINON'><speaker>NINON.</speaker>
	<l id='87' part="i">J'ignore tout ; parlez ?.... </l>
</sp>
<sp who='SAINT-ALBAN'><speaker>SAINT-ALBAN.</speaker>
	<l id='87' part="f">Je vais en confidence </l>
	<l id='88'>Vous révéler ce trait ; de votre confiance </l>
	<l id='89'>Vous verrez que cet homme est indigne à jamais. </l>
</sp>
<sp who='NINON'><speaker>NINON.</speaker>
	<l id='90' part="i">Mais, monsieur, parlez donc ? </l>
</sp>
<sp who='SAINT-ALBAN'><speaker>SAINT-ALBAN.</speaker>
	<l id='90' part="f">Connaissez ses forfaits. </l>
	<l id='91'>Vous savez qu'il répand que notre grand Monarque </l>
	<l id='92'>Qui, trop faible parfois, lui donna quelque marque </l>
	<l id='93'>D'une folle amitié, permet formellement </l>
	<l id='94' part="i">Que l'on joue à Paris Tartuffe... </l>
</sp>
<sp who='NINON'><speaker>NINON.</speaker>
	<l id='94' part="m">Eh bien ? </l>
</sp>
<sp who='SAINT-ALBAN'><speaker>SAINT-ALBAN.</speaker>
	<l id='94' part="f">Il ment. </l>
	<l id='95'>Moi-même, ainsi que vous, j'ai donné dans le piège : </l>
	<l id='96'>Mais je connais enfin son coupable manège. </l>
	<l id='97'>Par le courrier de Lille, à l'instant on m'écrit </l>
	<l id='98'>Que, par le Roi, l'ouvrage est défendu, proscrit. </l>
	<l id='99'>Vous voyez de quel tour Molière était capable ! </l>
	<l id='100'>Cessez de recevoir un homme si capable </l>
	<l id='101'>Qui pour mieux insulter les soutiens de la foi, </l>
	<l id='102'>Osait nous déguiser la volonté du Roi. </l>
</sp>
<sp who='NINON'><speaker>NINON.</speaker>
	<l id='103'>Non, Monsieur, je connais et j'estime Molière. </l>
	<l id='104'>On veut le perdre ; mais la ruse est trop grossière. </l>
	<l id='105'>L'ordre est vrai, bien donné ; le Tartuffe est permis ; </l>
	<l id='106'>Mais cet ordre est verbal : de méchants ennemis </l>
	<l id='107'>Le révoquent en doute et refusent d'y croire. </l>
	<l id='108'>Molière est innocent ; je l'aime et j'en fais gloire. </l>
	<l id='109'>Chez moi, vous le verrez à toute heure, en tout temps. </l>
	<l id='110'>J'admire sa bonté, ses vertus, ses talents. </l>
</sp>
<sp who='SAINT-ALBAN'><speaker>SAINT-ALBAN.</speaker>
	<l id='111'>Sa bonté ! Quand sa plume injurie et déchire : </l>
	<l id='112'>Ses vertus ! Quand son coeur pour mille attraits soupire : </l>
	<l id='113' part="i">Ses talents !... </l>
</sp>
<sp who='NINON'><speaker>NINON.</speaker>
	<l id='113' part="f">C'est assez ; partout ils sont connus. </l>
	<l id='114'>Ainsi, parlons plutôt de ses torts prétendus. </l>
	<l id='115'>Dans le Tartuffe enfin , que pouvez-vous reprendre ? </l>
</sp>
<sp who='SAINT-ALBAN'><speaker>SAINT-ALBAN.</speaker>
	<l id='116'>Ce que j'y reprends ? Dieux ! Mais faut-il vous l'apprendre ? </l>
	<l id='117'>Contre les vrais croyants, ses traits et ses bons mots...</l>
</sp>
<sp who='NINON'><speaker>NINON.</speaker>
	<l id='118'>Vous vous trompez : bien loin d'attaquer les dévots, </l>
	<l id='119'>À la religion il offre son génie </l>
	<l id='120'>Pour armer la raison contre l'hypocrisie. </l>
	<l id='121'>Saint-Alban, revenez de votre injuste erreur : </l>
	<l id='122'>Jugez-mieux de Molière et surtout de son coeur ; </l>
	<l id='123'>Gardez-vous d'imiter cette foule insensée </l>
	<l id='124'>Qui veut tuer l'esprit, enchaîner la pensée : </l>
	<l id='125'>Devenez de Molière et le guide et l'appui : </l>
	<l id='126'>Laissez, laissez jouer son ouvrage aujourd'hui, </l>
	<l id='127'>Et songez que partout à bon droit on renomme </l>
	<l id='128'>Celui qui s'avoua protecteur d'un grand homme. </l>
</sp>
<sp who='SAINT-ALBAN'><speaker>SAINT-ALBAN.</speaker>
	<l id='129'>Non Madame, Tartuffe est un enfant mort-né </l>
	<l id='130'>Qui, dès ce jour, doit être à l'oubli condamné. </l>
	<l id='131'>Le Président le veut : votre ardente prière , </l>
	<l id='132'>Celle des courtisans et de la France entière </l>
	<l id='133'>Ne me fléchiraient pas ; Tartuffe est au tombeau. </l>
</sp>
<sp who='NINON'><speaker>NINON.</speaker>
	<l id='134'>Vous croyez ? Son succès n'en sera pas moins beau. </l>
	<l id='135'>Vainement vous voulez qu'il meure, qu'on l'oublie ;</l>
	<l id='136'>Car moi je ferai tout pour le rendre à la vie. </l>
	<l id='137'>Oui, je veux lui donner un éclat mérité. </l>
	<l id='138'>Sur d'illustres amis en tout temps j'ai compté ; </l>
	<l id='139'>Je vais les réunir, et dans nn cercle immense </l>
	<l id='140'>Que l'on pourra nommer l'Elite de la France, </l>
	<l id='141'>Molière viendra lire avec empressement </l>
	<l id='142'>Cet ouvrage immortel que 1'intrigne défend. </l>
</sp>
<sp who='SAINT-ALBAN'><speaker>SAINT-ALBAN.</speaker>
	<l id='143' part="i">Quoi ? </l>
</sp>
<sp who='NINON'><speaker>NINON.</speaker>
	<l id='143' part="f">Pour les rassembler, je vole leur écrire. </l>
	<l id='144'>Ce soir ici venez, et vous entendrez lire </l>
	<l id='145'>Molière ; pour Théâtre, il aura ce Salon, </l>
	<l id='146'>Et l'un aura joué Tartuffe chez Ninon. </l>
</sp>
</div2>
<div2 type="scene" n='5'><head>SCÈNE V.</head>
<sp who='SAINT-ALBAN'><speaker>SAINT-ALBAN.</speaker>
	<l id='147'>Ah ! Vous voulez braver l'antorité suprême, </l>
	<l id='148'>Belle Ninon ! Craignez que mon courroux extrême.... </l>
	<l id='149'>Mais elle assemblera quelques hommes puissants </l>
	<l id='150'>Contre qui tous mes droits seront insuffisants. </l>
	<l id='151'>Tartuffe sera lu ; dès ce soir le grand monde </l>
	<l id='152'>Redira chaque vers, chaque mot qui nous fronde. </l>
	<l id='153'>À la ville, à la Cour, nous serons bafoués, </l>
	<l id='154'>Malgré notre pouvoir, publiquement joués... </l>
	<l id='155'>Ah ! Maudits soient Tartuffe, et Ninon, et Molière !</l>
	<l id='156'>Et puisse des auteurs, la race toute entière... </l>
	<l id='157'>Mais cherchons les moyens d'empêcher que ce soir... </l>
<stage type="exit">Laforêt entre.</stage>
</sp>
</div2>
<div2 type="scene" n='6'><head>SCÈNE VI. Saint-Alban, LaForêt.</head>
<sp who='LAFORÊT'><speaker>LAFORÊT.</speaker>
	<l id='158'>Mademoiselle Ninon... Je désirons la voir</l>
	<l id='159'>Ben vite... Je venons de la part de notr' maître </l>
	<l id='160'>Luii dire que... Monsieur?... Va-t-elle bentôt paraître ? </l>
	<l id='161'>C'est que c'est du la part d'un auteur son ami </l>
	<l id='162' part="i">De Molière, </l>
</sp>
<sp who='SAINT-ALBAN'><speaker>SAINT-ALBAN.</speaker>
	<l id='162' part="m">Molière ! En vérité...</l>
</sp>
<sp who='LAFORÊT'><speaker>LAFORÊT.</speaker>
	<l id='162' part="f">Mais oui, </l>
	<l id='163'>Et c'est moi que partout on nomme sa servante. </l>
</sp>
<sp who='SAINT-ALBAN'><speaker>SAINT-ALBAN.</speaker>
	<l id='164'>C'est vous dont le public depuis si longtemps vante </l>
	<l id='165' part="i">Les conseils que parfois vous donnez ?</l>
</sp>
<sp who='LAFORÊT'><speaker>LAFORÊT.</speaker>
	<l id='165' part="f">Oui monsieur. </l>
	<l id='166'>C'est moi que chaque jour, sauf un avis meilleur, </l>
	<l id='167'>Mon cher maître consulte avant que ses ouvrages </l>
	<l id='168'>Reçoivent du public de beaux et bons suffrages. </l>
</sp>
<sp who='SAINT-ALBAN'><speaker>SAINT-ALBAN.</speaker>
	<l id='169'>Je re m'étonne plus s'ils sont aussi mauvais. </l>
</sp>
<sp who='LAFORÊT'><speaker>LAFORÊT.</speaker>
	<l id='170'>Mauvais ! Vous voudriez, j'gage, les avoir faits. </l>
</sp>
<sp who='SAINT-ALBAN'><speaker>SAINT-ALBAN.</speaker>
	<l id='171' part="i">Grands Dieux ! </l>
</sp>
<sp who='LAFORÊT'><speaker>LAFORÊT.</speaker>
	<l id='171' part="f">Je regrettons que sa dernière pièce </l>
	<l id='172'>Soit arrêtée... Oh ! Dam ! Quel plaisir ! Quelle ivresse. </l>
	<l id='173'>Elle eut causé ce soir !... Un maudit Saint-Alban... </l>
	<l id='174'>Qui mène comme il veut monsieur le Président. </l>
</sp>
<sp who='SAINT-ALBAN'><speaker>SAINT-ALBAN.</speaker>
	<l id='175' part="i">Comment ?... </l>
</sp>
<sp who='LAFORÊT'><speaker>LAFORÊT.</speaker>
	<l id='175' part="f">Ce Saint-Alban dévot, ou qui sait l'faire , </l>
	<l id='176'>En secret, a dit-on , embrouillé cette affaire </l>
	<l id='177'>Si ben que notr' Tartuffe au moment d'etr'connu , </l>
	<l id='178'>Peut-être dans l'oubli, pour jamais est perdu. </l>
</sp>
<sp who='SAINT-ALBAN'><speaker>SAINT-ALBAN.</speaker>
	<l id='179' part="i">C'est dommage !...</l>
</sp>
<sp who='LAFORÊT'><speaker>LAFORÊT.</speaker>
	<l id='179' part="f">C'était une pièce de mérite ! </l>
	<l id='180'>Dans la France, il n'est pas un petit hypocrite </l>
	<l id='181'>Qui n'eut dit : Mais c'est moi... L'on prétend, je l'croyons, </l>
	<l id='182'>Que monsieur Saint-Alban pour de pareill' raisons </l>
	<l id='183'>L'a fait défendre exprès ; il a cru se r'connaître.... </l>
	<l id='184'>Entre nous, convenons que çà pourrait ben être. </l>
	<l id='185'>On voit dans cette pièce un homme ben cafard. </l>
	<l id='186'>Sensuel par nature et dévôt avec art, </l>
	<l id='187'>Qui contemplant ensemble, et le Ciel et les femmes, </l>
	<l id='188'>Garde pour lui les corps et donne à Dieu les âmes. </l>
	<l id='189'>Mais pour se vendre ainsi, que cet homme est donc sot ! </l>
	<l id='190'>On n'l'eut pas reconnu peut-êtr' s'il n'eut dit mot. </l>
	<l id='191'>Voilà comme souvent, par abus de puissance, </l>
	<l id='192'>Contre lui plus d'un Grand éveill' la médisance, </l>
	<l id='193'>Et ressemble au voleur qui sur le mot : coquin </l>
	<l id='194'>Se croyant appellé, s'empresse de dire : Hein. </l>
</sp>
<sp stage="angry" who='SAINT-ALBAN'><speaker>SAINT-ALBAN, en colère.</speaker>
	<l id='195' part="i">Ma mie... </l>
</sp>
<sp who='LAFORÊT'><speaker>LAFORÊT.</speaker>
	<l id='195' part="m">Eh qu'avez vous ? </l>
</sp>
<sp who='SAINT-ALBAN'><speaker>SAINT-ALBAN.</speaker>
	<l id='195' part="f">Finissez, je vous prie, </l>
	<l id='196' part="i">Cette comparaison... </l>
</sp>
<sp stage="aparte" who='LAFORÊT'><speaker>LAFORÊT, à part.</speaker>
	<l id='196' part="f">C'est un Grand je parie...</l>
	<l id='197' part="i">C'est égal, poursuivons. </l>
<stage type="loud">Haut.</stage>
	<l id='197' part="f">Vous êtes loin d' savoir </l>
	<l id='198'>Le tour qu'à Saint-Aiban mon maîtr' jouera ce soir. </l>
	<l id='199'>Pour que du Président il perd' la confiance, </l>
	<l id='200'>Il faut semer entr'eux la mésintelligence. </l>
	<l id='201'>Il faut qu'à Saint-Alban le Président demain </l>
	<l id='202'>Reproche avec humeur ce manèg' clandestin. </l>
	<l id='203' part="i">Notre moyen est sûr. </l>
</sp>
<sp who='SAINT-ALBAN'><speaker>SAINT-ALBAN.</speaker>
	<l id='203' part="f">Voyons donc ce miracle ? </l>
</sp>
<sp who='LAFORÊT'><speaker>LAFORÊT.</speaker>
	<l id='204'>Ce soir, quand le public sera dans not' spectacle, </l>
	<l id='205'>Il demand'ra Tartuff'. Les ouvrag's défendus </l>
	<l id='206'>Sont ceux que le public toujours aime le plus. </l>
</sp>
<sp who='SAINT-ALBAN'><speaker>SAINT-ALBAN.</speaker>
	<l id='207' part="i">Après... </l>
</sp>
<sp who='LAFORÊT'><speaker>LAFORÊT.</speaker>
	<l id='207' part="f">Molière dira : « Messieurs , c'est impossible. </l>
	<l id='208'>Un pareil contre-temps comme à vous m'est sensible ;</l>
	<l id='209'>Mais un ordre formel m'empêche par malheur </l>
	<l id='210'>De donner aujourd'hui Tartuffe ou l'Imposteur, </l>
	<l id='211'>Monsieur le Président ne veut pas qu'on le joue.»</l>
</sp>
<sp who='SAINT-ALBAN'><speaker>SAINT-ALBAN.</speaker>
	<l id='212' part="i">Quoi ?... </l>
</sp>
<sp who='LAFORÊT'><speaker>LAFORÊT.</speaker>
	<l id='212' part="f">C'est un bon soufflet qu'il aura sur la joue</l>
	<l id='213' part="i">Le Président ?</l>
</sp>
<sp stage="nervous" who='SAINT-ALBAN'><speaker>SAINT-ALBAN, irrité.</speaker>
	<l id='213' part="m">C'est trop... </l>
</sp>
<sp who='LAFORÊT'><speaker>LAFORÊT.</speaker>
	<l id='213' part="f">D'abord il le rec'vra , </l>
	<l id='214'>Et puis à Saint-Alban ben vite il le rendra. </l>
</sp>
<sp who='SAINT-ALBAN'><speaker>SAINT-ALBAN.</speaker>
	<l id='215' part="i">Ah ! Si Molière osait !... </l>
</sp>
<sp who='LAFORÊT'><speaker>LAFORÊT.</speaker>
	<l id='215' part="f">Sentez-vous l'équivoque ? </l>
	<l id='216'>Qu'on le joue.... Oh ! Je vols le public qui se moque </l>
<note type="L">Cagot : Faux dévot ; hypocrite, qui affecte de montrer des apparences de dévotion pour tromper, et pour parvenir à ses fins. [F]</note>
	<l id='217'>Du pauvre Président, si fourbe, si cagot. </l>
	<l id='218'>Je vois ce Saint-Alban enrager comme un sot. </l>
	<l id='219'>Il pouss' le Président à venger cette offense, </l>
	<l id='220'>Mais sur lui, dès ce soir, tombe tout' la vengeance. </l>
	<l id='221'>Le Président le chasse, et dit avec courroux : </l>
	<l id='222'>« On se moque de moi, pour se moquer de vous. » </l>
</sp>
<sp who='SAINT-ALBAN'><speaker>SAINT-ALBAN.</speaker>
	<l id='223' part="i">Que Molière !... </l>
</sp>
<sp who='LAFORÊT'><speaker>LAFORÊT.</speaker>
	<l id='223' part="m">Il le f'ra. </l>
</sp>
<sp who='SAINT-ALBAN'><speaker>SAINT-ALBAN.</speaker>
	<l id='223' part="f">D'un semblable artifice </l>
	<l id='224'>Dès demain, dès ce soir, les lois me font justice. </l>
<stage type="exit">Molière disparaît.</stage>
</sp>
</div2>
<div2 type="scene" n='7'><head>SCÈNE VII. Saint-Alban , Molière , Laforêt.</head>
<sp who='LAFORÊT'><speaker>LAFORÊT.</speaker>
	<l id='225' part="i">V'la mon maîtr'... </l>
</sp>
<sp who='SAINT-ALBAN'><speaker>SAINT-ALBAN.</speaker>
	<l id='225' part="m">Molière ! </l>
</sp>
<sp who='MOLIÈRE'><speaker>MOLIÈRE.</speaker>
	<l id='225' part="f">Ah ! Monsieur Saint-Alban ! </l>
</sp>
<sp stage="toward" who='LAFORÊT'><speaker>LAFORÊT, à Molière.</speaker>
	<l id='226'>Saint Alban, quoi ? Grand Dieu ! Sauvez-vous promptement. </l>
</sp>
<sp who='MOLIÈRE'><speaker>MOLIÈRE.</speaker>
	<l id='227' part="i">Eh pourquoi ? </l>
</sp>
<sp stage="toward" who="LAFORÊT"><speaker>LAFORÊT, à Molière.</speaker>
	<l id='227' part="f">J'ai tout dit... 0h ! Quelle étourderie ! </l>
	<l id='228' part="i">Sauvez-vous... </l>
</sp>
<sp who='MOLIÈRE'><speaker>MOLIÈRE.</speaker>
	<l id='228' part="m">Laisse-moi... </l>
</sp>
<sp who='SAINT-ALBAN'><speaker>SAINT-ALBAN.</speaker>
	<l id='228' part="f">De votre effronterie </l>
	<l id='229'>Je suis instruit , monsieur : et je vous apprendrai </l>
	<l id='230'>Qu'un magistrat honnête, et sage, et révéré </l>
	<l id='231'>N'est pas fait pour se voir l'objet des perfidies </l>
	<l id='232'>D'un fol auteur qui fait de sottes comédies. </l>
</sp>
<sp who='MOLIÈRE'><speaker>MOLIÈRE.</speaker>
	<l id='233'>Vos outrages, Monsieur, ne peuvent m'affecter ; </l>
	<l id='234'>Y répondre serait presque les mériter. </l>
	<l id='235'>L'honnête magistrat que la justice anime, </l>
	<l id='236'>A des droits , je le sais, à la publique estime : </l>
	<l id='237'>Mais il la perd bientôt grâces à ses flatteurs. </l>
	<l id='238'>Je connais de nos jours les vulgaires erreurs ; </l>
	<l id='239'>Chacun voit son portrait dans chaque comédie, </l>
	<l id='240'>Et l'orgueil de l'auteur gagne à cette manie. </l>
	<l id='241'>Si l'on se reconnaît, c'est qu'on est ressemblant. </l>
	<l id='242'>Oui, dans l'homme irrité, je crois voir cet enfant </l>
	<l id='243'>Qui choqué des défauts que son miroir retrace, </l>
	<l id='244'>Ne pouvant le changer, pleure et brise la glace. </l>
</sp>
<sp who='SAINT-ALBAN'><speaker>SAINT-ALBAN.</speaker>
	<l id='245'>Bien, fort bien : déclamez, monsieur le comédien ; </l>
	<l id='246'>Dites-nous de grands mots qui ne nous peignent rien. </l>
	<l id='247'>Mais je vais au fait, moi... Ce soir même, au théâtre,</l>
	<l id='248'>Quand vous réunirez votre foule idolâtre, </l>
	<l id='249'>Vous ferez demander le Tartuffe ; Voyons , </l>
	<l id='250'>Là, que répondrez-vous ? Direz-vous pour raisons ? </l>
	<l id='251'>« Monsieur le Président ne veut pas qu'on le joue. » </l>
</sp>
<sp who='MOLIÈRE'><speaker>MOLIÈRE.</speaker>
	<l id='252' part="i">Pourquoi non ? </l>
</sp>
<sp who='SAINT-ALBAN'><speaker>SAINT-ALBAN.</speaker>
	<l id='252' part="f">Sans détour il l'avoue ! </l>
	<l id='253'>Eh bien ! Mon cher monsieur, vous vous repentirez </l>
	<l id='254'>De ce mauvais bon mot ; vous verrez, vous verrez. </l>
	<l id='255'>Votre pièce n'était encor que suspendue : </l>
	<l id='256'>Vous pouvez dès ce jour la croire défendue. </l>
<stage type="aparte">À part.</stage>
	<l id='257' part="i">Il est calme...</l>
<stage type="loud">Haut. </stage>
	<l id='257' part="f">Bien plus ; ce chef-d'oeuvre nouveau </l>
	<l id='258'>Grâce à moi, sera brûlé par le bourreau. </l>
<stage type="aparte">À part. </stage>
	<l id='259' part="i">Il n'est pas plus ému...</l>
<stage type="loud">Haut. </stage>
	<l id='259' part="f">Vous changerez de style, </l>
	<l id='260'>Monsieur, il est encor des prisons dans la ville.</l>
<stage type="aparte">À part.</stage>
	<l id='261'>Il sourit.... Pour le coup signalons mon pouvoir , </l>
	<l id='262'>Et sachons empêcher sa lecture ce soir. </l>
	<l id='263'>Je dirai désormais à qui voudra l'entendre, </l>
	<l id='264'>Qu'un auteur est homme, un homme ! Un homme à pendre. </l>
<stage type="exit">Il sort.</stage>
</sp>
</div2>
<div2 type="scene" n=""><head>SCÈNE VIII. Molière, Laforêt.</head>
<sp who='MOLIÈRE'><speaker>MOLIÈRE.</speaker>
	<l id='265' part="i">Eh bien ? </l>
</sp>
<sp who='LAFORÊT'><speaker>LAFORÊT.</speaker>
	<l id='265' part="m">Eh bien ? </l>
</sp>
<sp who='MOLIÈRE'><speaker>MOLIÈRE.</speaker>
	<l id='265' part="f">Comme il se reconnaît ! </l>
	<l id='266'>Comme il a peur de lui ! Tu l'as vu ; son portrait </l>
	<l id='267'>L'a fait pâlir d'horreur, écumer de colère, </l>
	<l id='268'>Et sortir malgré lui de son saint caractère. </l>
</sp>
<sp who='LAFORÊT'><speaker>LAFORÊT.</speaker>
	<l id='269'>J'avais ben préparé ce qui vient d'arriver. </l>
</sp>
<sp who='MOLIÈRE'><speaker>MOLIÈRE.</speaker>
	<l id='270' part="i">Comment donc ? </l>
</sp>
<sp who='LAFORÊT'><speaker>LAFORÊT.</speaker>
	<l id='270' part="f">J'ignorais que je dusse trouver </l>
	<l id='271'>Ici votre ennemi : je croyais sur mon âme </l>
	<l id='272'>Que ce Monsieur était un ami de Madame : </l>
	<l id='273'>Et j'avais critiqué sans crainte, franchement, </l>
	<l id='274'>La fausse piété du maudit Saint-Alban. </l>
</sp>
<sp who='MOLIÈRE'><speaker>MOLIÈRE.</speaker>
	<l id='275'>Mais lu l'as critiqué sans lui dire d'injures. </l>
</sp>
<sp who='LAFORÊT'><speaker>LAFORÊT.</speaker>
	<l id='276'>Oui, j'ai dit seulement quelques vérités dures : </l>
	<l id='277' part="i">Qu'il était un cafard, un.... </l>
</sp>
<sp who='MOLIÈRE'><speaker>MOLIÈRE.</speaker>
	<l id='277' part="f">Mais y penses-tu? </l>
	<l id='278'>Un homme qui peut nuire ! Et qu'a-t-il répondu ? </l>
</sp>
<sp who='LAFORÊT'><speaker>LAFORÊT.</speaker>
	<l id='279'>Mais rien, il a semblé faire la sourde oreille. </l>
</sp>
<sp who='MOLIÈRE'><speaker>MOLIÈRE.</speaker>
	<l id='280'>Va, c'est ma chère enfant le lion qui sommeille. </l>
</sp>
</div2>
<div2 type="scene" n=""><head>SCÈNE IX. Les Précédents, Ninon écoutant sans se montrer.</head>
<sp who='LAFORÊT'><speaker>LAFORÊT.</speaker>
	<l id='281'>Mon cher maître, je crains de vous avoir fait tort.</l>
</sp>
<sp who='MOLIÈRE'><speaker>MOLIÈRE.</speaker>
	<l id='282'>Pourquoi ? N'ai-je pas dit que jusques à la mort, </l>
	<l id='283'>J'attaquerais de front et le crime et le vice ? </l>
	<l id='284'>C'est une tâche, un but qu'il faut que je remplisse. </l>
	<l id='285'>Je méprise et je hais tous ces lâches censeurs </l>
	<l id='286'>Qui du siècle voulant corriger les erreurs, </l>
	<l id='287'>Mettent leur livre au jour et se cachent dans l'ombre ;</l>
	<l id='288'>Moi, je brave les sots sans respect pour le nombre ; </l>
	<l id='289'>Je critique, censure, et ne tremble jamais </l>
	<l id='290'>Devant ceux dont j'offris les fidèles portraits. </l>
	<l id='291'>Aussi ce Saint-Alban par sa sainte présence </l>
	<l id='292'>N'a pu m'intimider, me contraindre au silence. </l>
	<l id='293'>Il peut faire arrêter Tartuffe et son auteur, </l>
	<l id='294'>Mais il ne changera ni mes voeux ni mon coeur. </l>
	<l id='295'>Qu'il soit absent, présent, je redirai sans cesse, </l>
	<l id='296'>« Le Tartuffe est de moi, je suis fier de ma pièce. » </l>
	<l id='297'>Il n'est pas un seul trait, un seul vers , un seul mot </l>
	<l id='298'>Que je veuille en ôter. C'est un auteur bien sot </l>
	<l id='299'>Que celui qui craignant tel parti qui le blâme, </l>
	<l id='300'>Sacrifie en tremblant une sage épigramme, </l>
	<l id='301'>Et qui se ravalant pour plaire à tel seigneur, </l>
	<l id='302'>Fait d'un tableau brillant, un portrait sans couleur. </l>
	<l id='303'>Je n'imiterai pas ces coupables faiblesses ;</l>
	<l id='304'>Je veux de vrais succès et non pas des caresses. </l>
	<l id='305'>J'ai besoin d'un grand nom, je n'ai pas besoin d'or : </l>
	<l id='306'>L'estime du public, voilà mon seul trésor ; </l>
	<l id='307'>Et je saurai toujours sans basse complaisance </l>
	<l id='308'>Peindre ce que je vois, dire ce que je pense... </l>
	<l id='309'>Si mon siècle me blâme et craint la vérité, </l>
	<l id='310'>J'aurai du moins écrit pour la postérité.</l>
</sp>
<sp stage="run/closer" who='NINON'><speaker>NINON, accourant à Molière.</speaker>
	<l id='311' part="i">Molière ! </l>
</sp>
<sp who='LAFORÊT'><speaker>LAFORÊT.</speaker>
	<l id='311' part="m">Mon cher maître !</l>
</sp>
<sp who='MOLIÈRE'><speaker>MOLIÈRE.</speaker>
<stage type="aparte">À part.</stage>
	<l id='311' part="m">Eh quoi Ninon !.... </l>
<stage type="loud">Haut.</stage>
	<l id='311' part="f">Madame </l>
	<l id='312' part="i">Vous m'avez entendu ?.... </l>
</sp>
<sp who='NINON'><speaker>NINON.</speaker>
	<l id='312' part="f">De coeur, d'esprit, et d'âme...</l>
	<l id='313'>Et je m'en applaudis. Oui, mon illustre ami, </l>
	<l id='314'>Entre mes plus beaux jours, je compte celui-ci. </l>
	<l id='315'>Quel feu dans vos discours ! Quelle noble énergie ! </l>
	<l id='316'>Que j'ai bien reconnu l'accent du vrai génie ! </l>
	<l id='317'>J'ai reconnu surtout l'auteur indépendant </l>
	<l id='318'>Qui prend la vérité pour seul frein du talent. </l>
	<l id='319'>Quelques soient vos succès, trop peu l'on vous renomme ;</l>
	<l id='320'>Vous pensez, vous parlez, ami, comme un grand homme.</l>
</sp>
<sp who='MOLIÈRE'><speaker>MOLIÈRE.</speaker>
	<l id='321' part="i">Madame...</l>
</sp>
<sp who='LAFORÊT'><speaker>LAFORÊT.</speaker>
	<l id='321' part="f">C'est le nom qu'un jour il obtiendra ; </l>
	<l id='322'>Il l'aura mérité, chacun en conviendra. </l>
</sp>
<sp who='NINON'><speaker>NINON.</speaker>
	<l id='323'>Mais revenons, Molière, à la raison subite </l>
	<l id='324'>Qui m'a fait désirer ici voire visite. </l>
	<l id='325' part="i">Car vous avez reçu mon billet.</l>
</sp>
<sp who='MOLIÈRE'><speaker>MOLIÈRE.</speaker>
	<l id='325' part="f">Oui Ninon,</l>
	<l id='326' part="i">Et je le garderai...</l>
</sp>
<sp who='NINON'><speaker>NINON.</speaker>
	<l id='326' part="m">Le garder ! </l>
</sp>
<sp who='MOLIÈRE'><speaker>MOLIÈRE.</speaker>
	<l id='326' part="f">Pour raison. </l>
</sp>
<sp who='NINON'><speaker>NINON.</speaker>
	<l id='327' part="i">C'est un mot. </l>
</sp>
<sp who='MOLIÈRE'><speaker>MOLIÈRE.</speaker>
	<l id='327' part="f">Il est vrai, mais ce mot est aimable. </l>
	<l id='328'>Vos yeux et votre esprit ont un pouvoir semblable ; </l>
	<l id='329'>Un regard peint l'amour, un mot peint l'amitié. </l>
</sp>
<sp stage="smile" who='NINON'><speaker>NINON, souriant.</speaker>
	<l id='330'>Le plus sûr est le mot... Si je vous ai prié </l>
	<l id='331'>De venir en ces lieux, vous doutez-vous, Molière, </l>
	<l id='332' part="i">De mon secret motif ? </l>
</sp>
<sp who='MOLIÈRE'><speaker>MOLIÈRE.</speaker>
	<l id='332' part="m">Non. </l>
</sp>
<sp who='NINON'><speaker>NINON.</speaker>
	<l id='332' part="f">Vous êtes sincère ? </l>
</sp>
<sp who='MOLIÈRE'><speaker>MOLIÈRE.</speaker>
	<l id='333' part="i">Comme vous quelquefois. </l>
</sp>
<sp stage="smile" who='NINON'><speaker>NINON, souriant.</speaker>
	<l id='333' part="f">Je vous entends, Monsieur, </l>
	<l id='334'>Puisqu'on ne peut jouer aujourd'hui l'Imposteur, </l>
	<l id='335'>Grâce à ce Saint-Alban, cagot et ridicule. </l>
	<l id='336' part="i">Vengez-vous. </l>
</sp>
<sp who='MOLIÈRE'><speaker>MOLIÈRE.</speaker>
	<l id='336' part="m">Eh comment ? </l>
</sp>
<sp who='NINON'><speaker>NINON.</speaker>
	<l id='336' part="f">Sans crainte et sans scrupule </l>
	<l id='337'>Venez lire ce soir votre ouvrage chez moi. </l>
</sp>
<sp who='MOLIÈRE'><speaker>MOLIÈRE.</speaker>
	<l id='338' part="i">Volontiers. </l>
</sp>
<sp who='NINON'><speaker>NINON.</speaker>
	<l id='338' part="f">Mon ami, dites ? De bonne foi </l>
	<l id='339' part="i">Cela vous fâche-t-il ? </l>
</sp>
<sp who='MOLIÈRE'><speaker>MOLIÈRE.</speaker>
	<l id='339' part="f">Eh pourquoi, je vous prie ? </l>
	<l id='340'>De lire chez Ninon, moi je me glorifie. </l>
</sp>
<sp who='NINON'><speaker>NINON.</speaker>
	<l id='341'>Vous êtes trop aimable... Alors avec raison </l>
	<l id='342'>J'ai mandé pour ce soir quelques gens du bon ton, </l>
	<l id='343'>Des amateurs et même... Il faut que je vous laisse </l>
	<l id='344'>Deviner quels amis entendront votre pièce. </l>
</sp>
<sp who='MOLIÈRE'><speaker>MOLIÈRE.</speaker>
	<l id='345' part="i">Monsieur_le_Prince. </l>
</sp>
<sp who='NINON'><speaker>NINON.</speaker>
	<l id='345' part="f">Oh ! Oui, le Prince à vos talents </l>
	<l id='346'>Rend justice, et lui seul impose aux médisants. </l>
	<l id='347' part="i">Ensuite... </l>
</sp>
<sp who='MOLIÈRE'><speaker>MOLIÈRE.</speaker>
	<l id='347' part="m">Sévigné, La Châtre.</l>
</sp>
<sp who='NINON'><speaker>NINON.</speaker>
	<l id='347' part="m">Non. </l>
</sp>
<sp who='MOLIÈRE'><speaker>MOLIÈRE.</speaker>
	<l id='347' part="f">Chapelle.</l>
</sp>
<sp who='NINON'><speaker>NINON.</speaker>
	<l id='348' part="i">Oui, poursuivez. </l>
</sp>
<sp who='MOLIÈRE'><speaker>MOLIÈRE.</speaker>
	<l id='348' part="m">Encor !</l>
</sp>
<sp who='NINON'><speaker>NINON.</speaker>
	<l id='348' part="f">L'assemblée est très belle ;</l>
	<l id='349' part="i">Devinez.</l>
</sp>
<sp who='MOLIÈRE'><speaker>MOLIÈRE.</speaker>
	<l id='349' part="m">Je ne puis. </l>
</sp>
<sp who='NINON'><speaker>NINON.</speaker>
	<l id='349' part="f">Vous y verrez, ami, </l>
	<l id='350'>L'enfant qu'avec orgueil Melpomène a nourri. </l>
</sp>
<sp who='MOLIÈRE'><speaker>MOLIÈRE.</speaker>
	<l id='351' part="i">Corneille !</l>
</sp>
<sp who='NINON'><speaker>NINON.</speaker>
	<l id='351' part="f">Et l'autre fils qui moins hardi, plus tendre, </l>
	<l id='352'>Aux succès de Corneille un jour pourra prétendre. </l>
</sp>
<sp who='MOLIÈRE'><speaker>MOLIÈRE.</speaker>
	<l id='353' part="i">Racine ! </l>
</sp>
<sp who='NINON'><speaker>NINON.</speaker>
	<l id='353' part="f">Un auteur froid, satyrique, malin, </l>
	<l id='354'>Mais homme plein d'esprit, et du goût le plus fin. </l>
</sp>
<sp who='MOLIÈRE'><speaker>MOLIÈRE.</speaker>
	<l id='355' part="i">Boileau !... Ciel !... Mais. </l>
</sp>
<sp who='NINON'><speaker>NINON.</speaker>
	<l id='355' part="f">Enfin cet auteur que l'on nomme </l>
	<l id='356'>Pour sa simplicité, sa candeur, un bonhomme ; </l>
	<l id='357'>Mais, qui par une fable, apprend la vérité, </l>
	<l id='358'>Et dans une fourmi, nous peint l'humanité. </l>
</sp>
<sp who='LAFORÊT'><speaker>LAFORÊT.</speaker>
	<l id='359' part="i">La Fontaine. </l>
</sp>
<sp who='MOLIÈRE'><speaker>MOLIÈRE.</speaker>
	<l id='359' part="f">Ninon, devant tous ces modèles </l>
	<l id='360' part="i">Vous voulez que ce soir.... </l>
</sp>
<sp who='NINON'><speaker>NINON.</speaker>
	<l id='360' part="f">Mais les Muses entre elles </l>
	<l id='361' part="i">Ne doivent pas trembler. </l>
</sp>
<sp who='MOLIÈRE'><speaker>MOLIÈRE.</speaker>
	<l id='361' part="f">Ces soeurs-là me font peur : </l>
	<l id='362'>Chez elles bien souvent l'esprit, fait tort au coeur. </l>
	<l id='363' part="i">Et Corneille... </l>
</sp>
<sp who='NINON'><speaker>NINON.</speaker>
	<l id='363' part="f">Sans vous n'aimerait pas Thalie.</l>
</sp>
<sp who='MOLIÈRE'><speaker>MOLIÈRE.</speaker>
	<l id='364' part="i">Mais l'élégant Racine...</l>
</sp>
<sp who='NINON'><speaker>NINON.</speaker>
	<l id='364' part="f">Aime la comédie </l>
	<l id='365'>D'un style naturel, donc la vôtre lui plaît. </l>
</sp>
<sp who='MOLIÈRE'><speaker>MOLIÈRE.</speaker>
	<l id='366'>Boileau va censurer plan, scènes et sujet ; </l>
	<l id='367'>Il dira : « Tout est mal, la pièce est détestable, </l>
	<l id='368'>Le caractère est faux , l'intrigue misérable. » </l>
</sp>
<sp who='NINON'><speaker>NINON.</speaker>
	<l id='369'>Boileau vous a jugé digne de ses avis,</l>
	<l id='370'>Peut-il vous critiquer ? Vous les avez suivis. </l>
	<l id='371'>La Fontaine ! Pour lui vous ne le craignez guère, </l>
	<l id='372'>Ami de la nature, il doit chérir Molière... </l>
	<l id='373'>Allons, remettez-vous d'une vaine terreur, </l>
	<l id='374'>Et venez recevoir un suffrage flatteur.</l>
	<l id='375'>Aujourd'hui l'intérêt, l'amitié, la vengeance </l>
	<l id='376'>Doivent vous décider à cette complaisance. </l>
</sp>
<sp who='MOLIÈRE'><speaker>MOLIÈRE.</speaker>
	<l id='377'>L'amitié me suffit : ce motif est de tous, </l>
	<l id='378'>Celui qui me paraît le plus fort, le plus doux. </l>
	<l id='379'>Obéir à Ninon, c'est chercher à lui plaire, </l>
	<l id='380'>Lui plaire c'est remplir le désir de la terre. </l>
	<l id='381'>Ainsi compter sur moi, je vais de cet écrit </l>
	<l id='382'>Apporter à l'instant chez vous le manuscrit. </l>
	<l id='383'>Je suis moins inquiet du succès de l'ouvrage ; </l>
	<l id='384'>Car lire devant vous, déjà c'est un suffrage. </l>
</sp>
<sp who='LAFORÊT'><speaker>LAFORÊT.</speaker>
	<l id='385'>L'ouvrage est admirable.... Il vous plaira, je crois. </l>
	<l id='386'>Nous l'avons corrigé tous deux plus de vingt fois. </l>
<stage type="exit">Molière et Laforêt sortent.</stage>
</sp>
</div2>
<div2 type="scene" n=""><head>SCÈNE X.</head>
<sp stage="alone" who='NINON'><speaker>NINON, seule.</speaker>
	<l id='387'>Eh ! Comment pour ami ne pas garder Molière ? </l>
	<l id='388'>Mon orgueil en jouit et mon âme en est fière. </l>
	<l id='389'>Oui, ma tranquillité dépend de son repos. </l>
	<l id='390'>Je méprise avec lui, les envieux, les sots : </l>
	<l id='391'>Avec lui je rirai constamment de leur haine. </l>
	<l id='392'>Je lui dirai toujours : « Livre les à la scène. </l>
	<l id='393'>Rends-nous de leurs travers confidents et témoins ; </l>
	<l id='394'>Ils t'aimeraient bien plus s'ils te redoutaient moins.</l>
	<l id='395'>Ne les épargne pas, ils sont nés pour te craindre : </l>
	<l id='396'>Tu sauras les punir quand tu voudras les peindre. »</l>
	<l id='397' part="i">Voici Chapelle... Eh bien ! </l>
</sp>
</div2>
<div2 type="scene" n="11"><head>SCÈNE XI. Ninon, Chapelle.</head>
<sp who='CHAPELLE'><speaker>CHAPELLE.</speaker>
	<l id='397' part="f">Tous vos amis viendront ; </l>
	<l id='398'>À des ordres si doux, Madame, ils se rendront... </l>
	<l id='399'>Vous verrez tout-à-l'heure et Racine et Corneille. </l>
</sp>
<sp who='NINON'><speaker>NINON.</speaker>
	<l id='400' part="i">Le Grand Condé.</l>
</sp>
<sp who='CHAPELLE'><speaker>CHAPELLE.</speaker>
	<l id='400' part="m">Boileau, La Fontaine. </l>
</sp>
<sp who='NINON'><speaker>NINON.</speaker>
	<l id='400' part="f">À merveille. </l>
	<l id='401'>Quand Molière nous lit un chef-d'oeuvre nouveau, </l>
	<l id='402'>Ah ! le cercle jamais ne peut être assez beau. </l>
	<l id='403'>J'aime des vrais talents l'élite réunie, </l>
	<l id='404'>Car le génie est fait pour juger le génie. </l>
</sp>
<sp stage="give" who='CHAPELLE'><speaker>CHAPELLE, lui remettant un billet.</speaker>
<note type="L">Chaulieu, Guillaume Amfrye abbé de [1639-1720] : poète libertin français.</note>
	<l id='405'>Chaulieu seul ne pourra venir au rendez-vous ;</l>
	<l id='406' part="i">Ce billet...</l>
</sp>
<sp who='NINON'><speaker>NINON.</speaker>
	<l id='406' part="f">Quelque belle aura le pas sur nous...</l>
</sp>
<sp who='CHAPELLE'><speaker>CHAPELLE.</speaker>
	<l id='407' part="i">Voyez.... </l>
</sp>
<sp stage="read" who='NINON'><speaker>NINON, lit.</speaker>
	<l id='407' part="f">Belle Ninon, une goutte ennemie </l>
	<l id='408'>Enchaîne mes membres perdus ; </l>
	<l id='409'>Je vois mal, je ne marche plus ;</l>
	<l id='410'>Toute la nuit je veille, et tout le jour je crie : </l>
	<l id='411'>Mais quoique ma douleur me laisse peu d'espoir, </l>
	<l id='412'>Le chagrin de ne pas vous voir </l>
	<l id='413'>Est ma plus grande maladie. </l>
	<l id='414'>Être au milieu de mes amis, </l>
	<l id='415'>Voir Ninon, entendre Molière, </l>
	<l id='416'>Était le Paradis sur terre : </l>
	<l id='417'>Ce bonheur ne m'est pas permis. </l>
	<l id='418'>...................... </l>
	<l id='419'>Je le perds, plaignez mes disgrâces ; </l>
	<l id='420'>Du destin je maudis les lois ; </l>
	<l id='421'>C'est trop souffrir que de perdre à-la-fois </l>
	<l id='422' part="i">L'amitié, l'esprit...</l>
</sp>
<sp who='CHAPELLE'><speaker>CHAPELLE.</speaker>
	<l id='422' part="f">Et les grâces. » </l>
</sp>
<sp who='NINON'><speaker>NINON.</speaker>
	<l id='423'>S'il est malade, au moins son esprit ne l'est pas. </l>
</sp>
<sp who='CHAPELLE'><speaker>CHAPELLE.</speaker>
	<l id='424'>Quel esprit le serait pour chanter vos appas ? </l>
</sp>
<sp who='NINON'><speaker>NINON.</speaker>
	<l id='425' part="i">J'entends quelqu'un. </l>
</sp>
</div2>
<div2 type="scene" n=""><head>SCÈNE XII. Les précédents, Corneille, Racine, La Fontaine, Boileau.</head> 
<sp who='NINON'><speaker>NINON.</speaker>
	<l id='425' part="f">C'est vous Corneille, La Fontaine, </l>
	<l id='426' part="i">Boileau, Racine , ah bien ! </l>
</sp>
<sp who='CORNEILLE'><speaker>CORNEILLE.</speaker>
	<l id='426' part="f">Aux ordres d'une Reine... </l>
</sp>
<sp stage="exit" who='NINON'><speaker>NINON, sortant.</speaker>
	<l id='427' part="i">Les Rois manquent souvent. </l>
</sp>
<sp who='LA FONTAINE'><speaker>LA FONTAINE.</speaker>
	<l id='427' part="m">Nous Rois...</l>
</sp>
<sp who='NINON'><speaker>NINON.</speaker>
	<l id='427' part="f">Par le talent.</l>
</sp>
<sp who='LA FONTAINE'><speaker>LA FONTAINE.</speaker>
	<l id='428'>Je n'ai que des troupeaux dans mon Gouvernement... </l>
</sp>
<sp who='BOILEAU'><speaker>BOILEAU.</speaker>
	<l id='429' part="i">Et tu les mènes bien. </l>
</sp>
<sp who='NINON'><speaker>NINON.</speaker>
	<l id='429' part="f">En attendant Molière, </l>
	<l id='430'>Le Prince de Condé qui ne tarderont guère, </l>
	<l id='431'>Dites-moi la Chronique : avez-vous aujourd'hui </l>
	<l id='432' part="i">Dans Paris entendu quelque nouvelle ? </l>
</sp>
<sp who='RACINE'><speaker>RACINE.</speaker>
	<l id='432' part="f">Oui, </l>
	<l id='433'>Les honneurs qu'à la Cour obtint le grand Corneille.</l>
</sp>
<sp who='NINON'><speaker>NINON.</speaker>
	<l id='434'>Est-ce une pension, rente, ou faveur pareille ? </l>
</sp>
<sp who='RACINE'><speaker>RACINE.</speaker>
	<l id='435' part="i">C'est plus cent fois. </l>
</sp>
<sp who='LA FONTAINE'><speaker>LA FONTAINE.</speaker>
	<l id='435' part="m">Quoi donc ? </l>
</sp>
<sp who='NINON'><speaker>NINON.</speaker>
	<l id='435' part="f">Expliquez-vous ? Parlez ? </l>
</sp>
<sp who='RACINE'><speaker>RACINE.</speaker>
	<l id='436'>Seigneurs et courtisans s'étaient tous rassemblés </l>
	<l id='437'>Pour entendre le Cid : même de sa présence </l>
	<l id='438'>Le Monarque honorait cette assemblée immense </l>
	<l id='439'>Après une grande heure et d'attente et d'ennui, </l>
	<l id='440'>On demanda Corneille ; il ne manquait que lui : </l>
	<l id='441'>On murmure tout haut : CornsiUe arrive, passe, </l>
	<l id='442'>Et sans le saluer chacun reste à sa place. </l>
	<l id='443'>Il s'approche du Roi ; Louis à son aspect </l>
	<l id='444'>Se lève, et devant lui s'incline avec respect. </l>
	<l id='445'>La Cour l'imite ; alors, quoique sans diadème, </l>
	<l id='446'>Corneille paraissait plus Roi que le Roi même. </l>
</sp>
<sp who='CHAPELLE'><speaker>CHAPELLE.</speaker>
	<l id='447'>Ah ! Que ce trait est beau ! Messieurs les courtisans, </l>
	<l id='448'>Vous apprendrez qu'il faut honorer les talents, </l>
	<l id='449' part="i">Et vous serez moins fiers. </l>
</sp>
<sp who='RACINE'><speaker>RACINE.</speaker>
	<l id='449' part="f">L'anecdote est certaine </l>
	<l id='450' part="i">Car j'étais spectateur. </l>
</sp>
<sp who='NINON'><speaker>NINON.</speaker>
	<l id='450' part="f">Dites-moi, La Fontaine ? </l>
	<l id='451'>Celle qui court sur vous et dont l'on a tant ri. </l>
</sp>
<sp who='LA FONTAINE'><speaker>LA FONTAINE.</speaker>
	<l id='452' part="i">Laquelle ? </l>
</sp>
<sp who='NINON'><speaker>NINON.</speaker>
<note type="C">La Fontaine est originaire de Château-Thierry à l'Est de Paris.</note>
	<l id='452' part="f">Ce voyage à Château-Thierry. </l>
</sp>
<sp who='CORNEILLE'><speaker>CORNEILLE.</speaker>
	<l id='453'>Oui, voulant rétablir la paix dans son ménage </l>
	<l id='454'>Pour aller voir sa femme, il fait un long voyage, </l>
	<l id='455'>Revient sans l'avoir vue. As-tu rempli ton but ? </l>
	<l id='456'>Lui dit-on... Non vraiment, elle était au Salut. </l>
</sp>
<sp who='LA FONTAINE'><speaker>LA FONTAINE.</speaker>
	<l id='457'>J'avais garde vraiment de déranger ma femme, </l>
	<l id='458'>Elle avait tant besoin de prier pour son âme ! </l>
</sp>
<sp who='NINON'><speaker>NINON.</speaker>
	<l id='459'>Racine ; vos débats avec le cher Boileau </l>
	<l id='460' part="i">Sont-ils finis ? </l>
</sp>
<sp who="RACINE"><speaker>RACINE.</speaker>
	<l id='460' part="f">Toujours mon courroux est nouveau. </l>
	<l id='461'>Sans nul ménagement, sans cesse il me critique ; </l>
	<l id='462'>De trouver des défauts, on dirait qu'il se pique. </l>
	<l id='463'>Lorsque de mon rival ! Je me crois délivré, </l>
	<l id='464'>Il me dit aussitôt du ton d'un inspiré : </l>
<note type="C">Vers 172 de "L'Art poétique" de Boileau.</note>
	<l id='465'>« Vingt fois sur le métier remettez votre ouvrage, »</l>
	<l id='466'>J'ai toujours ses conseils et jamais son suffrage. </l>
</sp>
<sp who='BOILEAU'><speaker>BOILEAU.</speaker>
	<l id='467'>Racine, vous croyez mes avis indiscrets. </l>
	<l id='468'>Je vous critique avant, pour vous louer après. </l>
	<l id='469'>La gloire sans effort est un bien périssable : </l>
	<l id='470'>Il faut la mériter quand on la veut durable.. </l>
	<l id='471'>Les succès usurpés n'ont jamais qu'un moment. </l>
	<l id='472'>Les efforts concertés peuvent pour un instant </l>
	<l id='473'>D'un peuple enthousiaste égarer le suffrage, </l>
	<l id='474'>Mais bientôt du bon goût le temps vengeant l'outrage, </l>
	<l id='475'>Vient livrer à l'oubli la médiocrité. </l>
	<l id='476'>L'intrigue lutte en vain, de la postérité </l>
	<l id='477'>Le jour s'élève, luit ; l'ombre pâlit, s'efface , </l>
	<l id='478'>Le fantôme s'éclipse, et tout reprend sa place. </l>
</sp>
</div2>
<div2 type="scene" n="13"><head>SCÈNE XIII. Les Précédents, Le Prince de Condé , Laforêt se cache derrière Ninon, tenant une lettre à la main.</head>
<sp who="UN VALET"><speaker>LE VALET.</speaker>
	<l id='479' part="i">Le Prince de Condé.</l>
</sp>
<sp who="TOUS"><speaker>TOUS.</speaker>
	<l id='479' part="m">Monseigneur... </l>
</sp>
<sp who='LE PRINCE'><speaker>LE PRINCE.</speaker>
	<l id='479' part="f">Mes amis, </l>
	<l id='480'>Il est bien doux pour moi de me trouver admis </l>
	<l id='481'>Dans le cercle brillant des grâces, du génie. </l>
</sp>
<sp who='NINON'><speaker>NINON.</speaker>
	<l id='482'>Prince, et de la valeur ; car la France est remplie </l>
	<l id='483' part="i">Du bruit de vos exploits. </l>
</sp>
<sp who='LE PRINCE'><speaker>LE PRINCE.</speaker>
	<l id='483' part="f">Cessez de m'en parler. </l>
	<l id='484'>La guerre est un fléau ; Messieurs, la rappeler </l>
	<l id='485'>C'est m'offrir, je l'avoue, un souvenir pénible. </l>
	<l id='486'>Plus je montre au combat, un coeur froid, inflexible,</l>
	<l id='487'>Plus, après le triomphe, un sentiment secret </l>
	<l id='488'>M'entraîne à la douleur et me livre au regret. </l>
	<l id='489'>Je m'éloigne, et reviens dans le sein de nos villes </l>
	<l id='490'>Couler des jours plus purs, moins brillants, plus tranquilles ;</l>
	<l id='491'>Je rends enfin le calme à mon coeur agité, </l>
	<l id='492'>Et je jouis des arts auprès de la beauté. </l>
	<l id='493' part="i">Mais où donc est Molière ! </l>
</sp>
<sp stage="watch" who='NINON'><speaker>NINON, voyant Laforêt.</speaker>
	<l id='493' part="f">Eh ! Voilà sa servante. </l>
	<l id='494' part="i">Que fais- lu là ? </l>
</sp>
<sp who='LAFORÊT'><speaker>LAFORÊT.</speaker>
	<l id='494' part="f">Mais rien ; j'étais impatiente... </l>
</sp>
<sp who='NINON'><speaker>NINON.</speaker>
	<l id='495' part="i">Que veux -tu ? </l>
</sp>
<sp stage="low/toward" who='LAFORÊT'><speaker>LAFORÊT, tout bas à Ninon.</speaker>
	<l id='495' part="f">J'attendais Madame que par ici </l>
	<l id='496'>Vous regardiez : mon maître a ben plus de souci. </l>
	<l id='497' part="i">J'crois qu'il ne viendra pas. </l>
</sp>
<sp who='NINON'><speaker>NINON.</speaker>
	<l id='497' part="f">Ciel ! Que viens-tu me dire ? </l>
</sp>
<sp who='LAFORÊT'><speaker>LAFORÊT.</speaker>
	<l id='498'>Monsieur le Président lui défend de vous lire </l>
	<l id='499' part="i">Tartuffe. </l>
</sp>
<sp who='NINON'><speaker>NINON.</speaker>
	<l id='499' part="f">Quoi ! Molière à cet ordre a cédé ! </l>
</sp>
<sp stage="low" who='LAFORÊT'><speaker>LAFORÊT, bas.</speaker>
	<l id='500'>J'n'en sais rien ; mais ce s'rait, y m' semble ben hasardé </l>
	<l id='501'>De vouloir se moquer d'un' menace aussi claire : </l>
	<l id='502'>Il ne m'a pas encor consulté dans s' t'affaire. </l>
</sp>
<sp who='LE PRINCE'><speaker>LE PRINCE.</speaker>
	<l id='503'>Quoi ! Molière pourrait lâchement effrayé ?...</l>
</sp>
<sp who='CORNEILLE'><speaker>CORNEILLE.</speaker>
	<l id='504'>Que Molière par vous soit mieux apprécié ! </l>
	<l id='505'>De céder à la peur son âme est incapable. </l>
</sp>
<sp who='RACINE'><speaker>RACINE.</speaker>
	<l id='506'>Il ne doit pas garder un silence coupable. </l>
</sp>
<sp who='NINON'><speaker>NINON.</speaker>
	<l id='507'>Moi, je gage, écartant un injuste soupçon, </l>
	<l id='508' part="i">Qu'il lira le Tartuffe. </l>
<stage type="entrance">Molière parait.</stage>
</sp>
</div2>
<div2 type="scene" n="14"><head>SCÈNE XIV. Les Précédents, Molière.</head>
<sp who='MOLIÈRE'><speaker>MOLIÈRE.</speaker>
	<l id='508' part="f">Et vous avez raison. </l>
	<l id='509'>Prince... C'est bien assez qu'une défense expresse </l>
	<l id='510'>Sans cause, sans motif, ait arrêté ma pièce, </l>
	<l id='511'>Qu'on m'ait injustement dépouillé de mes droits ! </l>
	<l id='512'>Un hypocrite encor veut étouffer ma voix ! </l>
	<l id='513' part="i">Non. </l>
</sp>
<sp who='NINON'><speaker>NINON.</speaker>
	<l id='513' part="f">J'étais sûre, moi, de connaître Molière. </l>
</sp>
<sp stage="aparte" who='LAFORÊT'><speaker>LAFORÊT, à part.</speaker>
	<l id='514'>Nous avons toujours eu beaucoup de caractère. </l>
</sp>
<sp who='NINON'><speaker>NINON.</speaker>
<stage type="location">Les acteurs se placent dans l'ordre du tableau de Monsieur Mon**au. </stage>
	<l id='515' part="i">Allons, plaçons-nous tous.</l>
</sp>
<sp stage="aparte" who='LAFORÊT'><speaker>LAFORÊT, à part.</speaker>
	<l id='515' part="f">V'là vraiment un tableau </l>
	<l id='516'>Dont un peintre pourrait honorer son pinceau. </l>
<stage type="location">Se plaçant derrière Molière.</stage>
	<l id='517'>Moi, je me tiendrai là, d'abord pour mieux entendre ;</l>
	<l id='518'>Puis, si vous lisez mal, je pourrai vous reprendre. </l>
</sp>
<sp stage="read" who='MOLIÈRE'><speaker>MOLIÈRE, lit.</speaker>
<p id="1">
	<s id='1'>« Le Tartuffe , comédie en cinq actes et en vers. »</s>
</p>
<stage type="entrance">Saint-Alban parait.</stage>
</sp>
</div2>
<div2 type="scene" n="15"><head>SCÈNE XV. Les Précédents, Saint-Alban an fond de la scène.</head>
<sp stage="aparte" who="SAINT-ALBAN"><speaker>SAINT-ALBAN, à part.</speaker>
	<l id='519'>Comment ?... Il va lire !... Ah ! Je viens fort à propos. </l>
</sp>
<sp who='MOLIÈRE'><speaker>MOLIÈRE.</speaker>
	<l id='520'>Avant de commencer, je vais en peu de mots </l>
	<l id='521'>Exposer à vos yeux le but de cet ouvrage. </l>
	<l id='522'>D'un habile imposteur je veux peindre l'image. </l>
</sp>
<sp stage="low/toward" who='LAFORÊT'><speaker>LAFORÊT, bas à Molière.</speaker>
	<l id='523' part="i">Saint-Alban nous écoute...</l>
</sp>
<sp stage="low" who='MOLIÈRE'><speaker>MOLIÈRE, bas.</speaker>
	<l id='523' part="f">Il nous écoute, bon,... </l>
<stage type="loud/stand">Haut et se levant.</stage>
	<l id='524'>Le héros de ma pièce a les airs et le ton </l>
	<l id='525'>D'un fourbe consommé, d'un adroit hypocrite, </l>
	<l id='526'>Vainement on le craint, on le fuit, on l'évite ; </l>
	<l id='527'>De se trouver partout, il a plus d'un moyen. </l>
	<l id='528'>Il pense toujours mal, il parle toujours bien. </l>
	<l id='529'>Il ment par piété, nous trompe en conscience , </l>
	<l id='530'>Et sans jamais donner, prêche la bienfaisance. </l>
	<l id='531'>Pour lui, feindre est un art, et nuire est un besoin. </l>
</sp>
<sp stage="show" who="SAINT-ALBAN"><speaker>SAINT-ALBAN, se montrant.</speaker>
	<l id='532' part="i">Me voilà.... </l>
</sp>
<sp who='NINON'><speaker>NINON.</speaker>
	<l id='532' part="m">Quoi ? </l>
</sp>
<sp stage="aparte" who="SAINT-ALBAN"><speaker>SAINT-ALBAN, à part.</speaker>
	<l id='532' part="f">Messieurs, vous me croyiez bien loin. </l>
</sp>
<sp who='NINON'><speaker>NINON.</speaker>
	<l id='533'>Vous êtes dans l'erreur : nous pensions au contraire </l>
	<l id='534' part="i">Que nous allions vous voir. </l>
</sp>
<sp stage="aparte" who="SAINT-ALBAN"><speaker>SAINT-ALBAN, à part.</speaker>
	<l id='534' part="f">Cette épigramme est claire. </l>
</sp>
<sp who='LE PRINCE'><speaker>LE PRINCE.</speaker>
	<l id='535' part="i">Asseyez-vous. </l>
</sp>
<sp stage="low/toward" who='NINON'><speaker>NINON, bas au Prince.</speaker>
	<l id='535' part="f">De lui rions tous un moment. </l>
</sp>
<sp stage="low/toward" who="SAINT-ALBAN"><speaker>SAINT-ALBAN, bas au Prince.</speaker>
	<l id='536'>Prince, vous écoutez un ouvrage imprudent </l>
	<l id='537'>Qui ne paraîtra pas, que le Roi va défendre. </l>
</sp>
<sp who='NINON'><speaker>NINON.</speaker>
	<l id='538'>Nous devons d'autant plus désirer de l'entendre. </l>
</sp>
<sp stage="low/toward" who="SAINT-ALBAN"><speaker>SAINT-ALBAN, bas au Prince.</speaker>
	<l id='539'>Si par hasard au Roi ce voeu semble indiscret ! </l>
</sp>
<sp who='LE PRINCE'><speaker>LE PRINCE.</speaker>
	<l id='540' part="i">Avez-vous sur ce point reçu ?...</l>
</sp>
<sp who="SAINT-ALBAN"><speaker>SAINT-ALBAN.</speaker>
	<l id='540' part="f">L'ordre est secret. </l>
</sp>
<sp who='LE PRINCE'><speaker>LE PRINCE.</speaker>
	<l id='541' part="i">Eh bien, n'en parlez plus. </l>
</sp>
<sp who="SAINT-ALBAN"><speaker>SAINT-ALBAN.</speaker>
	<l id='541' part="f">Sans parler davantage </l>
	<l id='542'>De défense, parlons du sujet de l'ouvrage. </l>
	<l id='543'>Voilà des gens de goût, des auteurs bien connus </l>
	<l id='544'>Dont on cite en tous lieux les talents, les vertus. </l>
	<l id='545'>Je veux m'en rapporter à leur docte suffrage...</l>
	<l id='546'>Corneille, convenez qu'un pareil personnage... </l>
</sp>
<sp who='CORNEILLE'><speaker>CORNEILLE.</speaker>
	<l id='547' part="i">Est bas et vil... </l>
</sp>
<sp stage="laugh" who="SAINT-ALBAN"><speaker>SAINT-ALBAN riant.</speaker>
	<l id='547' part="m">Eh bien ? </l>
</sp>
<sp who='CORNEILLE'><speaker>CORNEILLE.</speaker>
	<l id='547' part="f">Mais plein de vérité. </l>
</sp>
<sp who="SAINT-ALBAN"><speaker>SAINT-ALBAN.</speaker>
	<l id='548' part="i">Comment ?</l>
</sp>
<sp who='CORNEILLE'><speaker>CORNEILLE.</speaker>
	<l id='548' part="f">C'est le fléau de la société...</l>
	<l id='549'>S'il n'eut par ses défauts dégradé Melpomène, </l>
	<l id='550'>Avant Molière, moi, je l'eusse mis en scène. </l>
</sp>
<sp who="SAINT-ALBAN"><speaker>SAINT-ALBAN.</speaker>
	<l id='551'>Il est fou ! Vous Boileau, dont j'aime la raison </l>
	<l id='552'>Qui n'avez jusqu'ici rien pu trouver de bon... </l>
	<l id='553'>Convenez que la pièce est au moins détestable. </l>
</sp>
<sp who='BOILEAU'><speaker>BOILEAU.</speaker>
	<l id='554'>Mais La Fontaine hier m'a dit certaine fable </l>
	<l id='555'>Qui pourra réunir les avis sur ce point. </l>
	<l id='556' part="i">Bonhomme, dis-nous là. </l>
</sp>
<sp who='LA FONTAINE'><speaker>LA FONTAINE.</speaker>
	<l id='556' part="f">Je ne m'en souviens point. </l>
</sp>
<sp who="SAINT-ALBAN"><speaker>SAINT-ALBAN.</speaker>
	<l id='557' part="i">Bon. </l>
</sp>
<sp who='CHAPELLE'><speaker>CHAPELLE.</speaker>
	<l id='557' part="m">Je la sais. </l>
</sp>
<sp who="SAINT-ALBAN"><speaker>SAINT-ALBAN.</speaker>
	<l id='557' part="m">Messieurs... </l>
</sp>
<sp stage="nervous" who='LE PRINCE'><speaker>LE PRINCE, avec humeur.</speaker>
	<l id='557' part="f">Ferez-vous donc silence ? </l>
</sp>
<sp who="SAINT-ALBAN"><speaker>SAINT-ALBAN.</speaker>
	<l id='558'>Prince, soyez certain de mon obéissance. </l>
</sp>
<sp who='CHAPELLE'><speaker>CHAPELLE.</speaker>
<stage type="title">Le Serpent et la Lime.</stage>
<poem type="fable">
<lg id="1">
	<l id='559'>On conte qu'un serpent voisin d'un horloger, </l>
	<l id='560'>( C'était pour l'horloger , un mauvais voisinage ) </l>
	<l id='561'>Entra dans sa boutique, et cherchant à manger </l>
	<l id='562'>N'y rencontra pour tout potage </l>
	<l id='563'>Qu'une lime d'acier qu'il se mit à ronger. </l>
	<l id='564'>Cette lime lui dit, sans se mettre en colère : </l>
	<l id='565'>Pauvre ignorant. Eh ! Que prétends-tu faire ? </l>
	<l id='566'>Tu te prends à plus fort que toi ; </l>
	<l id='567'>Petit serpent à tête folle, </l>
	<l id='568'>Tu ne peux emporter de moi </l>
	<l id='569'>Seulement le quart d'une obole </l>
	<l id='570'>Tu le romprais toutes les dents, </l>
	<l id='571'>Je ne crains que celles du temps. </l>
	<l id='572'>Ceci s'adresse à vous, esprits du dernier ordre </l>
	<l id='573'>Qui sur gens à talents cherchez toujours à mordre ; </l>
	<l id='574'>Vous vous tourmentez vainement : </l>
	<l id='575'>Croyez-vous que vos dents impriment leurs outrages </l>
	<l id='576'>Sur tant de beaux ouvrages ? </l>
	<l id='577'>Ils sont pour vous d'airain, d'acier, de diamant. </l>
</lg>
</poem>
</sp>
<sp who="SAINT-ALBAN"><speaker>SAINT-ALBAN.</speaker>
	<l id='578' part="i">Bah ! bah... </l>
</sp>
</div2>
<div2 type="scene" n="16"><head>SCÈNE XVI et dernière. Les précédents, Un page, Un valet.</head>
<sp who="UN VALET"><speaker>UN VALET.</speaker>
	<l id='578' part="f">Monsieur Molière, un page vous demande. </l>
</sp>
<sp who="UN PAGE"><speaker>UN PAGE.</speaker>
	<l id='579' part="i">J'arrive de Lille, </l>
</sp>
<sp stage="laugh" who="SAINT-ALBAN"><speaker>SAINT-ALBAN, riant.</speaker>
	<l id='579' part="f">Oui, voyez ce qu'on vous mande. </l>
</sp>
<sp who="UN PAGE"><speaker>UN PAGE.</speaker>
	<l id='580' part="i">L'ordre doit concerner une pièce. </l>
</sp>
<sp who="SAINT-ALBAN"><speaker>SAINT-ALBAN.</speaker>
	<l id='580' part="f">Ah ! J'entends...</l>
	<l id='581'>La défense... Mon cher, vous arrivez à temps. </l>
</sp>
<sp who="TOUS"><speaker>TOUS.</speaker>
	<l id='582' part="i">Lisez... </l>
</sp>
<sp who='NINON'><speaker>NINON.</speaker>
	<l id='582' part="f">De cet écrit quelle est la signature ? </l>
</sp>
<sp who='MOLIÈRE'><speaker>MOLIÈRE.</speaker>
<stage type="read">Il lit. </stage>
	<l id='583' part="i">Signé Louis.</l>
<stage type="toward">À Ninon.</stage>
	<l id='583' part="f">Lisez, ce grand nom me rassure. </l>
</sp>
<sp who="SAINT-ALBAN"><speaker>SAINT-ALBAN.</speaker>
	<l id='584'>Daignez lire vous-même adorable Ninon ! </l>
</sp>
<sp stage="get" who='NINON'><speaker>NINON, prenant la lettre.</speaker>
	<l id='585' part="i">Je tremble.... </l>
</sp>
<sp who='MOLIÈRE'><speaker>MOLIÈRE.</speaker>
	<l id='585' part="f">Et moi j'attends sans nulle émotion. </l>
</sp>
<sp who='NINON'><speaker>NINON.</speaker>
<p id="2">
	<s id="1">« Après avoir lu attentivement la comédie du Tartuffe, après avoir pesé les réflexions le notre premier Président qui nous peint cette pièce comme attaquant les meurs la religion, et renfermant des personnalités ; nous avons trouvé que ce chef-d'oeuvre ne pouvait offenser que les hypocrites ; or, nous permettons, même nous ordonnons qu'on la représente dans toutes les villes de la France. »</s>
</p>
</sp>
<sp who='MOLIÈRE'><speaker>MOLIÈRE.</speaker>
	<l id='586'>Ô mon roi, je dois tout à la justice extrême. </l>
</sp>
<sp who='LE PRINCE'><speaker>LE PRINCE.</speaker>
	<l id='587'>Honorer le talent, c'est s'honorer soi-même. </l>
	<l id='588'>Cet acte généreux vaut mieux que cent exploits ;</l>
	<l id='589'>Le triomphe des arts fait la gloire des Rois. </l>
</sp>
<sp who='CORNEILLE'><speaker>CORNEILLE.</speaker>
	<l id='590'>Le Prince, par l'effet de cet ordre propice, </l>
	<l id='591'>Nous récompense tous en vous rendant justice. </l>
</sp>
<sp who='NINON'><speaker>NINON.</speaker>
	<l id='592'>La lecture à présent serait de trop, je crois. </l>
</sp>
<sp who='MOLIÈRE'><speaker>MOLIÈRE.</speaker>
	<l id='593'>Laforêt, mon enfant , cours, cours vile chez moi. </l>
	<l id='594'>Que dans tous les quartiers, les carrefours, les rues, </l>
	<l id='595'>Dix mille affiches soient à l'instant répandues... </l>
	<l id='596'>Pour annoncer enfin au public de Paris </l>
	<l id='597' part="i">Qu'on jouera le Tartuffe. </l>
</sp>
<sp who='NINON'><speaker>NINON.</speaker>
	<l id='597' part="f">Il sera bien surpris. </l>
</sp>
<sp who="SAINT-ALBAN"><speaker>SAINT-ALBAN.</speaker>
	<l id='598' part="i">Comment faire à présent !.... </l>
</sp>
<sp who="UN SEIGNEUR"><speaker>UN SEIGNEUR.</speaker>
	<l id='598' part="f">La probité vous laisse </l>
	<l id='599'>Un excellent moyen, faites tomber la pièce. </l>
</sp>
<sp who='LAFORÊT'><speaker>LAFORÊT.</speaker>
	<l id='600'>Moi j' vais au paradis, si j' vois queuqu'censeur </l>
	<l id='601'>Je crierai, mais ben haut : À bas le cabaleur. </l>
	<l id='602'>Et s'il redouble encor, moi j'agirai de sorte </l>
	<l id='603'>Que le public se lève et lui crie : À la porte. </l>
</sp>
<sp who='NINON'><speaker>NINON.</speaker>
	<l id='604'>Molière, à ce succès nous applaudissons tous ; </l>
	<l id='605'>Votre triomphe est même un triomphe pour nous. </l>
	<l id='606'>Mais au sein du bonheur, au comble de la gloire</l>
	<l id='607'>De vos amis, de moi, conservez la mémoire. </l>
	<l id='608'>Que l'esprit, la valeur, viennent dans ce Salon </l>
	<l id='609'>Retrouver quelquefois Molière chez Ninon. </l>
<stage type="entrance">Nota. Dans la scène XIII, les deux Seigneurs qui ont paru dans les premières scènes, entrent avec le Prince de Condé.</stage>
</sp>
</div2>
</div1>
</body>
</text>
</TEI>