<?xml version="1.0" encoding="utf-8" ?>
<TEI xml:lang="fr">
<teiHeader>
		<fileDesc>
			<titleStmt>
				<title>VALENTIN, COMÉDIE.</title>
			<author ISNI="0000 0001 2283 1524">Jules CLARETIE (1840-1913)</author>
			</titleStmt>
			<publicationStmt>	
				<publisher>publié par Paul FIEVRE, juillet 2017.</publisher>
				<idno>CLARETIE_VALENTIN</idno>
			<rights>Creative Commons BY-NC-SA</rights>
			</publicationStmt>
			<SourceDesc>
				<genre>Comédie</genre>
				<inspiration>moeurs</inspiration>
				<type>prose</type>
				<structure>Un acte</structure>
				<periode>1881-1890</periode>
				<taille>(mesure non pertinente)</taille>
				<permalien>http://gallica.bnf.fr/ark:/12148/bpt6k207939j</permalien>
			</SourceDesc>
		</fileDesc>
</teiHeader>
<text>
	<front>
		<docTitle>
			<titlePart type="main">VALENTIN</titlePart>
			<titlePart type="sub">COMÉDIE EN UN ACTE</titlePart>
		</docTitle> 
		<docDate value='1881'>1881.</docDate>
		<docAuthor id="CLARETIE, Jules" bio='claretie'>PAR JULES CLARETIE</docAuthor>
		<docImprint>
			<privilege id=''></privilege>
			<acheveImprime id=''></acheveImprime>
			<editor id='TRESSE'>À PARIS, TRESSE, Galerie du Théâtre Français, PALAIS-ROYAL.</editor>
		</docImprint>
	<castList><head>PERSONNAGES</head>
	<castItem><role id="LE COMTE" sex="1" type="H" statut='comte' age='A' stat_amour='néant'>LE COMTE</role>.</castItem>
	<castItem><role id="LA COMTESSE" sex="2" type="H" statut='comte' age='A' stat_amour='néant'>LA COMTESSE</role>.</castItem>	
	<castItem><role id="VALENTIN" sex="1" type="H" statut="valet" age='A' stat_amour='néant'>VALENTIN</role>, valet de chambre.</castItem>
	</castList>
<set location="Paris" country="France" periode="XIXème" gps="48.856614, 2.352222"></set>
<note>Paru dans "Saynètes et monologues", Troisième série, Paris, Tresse Editeur, 1881. pp. 107-127</note>
</front>
<body>
<div1 type="act" n="1"><head>VALENTIN</head>
<div2 type="scene" n="1" stage="away/back"><head>SCÈNE I. LA COMTESSE, VALEXTIN, allant et venant.</head>
<stage type="costume/read">Valentin est un grand garçon, fort élégant, le profil régulier, d'aspect classique, les favoris longs et irréprochables taillés ; l'air d'un diplomate, n'étais sa livrée qu'il porte fièrement : culotte courte, bas blancs bien tirés et laissant saillir des mollets nerveux. - La comtesse feuillette un livre.</stage>
<sp stage="aparte" who="LA COMTESSE"><speaker>LA COMTESSE, à part.</speaker>
<p id="1">
	<s id="1">Jamais cette lecture ne m'a causé une telle émotion ! J'en suis vraiment troublée... </s>
	<s id="2">Suis-je sotte !</s>
</p>
<stage type="toward">À Valentin.</stage>
<p id="2">
	<s id="1">Valentin. </s>
	<s id="2">Rapportez ce livre dans ma bibliothèque.</s>
</p>
<stage type="closer">Valentin s'approche.</stage>
<p id="3">
	<s id="1">Non, au fait, je le garde.</s>
</p>
<stage type="aparte">À part.</stage>
<p id="4">
	<s id="1">Ce garçon n'aurait qu'à examiner le titre, à refléchir et à deviner ce déplorable secret. Ces gens-là sont fins comme des limiers de police ! </s>
	<s id="2">- Allez,Valentin,je n'ai plus besoin de vous !</s>
</p>
<stage type="sigh">Elle reprend, avec un soupir, la lecture de son livre. Tout à coup un bruit de cristal brisé la fait légèrement bondir.</stage>
<p id="5">
	<s id="1">Eh bien ! </s>
	<s id="2">Quoi ? </s>
	<s id="3">Qu'avez-vous fait, Valentin ?</s>
</p>
</sp>
<sp stage="confuse/embarrassed" who="VALENTIN"><speaker>VALENTIN, confus et un peu rouge.</speaker>
<p id="6">
	<s id="1">Madame_la_Comtesse me pardonnera... </s>
	<s id="2">J'avais cru voir la un grain de poussière, je me suis approché... et... en soufflant... comme ça... ça s'est cassé !</s>
</p>
</sp>
<sp stage="despite" who="LA COMTESSE"><speaker>LA COMTESSE, avec dépit.</speaker>
<p id="7">
	<s id="1">Oh ! </s>
	<s id="2">Ma jolie coupe de Venise ! L</s>
	<s id="3">Les ouvriers de Murano l'avaient fabriquée pour moi, lorsque nous avons visité... </s>
	<s id="4">Monsieur_le_Comte et moi.</s>
</p>
<stage type="aparte">À part.</stage>
<p id="8">
	<s id="1">Le Comte était charmant alors ! </s>
</p>
<stage type="loud">Haut.</stage>
<p id="9">
	<s id="1">Un bijou, cette coupe ! </s>
	<s id="2">À mes armes ! </s>
	<s id="3">On n'est pas plus maladroit que vous, Valentin ! </s>
	<s id="4">Vous êtes insupportable vous cassez, vous brisez !... </s>
	<s id="5">Une oeuvre d'art ! </s>
	<s id="6">Un objet unique !... </s>
	<s id="7">Quel malheur !</s>
</p>
</sp>
<sp stage="get" who="VALENTIN"><speaker>VALENTIN, ramassant les éclats du verre.</speaker>
<p id="10">
	<s id="1">Oh ! </s>
	<s id="2">Madame, il y a un Auvergnat, - un voisin - le beau-frère de Madame Ernoux, la charbonnière - qui raccommode ces choses-là si bien, si bien... que ça double leur valeur !</s>
</p>
</sp>
<sp who="LA COMTESSE"><speaker>LA COMTESSE.</speaker>
<p id="11">
	<s id="1">Vous êtes un sot ! </s>
	<s id="2">Ah ! </s>
	<s id="3">Ma pauvre jolie coupe !... </s>
	<s id="4">Je suis agacée à en briser une seconde.... </s>
	<s id="5">Si j'avais le pendant !</s>
</p>
</sp>
</div2>
<div2 type="scene" n="2"><head>SCÈNE II. Les Mêmes, Le Comte. </head> 
<stage type="costume">Il est correctement vêtu, à la dernière mode, sans affectation.</stage>
<sp stage="toward" who="LE COMTE"><speaker>LE COMTE, le lorgnon à l'oeil, regardant Valentin.</speaker>
<p id="1">
	<s id="1">Eh bien ! </s>
	<s id="2">Quoi encore ?</s>
</p>
</sp>
<sp who="LA COMTESSE"><speaker>LA COMTESSE.</speaker>
<p id="2">
	<s id="1">Ne m'en parlez pas ! </s>
	<s id="2">Ce Valentin... </s>
	<s id="3">Mon souvenir de Murano, vous savez bien ?</s>
</p>
</sp>
<sp stage="calm" who="LE COMTE"><speaker>LE COMTE, flegmatiquement.</speaker>
<note type="L">Delft ; Nom d'une ville des Pays-Bas, célèbre pour sa production de faïence qui prirent le nom de la ville.</note>
<p id="3">
	<s id="1">Ah oui! </s>
	<s id="2">La petite coupe ? </s>
	<s id="3">Eh bien, mais, chère amie, c'est moderne ça ! </s>
	<s id="4">Ça peut se retrouver ! </s>
	<s id="5">Ce que je reproche bien autrement à Valentin, c'est ce vieux Delft de l'autre jour... </s>
	<s id="6">Enfin, il ne le fait pas exprès. </s>
	<s id="7">N'est-ce pas, Valentin ? </s>
	<s id="8">Vous ne le faites pas exprès ?</s>
</p>
</sp>
<sp stage="get" who="VALENTIN"><speaker>VALENTIN, qui a achevé de ramasser les fragments.</speaker>
<p id="4">
	<s id="1">Comment, Monsieur_le_Comte pourrait-il croire ?... </s>
	<s id="2">J'ai d'autant plus le respect des bibelots, que je suis amateur moi-même. </s>
	<s id="3">J'ai commencé une petite réunion de faïences... </s>
	<s id="4">Et je serais même bienheureux et bien flatté de descendre l'embryon de ma future collection, si Monsieur_le_Comte voulait me faire l'honneur de jeter un coup d'oeil sur...</s>
</p>
</sp>
<sp who="LA COMTESSE"><speaker>LA COMTESSE.</speaker>
<p id="5">
	<s id="1">Bien ! bien ! </s>
</p>
<stage type="toward">Au Comte.</stage>
<p id="6">
	<s id="1">Vous allez souffrir que votre valet de chambre vous propose de visiter sa galerie, maintenant ?</s>
</p>
<stage type="laugh">Le comte se met à rire.</stage>
</sp>
<sp who="LE COMTE"><speaker>LE COMTE.</speaker>
<p id="7">
	<s id="1">Allez, Valentin !</s>
</p>
</sp>
<sp who="VALENTIN"><speaker>VALENTIN.</speaker>
<p id="8">
	<s id="1">Madame La Comtesse veut-elle que je porte ces débris à l'Auvergnat dont j'ai parlé à Madame_la_Comtesse ?</s>
</p>
</sp>
<sp who="LA COMTESSE"><speaker>LA COMTESSE.</speaker>
<p id="9">
	<s id="1">Non ! </s>
	<s id="2">Non ! </s>
	<s id="3">Jetez cela, ou gardez-le pour votre collection, puisque collection il y a.</s>
</p>
<stage type="quick">Se reprenant vivement.</stage>
<p id="10">
	<s id="1">Mais non... </s>
	<s id="2">Non... </s>
	<s id="3">Jetez ce verre ! </s>
	<s id="4">Jetez-le, vous m'entendez</s>
</p>
<stage type="aparte">À part.</stage>
<p id="11">
	<s id="1">Il n'aurait qu'à le conserver comme un souvenir ! </s>
</p>
<stage type="wave/exit">Valentin s'incline et sort.</stage>
</sp>
</div2>
<div2 type="scene" n="3"><head>SCÈNE III. Le Comte, La Comtesse.</head>
<sp who="LE COMTE"><speaker>LE COMTE.</speaker>
<p id="1">
	<s id="1">Sa collection ! </s>
	<s id="2">Pourquoi pas son Musée ? </s>
	<s id="3">Il est fort drôle, ce Valentin ! </s>
	<s id="5">Je ne sais pas s'il est très-dévoué, mais il est drôle. </s>
	<s id="6">Il m'amuse !</s>
</p>
</sp>
<sp who="LA COMTESSE"><speaker>LA COMTESSE.</speaker>
<p id="2">
	<s id="1">Le fait est que vous avez un faible pour lui. </s>
	<s id="2">J'ai beau me plaindre de sa gaucherie, de sa maladresse, vous trouvez toujours une bonne raison pour me démontrer que c'est par dévouement qu'il met en miettes les objets auxquels je tiens le plus !</s>
</p>
</sp>
<sp who="LE COMTE"><speaker>LE COMTE.</speaker>
<p id="3">
	<s id="1">Et ce n'est pas du tout un paradoxe. </s>
	<s id="2">Valentin déteste la poussière. </s>
	<s id="3">Il lui fait la guerre, et, comme ces soldats qui ravagent un champ de blé en chassant l'ennemi, il casse... </s>
	<s id="4">Par excès de zèle !</s>
</p>
</sp>
<sp who="LA COMTESSE"><speaker>LA COMTESSE.</speaker>
<p id="4">
	<s id="1">Vous prenez les choses gaiement, vous!</s>
</p>
</sp>
<sp who="LE COMTE"><speaker>LE COMTE.</speaker>
<p id="5">
	<s id="1">Je suis de mon temps. </s>
	<s id="2">Le drame n'est p!us à la mode. </s>
	<s id="3">Et puis que deviendrais-je si je tournais tout au tragique ? </s>
	<s id="4">Tenez, par exemple, chère amie, - sans reproche – vous êtes avec moi d'une froideur... terrifiante. </s>
	<s id="5">On ne traite pas comme vous le faites un mari qui est, en somme, un fort honnête homme, et très sincèrement épris de sa femme. </s>
	<s id="6">Vous riez ? </s>
	<s id="7">Je vous donne ma parole d'honneur que je vous aime !</s>
</p>
</sp>
<sp stage="sigh" who="LA COMTESSE"><speaker>LA COMTESSE, soupirant.</speaker>
<p id="6">
	<s id="1">Ce ne sont pas là des choses qui se jurent, ce sont des choses qui se prouvent.</s>
</p>
</sp>
<sp stage="serious" who="LE COMTE"><speaker>LE COMTE, avec intention.</speaker>
<p id="7">
	<s id="1">Vous me mettez si peu à l'épreuve, Comtesse ! </s>
	<s id="2">Il veut s'approcher. </s>
	<s id="3">La comtesse se recule.</s>
</p>
</sp>
<sp who="LA COMTESSE"><speaker>LA COMTESSE.</speaker>
<p id="8">
	<s id="1">Et Madame de Brives ? </s>
	<s id="2">Lui avez-vous juré ou prouvé que vous l'aimiez ?</s>
</p>
</sp>
<sp who="LE COMTE"><speaker>LE COMTE.</speaker>
<p id="9">
	<s id="1">Ni prouvé, ni juré. </s>
	<s id="2">Parole d'honneur.</s>
</p>
</sp>
<sp who="LA COMTESSE"><speaker>LA COMTESSE.</speaker>
<p id="10">
	<s id="1">Encore ! </s>
	<s id="2">Vous m'avez déjà donné tout à l'heure cette parole là... </s>
	<s id="3">Vous la dépensez un peu trop en petite monnaie !</s>
</p>
</sp>
<sp who="LE COMTE"><speaker>LE COMTE.</speaker>
<p id="11">
	<s id="1">Point du tout, ma chère. </s>
	<s id="2">C'est une pièce d'or qui court, mais qui ne perd pour cela pas une fraction de sa valeur.</s>
</p>
</sp>
<sp who="LA COMTESSE"><speaker>LA COMTESSE.</speaker>
<note type="C">Marton et Frontin ou Assaut de Valets, est une comédie en un acte et en prose de J.-B. Dubois crée le 15 Janvier 1804.</note>
<p id="12">
	<s id="1">Toujours est-il que vous jouez avec Madame de Brives cette comédie de société... </s>
	<s id="2">Comment donc appelez-vous la pièce ? </s>
	<s id="3">Ah ! </s>
	<s id="4">« Frontin et Marton ! » </s>
	<s id="5">Et je trouve que vous répétez bien souvent !</s>
</p>
</sp>
<sp who="LE COMTE"><speaker>LE COMTE.</speaker>
<p id="13">
	<s id="1">La pièce n'en sera que mieux jouée !... </s>
	<s id="2">Mais vous n'avez guère sujet de vous inquiéter ! </s>
	<s id="3">C'est monsieur de Brives lui-même qui est notre souffleur !</s>
</p>
</sp>
<sp who="LA COMTESSE"><speaker>LA COMTESSE.</speaker>
<p id="14">
	<s id="1">La belle raison ! </s>
	<s id="2">Avec ça que le souffleur y voit toujours clair !</s>
</p>
</sp>
<sp who="LE COMTE"><speaker>LE COMTE.</speaker>
<p id="15">
	<s id="1">Eh bien, mais, il y a un moyen de tout arranger. </s>
	<s id="2">Madame de Brives est assez désolée de jouer une soubrette. </s>
	<s id="3">Elle ne se voit, comme elle dit, que dans les grandes coquettes. </s>
	<s id="4">Prenez son rôle. </s>
	<s id="5">Vous serez Marton, je serai Frontin, ce sera charmant.</s>
</p>
</sp>
<sp who="LA COMTESSE"><speaker>LA COMTESSE.</speaker>
<p id="16">
	<s id="1">Ma foi, non !</s>
</p>
</sp>
<sp who="LE COMTE"><speaker>LE COMTE.</speaker>
<p id="17">
	<s id="1">Ce ne serait pas charmant ?</s>
</p>
</sp>
<sp who="LA COMTESSE"><speaker>LA COMTESSE.</speaker>
<p id="18">
	<s id="1">Je ne dis pas cela ! </s>
	<s id="2">Je dis « Ma foi non, je ne jouerai pas la comédie avec vous! » </s>
	<s id="3">Je suis un peu de l'avis de Madame de Brives, je trouve qu'il n'est pas fort agréable de jouer Mademoiselle Marton. </s>
	<s id="4">Pourquoi donc avez-vous choisi cette comédie-là ? </s>
	<s id="5">On a l'air de représenter sa femme de chambre et son domestique.</s>
</p>
</sp>
<sp who="LE COMTE"><speaker>LE COMTE.</speaker>
<p id="19">
	<s id="1">Justement. </s>
	<s id="2">C'est une petite débauche qui a son prix. </s>
	<s id="3">Vous me croirez si vous voulez, j'ai étudié, pour mieux entrer dans le personnage, la démarche de Valentin !</s>
</p>
</sp>
<sp who="LA COMTESSE"><speaker>LA COMTESSE.</speaker>
<p id="20">
	<s id="1">De Valentin ?</s>
</p>
</sp>
<sp who="LE COMTE"><speaker>LE COMTE.</speaker>
<p id="21">
	<s id="1">De Valentin. </s>
	<s id="2">Vous n'avez donc pas remarqué que c'est un type, ce Valentin ? </s>
	<s id="3">Superbe d'abord ! </s>
	<s id="4">Et d'une élégance ! </s>
	<s id="5">On se demande parfois où ces gens vont prendre cette race-là !</s>
</p>
</sp>
<sp stage="embarrassed/hésitate" who="LA COMTESSE"><speaker>LA COMTESSE, troublée, hésitante.</speaker>
<p id="22">
	<s id="1">C'est vrai.</s>
</p>
</sp>
<sp who="LE COMTE"><speaker>LE COMTE.</speaker>
<p id="23">
	<s id="1">C'est même une chose qui m'a toujours profondément frappé et humilié, dans les réceptions, cette différence entre les valets de pied et les invités, différence qui n'est pas toujours - tant s'en faut ! </s>
	<s id="2">- En faveur des personnes nées ! </s>
	<s id="3">Cela ferait croire à de petites anecdotes rétrospectives et à ce qu'on appelle l'atavisme !</s>
</p>
</sp>
<sp who="LA COMTESSE"><speaker>LA COMTESSE.</speaker>
<p id="24">
	<s id="1">Oh ! </s>
	<s id="2">Mon cher Comte, je vous en prie, défaites-vous, au moins pour moi, de ces grands mots scientifiques qui me font l'effet de gros mots, si bien qu'on se demande quand on les entend prononcer, s'il faut sourire ou rougir. </s>
	<s id="3">Atavisme ! </s>
	<s id="4">Je lis la Revue, mais quand je rencontre ces articles là, je les passe, vous le savez bien !</s>
</p>
</sp>
<sp who="LE COMTE"><speaker>LE COMTE.</speaker>
<note type="C">Ruy Blas est un drame romantique en cinq actes et en vers de théâtre de Victor Hugo créée en 1838.</note>
<p id="25">
	<s id="1">Et vous avez tort. </s>
	<s id="2">La poésie est une belle chose, mais la physiologie en est une autre. </s>
	<s id="3">Il faut tout connaître. </s>
	<s id="4">Qu'est ce que vous lisiez donc là justement ?</s>
</p>
<stage type="get">Il prend le livre.</stage>
<p id="26">
	<s id="1">Ruy-Blas.</s>
</p>
</sp>
<sp stage="touch" who="LA COMTESSE"><speaker>LA COMTESSE, émue.</speaker>
<p id="27">
	<s id="1">Quel beau drame ! </s>
	<s id="2">Quels admirables vers ! </s>
	<s id="3">À la bonne heure, il n'est pas question de votre physiologie et de votre atavisme là-dedans.</s>
</p>
</sp>
<sp who="LE COMTE"><speaker>LE COMTE.</speaker>
<p id="28">
	<s id="1">Comment ! </s>
	<s id="2">Il n'en est pas question ? </s>
	<s id="3">Un laquais aime une reine d'Espagne, une souveraine adore un laveur de vaisselle, et vous ne trouvez pas qu'il y a là une puissance physiologique évidente ?</s>
</p>
</sp>
<sp who="LA COMTESSE"><speaker>LA COMTESSE.</speaker>
<p id="29">
	<s id="1">Allons, bien vous me rappelez votre docteur Bidois lorsque vous discutiez histoire naturelle ! </s>
	<s id="2">Si l'on vous croyait, il n'y aurait que le matérialisme en ce monde !</s>
</p>
</sp>
<sp who="LE COMTE"><speaker>LE COMTE.</speaker>
<p id="30">
	<s id="1">Bon ! </s>
	<s id="2">Me voilà matérialiste à présent ! </s>
	<s id="3">Dénoncez-moi tout de suite à ce père oblat, qui vous confesse ! </s>
	<s id="4">Je dis, ma chère, que si la reine d'Espagne aime Ruy-Blas, c'est que l'amour, cette attraction instinctive, ce... cette... je vous passe la définition scientifique... </s>
	<s id="5">L'amour donc, se moque complètement des distances et des distinctions sociales et que...</s>
</p>
</sp>
<sp who="LA COMTESSE"><speaker>LA COMTESSE.</speaker>
<p id="31">
	<s id="1">Mon cher Comte, je vous préviens charitablement que vous allez dire des sottises. </s>
	<s id="2">Ruy-Blas est un drame admirable, mais je vous assure que c'est un conte de fées. </s>
	<s id="3">Une grande dame ne peut pas aimer un domestique...</s>
</p>
</sp>
<sp who="LE COMTE"><speaker>LE COMTE.</speaker>
<p id="32">
	<s id="1">Vous êtes, je n'oserais pas dire naïve, mais candide, chère mie !</s>
</p>
</sp>
<sp who="LA COMTESSE"><speaker>LA COMTESSE.</speaker>
<p id="33">
	<s id="1">Je parle d'une honnête femme !</s>
</p>
</sp>
<sp who="LE COMTE"><speaker>LE COMTE.</speaker>
<p id="34">
	<s id="1">Et moi aussi !</s>
</p>
</sp>
<sp who="LA COMTESSE"><speaker>LA COMTESSE.</speaker>
<p id="35">
	<s id="1">Une honnête femme peut aimer son domestique ?</s>
</p>
</sp>
<sp who="LE COMTE"><speaker>LE COMTE.</speaker>
<p id="36">
	<s id="1">Parfaitement. </s>
	<s id="2">Et je ne songe, notez bien, ni à Madame de Varens ni à Jean-Jacques Rousseau. </s>
</p>
</sp>
<sp who="LA COMTESSE"><speaker>LA COMTESSE.</speaker>
<p id="37">
	<s id="1">Son do-mes-tique ? </s>
	<s id="2">Quelle folie ?</s>
</p>
</sp>
<sp who="LE COMTE"><speaker>LE COMTE.</speaker>
<p id="38">
	<s id="1">Mais, ma chère, le propre de l'amour est d'être une folie. </s>
	<s id="2">Je ne vous dirai pas que cet amour sera le pur amour de Pétrarque pour Laure ou du Dante pour Béatrix... </s>
	<s id="3">Mon Dieu, ce sera l'amour-caprice, l'amour-appétit, l'amour-fièvre chaude... </s>
	<s id="4">L'amour... </s>
	<s id="5">Vous allez me faire tomber encore dans la physiologie !</s>
</p>
</sp>
<sp who="LA COMTESSE"><speaker>LA COMTESSE.</speaker>
<p id="39">
	<s id="1">Non ! </s>
	<s id="2">Non ! </s>
	<s id="3">Oh ! </s>
	<s id="4">De grâce non ! </s>
	<s id="5">Vous avez des façons de couper les ailes à la chimère et de les disséquer ensuite !...</s>
</p>
</sp>
<sp who="LE COMTE"><speaker>LE COMTE.</speaker>
<note type="L">"La Marquise" est une nouvelle de Georges Sand. Elle est accessible dans le recueil Nouvelles, Michel Lévy Frères, 1869.</note>
<p id="40">
	<s id="1">Eh bien, chère amie, pour rester dans la littérature : - avez-vous lu "La Marquise" de Madame Sand ?</s>
</p>
</sp>
<sp who="LA COMTESSE"><speaker>LA COMTESSE.</speaker>
<p id="41">
	<s id="1">Non.</s>
</p>
</sp>
<sp who="LE COMTE"><speaker>LE COMTE.</speaker>
<p id="42">
	<s id="1">Cela m'étonne. C'est une petite nouvelle, cette Marquise, et c'est un chef-d'oeuvre. </s>
	<s id="2">Il s'agit là-dedans d'une grande dame fort honnête comme celle dont vous parlez, et qui s'éprend - mais éperdument - d'un comédien, un certain Loelio, qu'elle aperçoit au théâtre... de loin. </s>
	<s id="3">Elle s'en éprend si bien que la tête lui tourne et qu'elle écrit à ce monsieur de la venir consoler. </s>
	<s id="4">Oui,vraiment. </s>
	<s id="5">Mais, - et voilà le piquant de ta nouvelle, - lorsque le bellâtre arrive chez la Marquise, il n'a plus ses vêtements de théâtre et la Marquise vient d'être légèrement saignée par son docteur. </s>
	<s id="6">Oh ! </s>
	<s id="7">Une piqûre ! </s>
	<s id="8">Seulement il en résulte que le paon déplumé – je parle du comédien n'est plus qu'un geai et que la petite saignée a emporté la grande passion... </s>
	<s id="9">Pztt !... </s>
	<s id="10">Vous détestez la physiologie, chère amie, mais en voilà!</s>
</p>
</sp>
<sp stage="dream" who="LA COMTESSE"><speaker>LA COMTESSE, songeuse.</speaker>
<p id="43">
	<s id="1">Quoi ! </s>
	<s id="2">Une saignée ?...</s>
</p>
</sp>
<sp who="LE COMTE"><speaker>LE COMTE.</speaker>
<p id="44">
	<s id="1">Une saignée. </s>
	<s id="2">Une sangsue. </s>
	<s id="3">Ou un simple changement de costume. </s>
	<s id="4">Une redingote au lieu d'un pourpoint, un pantalon à carreaux au lieu d'un maillot de soie ! </s>
	<s id="5">Et, addio ! </s>
	<s id="6">Voilà un amour envolé !</s>
</p>
</sp>
<sp who="LA COMTESSE"><speaker>LA COMTESSE.</speaker>
<p id="45">
	<s id="1">Vous croyez vraiment que le costume ?...</s>
</p>
</sp>
<sp who="LE COMTE"><speaker>LE COMTE.</speaker>
<note type="C">Thisbé est un personnage de "Angelo Tyran de Padoue" du drame de Victor Hugo. Carmosine est le rôle titre d'une comédie en trois actes d'Alfred de Musset.</note>
<p id="46">
	<s id="1">Vous êtes trop artiste pour n'en pas convenir. </s>
	<s id="2">Le costume, c'est l'uniforme de l'illusion ! </s>
	<s id="3">Pourquoi y a-t-il tant de maîtres-sots qui s'éprennent, à travers la rampe, de certaines actrices qu'ils ne remarqueraient même pas s'ils les rencontraient dans la rue ? </s>
	<s id="4">C'est qu'ils s'imaginent qu'ils ont pour maîtresses la Tisbé de Hugo, la Carmosine de Musset, ou encore la reine de Navarre !</s>
</p>
</sp>
<sp stage="think" who="LA COMTESSE"><speaker>LA COMTESSE, toujours songeuse.</speaker>
<p id="47">
	<s id="1">C'est possible ! </s>
	<s id="2">- Seulement, remarquez-le bien, vous me partez d'un comédien, et non d'un domestique. </s>
	<s id="3">On peut encore aimer un ténor, mais un valet de chambre</s>
</p>
</sp>
<sp who="LE COMTE"><speaker>LE COMTE.</speaker>
<p id="48">
	<s id="1">C'est de la casuistique, ça ! </s>
	<s id="2">"La Marquise" de madame Sand dérogerait-elle beaucoup plus en adorant un laquais au lieu d'un cabotin ? </s>
	<s id="3">Et, à tout prendre, Valentin, je suppose - oui, je vous ennuie de ce garçon-là, je vous demande pardon, - mais Valentin doit avoir les ongles plus nets que ce monsieur qui chantait cette chansonnette, l'autre soir, dans cette féerie, vous savez ?...</s>
</p>
</sp>
<sp who="LA COMTESSE"><speaker>LA COMTESSE.</speaker>
<p id="49">
	<s id="1">Valentin ! </s>
	<s id="2">- Encore Valentin ! </s>
	<s id="3">- Toujours Valentin ! </s>
	<s id="4">- On jurerait que vous avez pour votre Valentin quelque chose comme de l'admiration !</s>
</p>
</sp>
<sp who="LE COMTE"><speaker>LE COMTE.</speaker>
<p id="50">
	<s id="1">Et vous vraiment, ma chère, vons vous acharnez contre ce pauvre diable, permettez-moi de vous le dire, simplement parce qu'il me plaît, à moi !</s>
</p>
</sp>
<sp who="LA COMTESSE"><speaker>LA COMTESSE.</speaker>
<p id="51">
	<s id="1">Ah ! </s>
	<s id="2">En vérité ?... </s>
	<s id="3">Vous croyez que c'est tout uniment pour vous être désagréable que je trouve votre Valentin insupportable ?</s>
</p>
</sp>
<sp who="LE COMTE"><speaker>LE COMTE.</speaker>
<p id="52">
	<s id="1">Dame ! </s>
	<s id="2">Ce balourd de-Pierre cassait bien autant de verreries ou de faïence que Valentin, et vous n'aviez jamais contre lui un mot un seul.</s>
</p>
</sp>
<sp stage="quick" who="LA COMTESSE"><speaker>LA COMTESSE, vivement.</speaker>
<p id="53">
	<s id="1">Eh ! </s>
	<s id="2">Pierre était ridicule, stupide, niais comme un Jeannot de vaudeville.</s>
</p>
</sp>
<sp who="LE COMTE"><speaker>LE COMTE.</speaker>
<p id="54">
	<s id="1">Eh bien ? </s>
	<s id="2">Vous n'allez pas vous plaindre parce que Valentin a la correction d'un huissier d'Académie ? </s>
	<s id="3">C'est une qualité.</s>
</p>
</sp>
<sp who="LA COMTESSE"><speaker>LA COMTESSE.</speaker>
<note type="C">Châsse : Sorte de boîte ou de coffre qui contient les reliques d'un saint. [L]</note>
<p id="55">
	<s id="1">Et, avec votre belle passion pour lui, vous lui avez renouvelé sa livrée, de telle sorte que dans l'hôtel on ne peut faire un pas, même dans mon boudoir, sans le rencontrer, tout battant neuf, se carrant dans ses habits et reluisant comme une châsse !</s>
</p>
</sp>
<sp who="LE COMTE"><speaker>LE COMTE.</speaker>
<p id="56">
	<s id="1">Il est magnifique, je l'avoue. </s>
	<s id="2">Je le trouve magnifique. </s>
	<s id="3">J'ai des envies de lui demander sa photographie !</s>
</p>
</sp>
<sp who="LA COMTESSE"><speaker>LA COMTESSE.</speaker>
<p id="57">
	<s id="1">Pour notre album peut-être ? </s>
	<s id="2">Mais vous êtes fou, mon cher comte !</s>
</p>
</sp>
<sp who="LE COMTE"><speaker>LE COMTE.</speaker>
<p id="58">
	<s id="1">Allons, Comtesse, soyez charitable. </s>
	<s id="2">Le père oblat doit vous prêcher la charité. </s>
	<s id="3">Pardonnez à ce malheureux Valentin, et laissez-le moi. </s>
	<s id="4">Je ne m'occupe pas de savoir si vos femmes de chambre sont rousses ou châtaines et si elles me plaisent ou me déplaisent ; Valentin est à mon service, je garderai Valentin jusqu'à ce qu'il ait brisé toute ma vitrine !</s>
</p>
</sp>
<sp who="LA COMTESSE"><speaker>LA COMTESSE.</speaker>
<p id="59">
	<s id="1">Eh bien, en ce cas, qu'il reste au moins dans votre appartement particulier. </s>
	<s id="2">Il m'ennuie, votre Valentin. </s>
	<s id="3">Il me donne sur les nerfs !</s>
</p>
</sp>
<sp who="LE COMTE"><speaker>LE COMTE.</speaker>
<p id="60">
	<s id="1">Vous l'exilez ?...</s>
</p>
<stage type="stress">Avec reproche.</stage>
<p id="61">
	<s id="1">Comme moi... dans ce appartement... là-bas... la Sibérie... Tandis qu'ici.</s>
</p>
<stage type="show">Il montre du regard la porte de droite qui mène aux appartements de la comtesse.</stage>
</sp>
<sp who="LA COMTESSE"><speaker>LA COMTESSE.</speaker>
<p id="62">
	<s id="1">Ici ?</s>
</p>
</sp>
<sp who="LE COMTE"><speaker>LE COMTE.</speaker>
<p id="63">
	<s id="1">Ici, c'est Venise, c'est Florence, c'est Grenade, c'est ce que vous voudrez, mais c'est le soleil !...</s>
</p>
<stage type="touch">Il tend la main pour prendre la main de la comtesse.</stage>
</sp>
<sp stage="away" who="LA COMTESSE"><speaker>LA COMTESSE, retirant sa main.</speaker>
<p id="64">
	<s id="1">Allez donc chez madame de Neirens. </s>
	<s id="2">L'heure de la répétition doit être venue, et il ne faut pas faire attendre Madame de Brives. </s>
	<s id="3">Bonjour, Frontin !</s>
</p>
</sp>
<sp stage="smile" who="LE COMTE"><speaker>LE COMTE, souriant.</speaker>
<p id="65">
	<s id="1">Le nom ne me choque pas. </s>
	<s id="2">Et il me ferait tant plaisir, si vous vouliez être...</s>
</p>
</sp>
<sp who="LA COMTESSE"><speaker>LA COMTESSE.</speaker>
<p id="66">
	<s id="1">Si je voulais être ?</s>
</p>
</sp>
<sp who="LE COMTE"><speaker>LE COMTE.</speaker>
<p id="67">
	<s id="1">Marton !</s>
</p>
</sp>
<sp who="LA COMTESSE"><speaker>LA COMTESSE.</speaker>
<p id="68">
	<s id="1">C'est un mot qu'il faut garder pour Madame de Brives. </s>
	<s id="2">Adieu !</s>
</p>
</sp>
<sp who="LE COMTE"><speaker>LE COMTE.</speaker>
<p id="69">
	<s id="1">Méchante !</s>
</p>
<stage type="watch">Regardant sa montre.</stage>
<p id="70">
	<s id="1">Vous avez raison, au fait. </s>
	<s id="2">On m'attend. </s>
	<s id="3">Et c'est la répétition générale ! </s>
	<s id="4">En costume !</s>
</p>
<stage type="wave/exit/watch">Il sort après avoir salué la Comtesse qui reste seule et regarde son livre en hochant la tête.</stage>
</sp>
</div2>
<div2 type="scene" n="4"><head>SCÈNE IV.</head>
<sp who="LA COMTESSE"><speaker>LA COMTESSE.</speaker>
<p id="1">
	<s id="1">Il ne comprend rien, tenez !... </s>
	<s id="2">Mais rien de rien ! </s>
	<s id="3">Ce serait si simple pourtant de jeter ce Valentin à la porte ! </s>
	<s id="4">Que non pas ! </s>
	<s id="5">Il l'aime ! </s>
	<s id="6">Il le trouve magnifique ! </s>
	<s id="7">- Un homme intelligent pourtant, monsieur mon mari ! </s>
	<s id="8">- Un amateur de physiologie ! </s>
	<s id="9">Un savant ! </s>
	<s id="10">Et il vient là me prouver qu'une femme quelle espèce de femme, je vous le demande ? </s>
	<s id="11">Peut aimer son domestique ! </s>
	<s id="12">Ruy-Blas ! </s>
	<s id="13">Jean-Jacques Rousseau! Loelio ! </s>
	<s id="14">La Marquise ! </s>
	<s id="15">Tout cela tourbillonne dans ma tête ! </s>
	<s id="16">Se faire saigner ? </s>
	<s id="17">Quelle barbarie !... </s>
	<s id="18">Et quelle sottise ! </s>
	<s id="19">Un coup de lancette guérissant d'une passion ! </s>
	<s id="20">Est-ce possible ? </s>
	<s id="21">Ce serait donc cela, la passion ? </s>
	<s id="22">Pouah ! </s>
	<s id="23">Mais c'est qu'il faut bien me l'avouer, ce Valentin, je... je... </s>
	<s id="24">Non jamais je ne pourrai me confier à moi-même que je...</s>
</p>
<stage type="watch">Elle regarde autour d'elle avec une confusion éperdue.</stage>
<p id="2">
	<s id="1">Que je l'aime ! </s>
</p>
<stage type="hide">Portant ses mains a ses oreilles.</stage>
<p id="3">
	<s id="1">Ah ! </s>
	<s id="2">Je ne veux pas même entendre cela ! </s>
	<s id="3">C'est odieux ! </s>
	<s id="4">C'est hideux ! </s>
	<s id="5">C'est laid ! </s>
</p>
<stage type="stress">Avec force.</stage>
<p id="4">
	<s id="1">C'est faux ! </s>
</p>
<stage type="away/back">Allant et venant dans le petit salon.</stage>
<p id="5">
	<s id="1">Oui, certes, c'est faux ! </s>
	<s id="2">Je le déteste au contraire, ce grand vilain beau garçon qui ressemble à ces têtes de cire qu'on ne voit plus, Dieu merci, aux devantures des coiffeurs !... </s>
	<s id="3">Une caricature, ce Valentin ! </s>
	<s id="4">La caricature de l'élégance, avec sa cravate blanche nouée géométriquement, ses favoris rectilignes, sa tenue d'une politesse insupportable... </s>
	<s id="5">D'ailleurs il a le dos voûté... </s>
	<s id="6">Oui certainement, il est voûté...  très voûté... </s>
	<s id="7">Et ses bas blancs ! </s>
	<s id="8">Ils tirent l'oeil comme des taches qui marcheraient ! </s>
	<s id="9">- Pourquoi les gens du monde ont-ils renoncé à la culotte courte ? </s>
	<s id="10">C'était gracieux ! - </s>
	<s id="11">Je les vois toujours, les affreux bas blancs de ce Valentin ! </s>
	<s id="12">Les attaches sont élégantes, soit, la jambe est bien prise, c'est vrai... </s>
	<s id="13">Si je dessinais encore, je dessinerais cette jambe-là... </s>
	<s id="14">Eh bien, qu'il se fasse modèle, monsieur Valentin ! </s>
	<s id="15">Voilà une profession toute trouvée ! </s>
	<s id="16">Modèle ! - </s>
	<s id="17">Il trouvera peut être une vieille Anglaise qui s'éprendra de sa beauté ! </s>
	<s id="18">- Mais on n'est pas sot, on n'est pas désagréable, on n'est pas ennuyeux comme cet Antinoüs en culottes courtes ! </s>
	<s id="19">Et le Comte qui n'en a pas déjà sur les nerfs ! </s>
	<s id="20">Mais à quoi pense-t-il, le comte ? </s>
	<s id="21">– À en faire l'éloge voilà ! </s>
	<s id="22">Que ce Valentin soit du monde et le Comte ne tarirait pas de louanges, certainement ! </s>
	<s id="23">Et il l'inviterait tous les jours et il précipiterait dans son intimité avec une furie... </s>
	<s id="24">Décidément le premier complice des femmes qui tombent, c'est le mari !</s>
</p>
<stage type="">On entend du bruit.</stage>
<p id="6">
	<s id="1">Qui vient là ?</s>
</p>
</sp>
</div2>
<div2 type="scene" n="5"><head>SCÈNE V. La Comtesse, Valentin.</head>
<sp who="VALENTIN"><speaker>VALENTIN.</speaker>
<p id="1">
	<s id="1">C'est moi, Madame_la_Comtesse !</s>
</p>
</sp>
<sp stage="nervous" who="LA COMTESSE"><speaker>LA COMTESSE, avec humeur.</speaker>
<p id="1">
	<s id="1">Encore vous ! </s>
	<s id="2">Toujours vous !</s>
</p>
</sp>
<sp who="VALENTIN"><speaker>VALENTIN.</speaker>
<p id="2">
	<s id="1">Je demande pardon à Madame_la_Comtesse, mais Monsieur_le_Comte a, m'a-t-il dit, laissé sur la console le rôle que monsieur le comte doit aller répéter et comme Monsieur_le_Comte achève de se costumer...</s>
</p>
</sp>
<sp stage="interrupt" who="LA COMTESSE"><speaker>LA COMTESSE, l'interrompant.</speaker>
<p id="3">
	<s id="1">Sur la console ? </s>
	<s id="2">Voyez si c'est ce papier-là.</s>
</p>	
<stage type="show/closer">Elle montre une brochure à Valentin qui s'approche gravement de la console, saluant en passant devant la Comtesse. Regardant Valentin marcher, et à part en faisant la moue.</stage>
<p id="4">
	<s id="1">Et même comme modèle !.. </s>
	<s id="2">Peuh !... </s>
	<s id="3">Les pieds sont énormes !... </s>
	<s id="4">Énormes !... </s>
	<s id="5">Des pieds de géant ! </s>
	<s id="6">Ces bas blancs seuls.</s>
</p>
<stage type="shout">Valentin pousse un cri.</stage>
<p id="5">
	<s id="1">Quoi encore ?</s>
</p>
</sp>
<sp who="VALENTIN"><speaker>VALENTIN.</speaker>
<p id="6">
	<s id="1">Madame_la_Comtesse me pardonnera... </s>
	<s id="2">Je n'ai aujourd'hui vraiment pas de chance... </s>
	<s id="3">Ce drageoir...</s>
</p>
</sp>
<sp who="LA COMTESSE"><speaker>LA COMTESSE.</speaker>
<p id="7">
	<s id="1">H est brisé ?</s>
</p>
</sp>
<sp who="VALENTIN"><speaker>VALENTIN.</speaker>
<p id="8">
	<s id="1">Non, Madame_la_Comtesse, mais en prenant la brochure, j'ai poussé contre la glace...</s>
</p>
</sp>
<sp who="LA COMTESSE"><speaker>LA COMTESSE.</speaker>
<p id="9">
	<s id="1">Elle est cassée, la glace ?</s>
</p>
</sp>
<sp who="VALENTIN"><speaker>VALENTIN.</speaker>
<p id="10">
	<s id="1">Non, Madame_la_Comtesse, la peur, voilà tout... </s>
	<s id="2">J'aurais été désolé ! </s>
	<s id="3">Un des émaux du drageoir a seulement... </s>
	<s id="4">Mais avec une pâte spéciale... </s>
	<s id="5">l'Auvergnat.</s>
</p>
</sp>
<sp who="LA COMTESSE"><speaker>LA COMTESSE.</speaker>
<p id="11">
	<s id="1">Bien, bien, cassez, brisez, vous êtes chez vous, ici, Monsieur Valentin ! </s>
	<s id="2">Monsieur_le_Comte vous le permet ! </s>
	<s id="3">Mettez tout en miettes, Monsieur Valentin ! </s>
	<s id="4">Seulement vous me ferez le plaisir de ne plus rien casser dans ce petit salon. </s>
	<s id="5">Vous déléguerez vos pouvoirs à Fanny. </s>
	<s id="6">Elle s'acquitte de ce soin à merveille.</s>
</p>
</sp>
<sp who="VALENTIN"><speaker>VALENTIN.</speaker>
<p id="12">
	<s id="1">Madame_la_Comtesse est indulgente. </s>
</p>
<stage type="call">On entend la voix du Comte appelant Valentin.</stage>
<p id="13">
	<s id="1">C'est monsieur le Comte qui... </s>
</p>
<stage type="shout">Répondant.</stage>
<p id="14">
	<s id="1">Voilà ! </s>
	<s id="2">Voilà ! </s>
	<s id="3">Monsieur_le_Comte !</s>
</p>
<stage type="open/">La porte s'ouvre et le comte parait, costume en valet de comédie du XVIIème siècle, habit rouge, culotte courte, souliers et boucles et bas blancs.</stage>
</sp>
</div2>
<div2 type="scene" n="6"><head>SCÈNE VI. Les Mêmes, Le COMTE, costume de Frontin.</head>
<sp who="LE COMTE"><speaker>LE COMTE.</speaker>
<p id="1">
	<s id="1">Portez cette lettre à son adresse, Valentin !</s>
</p>
</sp>
<sp stage="watch/shout" who="LA COMTESSE"><speaker>LA COMTESSE, regardant le Comte et poussant un cri.</speaker>
<p id="2">
	<s id="1">Ah ! </s>
	<s id="2">Mon Dieu !</s>
</p>
</sp>
<sp who="LE COMTE"><speaker>LE COMTE.</speaker>
<p id="3">
	<s id="1">Quoi donc ?</s>
</p>
</sp>
<sp who="LA COMTESSE"><speaker>LA COMTESSE.</speaker>
<p id="4">
	<s id="1">Regardez-moi !... </s>
	<s id="2">Là !... </s>
	<s id="3">Oh ! </s>
	<s id="4">Comme c'est curieux1</s>
</p>
</sp>
<sp who="LE COMTE"><speaker>LE COMTE.</speaker>
<p id="5">
	<s id="1">Je vous présente Monsieur Frontin. </s>
	<s id="2">Seulement, après avoir eu l'ennui de m'habiller, je vais avoir celui de ne pas répéter aujourd'hui. </s>
	<s id="3">Madame de Brives à décidément rendu son rôle à Madame de Neirens. </s>
	<s id="4">Elle se réserve pour les Célimènes.</s>
</p>
</sp>
<sp who="LA COMTESSE"><speaker>LA COMTESSE.</speaker>
<p id="6">
	<s id="1">Et vous êtes désolé ? </s>
	<s id="2">Naturellement ?</s>
</p>
</sp>
<sp who="LE COMTE"><speaker>LE COMTE.</speaker>
<p id="7">
	<s id="1">Et j'écris à Madame de Neirens que j'attendrai une nouvelle Marton pour aller répéter de nouveau. </s>
	<s id="2">Allez, Valentin !</s>
</p>
</sp>
<sp stage="toward" who="LA COMTESSE"><speaker>LA COMTESSE, à Valentin.</speaker>
<p id="8">
	<s id="1">Attendez !</s>
</p>
<stage type="wave">Elle fait signe à Valentin de sortir.</stage>
<p id="9">
	<s id="1">Vous ne porterez cette lettre que lorsque Monsieur_le_Comte vous le dira !</s>
</p>
<stage type="">Valentin s'incline et sort.</stage>
</sp>
</div2>
<div2 type="scene" n="7"><head>SCÈNE VII. Le Comte, La Comtesse.</head>
<sp stage="laugh" who="LA COMTESSE"><speaker>LA COMTESSE, éclatant de rire.</speaker>
<p id="1">
	<s id="1">Que vous êtes original sous ce costume !</s>
</p>
</sp>
<sp who="LE COMTE"><speaker>LE COMTE.</speaker>
<p id="2">
	<s id="1">Moi ? </s>
	<s id="2">Vous me trouvez grotesque peut-être ?</s>
</p>
</sp>
<sp who="LE COMTESSE"><speaker>LE COMTESSE.</speaker>
<p id="3">
	<s id="1">Pas du tout. </s>
	<s id="2">Retournez-vous donc ! </s>
	<s id="3">Cela vous va mieux que l'habit noir !... </s>
	<s id="4">Il est fort laid, l'habit moderne !... </s>
	<s id="5">Et le chapeau haut de forme... </s>
	<s id="6">Au lieu que ce lampion - c'est bien le mot, n'est-ce pas ? </s>
	<s id="7">- Hardiment planté sur le coin de l'oreille !... </s>
	<s id="8">Vous êtes fort bien, ainsi, savez vous ?... </s>
	<s id="9">Vous avez l'air d'un Meissonier ! </s>
	<s id="10">- Comme c'est bizarre ! </s>
	<s id="11">Mais vous avez la jambe fine, mon cher Comte ! </s>
	<s id="12">Et dans quelle comédie, je ne m'en souviens pas, Samson, l'acteur, était-il chargé de dire qu'il n'y a plus de mollets depuis la Révolution ?</s>
</p>
</sp>
<sp who="LE COMTE"><speaker>LE COMTE.</speaker>
<p id="4">
	<s id="1">Eh bien ?</s>
</p>
</sp>
<sp who="LA COMTESSE"><speaker>LA COMTESSE.</speaker>
<p id="5">
	<s id="1">Eh bien, mais la Révolution n'a pas tout pris à votre famille, mon cher Comte, ma parole d'honneur, - c'est votre mot, vous avez des mollets !</s>
</p>
</sp>
<sp who="LE COMTE"><speaker>LE COMTE.</speaker>
<p id="6">
	<s id="1">C'est ce que me disait tout à l'heure Valentin !</s>
</p>
</sp>
<sp stage="laugh" who="LA COMTESSE"><speaker>LA COMTESSE, riant.</speaker>
<p id="7">
	<s id="1">Ah ! </s>
	<s id="2">Ne me parlez pas de votre Valentin, mon ami ! </s>
	<s id="3">- Savez-vous pourquoi je ris ? </s>
	<s id="4">C'est que vous lui ressemblez !</s>
</p>
</sp>
<sp who="LE COMTE"><speaker>LE COMTE.</speaker>
<p id="8">
	<s id="1">Est-ce ridicule ?</s>
</p>
</sp>
<sp who="LA COMTESSE"><speaker>LA COMTESSE.</speaker>
<p id="9">
	<s id="1">Pas le moins du monde. </s>
	<s id="2">Mais votre fameuse théorie du costume... ?</s>
</p>
</sp>
<sp who="LE COMTE"><speaker>LE COMTE.</speaker>
<p id="10">
	<s id="1">L'illusion ?</s>
</p>
</sp>
<sp who="LA COMTESSE"><speaker>LA COMTESSE.</speaker>
<p id="11">
	<s id="1">Le prestige du comédien !</s>
</p>
</sp>
<sp who="LE COMTE"><speaker>LE COMTE.</speaker>
<p id="12">
	<s id="1">Eh bien ?</s>
</p>
</sp>
<sp who="LA COMTESSE"><speaker>LA COMTESSE.</speaker>
<p id="13">
	<s id="1">Eh bien... </s>
	<s id="2">Rien, mon cher comte !... </s>
	<s id="3">Une idée !</s>
</p>	
<stage type="smile">Elle sourit.</stage>
<p id="14">
	<s id="1">Mais vous me parliez tout à l'heure du rôle de Marton...</s>
</p>
</sp>
<sp who="LE COMTE"><speaker>LE COMTE.</speaker>
<p id="15">
	<s id="1">Je vous dirai encore : eh bien ? </s>
	<s id="2">Comtesse.</s>
</p>
</sp>
<sp stage="tender" who="LA COMTESSE"><speaker>LA COMTESSE, tendrement.</speaker>
<p id="16">
	<s id="1">Voulez-vous que j'essaie de vous donner la réplique. </s>
	<s id="2">Maître Frontin ?</s>
</p>
</sp>
<sp stage="happy" who="LE COMTE"><speaker>LE COMTE, avec joie.</speaker>
<p id="17">
	<s id="1">Vous consentiriez ! </s>
	<s id="2">Vous, comtesse ?... </s>
	<s id="3">Ma chère Blanche !... </s>
	<s id="4">Attendez !...</s>
</p>
<stage type="call">Appelant.</stage>
<p id="18">
	<s id="1">Valentin ! </s>
	<s id="2">Valentin !</s>
</p>
<stage type="">Silence.</stage>
<p id="19">
	<s id="1">Où est-il passé ?... </s>
	<s id="2">Valentin ! </s>
	<s id="3">Valentin ! </s>
	<s id="4">Vous comprenez, chère amie, que je veux ajouter un post-scriptum à ma lettre à madame de Neirens !... </s>
	<s id="5">Valentin ! </s>
	<s id="6">Valentin ! </s>
	<s id="7">Je veux lui dire que j'ai trouvé Marton ! </s>
	<s id="8">La Marton idéale !... </s>
	<s id="9">Valentin ! </s>
	<s id="10">Valentin !</s>
</p>
<stage type="ring">Il sonne.</stage>
<p id="20">
	<s id="1">Ah ! </s>
	<s id="2">Par exemple, si le drôle me fait souvent attendre ainsi, je vous obéirai, ma chère, et je le jetterai à la porte.</s>
</p>
</sp>
<sp who="LA COMTESSE"><speaker>LA COMTESSE.</speaker>
<p id="20">
	<s id="1">À quoi bon ? </s>
	<s id="2">C'est un garçon inoffensif... </s>
	<s id="3">Au bout du compte !</s>
</p>
</sp>
<sp stage="location" who="LE COMTE"><speaker>LE COMTE, allant a la fenêtre.</speaker>
<p id="21">
	<s id="1">Et le voilà dans la cour, tenez ! </s>
	<s id="2">Flirtant avec cette grosse fille blonde... </s>
	<s id="3">La charbonnière, ma foi !</s>
</p>
</sp>
<sp who="LA COMTESSE"><speaker>LA COMTESSE.</speaker>
<p id="22">
	<s id="1">Une charbonnière ! </s>
	<s id="2">L'horreur !</s>
</p>
</sp>
<sp who="LE COMTE"><speaker>LE COMTE.</speaker>
<p id="23">
	<s id="1">Elle est veuve, elle a de l'argent, il l'épousera ! </s>
	<s id="2">Valentin ! </s>
	<s id="3">Valentin ! </s>
	<s id="4">Il n'entend pas ! </s>
	<s id="5">Je vais sonner Laurent ! </s>
	<s id="6">Quant à Valentin il casse énormément, vous avez raison, il casse trop !</s>
</p>
</sp>
<sp who="LA COMTESSE"><speaker>LA COMTESSE.</speaker>
<p id="24">
	<s id="1">Mais il a un moyen pour tout réparer. </s>
	<s id="2">Ne vous occupez plus de Valentin. </s>
	<s id="3">- Et venez répéter, </s>
</p>
<stage type="sweet/tender">Doucement et tendrement.</stage>
<p id="25">
	<s id="1">Frédéric !</s>
</p>
</sp>
</div2>
</div1>
</body>
</text>
</TEI>