<?xml version="1.0" encoding="utf-8"?>
<TEI xml:lang="fr">
<teiHeader> 
		<fileDesc>
			<titleStmt>
				<title>L'ÎLE SONNANTE, OPÉRA COMIQUE EN TROIS ACTES.</title>
				<author born='1709' born_location='Paris' death='1783' death_location='Paris' academie=''>COLLE, Charles</author>
			</titleStmt>
			<publicationStmt>	
				<p>publié par Paul FIEVRE Novembre 2009, revu février 2017</p>
			    <idno>COLLE_ILESONNANTE</idno>
			<rights>Creative Commons BY-NC-SA</rights>
			</publicationStmt>
			<SourceDesc>
				<genre>Opéra comique</genre>
				<inspiration>moeurs</inspiration><structure>Trois actes</structure>
				<type>mixte</type>
				<periode>1761-1770</periode>
				<taille>0-250</taille>
				<permalien></permalien>
			</SourceDesc>
		</fileDesc>
</teiHeader>
<text>
<front>
	<docTitle>
	    <titlePart part="main">L'ÎLE SONNANTE</titlePart>
   	 <titlePart part="sub">PROLOGUE, EN VAUDEVILLES ET EN PROSE.</titlePart> 
	</docTitle>
   <docDate value="1768">1768</docDate>
   <docAuthor id='COLLE, Charles' bio='collec'>de Charles COLLÉ</docAuthor>
	<performance>
		<premiere date="1731" location='En société'>Représenté pour les Comédiens Italiens, le leundi 4 janvier 1768.</premiere>
		
	</performance>
	<div type="preface"><head>AVERTISSEMENT.</head>
		<p>Je suis entièrement de l'avis du Public sur l'Île Sonnante. C'est une mauvaise piéce.</p>
		<p>Je la joins ici, parce qu'elle fait partie de mon Théâtre de Société, Elle fut représentée en Juillet 1767, sur celui de Villers-Coterets , pour lequel elle avait été faite, et où elle n'eut aucun succès.</p>
		<p>Le Public fut plus indulgent : elle eut quatorze ou quinze représentations à la Comédie Italienne. L'excellente Musique de M. de Moncigny la soutint un peu contre mon poème.</p>
		<p>Dans ce sujet, qui est totalement de mon invention, (et il n'y a pas là de quoi se vanter), j'avais eu le dessein de faire une critique douce et  badine, du genre des Comédies à Ariettes, que je prends la liberté de trouver d'aussi mauvais goût, tout au moins, que l'ancien genre des pièces en Vaudevilles ; et qui, à la fin, tombera comme ce dernier.</p>
		<p>Je me suis trompé dans mon projet, ou je l'ai mal exécuté; et, sans doute, ces deux raisons réunies, se sont rencontrées, pour ennuyer le Spectateur.</p>
		<p>Ce sujet, d'ailleurs, ne comportait qu'un acte, au plus ; et puis, il fallait me faire entendre ; et des gens de bien m'ont assuré qu'on avait trouvé ma pièce inintelligible : cela n'entrait point dans mes vues, et j'ai tort.</p>
		<p>En effet, l'oubli, presque total, où sont tombés les refrains des vieux Vaudevilles , doit avoir jeté une merveilleuse obscurité sur quelques Ariettes, qui étaient fondées sur cette plaisanterie.</p>
	</div>
	<castList><head>PERSONNAGES.</head>
		<castItem><role id="VIVATCHÉ" sex="1" type="H" statut="sultan" age="A" stat_amour='néant'>VIVATCHÉ</role>, Sultan.</castItem>
		<castItem><role id="LE CHEVALIER DURBIN" sex="1" type="H" statut="chevalier" age="A" stat_amour='néant'>LE CHEVALIER DURBIN</role>.</castItem>
		<castItem><role id="PIANO" sex="1" type="H" statut="eunuque" age="A" stat_amour='néant'>PIANO</role>, eunuque.</castItem>
		<castItem><role id="PRESTO" sex="1" type="H" statut="magicien" age="A" stat_amour='néant'>PRESTO</role>, magicien.</castItem>
		<castItem><role id="ZERBIN" sex="1" type="H" statut="écuyer" age="A" stat_amour='néant'>ZERBIN</role>, écuyer de Durbin.</castItem>
		<castItem><role id="UN ESCLAVE" sex="1" type="H" statut="esclave" age="A" stat_amour='néant'>UN ESCLAVE</role>.</castItem>
		<castItem><role id="GARDES DU SULTAN" sex="1" type="H" statut="garde" age="A" stat_amour='néant'>GARDES DU SULTAN</role>.</castItem>
		<castItem><role id="CÉLENIE" sex="2" type="H" statut="aristocrate" age="A" stat_amour='néant'>CÉLENIE</role>.</castItem>
		<castItem><role id="MÉLOPHANIE" sex="2" type="H" statut="aristocrate" age="A" stat_amour='néant'>MÉLOPHANIE</role>.</castItem>
		<castItem><role id="HENRIETTE" sex="2" type="H" statut="bourgeois" age="A" stat_amour='néant'>HENRIETTE</role>.</castItem>
		<castItem><role id="ESPRIT INFERNAL" sex="1" type="D" statut="diable" age="A" stat_amour='néant'>ESPRIT INFERNAL</role>.</castItem>
	</castList>
	<set location='Lieu imaginaire' country='Pays imaginaire' periode='(non indiqué)' gps="(N/A)">La scène est dans l'île Sonnante.</set>
</front>
<body>
<div1 type="acte" n="1"><head>ACTE I</head>
<stage type="decor">Le Théâtre représente les Jardins et l'extérieur du Palais de l'Île Sonnante.</stage>
<div2 type="scene" n="1"><head>SCÈNE PREMIÈRE.</head>
<sp who="DURBIN"><speaker>DURBIN.</speaker>
	<l id="1">Toi qui crois en tous lieux mériter des éloges	</l>
	<l id="2">Par le goût et le choix des mots dont tu te sers ;</l>
	<l id="3">Tyran, cesse, Tyran, de fatiguer les airs,</l>
	<l id="4">Par ces paroles allobroges</l>
	<l id="5">Dont tu composes tes concerts.</l>
	<l id="6">Dieu ! Quel pays et quels concerts</l>
	<l id="7">Pour la musique, et pour les vers !</l>
	<l id="8">Je crois ouïr des fous échappés de leurs loges.</l>
	<l id="9">Toujours chanter, rimer sans cesse, quels travers !</l>
	<l id="10">Tous ces gens-ci me semblent des horloges</l>
	<l id="11">Dont on tire des sons par des ressorts divers ;</l>
	<l id="12">Encor faut-il combler d'éloges,</l>
	<l id="13">Et leur prose rimée, et leurs voix , et leurs airs.</l>
	<l id="14">Dieux ! Quel pays, et quels concerts</l>
	<l id="15">Pour la musique et pour les vers !</l>
</sp>
</div2>
<div2 type="scene" n="2"><head>SCÈNE II. Durbin, Zerbin.</head>
<sp who="ZERBIN"><speaker>ZERBIN.</speaker>
<p id="1">
	<s id="1">Au, Seigneur Chevalier ! </s>
	<s id="2">J'en ai appris plus que je ne puis dire : on peut me raconter à présent tous les prodiges qu'on voudra, et de l'île des Maragons et des Lestrigons ; je croirai tout, je croirai tout. </s>
	<s id="3">Ce n'est pas seulement le Roi et toute sa Cour qui chante ici, c'est le corps du peuple en entier ; tout chante, tout fredonne, roulades, cadences, ports de voix , martellements : toute une ville, imaginez, toute une ville ; cela fait un si grand bruit, que bien des gens trouveraient cela admirable.</s>
</p>
</sp>
<sp who="DURBIN"><speaker>DURBIN.</speaker>
<p id="2">
	<s id="1">Et notre vaisseau ?</s>
</p>
</sp>
<sp who="ZERBIN"><speaker>ZERBIN.</speaker>
<p id="3">
	<s id="1">Votre vaisseau ? </s>
	<s id="2">Ah ! </s>
	<s id="3">Parbleu votre vaisseau,il est à l'ancre ; on en a fait descendre tout l'équipage, capitaine, officiers, matelots : mais comme ils n'ont pu s'exprimer qu'en prose, ils ont été mis sur le champ dans une prison bien loin hors de la ville, comme des gens dangereux, corrupteurs, novateurs, et mal sonnants.</s>
</p>
</sp>
<sp who="DURBIN"><speaker>DURBIN.</speaker>
<p id="4">
	<s id="1">Ce que tu me dis, est-il bien vrai ?</s>
</p>
</sp>
<sp who="ZERBIN"><speaker>ZERBIN.</speaker>
<p id="5">
	<s id="1">Comment, Seigneur, oserais-je mentir ? </s>
	<s id="2">Et moi n'ai je pas voulu hasarder quelques mots de prose ? </s>
	<s id="3">On m'a menacé de me donner vingt coups de bâton sous la plante des pieds : on dit que cela apprend à aller de mesure ; alors je me suis exprimé en Vaudevilles, que je contourne de mon mieux, pour leur donner un air du pays.</s>
</p>
</sp>
<sp who="DURBIN"><speaker>DURBIN.</speaker>
<p id="6">
	<s id="1">Et Célenie, qu'est-elle devenue ?</s>
</p>
</sp>
<sp who="ZERBIN"><speaker>ZERBIN.</speaker>
<p id="7">
	<s id="1">Célenie, qui voulait se jeter aux pieds de la Sultane favorite, a été conduite aux pieds du Sultan. </s>
	<s id="2">Heureusement on l'avait instruit, et son Ariette a été goûtée, à deux mesures près ; et je crois qu'on nous rendra notre vaisseau.</s>
</p>
</sp>
<sp who="DURBIN"><speaker>DURBIN.</speaker>
<p id="8">
	<s id="1">Quel fatal voyage !</s>
</p>
</sp>
<sp who="ZERBIN"><speaker>ZERBIN.</speaker>
<p id="9">
	<s id="1">Quelle fantaisie aussi d'aller consulter cette vieille fée sur le succès de vos amours !</s>
</p>
</sp>
<sp who="DURBIN"><speaker>DURBIN.</speaker>
<p id="10">
	<s id="1">Tu sais ce qu'elle a répondu.</s>
</p>
</sp>
<sp who="ZERBIN"><speaker>ZERBIN.</speaker>
<p id="11">
	<s id="1">Parbleu oui, plaisante réponse avec son nazillonnement ! ></s>
	<s id="2">Mon fils, mon fils, ta Célenie t'aimera ; mais elle ne te le dira que quand elle ne parlera plus. </s>
	<s id="3">« Vous insistez, vous la pressez, vous la tourmentez : oui, oui, tu ne sauras ce qu'elle pense que quand elle ne pensera pas. » </s>
	<s id="4">Peut on un radotage plus complet ?</s>
</p>
</sp>
<sp who="DURBIN"><speaker>DURBIN.</speaker>
<p id="12">
	<s id="1">Il est vrai que je n'y conçois rien.</s>
</p>
</sp>
<sp who="ZERBIN"><speaker>ZERBIN.</speaker>
<p id="13">
	<s id="1">Hé : concevez-vous mieux ce qu'elle m'a répondu, quand je l'ai consultée ; car les valets ont la rage de faire comme leurs maîtres, et ce n'est pas ce qu'ils font de mieux. </s>
	<s id="2">« Mon garçon, mon garçon, tu veux savoir fi tu réussiras dans tes amours ; tu n'en seras jamais si loin que lorsque tu en seras près. »</s>
	<s id="3">Concevez-vous ?</s>
</p>
</sp>
<sp who="DURBIN"><speaker>DURBIN.</speaker>
<p id="14">
	<s id="1">Ah, il est aisé de voir qu'elle s'est moquée de toi.</s>
</p>
</sp>
<sp who="ZERBIN"><speaker>ZERBIN.</speaker>
<p id="15">
	<s id="1">J'ai bien peur que cela ne soit pas, Seigneur. </s>
	<s id="2">Tout entier à l'idée de Célenie, tout rempli de votre amour, vous n'entendez que cela, vous ne pensez qu'à cela : mais un peu de réflexion, je vous supplie. </s>
	<s id="3">Savez-vous ce que la Fée a dit, lorsque vous l'avez quittée en chantonnant avec cet air détaché, si naturel aux grands Seigneurs, lorsqu'on leur dit ce qui ne leur plaît pas ?</s>
</p>
</sp>
<sp who="DURBIN"><speaker>DURBIN.</speaker>
<p id="16">
	<s id="1">Qu'est-ce que c'est que ce verbiage-là : est-ce que je sais tout ce que cette femme a dit ?</s>
</p>
</sp>
<sp who="ZERBIN"><speaker>ZERBIN.</speaker>
<p id="17">
	<s id="1">Cette femme, cette femme ! </s>
	<s id="2">Cette femme a dit, en vous entendant chantonner : « Chante, chante, mon fils ; mais prends garde de chanter plus que tu ne voudras. »</s>
</p>
</sp>
<sp who="DURBIN"><speaker>DURBIN.</speaker>
<p id="18">
	<s id="1">Hé bien.</s>
</p>
</sp>
<sp who="ZERBIN"><speaker>ZERBIN.</speaker>
<p id="19">
	<s id="1">Hé bien, hé bien, notre vaisseau, en dépit du gouvernail, en dépit du vent et de la marée, vient ici par le chemin le plus droit. </s>
	<s id="2">Nous y voici : on y chante, on y chante , encore trois jours, et vous voilà bon gré malgré le plus déterminé chanteur.</s>
</p>
<stage type="entrance">Il paraît ici un habitant.</stage>
<p id="20">
	<s id="1">Mais tenez, voici un habitant qui nous espionne ; si vous êtes curieux d'entendre chanter, vous pouvez l'interroger.</s>
</p>
</sp>
<sp who="DURBIN"><speaker>DURBIN.</speaker>
<p id="21">
	<s id="1">Il écoute apparemment si nous chantons ?</s>
</p>
</sp>
<sp who="ZERBIN"><speaker>ZERBIN.</speaker>
<p id="22">
	<s id="1">Non, ces espions-là ont une autre commission de la part du Gouvernement. </s>
	<s id="2">Il y a eu quelques rumeurs pour la basse fondamentale, et on craint quelque soulèvement.</s>
</p>
</sp>
<sp who="DURBIN"><speaker>DURBIN.</speaker>
<p id="23">
	<s id="1">Ce peuple-là est donc bien sujet à remuer ?</s>
</p>
</sp>
<sp who="ZERBIN"><speaker>ZERBIN.</speaker>
<p id="24">
	<s id="1">Je le crois; il se ferait égorger pour des misères : ils ont eu une guerre civile qui a duré quarante ans pour le fa dièse et le mi bémol. </s>
	<s id="2">Mais j'aperçois... </s>
	<s id="3">Oui, c'est le confident, c'est le favori de la Sultane favorite. </s>
	<s id="4">Bonne nouvelle, bonne nouvelle : notre vaisseau sera rendu.</s>
</p>
</sp>
</div2>
<div2 type="scene" n="3"><head>SCÈNE III. Piano, Durbin, Zerbin.</head>
<sp stage="declamation" who="PIANO"><speaker>PIANO, récitant.</speaker>
	<l id="16">Pour la charmante Célenie, </l>
	<l id="17">Noble Étranger, l'amour de Vivatché</l>
	<l id="18">Fait du bruit, et son feu n'est plus un feu caché.</l>
</sp>
<sp stage="aparte" who="DURBIN"><speaker>DURBIN, à part.</speaker>
<p id="1">
	<s id="2">Pour Célenie !</s>
</p>
</sp>
<sp who="PIANO"><speaker>PIANO.</speaker>
	<l id="19">Son premier Médecin Presto, ce grand génie,</l>
	<l id="20">Des attraits d'Henriette est lui-même touché.</l>
</sp>
<sp who="ZERBIN"><speaker>ZERBIN.</speaker>
<p id="2">
	<s id="1">Pour Henriette ? </s>
	<s id="2">Ah, ciel !</s>
</p>
</sp>
<sp who="PIANO"><speaker>PIANO.</speaker>
	<l id="21">Quant à l'amour du Roi, connais Mélophanie ;</l>
	<l id="22">Son coeur jaloux prendra les plus cruels moyens</l>
	<l id="23">Pour perdre sa rivale et briser leurs liens.</l>
</sp>
<sp who="DURBIN"><speaker>DURBIN.</speaker>
<p id="3">
	<s id="1">Qu'apprends je ? </s>
	<s id="2">Ah, ciel : et quelle tyrannie !</s>
</p>
</sp>
<sp who="PIANO"><speaker>PIANO.</speaker>
<stage type="title">ARIETTE.</stage>
	<l id="24">La jalousie</l>
	<l id="25">En ce lieu</l>
	<l id="26">S'alarme de peu.</l>
	<l id="27">Dans notre Asie,</l>
	<l id="28">La jalouse</l>
	<l id="29">S'alarme de peu ;</l>
	<l id="30">Un rien ici la met en feu.</l>
	<l id="31">Dans notre Asie,</l>
	<l id="32">La jalousie</l>
	<l id="33">Pousse l'emportement jusqu'à la frénésie :</l>
	<l id="34">Elle ne garde aucun milieu,</l>
	<l id="35">Un rien la met en feu,</l>
	<l id="36">En feu, en feu.</l>
	<l id="37">Adieu, adieu.</l>
</sp>
</div2>
<div2 type="scene" n="4"><head>SCÈNE IV. Zerbin, Durbin.</head>
<sp who="ZERBIN"><speaker>ZERBIN.</speaker>
<p id="1">
	<s id="1">Au diable.</s>
</p>
</sp>
<sp who="DURBIN"><speaker>DURBIN.</speaker>
<p id="2">
	<s id="1">Quoi : Célenie pourrait... </s>
	<s id="2">Non, je connais son coeur.</s>
</p>
</sp>
<sp who="ZERBIN"><speaker>ZERBIN.</speaker>
<p id="3">
	<s id="1">Et moi, je connais mon rival : il est magicien ; c'est le magicien du Roi : je suis perdu. </s>
	<s id="2">Ah, maudit voyage !</s>
</p>
</sp>
<sp who="DURBIN"><speaker>DURBIN.</speaker>
<p id="4">
	<s id="1">Si j'en croyais ma valeur ; mais ma valeur contre tout un peuple est bien inutile.</s>
</p>
</sp>
<sp who="ZERBIN"><speaker>ZERBIN.</speaker>
<p id="5">
	<s id="1">Et la mienne encore plus.</s>
</p>
</sp>
<sp who="DURBIN"><speaker>DURBIN.</speaker>
<p id="6">
	<s id="1">Ah ! </s>
	<s id="2">Si je ne peux la défendre, je peux périr à ses yeux.</s>
</p>
</sp>
<sp who="ZERBIN"><speaker>ZERBIN.</speaker>
<p id="7">
	<s id="1">Ce n'est pas mon avis.</s>
</p>
</sp>
<sp who="DURBIN"><speaker>DURBIN.</speaker>
<p id="8">
	<s id="1">Forçons le Palais.</s>
</p>
</sp>
<sp who="ZERBIN"><speaker>ZERBIN.</speaker>
<p id="9">
	<s id="1">Ne forçons rien.</s>
</p>
</sp>
<sp who="DURBIN"><speaker>DURBIN.</speaker>
<p id="10">
	<s id="1">Mais ciel ! </s>
	<s id="2">Je la vois.</s>
</p>
</sp>
</div2>
<div2 type="scene" n=""><head>SCÈNE V. Durbin, Célenie, Zerbin, Henriette.</head>
<sp who="DURBIN"><speaker>DURBIN.</speaker>
<p id="1">
	<s id="1">Ah, Célenie !</s>
</p>
</sp>
<sp who="CÉLENIE"><speaker>CÉLENIE.</speaker>
<p id="2">
	<s id="1">Durbin ! </s>
</p>
</sp>
<sp who="ZERBIN"><speaker>ZERBIN.</speaker>
<p id="3">
	<s id="1">Mon Henriette !</s>
</p>
</sp>
<sp who="HENRIETTE"><speaker>HENRIETTE.</speaker>
<p id="4">
	<s id="1">Zerbin !</s>
</p>
</sp>
<sp who="DURBIN"><speaker>DURBIN.</speaker>
<p id="5">
	<s id="1">Quoi ! </s>
	<s id="2">Le Sultan vous ainme ?</s>
</p>
</sp>
<sp who="CÉLENIE"><speaker>CÉLENIE.</speaker>
<p id="6">
	<s id="1">Cela n'est que trop vrai.</s>
</p>
</sp>
<sp who="ZERBIN"><speaker>ZERBIN.</speaker>
<p id="7">
	<s id="1">Et toi, Henriette ?</s>
</p>
</sp>
<sp who="HENRIETTE"><speaker>HENRIETTE.</speaker>
<p id="8">
	<s id="1">Le Vizir m'adore. </s>
	<s id="2">Il ne tient qu'à moi de gouverner et le Maître et l'Empire.</s>
</p>
</sp>
<sp who="DURBIN"><speaker>DURBIN.</speaker>
<p id="9">
	<s id="1">Quoi ! </s>
	<s id="2">Charmante Célenie, lorsque mon sincère amour.</s>
</p>
</sp>
<sp who="CÉLENIE"><speaker>CÉLENIE.</speaker>
<p id="10">
	<s id="1">Chevalier, sont-ce là vos serments ? </s>
	<s id="2">La Fée ne vous a permis de m'accompagner que sur la promesse que vous lui avez faite de ne me parler jamais de votre amour.</s>
</p>
</sp>
<sp who="DURBIN"><speaker>DURBIN.</speaker>
<p id="11">
	<s id="1">Je me tais... </s>
	<s id="2">Et ce cruel Sultan ?</s>
</p>
</sp>
<sp who="CÉLENIE"><speaker>CÉLENIE.</speaker>
<p id="12">
	<s id="1">Il m'a fait sa déclaration.</s>
</p>
</sp>
<sp who="DURBIN"><speaker>DURBIN.</speaker>
<p id="13">
	<s id="1">Zerbin, allez veiller autour de ces bosquets.</s>
</p>
</sp>
<sp who="CÉLENIE"><speaker>CÉLENIE.</speaker>
<p id="14">
	<s id="1">Henriette, vous nous avertirez s'il paraît quelqu'un.</s>
</p>
</sp>
</div2>
<div2 type="scene" n="6"><head>SCÈNE VI. Célenie, Durbin.</head>
<sp who="DURBIN"><speaker>DURBIN.</speaker>
<p id="1">
	<s id="1">Il vous a fait sa déclaration ?</s>
</p>
</sp>
<sp who="CÉLENIE"><speaker>CÉLENIE.</speaker>
<p id="2">
	<s id="1">La voici. </s>
	<s id="2">Lisez, lisez ; jugez vous-même de ses sentiments.</s>
</p>
</sp>
<sp who="DURBIN"><speaker>DURBIN.</speaker>
<p id="3">
	<s id="1">Quoi ! </s>
	<s id="2">Elle est en musique.</s>
</p>
</sp>
<sp who="CÉLENIE"><speaker>CÉLENIE.</speaker>
<p id="4">
	<s id="1">Oui, oui, sa déclaration est en musique, en Ariette encore, avec un grand accompagnement de fanfares. </s>
	<s id="2">Elle m'a été apportée, présentée, et exécutée par une armée de Musiciens. </s>
	<s id="3">Chantez, chantez.</s>
</p>
</sp>
<sp who="DURBIN"><speaker>DURBIN.</speaker>
<p id="5">
	<s id="1">Quoi ! </s>
	<s id="2">Vous voulez, Madame ? ...</s>
</p>
</sp>
<sp who="CÉLENIE"><speaker>CÉLENIE.</speaker>
<p id="6">
	<s id="1">Oui, je veux que vous chantiez, pour me pénétrer de toute l'horreur qu'il m'inspire.</s>
</p>	
</sp>
<sp who="DURBIN"><speaker>DURBIN.</speaker>
<p id="7">
	<s id="1">Quelque Musicien que je sois, cela demande...</s>
</p>
<stage type="dream/walk/furious">Il rêve, et Célenie se promène avec fureur pendant la ritournelle, et dit :</stage>
<p id="8">
	<s id="1">L'insolent, oser me déclarer que... </s>
	<s id="2">Ah, ciel !</s>
</p>
<stage type="title">ARIETTE.</stage>
<poem type="chanson">
<lg n="1">
	<l id="38">Vivatché, Roi des Rois,</l>
	<l id="39">Souverain de l'harmonie,</l>
	<l id="40">Adorateur des belles voix ,</l>
	<l id="41">À la mélodieuse Célenie</l>
	<l id="42">Salamalek cent et cent fois.</l>
</lg>
<lg n="2">
	<l id="43">Ô vous, dont la voix sonore</l>
	<l id="44">Se développe sans travail,</l>
	<l id="45">Venez régner dans mon sérail,</l>
	<l id="46">Venez, je vous adore.</l>
	<l id="47">Venez ; et que j'entende encore</l>
	<l id="48">Cette voix faite pour charmer.</l>
	<l id="49">Je vous adore ; il faut m'aimer :</l>
	<l id="50">Venez, je vous adore.</l>
</lg>
</poem>
<p id="9">
	<s id="1">Parce qu'il adore, il faut l'aimer. </s>
	<s id="2">Voilà bien le tyran le plus fat....</s>
</p>
</sp>
<sp who="CÉLENIE"><speaker>CÉLENIE.</speaker>
<p id="10">
	<s id="1">Aussi, écoutez la réponse que j'ai faite à cet horrible galant. </s>
	<s id="2">En voici le brouillon : je crois que vous en serez content, je crois que vous en serez content.</s>
</p>
<stage type="title">ARIETTE.</stage>
	<l id="51">Grand tyran, et petit Roi,</l>
	<l id="52">Compositeur sans harmonie ,</l>
	<l id="53">Rimailleur sans génie,</l>
	<l id="54">Plagiaire de symphonie,</l>
	<l id="55">D'une oreille juste l'effroi,</l>
	<l id="56">Écoute-moi,</l>
	<l id="57">Petit Roi,</l>
	<l id="58">Écoute-moi.</l>
	<l id="59">A quel injuste excès veux-tu t'abandonner,</l>
	<l id="60">Barbare, et de quel droit oses-tu m'ordonner</l>
	<l id="61">D'être en ton sérail ton esclave ?</l>
	<l id="62">Je ne crains point la mort, je la vois, je la brave,</l>
	<l id="63">Je saurai bien me la donner :</l>
	<l id="64">On plutôt l'honneur veut que dans ton sang je lave</l>
	<l id="65">Un affront dont l'horreur ne peut se pardonner :</l>
	<l id="66">Un coeur ferme qui voit la mort, et qui la brave,</l>
	<l id="67">A son tyran est sûr de la donner.</l>
	<l id="68">Hé bien !</l>
</sp>
<sp who="DURBIN"><speaker>DURBIN.</speaker>
<p id="11">
	<s id="1">Ah, Madame ! </s>
	<s id="2">Qu'avez-vous fait ? </s>
	<s id="3">Votre Ariette pleine de traits insultants et de menaces l'aura mis en fureur, et son amour changé en rage...</s>
</p>
</sp>
<sp who="CÉLENIE"><speaker>CÉLENIE.</speaker>
<p id="12">
	<s id="1">Cela est vrai, je me suis peut-être un peu trop livrée à mon indignation. </s>
	<s id="2">Mais dans cette extrémité quel parti prendre ?</s>
</p>
</sp>
<sp who="DURBIN"><speaker>DURBIN.</speaker>
<p id="13">
	<s id="1">Attendez, il me vient une idée ; il faut user d'adresse. </s>
	<s id="2">Voici son Ariette de déclaration, scellée de son sceau ; donnez-moi la réponse harmonieuse et sanglante que vous lui avez faite : je veux faire passer l'une et l'autre, par mon écuyer, dans les mains de la Sultane favorite.</s>
</p>
</sp>
<sp who="CÉLENIE"><speaker>CÉLENIE.</speaker>
<p id="14">
	<s id="1">Et vous croyez que sa jalousie ?...</s>
</p>
</sp>
<sp who="DURBIN"><speaker>DURBIN.</speaker>
<p id="15">
	<s id="1">Oui, oui.</s>
</p>
</sp>
</div2>
<div2 type="scene" n="7"><head>SCÈNE VII. Célenie, Durbin, Zerbin, Henriette.</head>0
<sp who="ZERBIN"><speaker>ZERBIN.</speaker>
<stage type="title">Sur l'air : Ah ! que la forêt de Cythère.</stage>
	<l id="69">Monseigneur, que l'on se prépare</l>
	<l id="70">À chanter. Prenez bien vos tons,</l>
	<l id="71">Tontaine, tontons, tontons, tontons,</l>
	<l id="72">Avec sa musique barbare</l>
	<l id="73">Le Sultan vient à nous ; chantons.</l>
</sp>
<sp stage="together" who="HENRIETTE, ZERBIN"><speaker>HENRIETTE et ZERBIN.</speaker>
	<l id="74">Tontaine, tontons, tontons, tontons,</l>
	<l id="75">Tontons, tontons, tontaine, tontons.</l>
</sp>
</div2>
<div2 type="scene" n="8"><head>SCÈNE VIII. Les Acteurs précédents, Vivatché, Henriette.</head>
<sp who="VIVATCHÉ"><speaker>VIVATCHÉ.</speaker>
<stage type="title">ARIETTE.</stage>
	<l id="76">Paix-là, paix-là, taisez-vous ;</l>
	<l id="77">Paix-là, taisez-vous devant nous,</l>
	<l id="78">Plats Chanteurs de vieux Vaudevilles,</l>
	<l id="79">Partisans imbéciles</l>
	<l id="80">Des lanla, des flons, flons,</l>
	<l id="81">Des gai, gai, des lampons.</l>
	<l id="82">De tant vous l'avez doux, Guillemette doux :</l>
	<l id="83">Partisans imbéciles</l>
	<l id="84">Des tirelironsa, des sans dessus dessous,</l>
<note type="C">"Ah Madame Anroux" est un air de Vaudeville.</note>
<note type="C">"La Béquille du Père Barnabas" est une chanson populaire qui connut beaucou de succès.</note>
	<l id="85">Des père Barnabas et des Madame Anroux.</l>
	<l id="86">Plats Chanteurs de vieux Vaudevilles ,</l>
	<l id="87">Paix-là, taisez-vous devant nous :</l>
	<l id="88">Henriette, Zerbin, sortez, retirez-vous.</l>
</sp>
<sp stage="together" who="HENRIETTE, ZERBIN"><speaker>HENRIETTE et ZERBIN.</speaker>
	<l id="89">Sortons, retirons-nous.</l>
</sp>
</div2>
<div2 type="scene" n="9"><head>SCÈNE IX. Vivatché, Célenie, Presto, Durbin.</head>
<sp stage="speech" who="VIVATCHÉ"><speaker>VIVATCHÉ, en parlant.</speaker>
	<l id="90">Pour vous, piquante Célenie,</l>
	<l id="91">Dont le satyrique génie</l>
	<l id="92">Contre moi fait de si bons vers</l>
	<l id="93">Sur de si beaux airs,</l>
	<l id="94">Et de si bonne symphonie,</l>
	<l id="95">Je vous le dis, en termes clairs :</l>
<stage type="title">ARIETTE.</stage>
	<l id="96">Je ne réponds aux épigrammes,</l>
	<l id="97">Je ne repousse les traits</l>
	<l id="98">Des belles Dames</l>
	<l id="99">Qu'en adorant leurs attraits,</l>
	<l id="100">Qu'en les embrasant de mes flammes.</l>
	<l id="101">Quand leur haine s'éteint, c'est alors qu'en leurs âmes</l>
	<l id="102">L'amour pour moi s'allume après :</l>
	<l id="103">Et voilà comme il faut qu'on se venge des femmes</l>
	<l id="104">En adorant leurs attraits,</l>
	<l id="105">En les embrasant de ses flammes.</l>
	<l id="106">Venez régner à jamais,</l>
	<l id="107">Venez régner dans mon Palais.</l>
</sp>
<sp stage="together" who="VIVATCHÉ, PRESTO"><speaker>VIVATCHÉ et PRESTO.</speaker>
	<l id="108">Venez régner à jamais</l>
</sp>
<sp who="VIVATCHÉ"><speaker>VIVATCHÉ.</speaker>
	<l id="109">Dans mon Palais,</l>
</sp>
<sp who="PRESTO"><speaker>PRESTO. </speaker>
	<l id="110">Dans son Palais.</l>
<stage type="title">QUATUOR.</stage>
</sp>
<sp who="CÉLENIE"><speaker>CÉLENIE. </speaker>
	<l id="111">En ton Palais !</l>
</sp>
<sp who="VIVATCHÉ"><speaker>VIVATCHÉ.</speaker>
	<l id="112">Dans mon Palais.</l>
</sp>
<sp who="PRESTO"><speaker>PRESTO.</speaker>
	<l id="113">Dans le Palais...</l>
</sp>
<sp who="DURBIN"><speaker>DURBIN. </speaker>
	<l id="114">Dans ton Palais !</l>
</sp>
<sp who="VIVATCHÉ"><speaker>VIVATCHÉ.</speaker>
	<l id="115">Holas, Gardes, conduisez-les</l>
	<l id="116">Dans mon Palais.</l>
<stage type="away/toward/low">Ils sortent conduits par les Gardes, mais par le même endroit ; et cela pendant la ritournelle. Il faut qu'ils mesurent leurs pas de façon qu'on voie encore des gens de la suite à la fin de la ritournelle. Vivatché parle bas au Capitaine de ses Gardes.</stage>
</sp>
</div2>
<div2 type="scene" n="10"><head>SCÈNE X. Presto, Vivatché.</head>
<sp stage="speech" who="PRESTO"><speaker>PRESTO, en parlant.</speaker>
	<l id="117">Très clément Prince, à quel supplice</l>
	<l id="118">Destinez-vous votre rival ?</l>
	<l id="119">Car il l'est.</l>
</sp>
<sp stage="speech" who="VIVATCHÉ"><speaker>VIVATCHÉ, parlant aussi.</speaker>
	<l id="120">Oui, je viens à mon grand Sénéchal,</l>
	<l id="121">Je viens d'ordonner qu'il subisse</l>
	<l id="122">Un supplice</l>
	<l id="123">De caprice,</l>
	<l id="124">Un supplice original.</l>
	<l id="125">Pour me divertir, je commande</l>
	<l id="126">À des bourreaux de chant, que le coupable entende,</l>
	<l id="127">Pendant ses repas seulement,</l>
	<l id="128">Tous les jours le concert charmant</l>
	<l id="129">Que formeront des voix fausses et discordantes,</l>
	<l id="130">Détonantes et glapissantes,</l>
	<l id="131">Et des sifflets aigus pour accompagnement.</l>
	<l id="132">Si je punis mon rival doucement,</l>
	<l id="133">C'est que mon goût pour Célenie</l>
	<l id="134">Est faible : mais par-là je veux adroitement,</l>
	<l id="135">Pans celle que j'aime ardemment,</l>
	<l id="136">Dans le coeur de Melophanie</l>
	<l id="137">Ranimer plus vivement</l>
	<l id="138">La chaleur du sentiment.</l>
</sp>
<sp stage="speech" who="PRESTO"><speaker>PRESTO, en parlant.</speaker>
	<l id="139">C'est penser, c'est parler d'une grande justesse.</l>
	<l id="140">De mon côté mon art doit vous aider ;</l>
	<l id="141">Et tandis qu'en passant vous pouvez excéder</l>
	<l id="142">Pour vos menus plaisirs Durbin et sa maîtresse,</l>
	<l id="143">Je puis gaiement vous seconder</l>
	<l id="144">En tirant de leur léthargie</l>
	<l id="145">Cette triste Henriette et son morne écuyer,</l>
	<l id="146">À leurs dépens aussi je prétends m'égayer</l>
	<l id="147">Par quelque tour de ma folle magie.</l>
	<l id="148">J'y rêve.</l>
</sp>
<sp who="VIVATCHÉ"><speaker>VIVATCHÉ.</speaker>
	<l id="149">Rêvez-y, c'est comme je l'entends.</l>
</sp>
<sp stage="together" who="VIVATCHÉ, PRESTO"><speaker>DUO.</speaker>
	<l id="150">C'est un passe-temps agréable,</l>
	<l id="151">C'est un passe-temps</l>
	<l id="152">De faire donner au diable,</l>
	<l id="153">De désespérer deux amants.</l>
	<l id="154">C'est un passe-temps.</l>
</sp>
<sp who="VIVATCHÉ"><speaker>VIVATCHÉ.</speaker>
	<l id="155">J'aime à voir ces gens </l>
	<l id="156">Avec leur humeur intraitable</l>
	<l id="157">Puis douce, puis épouvantable.</l>
	<l id="158">J'aime les amants</l>
	<l id="159">Et leur douleur respectable.</l>
</sp>
<sp who="PRESTO"><speaker>PRESTO.</speaker>
	<l id="160">À voir leur humeur intraitable</l>
	<l id="161">Affecter un dehors aimable,</l>
	<l id="162">L'air tranquille, un air affable,</l>
	<l id="163">Et les voir tout bas enrageants :</l>
	<l id="164">Oui, c'est un plaisir véritable. .</l>
	<l id="165">J'aime à voir leur air lamentable ;</l>
	<l id="166">J'aime à voir leurs petits tourments.</l>
</sp>
</div2>
</div1>
<div1 type="act" n="2"><head>ACTE II</head>
<stage type="décor">Le Théâtre représente le vestibule du sérail.</stage>
<div2 type="scene" n="1"><head>SCÈNE PREMIÈRE. Zerbin, Piano.</head>
<sp stage="stop" who="PIANO"><speaker>PIANO, arrêtant Zerbin.</speaker>
	<l id="167">Arrête, mortel téméraire,</l>
	<l id="168">Tremble, arrête ; ne passe pas</l>
	<l id="169">Ce vestibule solitaire.</l>
	<l id="170">Dans le sérail si tu portais tes pas,</l>
	<l id="171">Il n'est rien qui pût te soustraire</l>
	<l id="172">Au plus rigoureux trépas.</l>
	<l id="173">Chante, chante. Qu'y viens-tu faire ?</l>
</sp>
<sp who="ZERBIN"><speaker>ZERBIN.</speaker>
<stage type="title">Sur l'air : Laire-là, laire, lanlere.</stage>
	<l id="174">Je viens vous faire un long récit</l>
	<l id="175">En vaudeville, et sans esprit :</l>
	<l id="176">Mais pardon, il est nécessaire ;</l>
	<l id="177">Il éclaircit notre affaire :</l>
	<l id="178">Faites grâce à mon débit.</l>
</sp>
<sp who="PIANO"><speaker>PIANO.</speaker>
	<l id="179">Chante, et sois court. Épargne à mon oreille,</l>
	<l id="180">Bonhomme, autant que tu pourras,</l>
	<l id="181">De ton chant, de tes airs ingrats,</l>
	<l id="182">La langueur sans pareille.</l>
</sp>
<sp stage="aparte" who="ZERBIN"><speaker>ZERBIN, à part.</speaker>
<p id="1">
	<s id="1">Quel diable, j'ai bien trouvé un air plus vif : mais dans ce moment-ci les rimes ne me viennent point du tout. </s>
	<s id="2">Comment faire ?</s>
</p>
</sp>
<sp who="PIANO"><speaker>PIANO.</speaker>
	<l id="183">Tu parles sans chanter, je crois : Ne t'est-il pas</l>
	<l id="184">Dans l'instant échappé tout bas</l>
	<l id="185">Quelques malheureux mots de prose ?</l>
</sp>
<sp who="ZERBIN"><speaker>ZERBIN.</speaker>
	<l id="186">Mon cher Piano, non, je n'ose.</l>
</sp>
<sp who="PIANO"><speaker>PIANO.</speaker>
	<l id="187">En ce cas chantez donc : chantez mon virtuose,</l>
	<l id="188">Chantez, enchantez-moi, Musicien parfait.</l>
</sp>
<sp who="ZERBIN"><speaker>ZERBIN.</speaker>
	<l id="189">Raillez. Mais écoutez, Seigneur , voici le fait.</l>
<stage type="aparte">À part.</stage>
<p id="2">
	<s id="1">Morbleu, la rime m'abandonne ! </s>
	<s id="2">Bon, bon, il ne s'en apercevra peut-être pas.</s>
</p>	
</sp>
<sp who="PIANO"><speaker>PIANO.</speaker>
	<l id="190">Hé bien donc.</l>
</sp>
<sp who="ZERBIN"><speaker>ZERBIN.</speaker>
	<l id="191">Seigneur Piano, voici le fait,</l>
	<l id="192">Voici, voici le fait.</l>
<stage type="title">Air : De l'Allemande Suisse.</stage>
	<l id="193">À Célenie.</l>
	<l id="194">En papier bien réglé</l>
	<l id="195" syll="8" part="i">Notre Prince a déclaré son</l>
	<l id="195" syll="1" part="f">Feu.</l>
	<l id="196">Par la chaleur de cette Ariette-ci,</l>
	<l id="197" syll="8" part="i">L'on voit qu'il en est amoureux,</l>
	<l id="197" syll="1" part="f">Fou,</l>
	<l id="198">Mais par le froid</l>
	<l id="199">De celle que voilà,</l>
	<l id="200" syll="8" part="i">L'on juge que la dame le</l>
	<l id="200" syll="1" part="f">Hait.</l>
	<l id="201">Je vous remets</l>
	<l id="202">Ces deux airs</l>
	<l id="203">Bien notés.</l>
	<l id="204" syll="8" part="i">Peut-on voir un procédé plus</l>
	<l id="204" syll="1" part="f">Net ?</l>
	<l id="205">Voyez quelle est</l>
	<l id="206" syll="6" part="i">L'Ariette et l'Amour</l>
	<l id="206" syll="3" part="f">De l'objet</l>
	<l id="207" syll="6" part="i">Dont le Roi veut vaincre le</l>
	<l id="207" syll="1" part="f">coeur.</l>
	<l id="208">Soupçons jaloux</l>
	<l id="209">N'ont plus lieu</l>
	<l id="210">Par nos faits :</l>
	<l id="211">Convenez</l>
	<l id="212" syll="7" part="i">Que nous les coulons tous à</l>
	<l id="212" syll="1" part="f">Fond.</l>
	<l id="213">Célenie attend de vous,</l>
	<l id="214">Qu'on la fasse entrer dehors</l>
	<l id="215">Du sérail,</l>
	<l id="216">Que le Prince et son amour</l>
	<l id="217" syll="7" part="i">Près d'elle ici fassent chou</l>
	<l id="217" syll="1" part="f">Blanc.</l>
</sp>
<sp who="PIANO"><speaker>PIANO.</speaker>
	<l id="218">C'en est assez, Zerbin, j'estime</l>
	<l id="219">Vos procédés plus que vos vers :</l>
	<l id="220">Attachez-vous un peu plus à la rime,</l>
	<l id="221">J'en ai cru voir qui sont tout de travers.</l>
	<l id="222">Mais passons.... à Mélophanie</l>
	<l id="223">Je cours chanter ces deux beaux airs,</l>
	<l id="224">Comptez, pour servir Célenie,</l>
	<l id="225">Qu'elle va mettre en jeu mille ressorts divers.</l>
</sp>
</div2>
<div2 type="scene" n="2"><head>SCÈNE II.</head>
<sp who="ZERBIN"><speaker>ZERBIN.</speaker>
<p id="1">
	<s id="1">Il est parti à présent. Je crois qu'il convient de faire ici à l'Amour une petite invocation, pour qu'il rende Célenie à mon Maître, en détruisant, de fond en comble, les murailles de ce maudit Harem ! </s>
	<s id="2">Amour ! </s>
	<s id="3">Amour ! </s>
	<s id="4">Ô, toi, qui ne t'occupes qu'à blesser nos coeurs, laisse-là, pour un moment, ton arc et tes flèches !</s>
</p>
<stage type="title">Air : Des Pendus.</stage>
	<l id="226">Dieu d'amour, sans un grand travail,</l>
	<l id="227">Tu peux l'enlever du sérail,</l>
	<l id="228">Sans briser porte ni muraille :</l>
	<l id="229">Tu peux faire que ton ouaille</l>
	<l id="230">Ne soit plus avec.... l'attirail</l>
	<l id="231">Que l'on enferme en ce bercail.</l>
<p id="1">
	<s id="1">Pardinne il faut avouer que la rime est bien quinteuse : je rime actuellement comme un écho ; et tout-à-l'heure que j'en avais besoin... </s>
	<s id="2">Mais j'entends du bruit dans le sérail. </s>
	<s id="3">Retournons rendre compte de notre commission.</s>
</p>
</sp>
</div2>
<div2 type="scene" n="3"><head>SCÈNE III. Mélophanie, tenant les deux Ariettes ; Piano.</head>
<sp stage="sing" who="MÉLOPHANIE"><speaker>MÉLOPHANIE, chantant.</speaker>
	<l id="232">Malheureuse Mélophanie,Quel désespoir !</l>
	<l id="233">Le Sultan jette le mouchoir</l>
	<l id="234">À Célenie. .</l>
	<l id="235">Quel désespoir !</l>
	<l id="236">Ma rivale va s'asseoir</l>
	<l id="237">Sur le trône de l'harmonie.</l>
	<l id="238">Malheureuse Mélophanie,</l>
	<l id="239">Quel désespoir.</l>
</sp>
</div2>
<div2 type="scene" n=""><head>SCÈNE IV. Vivatché, Mélophanie.</head>
<sp stage="aparte" who="VIVATCHÉ"><speaker>VIVATCHÉ, à part en parlant.</speaker>
	<l id="240">Je l'entends qui gémit : portons les derniers coups,</l>
	<l id="241">Renfermons dans mon sein l'amour que j'ai pour elle ;</l>
	<l id="242">Confirmons ses soupçons jaloux,</l>
	<l id="243">En jouant l'amant infidèle :</l>
	<l id="244">Ressuscitons un coeur qui semblait mort pour nous.</l>
<stage type="title">DUO DIALOGUÉ.</stage>
</sp>
<sp who="MÉLOPHANIE"><speaker>MÉLOPHANIE.</speaker>
	<l id="245">C'en est donc fait, amant volage,</l>
	<l id="246">Tu m'abandonnes pour toujours.</l>
</sp>
<sp who="VIVATCHÉ"><speaker>VIVATCHÉ.</speaker>
	<l id="247">Je n'entends rien à ce langage :</l>
	<l id="248">A quoi tendent ces vains discours ?</l>
</sp>
<sp who="MÉLOPHANIE"><speaker>MÉLOPHANIE.</speaker>
	<l id="249">Tu dois entendre ce langage,</l>
	<l id="250">Ce ne sont point de vains discours :</l>
	<l id="251">Tu portes ailleurs ton hommage,</l>
	<l id="252">Tu m'abandonnes pour toujours.</l>
</sp>
<sp who="VIVATCHÉ"><speaker>VIVATCHÉ.</speaker>
	<l id="253">À quoi tendent ces vains discours.</l>
</sp>
<sp who="MÉLOPHANIE"><speaker>MÉLOPHANIE.</speaker>
	<l id="254">Ce ne sont point de vains discours :</l>
	<l id="255">Toi qui disais que nos amours</l>
	<l id="256">De nos jours</l>
	<l id="257">Égaleraient le cours,</l>
	<l id="258">Tu m'abandonnes pour toujours.</l>
</sp>
<sp who="VIVATCHÉ"><speaker>VIVATCHÉ.</speaker>
	<l id="259">Hé, qui vous fait penser que mon coeur se dégage ?</l>
</sp>
<sp who="MÉLOPHANIE"><speaker>MÉLOPHANIE.</speaker>
	<l id="260">Oui, cruel, ton coeur se dégage,</l>
	<l id="261">Démens, démens ce témoignage.</l>
	<l id="262">Tiens, lis. Laisse-là les détours.</l>
	<l id="263">Que mes beaux jours</l>
	<l id="264">Ont été courts !</l>
</sp>
<sp stage="embarrassed" who="VIVATCHÉ"><speaker>VIVATCHÉ, d'un air d'embarras.</speaker>
	<l id="265">Je ne puis feindre davantage :</l>
	<l id="266">Il est vrai... je vous plains.... Armez-vous de courage.</l>
</sp>
<sp who="MÉLOPHANIE"><speaker>MÉLOPHANIE.</speaker>
	<l id="267">Que mes beaux jours</l>
	<l id="268">Ont été courts !</l>
</sp>
<sp who="VIVATCHÉ"><speaker>VIVATCHÉ.</speaker>
	<l id="269">Aux pleurs cessez d'avoir recours.</l>
</sp>
<sp who="MÉLOPHANIE"><speaker>MÉLOPHANIE.</speaker>
	<l id="270">Non, les pleurs sont mon partage.</l>
	<l id="271">Que n'ai-je prévenu l'outrage</l>
	<l id="272">En rompant la première, et rompant pour toujours !</l>
</sp>
<sp who="VIVATCHÉ"><speaker>VIVATCHÉ.</speaker>
	<l id="273">Ah ! Je vous ai ravi le charmant avantage</l>
	<l id="274">De quitter avant moi, d'être avant moi volage.</l>
</sp>
<sp who="MÉLOPHANIE"><speaker>MÉLOPHANIE.</speaker>
	<l id="275">Qui moi ! Pouvais je être volage ?</l>
</sp>
<sp who="VIVATCHÉ"><speaker>VIVATCHÉ.</speaker>
	<l id="276">Oui, vous voulez être volage.</l>
</sp>
<sp who="MÉLOPHANIE"><speaker>MÉLOPHANIE.</speaker>
	<l id="277">Je sors. Je vais mourir de douleur et de rage.</l>
</sp>
<sp who="VIVATCHÉ"><speaker>VIVATCHÉ.</speaker>
	<l id="278">Cessez, cessez ces vains discours.</l>
</sp>
<sp who="MÉLOPHANIE"><speaker>MÉLOPHANIE.</speaker>
	<l id="279">Et mourir en t'aimant toujours.</l>
</sp>
<sp who="VIVATCHÉ"><speaker>VIVATCHÉ.</speaker>
	<l id="280">Non, non, vous m'oublierez toujours.</l>
</sp>
</div2>
<div2 type="scene" n="5"><head>SCÈNE V.</head>
<sp stage="speech" who="VIVATCHÉ"><speaker>VIVATCHÉ, en parlant.</speaker>
	<l id="281">Sa fureur me ravit : qu'à présent Célenie</l>
	<l id="282">Me soit cruelle, et regrette mes voeux,</l>
	<l id="283">Je goûte ici du moins la douceur infinie</l>
	<l id="284">De l'avoir fait servir à ranimer les feux</l>
	<l id="285">De la tendre Mélophanie.</l>
</sp>
</div2>
<div2 type="scene" n="6"><head>SCÈNE VI. Vivatché, Piano.</head>
<stage type="title">ARIETTE.</stage>
<sp who="PIANO"><speaker>PIANO.</speaker>
	<l id="286">Ah ! Grands Dieux ! apprenez, Seigneur.</l>
</sp>
<sp who="VIVATCHÉ"><speaker>VIVATCHÉ.</speaker>
	<l id="287">Qu'as-tu donc qui te désole ?</l>
</sp>
<sp who="PIANO"><speaker>PIANO.</speaker>
	<l id="288">Célenie !... Ah ! quel malheur !</l>
	<l id="289">Ciel ! L'excès de sa douleur,</l>
	<l id="290">Pour le sérail son horreur,</l>
	<l id="291">Son désespoir, sa fureur,</l>
	<l id="292">L'ont fait devenir folle.</l>
</sp>
<sp who="VIVATCHÉ"><speaker>VIVATCHÉ.</speaker>
	<l id="293">Non, ce n'est point cela, c'est notre chant nouveau,</l>
	<l id="294">C'est notre nouvelle Musique,</l>
	<l id="295">Trop forte, trop scientifique</l>
	<l id="296">Qui trouble son faible cerveau.</l>
	<l id="297">Je l'ai vu, c'est notre Musique.</l>
</sp>
<sp stage="together" who="PIANO, VIVATCHÉ"><speaker>PIANO et VIVATCHÉ.</speaker>
	<l id="298">C'est notre Musique.</l>
</sp>
</div2>
<div2 type="scene" n="7"><head>SCÈNE VII. Presto, Piano, Vivatché, Un esclave.</head>
<sp stage="speech" who="L'ESCLAVE"><speaker>L'ESCLAVE, en parlant.</speaker>
	<l id="299">Célenie, ah ! Seigneur. J'ai fait dans une fête</l>
	<l id="300">Exécuter une tempête</l>
	<l id="301">Qui vient de lui tourner la tête.</l>
	<l id="302">J'ai vu dès lors son mal se déclarer,</l>
	<l id="303">Et sa raison et ses yeux s'égarer.</l>
	<l id="304">Mais c'est elle. Rien ne l'arrête.</l>
</sp>
</div2>
<div2 type="scene" n="8"><head>SCÈNE VIII. Célenie, Vivatché, Piano, Presto, Un  esclave.</head>
<sp stage="continue" who="L'ESCLAVE"><speaker>L'ESCLAVE, continuant de parler.</speaker>
	<l id="305">Que son égarement dans ses yeux se peint bien !</l>
	<l id="306">Mais, Seigneur, n'en craignez rien,</l>
	<l id="307">N'en craignez rien ; sa folie</l>
	<l id="308">Est douce, gaillarde et jolie.</l>
</sp>
<sp who="CÉLENIE"><speaker>CÉLENIE.</speaker>
<stage type="title">ARIETTE.</stage>
	<l id="309">C'est lui-même, c'est lui, c'est le grand Timurbek,</l>
	<l id="310">De ses pieds baisons la poussière.</l>
	<l id="311">À son aspect,</l>
	<l id="312">Je vois la terre entière</l>
	<l id="313">Dans un stupide respect.</l>
	<l id="314">La voyez-vous ! c'est une mouche bleue</l>
	<l id="315">Sur votre auguste front ;</l>
	<l id="316">Elle volait en rond :</l>
	<l id="317">Elle avait fait une lieue</l>
	<l id="318">En volant en rond</l>
	<l id="319">Sur votre auguste front.</l>
</sp>
<sp stage="toward" who="VIVATCHÉ"><speaker>VIVATCHÉ, à Presto, en parlant.</speaker>
	<l id="320">Va, cours, cherche Durbin. L'amitié qui les lie,</l>
	<l id="321">Saura peut-être en un instant</l>
	<l id="322">Rapeller ses esprits, rendre son coeur content,</l>
	<l id="323">Et la guérir de sa folie.</l>
</sp>
</div2>
<div2 type="scene" n="9"><head>SCÈNE IX. Vivatché, Célenie.</head>
<sp stage="speech" who="VIVATCHÉ"><speaker>VIVATCHÉ, en parlant.</speaker>
	<l id="324">Reconnaissez, Madame, et mes traits et ma voix.</l>
</sp>
<sp who="CÉLENIE"><speaker>CÉLENIE.</speaker>
	<l id="325">Je ne t'ai jamais vu ; mais je te reconnais.</l>
	<l id="326">Mais au reste, est-il si nécessaire de se connaître ?</l>
<stage type="closer/decor/sit">Pendant la Ritournelle, Célenie fera approcher deux sièges, les fera mettre plus près, et fera asseoir le Sultan.</stage>
<stage type="title">ARIETTE.</stage>
	<l id="327">Sans se connaître on peut s'entendre,</l>
	<l id="328">Vous entendez bien,</l>
	<l id="329">Vous n'ignorez pas que mon gendre,</l>
	<l id="330">Le gendre mon Vizir, ou le Vizir mon gendre,</l>
	<l id="331">Fut un grand Négromancien,</l>
	<l id="332">Vous entendez bien.</l>
	<l id="333">Les cieux ne sont pas bleus pour rien,</l>
	<l id="334">Vous entendez bien.</l>
	<l id="335">Cette Fée a cru les surprendre ;</l>
	<l id="336">Son avis n'était pas le mien ;</l>
	<l id="337">C'était le sien,</l>
	<l id="338">Vous entendez bien.</l>
	<l id="339">De là je conclus qu'un coeur tendre</l>
	<l id="340">Se fait entendre par un rien,</l>
	<l id="341">Vous entendez bien.</l>
<stage type="stand/decor">Elle se lève. Là le Sultan fait signe qu'on éloigne les sièges, Piano le fait.</stage>
</sp>
<sp stage="speech" who="VIVATCHÉ"><speaker>VIVATCHÉ, en parlant.</speaker>
	<l id="342">Je vois à chaque instant augmenter sa démence...</l>
	<l id="343">Mais voici Durbin qui s'avance.</l>
</sp>
</div2>
<div2 type="scene" n="10"><head>SCÈNE X. Vivatché, Célenie, Durbin, Piano.</head>
<sp stage="speech" who="VIVATCHÉ"><speaker>VIVATCHÉ, en parlant.</speaker>
	<l id="344">Malheureux Chevalier ! C'est ton funeste</l>
	<l id="345">Qui seul est cause, et qui fait naître</l>
	<l id="346">L'égarement d'esprit où tu la vois paraître.</l>
	<l id="347">Rends-lui sa raison dans ce jour ?</l>
	<l id="348">Cherche à t'en faire reconnaître.</l>
</sp>
<sp stage="speech" who="CÉLENIE"><speaker>CÉLENIE, en parlant.</speaker>
	<l id="349">Ah ! C'est Durbin : dès qu'il paraît,</l>
	<l id="350">Le calme en moi semble renaître.</l>
	<l id="351">Mon coeur, mon coeur le reconnaît.</l>
</sp>
<sp stage="speech" who="DURBIN"><speaker>DURBIN, en parlant.</speaker>
	<l id="352">Tu me trompes, cruel. Non, elle n'est point folle :</l>
	<l id="353">T'en croirai-je sur ta parole,</l>
	<l id="354">Lorsque sa bouche te dément ?</l>
	<l id="355">Parle, parle à ton amant.</l>
</sp>
<sp who="CÉLENIE"><speaker>CÉLENIE.</speaker>
<p id="1">
	<s id="1">Que je vous parle... </s>
	<s id="2">Que je lui parle : il est à faire mourir de rire... </s>
	<s id="3">Mais y a -t-il sûreté à vous ouvrir mon coeur devant la Dame que voilà ?</s>
</p>
<stage type="touch/sing">Elle frappe sur l'épaule de Vivatché, et chante.</stage>
</sp>
<sp stage="speech" who="VIVATCHÉ"><speaker>VIVATCHÉ, parlant.</speaker>
	<l id="356">Elle me prend pour une femme.</l>
</sp>
<sp stage="aparte" who="DURBIN"><speaker>DURBIN, à part.</speaker>
	<l id="357">Elle retombe en son délire :</l>
	<l id="358">Je sens que mon coeur se déchire,</l>
</sp>
<sp who="CÉLENIE"><speaker>CÉLENIE.</speaker>
<stage type="title">DUO DIALOGUÉ.</stage>
	<l id="359">Durbin, je t'aime, le sais-tu ?</l>
	<l id="360">J'ai toujours combattu</l>
	<l id="361">Mon coeur et mon amour extrême,</l>
	<l id="362">J'ai trop su me vaincre moi-même.</l>
	<l id="363">Durbin, je t'aime,</l>
	<l id="364">Le sais-tu, le sais-tu ?</l>
</sp>
<sp stage="aparte" who="DURBIN"><speaker>DURBIN, à part.</speaker>
	<l id="365">De sa raison, tant qu'elle fut maîtresse,</l>
	<l id="366">La loi d'une austère pudeur.</l>
	<l id="367">Lui faisait taire son ardeur</l>
	<l id="368">Avec une cruelle adresse.</l>
</sp>
<sp who="CÉLENIE"><speaker>CÉLENIE.</speaker>
	<l id="369">M'entends-tu ?</l>
	<l id="370">Ma pudeur, ma vertu,</l>
	<l id="371">Te cachaient mon amour extrême ;</l>
	<l id="372">Je me le cachais à moi-même,</l>
</sp>
<sp who="DURBIN"><speaker>DURBIN.</speaker>
	<l id="373">Ah ! Quel mélange, hélas ! de joie et de tristesse !</l>
	<l id="374">Voilà donc, voilà donc l'aveu de sa tendresse,</l>
	<l id="375">Et mon malheur,</l>
<stage type="title">TRIO.</stage>
</sp>
<sp who="VIVATCHÉ"><speaker>VIVATCHÉ.</speaker>
	<l id="376">Dieux ! elle l'aime,</l>
	<l id="377">L'ai-je bien entendu ?</l>
	<l id="378">A-t-il dû</l>
	<l id="379">Dans son tendre aveu même</l>
	<l id="380">Trouver sa peine extrême.</l>
	<l id="381">Dieux ! elle l'aime,</l>
	<l id="382">L'ai-je bien entendu ?</l>
</sp>
<sp who="CÉLENIE"><speaker>CÉLENIE.</speaker>
	<l id="383">Durbin je t'aime, </l>
	<l id="384">Le sais-tu ? </l>
</sp>
<sp who="DURBIN"><speaker>DURBIN.</speaker>
	<l id="385">Dieux ! Elle m'aime,</l>
	<l id="386">M'y serais-je attendu ?</l>
	<l id="387">Ai-je dû</l>
	<l id="388">Trouver dans son tendre aveu même</l>
	<l id="389">Mon tourment et ma peine extrême ?</l>
	<l id="390">M'y serais attendu ?</l>
	<l id="391">Dieux ! Elle m'aime.</l>
	<l id="392">Mon bonheur, qu'êtes-vous devenu ?</l>
</sp>
</div2>
<div2 type="scene" n="11"><head>SCÈNE XI. Vivatché, Durbin.</head>
<sp stage="speech" who="VIVATCHÉ"><speaker>VIVATCHÉ, en parlant.</speaker>
	<l id="393">Esclaves, qu'on la suive.</l>
<stage type="toward">À Durbin.</stage>
	<l id="394">Et vous, qu'on se retire.</l>
</sp>
<sp stage="speech" who="DURBIN"><speaker>DURBIN, parlant.</speaker>
	<l id="395">Exécrable tyran.</l>
</sp>
<sp stage="speech" who="VIVATCHÉ"><speaker>VIVATCHÉ, parlant.</speaker>
	<l id="396">Attends, que vas-tu dire ?</l>
	<l id="397">Je t'interromps pour ton bien.</l>
	<l id="398">Ne me prends pas ici pour un roi de Théâtre,</l>
	<l id="399">Qu'on brave, et qui ne répond rien.</l>
	<l id="400">Sors sans parler, sinon ta rage opiniâtre...</l>
</sp>
<sp stage="interrupt" who="DURBIN"><speaker>DURBIN, l'interrompant.</speaker>
	<l id="401">Cesse de menacer : hâte mon triste sort,</l>
	<l id="402">Si je perds la beauté que mon coeur idolâtre ; .</l>
	<l id="403">Sans crainte, sans regret, je recevrai la mort.</l>
</sp>
</div2>
<div2 type="scene" n="12"><head>SCÈNE XII.</head>
<sp stage="interrupt" who="VIVATCHÉ"><speaker>VIVATCHÉ, parlant.</speaker>
	<l id="404">Je dois pardonner la furie</l>
	<l id="405">De cet amant désespéré :</l>
	<l id="406">Il perd une amante chérie ;</l>
	<l id="407">Il voit son esprit égaré.</l>
</sp>
</div2>
<div2 type="scene" n="13"><head>SCÈNE XIII. Vivatché, un esclave.</head>
<sp stage="declamation" who="L'ESCLAVE"><speaker>L'ESCLAVE, déclamant.</speaker>
	<l id="408">Seigneur, vous n'avez plus de salon de musique :</l>
	<l id="409">Ces instruments harmonieux,</l>
	<l id="410">Qu'à grands frais l'on avait rassemblés dans ces lieux,</l>
	<l id="411">Sont tous brisés. Célenie à nos yeux,</l>
	<l id="412">Dans les accès d'une folie unique,</l>
	<l id="413">A défoncé vos timbales d'airain,</l>
	<l id="414">Et vos tambours de basque et votre tambourin,</l>
	<l id="415">Sa frénésie a fait main basse</l>
	<l id="416">Sur le violoncelle, et basse et contre-basse,</l>
	<l id="417">Tout est en pièces ! Elle casse</l>
	<l id="418">Jusqu'aux cordes du clavecin.</l>
	<l id="419">Nous n'osons par respect l'arrêter : et sa main</l>
	<l id="420">Saisissant un basson, en frappe, rompt, écharpe,</l>
<note type="C">Cannelle : Fig. et familièrement. Mettre en cannelle, briser, réduire en morceaux comme ceux de la cannelle qui se vend ; et plus figurément encore, déchirer, ruiner de réputation.</note>
	<l id="421">Met en cannelle votre harpe ;</l>
	<l id="422">Vos airs, vos septuors, tous vos plus grands morceaux</l>
	<l id="423">Sont déchirés, sont par lambeaux.....</l>
</sp>
<sp stage="interrupt/toward" who="VIVATCHÉ"><speaker>VIVATCHÉ, l'interrompant, en parlant à lui-même.</speaker>
	<l id="424">C'en est assez ! À l'excès de ses maux,</l>
	<l id="425">A la fureur qui la possède</l>
	<l id="426">J'imagine un très prompt remède.</l>
	<l id="427">Écoute. </l>
<stage type="title">ARIETTE.</stage>
	<l id="428">Par son astrologie,</l>
	<l id="429">Par sa magie,</l>
	<l id="430">Mon Médecin, Magicien Presto,</l>
	<l id="431">Guérira subito</l>
	<l id="432">L'égarement de Célenie :</l>
	<l id="433">Il la guérira subito</l>
	<l id="434">En lui parlant en prose tout unie,</l>
	<l id="435">Et l'éloignant de toute symphonie.</l>
</sp>
</div2>
</div1>
<div1 type="act" n="3"><head>ACTE III</head>
<stage type="decor">Le Théâtre représente une façade du Palais, et un Port de mer dans le fond.</stage>
<div2 type="scene" n="1"><head>SCÈNE PREMIÈRE. Vivatché, Presto.</head>
<sp stage="speech" who="VIVATCHÉ"><speaker>VIVATCHÉ, en parlant.</speaker>
	<l id="436">La Sultane croit me surprendre :</l>
	<l id="437">Tu m'as dit ses complots secrets ;</l>
	<l id="438">Tu sais par quels moyens je prétends m'en défendre ?</l>
	<l id="439">De ce balcon je puis tout voir et tout entendre :</l>
	<l id="440">Feins d'entrer dans ses intérêts ;</l>
	<l id="441">Ici même elle doit se rendre,</l>
	<l id="442">Moins pour y voir nos jeux, que pour voir les succès</l>
	<l id="443">Du piège adroit que dans ses doux accès,</l>
	<l id="444">Sa jalousie ose me tendre.</l>
</sp>
<sp stage="speech" who="PRESTO"><speaker>PRESTO, en parlant.</speaker>
	<l id="445">Tout est prévu, Seigneur : chargé de les attendre</l>
	<l id="446">Votre Amiral muni de votre ordre nouveau,</l>
	<l id="447">Leur rendra leur vaisseau. Leur magique vaisseau</l>
	<l id="448">Qui chez la Fée ira de droit fil les descendre,</l>
	<l id="449">Avec Mélophanie on a feint de s'entendre.</l>
	<l id="450">À votre tour, Seigneur, vous pouvez la surprendre.</l>
</sp>
<sp who="VIVATCHÉ"><speaker>VIVATCHÉ.</speaker>
	<l id="451">Il suffit à présent. Reçois</l>
	<l id="452">Les compliments que je te dois</l>
	<l id="453">Pour la cure de la folie</l>
	<l id="454">De la Dame honnête et jolie,</l>
	<l id="455">Dont je dois admirer la vertu malgré moi,</l>
	<l id="456">Dans la magie on doit te reconnaître</l>
	<l id="457">Pour un grand maître :</l>
	<l id="458" syll="1" part="i">Car...</l>
<stage type="title">ARIETTE.</stage>
	<l id="458" syll="11" part="f">Guérir un homme fou, c'est une babiole;</l>
	<l id="459">C'est l'a, b, c, d, de l'art,</l>
	<l id="460">De l'art des Médecins, de cet art si frivole</l>
	<l id="461">Qu'inventa le Dieu du hasard.</l>
	<l id="462">Ces savants empesés, et leur bavarde école,</l>
	<l id="463">Pourraient le guérir tôt ou tard :</l>
	<l id="464">Si l'on les croit sur leur parole,</l>
	<l id="465">C'est l'a, b, c, d, de leur art.</l>
	<l id="466">Des Magiciens la plupart</l>
	<l id="467">Savent guérir un fou, soit rêveur, soit gaillard</l>
	<l id="468">C'est l'a, b, c, d, de leur art :</l>
	<l id="469">Mais guérir une femme folle,</l>
	<l id="470">C'est le chef-d'oeuvre de leur art.</l>
</sp>
<sp stage="speech" who="PRESTO"><speaker>PRESTO, en parlant.</speaker>
	<l id="471">Hé bien, Sire, sur ma parole</l>
	<l id="472">Des femmes, moi je n'en manque jamais,</l>
	<l id="473" syll="11" part="i">Soit que dans leur esprit ou que dans leur coeur...</l>
</sp>
<sp who="VIVATCHÉ"><speaker>VIVATCHÉ.</speaker>
	<l id="473" syll="1" part="f">Mais</l>
	<l id="474">Tu ne manques donc pas le coeur froid d'Henriette :</l>
	<l id="475">À quoi, dis-moi donc, en es-tu</l>
	<l id="476">Avec cette fière soubrette ?</l>
</sp>
<sp who="PRESTO"><speaker>PRESTO.</speaker>
	<l id="477">Ah ! D'ennui j'y renonce, et je me tiens battu,</l>
	<l id="478">La bégueule héroïque affiche une vertu, </l>
	<l id="479">Qu'avec peine on croira chez les races futures.</l>
	<l id="480">Elle et son amant mal vêtu,</l>
	<l id="481">M'ont tous deux accablé d'injures :</l>
	<l id="482">Mais par moi leur caquet s'est trouvé rabattu ;</l>
	<l id="483">Je l'ai réduit à l'Élégie.</l>
</sp>
<sp who="VIVATCHÉ"><speaker>VIVATCHÉ.</speaker>
	<l id="484">C'est fort bien fait. Hé comment t'y prends-tu ?</l>
</sp>
<sp who="PRESTO"><speaker>PRESTO.</speaker>
	<l id="485">En m'aidant d'un peu de magie,</l>
	<l id="486">À les punir gaiement j'ai borné mon dessein.</l>
	<l id="487">Je donne à ces amants une plaisante assiette :</l>
	<l id="488">À Zerbin j'enchaîne Henriette, </l>
	<l id="489">Sans qu'ils puissent se voir ni se donner la main ;</l>
	<l id="490">Et de plus, comme Médecin,</l>
	<l id="491">Je les ai tous les deux forcés à la diète ;</l>
	<l id="492">Et j'augmente leur soif, leur amour et leur faim.</l>
</sp>
<sp who="VIVATCHÉ"><speaker>VIVATCHÉ.</speaker>
	<l id="493">Bravo. Cette recette est bonne, et je l'estime :</l>
	<l id="494">Mais cependant abrège le régime</l>
	<l id="495">De ces deux pauvres amoureux.</l>
	<l id="496">Je demande grâce pour eux.</l>
</sp>
<sp who="PRESTO"><speaker>PRESTO.</speaker>
	<l id="497">Je ne sais qu'obéir. Mais pour remplir vos vues</l>
	<l id="498">Je dois au diable un compliment :</l>
	<l id="499">Il faut l'évoquer poliment</l>
	<l id="500">Pour opérer le désenchantement</l>
	<l id="501">De mes deux vivantes statues,</l>
	<l id="502">D'Henriette et de son amant.</l>
<stage type="up/decor/location/hide">Vivatché, monte à une galerie régnante sur le port, et se place
derrière des jalousies, dont il peut tout voir, sans être vu.</stage>
</sp>
</div2>
<div2 type="scene" n="2"><head>SCÈNE II.</head>
<sp stage="alone" who="PIANO"><speaker>PIANO, seul.</speaker>
<stage type="title">ARIETTE.</stage>
	<l id="503">Démon de cette île harmonique,</l>
	<l id="504">Esprit de musique,</l>
	<l id="505">Sublime esprit mécanique,</l>
	<l id="506">Seul inventeur des accompagnements ?</l>
	<l id="507">Esprit de musique,</l>
	<l id="508">Réponds aux agréments</l>
	<l id="509">De ma voix magique,</l>
	<l id="510">Réponds à mes sons charmants.</l>
	<l id="511">Esprit de musique,</l>
	<l id="512">Démon chromatique,</l>
	<l id="513">Génie unique</l>
	<l id="514">Dans la façon des instruments,</l>
	<l id="515">Toi qui dans ce pays lyrique</l>
	<l id="516">Fais, défais, et refais tous les enchantements,</l>
	<l id="517">Esprit de musique,</l>
	<l id="518">Démon harmonique,</l>
	<l id="519">Réponds à ma voix magique,</l>
	<l id="520">Viens obéir à mes commandements.</l>
</sp>
</div2>
<div2 type="scene" n="2"><head>SCÈNE III. Presto, Un esprit infernal.</head>
<sp stage="sing" who="L'ESPRIT INFERNAL"><speaker>L'ESPRIT INFERNAL, en solfiant, dit le vers sur les notes.</speaker>
	<l id="521">Ur, ré, mi, fa, sol, la, si, ut,</l>
	<l id="522">Que veux-tu? je viens à ta voix.</l>
</sp>
<sp stage="sing" who="PRESTO"><speaker>PRESTO, disant aussi le vers sur les notes.</speaker>
	<l id="523">Ut, si, la, sol, fa, mi, re, ut.</l>
	<l id="524">Tiens, prends, lis, fais ce que tu vois.</l>
</sp>
</div2>
<div2 type="scene" n="4"><head>SCÈNE IV.</head>
<sp who="L'ESPRIT INFERNAL"><speaker>L'ESPRIT INFERNAL.</speaker>
	<l id="525">Ut, ré, mi, ut,mi,</l>
	<l id="526">Ut, ré, mi, fa, ut, fa ;</l>
	<l id="527">Ut, ré, mi, fa, sol, ut, sol ;</l>
	<l id="528">Ut, ré, mi, fa, sol, la, si, ut,</l>
	<l id="529">Ut, ut.</l>
</sp>
</div2>
<div2 type="scene" n="5"><head>SCÈNE V. L'Esprit Infernal, Henriette, Zerbin, enchaîné, et assis, dos à dos, dans un fauteuil double, et tournant sur un pivot.</head>
<sp who="L'ESPRIT INFERNAL"><speaker>L'ESPRIT INFERNAL.</speaker>
	<l id="530">Sur le reste de cette histoire,</l>
	<l id="531">Consultons, lisons mon grimoire.</l>
<stage type="read/toward/sing">Il lit des caractères magiques au lutin, et chante.</stage>
	<l id="532">Oui, c'est moi-même ; et je suis ce lutin.</l>
<stage type="title">ARIETTE.</stage>
	<l id="533">L'ordre Calotin</l>
	<l id="534">Du destin ;</l>
	<l id="535">Tin, tin, trelintintin</l>
</sp>
<sp stage="together" who="HENRIETTE, ZERBIN"><speaker>HENRIETTE et ZERBIN.</speaker>
	<l id="536">Cruel destin ! Cruel destin !</l>
</sp>
<sp who="L'ESPRIT INFERNAL"><speaker>L'ESPRIT INFERNAL.</speaker>
	<l id="537">Le destin</l>
	<l id="538">Veut que ce couple d'amants pleure,</l>
	<l id="539">Et chante, et gémisse, et demeure.</l>
	<l id="540">Encore une heure</l>
	<l id="541">Dans leur état incertain.</l>
</sp>
<sp stage="together" who="HENRIETTE, ZERBIN"><speaker>HENRIETTE et ZERBIN.</speaker>
	<l id="542">Cruel destin! cruel destin !</l>
</sp>
<sp who="L'ESPRIT INFERNAL"><speaker>L'ESPRIT INFERNAL.</speaker>
	<l id="543">C'est l'ordre Calotin</l>
	<l id="544">Du destin,</l>
	<l id="545">Tin, tin, tin, trelintintin.</l>
</sp>
</div2>
<div2 type="scene" n="6" stage="turn"><head>SCÈNE VI. Henriette, Zerbin, tournant lentement : ils sont alternativement arrêtés vis-à-vis des spectateurs aux vers qu'ils chantent.</head>
<sp who="HENRIETTE"><speaker>HENRIETTE.</speaker>
<stage type="title">Sur l'Air : Quand on a bu, la tête tourne.</stage>
	<l id="546">Faudra que toujours je tourne,</l>
	<l id="547">Tourne, tourne,</l>
	<l id="548">Autour de l'objet de mes voeux ?</l>
</sp>
<sp who="ZERBIN"><speaker>ZERBIN.</speaker>
	<l id="549">Permettez que je me retourne,</l>
	<l id="550">Tourne, tourne,</l>
	<l id="551">Ou retournez-la, justes Dieux.</l>
</sp>
<sp who="HENRIETTE"><speaker>HENRIETTE.</speaker>
	<l id="552">À l'Enchanteur qui nous tourne</l>
	<l id="553">Et retourne,</l>
	<l id="554">Notre amour déplut.</l>
</sp>
<sp who="ZERBIN"><speaker>ZERBIN.</speaker>
	<l id="555">Plus le cruel nous tourne et nous retourne,</l>
	<l id="556">Tourne, tourne,</l>
	<l id="557">Moins nous arrivons au but.</l>
</sp>
<sp who="HENRIETTE"><speaker>HENRIETTE.</speaker>
<stage type="title">Méme air.</stage>
	<l id="558">Ô Déesse, qui toujours tourne, tourne !</l>
	<l id="559">Ô Fortune, adoucissez-vous.</l>
</sp>
<sp who="ZERBIN"><speaker>ZERBIN.</speaker>
	<l id="560">À la fin la tête nous tourne, tourne :</l>
	<l id="561">Fortune, hélas ! Retournez-nous.</l>
</sp>
<sp who="HENRIETTE"><speaker>HENRIETTE.</speaker>
	<l id="562">Rien ne suspend, n'arrête, et ne détourne</l>
	<l id="563">Nos cruels tourments.</l>
</sp>
<sp who="ZERBIN"><speaker>ZERBIN.</speaker>
	<l id="564">Que nous perdons depuis que l'on nous tourne !</l>
	<l id="565">Tourne, tourne,</l>
	<l id="566">De moments, d'heureux moments !</l>
</sp>
</div2>
<div2 type="scene" n="7"><head>SCÈNE VII. L'Esprit Infernal, Henriette, Zerbin.</head>
<sp stage="carry" who="L'ESPRIT INFERNAL"><speaker>L'ESPRIT INFERNAL, tenant à la main sa baguette magique.</speaker>
<stage type="title">ARIETTE.</stage>
	<l id="567">Vos malheurs sont à leur terme.</l>
	<l id="568">Chantez mes enfants, chantez ;</l>
	<l id="569">Je sème autour de vous le feu de tous côtés,</l>
	<l id="570">Ce feu magique renferme </l>
<stage type="fire">Il fait paraître du feu autour du plateau tournant.</stage>
	<l id="571">La vertu des secrets aux Enfers inventés :</l>
	<l id="572">Point de peur : tenez-vous ferme,</l>
	<l id="573">Vous voilà désenchantés ;</l>
	<l id="574">Chantez, mes enfants, chantez.</l>
<stage type="fall/hide/stand">L'Esprit infernal s'abîme dans sa trappe, et Zerbin et Henriette se lèvent, et sont désenchantés.</stage>
</sp>
</div2>
<div2 type="scene" n="8"><head>SCÈNE VIII. Henriette, Zerbin.</head>
<stage type="title">DUO DIALOGUÉ.</stage>
<sp who="HENRIETTE"><speaker>HENRIETTE.</speaker>
	<l id="575">Enfin notre enchantement cesse.</l>
</sp>
<sp who="ZERBIN"><speaker>ZERBIN.</speaker>
	<l id="576">Enfin notre tourment prend fin.</l>
</sp>
<sp who="HENRIETTE"><speaker>HENRIETTE.</speaker>
	<l id="577">Je meurs de soif et de tendresse.</l>
</sp>
<sp who="ZERBIN"><speaker>ZERBIN.</speaker>
	<l id="578">Je meurs d'amour, je meurs de faim.</l>
</sp>
<sp who="HENRIETTE"><speaker>HENRIETTE.</speaker>
	<l id="579">Je meurs de soif.</l>
</sp>
<sp who="ZERBIN"><speaker>ZERBIN.</speaker>
	<l id="580">Je meurs de faim.</l>
</sp>
<sp who="HENRIETTE"><speaker>HENRIETTE.</speaker>
	<l id="581">Je meurs de soif et de tendresse.</l>
</sp>
<sp who="ZERBIN"><speaker>ZERBIN.</speaker>
	<l id="582">Je meurs d'amour, je meurs de faim.</l>
</sp>
<sp stage="together" who="HENRIETTE, ZERBIN"><speaker>ENSEMBLE.</speaker>
	<l id="583">Je meurs de soif et de tendresse.</l>
	<l id="584">Je meurs d'amour, je meurs de faim.</l>
</sp>
</div2>
<div2 type="scene" n="9"><head>SCÈNE IX. Zerbin, Durbin, Henriette, Célenie.</head>
<sp who="ZERBIN"><speaker>ZERBIN.</speaker>
<p id="1">
	<s id="1">Mais que vois-je ? </s>
	<s id="2">Célénie, Durbin : mon cher Maître, je suis, je suis, je suis transporté.</s>
</p>
</sp>
<sp who="HENRIETTE"><speaker>HENRIETTE.</speaker>
<p id="2">
	<s id="1">Ah ! </s>
	<s id="2">Que je baise la main.</s>
</p>
</sp>
<sp stage="together" who="CÉLENIE, DURBIN"><speaker>CÉLENIE et DURBIN.</speaker>
<p id="3">
	<s id="1">Non, non, embrassez-nous.</s>
</p>
</sp>
<sp who="ZERBIN"><speaker>ZERBIN.</speaker>
<p id="4">
	<s id="1">Ah ! </s>
	<s id="2">Monsieur, et pouvons-nous espérer ?...</s>
</p>
</sp>
<sp who="DURBIN"><speaker>DURBIN.</speaker>
<p id="5">
	<s id="1">Oui, Zerbin, nos malheurs sont finis, le Magicien.</s>
</p>
</sp>
<sp who="ZERBIN"><speaker>ZERBIN.</speaker>
<p id="6">
	<s id="1">Ah ! </s>
	<s id="2">Maudit Magicien !</s>
</p>
</sp>
<sp who="DURBIN"><speaker>DURBIN.</speaker>
<p id="7">
	<s id="1">Le Magicien a sauvé, comme tu vois, Célenie de l'état cruel...</s>
</p>
</sp>
<sp who="CÉLENIE"><speaker>CÉLENIE.</speaker>
<p id="8">
	<s id="1">Non, mon cher Chevalier, c'est votre vue, c'est mon amour : et si ma raison égarée...</s>
</p>
</sp>
<sp who="DURBIN"><speaker>DURBIN.</speaker>
<p id="9">
	<s id="1">Ah ! </s>
	<s id="2">Divine Célenie, que ce sentiment m'est cher ! </s>
	<s id="3">Mais la juste crainte où je suis...</s>
</p>
</sp>
<sp who="CÉLENIE"><speaker>CÉLENIE.</speaker>
<p id="10">
	<s id="1">Non. </s>
	<s id="2">La jalousie de la Sultane est trop intéressée à nous éloigner. </s>
</p>
</sp>
<sp who="ZERBIN"><speaker>ZERBIN.</speaker>
<p id="11">
	<s id="1">Hé, Seigneur, qu'avons-nous à craindre, tout ce que la Fée a prédit est arrivé : elle ne parlera pas, elle ne pensera pas. </s>
	<s id="2">Et moi, si loin, si près. Vous ne doutez pas que vous ayez chanté, sans ce que vous chanterez : nous partons, nous partons.</s>
</p>
</sp>
<sp who="HENRIETTE"><speaker>HENRIETTE.</speaker>
<p id="12">
	<s id="1">Et par quel moyen ? </s>
	<s id="2">Ah, ciel ! </s>
	<s id="3">La tête me tourne encore.</s>
</p>
</sp>
<sp who="DURBIN"><speaker>DURBIN.</speaker>
<p id="13">
	<s id="1">Cela est tout simple. </s>
	<s id="2">La Sultane nous a fait échapper secrètement : elle nous fait conduite à notre vaisseau ; il est prêt : et nous retournons à l'île de la Fée.</s>
</p>
</sp>
<sp who="CÉLENIE"><speaker>CÉLENIE.</speaker>
<p id="14">
	<s id="1">Et c'est dans son Palais que je couronnerai votre amour. </s>
	<s id="2">Mais quel bruit !...</s>
</p>	
</sp>
<sp who="DURBIN"><speaker>DURBIN.</speaker>
<p id="15">
	<s id="1">La Sultane va paraître ; et c'est le bruit des instruments qui la précèdent.</s>
</p>	
</sp>
</div2>
<div2 type="scene" n="10"><head>SCÈNE X. Célenie, Durbin, Henriette, Zerbin, Piano, à la tête des Eunuques.</head>
<sp who="PIANO"><speaker>PIANO.</speaker>
<stage type="title">ARIETTE.</stage>
	<l id="585">Éloignez-vous,</l>
	<l id="586">Éloignez-vous ; </l>
	<l id="587">La Sultane s'avance.</l>
	<l id="588">À quelque distance</l>
	<l id="589">De nous,</l>
	<l id="590">Éloignez-vous tous,</l>
	<l id="591">Éloignez-vous.</l>
	<l id="592">La Sultane va paraître ;</l>
	<l id="593">Qu'on s'éloigne de toutes parts,</l>
	<l id="594">Gardez-vous de jeter de profanes regards</l>
	<l id="595">Sur l'objet des désirs de votre auguste Maître :</l>
	<l id="596">La Sultane va paraître,</l>
	<l id="597">Éloignez-vous tous,</l>
	<l id="598">Éloignez-vous.</l>
</sp>
<sp stage="together" who="CÉLENIE, HENRIETTE, DURBIN, ZERBIN"><speaker>CÉLENIE, DURBIN, HENRIETTE, ZERBIN.</speaker>
	<l id="599">Éloignons-nous tous.</l>
</sp>
</div2>
<div2 type="scene" n="11"><head>SCÈNE XI. Les Acteurs précédents, Mélophanie.</head>
<sp stage="speech" who="MÉLOPHANIE"><speaker>MÉLOPHANIE, en parlant.</speaker>
	<l id="600">Qu'il s'attendent qu'on les rappelle.</l>
	<l id="601">Et toi dont je connais le courage et le zèle,</l>
	<l id="602">Cours, vole, conduis cette belle,</l>
	<l id="603">Et ces étrangers avec elle.</l>
</sp>
</div2>
<div2 type="scene" n="12"><head>SCÈNE XII. Les Acteurs précédents, Vivatché, Presto.</head>
<sp stage="down" who="VIVATCHÉ"><speaker>VIVATCHÉ, descend du balcon.</speaker>
	<l id="604">Arrêtez, traîtres, arrêtez,</l>
	<l id="605">Gardes, saisissez ces coupables.</l>
</sp>
<sp who="MÉLOPHANIE"><speaker>MÉLOPHANIE.</speaker>
	<l id="606">Seigneur, c'est moi qui les rendais coupables.</l>
</sp>
<sp who="VIVATCHÉ"><speaker>VIVATCHÉ.</speaker>
	<l id="607">Et que mes ordres redoutables</l>
	<l id="608">A l'instant soient exécutés</l>
<stage type="exit">Presto les emmène prisonniers.</stage>
</sp>
</div2>
<div2 type="scene" n="13"><head>SCÈNE XIII. Mélophanie, Vivatché, les Eunuques.</head>
<sp stage="speech" who="MÉLOPHANIE"><speaker>MÉLOPHANIE, en parlant.</speaker>
	<l id="609">Tu la retiens, et tu veux la reprendre ;</l>
	<l id="610">Elle à qui ton amour n'inspire que l'horreur.</l>
	<l id="611">Et moi qui t'aime avec fureur,</l>
	<l id="612">Tu me quittes, cruel. Ah ! quelle est ton erreur !</l>
<stage type="title">ARIETTE.</stage>
	<l id="613">Des cris du désespoir je saurai me défendre.</l>
	<l id="614">Non, je ne veux te faire entendre,</l>
	<l id="615">Qu'une douleur tendre,</l>
	<l id="616">Des soupirs pleins de douceur.</l>
	<l id="617">Ah ! sans en être ému, peux-tu me voir répandre</l>
	<l id="618">Des larmes qui partent du coeur ?</l>
	<l id="619">Une douleur tendre,</l>
	<l id="620">Des larmes qui partent du coeur,</l>
	<l id="621">Ne pourront-ils me rendre</l>
	<l id="622">Ton amour et mon bonheur,</l>
	<l id="623">Et dissiper ton erreur ?</l>
</sp>
</div2>
<div2 type="scene" n="14"><head>SCÈNE XIV. Vivatché, Mélophanie, Presto,
Piano, Célenie, Durbin, Henriette, Zerbin.</head>
<stage type="sing/location">Pendant la Ritournelle de l'air que chante Mélophanie, les quatre étrangers viennent sur le devant de la scène.</stage>
<sp who="PRESTO"><speaker>PRESTO.</speaker>
	<l id="624">Seigneur, tous vos captifs vont quitter le rivage :</l>
	<l id="625">Ils sont comblés de vos présents.</l>
	<l id="626">Vous les voyez.</l>
</sp>
<sp who="MÉLOPHANIE"><speaker>MÉLOPHANIE.</speaker>
	<l id="627">Grands Dieux !</l>
</sp>
<sp stage="together" who="CÉLENIE, HENRIETTE, DURBIN, ZERBIN"><speaker>CÉLENIE, HENRIETTE, DURBIN, ZERBIN.</speaker>
<stage type="title">QUATUOR.</stage>
	<l id="628">Rendons, rendons hommage</l>
	<l id="629">Aux soins bienfaisants</l>
	<l id="630">De l'auteur de notre voyage :</l>
	<l id="631">Notre bonheur est son ouvrage !</l>
	<l id="632">Que nos accents</l>
	<l id="633">Reconnaissants</l>
	<l id="634">Fassent retentir cette plage.</l>
<stage type="title">TRIO.</stage>
</sp>
<sp stage="together" who="VIVATCHÉ, PRESTO"><speaker>VIVATCHÉ, PRESTO.</speaker>
	<l id="635">Leurs coeurs contents,</l>
	<l id="636">Dans peu de temps</l>
	<l id="637">Vont fuir loin de ce rivage.</l>
	<l id="638">Bon voyage, bon voyage.</l>
	<l id="639">Les sentiments</l>
	<l id="640">De ces amants</l>
	<l id="641">Me sont chers, et je les partage.</l>
</sp>
<sp who="MÉLOPHANIE"><speaker>MÉLOPHANIE.</speaker>
	<l id="642">Ce que j'entends</l>
	<l id="643">Dans ces instans,</l>
	<l id="644">Me rend la force et le courage.</l>
	<l id="645">Bon voyage.</l>
	<l id="646">Ô doux moments !</l>
	<l id="647">Transports charmants</l>
	<l id="648">Quoi, mon amant n'est point volage !</l>
</sp>
<sp stage="together" who="CÉLENIE, HENRIETTE, DURBIN, ZERBIN"><speaker>LE QUATUOR, reprend. </speaker>
	<l id="649">Ah ! D'âge en âge</l>
	<l id="650">Dans tous les temps,</l>
	<l id="651">Que la gloire soit son partage :</l>
	<l id="652">Formons pour lui des voeux constants,</l>
	<l id="653">Notre bonheur est son ouvrage.</l>
</sp>
</div2>
<div2 type="scene" n="15"><head>SCÈNE XV et DERNIÈRE. Vivatché, Mélophanie, Presto, Piano.</head>
<sp who="MÉLOPHANIE"><speaker>MÉLOPHANIE.</speaker>
	<l id="654">Ils s'éloignent. Comment! ils quittent ce séjour ?</l>
	<l id="655">Et votre coeur...</l>
</sp>
<sp who="VIVATCHÉ"><speaker>VIVATCHÉ.</speaker>
<stage type="title">Air : Princesse adorable.</stage>
	<l id="656">J'ai feint de traverser le projet favorable</l>
	<l id="657">Que vous formiez pour leur retour ;</l>
	<l id="658">Et j'ai voulu dans ce grand jour</l>
	<l id="659">Que leur éloignement, pour vous si désirable,</l>
	<l id="660">Fût l'ouvrage de mon amour.</l>
<stage type="title">ARIETTE.</stage>
	<l id="661">Je n'aimai jamais Célenie.</l>
	<l id="662">Non, je n'aimai jamais que vous,</l>
	<l id="663">Que vous, belle Mélophanie ;</l>
	<l id="664">J'éveillais votre amour par des soupçons jaloux.</l>
	<l id="665">Je n'aimai jamais Célenie :</l>
	<l id="666">Je n'aimerai jamais que vous.</l>
</sp>
<sp stage="together" who="VIVATCHÉ, MÉLOPHANIE"><speaker>DUO.</speaker>
	<l id="667">Je n'aimerai jamais que vous.</l>
</sp>
<sp who="VIVATCHÉ"><speaker>VIVATCHÉ.</speaker>
	<l id="668">Ah ! Déployons toute notre harmonie</l>
	<l id="669">Pour chanter des feux si doux.</l>
	<l id="670">Unissons-nous, unissons-nous</l>
	<l id="671">Pour chanter des feux si doux.</l>
	<l id="672">Dans nos accords, dans notre symphonie ,</l>
	<l id="673">Faisons briller les éclairs du génie.</l>
	<l id="674">Unissons-nous, unissons-nous.</l>
</sp>
</div2>
</div1>
</body>
</text>
</TEI>