<?xml version="1.0" encoding='utf-8'?>
<TEI xml:lang="fr">
<teiHeader> 
		<fileDesc>
			<titleStmt>
				<title>ALFONSE DIT L'IMPUISSANT, TRAGÉDIE EN UN ACTE </title>
				<author born='1709' born_location='Paris' death='1783' death_location='Paris' academie=''>COLLE, Charles</author>
			</titleStmt>
			<publicationStmt>	
				<publisher>publié par Paul FIEVRE mai 2016</publisher>
				<idno>COLLE_ALFONSE</idno>
			<rights>Creative Commons BY-NC-SA</rights>
			</publicationStmt>
			<SourceDesc>
				<genre>Comédie</genre>
				<inspiration>moeurs</inspiration><structure>Un acte</structure>
				<type>vers</type>
				<periode>1731-1740</periode>
				<taille>250-500</taille>
				<permalien></permalien>
			</SourceDesc>
		</fileDesc>
</teiHeader>
<text>
<front>
	<docTitle>
	    <titlePart part="main">ALFONSE DIT L'IMPUISSANT</titlePart>
   	 <titlePart part="sub">TRAGÉDIE EN UN ACTE</titlePart> 
	</docTitle>
   <docDate value="1740">M. DCC. XL.</docDate>
   <docAuthor id='COLLE, Charles' bio='collec'>de Charles COLLÉ</docAuthor>
	<docImprint>
		<printer id="ORIGÉNIE">À ORIGÉNIE, Chez JEAN QUI-NE-PEUT, au Grand Eunuque.</printer>
	</docImprint>
	<performance>
		<premiere date="1737" location='chez la Marquise de Mauconseil'>Représenté pour le première fois en 1737 en société à Bagatelle chez la Marquise de Mauconseil.</premiere>
	</performance>
	<castList><head>ACTEURS</head>
   	<castItem><role id="ALFONSE" sex="1" type="H" statut="roi" age="A" stat_amour='amoureux'>ALFONSE</role>, roi de Portugal.</castItem>
   	<castItem><role id="LÉONOR" sex="2" type="H" statut="roi" age="A" stat_amour='amoureux'>LÉONOR</role>, reine de Portugal.</castItem>
   	<castItem><role id="ALVARÈS" sex="1" type="H" statut="prince" age="A" stat_amour='amoureux'>ALVARÈS</role>, beau-frère d'Alfonse, héritier présomptif de la couronne et désigné roi, si Alfonse n'a point d'enfant dans un an.</castItem>
   	<castItem><role id="ALCIMADURE" sex="1" type="H" statut="confident" age="A" stat_amour='amoureux'>ALCIMADURE</role>, eunuque, premier ministre d'Alfonse.</castItem>
		</castList>
	<set location="Lisbonne" country="Portugal" periode="(non indiqué)" gps="38.722252, -9.139337">La scène est dans le palais de la reine de Portugal, dans le vestibule et dans sa chambre à coucher.</set>
		<note>D'après la Correspondance inédite de Collé, publiée par M. Honoré Bonhomme, Paris, 1864, Plon, 1 vol. in-80, page 578, cette pièce aurait été publiée chez Prault, en 1758, par les soins du duc de la Vallière, qui n'eut pas même la politesse de lui en envoyer quelques exemplaires. Du reste, Collé dit qu'il y a fait, depuis, de légers changements; et nous donnons ici sa dernière rédaction. Les exemplaires de cette petite tragédie sont devenus extrêmement rares.</note>
</front>
<body>
<div1 type="act" n="1"><head></head>
<div2 type="scene" n="1"><head>SCÈNE I.</head>
<sp stage="alone" who="ALCIMADURE"><speaker>ALCIMADURE, seul.</speaker>
	<l id="1">Les États, en tumulte, assemblés dans Lisbonne,</l>
	<l id="2">Au perfide Alvarès assurent la couronne,</l>
	<l id="3">Si, dans un an, le roi ne donne au Portugal</l>
	<l id="4">Un enfant qui du trône exclura son rival.</l>
	<l id="5">Pour tromper Alvarès j'entre en sa confidence,</l>
	<l id="6">Et ma feinte amitié gagne sa confiance.</l>
	<l id="7">Mais je le hais autant que je l'aimais jadis :</l>
	<l id="8">Le crime ne peut pas conserver des amis.</l>
	<l id="9">Pour perdre ce rival et pour servir Alphonse,</l>
	<l id="10">Il n'est rien sous les cieux à quoi je ne renonce.</l>
	<l id="11">Mais, au sein des grandeurs et favori du roi,</l>
	<l id="12">Qui des soins de l'État se repose sur moi,</l>
	<l id="13">Qui croirait qu'en secret le pauvre Alcimadure</l>
	<l id="14">Ressentit des malheurs dont frémit la nature ;</l>
	<l id="15">Malheurs qu'en cette Cour on n'a point découverts,</l>
	<l id="16">Et que j'ai su cacher aux yeux de l'univers?</l>
	<l id="17">Dès mes plus jeunes ans, amené dans Byzance,</l>
	<l id="18">Des monstres prirent soin d'élever mon enfance,</l>
	<l id="19">Et, sans pitié, sur moi portant leur cruauté,</l>
	<l id="20">M'enlevèrent le sceau de la virilité.</l>
	<l id="21">Leur aveugle fureur, leur noire barbarie</l>
	<l id="22">Aux horreurs d'un sérail consacrèrent ma vie,</l>
	<l id="23">Et, pour m'anéantir sans me priver du jour,</l>
	<l id="24">Ne laissèrent chez moi nulle prise à l'amour.</l>
	<l id="25">Depuis ce temps affreux, en horreur à moi même,</l>
	<l id="26">Rien ne peut adoucir mon infortune extrême.</l>
	<l id="27">Loin de moi pour toujours s'envola le plaisir :</l>
	<l id="28">J'en cherche en vain l'image et ne puis la saisir.</l>
	<l id="29">Le désespoir souvent malgré moi me surmonte,</l>
	<l id="30">Et ma ressource unique est de cacher ma honte.</l>
	<l id="31" part="i">Mais le roi vient.</l>
</sp>
</div2>
<div2 type="scene" n="2"><head>SCÈNE II. Alcimadure, Alfonse.</head>
<sp who="ALCIMADURE"><speaker>ALCIMADURE. </speaker>
	<l id="31" part="f">Seigneur, tous ces bruits incertains.</l>
</sp>
<sp stage="interrupt" who="ALFONSE"><speaker>ALFONSE, l'interrompant.</speaker>
	<l id="32">Le sceptre va bientôt passer en d'autres mains.</l>
	<l id="33">Tu sais depuis quel temps un stérile hyménée</l>
	<l id="34">Au sort d'une princesse unit ma destinée.</l>
	<l id="35">Je me plaignis en vain, par un subtil détour,</l>
	<l id="36">Qu'elle ne donnait point de fruits à mon amour :</l>
	<l id="37">Quand j'épousai la reine, elle était mère et veuve ;</l>
	<l id="38">De sa fécondité l'Espagne avait la preuve.</l>
	<l id="39">Je fus accusé seul, et le peuple indécent</l>
	<l id="40">Me surnomma dès lors Alfonse l'Impuissant.</l>
	<l id="41">À quoi n'eut pas recours ma honteuse industrie ?</l>
	<l id="42">Je prenais mon néant pour une léthargie :</l>
	<l id="43">Juste ciel ! Que ne puis-je oublier cette nuit</l>
	<l id="44">Qui de mon triste sort ne m'a que trop instruit !</l>
	<l id="45">Tout inspirait l'amour dans cette nuit fatale ;</l>
	<l id="46">Vingt lustres éclairaient la couche nuptiale.</l>
	<l id="47">Flore l'embellissait des plus brillantes fleurs,</l>
	<l id="48">Et Zéphyre exhalait ses plus douces odeurs.</l>
	<l id="49">Sur le lit conjugal, la reine, à demi nue...</l>
	<l id="50">Ô ciel ! Que de beautés elle offrait à ma vue !</l>
	<l id="51">Pour un corps tout de glace inutiles trésors !</l>
	<l id="52">Peins-toi, si tu le peux, ma rage, mes transports.</l>
	<l id="53">Sans cesse complaisante et sans cesse trompée,</l>
	<l id="54">La Reine, au fond du coeur mortellement frappée,</l>
	<l id="55">Disait que : « Pour moi seul, sensible à mon malheur,</l>
	<l id="56">Elle bornait l'amour aux seuls plaisirs du coeur. »</l>
	<l id="57">Son dépit, qui perçait à travers ce langage,</l>
	<l id="58">Redoublait ses appas, ma honte et son outrage...</l>
	<l id="59">Malheureux ! La nature, en me formant le corps,</l>
	<l id="60">Des sources de la vie a rompu les ressorts.</l>
	<l id="61">Rien n'a pu surmonter sa haine opiniâtre.</l>
	<l id="62">Ah ! Nature ennemie ! Ah ! Nature marâtre !</l>
	<l id="63">Fallait-il me priver de mes droits les plus doux !</l>
	<l id="64">Du dernier des humains je dois être jaloux ;</l>
	<l id="65">Le plus vil des mortels jouit de l'avantage</l>
	<l id="66">Dont tu n'as pas daigné me faire aucun partage</l>
	<l id="67">De ton avare main je n'ai pu l'obtenir.</l>
	<l id="68">Pourquoi me commencer et ne me pas finir ?</l>
	<l id="69">Ne m'as-tu donc formé que pour être sans cesse</l>
	<l id="70">Ton opprobre et celui de toute notre espèce ?</l>
	<l id="71">Tu ne m'as fait sortir du néant qu'à moitié ;</l>
	<l id="72">Ah ! Tu devais du moins m'y laisser par pitié.</l>
</sp>
<sp who="ALCIMADURE"><speaker>ALCIMADURE. </speaker>
	<l id="73" part="i">Infortuné, quel sort !</l>
</sp>
<sp who="ALFONSE"><speaker>ALFONSE.</speaker>
	<l id="73" part="f">Alvarès, mon beau-frère,</l>
	<l id="74">Couvrant ses noirs projets du voile du mystère,</l>
	<l id="75">Fomente une révolte ; Alvarès, triomphant,</l>
	<l id="76">Dans un an sera roi, si je n'ai point d'enfant.</l>
	<l id="77">J'apaise, pour un temps, les États qu'il soulève ;</l>
	<l id="78">Pour faire un héritier, on m'accorde une trêve,</l>
	<l id="79">Une trêve d'un an. Ciel ! Que ce terme est court !</l>
	<l id="80">Pour me désespérer, aujourd'hui tout concourt :</l>
	<l id="81">La reine, dont en vain j'ai tenté la sagesse,</l>
	<l id="82">D'une austère vertu conserve la rudesse.</l>
</sp>
<sp who="ALCIMADURE"><speaker>ALCIMADURE. </speaker>
	<l id="83">Seigneur, avec plus d'art il faut la ménager :</l>
	<l id="84">La vertu, dans son sexe, est la peur du danger.</l>
	<l id="85">Avec vous sur l'honneur elle s'est retranchée :</l>
	<l id="86">Un autre qu'un époux l'eût moins effarouchée.</l>
	<l id="87">Si, lui faisant parler par un amant discret,</l>
	<l id="88">Vous-même paraissiez ignorer son secret,</l>
	<l id="89">Peut-être alors la reine, à l'ombre du mystère,</l>
	<l id="90">Au gré de vos désirs deviendrait moins sévère.</l>
</sp>
<sp who="ALFONSE"><speaker>ALFONSE.</speaker>
	<l id="91">Non ; j'en ai fait l'épreuve, et d'un facile époux</l>
	<l id="92">Affectant à dessein les dehors les plus doux,</l>
	<l id="93">Je pensais entrevoir, et j'avais lieu de croire</l>
	<l id="94">Que la Reine, en secret, travaillait à ma gloire :</l>
	<l id="95">J'en attendais le fruit d'un amour clandestin.</l>
	<l id="96">Mais admire avec moi la rigueur du destin,</l>
	<l id="97">Jusqu'où va la fureur de son aveugle rage !</l>
	<l id="98">Dans mon royaume entier, ma femme seule est sage.</l>
	<l id="99">C'est pour moi seul qu'est fait un semblable malheur,</l>
	<l id="100">Et les autres époux sont comblés de bonheur !</l>
</sp>
<sp who="ALCIMADURE"><speaker>ALCIMADURE. </speaker>
	<l id="101">Rien ne peut-il calmer l'ennui qui vous possède ?</l>
</sp>
<sp who="ALFONSE"><speaker>ALFONSE.</speaker>
	<l id="102">À mon malheur, ami, je ne vois qu'un remède.</l>
</sp>
<sp who="ALCIMADURE"><speaker>ALCIMADURE. </speaker>
	<l id="103" part="i">Eh quoi ! Seigneur ?...</l>
</sp>
<sp who="ALFONSE"><speaker>ALFONSE.</speaker>
	<l id="103" part="f">Écoute. Un sujet tel que toi</l>
	<l id="104">Du fardeau de l'hymen doit soulager son roi.</l>
</sp>
<sp who="ALCIMADURE"><speaker>ALCIMADURE. </speaker>
	<l id="105" part="i">Seigneur, que dites-vous ?</l>
</sp>
<sp who="ALFONSE"><speaker>ALFONSE.</speaker>
	<l id="105" part="f">Dès que la nuit plus sombre,</l>
	<l id="106">Aux larcins des amants aura prêté son ombre,</l>
	<l id="107">Mes ordres sont donnés, par des détours secrets</l>
	<l id="108">Tu pourras pénétrer au fond de ce palais</l>
	<l id="109">(L'intérêt de l'État sur mon honneur l'emporte !):</l>
	<l id="110">Une dame d'honneur viendra t'ouvrir la porte.</l>
	<l id="111">Dans le lit de la Reine entre sans nul effroi;</l>
	<l id="112">Fais ce que, jusqu'ici, n'a pu faire ton roi.</l>
	<l id="113">Ami, dompte pour moi la nature rebelle,</l>
	<l id="114">Et songe à bien remplir une place si belle.</l>
	<l id="115">Observe avec la reine un silence profond ;</l>
	<l id="116">Peut-être voudra-t-elle examiner à fond</l>
	<l id="117">Ce qui produit en moi de si puissants miracles ;</l>
	<l id="118">Mais agis sans parler, force tous les obstacles,</l>
	<l id="119">Trouve l'art enchanteur de la passionner,</l>
	<l id="120">Et ne lui laisse pas le temps de s'étonner.</l>
</sp>
<sp who="ALCIMADURE"><speaker>ALCIMADURE. </speaker>
	<l id="121" part="i">Seigneur.</l>
</sp>
<sp who="ALFONSE"><speaker>ALFONSE.</speaker>
	<l id="121" part="f">Pour me servir, va, redouble ton zèle,</l>
	<l id="122">Je ne puis mieux choisir qu'un sujet si fidèle.</l>
	<l id="123">Au reste, tu conçois qu'un semblable projet</l>
	<l id="124">Exige du ministre un éternel secret,</l>
	<l id="125">Et que, pour juste prix d'une folle imprudence,</l>
	<l id="126">La mort suivrait de près la moindre confidence.</l>
</sp>
<sp who="ALCIMADURE"><speaker>ALCIMADURE. </speaker>
	<l id="127" part="i">Mais, Seigneur...</l>
</sp>
<sp who="ALFONSE"><speaker>ALFONSE.</speaker>
	<l id="127" part="f">Tranche ici des discours superflus.</l>
</sp>
<sp who="ALCIMADURE"><speaker>ALCIMADURE. </speaker>
	<l id="128" part="i">Je me jette à vos pieds.</l>
</sp>
<sp who="ALFONSE"><speaker>ALFONSE.</speaker>
	<l id="128" part="f">Je ne t'écoute plus.</l>
</sp>
<sp who="ALCIMADURE"><speaker>ALCIMADURE. </speaker>
	<l id="129">Ah ! Souffrez qu'un sujet à vos genoux s'explique.</l>
</sp>
<sp who="ALFONSE"><speaker>ALFONSE.</speaker>
	<l id="130">Alcimadure, un Roi ne veut point de réplique :</l>
	<l id="131">Un sujet doit voler à son moindre désir,</l>
	<l id="132">Et son premier devoir est celui d'obéir.</l>
<stage type="exit">Le roi sort.</stage>
</sp>
</div2>
<div2 type="scene" n=""><head>SCÈNE III.</head>
<sp stage="alone" who="ALCIMADURE"><speaker>ALCIMADURE, seul.</speaker>
	<l id="133">Juste ciel ! Et comment veux-tu que j'obéisse ?</l>
	<l id="134">Hélas ! C'est ordonner ma honte et mon supplice.</l>
	<l id="135">Si la nature en toi n'a pas mis ce qu'il faut,</l>
	<l id="136">Le sort a mis en moi la nature en défaut.</l>
	<l id="137">Cruel ! Ai-je de quoi contenter ton envie ?</l>
	<l id="138">Mais si j'eusse parlé, c'était fait de ma vie.</l>
	<l id="139">Sa politique adroite eût voulu me punir</l>
	<l id="140">De savoir son secret sans pouvoir le servir.</l>
	<l id="141">Ce maître soupçonneux m'en aurait fait un crime,</l>
	<l id="142">Et peut-être déjà j'en serais la victime !</l>
	<l id="143">Essayons, pour sauver Alfonse et son honneur,</l>
	<l id="144">Si la Reine voudrait... Elle paraît...</l>
</sp>
</div2>
<div2 type="scene" n=""><head>SCÈNE IV. Léonor, Alcimadure.</head>
<sp who="LÉONOR"><speaker>LÉONOR. </speaker>
	<l id="144" part="f">Seigneur,</l>
	<l id="145" part="i">J'ai cru trouver le roi dans ces lieux.</l>
</sp>
<sp who="ALCIMADURE"><speaker>ALCIMADURE. </speaker>
	<l id="145" part="f">Ah ! Madame,</l>
	<l id="146">En faveur d'un époux laissez fléchir votre âme :</l>
	<l id="147">C'est à vous d'apaiser les troubles de l'État.</l>
	<l id="148">Confondez Alvarès et son lâche attentat,</l>
	<l id="149">Et, rendant de la paix l'espérance moins frêle,</l>
	<l id="150">Donnez un héritier au roi, sans qu'il s'en mêle.</l>
</sp>
<sp who="LÉONOR"><speaker>LÉONOR. </speaker>
	<l id="151">Interprète d'un roi par la crainte abattu,</l>
	<l id="152">Te serais-tu flatté d'ébranler ma vertu,</l>
	<l id="153">Ou le roi, se servant de ta coupable adresse,</l>
	<l id="154">Croit-il avec plus d'art attaquer ma sagesse ?</l>
	<l id="155">Jointe au Roi par l'hymen, j'ai rempli mon devoir,</l>
	<l id="156">J'ai fait ce que j'ai dû : c'est à lui de pouvoir.</l>
	<l id="157">Si le crime peut seul conserver ma couronne,</l>
	<l id="158">Pleine d'un noble orgueil, je descendrai du trône.</l>
	<l id="159">Le ciel ne nous fit pas pour régner tous les deux ;</l>
	<l id="160">Mais le ciel nous créa pour être vertueux.</l>
	<l id="161">Dût contre ma vertu s'armer toute la terre,</l>
	<l id="162">Je ne brûlerai point d'une flamme adultère,</l>
	<l id="163">Et, quels que soient du ciel les décrets éternels,</l>
	<l id="164">Nous serons malheureux, et non pas criminels.</l>
</sp>
<sp who="ALCIMADURE"><speaker>ALCIMADURE. </speaker>
	<l id="165">L'aveu de votre époux n'ôte-t-il pas le crime ?</l>
	<l id="166">De ces grands sentiments vous serez la victime,</l>
	<l id="167">Madame, et, regrettant mes avis négligés,</l>
	<l id="168">Un jour vous reviendrez de tous vos préjugés.</l>
	<l id="169">Laissez-les gouverner le stupide vulgaire,</l>
	<l id="170">Qui, même sur ce point, déjà ne l'est plus guère.</l>
	<l id="171">Dans ce siècle éclairé, chacun est rebattu</l>
	<l id="172">Qu'un si vain préjugé n'est pas une vertu.</l>
	<l id="173">Quel tort à votre époux un amant peut-il faire ?</l>
	<l id="174">Madame, il cède un bien dont il n'a point affaire,</l>
	<l id="175">Un bien dont il a droit de pouvoir ordonner.</l>
</sp>
<sp who="LÉONOR"><speaker>LÉONOR. </speaker>
	<l id="176">Oui, ce bien est à lui ; mais peut-il le donner ?</l>
	<l id="177">Lui seul en doit jouir, et ses ordres suprêmes.</l>
</sp>
<sp who="ALCIMADURE"><speaker>ALCIMADURE.</speaker>
	<l id="178">Les rois ne peuvent pas tout faire par eux-mêmes.</l>
	<l id="179">Tout se rapporte au Roi, sans qu'il en soit l'auteur :</l>
	<l id="180">Il traite de la paix par un ambassadeur;</l>
	<l id="181">C'est par ses généraux qu'il gagne des batailles,</l>
	<l id="182">Qu'il force des remparts, qu'il abat des murailles ;</l>
	<l id="183">C'est en s'associant des ministres prudents</l>
	<l id="184">Qu'il règle le dehors, et conduit le dedans.</l>
	<l id="185">Tout se fait en son nom, et tout tourne à sa gloire ;</l>
	<l id="186">L'histoire de son temps devient sa propre histoire.</l>
	<l id="187">Ainsi, les héritiers que vous aurez sans lui</l>
	<l id="188">Sont à lui comme à vous bien qu'ils viennent d'autrui</l>
</sp>
<sp who="LÉONOR"><speaker>LÉONOR. </speaker>
	<l id="189">Penses-tu m'éblouir par ces raisons forcées</l>
	<l id="190">Et par l'éclat trompeur de tes fausses pensées ?</l>
	<l id="191" part="i">Ma vertu, mon honneur...</l>
</sp>
<sp who="ALCIMADURE"><speaker>ALCIMADURE. </speaker>
	<l id="191" part="f">L'opinion d'autrui</l>
	<l id="192">Est ce qui fait l'honneur des femmes d'aujourd'hui.</l>
	<l id="193">D'une femme galante à celle qu'on croit sage,</l>
	<l id="194" part="i">Toute la différence est le secret...</l>
</sp>
<sp who="LÉONOR"><speaker>LÉONOR. </speaker>
	<l id="194" part="f">L'outrage</l>
	<l id="195" part="i">Peut-il aller plus loin ?</l>
</sp>
<sp who="ALCIMADURE"><speaker>ALCIMADURE.</speaker>
	<l id="195" part="f">Dans un amant discret,</l>
	<l id="196">Vous trouverez, Madame, à l'ombre du secret,</l>
	<l id="197">Les plaisirs les plus vifs, sans perdre de l'estime.</l>
</sp>
<sp who="LÉONOR"><speaker>LÉONOR. </speaker>
	<l id="198">Le crime qu'on ignore en est-il moins un crime ?</l>
	<l id="199">C'est peu que les mortels soient contents de mes moeurs,</l>
	<l id="200">Je prétends être sage à mes yeux comme aux leurs.</l>
	<l id="201">Cessez donc en ce jour d'insulter à ma gloire :</l>
	<l id="202">Ces discours font horreur, et je ne saurais croire...</l>
</sp>
<sp who="ALCIMADURE"><speaker>ALCIMADURE.</speaker>
	<l id="203">Non, ne m'en croyez pas ; croyez-en votre coeur ;</l>
	<l id="204">Maîtresse de choisir, s'il connaît un vainqueur,</l>
	<l id="205">Vous pouvez, dès ce soir, amante fortunée,</l>
	<l id="206">Faire jouir l'amour des droits de l'hyménée.</l>
	<l id="207">Travaillez pour Alfonse en travaillant pour vous,</l>
	<l id="208">Et couronnez l'amant par les mains de l'époux.</l>
</sp>
<sp who="LÉONOR"><speaker>LÉONOR. </speaker>
	<l id="209">Insolent ! Penses-tu qu'une honteuse flamme</l>
	<l id="210" part="i">S'allume dans un coeur tel que le mien ?...</l>
</sp>
<sp who="ALCIMADURE"><speaker>ALCIMADURE.</speaker>
	<l id="210" part="f">Madame,</l>
	<l id="211">Vous vous piquez en vain d'insensibilité :</l>
	<l id="212">Aux plaisirs de l'amour votre sexe est porté.</l>
	<l id="213">Mais, dès ses jeunes ans, instruit à l'imposture,</l>
	<l id="214">L'art, pour dissimuler, s'y joint à la nature ;</l>
	<l id="215">Je lis dans vos regards le trouble de vos sens.</l>
	<l id="216">Vous, rebelle à l'amour ! Ah ! Ces yeux languissants,</l>
	<l id="217">Où Vénus imprima son tendre caractère,</l>
	<l id="218">Madame, tous les jours déposent le contraire ;</l>
	<l id="219">Ils m'ont su révéler vos sentiments secrets :</l>
	<l id="220">Je les ai vus, ces yeux, tournés sur Alvarès.</l>
</sp>
<sp who="LÉONOR"><speaker>LÉONOR. </speaker>
	<l id="221">Arrête, téméraire, et respecte ta Reine.</l>
	<l id="222">Favori de ton roi, tu méprises ma haine,</l>
	<l id="223">Mais je saurai l'instruire à quels points ses bontés</l>
	<l id="224">Ont su porter l'excès de tes témérités.</l>
	<l id="225">Il ignore, sans doute, une telle insolence,</l>
	<l id="226">Et je cours à ses pieds en demander vengeance.</l>
</sp>
<sp who="ALCIMADURE"><speaker>ALCIMADURE. </speaker>
	<l id="227">Allez trouver, Madame, un monarque irrité</l>
	<l id="228">Contre les faux dehors de votre chasteté.</l>
	<l id="229">Peut-être espérez-vous qu'en le chassant du trône,</l>
	<l id="230">Alvarès à vos pieds portera la couronne ?</l>
	<l id="231">Vous l'aimez, il vous aime, et vos complots secrets</l>
	<l id="232">Vont à pouvoir un jour épouser Alvarès.</l>
	<l id="233">Mais le ciel irrité, forçant tous les obstacles,</l>
	<l id="234">En faveur de mon roi produira des miracles :</l>
	<l id="235">De lui-même, d'Alfonse un enfant sortira</l>
	<l id="236">Telle on a vu jadis l'impuissante Sara,</l>
	<l id="237">Qu'on enleva deux fois sans la rendre fertile,</l>
	<l id="238">À quatre-vingt-dix ans cesser d'être stérile,</l>
	<l id="239">Et détruire l'espoir des enfants d'Ismaël</l>
	<l id="240">En accouchant d'un fils d'où sortit Israël.</l>
</sp>
<sp who="LÉONOR"><speaker>LÉONOR. </speaker>
	<l id="241">Ministre criminel des volontés d'Alfonse,</l>
	<l id="242">J'oppose à tant d'horreurs le mépris pour réponse.</l>
</sp>
<sp stage="aparte" who="ALCIMADURE"><speaker>ALCIMADURE, à part. </speaker>
	<l id="243">Allons tout disposer, et, trompant Alvarès,</l>
	<l id="244">Faisons tomber ce traître en mes pièges secrets.</l>
<stage type="exit">Il sort.</stage>
</sp>
</div2>
<div2 type="scene" n="5"><head>SCÈNE V.</head>
<sp stage="alone" who="LÉONOR"><speaker>LÉONOR, seule.</speaker>
	<l id="245">Il sait pour Avarès ma criminelle flamme.</l>
	<l id="246" part="i">Ciel ! Mais c'est lui qui vient! Fuyons.</l>
</sp>
</div2>
<div2 type="scene" n="6"><head>SCÈNE VI. Léonor, Alvarès.</head>
<sp stage="stop" who="ALVARÈS"><speaker>ALVARÈS, l'arrêtant.</speaker>
	<l id="246" part="f">Eh quoi ! Madame,</l>
	<l id="247">Dans sa prévention votre esprit affermi</l>
	<l id="248">En fuyant Alvarès croit fuir un ennemi !</l>
	<l id="249">Qu'injustement, hélas ! Votre coeur me soupçonne !</l>
	<l id="250">Si d'Alfonse, en ce jour, je brigue la couronne,</l>
	<l id="251">C'est pour l'offrir, Madame, à vos divins appas.</l>
	<l id="252">Mille sceptres sans vous ne me tenteraient pas.</l>
	<l id="253">Du vain titre d'épouse honorable victime,</l>
	<l id="254">Osez vous dérober au joug qui vous opprime.</l>
	<l id="255">Alfonse a-t-il des droits légitimes sur vous ?</l>
	<l id="256">La nature, en secret, les lui refusa tous.</l>
	<l id="257">Ciel ! Par quel coup du sort, par quel destin bizarre,</l>
	<l id="258">Victime de l'État, une beauté si rare</l>
	<l id="259">Tombe-t-elle au pouvoir d'un époux ?... Quelle horreur !</l>
	<l id="260">Je succombe aux tourments qui déchirent mon coeur.</l>
	<l id="261">Votre infortune, hélas ! Fait celle de ma vie :</l>
	<l id="262">Mourir en vous servant est ma plus chère envie.</l>
</sp>
<sp who="LÉONOR"><speaker>LÉONOR.</speaker>
	<l id="263">Barbare ! Il vous sied bien de plaindre mes malheurs,</l>
	<l id="264">Vous, l'auteur de mes maux, vous qui causez mes pleurs.</l>
</sp>
<sp who="ALVARÈS"><speaker>ALVARÈS.</speaker>
	<l id="265">Moi, causer vos malheurs !... Ah ! Divine princesse,</l>
	<l id="266">Pour vous j'ai conservé ma première tendresse.</l>
	<l id="267">Dans le fond de mon coeur lisez mieux en ce jour :</l>
	<l id="268">En moi l'ambition est l'effet de l'amour.</l>
	<l id="269">Si vous ne partagez avec moi la couronne,</l>
	<l id="270">Je cède sans regrets tous mes droits sur le trône.</l>
	<l id="271">Ne vous souvient-il plus de vos premiers serments ?...</l>
	<l id="272">Avez-vous oublié qu'il fut un heureux temps</l>
	<l id="273">Où j'allais avec vous unir ma destinée,</l>
	<l id="274">Lorsque l'amour du Roi rompit notre hyménée ?</l>
	<l id="275">Je vous rappelle en vain ces souvenirs passés,</l>
	<l id="276">Le temps de votre coeur les a tous effacés.</l>
</sp>
<sp who="LÉONOR"><speaker>LÉONOR.</speaker>
	<l id="277">Je ne vous nierai pas, Seigneur, qu'en ma jeunesse</l>
	<l id="278">Mon coeur sentit pour vous une égale tendresse :</l>
	<l id="279">Je touchais au moment de vous voir mon époux,</l>
	<l id="280">Et ma félicité dépendait d'être à vous :</l>
	<l id="281">Mais quand l'hymen du roi trompa notre espérance,</l>
	<l id="282">Je repris sur mon coeur une entière puissance.</l>
	<l id="283">D'un malheureux amour ma vertu triompha :</l>
	<l id="284">Le penchant le fit naître, et l'honneur l'étouffa,</l>
	<l id="285">Vous-même, dans ce jour, je vous prends pour arbitre.</l>
	<l id="286" part="i">Alfonse est mon époux...</l>
</sp>
<sp who="ALVARÈS"><speaker>ALVARÈS.</speaker>
	<l id="286" part="f">Il n'en a que le titre.</l>
	<l id="287">C'est usurper un nom si charmant et si doux :</l>
	<l id="288">Madame, il faut être homme avant que d'être époux.</l>
	<l id="289">L'intérêt de l'État, le vôtre, tout vous force</l>
	<l id="290">À réclamer les lois faites pour le divorce.</l>
	<l id="291">« Je ne vous parle point de l'amour d'Alvarès.</l>
	<l id="292">« Mais de Rome, en ce jour, invoquez les arrêts.</l>
	<l id="293">« Avec un impuissant toute alliance est nulle.</l>
	<l id="294">« J'ai sondé le Saint-Père : il promet une bulle;</l>
	<l id="295">« Et bientôt, le congrès confondant votre époux,</l>
	<l id="296">« Les flambeaux de l'hymen s'allumeront pour nous (1).</l>
</sp>
<sp who="LÉONOR"><speaker>LÉONOR.</speaker>
	<l id="297">Qui ! moi ! Que je subisse une épreuve indécente ?</l>
	<l id="298">Ah ! Ce discours affreux me remplit d'épouvante.</l>
	<l id="299">Alfonse est mon époux, et le sera ! Mon coeur</l>
	<l id="300">Ne consulte de lois que celles de l'honneur,</l>
	<l id="301">Et je rejette enfin ces usages coupables</l>
	<l id="302">Que suivent, sans pudeur, des femmes méprisables,</l>
	<l id="303">Qui, remplissant de cris les tribunaux divers,</l>
	<l id="304">Vont étaler leur honte aux yeux de l'univers.</l>
	<l id="305" part="i">Adieu, Seigneur.</l>
<stage type="exit">Elle sort.</stage>
</sp>
</div2>
<div2 type="scene" n="7"><head>SCÈNE VII.</head>
<sp stage="alone" who="ALVARÈS"><speaker>ALVARÈS, seul.</speaker>
	<l id="305" part="f">Malgré l'amour qui me dévore,</l>
	<l id="306">Je me trouve forcé de l'admirer encore.</l>
	<l id="307" part="i">On vient...</l>
</sp>
</div2>
<div2 type="scene" n="8"><head>SCÈNE VIII. Alvarès, Alcimadure.</head>
<sp who="ALVARÈS"><speaker>ALVARÈS.</speaker>
	<l id="307" part="f">Je te cherchais.... Ah ! toi seul dans mon coeur</l>
	<l id="308">Peux ramener le calme et bannir la douleur.</l>
	<l id="309">Mon esprit est en proie à des peines mortelles.</l>
</sp>
<sp who="ALCIMADURE"><speaker>ALCIMADURE.</speaker>
	<l id="310">Que dites-vous Seigneur, quand vos amis fidèles</l>
	<l id="311" part="i">Ont, dans ce jour, forcé le Roi lui-même.</l>
</sp>
<sp who="ALVARÈS"><speaker>ALVARÈS.</speaker>
	<l id="311" part="f">Ami,</l>
	<l id="312">Les États n'ont servi mes fureurs qu'à demi.</l>
	<l id="313">Alfonse obtient du temps. La trêve d'une année</l>
	<l id="314">M'enlève l'espérance aussitôt qu'elle est née.</l>
	<l id="315">Mais mettons tout en feu, troublons le Portugal,</l>
	<l id="316">Chassons le Roi du trône et du lit conjugal !</l>
	<l id="317">L'ambition n'est pas ce qui fait mon audace :</l>
	<l id="318">L'amour seul à mon coeur fait désirer sa place.</l>
	<l id="319">J'idolâtre la Reine et sens que chaque jour,</l>
	<l id="320">Chaque heure, chaque instant augmentent mon amour.</l>
	<l id="321">Pour éteindre des feux, faibles dans leur naissance,</l>
	<l id="322">Je condamnai mon coeur aux tourments de l'absence.</l>
	<l id="323">Après beaucoup d'efforts, après mille combats,</l>
	<l id="324">Enfin, je pris sur moi d'éviter ses appas.</l>
	<l id="325">L'absence n'a servi qu'à redoubler mes peines ;</l>
	<l id="326">Le poison de l'amour a coulé dans mes veines</l>
	<l id="327">Mon amour est mon être, et mon coeur aujourd'hui</l>
	<l id="328">Ne veut, ne voit, ne sent et n'écoute que lui !</l>
</sp>
<sp who="ALCIMADURE"><speaker>ALCIMADURE.</speaker>
	<l id="329">Eh bien, Seigneur, hâtons le jour de nos vengeances !</l>
	<l id="330">J'ai su, par mes complots et mes intelligences,</l>
	<l id="331">Vous frayer vers le trône un facile chemin.</l>
	<l id="332">Osez me seconder : vous y montez demain.</l>
	<l id="333" part="i">Demain, vous épousez la Reine.</l>
</sp>
<sp who="ALVARÈS"><speaker>ALVARÈS.</speaker>
	<l id="333" part="f">Alcimadure,</l>
	<l id="334">Par quels moyens ? Comment ? Poursuis, je t'en conjure.</l>
</sp>
<sp who="ALCIMADURE"><speaker>ALCIMADURE.</speaker>
	<l id="335">La vertu de la Reine est notre seul écueil,</l>
	<l id="336">Et sa vertu l'effet de son farouche orgueil.</l>
	<l id="337">Dans un sauvage honneur elle met l'héroïsme,</l>
	<l id="338">Et porte cet honneur jusques au fanatisme.</l>
	<l id="339">Jouant avec éclat un rôle embarrassant,</l>
	<l id="340">Elle souffre avec faste un monarque impuissant.</l>
	<l id="341">Ainsi, n'espérez pas, en l'éloignant du trône,</l>
	<l id="342">Vous acquérir les droits qu'elle a sur la couronne.</l>
	<l id="343">Ce serait, au contraire, un titre contre vous</l>
	<l id="344">Qui vous empêcherait d'être un jour son époux.</l>
	<l id="345">Elle croirait devoir ce refus à sa gloire.</l>
	<l id="346">Mais des mains de l'amour obtenez la victoire ;</l>
	<l id="347">Dans le lit de la reine, osez entrer, seigneur.</l>
	<l id="348">J'ai tout séduit : la garde et les dames d'honneur.</l>
	<l id="349">Suivez-moi ; le succès est sûr, et tout l'annonce :</l>
	<l id="350">Léonor, en dormant, vous prendra pour Alfonse.</l>
</sp>
<sp who="ALVARÈS"><speaker>ALVARÈS. </speaker>
	<l id="351">La différence, ami, d'Alfonse et d'Alvarès</l>
	<l id="352">À l'instant frappera la reine de trop près...</l>
</sp>
<sp who="ALCIMADURE"><speaker>ALCIMADURE.</speaker>
	<l id="353">Agissez sans parler, n'éveillez point la Reine,</l>
	<l id="354">Au doux sommeil le roi l'accoutuma sans peine.</l>
	<l id="355">Passez rapidement du plaisir au désir,</l>
	<l id="356">Et du désir, soudain, revenez au plaisir.</l>
	<l id="357">Une femme d'honneur prend cela pour un songe,</l>
	<l id="358">Et ne s'éveille point, afin qu'il se prolonge.</l>
</sp>
<sp who="ALVARÈS"><speaker>ALVARÈS. </speaker>
	<l id="359">Enfin, la Reine, après cet assoupissement,</l>
	<l id="360" part="i">Voudra savoir sans doute...</l>
</sp>
<sp who="ALCIMADURE"><speaker>ALCIMADURE.</speaker>
	<l id="360" part="f">Eh ! C'est dans ce moment</l>
	<l id="361">Que l'amour, lui prêtant ses plus tendres faiblesses,</l>
	<l id="362">Obtiendra le pardon des premières caresses.</l>
	<l id="363">Vous vous déclarerez, Seigneur. Depuis longtemps</l>
	<l id="364">La Reine vous adore. Ah ! Dans ces doux instants,</l>
	<l id="365">Où le charme des sens, votre amour, sa tendresse,</l>
	<l id="366">Les plaisirs enchanteurs combattront sa sagesse,</l>
	<l id="367">Dans ces moments d'ivresse où l'amour vous absout,</l>
	<l id="368">Est-il quelque vertu dont on ne vienne à bout ?</l>
	<l id="369">Assurez-vous par là de l'aveu de la reine,</l>
	<l id="370">Et mes amis, alors, serviront votre haine.</l>
	<l id="371">De son consentement appuyez vos projets :</l>
	<l id="372">C'est l'idole des grands et l'amour des sujets.</l>
	<l id="373">D'ailleurs, cette princesse a même en sa personne</l>
	<l id="374">De légitimes droits acquis à la couronne.</l>
</sp>
<sp stage="enthousiasm" who="ALVARÈS"><speaker>ALVARÈS, avec transport. </speaker>
	<l id="375" part="i">Ami, par quels bienfaits.</l>
</sp>
<sp who="ALCIMADURE"><speaker>ALCIMADURE.</speaker>
	<l id="375" part="f">Ne perdons point de temps.</l>
	<l id="376">La nuit avance. Entrez, vous avez peu d'instants :</l>
	<l id="377">Je vais trouver le roi, qui pourrait vous surprendre.</l>
	<l id="378">Dans une heure, en ces lieux, je viendrai vous reprendre.</l>
	<l id="379">J'ai gagné les soldats, et le peuple est pour vous ;</l>
	<l id="380">Si la Reine vous veut accepter pour époux,</l>
	<l id="381">Nous verrons la révolte à chaque instant s'accroître,</l>
	<l id="382">Et, du trône, le Roi passera dans un cloître.</l>
</sp>
<sp who="ALVARÈS"><speaker>ALVARÈS. </speaker>
	<l id="383">Alcimadure !... Ami ! Dans peu tu connaîtras...</l>
</sp>
<sp who="ALCIMADURE"><speaker>ALCIMADURE. </speaker>
	<l id="384">Seigneur, dans ces moments, ne vous oubliez pas..</l>
<stage type="pull">Alvarès est mené chez la Reine par deux dames d'honneur qui paraissent et entre les mains desquelles Alcimadure le remet.</stage>
</sp>
</div2>
<div2 type="scene" n="9"><head>SCÈNE IX.</head>
<sp stage="alone" who="ALCIMADURE"><speaker>ALCIMADURE, seul.</speaker>
	<l id="385">Aveuglé par l'amour, cours, dans ta folle ivresse,</l>
	<l id="386">Goûter des vains plaisirs l'amorce enchanteresse !</l>
	<l id="387">Quel esprit d'imprudence accompagne toujours</l>
	<l id="388">Tous ces faibles mortels éclairés des amours !</l>
	<l id="389">Trop crédule Alvarès, cette nuit de délices</l>
	<l id="390">À tes regards trompés cache des précipices,</l>
	<l id="391">Et, des bras de l'amour, conduit vers le trépas,</l>
	<l id="392">À ton malheureux sort tu n'échapperas pas.</l>
	<l id="393">La folle passion où ton coeur s'abandonne,</l>
	<l id="394">Sur la tête d'Alfonse affermit la couronne :</l>
	<l id="395">À ton monarque heureux tu fais un héritier.</l>
	<l id="396">En mourant, Alvarès, sens ton malheur entier.</l>
	<l id="397">Tu rends le sceptre à qui te fait perdre la vie,</l>
	<l id="398">Et le bonheur du roi vient de ta perfidie.</l>
	<l id="399">Traître ! Je vais sauver l'État et ton rival</l>
	<l id="400">Des troubles que ta haine excite en Portugal.</l>
	<l id="401">Je n'ai voulu que moi dans cette confidence :</l>
	<l id="402">Alfonse, je suis prêt à servir ta vengeance.</l>
	<l id="403">Bien moins sujet qu'ami, je te sers, et dans toi</l>
	<l id="404">C'est toi que j'aime ! J'aime Alfonse et non le roi.</l>
	<l id="405">De tes faveurs cent fois tu m'as donné des marques ;</l>
	<l id="406">Mais l'amitié n'est pas faite pour les monarques.</l>
	<l id="407">En vain dans leurs secrets nous paraissons admis,</l>
	<l id="408">Ils ont des favoris et n'ont jamais d'amis.</l>
	<l id="409">Mais bientôt Alvarès pourrait... Allons l'attendre</l>
	<l id="410">Dans ce détour obscur, où je veux le surprendre.</l>
<stage type="hide/location">Il va se cacher du côté par lequel Alvarès est entré dans la chambre à coucher de la Reine.</stage>
</sp>
</div2>
<div2 type="scene" n="10"><head>SCÈNE X.</head>
<sp stage="alone" who="ALFONSE"><speaker>ALFONSE, seul.</speaker>
	<l id="411">Tout est calme en ces lieux. Le faible jour qui luit</l>
	<l id="412">Commence à dissiper les ombres de la nuit.</l>
	<l id="413">Alcimadure a peine à s'arracher encor</l>
	<l id="414">À des plaisirs qui vont finir avec l'aurore.</l>
	<l id="415">Peut-être, en ces moments, qui me sont odieux,</l>
	<l id="416">À la reine fait-il les plus tendres adieux.</l>
	<l id="417">Dans ce passage étroit, qui conduit chez la Reine,</l>
	<l id="418">Mon coeur jaloux l'attend et sa mort est certaine.</l>
	<l id="419">Innocente victime, immolée au secret,</l>
	<l id="420">Alcimadure, hélas ! Je te perds à regret :</l>
	<l id="421">Mon honneur en danger me demande ta vie,</l>
	<l id="422">Mais ta mort à ton Roi paraît digne d'envie.</l>
	<l id="423">L'amour ferme tes yeux.Ah! ton sort est trop beau (1)!</l>
	<l id="424">En sortant du triomphe, tu descends au tombeau.</l>
	<l id="425">J'achèterais, au prix de la mort la plus sûre,</l>
	<l id="426">Ces plaisirs qu'à mes sens refusa la nature !</l>
	<l id="427" part="i">Quel bruit se fait entendre !... On ouvre...</l>
</sp>
</div2>
<div2 type="scene" n="11"><head>SCÈNE XI ET DERNIÈRE.</head>
<stage type="entrance/noise/stop">Alcimadure entrant par le côté opposé à celui de la chambre de la Reine, où il va, et s'arrêtant au bruit qui se fait.</stage>
<stage type="location">Alfonse et Alvares, tous deux derrière le théâtre où se passe l'action.</stage>
<sp stage="kill" who="ALFONSE"><speaker>ALFONSE, poignardant Alvarès. </speaker>
	<l id="427" part="f">Vengeons-nous !</l>
</sp>
<sp stage="fall" who="ALVARÈS"><speaker>ALVARÈS, tombant. </speaker>
	<l id="428" part="i">Ah ! Traître !... Je me meurs !...</l>
</sp>
<sp who="ALFONSE"><speaker>ALFONSE. </speaker>
	<l id="428" part="f">Il tombe sous mes coups.</l>
	<l id="429" part="i">Alcimadure est mort...</l>
<stage type="watch">L'apercevant.</stage>
	<l id="429" part="f">Que vois-je ? Alcimadure !</l>
</sp>
<sp stage="threat" who="ALCIMADURE"><speaker>ALCIMADURE, un poignard à la main. </speaker>
	<l id="430" part="i">Seigneur...</l>
</sp>
<sp who="ALFONSE"><speaker>ALFONSE.</speaker>
	<l id="430" part="f">Que croire, hélas ! Dans cette conjoncture ?</l>
	<l id="431" part="i">Quelle est donc la victime ?</l>
</sp>
<sp who="ALCIMADURE"><speaker>ALCIMADURE.</speaker>
	<l id="431" part="f">En ce pressant danger,</l>
	<l id="432">Du perfide Alvarès je venais vous venger.</l>
	<l id="433">Voulant sur votre front fixer le diadème,</l>
	<l id="434">Au lit de Léonor je l'ai conduit moi-même.</l>
	<l id="435">Vous lui devrez, Seigneur, votre bonheur entier,</l>
	<l id="436">Car ce fier ennemi vous donne un héritier.</l>
</sp>
<sp who="ALFONSE"><speaker>ALFONSE.</speaker>
	<l id="437" part="i">Je l'attendais de toi...</l>
</sp>
<sp who="ALCIMADURE"><speaker>ALCIMADURE.</speaker>
	<l id="437" part="f">De moi !... Je suis eunuque.</l>
	<l id="438" part="i">Et je vous le cachais...</l>
</sp>
<sp who="ALFONSE"><speaker>ALFONSE.</speaker>
	<l id="438" part="f">Ô nature caduque !</l>
	<l id="439">Crime de mon état ! J'avais armé ma main,</l>
	<l id="440">J'étais... j'étais venu pour te percer le sein.</l>
	<l id="441">Ma politique affreuse et ma lâche furie</l>
	<l id="442">À mon secret, ami, sacrifiaient ta vie.</l>
	<l id="443">Pardonne, en le plaignant, aux fureurs de ton Roi.</l>
	<l id="444">Ah ! Je ne veux plus vivre et régner que par toi.</l>
	<l id="445">Sa mort et ton salut, mon cher Alcimadure,</l>
	<l id="446">M'annoncent un bonheur dont j'accepte l'augure.</l>
	<l id="447">Je brave les complots des plus séditieux.</l>
	<l id="448">Nous aurons un infant : rendons grâces aux Dieux !</l>
</sp>
</div2>
</div1>
</body>
</text>
</TEI>