<?xml version="1.0" encoding="utf-8"?>
<TEI xml:lang="fr">
<teiHeader> 
		<fileDesc>
			<titleStmt>
				<title>COCATRIX, TRAGÉDIE AMPHIGOURIQUE.</title>
				<author born='1709' born_location='Paris' death='1783' death_location='Paris' academie=''>COLLE, Charles</author>
				<date>1697</date>
			</titleStmt>
			<publicationStmt>	
				<p>publié par Paul FIEVRE Novembre 2009, revu février 2017</p>
				<idno>COLLE_COCATRIX</idno>
			<rights>Creative Commons BY-NC-SA</rights>
			</publicationStmt>
			<SourceDesc>
				<genre>Comédie</genre>
				<inspiration>moeurs</inspiration><structure>Un acte</structure>
				<type>vers</type>
				<periode>1771-1780</periode>
				<taille>750-1000</taille>
				<permalien></permalien>
			</SourceDesc>
		</fileDesc>
</teiHeader>
<text>
<front>
	<docTitle>
	    <titlePart part="main">COCATRIX</titlePart>
   	 <titlePart part="sub">TRAGÉDIE AMPHIGOURIQUE en cinq scènes.</titlePart> 
	</docTitle>
   <docDate value="1777">1777</docDate>
   <docAuthor id='COLLE, Charles' bio='collec'>de Charles COLLÉ</docAuthor>
	<docImprint>
		<privilege id="16**-**-**"></privilege>
		<acheveImprime id="16**-**-**"></acheveImprime>
		<printer id=""/>
	</docImprint>
	<performance>
		<premiere date="1731" location='En société'>Représenté pour le première fois en 1731 en société. A été, plus tard, représenté le 19 juin 1975, Place du Marché Sainte Catherine (Paris IVème) durant le 12ème festival du Marais dans une mise en scène de René Dupuy.</premiere>
		
	</performance>

	<div type="preface">
	<head>Présentation.</head>
	<p>Collé a réussi l'exploit de nous faire comprendre ce qu'est une tragique en écrivant cette parodie du genre : "Cocatrix". En effet, tous les codes du genre de la tragédie sont à la fois respectés et, la plupart du temps, aussitôt transgressés. Les trois unités de lieu, de temps et d'action sont respectés. Les personnages sont nobles, ils sont menacés de mort par la fatalité ou par l'excès de leur sentiment tout est bien régulier. Il y a cinq parties qui ne sont pas des actes mais des scènes, là où une tragédie se développe entre 1500 à plus de 2000 vers, ici, 402 suffisent à traiter la "fable". La scène de présentation est conforme aux pratiques : un héros se confie à un confident et indique la matière de l'intrigue. On peut lire aussi deux monologues d'émotion comme il se doit dans le genre tragique et un récit de bataille. Ce type de récit est très souvent un passage long où s'exerce le talent narratif de l'auteur ; dans "Cocatrix", ce récit est présent mais complètement décousu, absurde et grostesque tout en gardant une forme convenable. La préface, même, participe à l'exercice de démonstration de la conformité de cette pseudo-tragédie.</p>
	<p>Pour démontrer son propos ironique, Collé insère quelques excès cocasses qui mettent à mal la supposé bienséance qui doit subsumer les règles. Ainsi il n'est pas bienséant d'aimer la mère de son roi qui, de surcroit, est très vieille et, de plus, est la grand-mère du héros. L'éloignement géographique et temporel de l'action doit permettre à la cartharsis de faire son effet sur le public, mais on découvre que les héros sont originaires platement de la Charité-sur-Loire, inscrite au patrimoine de l'humanité au demeurant.</p>
	<p>Les indications de scène sont, quant à elles, contraires aux usages. Il s'agit, pour les plus importante d'indiquer le ton tragique que doivent emprunter les comédiens : ton qui va de soit dans une tragédie normale.</p>
	<p>Enfin, L'accumulation non motivés de noms propres issus de la mythologie grecque dans les dialogues est outrancière pour le genre tragique et dénonce l'abus de références savantes dans les tragédies.</p>
	<p>Cocatrix est donc cocassement, familialement, héroïquement amphigourique. Il ne reste qu'à lire l'avertissement très sérieux et le Discours pour se convaincre de la nécessité de cette tragédie.</p>
	<signature>P. Fièvre, nov. 2009</signature>
	</div>
<div type="preface"><head>AVERTISSEMENT TRÈS SÉRIEUX.</head>
	<p>Quoique la tragédie amphigouristique que l'on va lire, ait été souvent représentée avec le plus grand applaudissement, l'on en a jamais pourtant entendu le sens. Les spectateurs, les Acteurs et l'auteur lui même, ne l'ont jamais compris. S'il était possible que les Lecteurs le pénétrassent, l'on serait alors assuré du succès le plus décidé. Mais si cette pièce ne saurait, par cette raison, enlever tous les suffrages, elle a, d'un autre côté, l'avantage de ne pouvoir être critiquée avec équité ; vu cet axiome de Droit, qui dit : qu'il est injuste de juger sans entendre. Des caustiques de mauvaise foi ont prétendu que ce drame n'était point original. Ils soutiennent malignement que c'est un plagiat universel des plans, de la conduite des situations, des caractères et du style d'une honnête quantité de tragédies. L'on va voir clairement le dol et la faiblesse de cette allégation risquée sans preuves ; peu de mots suffiront pour y répondre d'une manière fort satisfaisante. Si l'on eût pillé les Dramatiques en question, leurs plaintes se seraient fait entendre de tous les côtés ; leurs Préfaces en auraient été semées; les Journaux remplis ; leurs amis auraient crié à l'injustice, et le Public en eût été informé. Mais ces Messieurs, bien loin de réclamer les morceaux qui paraîtraient avoir quelque légère ressemblance avec les endroits, les plus touchant de leurs poèmes, se sont toujours choqués, au contraire, lorsqu'on a voulu les comparer à ceux de la Tragédie amphigouristique, que l'on donne aujourd'hui. Cette accusation de plagiat tombe donc d'elle-même, n'est qu'une honnêteté littéraire ; et par conséquent, cette pièce reste incontestablement très originale. Dans la plupart des préfaces et des avertissements, les auteurs se font presque toujours un pénible effort, pour parler d'eux-mêmes d'abord, et de ce qui les touche personnellement. Ils ont ensuite la bonté d'en venir à ce qui peut intéresser le public. Pour ne pas s'éloigner ici d'une méthode aussi judicieuse et aussi polie, l'on va finir cet avertissement-ci, par prévenir ceux qui voudraient représenter cette singulière Tragédie : I°. Qu'elle peut être jouée à deux. Le premier acteur, qui fait le rôle du héros, le doit jouer dans le grand tragique. Le second acteur joue, en charge, les rôles du confident, du Roi et de la Reine. Avec des habits arrangés exprès pour cela, l'on a plus de temps qu'il n'en faut, pour se travestir dans une coulisse. 2°. Il est indispensable de donner ici un avis salutaire sur deux acteurs muets de cette pièce ; ce sont les ânes. Il est essentiel de les choisir dociles, ces acteurs-là. L'on a vu, plus d'une fois, le héros et le confident, démontés et jetés à terre par ces comédiens-là, qui étaient neufs au théâtre, et qui ne connaissaient pas assez leurs planches. Enfin, comme la clarté n'est pas la partie la plus brillante de cette tragédie, il faut observer de ne point manquer de faire débiter, avant la représentation, par le premier acteur le discours qui suit, dont les beautés, la finesse, l'éloquence, la vérité, l'érudition, préviendront, sans aucun doute, en faveur de la pièce, le spectateur, en faisant semblant de vouloir l'instruire de ce qu'il est nécessaire qu'il sache pour l'intelligence du sujet.</p>
</div>
	<div type="preface"><head>DISCOURS, avant COCATRIX.</head>
	<adresse>Messieurs,</adresse>
	<p>Je commencerai par vous faire des excuses, de vous adresser un discours sérieux, savant et nécessaire ; vous qui n'aimez que la gaieté, qui estimez médiocrement un pédant, et qui ne faites cas que du superflu. Cependant, l'éclaircissement indispensable de deux faits de la Tragédie de Cocatrix, m'oblige malgré moi, de vous donner cette petite corvée-là. Le premier de ces faits, établit la naissance d'Amatrox ; et le second, quel était le dernier supplice chez les Arabes. Hahamis Benbrek, si fou, historien Arabe, le Tite-Live de sa nation, fait Amatrox originaire de la Ville de la Charité-sur-Loire ; il ne dit rien de son père ; deux chroniqueurs de ce temps l'accusent d'avoir été bailli de cette ville ; mais l'on doit présumer que c'est une calomnie; et Amatrox, le grand Amatrox, n'aurait pas voulu naître d'un père comme celui là. Quelques autres écrivains, plus judicieux, lui donnent, entre une douzaine d'autres pères, le Druide Adamas ; et c'est vraisemblablement là le véritable, puisqu'il paraît le plus convenable à la dignité du héros, et qu'il a été le plus commode à l'auteur de la tragédie. Sa grand-mère était Angusta, nom célèbre, mais famille presque éteinte. On ne sait dans quel temps il vivait, on conjecture pourtant que ce peut être depuis la 3ème jusqu'à la 6ème olympiade, entre la 18ème et la 637ème année de la fondation de Rome ; mais, ce dont tous les historiens conviennent, c'est qu'il vint au monde, le corps couvert de poil, et l'épée à la main.</p>
	<p>Avant de passer au second fait, il est nécessaire d'expliquer quel était le crime qui faisait condamner au dernier supplice chez les Arabes. Les Rois de ces climats sont jaloux à l'excès de la pureté de leur sang, et ne veulent y souffrir aucun mélange. Un étranger, quelque héros qu'il soit, qui conçoit la pensée seulement de se mêler au sang Royal, soit par le mariage, ou autrement, est condamné au dernier supplice. Et le fait est, que ce supplice est le chatouillement à mort, le plus ignominieux et le plus infamant chez cette nation barbare. On livre le criminel aux Conseillères du Roi, grandes Chatouillantes de la Couronne. Ce sont de grandes femmes de 19 à 20 ans, blanches, belles mains, doigts de fuseau et exercés, dressées dès leur plus tendre jeunesse à chatouiller à mort.</p>
	<p>L'on n'imagine point à Paris, où heureusement l'on n'est chatouillé qu'imparfaitement, quelle légèreté et quelle souplesse ces femmes ont dans les doigts ; la finesse de leur toucher la prestesse de leurs mains ; et jusqu'à quel degré de perfection elles portent l'air du chatouillement ; puisqu'un criminel, quelque robuste qu'il puisse être, est par elles expédié en un petit quart d'heure. Le Ciel veuille vous garder, Messieurs, de tomber dans leurs mains.</p>
</div>
	<castList><head>PERSONNAGES</head>
   	<castItem><role id="COLORAX" sex="1" type="H" statut="roi" age="A" stat_amour='amoureux'>COLORAX</role>, roi de l'Arabie Pétrée.</castItem>
   	<castItem><role id="COCATRIX" sex="2" type="H" statut="roi" age="A" stat_amour='amoureux'>COCATRIX</role>, mère de Colorax.</castItem>
   	<castItem><role id="AMATROX" sex="1" type="H" statut="prince" age="A" stat_amour='amoureux'>AMATROX</role>, héros inconnu, qui se trouve petit-fils de Cocatrix.</castItem>
   	<castItem><role id="VORTEX" sex="1" type="H" statut="confident" age="A" stat_amour='amoureux'>VORTEX</role>, confident d'Amatrox.</castItem>
   	<castItem><role id="GARDES" sex="9" type="H" statut="garde" age="A" stat_amour='amoureux'>GARDES</role>.</castItem>
   	<castItem><role id="DEUX-ANES" sex="9" type="A" statut="animal" age="A" stat_amour='amoureux'>Deux ÂNES</role>, sur lesquels Amatrox et Vortex sont montés pendant la première scène.</castItem>
		</castList>
	<set location="Petra" country="Jordanie" periode="(non indiqué)" gps="30.328454, 35.444362">La Scène est-là quelque part, dans cette Arabie Pétrée, dans le Palais de Colorax.</set>
</front>
<body>
<div1 type="act" n='1'><head></head>
<div2 type="scene" n='1'><head>SCÈNE PREMIÈRE. Amatrox, Vortex, montés sur deux ânes, exercés et rompus au théâtre.</head>
<sp who='AMATROX'><speaker>AMATROX.</speaker>
<note type="L">Scythes : peuple d'Asie centrale connus grâce à l'historien grec de l'antiquité Hérodote.</note>
	<l id='1'>Près trois ans de guerre, alarmés par les Scythes,</l>
<note type="L">Laphites : tribu de la mythologie grecque vivant dans le nord de la Thessalie. Ils furent les auteurs du massacre des Centaures. Voir "les Métamorphoses" d'Ovide.</note>
	<l id='2'>Mes Soldats ont flétri les neveux des Laphites. </l>
	<l id='3'>Et vengeurs du second viol d'Athénaïs, </l>
	<l id='4'>Ont, de leur sang impur, rougi le Tanaïs.</l>
	<l id='5'>Les fuyards sont suivis par mon infanterie ; </l>
	<l id='6'>Et donnant du relâche à ma cavalerie, </l>
	<l id='7'>J'enlève aux ennemis ces deux coursiers fougueux,</l>
	<l id='8'>De mon triomphe auguste, ornement fastueux.</l>
	<l id='9'>La victoire et la rage, et la mort et la peste,</l>
	<l id='10'>Du camp, déjà désert, ont moissonné le reste.</l>
	<l id='11'>Nos ennemis vaincus, ont demande des fers, </l>
	<l id='12'>Enfants incestueux du tyran des Enfers.</l>
</sp>
<sp who='VORTEX'><speaker>VORTEX.</speaker>
	<l id='13'>Cessez, Seigneur, cessez de répandre des larmes,</l>
	<l id='14' part="i">Car si...</l>
</sp>
<sp stage="interrupt" who='AMATROX'><speaker>AMATROX, l'interrompant.</speaker>
	<l id='14' part="f">Vortex, apprends mes brûlantes alarmes;</l>
	<l id='15'>Prends pitié de mes feux, de mon coeur, et de moi</l>
	<l id='16' part="i">J'aime...</l>
</sp>
<sp stage="interrupt" who='VORTEX'><speaker>VORTEX, l'interrompant,</speaker>
	<l id='16' part="m">Qui, Seigneur ? Qui ? </l>
</sp>
<sp who='AMATROX'><speaker>AMATROX.</speaker>
	<l id='16' part="f">La mère de ton Roi.</l>
</sp>
<sp stage="away/frighten" who='VORTEX'><speaker>VORTEX, reculant d'épouvante.</speaker>
	<l id='17' part="i">Dieux !</l>
</sp>
<sp who='AMATROX'><speaker>AMATROX.</speaker>
	<l id='17' part="f">Ah ! De mon amour, connais la violence,</l>
	<l id='18'>Mes transports, mes langueurs, mes plaintes, mon silence ;</l>
	<l id='19'>Mes soupirs retenus, mes sanglots, mes douleurs ;</l>
	<l id='20'>Mes yeux toujours noyés de larmes et de pleurs ;</l>
	<l id='21'>L'insensibilité de l'objet que j'adore.</l>
	<l id='22'>Ô mort ! Finis mes maux. Toi seule, je t'implore.</l>
	<l id='23'>Je te cherchai cent fois, dans l'horreur des combats ;</l>
	<l id='24'>Je la portais partout, et ne la trouvais pas.</l>
	<l id='25'>Mon désespoir n'a fait que me couvrir de gloire.</l>
	<l id='26'>Ne près des champs heureux arrosés par la Loire,</l>
	<l id='27'>Un berger m'éleva, sans m'éclaircir mon sort ;</l>
	<l id='28'>Je n'étais point son fils ; et ce berger est mort.</l>
	<l id='29'>Il est mort, sans m'avoir dévoilé ma naissance.</l>
</sp>
<sp who='VORTEX'><speaker>VORTEX.</speaker>
	<l id='30'>Grand Amatrox, hélas! Votre divine essence</l>
	<l id='31'>Nous découvre un héros, et nous cache un mortel,</l>
	<l id='32'>Qui mérite à la fois et le trône et l'autel.</l>
</sp>
<sp who='AMATROX'><speaker>AMATROX.</speaker>
	<l id='33'>J'ai connu mon aïeul, sans connaître mon père,</l>
	<l id='34'>J'ai vu même, j'ai vu la mère de ma mère. </l>
	<l id='35'>Le reste étant caché, mon esprit curieux </l>
	<l id='36'>Sur mon sort emphatique interrogea les Dieux, </l>
<note type="C">Pour ajouter de la confusion "amphigouristique", l'auteur mélange les périodes historiques et les lieux.</note>
	<l id='37'>Près du bois de Boulogne, un Oracle amphibie </l>
	<l id='38'>Me fait chercher un coeur au fond de l'Arabie; </l>
	<l id='39'>D'un air d'Apocalypse, un prêtre a dit ces mots, </l>
	<l id='40'>Au milieu de la nuit, du tonnerre et des sots :</l>
	<l id='41'>« sLe sort à des climats arides </l>
	<l id='42'>Destine tes pas foudroyants ;</l>
	<l id='43'>Mais si Diane, aux deux Atrides,</l>
	<l id='44'>Donne des mouches cantarides, </l>
	<l id='45'>L'amour t'aplanira les rides, </l>
	<l id='46'>De la mère des vrais croyants.»</l>
	<l id='47'>Un Oracle si clair, fruit de l'intempérance, </l>
	<l id='48'>À mon coeur fanatique eût rendu l'espérance ; </l>
	<l id='49'>Mais un songe, Vortex, en corrompt les douceurs,</l>
	<l id='50'>Écoute ; et tu verras le comble des horreurs ; </l>
	<l id='51'>Je dormais tout debout au sein de l'Allemagne, </l>
	<l id='52'>Lorsqu'à mes yeux ouverts, l'Empereur Charlemagne</l>
	<l id='53'>S'offrit, pâle et défait. (Tel paraît dans Tonneins,</l>
	<l id='54'>Le démon de la chair, vaincu par des Nonains.) </l>
	<l id='55'>Son front n'était plus ceint de la triple couronne ; </l>
	<l id='56'>Des cadavres sanglants environnaient son trône ;</l>
	<l id='57'>Sur lui la mort levait sa faux, et de fon flanc </l>
	<l id='58'>Le désespoir poudreux coulait avec son sang. </l>
	<l id='59'>« Tremble, fier Amatrox, m'a-t-il dit, d'un air morne ;</l>
	<l id='60'>Ton destin s'accomplit, tu vois le Capricorne ;</l>
	<l id='61'>Le Zodiaque est là... Mais Mercure est ici.»</l>
	<l id='62'>Il dit, et tout-à-coup le Soleil obscurci,</l>
	<l id='63'>Des voiles de la nuit enveloppant la terre,</l>
	<l id='64'>Me laisse à la merci des vents et du tonnerre.</l>
</sp>
<sp stage="frighten/quiet" who='VORTEX'><speaker>VORTEX, très effrayé et revenant de sa peur.</speaker>
	<l id='65'>Ce que vous dites-la, Seigneur, est-il bien vrai ?</l>
	<l id='66'>Depuis ce temps, resté, par votre ordre, à Cambrai,</l>
	<l id='67'>J'ignorais le destin de votre auguste tête.</l>
	<l id='68'>Mais, s'il vous plaît, Seigneur, contez-moi la tempête, </l>
	<l id='69' part="i">Qu'on m'a dite cent fois.</l>
</sp>
<sp who='AMATROX'><speaker>AMATROX.</speaker>
	<l id='69' part="f">Très volontiers. Achmet</l>
	<l id='70'>Venait de détrôner le Sultan Mahomet ;</l>
	<l id='71'>Mais il voyait toujours nos côtes infestées</l>
	<l id='72'>Par d'infâmes brigands, protecteurs des athées ;</l>
	<l id='73'>Pour les exterminer, il arma sur les eaux</l>
	<l id='74'>Les monstres, les tritons, et cent mille vaisseaux.</l>
	<l id='75'>Sous mes ordres y bientôt le vent enfla leur voiles ;</l>
	<l id='76'>Le firmament, pour moi, prodiguait ses étoiles.</l>
	<l id='77'>Castor, Pollux, Thetis, et Neptune et Vénus,</l>
	<l id='78'>Secondaient mes desseins y à moi-même inconnus.</l>
	<l id='79'>Mais le troisième jour, de leurs prisons profondes,</l>
	<l id='80'>Les Aquilons sortis, soulevèrent les ondes ;</l>
	<l id='81'>Les éléments, la nuit, la foudre et les éclairs,.</l>
	<l id='82'>En tourbillons de feux obscurcissent les airs.</l>
	<l id='83'>La mer portant ses flots jusqu'au Ciel empirée ; </l>
	<l id='84'>Inonde Jupiter sur la voûte éthérée ; </l>
	<l id='85'>Le tonnerre est mouillé. Les abîmes ouverts </l>
	<l id='86'>Ouvrent à nos vaisseaux la route des Enfers ; </l>
	<l id='87'>La flotte est engloutie, et sur une chaloupe </l>
	<l id='88'>Les vagues m'ont jeté, seul à la Guadeloupe ; </l>
	<l id='89' part="i">Voilà quel fut mon sort.</l>
</sp>
<sp who='VORTEX'><speaker>VORTEX.</speaker>
	<l id='89' part="f">Mais, quittant ces climats</l>
	<l id='90'>Où vous aviez porte vos malheurs et vos pas,</l>
	<l id='91'>À la Cour des Sultans, cherchant votre naissance,</l>
	<l id='92'>Ne s'est-il point offert quelque reconnaissance ? </l>
	<l id='93'>Avez-vous retrouvé votre père, une soeur, </l>
	<l id='94' part="i">Un frère... un...</l>
</sp>
<sp stage="interrupt" who='AMATROX'><speaker>AMATROX, t'interrompant.</speaker>
	<l id='94' part="f">Du destin, vois toute la noirceur:</l>
	<l id='95'>Je rencontre à Tunis une femme galante,</l>
	<l id='96' part="i">Et c'était...</l>
</sp>
<sp who='VORTEX'><speaker>VORTEX.</speaker>
	<l id='96' part="m">Achevez.</l>
</sp>
<sp who='AMATROX'><speaker>AMATROX.</speaker>
	<l id='96' part="f">Cétait ma propre tante.</l>
</sp>
<sp stage="shout" who='VORTEX'><speaker>VORTEX, en criant.</speaker>
	<l id='97' part="i">Juste ciel !</l>
</sp>
<sp who='AMATROX'><speaker>AMATROX.</speaker>
	<l id='97' part="f">Mais, hélas ! Mon amour aujourd'hui</l>
	<l id='98'>Me fait tout oublier ; et je ne vois que lui ;</l>
	<l id='99'>Lui seul me fait goûter le prix de la victoire.</l>
	<l id='100'>Toujours loin de tes yeux tu sais quelle est ma gloire :</l>
	<l id='101'>Ce fer seul fît le sort de tous les potentats </l>
	<l id='102'>Près de qui ma valeur avait porté mes pas; </l>
	<l id='103'>Ton monarque en a fait l'heureuse expérience. </l>
	<l id='104'>Que Cocatrix, sa mère, en soit la récompense,</l>
</sp>
<sp who='VORTEX'><speaker>VORTEX.</speaker>
	<l id='105'>Seigneur, qu'osez-vous dire ? Ah ! Formez d'autres voeux,</l>
	<l id='106'>Dignes de l'un, de l'autre, et dignes de tous deux !</l>
	<l id='107'>Bien loin qu'à vos désirs, mon Empereur défère,</l>
	<l id='108'>Craignez tout, et fuyez l'un et l'autre hémisphère.</l>
	<l id='109'>Pouvez-vous ignorer, ou ferez-vous changer,</l>
	<l id='110'>La Loi, dans ces climats, prescrite à l'Étranger?</l>
	<l id='111'>S'il tente de s'unir au sang de nos Monarques,</l>
<note type="L">Parques : divinités des Enfers chargées de filer la vie des hommes, étaient au nombre de trois, Clotho, Lachésis, Atropos : Chlotho préside à la naissance et tient le fuseau, Lachésis le tourne et file, Atropos coupe le fil. [B]</note>
	<l id='112'>Il voit trancher les jours que lui filaient les Parques,</l>
	<l id='113'>Non par le fer, le feu, les eaux, ni le poison ; </l>
<note type="L">Pâmoison : état d'une personne pâmer ; défaillance. [F]</note>
	<l id='114'>Mais on le fait périr dans une pâmoison ; </l>
	<l id='115'>On le fait expirer sous les doigts d'une femme ? </l>
	<l id='116'>Pans les chatouillements, le coupable rend l'âme : </l>
	<l id='117'>Un rire immodéré précipice son sort ; </l>
	<l id='118'>Et l'excès du plaisir le conduit à la mort. </l>
	<l id='119'>Cessez donc d'aspirer à cet hymen illustre : </l>
<note type="C">Lustre : période de cinq ans, donc la reine a près de 80 ans.</note>
	<l id='120'>Déjà la Reine atteint à son seizième lustre : </l>
	<l id='121' part="i">Et ses yeux... </l>
</sp>
<sp stage="interrupt" who='AMATROX'><speaker>AMATROX, l'interrompant.</speaker>
	<l id='121' part="f">Ses beaux yeux, en dépit des censeurs,</l>
	<l id='122'>Attireront toujours les voeux des connaisseurs.</l>
</sp>
<sp who='VORTEX'><speaker>VORTEX.</speaker>
	<l id='123' part="i">Mais, cependant, Seigneur...</l>
</sp>
<sp stage="interrupt/mysterious" who='AMATROX'><speaker>AMATROX, l'interrompant d'un air mystérieux.</speaker>
	<l id='123' part="f">Va disposer la Reine</l>
	<l id='124'>À seconder pour moi la brigue souterraine.</l>
</sp>
<sp who='VORTEX'><speaker>VORTEX.</speaker>
	<l id='125' part="i">Si ses jours avancés..</l>
</sp>
<sp stage="interrupt" who='AMATROX'><speaker>AMATROX, l'interrompant.</speaker>
	<l id='125' part="f">Qu'elle ne pense pas</l>
	<l id='126'>Que son âge jamais ternisse ses appas.</l>
	<l id='127'>Sa virile beauté dément son baptistaire.</l>
	<l id='128'>Ami, tu vois mon coeur ; je n'ai rien pu te taire.</l>
	<l id='129'>J'honore ta prudence, et reconnais tes soins.</l>
	<l id='130'>Je t'aime d'autant plus que je t'estime moins.</l>
<stage type="down/proud">Ils descendent de dessus leurs ânes. Amatrox lui donne la bride de son âne, avec une grande noblesse et beaucoup de dignité.</stage>
	<l id='131'>Dans le Palais des Rois, conduisez, ma monture ;</l>
	<l id='132'>Et pendant son dîner, faites-lui la lecture ;</l>
	<l id='133' part="i">Allez.</l>
</sp>
<sp who='VORTEX'><speaker>VORTEX.</speaker>
	<l id='133' part="m">Eh mais, Seigneur...</l>
</sp>
<sp who='AMATROX'><speaker>AMATROX.</speaker>
	<l id='133' part="m">Quoi, Seigneur ?</l>
</sp>
<sp who='VORTEX'><speaker>VORTEX.</speaker>
	<l id='133' part="f">Monseigneur, </l>
	<l id='134'>La faudra-t-il après mener chez le baigneur ?</l>
</sp>
<sp stage="proud" who='AMATROX'><speaker>AMATROX, d'un air auguste.</speaker>
	<l id='135' part="i">Sortez.</l>
</sp>
</div2>
<div2 type="scene" n='2'><head>SCÈNE II.</head>
<sp stage="alone" who='AMATROX'><speaker>AMATROX, seul.</speaker>
	<l id='135' part="f">Sur moi, le Ciel épuise ses miracles,</l>
	<l id='136'>Périssent, à la fois, Boulogne et ses Oracles !</l>
	<l id='137'>J'adore Cocatrix ; et si j'en suis aimé....</l>
	<l id='138'>Dans des gouffres profonds je me vois abîmé;</l>
	<l id='139'>Cocatrix, tes faveurs m'ouvrent un précipice,</l>
	<l id='140'>Et du chatouillement j'entrevois le supplice.</l>
	<l id='141'>Un étranger ne peut aspirer à ton coeur ;</l>
	<l id='142'>Une cruelle loi s'oppose à ton vainqueur...</l>
	<l id='143'>Il n'importe ;... étouffons notre douleur arrière ;</l>
	<l id='144'>Le Roi paraît... Allons, demandons-lui sa mère,</l>
	<l id='145' part="i">Quand il devrait...</l>
</sp>
</div2>
<div2 type="scene" n='3'><head>SCÈNE III. Colorax, Amatrox, Gardes.</head>
<sp stage="toward" who='COLORAX'><speaker>COLORAX, parlant aux gardes et à la cantonade.</speaker>
	<l id='145' part="f">Abben, que chaque citoyen</l>
	<l id='146'>S'apprête à célébrer son triomphe et le mien.</l>
<stage type="toward">S'adressant à Amatrox.</stage>
	<l id='147'>Guerrier, dont le bras seul vient d'affermir mon trône,</l>
	<l id='148'>Sois César, dans mon camp ; à ma Cour, sois Pétrone ;</l>
	<l id='149'>Ministre de ma foudre et de mes voluptés,</l>
	<l id='150'>Que Mars et que l'Amour marchent à tes côtés.</l>
	<l id='151'>Après le gain sanglant de trente trois batailles, </l>
	<l id='152'>Fais naître le plaisir du sein des funérailles. </l>
	<l id='153'>Fais, dans les voluptés plongeant toute ma Cour,</l>
	<l id='154'>De l'Arabie entière, un Sérail à l'Amour. </l>
	<l id='155'>Repeuplons un pays qu'a désolé la guerre ; </l>
	<l id='156'>Et faisons des enfants au reste de la Terre. </l>
	<l id='157'>Avouons-le, Amatrox : il est beaucoup plus grand</l>
	<l id='158'>D'être père et fécond, que d'être conquérant.</l>
	<l id='159'>L'un se reproduisant, lorsque moins il y songe,</l>
	<l id='160'>Vous tire du néant ; l'autre vous y replonge. </l>
	<l id='161'>Le premier donne l'être, et le second la mort.</l>
	<l id='162'>Farouches conquérants, fiers arbitres du sort, </l>
	<l id='163'>Le carnage et le sang sont vos vertus guerrières. </l>
	<l id='164'>Je leur pardonnerais leurs fureurs meurtrières, </l>
	<l id='165'>Si leurs nombreux enfants égalaient les soldats </l>
	<l id='166'>Que leurs mains font périr dans l'horreur des combats ;</l>
	<l id='167'>Ou si plus amoureux que nous autres ne sommes,</l>
	<l id='168'>Sur le champ de bataille ils créaient cent mille hommes.</l>
<stage type="friendly">D'un ton familier.</stage>
	<l id='169'>Ce que je viens de dire, au reste, est bien écrit ; </l>
	<l id='170'>Mais je n'en pense rien ; c'est pour t'orner l'esprit.</l>
<stage type="declamation">Reprenant le ton déclamatoire et boursoufflé.</stage>
	<l id='171'>Je pense qu'un guerrier est un Dieu tutélaire ;</l>
	<l id='172'>Tu vas de tes travaux recevoir le salaire.</l>
<stage type="declamation">Grandes pauses aux deux vers suivants ; comme si l'on disait les plus belles choses du monde. </stage>
	<l id='173'>Mes trésors... les honneurs... demande... Je suis Roi... </l>
	<l id='174'>Attends tout... je le veux... je le puis... je le dois.</l>
</sp>
<sp stage="serious/declamation" who='AMATROX'><speaker>AMATROX, d'un air très respectueux et déclamant lentement.</speaker>
	<l id='175'>Seigneur, vous avez trop élevé les services</l>
	<l id='176'>D'un étranger, qui n'eut que les destins propices ;</l>
	<l id='177'>Et dont le seul mérite est dans son seul bonheur,</l>
<stage type="mysterious">Disant ce vers d'un air fin et mystérieux.</stage>
	<l id='178'>Salamandre, enflammé, qui brûla pour l'honneur,</l>
	<l id='179'>Si j'ai, dans votre camp, su fixer la fortune, </l>
	<l id='180'>À mon âme embrasée elle fut importune ; </l>
	<l id='181'>Et vous ne devez pas, pour prix de ma valeur, </l>
	<l id='182'>D'envieux courtisans exciter la pâleur. </l>
	<l id='183'>M'accabler d'ennemis, en m'accablant de grâces. </l>
	<l id='184'>Tout ce que vous m'offrez... vos emplois et vos places,</l>
	<l id='185' part="i">Vos trésors...</l>
</sp>
<sp who='COLORAX'><speaker>COLORAX.</speaker>
	<l id='185' part="m">Sont à toi.</l>
</sp>
<sp who='AMATROX'><speaker>AMATROX.</speaker>
	<l id='185' part="f">Sire, ils sont à mes yeux,</l>
	<l id='186' part="i">Rien.</l>
</sp>
<sp who='COLORAX'><speaker>COLORAX.</speaker>
	<l id='186' part="m">Par quels bienfaits pourrai-je donc ? ... </l>
</sp>
<sp stage="sigh" who='AMATROX'><speaker>AMATROX, soupirant.</speaker>
	<l id='186' part="f">Grands Dieux !</l>
</sp>
<sp who='COLORAX'><speaker>COLORAX.</speaker>
	<l id='187' part="i">Sans crainte, explique-toi.</l>
</sp>
<sp stage="hesitate" who='AMATROX'><speaker>AMATROX, d'une voix entrecoupée. </speaker>
	<l id='187' part="f">Seigneur, la Reine-Mère,</l>
	<l id='188'>D'un coeur présomptueux, secondant la Chimère,</l>
	<l id='189' part="i">Remplit ce coeur d'amour.</l>
</sp>
<sp stage="furious" who='COLORAX'><speaker>COLORAX, avec fureur.</speaker>
	<l id='189' part="f">Tu me remplis d'effroi !</l>
	<l id='190'>Quoi ! Tu veux devenir beau-père de ton Roi ?</l>
</sp>
<sp stage="quick" who='AMATROX'><speaker>AMATROX, vivement.</speaker>
	<l id='191'>Ce n'est point la fureur d'être votre beau-père,</l>
	<l id='192'>Qui m'a fait adorer Madame votre mère,</l>
	<l id='193'>Seigneur, ses yeux, ses traits, mes plaisirs, son amour</l>
	<l id='194'>Chaste, et servant d'exemple aux Dames de la Cour,</l>
	<l id='195'>Qui suivaient à l'envi, celui de Messaline ; </l>
	<l id='196'>Son port, sa majesté, sa pudeur enfantine ; </l>
	<l id='197'>Dans l'hiver de son âge, un air toujours vainqueur, </l>
	<l id='198'>Voilà ce qui la rend l'idole de mon coeur.</l>
</sp>
<sp stage="furious" who='COLORAX'><speaker>COLORAX, en fureur, et ne se possédant plus.</speaker>
	<l id='199'>Holà ! Gardes, holà ! Le crime qui te souille</l>
	<l id='200'>Mérite un prompt supplice. Allez, qu'on le chatouille ;</l>
	<l id='201'>Que par un rire affreux on termine son sort, </l>
	<l id='202'>Et qu'une pâmoison le conduise à la mort.</l>
</sp>
<sp who='AMATROX'><speaker>AMATROX.</speaker>
	<l id='203'>Tu t'armes, contre moi, des traits de l'imposture</l>
	<l id='204'>Cousine du mensonge, et tante du parjure;</l>
	<l id='205'>Et de l'Italien, politique vainqueur,</l>
	<l id='206'>Le Machiavélisme a passé dans ton coeur.</l>
</sp>
<sp stage="tender" who='COLORAX'><speaker>COLORAX, s'attendrissant par degrés pendant qu'Amatrox déclame les vers précédents.</speaker>
	<l id='207'>Quel coup il m'a porté ! Je t'arrache aux supplices ;</l>
	<l id='208'>Que ma clémence ici surpasse tes services.</l>
	<l id='209'>Sois libre : et que demain dans mes pierreux États,</l>
	<l id='210'>Le Soleil en tombant ne te retrouve pas. </l>
	<l id='211' part="i">Je te laisse le jour.</l>
</sp>
<sp who='AMATROX'><speaker>AMATROX.</speaker>
	<l id='211' part="f">Suis ta première envie.</l>
	<l id='212'>Ma mort est nécessaire au bonheur de ma vie.</l>
	<l id='213'>D'un abîme de maux, qu'importe comme on sort ?</l>
	<l id='214'>Tyran, fais-moi donner ou ta mère, ou la mort !</l>
	<l id='215' part="i">Que l'amour...</l>
</sp>
<sp stage="interrupt" who='COLORAX'><speaker>COLORAX, l'interrompant avec colère.</speaker>
	<l id='215' part="m">Quoi, l'amour !...</l>
</sp>
<sp stage="tender" who='AMATROX'><speaker>AMATROX, tendrement.</speaker>
	<l id='215' part="m">Oui, l'amour.</l>
</sp>
<sp stage="anger" who='COLORAX'><speaker>COLORAX, avec emportement.</speaker>
	<l id='215' part="f">Ah, chimère !</l>
	<l id='216'>Ressent-on de l'amour pour une Reine-Mère ?</l>
	<l id='217'>Aimer un siècle ! Va, ta feinte passion</l>
	<l id='218'>N'est qu'un prétexte adroit à ton ambition !</l>
	<l id='219'>Infidèle d'ailleurs, et sans qu'il se soumette </l>
	<l id='220'>À la Religion d'Ali, notre Prophète,</l>
<stage type="kneel">Il se met à genoux devant Ali.</stage>
	<l id='221'>Cet impie, à moi-même, ose de sens rassis, </l>
	<l id='222'>Demander Cocatrix, sans être circoncis !</l>
</sp>
<sp who='AMATROX'><speaker>AMATROX.</speaker>
	<l id='223'>Fais taire, devant moi, cette Loi trop barbare</l>
	<l id='224'>Qui d'une triste amante à jamais me sépare ;</l>
	<l id='225'>Que l'on voie en ce jour notre hymen accompli,</l>
	<l id='226'>Et je deviens l'apôtre et le martyr d'Ali.</l>
	<l id='227'>J'abandonne à regret des lois que je respecte ;</l>
	<l id='228'>Je me fais circoncire et j'embrasse ta secte.</l>
	<l id='229'>Mais, ne te flatte point ; ce n'est qu'au Dieu d'amour,</l>
	<l id='230'>Que j'immole mon culte et ma foi dans ce jour.</l>
</sp>
<sp stage="furious" who='COLORAX'><speaker>COLORAX, en fureur.</speaker>
	<l id='231' part="i">Saint Prophète, qu'entends-je ! </l>
</sp>
<sp who='AMATROX'><speaker>AMATROX.</speaker>
	<l id='231' part="f">Achevez de m'entendre... </l>
</sp>
<sp stage="furious" who='COLORAX'><speaker>COLORAX, avec la dernière fureur.</speaker>
	<l id='232'>J'en ai trop entendu ; fuis ! Qu'oses-tu prétendre, </l>
	<l id='233'>Toi, dont l'impiété traite d'amphigouris </l>
	<l id='234'>La Loi du grand Ali, son Enfer, ses Houris ? </l>
	<l id='235'>Fuis, te dis-je, apostat, mécréant, sacrilège !</l>
	<l id='236'>Retiens ces derniers mots que ma fureur t'abrège;</l>
	<l id='237'>Je refuse la Reine et la mort à tes voeux.</l>
	<l id='238'>Je veux ce que je veux, parce que je le veux.</l>
</sp>
</div2>
<div2 type="scene" n='4'><head>SCENE IV.</head>
<sp stage="alone" who='AMATROX'><speaker>AMATROX, seul.</speaker>
	<l id='239'>Fuyons, arrachons-nous de ces climats barbares !</l>
	<l id='240'>Et revenons suivi du Grand Kan des Tartares.</l>
	<l id='241'>Aux yeux de tes flatteurs, et dans ta propre Cour,</l>
	<l id='242'>Tu seras chatouillé, Prince ingrat, à ton tour.</l>
	<l id='243'>Je t'ai mis sur le Trône, et t'en ferai descendre ;</l>
	<l id='244'>Qui craignit Darius, devait craindre Alexandre. </l>
	<l id='245'>Je veux que tes champs ravagés </l>
	<l id='246'>Cherchent dans les villes superbes, </l>
	<l id='247'>Les oiseaux du ciel égorgés, </l>
	<l id='248'>Respirant la mort dans les herbes.</l>
	<l id='249'>Alors les funestes corbeaux, </l>
	<l id='250'>S'assemblant autour des tombeaux, </l>
	<l id='251'>Se joindront à la voix des mânes,</l>
<note type="L">Brachmanes : autre graphie de Brahmanes. Docteurs et prêtes de la religion indouiste de Bramha, réputés pour leurs ascèse et leur régime végétarien.</note>
	<l id='252'>Et feront manger aux Brachmanes,</l>
	<l id='253'>De leurs corps mutilés les horribles lambeaux,</l>
	<l id='254'>Ah pâle lueur des funèbres flambeaux.</l>
	<l id='255'>Les implacables Euménides </l>
	<l id='256'>Suivront les pas de mes guerriers ; </l>
	<l id='257'>Ils perceront les Néréides </l>
	<l id='258'>Sur le tonneau des Danaïdes, </l>
	<l id='259'>Et de sang teindront leurs lauriers. </l>
	<l id='260'>Le feu desséchera les fleuves,</l>
	<l id='261'>Toutes femmes deviendront veuves, </l>
	<l id='262'>Et les veuves, dans ces moments, </l>
	<l id='263'>Après les plus rudes épreuves, </l>
	<l id='264'>Par des souffrances toujours neuves,</l>
	<l id='265'>Descendront dans les monuments. </l>
	<l id='266'>Mais, quoi ! Faut-il que pour un crime, </l>
	<l id='267'>Que le Tyran seul a commis, </l>
	<l id='268'>Son Peuple serve de victime. </l>
	<l id='269'>Aux feux que ma rage a vomis ? </l>
	<l id='270'>Descendons plutôt au Ténare, </l>
	<l id='271'>En prenant l'équité pour phare, </l>
	<l id='272'>Pendant la nuit de mes desseins </l>
	<l id='273'>Et pour repeupler la Navarre, </l>
	<l id='274'>Faisons voir au peuple Tartare, </l>
	<l id='275'>Un Héros plus grand que des Saints.</l>
	<l id='276'>De mon altier courroux calmons la véhémence...</l>
	<l id='277'>Que l'Arabie entière adore ma clémence...</l>
<note type="L">Styx : fleuve de l'Enfer dans la mythologie grecque.</note>
	<l id='278'>Mais, non, je punirai... J'en jure par le Styx,</l>
<note type="L">Cocatrix : Espèce de basilic qui s'engendre dans les cavernes et les puits. Il y a eu en la Cité de Paris un fief qui s'appelle Cocatrix, dans un rue du même nom.[F]</note>
	<l id='279'>Ce Tyran... Mais avant, entrons chez Cocatrix.</l>
	<l id='280'>Je la vois ; je me pâme. Ah ! Grands Dieux,</l>
	<l id='281'>Quelle est belle!</l>
</sp>
</div2>
<div2 type="scene" n='5'><head>SCÈNE V et dernière. Cocatrix, Amatrox.</head>
<sp stage="imitate" who='COCATRIX'><speaker>COCATRIX, l'acteur doit contrefaire la vieille.</speaker>
	<l id='282'>Seigneur, la voix du Roi vous déclare rebelle;</l>
	<l id='283'>Il m'a dans sa fureur bégayé vos forfaits ; </l>
	<l id='284'>Mais je n'ai rien compris aux récits qu'il m'a faits.</l>
	<l id='285'>Allumant sa colère au flambeau des furies,</l>
	<l id='286'>Son Palais n'est rempli que de les barbaries.</l>
	<l id='287'>« Ah ! Pour me dissiper, donnons-nous le plaisir ».</l>
	<l id='288'>D'étrangler de ma main, dit-il, mon grand Vizir. »</l>
	<l id='289'>Il l'étrangle. D'un sabre armant ses mains profanes,</l>
	<l id='290'>Il tranche, après, la tête à soixante sultanes ;...</l>
	<l id='291'>Et pour marquer enfin le dernier désespoir,</l>
	<l id='292'>Il a fait empaler son grand eunuque noir.</l>
</sp>
<sp stage="shout" who='AMATROX'><speaker>AMATROX, se récriant.</speaker>
	<l id='293'>Son grand eunuque noir ! Ce dernier trait me touche !</l>
</sp>
<sp who='COCATRIX'><speaker>COCATRIX.</speaker>
	<l id='294'>Des Sultanes, Seigneur, quarante étaient sa couche :</l>
	<l id='295'>Les vingt autres étaient grosses de quatre mois.</l>
</sp>
<sp stage="cry" who='AMATROX'><speaker>AMATROX, pleurant.</speaker>
	<l id='296' part="i">Combien d'enfants !</l>
</sp>
<sp who='COCATRIX'><speaker>COCATRIX.</speaker>
	<l id='296' part="f">Chacune en portait deux ou trois. </l>
</sp>
<sp who='AMATROX'><speaker>AMATROX.</speaker>
	<l id='297'>Reine, si ces beautés, ces sultanes fertiles, </l>
	<l id='298'>N'ont rien pu sur mon coeur, sur mes sens trop faciles,</l>
	<l id='299'>Sur moi l'adorateur de la fécondité ; </l>
	<l id='300'>Comment ! Donnant après dans l'autre extrémité, </l>
	<l id='301'>À la Beauté que j'aime, ai-je pu rendre hommage ? </l>
	<l id='302'>Elle a des yeux, un coeur, oui... mais elle est d'un âge</l>
	<l id='303'>Respectable, il est vrai... mais sa stérilité </l>
	<l id='304'>Priverait l'Univers de ma postérité ! </l>
	<l id='305'>À sa mort, un héros mourrait entier ! N'importe ;...</l>
	<l id='306'>Malheur à l'Univers. Que mon amour l'emporte. </l>
	<l id='307'>De ma postérité quels que soient les attraits,</l>
	<l id='308'>À mes fiers descendants je renonce à jamais. </l>
	<l id='309'>Peut-être aussi les Dieux, expliquant leurs oracles,</l>
	<l id='310'>Pourront à ma jeunesse accorder des miracles :</l>
	<l id='311'>L'eau du Ciel, de la terre attire les trésors ;</l>
	<l id='312'>Le Nil rend tout fertile, en inondant ses bords ; </l>
	<l id='313'>Le déluge rendit la terre plus féconde... </l>
	<l id='314' part="i">Je pourrais... je m'égare...</l>
</sp>
<sp stage="inerrupt" who='COCATRIX'><speaker>COCATRIX, l'interrompant.</speaker>
	<l id='314' part="f">Arrêtez, Prince immonde ;</l>
	<l id='315'>Vous m'aimez, c'est le dire en des termes bien clairs.</l>
	<l id='316'>De la nouvelle Cour vous avez pris les airs ;</l>
	<l id='317'>Jadis, j'ai vu vingt rois acharnés à me plaire,</l>
	<l id='318'>Mais ils n'ont jamais su que mourir et se taire.</l>
	<l id='319'>Vous abrégez l'amour ! Je l'ai vu cet amour,</l>
	<l id='320'>Plus long et plus constant dans l'ancienne Cour.</l>
</sp>
<sp who='AMATROX'><speaker>AMATROX.</speaker>
	<l id='321'>Tous ces discours fleuris ne font rien à l'affaire ;</l>
	<l id='322'>Reine, c'est de l'esprit que vous venez de faire.</l>
	<l id='323'>Mais que dis-je ! Peut-être avez-vous pris ce tour,</l>
	<l id='324'>Pour couper la parole à mon puissant amour !</l>
</sp>
<sp stage="tender" who='COCATRIX'><speaker>COCATRIX, avec tendresse.</speaker>
	<l id='325' part="i">Au contraire, achevez, Seigneur.</l>
</sp>
<sp who='AMATROX'><speaker>AMATROX.</speaker>
	<l id='325' part="f">Eh bien, Madame,</l>
	<l id='326'>Pour vous, à Colorax j'ai déclaré ma flamme ; </l>
	<l id='327'>Il m'a proscrit, et veut éteindre dans ce jour, </l>
	<l id='328'>Les charbons allumés sur l'autel de l'Amour. </l>
	<l id='329'>Je pars, accompagné de quelque soldatesque,</l>
<note type="C">Sort poudreux : sens obscur pour un sort si ce n'est que le héros voyageur est nécessairement couvert de la poussière des routes.</note>
	<l id='330'>Suivant le sort poudreux d'un héros romanesque ;</l>
	<l id='331'>Mais, malgré mon malheur je serais trop heureux,</l>
	<l id='332'>Si sur moi vous jetez un regard amoureux.</l>
</sp>
<sp who='COCATRIX'><speaker>COCATRIX.</speaker>
	<l id='333'>Eh bien, grand Amatrox, il n'est plus temps de feindre,</l>
	<l id='334'>Les torrents de mes feux ont peine à se contraindre...</l>
	<l id='335'>Oh ! Vénus ! Qu'ai-je dit ? Je frémis... Je transis....</l>
	<l id='336'>Quels feux !... Quelle glace ! Ah !.... Ah ! Je m'évanouis.</l>
<stage type="unconscious">Elle tombe pâmée dans les bras d'Amatrox.</stage>
</sp>
<sp stage="embarrassed" who='AMATROX'><speaker>AMATROX, très embarrassé de l'aventure.</speaker>
	<l id='337'>En mes bras ! Dans ces lieux ! Sans craindre la lumière ?</l>
	<l id='338'>Madame, rappelez votre vertu première.</l>
</sp>
<sp stage="away" who='COCATRIX'><speaker>COCATRIX, se retirant de ses bras avec précipitation.</speaker>
	<l id='339'>Qui t'a fait présumer que ma triste vertu, </l>
	<l id='340'>À force de combattre, ait si mal combattu ? </l>
	<l id='341'>Tu devrais adorer, ingrat, ce que tu blâmes ! </l>
	<l id='342'>L'évanouissement sied bien aux grandes âmes.</l>
	<l id='343'>Homme faible, est-ce à toi de t'en plaindre en ce jour,</l>
	<l id='344'>Quand tu vois mes va peurs couronner ton amour ?</l>
</sp>
<sp stage="passion" who='AMATROX'><speaker>AMATROX, avec passion.</speaker>
<note type="L">Lucine : déesse romaine d'origine étrusque qui protège les femmes lors de l'accouchement.</note>
	<l id='345'>Ma chère Cocatrix, j'atteste ici Lucine,</l>
	<l id='346'>Que ce coeur conjugal, qu'un tendre amour calcine,</l>
	<l id='347'>Va, malgré Colorax, insensible à ses maux, </l>
	<l id='348'>D'un hymen chatouilleux allumer les flambeaux, </l>
	<l id='349'>Et toi, Vulcain, et toi détourne de ma tête </l>
	<l id='350' part="i">Les présages croissants !...</l>
</sp>
<sp stage="interrupt" who='COCATRIX'><speaker>COCATRIX, l'interrompant.</speaker>
	<l id='350' part="f">Ah ! Malheureux, arrête !</l>
	<l id='351'>L'hymen t'a-t-il déjà fait ressentir ses fers ?</l>
</sp>
<sp who='AMATROX'><speaker>AMATROX.</speaker>
	<l id='352'>Non, j'ai vécu, Madame, à l'abri des revers.</l>
	<l id='353'>Mon front sans ornement le fait aviez connaître ;</l>
<note type="C">Le mot "Cocu" n'appartient pas au vocabulaire tragique.</note>
	<l id='354'>J'ai fait mille cocus, et n'ai pas voulu l'être.</l>
</sp>
<sp who='COCATRIX'><speaker>COCATRIX.</speaker>
	<l id='355'>Ah ! Pour te conserver ce front surnaturel,</l>
	<l id='356'>Viens me jurer au temple un amour éternel !</l>
	<l id='357'>Que de fleurs, de festons, ma tête soit ornée :</l>
	<l id='358'>Marchons en invoquant le Dieu de l'Hyménée.</l>
	<l id='359' part="i">Que malgré Colorax...</l>
</sp>
<sp who='AMATROX'><speaker>AMATROX.</speaker>
	<l id='359' part="f">Allons donc aux Autels,</l>
	<l id='360'>Irriter votre fils, par des noeuds éternels.</l>
	<l id='361'>Je braverai pour vous, Reine trop respectable,</l>
	<l id='362'>Les tourments préparés à votre époux coupable,</l>
	<l id='363'>Étranger dans ces lieux, je sais quel est mon sort,</l>
	<l id='364'>Et si je vous épouse, on me chatouille à mort...</l>
	<l id='365'>Ce supplice infamant n'étonne point mon âme...</l>
	<l id='366'>Je le vois sans frémir.... Mais, cependant, Madame,</l>
<note type="C">Dans une tragédie, un héros ne meurent pas chatouillé mais dans des souffrances physiques et morales intenses.</note>
	<l id='367'>Un Héros est-il fait pour mourir chatouillé ?</l>
</sp>
<sp who='COCATRIX'><speaker>COCATRIX.</speaker>
	<l id='368' part="i">Que je le sois plutôt !</l>
</sp>
<sp who='AMATROX'><speaker>AMATROX.</speaker>
	<l id='368' part="f">Mon nom serait souillé.</l>
</sp>
<sp who='COCATRIX'><speaker>COCATRIX.</speaker>
	<l id='369'>Si ta gloire en ces lieux, risque d'être flétrie,</l>
	<l id='370'>Eh bien ! Fuyons, volons au sein de ma patrie.</l>
</sp>
<sp stage="frighten" who='AMATROX'><speaker>AMATROX, avec une espèce de pressentiment de son malheur, et en tremblant.</speaker>
	<l id='371'>Madame, en quels climats reçûtes-vous le jour ?</l>
<note type="C">Parodier : le terme est lâché, si le lecteur doutait encore : Cocatrix est donc bien une parodie.</note>
<stage type="explicit">Toutes ces monosyllabes doivent être dits avec des frissonnements, etc. Parodier les reconnaissances des tragédies.</stage>
</sp>
<sp who='COCATRIX'><speaker>COCATRIX.</speaker>
	<l id='372' part="i">Moi ?</l>
</sp>
<sp who='AMATROX'><speaker>AMATROX.</speaker>
	<l id='372' part="m">Vous.</l>
</sp>
<sp who='COCATRIX'><speaker>COCATRIX. </speaker>
	<l id='372' part="m">Non.</l>
</sp>
<sp who='AMATROX'><speaker>AMATROX. </speaker>
	<l id='372' part="m">Oui.</l>
</sp>
<sp who='COCATRIX'><speaker>COCATRIX.</speaker>
	<l id='372' part="m">Seigneur...</l>
</sp>
<sp who='AMATROX'><speaker>AMATROX.</speaker>
	<l id='372' part="f">Madame, quel séjour ?...</l>
</sp>
<sp who='COCATRIX'><speaker>COCATRIX.</speaker>
	<l id='373' part="i">Les Saules...</l>
</sp>
<sp stage="write" who='AMATROX'><speaker>AMATROX, griffonnant.</speaker>
	<l id='373' part="f">Ciel ! Au nom de votre bras d'ivoire,</l>
	<l id='374' part="i">Quelle Ville ? Achevez.</l>
</sp>
<sp who='COCATRIX'><speaker>COCATRIX.</speaker>
<note type="L">La Charité-sur-Loire : commune de la Nièvre à la limite de la Bourgogne et du Berry à l'ouest de Bourges. Ancienne ville protestante au XVIème siècle, elle se situe sur la Loire.</note>
	<l id='374' part="f">La Charité-sur-Loire. </l>
</sp>
<sp who='AMATROX'><speaker>AMATROX.</speaker>
	<l id='375'>Je frémis !... Vous tremblez... Dieux ! Reprenez vos sens.</l>
</sp>
<sp who='COCATRIX'><speaker>COCATRIX.</speaker>
	<l id='376' part="i">Ah !</l>
</sp>
<sp who='AMATROX'><speaker>AMATROX.</speaker>
	<l id='376' part="f">Par quel coup du sort vos appas innocents</l>
	<l id='377'>Ont-ils été jetés au sein de l'Arabie ?</l>
</sp>
<sp who='COCATRIX'><speaker>COCATRIX.</speaker>
	<l id='378'>Soixante ans sont passés, depuis que Barrabie, </l>
	<l id='379'>Père de Colorax, et Roi de ces climats, </l>
	<l id='380'>Du Nord épouvanté faisait fuir les frimas ; </l>
	<l id='381'>Il revenait courbé sous le poids de sa gloire, </l>
	<l id='382'>Alors qu'il vit mes yeux sur les bords de la Loire ;</l>
	<l id='383'>Seigneur, un coup de foudre est moins impétueux,</l>
	<l id='384'>Il devint amoureux, transporté, furieux ;</l>
	<l id='385'>À l'instant, au milieu de sa barbare troupe,</l>
	<l id='386'>D'une main, le cruel me fait monter en croupe ;</l>
	<l id='387'>Et de l'autre, tirant son sabre de Damas,</l>
	<l id='388'>M'enlève à mon époux, le Druide Adamas.</l>
</sp>
<sp stage="frighten" who='AMATROX'><speaker>AMATROX, dont les cheveux se dressent d'horreur.</speaker>
	<l id='389'>Le Druide Adamas, votre époux ! Ah, Madame!</l>
	<l id='390'>De tendresse et d'horreur vous remplirez mon âme !</l>
	<l id='391'>Sur les bords de l'inceste, amené par Junon,</l>
	<l id='392'>M'auriez-vous dans ces lieux déguisé votre nom ?</l>
	<l id='393'>Des femmes d'Adamas, Angusta resta seule ;</l>
	<l id='394' part="i">Je suis son petit-fils.</l>
</sp>
<sp who='COCATRIX'><speaker>COCATRIX.</speaker>
	<l id='394' part="f">Embrasse ton aïeule ;</l>
	<l id='395' part="i">Je suis cet Angusta.</l>
</sp>
<sp stage="cry" who='AMATROX'><speaker>AMATROX, pleurant.</speaker>
	<l id='395' part="f">Vous ? Ah ! Ma grand-maman !</l>
<stage type="furious">En fureur.</stage>
<note type="L">Mardoché et Aman : personnage de la Bible dans le Livre d'Esther. Voir Esther de Jean Racine.</note>
	<l id='396'>Mardochée en ces lieux retrouverait Aman !</l>
</sp>
<sp who='COCATRIX'><speaker>COCATRIX.</speaker>
	<l id='397' part="i">Quel désespoir affreux !</l>
</sp>
<sp who='AMATROX'><speaker>AMATROX.</speaker>
	<l id='397' part="f">Quelle reconnaissance !</l>
	<l id='398' part="i">Vous, Madame Angusta ?</l>
</sp>
<sp who='COCATRIX'><speaker>COCATRIX.</speaker>
	<l id='398' part="f">Trop fatale naissance !</l>
	<l id='399' part="i">Ô Cupidon!</l>
</sp>
<sp who='AMATROX'><speaker>AMATROX.</speaker>
	<l id='399' part="m">Quel coup !</l>
</sp>
<sp who='COCATRIX'><speaker>COCATRIX.</speaker>
	<l id='399' part="f">Hélas ! Dans notre sort,</l>
	<l id='400'>Il ne nous reste plus que l'inceste ou la mort.</l>
	<l id='401' part="i">Mourons !</l>
</sp>
<sp who='AMATROX'><speaker>AMATROX.</speaker>
	<l id='401' part="f">Si vous mourez, mourons du moins ensemble.</l>
	<l id='402'>L'amour nous avait joints, que la mort nous rassemble.</l>
<stage type="die">Ils se tuent avec des pistolets de poche.</stage>
<stage type="expression">Cette scène veut être jouée avec tous les grands mouvements des scènes de reconnaissance, les tremblements, les frémissements, etc,</stage>
</sp>
</div2>
</div1>
</body>
</text>
</TEI>