<?xml version="1.0" encoding="utf-8"?>
<TEI xml:lang="fr">
<teiHeader>
		<fileDesc>
			<titleStmt>
				<title>L'AFFAIRE DE LA RUE BEAUBOURG, COMÉDIE.</title>
			<author born='' born_location='' death='' death_location='' academie=''>CROS, Charles</author>
			</titleStmt>
			<publicationStmt>	
				<publisher>publié par Paul FIEVRE, mars 2017.</publisher>
				<idno>CROS_AFFAIREDELARUEBEAUBOURG</idno>
			<rights>Creative Commons BY-NC-SA</rights>
			</publicationStmt>
			<SourceDesc>
				<genre>Comédie</genre>
				<inspiration>moeurs</inspiration><structure>Un acte</structure>
				<type>prose</type>
				<periode>1881-1890</periode>
				<taille>(mesure non pertinente)</taille>
				<permalien>http://gallica.bnf.fr/ark:/12148/bpt6k2079440</permalien>
			</SourceDesc>
		</fileDesc>
</teiHeader>
<text>
	<front>
		<docTitle>
			<titlePart type="main">L'AFFAIRE DE LA RUE BEAUBOURG</titlePart>
			<titlePart type="sub">COMÉDIE</titlePart>
		</docTitle> 
		<docDate value='1881'>1881. Tous droits réservés.</docDate>
		<docAuthor id='CROS, Charles' bio='cros'>Charles CROS.</docAuthor>
		<docImprint>
			<editor id='TRESSE'>PARIS, TRESSE Éditeur, GALERIE DU THÉÂTRE-FRANÇAIS, PALAIS ROYAL.</editor>
			<printer>F. Aureau, Imprimerie de Lagny.</printer>
		</docImprint>
	<castList><head>LES PERSONNAGES</head>
	<castItem><role id="L'AVOCAT" sex="1" type="H" statut='avocat' age='A' stat_amour='néant'>L'AVOCAT</role>. Monsieur COQUELIN-CADET.</castItem> 
	<castItem><role id="LA VICTIME" sex="1" type="H" statut='bourgeois' age='A' stat_amour='néant'>LA VICTIME</role>. Monsieur COQUELIN-CADET.</castItem> 
	</castList>
<set location='France' country='France' periode='XIXème' gps="(N/A)"></set>
<note>Paru dans SAYNÈTES ET MONOLOGUES, PREMIÈRE PARTIE, pp. 165-171</note>
</front>
<body>
<div1 type="act" n="1"><head>L'AFFAIRE DE LA RUE BEAUBOURG</head>
<div2 type="scene" n="1"><head></head>
<sp stage="declamation" who="L'AVOCAT"><speaker>L'AVOCAT, d'un ton éloquent.</speaker>
<p id="1">
	<s id="1">Et d'ailleurs, messieurs de la Cour, messieurs les jurés, oui, nous avons assassiné, lâchement assassiné même, avec préméditation, avec astuce. </s>
	<s id="2">Et si la victime a survécu à notre attentat, c'est par un malheur. </s>
</p>
<stage type="repeat">Se reprenant.</stage>
<p id="2">	
	<s id="1">C'est par un effet de la Providence dont les voies sont impénétrables. </s>
	<s id="2">- Maintenant j'en appelle à chacun de vous messieurs de la Cour, messieurs les jurés... </s>
	<s id="3">Vous avez vu il n'y a qu'un instant la victime s'avancer à la barre parfaitement guérie de sa blessure... </s>
	<s id="4">Qu'est-ce que disait cette victime manquée ? </s>
	<s id="5">Oh ! </s>
	<s id="6">Mon Dieu ! </s>
	<s id="7">Rien de mal ! </s>
	<s id="8">Ces êtres-là ont ils jamais pensé rien de bien ou de mal. </s>
	<s id="9">Vous l'avez vu se présenter à vous avec cet air bienveillant particulier aux personnes ineptes, vous avez cru voir un pâle reflet de ces types à la mode dont oh s'égaie dans les vaudevilles et dans les chansons. </s>
</p>
<stage type="sing">Il fredonne quelques mesures de l'Amant d'Amanda.</stage>
<p id="3">
	<s id="1">J'ai vu, ne le niez pas ! </s>
	<s id="2">La stupeur d'abord et ensuite le profond ennui se peindre sur vos visages, quand les bras ballants, l'oeil vague, il a ôté son carreau... qui ne lui sert à rien, il n'est pas myope ! </s>
	<s id="3">Tenez, permettez-moi, pour mieux rappeler à votre souvenir les points saillants de cette affaire... </s>
	<s id="4">Permettez-moi, dis-je, messieurs de la cour, messieurs les jurés, de vous réciter, en allant jusqu'à l'imitation vocale, les paroles prononcées par la victime dans l'instruction.</s>
</p>
</sp>
<sp stage="sweet" who="LA VICTIME"><speaker>LA VICTIME, d'un ton un peu gâteux.</speaker>
<p id="4">
	<s id="1">Mon Dieu, monsieur le président, c'est bien simple. </s>
	<s id="2">Je n'ai pas du tout compris pourquoi monsieur qui était mon ami et qui est encore mon ami....</s>
</p>
</sp>
<sp who="L'AVOCAT"><speaker>L'AVOCAT.</speaker>
<p id="5">
	<s id="1">Vous avez vu à l'audience mon client tressaillir sous cette parole.</s>
</p>
</sp>
<sp who="LA VICTIME"><speaker>LA VICTIME.</speaker>
<p id="6">
	<s id="1">Qui est encore mon ami, a voulu attenter à mes jours. </s>
	<s id="2">Nous étions tous deux camarades depuis six mois. </s>
	<s id="3">Nous nous voyions tous les jours. </s>
	<s id="4">J'arrivais chez lui vers les huit heures du matin et je me mettais à causer, car il faut vous dire que j'aime à causer. </s>
	<s id="5">(Je suis comme ça.) </s>
	<s id="6">Je lui racontais généralement ce que j'avais fait la veille ; c'est vrai qu'il avait été avec moi presque tout le temps mais il est si distrait qu'on dirait qu'il ne voit ni n'entend rien de ce qui nous arrive quand nous sommes ensemble. </s>
	<s id="7">Et puis d'ailleurs je lui racontais aussi ce que j'avais fait en le quittant pas grand'chose puisque je le quittais le plus tard possible, et aussi ce que j'avais vu le matin depuis mon réveil jusqu'à mon arrivée chez lui. </s>
	<s id="8">Vous savez, monsieur le juge d'instruction, il n'arrive pas à tout le monde des aventures de roman. </s>
	<s id="9">Il ne m'en est jamais arrivé à moi. </s>
	<s id="10">(Je suis comme ça.) </s>
	<s id="11">Mais au contraire, il se passe presque tous les jours dans ma vie des coïncidences bizarres. </s>
	<s id="12">Ainsi, par exemple, j'ai rencontré, je ne sais combien de fois, au tournant de la rue Beaubourg, en allant chez l'accusé, un fiacre à numéro impair traîné par un cheval blanc. </s>
	<s id="13">C'était comme une fatalité. </s>
	<s id="14">Ça n'arrivait pas absolument tous les jours ! </s>
	<s id="15">Aussi quand j'en rencontrais un, je disais à mon ami, – je veux dire à l'accusé, – ce matin j'ai rencontré mon fiacre impair et son cheval blanc, c'est bizarre ; quand je n'en rencontrais pas, je lui disais ce matin je n'ai pas rencontré de fiacre impair ni de cheval blanc, au tournant de la rue Beaubourg, c'est bizarre.</s>
</p>
</sp>
<sp who="L'AVOCAT"><speaker>L'AVOCAT.</speaker>
<p id="1">
	<s id="1">Messieurs de la Cour, messieurs, les jurés, ce régime a duré six mois.</s>
</p>
</sp>
<sp who="LA VICTIME"><speaker>LA VICTIME.</speaker>
<p id="8">
	<s id="1">Le jour de la tentative j'ai été chez fui le matin comme d'habitude, –c'est-à-dire non, non, ce jour-là c'était un peu plus tôt, vers sept heures un quart, sept heures vingt. </s>
	<s id="2">Il dormait je l'ai réveillé et je l'ai trouvé un peu souffrant ; alors je me suis mis à causer pour le distraire. </s>
	<s id="3">Ce matin-là, j'avais justement rencontré deux fiacres à cheval blanc, au tournant de la rue Beaubourg, mais il y en avait un de numéro pair, c'était bizarre. </s>
	<s id="4">Je lui ai dit tout ça d'abord et puis je lui ai raconté ce que j'avais fait la veille au soir. </s>
	<s id="5">Je me rappelle qu'alors mon ami,</s>
</p>
<stage type="quiet">Se reprenant.</stage>
<p id="9">
	<s id="1">... t'accusé s'est levé et s'est mis à repasser le rasoir sur le cuir... </s>
	<s id="2">Il a même mis de la pâte.</s>
</p>
</sp>
<sp who="L'AVOCAT"><speaker>L'AVOCAT.</speaker>
<p id="9">
	<s id="1">Messieurs, si je vous raconte tout ça, c'est pour vous montrer combien il est regrettable que la victime ait été manquée.</s>
</p>
</sp>
<sp who="LA VICTIME"><speaker>LA VICTIME.</speaker>
<p id="10">
	<s id="1">Quand tu m'asquitté hier soir si brusquement, - il m'avait en effet, quitté très brusquement - il était neufheures moins vingt, neuf heures moins un quart. </s>
	<s id="2">J'ai été rue Montmartre n° 47, chez un fabricantde chaussettes, pour lui dire de m'envoyer aujourd'hui à sept heures précises, la demi-douzaine que je lui avais commandée. </s>
	<s id="3">Moi j'aime qu'on me livre mes commandes exactement. </s> 
	<s id="4">(Je suis comme ça.) </s>
	<s id="5">Le marchand m'a dit qu'il était en retard parce qu'un employé avait été obligé d'aller aux Ternes livrer une grosse de caleçons à un ancien mercier qui s'est retiré des affaires, et qui, je crois, a envie de reprendre le commerce. </s>
	<s id="6">En sortant de chez le marchand de chaussettes, il était neuf heures dix, neuf heures un quart, j'ai pris l'omnibus pour rentrer chez moi, - vous savez qu'il faisait très humide hier soir ? </s>
	<s id="7">J'essaie d'allumer une allumette, elle ne prend pas ; la seconde ne prend pas non plus, la troisième prend, mais elle s'éteint. </s>
	<s id="8">Figurez-vous que ma femme de ménage avait mis le bougeoir à côté de la fenêtre entr'ouverte ; enfin il y en a une qui prend - une allumette. </s>
	<s id="9">J'allume ma bougie qui pétille un peu, - baisse, baisse, et s'éteint. </s> 
	<s id="10">Alors je choisis les allumettes les plus sèches et je- vais au placard où j'ai soin d'avoir toujours un paquet de bougies. </s> 
	<s id="11">(Je suis comme ça.)</s>
	<s id="12">Je ne sais pas pourquoi l'accusé qui était mon ami et qui est encore mon ami a trouvé quelque chose de mal à ce que je lui racontais là. </s>
	<s id="13">Il s'est avancé sur moi, en tenant le rasoir avec lequel il venait de faire sa barbe, il m'a regardé attentivement et il l'a remis dans l'étui. </s>
	<s id="14">Je n'y ai pas fait attention sur le moment ; mais j'ai réfléchi depuis qu'il avait déjà de mauvais projets. </s>
	<s id="15">(Je réfléchis souvent après les choses), </s>
	<s id="16">(je suis comme ça.)</s>
	<s id="17">Quand il a été habillé, nous sommes sortis tous les deux pour prendre un peu d'appétit avant déjeuner ; moi j'aime bien à causer en me promenant. </s>
	<s id="18">Je causais beaucoup ce matin pour distraire l'accusé qui était de plus en plus bizarre, les yeux semblaient lui sortir de la tête, il était rouge, rouge. </s>
	<s id="19">Alors, à partir de ce moment-là, et pendant le déjeuner, lui qui ne disait jamais rien, il s'est mis constamment à me couper la parole en récitant un tas de tragédies, de comédies, je ne sais pas quoi, moi. </s>
	<s id="20">Ça a duré toute la journée. </s>
	<s id="21">Enfin dix minutes avant l'heure du diner, six heures moins dix, il s'est arrêté tout d'un coup, il semblait très abattu, et avait gagné une extinction de voix.</s>
</p>
<p id="11">
	<s id="1">Alors comme il ne mangeait pas, je me suis mis à causer pour le distraire : - Ce matin je me suis réveillé à six heures, six heures un quart, il ne faisait pas encore bien clair. </s>
	<s id="2">J'ai mis mon pantalon et mes pantoufles, parce que ma femme de ménage ne vient qu'à six heures et demie me faire le café au lait et me cirer mes bottines. </s>
	<s id="3">Je me suis lavé les pieds à l'eau froide. </s>
	<s id="4">(Je suis comme ça.) </s>
	<s id="5">Du reste à cette saison-ci, ça n'a rien de dangereux pour personne. </s>
	<s id="6">Après ça je me suis mis à brosser mon gilet parce que j'ai remarqué que ma femme de ménage brosse bien mon paletot, brosse bien mon pantalon, brosse bien mon chapeau, mais... </s>
	<s id="7">Il ne m'a pas laissé achever : « Il y a six mois que ça dure, c'est trop ! a-t-il dit à voix très-basse. </s>
	<s id="8">C'est à ce moment qu'il s'est jeté sur moi, il avait l'air gai, je croyais qu'il voulait plaisanter ; mais il m'a pris par le nez qu'il a serré vigoureusement, et il a voulu me tuer en m'enfonçant dans l'oreille une fourchette pour les huîtres ! </s>
	<s id="9">J'ai crié à l'assassin ! » </s>
	<s id="10">On l'a arrêté ; mais vous pouvez le condamner, il sera toujours mon ami !</s>
</p>
<stage type="wait">Un temps.</stage>
</sp>
<sp stage="happy" who="L'AVOCAT"><speaker>L'AVOCAT, avec joie.</speaker>
<p id="12">
	<s id="">Nous remercions messieurs de la Cour, messieurs les Jurés, de l'acquittement à l'unanimité qui vient d'être prononcé, mais en exprimant au jury toute notre gratitude, nous posons la question subsidiaire de l'internement, par précaution, de la prétendue victime, (cela dans l'intérêt de la tranquillité publique,) et nous supplions qu'il soit statué sur cette question séance tenante.</s>
</p>
<stage type="wait">Un temps.</stage>
<stage type="hugh">L'avocat se jetant dans les bras de son client.</stage>
<p id="13">
	<s id="1">Il est interné, nous sommes sauvés.</s>
</p>
</sp>
</div2>
</div1>
</body>
</text>
</TEI>