<?xml version="1.0" encoding="utf-8" ?>
<TEI xml:lang="fr">
<teiHeader>
		<fileDesc>
			<titleStmt>
				<title>LE CAPITALISTE, COMÉDIE.</title>
			<author born='1842' born_location='Fabrezan' death='1888' death_location='Paris' academie=''>CROS, Charles</author>
			</titleStmt>
			<publicationStmt>	
				<publisher>publié par Paul FIEVRE, juillet 2017.</publisher>
				<idno>CROS_CAPITALISTE</idno>
			<rights>Creative Commons BY-NC-SA</rights>
			</publicationStmt>
			<SourceDesc>
				<genre>Monologue</genre>
				<inspiration>moeurs</inspiration><type>prose</type>
				<structure>Un acte</structure>
				<periode>1881-1890</periode>
				<taille>(mesure non pertinente)</taille>
				<permalien>http://gallica.bnf.fr/ark:/12148/bpt6k207939j</permalien>
			</SourceDesc>
		</fileDesc>
</teiHeader>
<text>
	<front>
		<docTitle>
			<titlePart type="main">LE CAPITALISTE</titlePart>
			<titlePart type="sub">MONOLOGUE</titlePart>
		</docTitle> 
		<docDate value='1881'>1881.</docDate>
		<docAuthor id="CROS, Charles" bio='cros'>PAR CHARLES CROS</docAuthor>
		<docImprint>
			<privilege id=''></privilege>
			<acheveImprime id=''></acheveImprime>
			<editor id='TRESSE'>À PARIS, TRESSE, Galerie du Théâtre Français, PALAIS-ROYAL.</editor>
		</docImprint>
	<castList><head>PERSONNAGES</head>
	<castItem><role id="LE CAPITALISTE" sex="1" type="H" statut='comédien' age='A' stat_amour='néant'>LE CAPITALISTE</role>.</castItem> 
	</castList>
<set location="(Lieu indéterminé)" country='France' periode='XIXème' gps="(N/A)"></set>
<note>Paru dans "Saynètes et monologues", Troisième série, Paris, Tresse Editeur, 1881. pp. 1-7</note>
</front>
<body>
<div1 type="act" n="1"><head>LE CAPITALISTE</head>
<div2 type="scene" n="1"><head></head>
<sp who="LE CAPITALISTE"><speaker>LE CAPITALISTE.</speaker>
<stage type="dedicace">À Coquelin-Cadet.</stage>
<stage type="">En homme pressé.</stage>
<p id="1">
	<s id="1">Je suis très ennuyé. </s>
	<s id="2">Je viens vous demander un conseil ; et donnez-le moi trèsvite parce que j'ai placé la plus grande partie de mes capitaux, c'est vrai, mais j'ai encore une somme de deux millions cinq cent mille francs, sans compter les intérêts qui courent, qui courent, qui courent pendant que je vous parle et qui ne sont pas payés, à raison de six pour cent (on place à sept, même huit dans le commerce) mais je ne suis pas exigeant, je me contenterai de cinq, seulement en placements sûrs. </s>
	<s id="3">Je ne fais que ceux-là. </s>
	<s id="4">J'aimerais mieux perdre sur un placement sûr que gagner sur un placement aléatoire.</s>
</p>
<p id="2">
	<s id="1">Vous croyez que c'est amusant d'être capitaliste. </s>
	<s id="2">C'est vrai, quelquefois c'est amusant, mais il faut qu'on n'ait pas un instant à soi il faut que tous vos capitaux soient engagés. </s>
	<s id="3">- Et c'est difficile On n'en veut pas du capital ; personne ne veut d'argent ; alors votre argent dort et vous ne dormez pas ! </s>
	<s id="4">- Une dinde rôtie peut attendre ; une fiancée (sans comparaison) peut attendre devant l'autel ; une mère (sans comparaison encore) peut attendre son fils qui ne revient pas de la guerre, elle peut attendre ; l'argent seul n'attend pas !</s>
</p>
<p id="3">
	<s id="1">Et j'ai ces deux millions cinq cent mille francs qui n'ont rien rapporté depuis le temps que je vous parle. </s>
	<s id="2">Donnez-moi donc vite un conseil, mais un conseil sérieux.</s>
</p>
<p id="4">
	<s id="1">On m'a proposé de la rente sur l'État. </s>
	<s id="2">Sur l'État ! </s>
	<s id="3">On dit sur une table ; on dit sur le parquet, on sait ce qu'on veut dire ; - mais sur l'État, qu'est-ce que c'est que ça ? </s>
	<s id="4">C'est une abstraction, personne ne s'appelle l'État. </s>
	<s id="5">– C'est de la métaphysique, l'État. </s>
	<s id="6">C'est pas pratique. </s>
	<s id="7">Une révolution ; qu'est-ce qui reste ? </s>
</p>
<p id="5">
	<s id="1">Le commerce, les bateaux, les vaisseaux ! </s>
	<s id="2">C'est sur la mer, - sur l'eau ça danse sur l'eau ! </s>
	<s id="3">La mer, qu'est-ce que c'est que ça la mer ? </s>
	<s id="4">C'est de l'eau qui remue, c'est jamais la même eau ! </s>
	<s id="5">Et puis, il y a les bateaux qui vont sur cette eau qui n'est jamais la même ! </s>
	<s id="6">Ils s'en vont : ils sont gros d'abord quand on les voit de près, ces bateaux, On se dit c'est un bon, c'est un gros placement ! </s>
	<s id="7">Et puis ils s'en vont un petit point qui se perd à l'horizon. </s>
	<s id="8">Qu'est-ce qui reste ? </s>
	<s id="9">Pas sérieux.</s>
</p>
<note type="L">Camelote : Ouvrage mal fait ; marchandise de mauvaise qualité. [L]</note>
<p id="6">
	<s id="1">Les chemins de fer ? </s>
	<s id="2">Mon Dieu, vous voyez comme une allée sablée où il y a des rails, où il y a quatre rails généralement. </s>
	<s id="3">C'est solide, les rails, c'est du fer, c'est vrai ; mais il n'y en a pas beaucoup de fer ; - et puis il y a aussi les gares, mais c'est construit en bois ; en fonte, c'est de la camelote. </s>
	<s id="4">Maintenant vous me direz les trains, les wagons, les locomotives, le matériel... </s>
	<s id="5">Mais oui, c'est gentil à voir comme ça, de près. </s>
	<s id="6">Je ne nie pas que ça ait de la valeur ; il y a encore du fer des bouillottes pour se chauffer les pieds, c'est solide, (et encore il n'y en a pas dans les troisièmes, des bouillottes).</s>
</p>
<p id="7">
	<s id="1">On se dit l'argent est bien placé là-dessus. </s>
	<s id="2">Mais le train part sur ces sacrés rails de fer. </s>
	<s id="3">Un point noir à l'horizon encore. </s>
	<s id="4">Qu'est-ce qui reste ? </s>
	<s id="5">La fumée ? </s>
	<s id="6">C'est pas sérieux, c'est pas un placement. </s>
</p>
<p id="8">
	<s id="1">Acheter des maisons, des terrains des champs ? </s>
	<s id="2">Parce que ça reste ? </s>
	<s id="3">Mais les propriétaires de ces immeubles, pourquoi les vendent-ils ? </s>
	<s id="4">Si c'est bon, pourquoi ne les gardent-ils pas ? </s>
	<s id="5">Donc, c'est mauvais, pas sérieux !</s>
</p>
<p id="9">
	<s id="1">Les télégraphes ? </s>
	<s id="2">Des fils dans la campagne ou bien des cables sous-marins. </s>
	<s id="3">– Les fils ? </s>
	<s id="4">C'est exposé aux ordures des oiseaux ; ça rouille, ça ronge le fer. </s>
	<s id="5">Et puis qu'est-ce qui passe dans les fils ? </s>
	<s id="6">L'électricité ? </s>
	<s id="7">Ça se vend-il au kilo ? </s>
	<s id="8">Non, c'est comme l'État ; encore de la métaphysique ! </s>
	<s id="9">Les câbles ? Il y a un tas de moules et d'huîtres qui s'incrustent là-dessus. </s>
	<s id="10">Ça n'a l'air de rien, tout ça, ça ronge le câble. </s>
	<s id="11">Et les poissons ? </s>
	<s id="12">Les requins, les cachalots, les baleines ? </s>
	<s id="13">S'ils mangent le câble, irez-vous le leur chercher dans l'estomac ? </s>
	<s id="14">Ou bien leur réclamer des dommages et intérêts ? </s>
	<s id="15">C'est pas un placement, c'est pas sérieux !</s>
</p>
<note type="L">Boni : Terme de finance. La somme restée sans emploi sur une dépense. [L]</note>
<p id="10">
	<s id="1">On m'a conseillé de monter une écurie de courses. </s>
	<s id="2">Eh bien ! Vous avez un cheval, il est coté à 20 contre 1, vous vous dites « il peut se casser une patte ». </s>
	<s id="3">Vous vous engagez contre. </s>
	<s id="4">On l'oblige à courir. </s>
	<s id="5">Il gagne la course, et vous perdez tout votre argent. </s>
	<s id="6">- C'est du jeu. </s>
	<s id="7">C'est du pari. </s>
	<s id="8">On pourrait peut-être avec un boni convenable réparti aux jockeys, on pourrait faire des affaires positives. </s>
	<s id="9">Et si les jockeys ne veulent pas ? </s>
	<s id="10">Vous êtes flambé. </s>
	<s id="11">Je sais bien, ça m'est arrivé. </s>
	<s id="12">On croit l'affaire faite tous les chevaux partent : les jockeys, les rouges, les verts, les bleus en pincettes sur leurs étriers passent devant vous comme la foudre. </s>
	<s id="13">Il y a des poteaux, on vous dit qui est arrivé premier, second. </s>
	<s id="14">Je veux bien le croire, mais enfin, on peut se tromper, un cheval ressemble tellement à un autre cheval ! </s>
	<s id="15">Qui a gagné ? </s>
	<s id="16">Ils rentrent à l'écurie et qu'est-ce qui reste ?</s>
	<s id="17">Mauvais placement.</s>
</p>
<note type="L">Touage : action de tirer un navire pour l'amarrer.</note>
<p id="11">
	<s id="1">Les rivières ? </s>
	<s id="2">Les canaux ? </s>
	<s id="3">Le touage ? </s>
	<s id="4">Les écluses ? </s>
	<s id="5">Tout ça, c'est de l'eau, ça coule sous les ponts, ça ne revient jamais.</s>
</p>
<p id="12">
	<s id="1">On m'a parlé d'une affaire, mon Dieu ! </s>
	<s id="2">Pas bien importante, les boues de Paris ! </s>
	<s id="3">Vous savez ce qu'on appelle la gadoue, qu'on ramasse comme ça.</s>
</p>
<stage type="sweep">Coup de balai. </stage>
<p id="13">
	<s id="1">D'abord il n'y en [a] pas, il n'y en a pas de boue à Paris. </s>
	<s id="2">C'est pas une affaire, parce que ça s'évapore dans les tombereaux... </s>
	<s id="3">Et puis, les balayeurs ne sont pas surveillés, ils en mettent la moitié dans leurs poches.</s>
</p>
<p id="14">
	<s id="1">Les mines ? </s>
	<s id="2">De grands trous dans la terre ; où tout est noir, impossible d'y rien comprendre ! </s>
	<s id="3">Les ouvriers descendent là-dedans, ils se perdent dans toutes les directions, à 300, à 600 mètres de profondeur, allez donc les chercher ils y mangent les trois quarts de l'argent avec des femmes ; ils remontent et vous disent que c'est le grisou ! </s>
	<s id="4">Qu'est-ce qui reste ? </s>
	<s id="5">C'est pas sérieux, c'est pas un placement.</s>
</p>
<p id="15">
	<s id="1">Non, au fond, je, vous demande conseil, c'est pour la forme - parce que j'ai trouvé une excellente affaire ; mais positive !</s>
</p>
<stage type="serious">Solennel. </stage>
<note type="L">Iénisséi : Fleuve de Sibérie de plus 5000 km de long, dont la source se trouve en Mongolie et l'embouchure dans l'océan arctique. Ce fleuve est libre de glace de 155 à 200 jours par an.</note>
<p id="16">
	<s id="1">C'est l'exploitation des masses pierreuses qui sillonnent, qui jonchent la rive gauche de l'Yénisséi. </s>
	<s id="2">Qu'est-ce que c'est que ça l'Yénisséi. </s>
	<s id="3">L'Yénisséi ? </s>
	<s id="4">Eh mon Dieu, c'est une rivière, un fleuve même, oui. </s>
	<s id="5">Mais pas un fleuve comme les autres, (vous savez l'eau qui coule tout le temps ?) </s>
	<s id="6">Non, non. </s>
	<s id="7">C'est comme ça (une ligne horizontale avec la main.) ça ne coule pas, ça ne bouge pas, c'est gelé toute l'année ! </s>
	<s id="8">Et gelé !!! </s>
	<s id="9">Je le sais bien, j'ai été le voir moi-même, j'ai dépensé 25,000 francs de voyage : je ne regarde pas à dépenser mon argent quand il s'agit de le placer.</s>
</p>
<p id="16">
	<s id="1">J'ai été voir cette rivière étonnante qui ne perd pas une goutte d'eau, - j'ai touché ces masses pierreuses (j'ai même eu deux doigts et le nez gelés.) </s>
	<s id="2">Figurez-vous des grosses pierres, vous cognez dessus, on sent que c'est solide. </s>
	<s id="3">C'est énorme, énorme ! </s>
	<s id="4">Vous voudriez les emporter, c'est impossible à cause de cette masse immense, et puis d'ailleurs, il n'y a personne dans le pays. </s>
	<s id="5">Ce seraient des sacs d'argent, on lie les emporterait pas. It n'y a personne, absolument personne. </s>
	<s id="6">Tout le pays est complètement blanc sans une habitation. </s>
	<s id="7">Il y a des ours, mais ils meurent de faim ; qui manger ? </s>
	<s id="8">Il n'y a rigoureusement personne ! </s>
	<s id="9">Songez que ces masses pierreuses resteront là éternellement ! </s>
	<s id="10">Dans cent ans, dans deux cents ans ! </s>
	<s id="11">Ce sera la même chose, ce seront les mêmes masses pierreuses ! </s>
	<s id="12">Sur la même rive gauche de l'Yénisséi ! </s>
	<s id="13">Le même fleuve avec la même glace qui n'aura pas bougé depuis ce temps-là ! </s>
	<s id="14">C'est admirable ! </s>
</p>
<p id="17">	
	<s id="1">Or, un capital qu'on ne déplace pas pendant cent ans, pendant deux cents ans, même à un intérêt d'un taux extrêmement modeste, s'accroît et fructifie au delà de toute limite. </s>
	<s id="2">Je viens de placer cinquante millions dans cette affaire-là et en vous parlant, je m'aperçois que décidément ces 2 millions 500 mille francs qui me restent ne seront bien placés que là ! </s>
	<s id="3">- Vous m'avez écouté, vous n'avez rien dit, vous m'avez fait perdre mon temps, (le temps, c'est de l'argent) vous me coûtez peut-être 500,000 francs d'intérêts qui ne courent pas, les intérêts, faut que ça coure. </s>
	<s id="4">C'est moi qui cours placer mes 2 millions 500,000 francs sur les masses pierreuses. </s>
	<s id="5">C'est plus sérieux que vous. </s>
	<s id="6">- Vous ne comprenez pas ça ? </s>
	<s id="7">Je n'ai qu'un regret, c'est d'être venu, je me ruine ici et je m'en vais. </s>
	<s id="8">Les intérêts courent... je les entends courir, je me ruine ici, je m'en vais, je ne vous salue pas !</s>
</p>
<stage type="offended/exit">Il sort outré.</stage>
</sp>
</div2>
</div1>
</body>
</text>
</TEI>