<?xml version="1.0" encoding="utf-8"?>
<TEI xml:lang="fr">
<teiHeader>
		<fileDesc>
			<titleStmt>
				<title>ORESTE ET LES FURIES, MÉLODRAME</title>
				<author type="texte" ISNI="0000 0000 8135 744X">Michel de CUBIÈRES-PALMÉZEAUX (1752-1820)</author>
			</titleStmt>
			<publicationStmt>	
				<editor>Texte établi par Paul FIEVRE, mars 2014</editor>
				<publisher>publié par Paul FIEVRE, avril 2014</publisher>
				<idno>CUBIERES-PALMEZEAUX_ORESTE</idno>
				<rights>Creative Commons BY-NC-SA</rights>
			</publicationStmt>
			<SourceDesc>
				<genre>Mélodrame</genre>
				<inspiration>mythologie</inspiration>			<structure>Un acte</structure>
				<type>prose</type>
				<periode>1781-1790</periode>
				<taille>(mesure non pertinente)</taille>
				<permalien></permalien>
			</SourceDesc>
		</fileDesc>
</teiHeader>
<text>
<front>
	<docTitle>
		<titlePart type="main">ORESTE ET LES FURIES</titlePart>
		<titlePart type="sub">MÉLODRAME EN TROIS SCÈNES</titlePart>
		<titlePart type="sub">dans THÉÂTRE MORAL OU PIÈCES DRAMATIQUES NOUVELLES</titlePart>
	</docTitle> 
	<docDate value='1786'>M. DCC. LXXXVI. Avec Approbation et Privilège du Roi.</docDate>
	<docAuthor id='CUBIÈRES-PALMÉZEAUX, Michel de' bio='cubieres'>Par le Chevalier DE CUBIÈRES des Académies et sociétés royales de Lyon, Dijon, Marseille, Rouen, Hesse-Cassel, etc., etc.</docAuthor>
	<docImprint>
		<privilege><head></head>
		</privilege>
			<acheveImprime id=''></acheveImprime>
			<printer id='DUCHESNE'>À PARIS, CAILLEAU, BAILLE, BELIN.</printer>
		</docImprint>
		<performance>
			<premiere location="Valenciennes" date='1788-10-30'>Représentée à Valenciennes, le 30 octobre 1788.</premiere>
		</performance>
	<div type="preface"><head>PRÉFACE.</head>
		<p>C'est en lisant les Euménides d'Eschyle que j'ai conçu l'idée de ce Mélodrame. Voici en peu de mots l'analyse de cette Tragédie.</p>
		<p>ACTE PREMIER.</p>
		<p>« Le Théâtre représente l'entrée du Temple d'Appllon à Delphes. On y voit une vieille Pythonisse qui fait d'abord une assez longue énumération des Divinités fatidiques, et annonce qu'elle va leur rendre des hommages. À peine entrée dans le Temple, elle en fort à l'instant, effrayée de l'aspect et des discours d'un mortel, dont la main toute sanglante tient une épée nue, et qui embrasse l'autel d'Apollon. La Pithonisse a vu les Euménides endormies autour de cet homme : ce spectacle l'a glacée de terreur, et elle fuit pour s'y dérober. Le Théâtre change et représente l'intérieur du Temple : Apollon et Oreste y paraissent ; celui-ci est environné des Furies qui en effet dorment autour de lui : Apollon l'exhorte à fuir pendant leur sommeil, à se réfugier dans le Temple de Minerve, et le rassure sur les suites de son parricide, lui disant qu'il n'a rien fait que par ses ordres. Oreste profite de ce conseil et s'en va sous la conduite de Mercure. L'ombre de Clitemnestre lui succède ; cette ombre voyant les Euménides endormies se plaint de ce qu'elles la laissent sans vengeance, et cherche à les éveiller par ses reproches réitérés.</p>
		<p>Les Euménides lui répondent par un vain bruit, c'est-à-dire, en ronflant à plusieurs reprises, à la fin elles s'éveillent. Ne voyant plus Oreste et se doutant bien qu'Apollon l'a fait évader, elles se plaignent de ce qu'un jeune Dieu s'est plu à tromper de vieilles Déesses, et finissent par dire que ce jeune Dieu veut en vain soustraire un parricide á leur poursuite.</p>
		<p>ACTE II.</p>
		<p>Cet acte, ne renferme qu'une scène, exemple assez commun chez les anciens, elle est entre les Euménides et Apollon. Celui-ci ordonne d'abord à ces Déesses de sortir de son Temple ; il joint à cet ordre les injures les plus fortes qu'il leur adresse en face. Les Euménides, sans trop répondre à ses injures, lui reprochent d'avoir reçu Oreste dans son Temple, et d'avoir été l'unique instigateur de son crime. Apollon en convient. Oui, dit-il, je lui ai commandé de venger son père : il annonce ensuite aux Furies que Minerve jugera cette cause ; après un débat fort vif, dont le crime d'Oreste est toujours le sujet, les Euménides sortent en disant qu'Apollon protège en vain Oreste, qu'elles suivrons celui-ci partout, et que partout il les verra sur ses traces.</p>
		<p>ACTE III.</p>
		<p>Le Théâtre représente la ville d'Athènes et le Temple de Minerve. Oreste est venu dans ce Temple par ordre d'Apollon ; il s'y prosterne au pied des Autels de Minerve et attend qu'elle daigne, prononcer sur son sort. Les Euménides entrent, elles aperçoivent Oreste qui embrasse la statue de Pallas. Elles l'investissent et lui font, les menaces les plus terribles. Oreste peu alarmé répond que son crime n'est pas inexpiable, qu'il s'est déjà purifié dans le Temple d'Apollon, que Minerve entend sa prière, et que son secours le délivrera des tourments qui le déchirent. Les Euménides lui répliquent qu'il a tort de compter sur la protection d'Apollon et de Minerve, que rien ne peut le soustraire à leurs fureurs ; et voilà qu'elles entonnent un hymne infernal, dont le ton prophétique et sombre a quelque chose de si effrayant, qu'on croit entendre les hurlements du Tartare. Je ne connais rien, chez aucun Poète, soit ancien, soit moderne, d'aussi horriblement beau, que le Choeur de ce troisième Acte.</p>
		<p>ACTE IV.</p>
		<p>Le quatrième Acte ressemble au commencement d'une autre Pièce, quoiqu'il soit la suite de la même. Minerve y descend du Ciel dans son Temple ; elle interroge Oreste, qu'elle voit au pied de sa Statue ; et les Euménides, qu'elle ne connaît pas. Celles-ci apprennent à Minerve qui elles sont ; elles lui apprennent que leur ministère est de ne laisser aucune retraite aux parricides, et qu'elles poursuivent Oreste, qui vient d'égorger sa mère. Minerve répond, qu'Oreste peut se défendre puisqu'il est acculé. Oreste alors dit à Minerve, que pour se purifier de son crime, il a reçu sur son corps des effusions de sang et d'eau : il lui révèle ensuite qu'il est fils d'Agamemnon ; et lui avoue qu'il a poignardé sa mère, pour venger son père, qu'elle avait assassiné dans le bain. Il ajoute enfin, qu'Apollon conduisit son bras. Le Crime paraît trop grand à Minerve, pour qu'elle ose le juger. En conséquence, elle dit qu'elle va établir un Tribunal, qui aura seul le droit d'en décider. Ce Tribunal est l'Aréopage. Vous, Euménides ; vous, Oreste, ajoute-t elle, fournissez, les preuves et les témoins ; je choisirai les plus éclairés et les plus intègres des Athéniens, pour leur confier cette Cause. Minerve et Oreste s'en vont, et les Euménides restent seules hors du Temple de Minerve. Là, elles exhalent avec énergie leur courroux, sur ce qu'on leur enlève le droit qu'elles eurent toujours , de punir les crimes des Mortels.</p>
		<p>ACTE V.</p>
		<p>Cet Acte n'est autre chose qu'un long plaidoyer : les Juges font assemblés, Apollon vient servir de témoin et d'avocat à Oreste : les Furies se déclarent ses accusatrices, et commençant par l'interroger : est-il vrai, lui dit le principale Euménide, que tu aies poignardé ta mère ?</p>
		<p>ORESTE.</p>
		<p>Je l'ai poignardée, j'en conviens.</p>
		<p>L'EUMÉNIDE.</p>
		<p>C'est un aveu bien important.</p>
		<p>ORESTE.</p>
		<p>N'en prenez pas d'avantage, je n'en suis point alarmé.</p>
		<p>L'EUMÉNIDE.</p>
		<p>De quelle manière lui donnas-tu la mort ?</p>
		<p>ORESTE.</p>
		<p>En lui enfonçant mon poignard dans la gorge.</p>
			<p>L'EUMÉNIDE.</p>
			<p>Qui te l'a conseillé ? Qui te l'a persuadé ?</p>
			<p>ORESTE.</p>
			<p>Les Oracles d'Apollon : il l'attestera lui-même.</p>
			<p>L'EUMÉNIDE.</p>
			<p>A-t-il pu t'ordonner un parricide ?</p>
			<p>ORESTE.</p>
			<p>Je ne vois pas encore que je doive m'en repentir, etc, etc.</p>
			<p>Il se tourne ensuite vers Apollon, et le prie de déclarer si le meurtre de sa mère est légitime : Apollon cherche à l'excuser autant qu'il peut. Un des moyens les plus éloquents qu'il emploie, est une peinture fort vive de la mort d'Agamemnon, qui semblait, dit-il, n'avoir échappé aux dangers du siège de Troie que pour venir tomber dans le piège que lui tendait son épouse. Les Euménides répliquent à tout, de la manière la plus énergique ; il n'y a point de raisonnements d'Apollon, quelques forts qu'ils soient, qu'elles ne réduisent en poudre. Cependant, après que la question a été longtemps agitée de part et d'autre ; après que les avocats, pour et contre, ont déployé tout ce qu'ils avaient d'adresse et de véhémence ; et que même, selon l'usage, ils se sont dit de bonnes injures ; Minerve fait recueillir les suffrages, qui se trouvent en nombre égal, et Oreste est déclaré absous. Il se retire en remerciant beaucoup Apollon et Minerve, et en vouant une amitié éternelle aux citoyens d'Athènes. Les Euménides indignées, pour se venger de l'injure qu'on leur a faite, menacent de répandre sur cette contrée, les flots d'un venin contagieux. Minerve les apaise, en leur promettant des Autels et un culte, et en le leur faisant promettre par les Magistrats et le Peuple. »</p>
			<p>Le Père Brumoy, dans son Théâtre des Grecs, trouve cette pièce si bizarre qu'il croit devoir n'en dire que peu de chose ; ce font ses propres termes. Le Pème Brumoy est bienheureux de ne la trouver que bizarre. J'ai autant de respect pour son jugement, que pour le génie des anciens tragiques ; mais j'avoue que cette Pièce m'a inspiré des sentiments bien différents des siens. Eh quoi ! un fils poignarde sa mère, sur la foi de je ne sais quel oracle ; ce fils parricide, est absous ensuite par un Tribunal que préside la Divinité de la Sagesse, et par conséquent tout composé de Sages : et il sera permis à un Père Jésuite, de ne trouver que bizarre le Jugement de ces Sages prétendus ? Et il fera permis à l'honnête homme, d'absoudre à son tour le parricide dans le tribunal de son cour ? Non, non : ce forfait a beau avoir été ordonné par Apollon, les Dieux de l'ancien Paganisme, que leurs nombreuses faiblesses rapprochaient de l'humanité, ces Dieux étaient assez semblables aux Rois : c'est les honorer les uns et les autres, que de leur désobéir, quand ils commandent un crime. La conscience dans ces cas là, est le plus sûr oracle, et celle de l'homme vertueux ne le trompe jamais. </p>
			<p>Les reproches que je fais ici à Eschyle tombent autant sur les Euménides, qui font la fuite des Co-Ephores, que fur les Co-Ephores même, et les deux Electres du Théâtre des Grecs ; tout le monde connaît ce sujet terrible d'Electre. Les trois Tragiques d'Athènes l'ont traité, chacun à sa maniéré ; et d'après son propre génie, il n'est pas étonnant qu'ils se soient réunis pour faire chacun une tragédie, 4'une action où se trouve réunis tous les grands ressorts de la terreur et de la pitié. Mais croirait-on que tous trois commettant la même faute, font assassiner Clitemnestre par son fils, celui-ci le voulant bien, et la connaissant à merveille ? Eschyle même, garde si peu de mesure là-dessus, qu'il est permis de croire, que tout homme qui lirait sans frissonner, et sans que le livre lui échappât des mains, (le quatrième Acte desCo-Ephores), ne serait pas digne d'avoir une mère. Vous avez tué votre époux, dit Oreste à Clitemnestre, dans la cinquième scène du quatrième acte, mourez de la main d'un fils. Euripide, et surtout Sophocle, ont beau chercher à adoucir l'horreur de cette catastrophe, en donnant à Oreste un grand caractère de religion, et en rappelant aussi souvent qu'ils le peuvent, qu'Oreste est poussé par les Dieux à ce parricide ; est-il rien qui puisse excuser un parricide ?</p> 
			<p>C'est la juste horreur que m'ont inspirée ces atrocités nombreuses, qui m'a mis la plume à la main, et m'a dicté le Mélodrame que j'ose aujourd'hui présenter au Public. Jamais Ouvrage n'a été enfanté plus vite. Une matinée m'a suffi pour en tracer le plan et pour en écrire les scènes. Ce n'est point pour me targuer d'une vaine facilité, que j'entre dans ce détail frivole. Je veux seulement prouver, que l'indignation quelquefois inspire mieux les Poètes, que toutes les Muses ensemble ; et jamais, peut-être, ouvrage n'aurait mieux mérité que le mien, d'avoir pour épigraphe le facit indignatio versum, si je ne lui avais point donné la seule qui lui convienne.</p>
			<p>Deux Auteurs célèbres ont traité parmi nous, le sujet très difficile d'Electre. Le premier est Crébillon, homme qui avait le génie brut d'Eschyle qu'il n'a jamais admiré (*) ; l'autre est Voltaire, qui avait le bon esprit d'admirer beaucoup Sophocle, et le don plus heureux encore de l'imiter. Monsieur de Rochefort, si connu par son estimable traduction d'Homère, a donné aussi, depuis peu une tragédie d'Electre. Je ne parle point de celte de Longepierre qui n'est qu'une faible imitation de Sophocle, vide d'action et d'intérêt. Dans toutes ces pièces, Oreste tue sa mère sans le vouloir ou sans la connaître, et paraît presque innocent de ce meurtre, quoiqu'il en soit tout dégoûtant. On doit savoir gré à ces auteurs d'avoir pieusement jeté un voile sur un spectacle qu'il est impossible que des yeux mortels soutiennent sans verser du sang, au lieu de larmes. Ce voile cependant n'est il pas quelquefois un peu trop diaphane, comme dans Crébillon ? Et malgré les talents du peintre, l'horrible nudité du crime n'y paraît elle pas un peu trop à travers la draperie ? Quoiqu'il en soit, mon dessein à moi se montrant, je crois, tout entier, dans la pièce que je donne, ne saurait passer pour équivoque ; il a été d'inspirer à mes Lecteurs la plus grande horreur pour le parricide ; il a été surtout de leur bien persuader qu'après un tel crime, on doit s'attendre à être éternellement poursuivi par les Furies ; à les voir, à les entendre sans cesse autour de soi, enfin à souffrir vivant tous les tourments du Tartare ; et sûrement je suis venu à bout de ce dessein, si, comme je l'ai dit plus haut, une indignation profonde tient lieu des talents qu'on n'a pas ; et si la haine la plus vigoureuse du crime, est suffisante pour le rendre odieux.</p>
			<p>Eh ! Quel autre dessein auraient pu m'inspirer les Euménides d'Eschyle ? Le Poète, dans cette Pièce, me montrera Oreste, se retirant : absous d'un crime en horreur à toutes les Nations du monde ; d'un crime, puni en France, par la roue et le feu ; d'un crime, contre lequel les Grecs eux-mêmes et les Romains n'avaient point décerné de supplice ; que même, ils n'avaient point nommé dans leur Code criminel, n'imaginant pas qu'il fût possible. J'entendrai Oreste répondre quand on l'accuse, qu'il ne croît pas avoir lieu de se repentir ; et je ne sentirai pas, à cette abominable lecture, toutes les facultés de mon âme se soulever, contre une telle violation des lois divines et humaines ! Il est certain que les Athéniens eurent horreur de Minerve, lorsqu'ils l'entendirent absoudre le parricide Oreste ; et cette anecdote serait fausse, que pour l'honneur de l'humanité, j'aimerais à la croire véritable. On me dira que dans le cinquième Acte des Euménides, il y a des allusions que les Athéniens durent trouver piquantes ; que l'Aréopage entre autres, y est loué d'une manière fine et délicate. Que m'importe, qu'un autre cherche à deviner ce qu'Eschyle a voulu dire ? Je m'attache à ce qu'il a dit. Quand on fait ainsi des allusions, soit pour flatter des Rois ou des Magistrats, soit pour flétrir quelque tyran subalterne ; il faudrait bien prendre garde de ne pas sacrifier les bienséances théâtrales, au désir que l'on a de plaire aux uns et d'humilier les autres. La vertu se trouve presque toujours offensée de ce sacrifice : et en effet, qu'arrive-t-il de là ? Le tyran que l'on a voulu insulter, périt ; les Magistrats ou les Rois que l'on a voulu flatter meurent ; deux mille ans après, on ne se souvient plus de ce qu'ils furent, ni de ce qu'ils voulurent être ; et quand on lit le Drame qui avait été fait pour eux, on n'y voit que la Vertu, qui ne meurt jamais ; on n'y voit, dis-je, que cette Vierge sacrée, foulée aux pieds par le poète, et lâchement immolée à des intérêts d'un moment. Je pourrais citer parmi nous plus d'un exemple de cette condescendance criminelle ; mais j'oublie qu'une préface n'est point un ouvrage de Morale, et que peut-être celui que je publie n'en devrait point avoir.</p>
			<p>(*) Voyez la Préface de l'Electre de Crébillon, à laquelle Voltaire a si bien répondu dans celle de Zulime.</p>
	</div>
	<castList>
			<head>PERSONNAGES.</head>
				<castItem><role id="ORESTE" sex="1" type="H" statut='roi' age='A' stat_amour='(néant)'>ORESTE</role>.</castItem>
				<castItem><role id="LES FURIES" sex="2" type="F" statut='furie' age='A' stat_amour='(néant)'>LES FURIES</role>, personnages muets.</castItem>
				<castItem><role id="L'OMBRE DE CLITEMNESTRE" sex="1" type="H" statut='fantôme' age='A' stat_amour='(néant)'>L'OMBRE DE CLITEMNESTRE</role>, personnage muet.</castItem>
		</castList>
		<set location="Paris" country="France" periode="XVIIIème" gps="48.856614, 2.352222"></set>
</front>
<body>
<div1 type="act" n='1'><head></head>
<stage type="decor/music">Le théâtre représente le Temple d'Apollon. On y voit arriver Oreste, un poignard ensanglanté à la main, les Furies entrent après lui. Après chaque alinéa, on doit entendre une musique analogue aux sentiments qui agitent Oreste.</stage>
<div2 type="scene" n='1'><head>SCÈNE PREMIÈRE. Oreste, Les Furies.</head>
<sp who='ORESTE'><speaker>ORESTE.</speaker>
<p id="1">
	<s id="1">J'ai beau prîer les Dieux, j'ai beau leur faire des sacrifices, rien ne les apaise, rien n'assoupit mes remords, rien surtout, rien n'éloigne de moi ces implacables furies, ce font les lois irrévocables du sort qui les enchaînent sur les traces des parricides... </s>
	<s id='2'>Jamais elles ne me quitteront.</s>
</p>
<p id="2">
		<s id="1">C'est Apollon qui me commanda ce meurtre, je suis dans son Temple, j'y suis venu pour l'implorer ; Apollon sera moins sourd que les autres Dieux.</s>
</p>
<stage type="turn/toward">Il se tourne vers la Statue d'Apollon.</stage>
<p id="3">
	<s id="">Ô Apollon ! </s>
	<s id='2'>Tu m'as ordonné de tuer ma mère. </s>
	<s id='3'>J'ai traîné ma mère par ses longs cheveux sur la place où mon père avait péri, et j'ai plongé ce fer trois fois dans le sein de ma mère, je me suis purifié ensuite par le sang d'un jeune taureau que j'ai fait rejaillir sur moi ; toutes les cérémonies de l'expiation, je les ai suivies ; je dois être pur à tes yeux ; Apollon ! </s>
	<s id='4'>Ô Apollon ! </s>
	<s id='5'>Entends mes voeux, délivre-moi des tourments qui me déchirent, délivre-moi surtout de l'aspect horrible de ces Divinités infernales.</s>
</p>
<p id="4">
	<s id="1">J'ai beau l'invoquer à grands cris, il ne m'entend pas ou feint de ne pas m'entendre... </s>
	<s id='2'>Eh ! </s>
	<s id='3'>Que peut-il faite pour toi !... </s>
	<s id='4'>Oreste, rentre en toi-même, interroge-toi, si tu l'oses : tu as tué ta mère !... </s>
	<s id='5'>Ta mère !... </s>
	<s id='6'>Les sages auteurs de nos lois n'ont point décerné de supplice contre ce crime n'imaginant pas que jamais un mortel pût s'en rendre coupable. </s>
	<s id='7'>Monstre exécrable ! </s>
	<s id='8'>Fils dénaturé ! Penses-tu que ds sacrifices, quelque nombreux qu'ils soient, puissent laver un pareil forfait ? </s>
	<s id='9'>Penses-tu que le sang des victimes en rejaillissant sur tes habits et sur tes mains impies, y puisse effacer jamais les taches ineffaçables du sang d'une mère ? </s>
</p>
<p id="5">
	<s id="1">Elle était criminelle, et les Dieux m'ont ordonné de la punir. </s>
	<s id='2'>Était-ce à toi, faible mortel, à venger les puissances célestes ! </s>
	<s id='3'>Les Dieux n'ont-ils pas une foudre pour punir ceux qui les offensent ?... </s>
	<s id='4'>Les Dieux t'ont voulu, éprouver sans doute... </s>
	<s id='5'>Peuvent-ils commander le crime ? </s>
	<s id='6'>Ils cesseraient d'être Dieux.</s>
</p>
<p id="6">
	<s id="1">Haï des Dieux et des hommes, en horreur surtout à moi-même, que devenir ! </s>
	<s id='2'>Mourons... </s>
	<s id='3'>Ce poignard est teint encore d'un sang qui dût m'être sacré. </s>
	<s id='4'>Mourons.... et que tout le mien se mêle a celui que j'ai répandu.</s>
</p>
<stage type="suicide/stop/throw">Il se veut tuer : les Furies l'arrêtent et le désarment.</stage>
<p id="7">
	<s id="1">Pourquoi m'arrêtez-vous, impitoyables Déesses ? </s>
	<s id='2'>Est-ce pour me faire mourir à chaque instant de ma vie, qu'en cet instant vous la prolonger ? </s>
	<s id='3'>Ah ! </s>
	<s id='4'>Plongez, plongez vous-mêmes ce fer dans, mon sein.</s>
</p>
<stage type="kneel">Il tombe à leurs genoux.</stage>
<p id="8">
	<s id="1">Inexorables Déesses ! </s>
	<s id='2'>Laissez-vous fléchir une fois.</s>
</p>
<stage type="stand">Il se relève.</stage>
<p id="9">
	<s id="1">Elles lancent sur moi des regards où règnent à la fois le mépris et l'horreur. </s>
	<s id='2'>On dirait... </s>
	<s id='3'>On dirait qu'elles ont peur de moi : c'est le criminel d'ordinaire qui frémit à l'aspect de ses bourreaux, et mes bourreaux ; frémissent à ma vue.</s>
</p>
<note type="L">Tartare : La partie des Enfers qu'habitaient les coupables suivant les croyances des Grecs et des Romains, avait pour limite le Phlégéthon, dont les nombreux replis formaient autour e lui comme une ceinture infranchissables. [B]</note>
<p id="10">
	<s id="1">Si du moins elles daignaient me répondre ! </s>
	<s id='2'>J'ai beau, les interroger ; elles s'obstinent à se taire, et voilà mon plus cruel tourment. </s>
	<s id='3'>Quelque effroyables que pussent être leurs discours, je me les figure cent fois plus effroyables encore. </s>
	<s id='4'>Malheureux ! </s>
	<s id='5'>Tant que tu vivras, nous serons sur ta trace : partout nous t'assiégerons de notre présence terrible et de nos regards plus redoutables que l'éclair et plus meurtriers que la foudre. </s>
	<s id='6'>Lasses enfin de te poursuivre, nous nous jetterons sur toi, comme trois lionnes affamées, nous dévorerons tes membres, nous boirons ton sang, nous te précipiterons au fond du Tartare, et c'est là que, pour dernier supplice, tu habiteras éternellement avec les scélérats qui te ressemblent. </s>
	<s id='7'>Voilà, voilà les menaces horribles que je crois sans cesse entendre sortir de leur bouche, souffrant ainsi sans cesse de tout ce qu'elles ne me disent pas, leurs paroles me tueraient sans doute, et leur silence, me laissant vivre, me tue bien davantage que si elles me faisaient mourir.</s>
</p>
<stage type="sit/location/sleep">Elles s'asseyent sur les marches de l'autel d'Apollon et s'endorment peu-à-peu. </stage>
<p id="11">
	<s id="1">Mais il semble que leur fureur s'apaise. </s>
	<s id='2'>Les voilà assises sur les marches de l'autel ; elles s'y endorment... </s>
	<s id='3'>Si je les étouffais pendant leur sommeil ! </s>
	<s id='4'>Si je les tuais, en les serrant dans mes bras homicides ! </s>
	<s id='5'>Les tuer ! </s>
	<s id='6'>Que dis tu ? </s>
	<s id='7'>Elles sont immortelles. </s>
	<s id='8'>Bourreau de Clytemnestre, tu ne parles que de tuer ; le meurtre est ton seul talent ; les assassinats sont tes jeux, 6c pour tes délassements, il te faut des parricides. </s>
</p>
<p id="12">
	<s id="1">Quoiqu'inséparables des criminels, elles sont exemptes de crime, et Morphée ne dédaigne point de rafraîchir leurs paupières... </s>
	<s id='2'>Voyons si moi-même je pourrai goûter un peu de repos.</s>
</p>
<stage type="sit">Il s'assied.</stage>
<p id="13">
	<s id="1">Quelle douce fraîcheur vient se mêler au feu qui me dévore ! </s>
	<s id='2'>Le Ciel enfin s'apaiserait-il ? </s>
	<s id='3'>Il semble qu'une rosée bienfaisante pénètre peu à peu mes vêtements : l'humidité de ce siège...</s>
</p>
<stage type="stand/watch">Il se lève et regarde le siège sur lequel il était assis.</stage>
<p id="14">
	<s id="1">Dieux ! </s>
	<s id='2'>Que vois-je ! </s>
	<s id='3'>Il est tout couvert de sang. </s>
	<s id='4'>C'est moi, c'est moi seul qui l'ai souillé de la sorte : je distille, je sue du sang ; c'est du sang que je vois partout ; au lieu d'air c'est du sang que je respire ; c'est du sang peut-être... </s>
	<s id='5'>Oui, c'est du sang qu'il a plu sur moi. </s>
	<s id='6'>Le Ciel peut-il avoir pour moi d'autre rosée ? </s>
	<s id='7'>J'ai eu soif du sang de ma mère, et les Dieux me nourrissent, et les Dieux m'abreuvent de sang. </s>
	<s id='8'>Fuyons, tandis qu'elles dorment, fuyons, et peut-être j'en serai délivré.</s>
</p>
<stage type="narration">À peine il est sorti du Temple, qu'une Furie s'éveille ; ne le voyant plus elle réveille ses compagnes. Les trois Déesses expriment par une pantomime très animée le chagrin qu'elles ressentent de l'avoir perdu. Elles cherchent partout dans le Temple, et sortent enfin en suivant les traces du sang qu'Oreste laisse après lui.</stage>
</sp>
</div2>
<div2 type="scene" n='1'><head>SCÈNE I.. Oreste, Les Furies.</head>
<stage type="decor">Le théâtre représente le Palais des Rois d'Argos.</stage>
<sp who='ORESTE'><speaker>ORESTE.</speaker>
<p id="1">
	<s id="1">Elles dormaient quand j'ai fui... </s>
	<s id='2'>Qui leur a pu découvrir ma trace ?</s>
</p>
<stage type="watch">Il regarde autour de lui, et vois du sang. </stage>
<p id="2">
	<s id="1">Ah ! </s>
	<s id='2'>Le fil d'Ariane est moins sûr qu'un pareil indice : je ne puis faire un pas qui n'atteste que je suis un parricide. </s>
</p>
<p id="3">
	<s id='1'>Et vous Électre ! </s>
	<s id='2'>Vous Pylade ! </s>
	<s id='3'>Qui m'avez poussé avec les Dieux au meurtre de ma mère, à présent que le crime est commis, pourquoi me fuyez-vous ? </s>
	<s id='4'>Pourquoi vous ai-je tendu, en vain mes bras ensanglantés ? </s>
	<s id='5'>Pourquoi n'ai-je pu un moment vous serrer contre mon sein, et mourir dans le vôtre de l'excès de mes remords ? </s>
	<s id='6'>Vous avez détourné la vue avec horreur, quand j'ai passé près de vous : si la foudre fut tombée à vos pieds, vous n'auriez pas montré plus d'effroi... </s>
	<s id='7'>Ma rencontre est devenue funeste ; les Dieux ont imprimé sur mon front un signe de terreur, qui fait qu'il n'est point d'yeux mortels qui puissent soutenir ma présence. </s>
	<s id='8'>Plus d'ami pour moi, plus, de soeur, plus de mère surtout, plus de mère : je suis seul dans l'Univers, seul... avec les Furies.</s>
</p>
<p id="4">
	<s id="1">Mais pourquoi depuis mon forfait, la lumière semble-t-elle avoir été dérobée à ma vue ? </s>
	<s id='2'>N'ayant point osé lever les yeux vers le Soleil, j'ignore s'il éclaire encore le monde ; les crimes de mes aïeux l'ont jadis fait reculer d'effroi ; a-t-il reculé pour les miens ? </s>
	<s id='3'>Où ces filles de la nuit, en s'emparant de moi , m'ont-elles environné de leurs ténèbres ? </s>
	<s id='4'>Un crêpe sanglant pèse sur mes paupières... </s>
	<s id='5'>Deviendrais-je aveugle comme Tirésias ?... </s>
	<s id='6'>Ah ! </s>
	<s id='7'>Je serais trop heureux. </s>
</p>
<p id="5">
	<s id='1'>Où suis-je donc ? </s>
	<s id='2'>Qui pourra m'apprendre en quels lieux je suis venu me réfugier, pour éviter leur poursuite ? Peut-être en examinant de près ces portiques...</s>
</p>
<stage type="watch">Il les considère avec attention.</stage>
 <p id="6">
	<s id="1">Qu'aperçois-je ? </s>
	<s id='2'>Ô découverte affreuse ! </s>
	<s id='3'>Je suis dans le Palais des Rois d'Argos, dans le palais de mes pères... </s>
	<s id='4'>Fuyons ; je ne puis, j'éprouve un charme horrible à me retrouver dans le lieu de ma naissance. </s>
	<s id='5'>Les souvenirs les plus touchants viennent s'y retracer à ma mémoire et m'y retiennent malgré moi... </s>
	<s id='6'>C'est ici qu'étant encore enfant, mon père me prit dans ses bras, et m'élevât vers les Cieux, m'offrit aux Dieux immortels, avant que de partir pour Troie. C'est là, qu'après une longue absence, Electre me reconnut, et que se livrant à sa joie, et me pressant des plus douces étreintes... </s>
	<s id='7'>Ô souvenir délicieux, qu'empoisonne le souvenir le plus terrible.</s>
</p>
<stage type="light/fire">Les Furies allument leurs flambeaux.</stage>
<p id="7">
	<s id="1">Mais quelle lumière inconnue éclaire peu à peu ce Palais ? </s>
	<s id='2'>Des flambeaux étincellent dans les mains des Furies... </s>
	<s id='3'>Ah ! </s>
	<s id='4'>C'est la clarté des Enfers mille fois plus affreuse que les ténèbres... </s>
	<s id='5'>Le voile est tombé de mes yeux, qu'aperçois-je ?... </s>
	<s id='6'>La place où... </s>
	<s id='7'>Je frémis... </s>
	<s id='8'>C'est-là que tombant à mes genoux et que me découvrant son sein, elle me dit : Ô mon fils ! </s>
	<s id='9'>Mon cher fils ! </s>
	<s id='10'>Perceras-tu ce sein qui t'a allaité ? </s>
	<s id='11'>Ce sein qui t'a nourri ?... </s>
	<s id='12'>Je crois voir encore ce sein disparaître tout-à-coup sous le sang qui l'inonde ; je crois voir ces traits défigurés, ces yeux éteints, ce front pâle.</s>
</p>
<stage type="entrance/pull">L'ombre de Clytemnestre paraît : les Furies entraînent Oreste près d'elle, et lui montrent du doigt sa blessure qui saigne encore.</stage>
<p id="8">
	<s id="1">Que vois-je, ô Dieux !... </s>
	<s id='2'>Tout ce que j'ai cru voir... </s>
	<s id='3'>L'illusion s'est réalisée... </s>
	<s id='4'>Voilà ce front pâle, ces yeux éteints, ces traits défigurés, et ce sein caché encore sons le sang qui l'inonde... </s>
	<s id='5'>Barbares Euménides ! </s>
	<s id='6'>Ne m'avez-vous rendu la lumière que pour me montrer cet objet... </s>
	<s id='7'>Vous vous plaisez à tourmenter ma vie par les images les plus terribles ; mais je saurai bien trouver la mort sans vous.</s>
</p>
<stage type="exit/together">L'ombre disparaît... Oreste sort, et les Furies courent après lui.</stage>
</sp>
</div2>
<div2 type="scene" n='3'><head>SCÈNE III, ET DERNIÈRE. Oreste, Les Furies.</head>
<stage type="decor">Le théâtre représente des roches escarpées ou gravit Oreste, suivi par les Furies, qui les gravissent aussi.</stage>
<sp who='ORESTE'><speaker>ORESTE.</speaker>
<p id="1">
	<s id="1">Rien ne pourra donc jamais me délivrer des Furies !... </s>
	<s id='2'>J'ai couru après mon crime , me réfugier dans le bois consacré à la fille d'Inachus, et qui avoisine Mycènes, et les Furies m'ont suivi dans le bois consacré à la fille d'Inachus et qui avoisine Mycènes. </s>
	<s id='3'>J'ai pénétré dans les Temples d'Apollon, de Junon et de Minerve, et les Furies m'ont suivi dans les Temples d'Apollon, de Junon et de Minerve. </s>
	<s id='4'>Le Palais des Rois d'Argos m'a revu sous ses portiques, et les Furies m'ont suivi sous ses portiques. </s>
	<s id='5'>Me voilà maintenant, sur des roches escarpées, errant de précipices en précipices et les Furies me suivent de précipices en précipices. </s>
	<s id='6'>Neptune baigne de ses flots le pied de cette montagne : voyons si elles me suivront dans les flots de Neptune.</s>
</p>
<stage type="watch">Il lève les yeux au Ciel.</stage>
<p id="2">
	<s id="">Soleil si tu peux te montrer, s'il est vrai que, de peur de me voir, tu aies voilé ton visage.</s>
</p>
<stage type="fall/together">Il se précipite dans la mer, et les Furies s'y précipitent après lui.</stage>
</sp>
</div2>
</div1>
</body>
</text>
</TEI>