<?xml version="1.0" encoding="utf-8" ?>
<TEI xml:lang="fr">
<teiHeader>
		<fileDesc>
			<titleStmt>
				<title>LES EAUX DE BOURBON, COMÉDIE</title>
				<author type="texte" ISNI="0000 0001 1022 0873">DANCOURT (1661-1725)</author>
			</titleStmt>
			<publicationStmt>	
				<p>publié par Paul FIEVRE, avril 2013</p>
				<idno>DANCOURT_EAUXDEBOURBON</idno>
			<rights>Creative Commons BY-NC-SA</rights>
			</publicationStmt>
			<SourceDesc>
				<genre>Comédie</genre>
				<inspiration>moeurs</inspiration><structure>Un acte</structure>
				<type>prose</type>
				<periode>1691-1700</periode>
				<taille>(mesure non pertinente)</taille>
				<permalien></permalien>
			</SourceDesc>
		</fileDesc>
</teiHeader>
<text>
	<front>
		<docTitle>
			<titlePart type="main">LES EAUX DE BOURBON</titlePart>
			<titlePart type="sub">COMÉDIE</titlePart>
		</docTitle> 
		<docDate value="1697">M. CC. LXXXXVII</docDate>
		<docAuthor id="DANCOURT, Florent Carton dit" bio='dancourt'>Par Dancourt</docAuthor>
		<docImprint>
		<privilege date=""><head></head>
				<p></p>
		</privilege>
			<acheveImprime id=""></acheveImprime>
			<printer id=''></printer>
		</docImprint>
		<performance>
			<premiere date="1695-10-04" location='Théâtre de la rue des Fossés Saint-Germain'>Représentée pour la première fois le 04 Octobre 1695 au Théâtre de la rue des Fossés Saint-Germain.</premiere>
		</performance>
	<castList><head>ACTEURS.</head>
		<castItem><role id="LE BARON" sex="1" type='H' statut='baron' age='A' stat_amour='néant'>LE BARON DE SAINT-AUBAIN</role>.</castItem>
		<castItem><role id="MONSIEUR GROGNET" sex="1" type='H' statut='médecin' age='A' stat_amour='néant'>MONSIEUR GROGNET</role>, Médecin.</castItem>
		<castItem><role id="MADAME GUIMAUVIN" sex="2" type='H' statut='bourgeois' age='A' stat_amour='néant'>MADAME GUIMAUVIN</role>, veuve d'Apothicaire.</castItem>
		<castItem><role id="LA PRÉSIDENTE" sex="2" type='H' statut='bourgeois' age='A' stat_amour='néant'>LA PRÉSIDENTE</role>.</castItem>
		<castItem><role id="LE CHEVALIER DE LA BRESSANDIÈRE" sex="1" type='H' statut='chevalier' age='A' stat_amour='néant'>LE CHEVALIER DE LA BRESSANDIÈRE</role>.</castItem> 
		<castItem><role id="LA MARQUISE DE FOURBANVILLE" sex="2" type='H' statut='marquis' age='A' stat_amour='néant'>LA MARQUISE DE FOURBANVILLE</role>.</castItem> 
		<castItem><role id="BABET" sex="2" type='H' statut='bourgeois' age='A' stat_amour='néant'>BABET</role>, fille de Monsieur Grognet.</castItem> 
		<castItem><role id="BLAISE" sex="1" type='H' statut='paysan' age='A' stat_amour='néant'>BLAISE</role>, paysan de Bourbon. </castItem>
		<castItem><role id="VALÈRE" sex="1" type='H' statut='aristocrate' age='A' stat_amour='néant'>VALÈRE</role>, fils du Baron de Saint Aubin. </castItem>
		<castItem><role id="LA ROCHE" sex="1" type='H' statut="valet" age='A' stat_amour='néant'>LA ROCHE</role>, valet de chambre de Valère. </castItem>
		<castItem><role id="JASMIN" sex="1" type='H' statut='laquais' age='A' stat_amour='néant'>JASMIN</role>, petit laquais. </castItem>
		<castItem><role id="MUSISIENS ET DANSEURS" sex="9" type='H' statut='danseur' age='A' stat_amour='néant'>Plusieurs Musiciens et Danseurs</role>. </castItem>
		</castList>
	<set location="Bourbon-les-Bains" country='France' periode='XVIIème' gps="(N/A)">La Scène est à Bourbon-les-Bains.</set>
	</front>
<body>
<div1 type="act" n='1'><head></head>
<div2 type="scene" n='1'><head>SCÈNE I.</head>
<sp stage="alone" who='BLAISE'><speaker>BLAISE, seul.</speaker>
<note type="L">Palsangué : ou Palsanguienne, interj. Jurement de paysan, dans l'ancienne comédie.</note>
<p id="1">
	<s id="1">Palsanguenne, il faut avouer que je sis un grand fou de me mêler des affaires d'un homme aussi fou que ce vieux Monsieur_le_Baron de Saint Aubin qui loge cheux nous. </s>
	<s id="2">Il viant ici prendre des yaux pour se rétablir le foie, et il y deviant estropié par la cervelle ; les Médecins le guarissont d'une façon, et les femmes le rendont malade d'une autre. </s>
	<s id="3">Je crois, Dieu me pardonne, qu'il est amoureux de tretoutes, mais il n'y en aura pas une qui devienne amoureuse de ly. </s>
	<s id="4">Le vela qui viant ici. </s>
	<s id="5">Queu peste de figure !</s>
</p>
</sp>
</div2>
<div2 type="scene" n='2'><head>SCÈNE II. Le Baron, Blaise.</head>
<sp who='LE BARON'><speaker>LE BARON.</speaker>
<p id="1">
	<s id="1">Me voilà quitte de mes petites fonctions de la matinée ; j'ai bu mes eaux, pris mon bouillon, rendu mon remède, et mangé ma petite soupe, je me sens comme un pinson. </s>
	<s id="2">Hé bien, mon pauvre Blaise, as-tu songé...</s>
</p>
</sp>
<sp who='BLAISE'><speaker>BLAISE.</speaker>
<p id="3">
	<s id="1">Oui, Monsieu : mais, ne vous en déplaise, vous n'y songez pas, vous. </s>
	<s id="2">Courir les rues dans l'équipage où vous vela ?</s>
</p>
</sp>
<sp who='LE BARON'><speaker>LE BARON.</speaker>
<p id="4">
	<s id="1">Pour quoi non ? </s>
	<s id="2">C'est ici un pays de liberté où l'on vit sans façon et sans contrainte. </s>
	<s id="3">Ah l'aimable séjour ! </s>
	<s id="4">On donne une partie du temps au soin de sa santé, et le reste au plaisir et à la galanterie. </s>
	<s id="5">Les malades se divertissent mieux à Bourbon, que les gens bien sains ne font ailleurs. </s>
	<s id="6">Oh que j'ai été bien conseillé de venir aux Eaux cette année !</s>
</p>
</sp>
<sp who='BLAISE'><speaker>BLAISE.</speaker>
<p id="5">
	<s id="1">Oui da, il y a bonne compagnie, n'est-il pas vrai ?</s>
</p>
</sp>
<sp who='LE BARON'><speaker>LE BARON.</speaker>
<p id="6">
	<s id="1">Tous gens d'esprit, de goût, de plaisir, de bonne chère. </s>
	<s id="2">Cette Présidente, par exemple, à soixante-dix ans, quelle humeur de femme !</s>
</p>
</sp>
<sp who='BLAISE'><speaker>BLAISE.</speaker>
<p id="7">
	<s id="1">C'est une gaillarde, oui.</s>
</p>
</sp>
<sp who='LE BARON'><speaker>LE BARON.</speaker>
<p id="8">
	<s id="1">Et ce Chevalier qui est si beau joueur, et qui me gagne tous les jours mon argent : l'agréable homme !</s>
</p>
</sp>
<sp who='BLAISE'><speaker>BLAISE.</speaker>
<p id="9">
	<s id="1">Oui da, il aime itou bian ce pays-ci, stilà ; il viant aux yaux deux fois l'année, et l'an ne sait pour queu maladie. </s>
	<s id="2">Morgué, s'il a la goutte, ce n'est pas au bout des doigts, je vous en avartis.</s>
</p>
</sp>
<sp who='LE BARON'><speaker>LE BARON.</speaker>
<p id="10">
	<s id="1">C'est encore un bon original que ce vieux Intendant qui amène ici sa femme pour avoir des enfants.</s>
</p>
</sp>
<sp who='BLAISE'><speaker>BLAISE.</speaker>
<p id="11">
	<s id="1">Alle n'en aura point de ce voyage-ci, c'est moi qui vous le dis.</s>
</p>
</sp>
<sp who='LE BARON'><speaker>LE BARON.</speaker>
<p id="12">
	<s id="1">Elle n'en aura point ! </s>
	<s id="2">Comment sais-tu cela ?</s>
</p>
</sp>
<sp who='BLAISE'><speaker>BLAISE.</speaker>
<p id="13">
	<s id="1">Bon, tatigué, est-ce que je n'avons pas l'expérience. </s>
	<s id="2">Tenez, Monsieur, quand des maris amenont ici leurs femmes pour ça, les yaux n'y font rian : quand les femmes venont toutes seules, les yaux opéront que c'est des marveilles.</s>
</p>
</sp>
<sp who='LE BARON'><speaker>LE BARON.</speaker>
<p id="14">
	<s id="1">Elles sont admirables ; et depuis que j'en prends, je me sens le corps et l'esprit tout rajeunis.</s>
</p>
</sp>
<sp who='BLAISE'><speaker>BLAISE.</speaker>
<p id="15">
	<s id="1">C'est ce que je disais tout seul tout à l'heure, vous devenez aussi fou qu'un jeune homme.</s>
</p>
</sp>
<sp who='LE BARON'><speaker>LE BARON.</speaker>
<p id="16">
	<s id="1">Quand on veut plaire à une jeune fille, il faut avoir des manières jeunes, mon enfant.</s>
</p>
</sp>
<sp who='BLAISE'><speaker>BLAISE.</speaker>
<p id="17">
	<s id="1">Vous voulez plaire à une jeune fille, Monsieu ?</s>
</p>
</sp>
<sp who='LE BARON'><speaker>LE BARON.</speaker>
<p id="18">
	<s id="1">Et je lui plairai, je t'en réponds. </s>
	<s id="2">Je ne m'y prends pas mal, et les petits régals que je lui donne...</s>
</p>
</sp>
<sp who='BLAISE'><speaker>BLAISE.</speaker>
<p id="19">
	<s id="1">Quoi, c'est pour ça que vous faites tant de sottises ?</s>
</p>
</sp>
<sp who='LE BARON'><speaker>LE BARON.</speaker>
<note type="L">Maraud : Terme injurieux qui se dit des gueux, des coquins qui n'ont ni bien ni honneur, qui sont capables de faire toutes sortes de lâchetés. [F]</note>
<p id="20">
	<s id="1">Comment, des sottises ? </s>
	<s id="2">Ce maraud-là...</s>
</p>
</sp>
<sp who='BLAISE'><speaker>BLAISE.</speaker>
<p id="21">
	<s id="1">Dame, accoutez, je vous demande pardon, je sommes francs en ce pays-ci. </s>
	<s id="2">Mais qui est cette jeune file, s'il vous plaît ? </s>
	<s id="3">Je connaissons tout le monde, et je vous dirai bian si elle sera assez ridicule.</s>
</p>
</sp>
<sp who='LE BARON'><speaker>LE BARON.</speaker>
<p id="22">
	<s id="1">Pour m'aimer, n'est-ce pas ?</s>
</p>
</sp>
<sp who='BLAISE'><speaker>BLAISE.</speaker>
<p id="23">
	<s id="1">Oui, Monsieu.</s>
</p>
</sp>
<sp who='LE BARON'><speaker>LE BARON.</speaker>
<p id="24">
	<s id="1">Ce ne sont pas là tes affaires. </s>
	<s id="2">M'as-tu amené ces flûtes, ces Musiciens...</s>
</p>
</sp>
<sp who='BLAISE'><speaker>BLAISE.</speaker>
<p id="25">
	<s id="1">Ils attendont votre commodité tout ici proche.</s>
</p>
</sp>
<sp who='LE BARON'><speaker>LE BARON.</speaker>
<p id="26">
	<s id="1">Fais-les venir, et apporte-moi une chaise. </s>
	<s id="2">Je suis si faible, que j'ai toutes les peines du monde à me tenir sur mes jambes.</s>
</p>
</sp>
<sp who='BLAISE'><speaker>BLAISE.</speaker>
<p id="27">
	<s id="1">Tatigué que vela des manières bien jeunes.</s>
</p>
</sp>
</div2>
<div2 type="scene" n='3'><head>SCÈNE III.</head>
<sp stage="alone" who='LE BARON'><speaker>LE BARON, seul.</speaker>
<p id="1">
	<s id="1">Voici la maison de mon Médecin, Monsieur Grognet : les fenêtres de l'aimable Babet Grognet sa fille donnent sur cette place-ci justement, je vais me mettre tout vis-à-vis, afin qu'elle me voie. </s>
	<s id="2">Ah, qu'elle va être aise d'entendre de la musique faite exprès pour elle ! </s>
	<s id="3">Voilà comme on les attrape. </s>
	<s id="4">Oh, pour cela je sais bien faire l'amour, c'est grand dommage que je vieillisse, je suis un joli homme.</s>
</p>
</sp>
</div2>
<div2 type="scene" n='4'><head>SCÈNE IV. Le Baron, Blaise, des Musiciens, etc.</head>
<sp who='BLAISE'><speaker>BLAISE.</speaker>
<p id="1">
	<s id="1">Tenez, Monsieu, vela une chaise pour vos jambes, et de la Musique pour vos oreilles. </s>
	<s id="2">Je fais tout ce que vous me dites, comme vous voyez.</s>
</p>
</sp>
<sp stage="sit/location" who='LE BARON'><speaker>LE BARON, s'assied à un des bouts du théâtre.</speaker>
<note type="L">Mascarade : Troupe de personnes masquées qui vont danser et se divertir, surtout en la saison du Carnaval. [F]</note>
<p id="2">
	<s id="1">Allons, enfants, ce trio de flûtes, et cet air Italien seulement. </s>
	<s id="2">Nous verrons tantôt la petite mascarade que je vous ai commandée pour le bal de ce soir.</s>
</p>
</sp>
<sp who='BLAISE'><speaker>BLAISE.</speaker>
<p id="3">
	<s id="1">Un bal aux yaux ! </s>
	<s id="2">Morgué que je varrons danser de fluxions et de rhumatismes !</s>
</p>
<stage type="sleep/sit">Le Baron s'endort dans le fauteuil pendant le Concert.</stage>
<stage type="music">Air ITALIEN.</stage>
	<l id='1'>Que giova </l>
	<l id='2'>Tra l'aqua </l>
	<l id='3'>Cercar la sanità </l>
	<l id='4'>Quando il cuore </l>
	<l id='5'>Del fuoco d'amore </l>
	<l id='6'>S'estrugge è s'avvampa ? </l>
	<l id='7'>O Beltà, cara Beltà, </l>
	<l id='8'>Deh per pietà </l>
	<l id='9'>Sanate me. </l>
	<l id='10'>Un Ciglio vivace </l>
	<l id='12'>Mi tolse </l>
	<l id='13'>La pace ; </l>
	<l id='14'>Et con srali severi </l>
	<l id='15'>Ardenti </l>
	<l id='16'>Pungenti, </l>
	<l id='17'>Il cuor mi ferì. </l>
	<l id='18'>O Beltà, cara Beltà, </l>
	<l id='19'>Deh per pietà </l>
	<l id='20'>Sanate me. </l>
</sp>
</div2>
<div2 type="scene" n='5'><head>SCÈNE V. Le Baron, Monsieur Grognet, Blaise, les Musiciens.</head>
<sp who='MONSIEUR GROGNET'><speaker>MONSIEUR GROGNET.</speaker>
<p id="1">
	<s id="1">C'est une chose étrange que la manie de ce pays-ci ! </s>
	<s id="2">Toujours des flûtes, des hautbois, des violons, de la musique ! </s>
	<s id="3">Cela me fera renoncer à la médecine. </s>
	<s id="4">Le grand plaisir d'avoir des malades qui ne font rien moins que leur métier, et qui ne songent qu'à se divertir !</s>
</p>
</sp>
<sp who='BLAISE'><speaker>BLAISE.</speaker>
<p id="2">
	<s id="1">Le Médecin Grognet n'aime pas la joie.</s>
</p>
</sp>
<sp who='MONSIEUR GROGNET'><speaker>MONSIEUR GROGNET.</speaker>
<note type="L">Charivari : Concert ridicule, bruyant et tumultueux de poêles, de chaudrons, de sifflets, de huées, etc. qu'on donne en certaines localités aux femmes veuves et âgées et aux veufs qui se remarient, et aussi à des personnages qui ont excité un mécontentement. [L]</note>
<p id="3">
	<s id="1">Est-ce toi, gros coquin, qui m'amène ici ces canailles-là faire leur charivari ? </s>
	<s id="2">Qui est le sot qui les paie ?</s>
</p>
</sp>
<sp who='BLAISE'><speaker>BLAISE.</speaker>
<p id="4">
	<s id="1">C'est Monsieu que vela, qui viant dormir en musique, pour plaire à une jeune fille : ne serait-ce pas la vôtre ?</s>
</p>
</sp>
<sp who='MONSIEUR GROGNET'><speaker>MONSIEUR GROGNET.</speaker>
<p id="5">
	<s id="1">C'est Monsieur_le_Baron de Saint Aubin, je pense ?</s>
</p>
</sp>
<sp stage="awake" who='LE BARON'><speaker>LE BARON, s'éveillant.</speaker>
<p id="6">
	<s id="1">Qu'est-ce que c'est ? </s>
	<s id="2">Qu'y a-t-il ! </s>
	<s id="3">Ils ont déjà fini ?</s>
</p>
</sp>
<sp who='MONSIEUR GROGNET'><speaker>MONSIEUR GROGNET.</speaker>
<p id="7">
	<s id="1">Hé, à quoi songez-vous donc, Monsieur_le_Baron ? </s>
	<s id="2">Puisque vous avez envie de dormir, vous seriez mieux dans votre lit que dans la rue.</s>
</p>
</sp>
<sp who='LE BARON'><speaker>LE BARON.</speaker>
<p id="8">
	<s id="1">Dans mon lit, Monsieur Grognet ? </s>
	<s id="2">Quand on donne un petit régal de Musique à quelque Belle, la règle est qu'on soit sous les fenêtres.</s>
</p>
</sp>
<sp who='BLAISE'><speaker>BLAISE.</speaker>
<p id="9">
	<s id="1">Oui : mais la règle n'est pas qu'on y dorme.</s>
</p>
</sp>
<sp who='MONSIEUR GROGNET'><speaker>MONSIEUR GROGNET.</speaker>
<p id="10">
	<s id="1">Vous avez de l'émotion.</s>
</p>
</sp>
<sp who='LE BARON'><speaker>LE BARON.</speaker>
<p id="11">
	<s id="1">Le moyen de n'en pas avoir, je suis tout feu, Monsieur Grognet.</s>
</p>
</sp>
<sp who='MONSIEUR GROGNET'><speaker>MONSIEUR GROGNET.</speaker>
<p id="12">
	<s id="1">Entrez chez moi pour vous reposer.</s>
</p>
</sp>
<sp who='LE BARON'><speaker>LE BARON.</speaker>
<p id="13">
	<s id="1">Très volontiers, j'ai mes raisons pour m'y trouver mieux qu'en lieu du monde.</s>
</p>
</sp>
<sp who='BLAISE'><speaker>BLAISE.</speaker>
<p id="14">
	<s id="1">C'est à Babet Grognet qu'il en veut, je gage.</s>
</p>
</sp>
<sp who='LE BARON'><speaker>LE BARON.</speaker>
<p id="15">
	<s id="1">Allez, enfants, voilà qui est bien ; tantôt sur le soir ne manquez pas de venir aux Fontaines, et que la Mascarade soit jolie, nous y danserons, nous y danserons.</s>
</p>
</sp>
</div2>
<div2 type="scene" n='6'><head>SCÈNE VI. Monsieur Grognet, Le Baron.</head>
<sp who='MONSIEUR GROGNET'><speaker>MONSIEUR GROGNET.</speaker>
<p id="1">
	<s id="1">Vous prenez trop sur vous, Monsieur_le_Baron, et vous me débauchez tous mes malades ; vous n'y songez pas, au moins. </s>
	<s id="2">Leur donner le bal ! </s>
	<s id="3">Vous m'en ferez crever plus de la moitié.</s>
</p>
</sp>
<sp who='LE BARON'><speaker>LE BARON.</speaker>
<p id="2">
	<s id="1">La joie et le plaisir ne font jamais de mal, Monsieur Grognet ; demandez à Madame la Présidente que voilà, c'est bien la femme la plus enjouée que je connaisse.</s>
</p>
</sp>
</div2>
<div2 type="scene" n='7'><head>SCÈNE VII. La Présidente, Monsieur Grognet, Le Baron, Blaise.</head>
<sp who='LA PRÉSIDENTE'><speaker>LA PRÉSIDENTE.</speaker>
<p id="1">
	<s id="1">Oh, cela est bien changé, mon pauvre Monsieur_le_Baron, je n'en puis plus ; les eaux me sont mortelles, et l'on m'enterrera ici, je pense.</s>
</p>
</sp>
<sp who='MONSIEUR GROGNET'><speaker>MONSIEUR GROGNET.</speaker>
<p id="2">
	<s id="1">J'ai passé chez vous ce matin sur les dix heures, Madame : mais vous n'étiez pas encore éveillée.</s>
</p>
</sp>
<sp who='LA PRÉSIDENTE'><speaker>LA PRÉSIDENTE.</speaker>
 <note type="L">Bassette : jeu de cartes qui a été fort commun ces dernière années. Il se joue avec un jeu entier de cartes (...) Chacun des joueurs choisit une carte, sur laquelle il couche ce qu'il veut. Les banquiers tirent deux cartes à la fois. Quand elles se rencontrent pareilles à celles où on a couché de l'argent, la première fait gagner de l'argent, la seconde le fait perdre. [F]</note>
<p id="3">
	<s id="1">Je venais de me coucher, Monsieur Grognet ; nous avons joué toute la nuit à la bassette.</s>
</p>
</sp>
<sp who='LE BARON'><speaker>LE BARON.</speaker>
<p id="4">
	<s id="1">Joué toute la nuit, Madame la Présidente ?</s>
</p>
</sp>
<sp who='LA PRÉSIDENTE'><speaker>LA PRÉSIDENTE.</speaker>
<p id="5">
	<s id="1">Rien ne fait tant de bien, Monsieur_le_Baron. </s>
	<s id="2">Avez-vous vu ma soeur aînée, Monsieur Grognet, Madame_la_Comtesse de la Ratatinière, qui arriva hier, et qui vient prendre des eaux pour son inflammation de poitrine ?</s>
</p>
</sp>
<sp who='MONSIEUR GROGNET'><speaker>MONSIEUR GROGNET.</speaker>
<p id="6">
	<s id="1">Elle dormait aussi, Madame, sans cela j'aurais eu l'honneur...</s>
</p>
</sp>
<sp who='LA PRÉSIDENTE'><speaker>LA PRÉSIDENTE.</speaker>
<p id="7">
	<s id="1">Vraiment, je le crois bien, qu'elle dormait. </s>
	<s id="2">Cette vieille folle, malade comme elle est, qui s'enivra hier de vin de Canarie.</s>
</p>
</sp>
<sp who='BLAISE'><speaker>BLAISE.</speaker>
<note type="L">Tagitgué : ou tétigué, interj. Altération de tête-dieu dans la bouche des paysans des anciennes comédies. [L]</note>
<p id="8">
	<s id="1">Tatigué, que vela de biaux régimes de vie, pour de vieilles malades !</s>
</p>
</sp>
<sp who='LA PRÉSIDENTE'><speaker>LA PRÉSIDENTE.</speaker>
<p id="9">
	<s id="1">On dit que vous donnez le bal aujourd'hui, Monsieur_le_Baron ?</s>
</p>
</sp>
<sp who='LE BARON'><speaker>LE BARON.</speaker>
<p id="10">
	<s id="1">Oui, Madame.</s>
</p>
</sp>
<sp who='LA PRÉSIDENTE'><speaker>LA PRÉSIDENTE.</speaker>
<note type="L">Badin : Qui est folâtre, peu serieux, qui fait des plaisanteries. [F]</note>
<p id="11">
	<s id="1">Il n'est pas mal aisé de deviner pour qui la fête se fait : vous êtes amoureux, petit badin.</s>
</p>
</sp>
<sp who='LE BARON'><speaker>LE BARON.</speaker>
<p id="12">
	<s id="1">Ça toujours été votre faible et le mien, ma chère Présidente.</s>
</p>
</sp>
<sp who='LA PRÉSIDENTE'><speaker>LA PRÉSIDENTE.</speaker>
<p id="13">
	<s id="1">Oh çà, dites-moi donc, Monsieur Grognet, que faut-il que je fasse pour mes maux de tête, et pour ce rhumatisme ; car je m'en meurs, je vous en avertis.</s>
</p>
</sp>
<sp who='MONSIEUR GROGNET'><speaker>MONSIEUR GROGNET.</speaker>
<p id="14">
	<s id="1">Je vous l'ai déjà dit, Madame, la diète est une des choses qui contribuera le plus...</s>
</p>
</sp>
<sp who='LA PRÉSIDENTE'><speaker>LA PRÉSIDENTE.</speaker>
<note type="L">Médianox : ou médianoche, Repas en gras, qui se fait après minuit sonné, particulièrement lorsqu'un jour gras commence à la suite d'un jour maigre (médianoche était le terme de la cour, tandis que réveillon était celui de la ville). [L]</note>
<p id="15">
	<s id="">À propos de diète, nous faisons cette nuit médianox chez le Chevalier de la Bressandière ; il vous l'a fait dire, Monsieur_le_Baron ?</s>
</p>
</sp>
<sp who='LE BARON'><speaker>LE BARON.</speaker>
<p id="16">
	<s id="1">Oui, Madame.</s>
</p>
</sp>
<sp who='LA PRÉSIDENTE'><speaker>LA PRÉSIDENTE.</speaker>
<p id="17">
	<s id="1">C'est un joli homme, que ce Chevalier. </s>
	<s id="2">La tête me fend, Monsieur Grognet, vos Eaux de Bourbon me rendent plus malade que je ne l'étais, quand je suis arrivée.</s>
</p>
</sp>
<sp who='BLAISE'><speaker>BLAISE.</speaker>
<note type="L">Morgué : interj. Sorte de juron de paysan. [L]</note>
<p id="18">
	<s id="1">Morgué, la vieille Présidente crèvera de débauche, et les yaux de Bourbon en auront le blâme.</s>
</p>
</sp>
<sp who='MONSIEUR GROGNET'><speaker>MONSIEUR GROGNET.</speaker>
<p id="19">
	<s id="1">Entrez au logis, Madame ; nous y parlerons de votre maladie, et nous prendrons des mesures...</s>
</p>
</sp>
<sp who='LA PRÉSIDENTE'><speaker>LA PRÉSIDENTE.</speaker>
<p id="20">
	<s id="1">Donnez-moi donc la main, Monsieur_le_Baron.</s>
</p>
</sp>
<sp who='BLAISE'><speaker>BLAISE.</speaker>
<note type="L">Pargué : Parguenne, parguienne, Jurements patois de l'ancienne comédie, pour pardieu. [L]</note>
<p id="21">
	<s id="1">Pargué, le bal de tantôt sera drôle. </s>
	<s id="2">Vela déjà deux bons Mascarades. </s>
	<s id="3">Qui est celle-ci, encore ?</s>
</p>
</sp>
</div2>
<div2 type="scene" n='7'><head>SCÈNE VIII. La Marquise, Jasmin, Blaise.</head>
<sp stage="entrance/toward" who='LA MARQUISE'><speaker>LA MARQUISE avec une servante, et un petit laquais portant des hardes.</speaker>
<p id="1">
	<s id="1">Allez, petit garçon, allez ; vous savez bien où j'ai coutume de loger, menez-y cette fille.</s>
</p>
</sp>
<sp who='JASMIN'><speaker>JASMIN.</speaker>
<p id="2">
	<s id="1">N'est-ce pas là-bas, en tournant du côté gauche ?</s>
</p>
</sp>
<sp who='LA MARQUISE'><speaker>LA MARQUISE.</speaker>
<p id="3">
	<s id="1">Oui, chez la veuve de cet apothicaire, là, auprès de la Fontaine ; qu'on vous donne les mêmes chambres que j'avais l'année passée.</s>
</p>
</sp>
<sp who='JASMIN'><speaker>JASMIN.</speaker>
<p id="4">
	<s id="1">Je lui dirai, Madame.</s>
</p>
</sp>
</div2>
<div2 type="scene" n='9'><head>SCÈNE IX. La Marquise, Blaise.</head>
<sp who='BLAISE'><speaker>BLAISE.</speaker>
<p id="1">
	<s id="1">Hé pargué, c'est encore une buveuse d'yau de notre connaissance.</s>
</p>
</sp>
<sp who='LA MARQUISE'><speaker>LA MARQUISE.</speaker>
<p id="2">
	<s id="1">C'est toi, Blaise ? </s>
	<s id="2">Hé, bon jour, mon enfant.</s>
</p>
</sp>
<sp stage="kiss" who='BLAISE'><speaker>BLAISE, en l'embrassant.</speaker>
<p id="3">
	<s id="1">Votre valet, Madame la Marquise ; hé ; comment vous en va ?</s>
</p>
</sp>
<sp who='LA MARQUISE'><speaker>LA MARQUISE.</speaker>
<p id="4">
	<s id="1">Tu vois, je reviens encore en ce pays-ci.</s>
</p>
</sp>
<sp who='BLAISE'><speaker>BLAISE.</speaker>
<p id="5">
	<s id="1">J'avons le bonheur de vous y voir tous les ans ; c'est une rente : mais ce n'est pas les yaux que vous venez prendre cette fois ici, peut-être ?</s>
</p>
</sp>
<sp who='LA MARQUISE'><speaker>LA MARQUISE.</speaker>
<p id="6">
	<s id="1">Non, mon enfant.</s>
</p>
</sp>
<sp who='BLAISE'><speaker>BLAISE.</speaker>
<p id="7">
	<s id="1">Tant mieux pour vous. </s>
	<s id="2">Cet abcès que vous aviais à la hanche, est donc refarmé pour le coup ?</s>
</p>
</sp>
<sp who='LA MARQUISE'><speaker>LA MARQUISE.</speaker>
<p id="8">
	<s id="1">Oui, ne parle point de cala, je te prie. </s>
	<s id="2">Je me porte à merveilles.</s>
</p>
</sp>
<sp who='BLAISE'><speaker>BLAISE.</speaker>
<p id="9">
	<s id="1">À marveilles ! </s>
	<s id="2">Bon, j'en sis bien aise, et je comprends ce qui vous amène ; c'est queuque mari ou queuque galant que vous venez charcher à Bourbon ? </s>
	<s id="3">Acoutez, je n'avons quasi que des malingres cette année, et j'ai bian peur que vous ne trouviais pas votre affaire.</s>
</p>
</sp>
<sp who='LA MARQUISE'><speaker>LA MARQUISE.</speaker>
<p id="10">
	<s id="1">Tu me crois donc bien difficile ?</s>
</p>
</sp>
<sp who='BLAISE'><speaker>BLAISE.</speaker>
<p id="11">
	<s id="1">Oui. </s>
	<s id="2">Vous avez la meine d'une connaisseuse, il vous faut de bonne marchandise, je gage : mais votre hôtesse, Madame Guimauvin, vous aidera à charcher : c'est une habile femme.</s>
</p>
</sp>
<sp who='LA MARQUISE'><speaker>LA MARQUISE.</speaker>
<p id="12">
	<s id="1">Pour une personne de Province, elle a autant d'esprit et de savoir-vivre...</s>
</p>
</sp>
<sp who='BLAISE'><speaker>BLAISE.</speaker>
<note type="L">En fait de : En fait de, loc. prép. En ce qui concerne. [L]</note>
<p id="13">
	<s id="1">Oh, morguenne, oui ; pour ce qui est d'en fait d'en cas de ça, c'est la parle du pays : aussi, alle a fait ses études à Paris, et dans le faubourg saint Germain, encore. </s>
	<s id="2">Tatigué, que n'an dit que c'est une bonne école !</s>
</p>
</sp>
<sp who='LA MARQUISE'><speaker>LA MARQUISE.</speaker>
<p id="14">
	<s id="1">La voilà, je pense.</s>
</p>
</sp>
<sp who='BLAISE'><speaker>BLAISE.</speaker>
<p id="15">
	<s id="1">Vous pensez bian, c'est elle-même. </s>
	<s id="2">Jusqu'au revoir, morgué dépêchez-vous, je vous en prie, j'ai itou queuque chose à lui dire.</s>
</p>
</sp>
</div2>
<div2 type="scene" n='10'><head>SCÈNE X. Madame Guimauvin, La Marquise.</head>
<sp who='MADAME GUIMAUVIN'><speaker>MADAME GUIMAUVIN.</speaker>
<p id="1">
	<s id="1">Je ne me trompe point, c'est la Marquise de Fourbanville.</s>
</p>
</sp>
<sp who='LA MARQUISE'><speaker>LA MARQUISE.</speaker>
<p id="2">
	<s id="1">C'est moi-même, Madame Guimauvin : que j'ai de joie de te revoir, et de t'embrasser !</s>
</p>
</sp>
<sp who='MADAME GUIMAUVIN'><speaker>MADAME GUIMAUVIN.</speaker>
<p id="3">
	<s id="1">Vous arrivez apparemment ?</s>
</p>
</sp>
<sp who='LA MARQUISE'><speaker>LA MARQUISE.</speaker>
<p id="4">
	<s id="1">Je descends de carrosse, et je viens d'envoyer mes hardes chez toi.</s>
</p>
</sp>
<sp who='MADAME GUIMAUVIN'><speaker>MADAME GUIMAUVIN.</speaker>
<p id="5">
	<s id="1">Que vous vous portez bien à présent ! </s>
	<s id="2">C'est plus par habitude que par nécessité, que vous venez à Bourbon, n'est-ce pas ?</s>
</p>
</sp>
<sp who='LA MARQUISE'><speaker>LA MARQUISE.</speaker>
<p id="6">
	<s id="1">J'y viens, j'y viens faire comme beaucoup d'autres, changer de plaisir et d'occupation ; respirer un autre air que celui de Paris, faire quelque nouvelle connaissance pour passer l'hiver agréablement ; et que sait-on ce qui peut arriver ? </s>
	<s id="2">Avec un peu d'esprit, quelque agrément, des manières tendres, engageantes...</s>
</p>
</sp>
<sp who='MADAME GUIMAUVIN'><speaker>MADAME GUIMAUVIN.</speaker>
<p id="7">
	<s id="1">Je vous entends : c'est une dupe que vous venez chasser en ce pays-ci : il s'y en rencontre quelquefois de bonnes ; et si vous étiez arrivée trois jours plutôt seulement, il y avait un vieux goutteux de quinze mille livres de rente, dont on aurait tâché de vous mettre en possession : c'est un Gentilhomme de Quimpercorentin, Seigneur Banderet de Kergrohinizouarne, qui vous aurait fort accommodée.</s>
</p>
</sp>
<sp who='LA MARQUISE'><speaker>LA MARQUISE.</speaker>
<p id="8">
	<s id="1">Je serais partie plutôt de Paris, sans une partie de lansquenet, qui a duré huit jours plus que nous ne pensions.</s>
</p>
</sp>
<sp who='MADAME GUIMAUVIN'><speaker>MADAME GUIMAUVIN.</speaker>
<p id="9">
	<s id="1">Une partie de lansquenet qui dure huit jours !</s>
</p>
</sp>
<sp who='LA MARQUISE'><speaker>LA MARQUISE.</speaker>
<note type="L">Enquêtes : Il y a dans les Parlemens des Chambres qu'on appelle Les Chambres des Enquêtes, qui sont celles où l'on juge les appellations des Sentences rendues sur procès par écrit ; et on les appelle quelquefois absolument, Les Enquêtes. Son procès est à la première, à la seconde des Enquêtes. Les Enquêtes ont demandé l'assemblée des Chambres. Président aux Enquêtes. Doyen de la première, de la seconde des Enquêtes. On monte des Enquêtes à la Grand'Chambre. [L]</note>
<note type="L">Adonner (s') : S'apliquer à quelque chose. [R]</note>
<p id="10">
	<s id="1">Oui, mon enfant ; un petit Chevalier de la rue saint Denis, et un jeune orphelin de la huitième des Enquêtes, se sont adonnés chez moi pour se mettre dans le monde.</s>
</p>
</sp>
<sp who='MADAME GUIMAUVIN'><speaker>MADAME GUIMAUVIN.</speaker>
<p id="11">
	<s id="1">C'est une des plus belles portes par où l'on y puisse entrer, Madame, à ce que j'ai ouï dire.</s>
</p>
</sp>
<sp who='LA MARQUISE'><speaker>LA MARQUISE.</speaker>
<p id="12">
	<s id="1">Nous avons été près de trois semaines à leur gagner cinq ou six cents mauvaises pistoles qu'ils avaient. </s>
	<s id="2">Tant que leur argent a duré, il aurait été de mauvaise grâce de ne leur pas tenir compagnie.</s>
</p>
</sp>
<sp who='MADAME GUIMAUVIN'><speaker>MADAME GUIMAUVIN.</speaker>
<p id="13">
	<s id="1">Que vous êtes complaisante, Madame : pourquoi ne les pas expédier plus vite ? </s>
	<s id="2">J'ai vu le temps qu'une bagatelle comme celle-là n'aurait pas tenu vingt-quatre heures.</s>
</p>
</sp>
<sp who='LA MARQUISE'><speaker>LA MARQUISE.</speaker>
<p id="14">
	<s id="1">Tout dépérit à Paris, ma chère enfant : nous n'avons presque plus de beaux joueurs ; les meilleurs même, sont en Province ; à Turin, à Lyon, à Chambéry. </s>
	<s id="2">Depuis la paix de Savoie, nous avons de gros détachements sur la route.</s>
</p>
</sp>
<sp who='MADAME GUIMAUVIN'><speaker>MADAME GUIMAUVIN.</speaker>
<p id="15">
	<s id="1">Il y a ici, depuis quelque temps aussi, un Chevalier de votre connaissance, et qui fait vraiment bonne figure.</s>
</p>
</sp>
<sp who='LA MARQUISE'><speaker>LA MARQUISE.</speaker>
<p id="16">
	<s id="1">Qui donc ?</s>
</p>
</sp>
<sp who='MADAME GUIMAUVIN'><speaker>MADAME GUIMAUVIN.</speaker>
<p id="17">
	<s id="1">Hé, là, celui qui faisait l'Abbé l'année passée.</s>
</p>
</sp>
<sp who='LA MARQUISE'><speaker>LA MARQUISE.</speaker>
<p id="18">
	<s id="1">Ah ! </s>
	<s id="2">Vraiment oui, je le connais ; c'est son département, que les Eaux de Bourbon, il en rend quelque chose à la bourse commune ; il y a deux ans qu'il y était encore en Officier Suisse.</s>
</p>
</sp>
<sp who='MADAME GUIMAUVIN'><speaker>MADAME GUIMAUVIN.</speaker>
<p id="19">
	<s id="1">Je m'en souviens, vous avez raison ; il faisait l'hydropique, si je ne me trompe.</s>
</p>
</sp>
<sp who='LA MARQUISE'><speaker>LA MARQUISE.</speaker>
<p id="20">
	<s id="1">Justement, c'est lui-même.</s>
</p>
</sp>
<sp who='MADAME GUIMAUVIN'><speaker>MADAME GUIMAUVIN.</speaker>
<p id="21">
	<s id="1">J'ai aussi quelque idée de l'avoir vu faire le Marchand de boeufs dans le coche d'Auxerre.</s>
</p>
</sp>
<sp who='LA MARQUISE'><speaker>LA MARQUISE.</speaker>
<p id="22">
	<s id="1">Cela n'est pas impossible. </s>
	<s id="2">Et sur quel prétexte vient-il aux Eaux cette année ? </s>
	<s id="3">Quel nom s'est-il donné ?</s>
</p>
</sp>
<sp who='MADAME GUIMAUVIN'><speaker>MADAME GUIMAUVIN.</speaker>
<note type="L">Miquelets : Sorte de bandits qui vivent dans les Pyrenées. [Ac 1762]</note>
<p id="23">
	<s id="1">On l'appelle Monsieur le Chevalier de la Bressandière : il est ici pour une jambe qu'il a eu cassée en Catalogne, par un parti de Miquelets, à ce qu'il dit, à la descente d'une montagne, mais...</s>
</p>
</sp>
<sp who='LA MARQUISE'><speaker>LA MARQUISE.</speaker>
<p id="24">
	<s id="1">Il ne ment que dans les circonstances. </s>
	<s id="2">La jambe cassée n'est pas un conte : mais ce fut à Paris, dans la rue de l'Université, par un parti de laquais, à la descente d'une fenêtre, par où les maîtres l'avaient prié de sortir. </s>
	<s id="3">Il est un peu sujet aux aventures d'éclat, c'est un de ces fripons de distinction.</s>
</p>
</sp>
<sp who='MADAME GUIMAUVIN'><speaker>MADAME GUIMAUVIN.</speaker>
<p id="25">
	<s id="1">Le voilà, Madame.</s>
</p>
</sp>
<sp who='LA MARQUISE'><speaker>LA MARQUISE.</speaker>
<p id="26">
	<s id="1">Oui, je le reconnais, c'est lui-même.</s>
</p>
</sp>
</div2>
<div2 type="scene" n='11'><head>SCÈNE XI. Le Chevalier, Madame Guimauvin, La Marquise.</head>
<sp who='LE CHEVALIER'><speaker>LE CHEVALIER.</speaker>
<p id="1">
	<s id="1">Madame la Marquise de Fourbanville encore à Bourbon cette année !</s>
</p>
</sp>
<sp who='LA MARQUISE'><speaker>LA MARQUISE.</speaker>
<p id="2">
	<s id="1">J'y trouve Monsieur l'Abbé Trafiquet changé en Chevalier de la Bressandière !</s>
</p>
</sp>
<sp who='MADAME GUIMAUVIN'><speaker>MADAME GUIMAUVIN.</speaker>
<p id="3">
	<s id="1">Vous venez souvent ici l'un et l'autre : mais ce ne sont pas les mêmes raisons qui vous y amènent.</s>
</p>
</sp>
<sp who='LA MARQUISE'><speaker>LA MARQUISE.</speaker>
<p id="4">
	<s id="1">La fortune y conduit les uns, et l'amour y attire les autres.</s>
</p>
</sp>
<sp who='LE CHEVALIER'><speaker>LE CHEVALIER.</speaker>
<p id="5">
	<s id="1">Pour moi, malheureusement, une vraie blessure...</s>
</p>
</sp>
<sp who='LA MARQUISE'><speaker>LA MARQUISE.</speaker>
<p id="6">
	<s id="1">Ces canailles-là vous maltraitèrent bien.</s>
</p>
</sp>
<sp who='LE CHEVALIER'><speaker>LE CHEVALIER.</speaker>
<p id="7">
	<s id="1">La guerre est vive en Catalogne, j'étais poursuivi, je me trouvai sur une éminence.</s>
</p>
</sp>
<sp who='MADAME GUIMAUVIN'><speaker>MADAME GUIMAUVIN.</speaker>
<p id="8">
	<s id="1">Au premier étage, peut-être ?</s>
</p>
</sp>
<sp who='LE CHEVALIER'><speaker>LE CHEVALIER.</speaker>
<p id="9">
	<s id="1">Oui, justement, de la hauteur d'un premier étage... </s>
	<s id="2">Je franchis le péril avec intrépidité, je tombai dans une embuscade...</s>
</p>
</sp>
<sp who='MADAME GUIMAUVIN'><speaker>MADAME GUIMAUVIN.</speaker>
<p id="3">
	<s id="1">Quelque troupe de laquais qui vous guettait, apparemment ?</s>
</p>
</sp>
<sp who='LE CHEVALIER'><speaker>LE CHEVALIER.</speaker>
<p id="4">
	<s id="1">Non, de Miquelets, Madame, de Miquelets, en Catalogne, que diable ?</s>
</p>
</sp>
<sp who='MADAME GUIMAUVIN'><speaker>MADAME GUIMAUVIN.</speaker>
<p id="5">
	<s id="1">Je confonds, Monsieur, je vous demande pardon ; c'est que Madame la Marquise me contait dans le moment une aventure de la rue de l'Université, à peu près...</s>
</p>
</sp>
<sp who='LE CHEVALIER'><speaker>LE CHEVALIER.</speaker>
<p id="6">
	<s id="1">De la rue de l'Université ! </s>
	<s id="2">Ah ! </s>
	<s id="3">Vous tirez sur vos amis, cela b'est pas bien, Madame la Marquise ; et l'on pourrait par représailles...</s>
</p>
</sp>
<sp who='LA MARQUISE'><speaker>LA MARQUISE.</speaker>
<p id="7">
	<s id="1">Ne vous fâchez pas, elle est discrète.</s>
</p>
</sp>
<sp who='LE CHEVALIER'><speaker>LE CHEVALIER.</speaker>
<p id="8">
	<s id="1">Elle est discrète ! </s>
	<s id="2">J'en suis bien aise. </s>
	<s id="3">Il n'y a donc pas d'inconvénient à lui dire que Madame votre mère est la Bouquetière de la pointe saint Eustache.</s>
</p>
</sp>
<sp who='LA MARQUISE'><speaker>LA MARQUISE.</speaker>
<p id="9">
	<s id="1">Que vous êtes badin, Chevalier !</s>
</p>
</sp>
<sp who='MADAME GUIMAUVIN'><speaker>MADAME GUIMAUVIN.</speaker>
<p id="10">
	<s id="1">Ce sont des choses que vous me permettez, Monsieur...</s>
</p>
</sp>
<sp who='LE CHEVALIER'><speaker>LE CHEVALIER.</speaker>
<p id="11">
	<s id="1">Ne vous a-t-elle jamais parlé de Monsieur son frère la jambe de bois, ce fameux ouvreur d'huîtres ?</s>
</p>
</sp>
<sp who='LA MARQUISE'><speaker>LA MARQUISE.</speaker>
<p id="12">
	<s id="1">Vous êtes un petit ridicule ; je me fâcherai, à la fin.</s>
</p>
</sp>
<sp who='LE CHEVALIER'><speaker>LE CHEVALIER.</speaker>
<p id="13">
	<s id="1">C'est encore un joli petit Seigneur, que Monsieur votre cousin le Valet de chambre, Madame la Marquise ?</s>
</p>
</sp>
<sp who='LA MARQUISE'><speaker>LA MARQUISE.</speaker>
<p id="14">
	<s id="1">Oh ! </s>
	<s id="2">Finissez donc, je vous prie.</s>
</p>
</sp>
<sp who='LE CHEVALIER'><speaker>LE CHEVALIER.</speaker>
<p id="15">
	<s id="1">Ne vous chagrinez pas, elle est discrète.</s>
</p>
</sp>
<sp who='MADAME GUIMAUVIN'><speaker>MADAME GUIMAUVIN.</speaker>
<p id="16">
	<s id="1">Ce Chevalier-là est dangereux, croyez-moi, Madame, passez-lui sa jambe de Catalogne, et qu'il laisse en repos votre famille. </s>
	<s id="2">Il me paraît que vous avez ici tous deux intérêt d'être bien ensemble.</s>
</p>
</sp>
<sp who='LA MARQUISE'><speaker>LA MARQUISE.</speaker>
<p id="17">
	<s id="1">Ce petit étourdi-là prend si mal les choses, et il est si poquant...</s>
</p>
</sp>
<sp who='MADAME GUIMAUVIN'><speaker>MADAME GUIMAUVIN.</speaker>
<p id="18">
	<s id="1">Laissons cela, parlons d'autre chose. </s>
	<s id="2">Vous avez ici vos vues l'un et l'autre : au lieu de vous détruire, ne pourriez-vous point travailler ensemble à frais communs, pour...</s>
</p>
</sp>
<sp who='LA MARQUISE'><speaker>LA MARQUISE.</speaker>
<p id="19">
	<s id="1">J'aurai peut-être une confidence à lui faire...</s>
</p>
</sp>
<sp who='LE CHEVALIER'><speaker>LE CHEVALIER.</speaker>
<p id="20">
	<s id="1">J'ai déjà nombre de choses à vous dire ; et si nous étions en lieu de pouvoir...</s>
</p>
</sp>
<sp stage="toward" who='MADAME GUIMAUVIN'><speaker>MADAME GUIMAUVIN, à la Marquise.</speaker>
<p id="21">
	<s id="1">Vous voilà ben embarrassée. </s>
	<s id="2">Je vous ai fait garder votre appartement, allez y conduire Madame, Monsieur le Chevalier ; aussi bien, voici un de mes compères qui veut me parler ; car depuis le matin l'on m'a dit qu'il me cherche</s>
</p>
</sp>
<sp who='LA MARQUISE'><speaker>LA MARQUISE.</speaker>
<p id="22">
	<s id="1">Nous avons besoin de toi, Madame Guimauvin.</s>
</p>
</sp>
<sp who='MADAME GUIMAUVIN'><speaker>MADAME GUIMAUVIN.</speaker>
<p id="23">
	<s id="1">Ne vous inquiétez point, et allez m'attendre.</s>
</p>
</sp>
</div2>
<div2 type="scene" n='12'><head>SCÈNE XII. Madame Guimauvin, Blaise.</head>
<sp who='BLAISE'><speaker>BLAISE.</speaker>
<note type="L">Apoticaresse : Mot valise inventé par Dancourt ; féminin propable d'apothicaire. </note>
<p id="1">
	<s id="1">Ah, ah, ce Monsieur le Chevalier qui en sait si long, est itou de votre connaissance, ma commère l'Apoticaresse ? </s>
	<s id="2">Oh, morgué, vos meilleures pratiques ne sont pas celles qui avont affaires des drogues de la boutique, sur ma parole.</s>
</p>
</sp>
<sp who='MADAME GUIMAUVIN'><speaker>MADAME GUIMAUVIN.</speaker>
<p id="2">
	<s id="1">Si l'on ne faisait ses petites affaires qu'avec les personnes qui ont vraiment besoin de prendre des Eaux...</s>
</p>
</sp>
<sp who='BLAISE'><speaker>BLAISE.</speaker>
<p id="2">
	<s id="1">Je ne gagnerions pas de quoi boire de l'yau nous-mêmes.</s>
</p>
</sp>
<sp who='MADAME GUIMAUVIN'><speaker>MADAME GUIMAUVIN.</speaker>
<p id="3">
	<s id="1">Il faut bien se prêter un peu à l'humeur et au tempérament de certains malades.</s>
</p>
</sp>
<sp who='BLAISE'><speaker>BLAISE.</speaker>
<p id="4">
	<s id="1">Et aux nécessités de ceux qui se portont bian, n'est-ce pas ? </s>
	<s id="2">Morgué, que les filles et les femmes qui venont de ce Paris avont d'esprit, et qu'elles sont futées !</s>
</p>
</sp>
<sp who='MADAME GUIMAUVIN'><speaker>MADAME GUIMAUVIN.</speaker>
<p id="5">
	<s id="1">N'est-il pas vrai ?</s>
</p>
</sp>
<sp who='BLAISE'><speaker>BLAISE.</speaker>
<p id="6">
	<s id="1">Accoutez, il m'est avis que celles de ce pays-ci commençont à faire de même ; alles se dégourdissont. </s>
	<s id="2">Il y a notte Madame la Baillive, par exemple.</s>
</p>
</sp>
<sp who='MADAME GUIMAUVIN'><speaker>MADAME GUIMAUVIN.</speaker>
<p id="7">
	<s id="1">Hé bien, Madame la Baillive ?</s>
</p>
</sp>
<sp who='BLAISE'><speaker>BLAISE.</speaker>
<note type="L">Stanpandant : Stapendant est pour ce temps pendant, ou pendant ce temps-là. [T]</note>
<p id="8">
	<s id="1">Alle loge depuis quelque temps cheux alle de certains drôles de malades qui avons plus de santé que Monsieur le Bailly, sur ma parole ; il ne leur faut morgué point d'iaux à ceux-là, et la femme le sait bian, da : mais stanpandant ils ne laissons pas d'en boire pour attraper l'homme.</s>
</p>
</sp>
<sp who='MADAME GUIMAUVIN'><speaker>MADAME GUIMAUVIN.</speaker>
<p id="9">
	<s id="1">Madame la Baillive n'est pas sotte.</s>
</p>
</sp>
<sp who='BLAISE'><speaker>BLAISE.</speaker>
<note type="L">Morveuse : Petite fille qui a de la morve au nez. Petite fille qui fait quelque petite sotise. Jeune fille qui n'a nulle experience et qui n'est pas capable de grande chose. [R]</note>
<p id="10">
	<s id="1">Hé voirement non, c'est le Bailly qui l'est, je savons bian ça. </s>
	<s id="2">Vela encore la fille de Monsieur Grognet qui n'est qu'une morveuse, celle-là.</s>
</p>
</sp>
<sp who='MADAME GUIMAUVIN'><speaker>MADAME GUIMAUVIN.</speaker>
<p id="11">
	<s id="1">Babet Grognet, la fille du Médecin ?</s>
</p>
</sp>
<sp who='BLAISE'><speaker>BLAISE.</speaker>
<p id="12">
	<s id="1">Oui, c'est pour elle que je vous charche : mais motus, au moins.</s>
</p>
</sp>
<sp who='MADAME GUIMAUVIN'><speaker>MADAME GUIMAUVIN.</speaker>
<p id="13">
	<s id="1">Non, ne crains rien. </s>
	<s id="2">De quoi s'agit-il ?</s>
</p>
</sp>
<sp who='BLAISE'><speaker>BLAISE.</speaker>
<p id="14">
	<s id="1">Morgué, il y a du dégourdissement dans son affaire ; si alle n'était pas d'ici encore, n'an la mènerait aux Iaux : mais comme alle est des Iaux, ça est chagrinant ; où diable la mèneront-je ?</s>
</p>
</sp>
<sp who='MADAME GUIMAUVIN'><speaker>MADAME GUIMAUVIN.</speaker>
<p id="15">
	<s id="1">Tu es un fou, tu ne sais ce que tu dis.</s>
</p>
</sp>
<sp who='BLAISE'><speaker>BLAISE.</speaker>
<p id="16">
	<s id="1">La vela elle-même. </s>
	<s id="2">J'ons tous deux de l'esprit ; voulez-vous que je l'y tirions les vars du nez ?</s>
</p>
</sp>
</div2>
<div2 type="scene" n='23'><head>SCÈNE XIII. Madame Guimauvin, Babet, Blaise.</head>
<sp who='BABET'><speaker>BABET.</speaker>
<p id="1">
	<s id="1">Ah ! </s>
	<s id="2">Que je te rencontre à propos, ma chère Madame Guimauvin ! </s>
	<s id="3">Je suis accablée de chagrins.</s>
</p>
</sp>
<sp who='MADAME GUIMAUVIN'><speaker>MADAME GUIMAUVIN.</speaker>
<p id="2">
	<s id="1">Accablée de chagrins, vous ? </s>
	<s id="2">À moins que ce ne soit l'amour qui vous les donne, je ne vois pas...</s>
</p>
</sp>
<sp who='BABET'><speaker>BABET.</speaker>
<p id="3">
	<s id="1">Ah ! </s>
	<s id="2">Ma chère Madame Guimauvin ?</s>
</p>
</sp>
<sp who='BLAISE'><speaker>BLAISE.</speaker>
<p id="4">
	<s id="1">Ah, morguenne, oui, c'est le mal d'amour qui la tiant, sur ma parole.</s>
</p>
</sp>
<sp who='MADAME GUIMAUVIN'><speaker>MADAME GUIMAUVIN.</speaker>
<p id="5">
	<s id="1">Ne craignez point de vous expliquer, il n'y a rien que nous ne fassions pour vous rendre service.</s>
</p>
</sp>
<sp who='BABET'><speaker>BABET.</speaker>
<p id="6">
	<s id="1">Je vous bouterais pargué dans ma chemise, moi, pour vous faire plaisir.</s>
</p>
</sp>
<sp who='MADAME GUIMAUVIN'><speaker>MADAME GUIMAUVIN.</speaker>
<p id="7">
	<s id="1">Parlez. </s>
	<s id="2">Quel est le sujet de vos chagrins ? </s>
	<s id="3">Et que peut-on faire pour y remédier ?</s>
</p>
</sp>
<sp who='BABET'><speaker>BABET.</speaker>
<p id="8">
	<s id="1">Mon père veut me marier, Madame Guimauvin.</s>
</p>
</sp>
<sp who='MADAME GUIMAUVIN'><speaker>MADAME GUIMAUVIN.</speaker>
<p id="9">
	<s id="1">Il veut vous marier, et cela vous afflige ?</s>
</p>
</sp>
<sp who='BABET'><speaker>BABET.</speaker>
<p id="10">
	<s id="1">Si vous saviez le mari qu'il me destine, et les engagements où je suis...</s>
</p>
</sp>
<sp who='MADAME GUIMAUVIN'><speaker>MADAME GUIMAUVIN.</speaker>
<note type="L">Magot : Gros singe sans queue du genre des macaques. Fig. et familièrement. Un magot, un homme fort laid. [L]</note>
<p id="11">
	<s id="1">Il veut vous donner un magot, et vous aimez quelque joli homme, peut-être ?</s>
</p>
</sp>
<sp who='BABET'><speaker>BABET.</speaker>
<p id="12">
	<s id="1">Tu connais ce vieux Baron de Saint Aubin, qui est à Bourbon depuis trois semaines, et vous vous souvenez tous deux de ce petit homme qui a été tout le printemps ici à prendre des eaux ?</s>
</p>
</sp>
<sp who='MADAME GUIMAUVIN'><speaker>MADAME GUIMAUVIN.</speaker>
<p id="13">
	<s id="1">Qui, Valère ? </s>
	<s id="2">Ce jeune Officier de Dragons ?</s>
</p>
</sp>
<sp who='BLAISE'><speaker>BLAISE.</speaker>
<p id="14">
	<s id="1">Si je nous en souvenons, il logeait cheux nous, et Monsieur de la Roche son valet de chambre était l'amoureux de la commère.</s>
</p>
</sp>
<sp who='MADAME GUIMAUVIN'><speaker>MADAME GUIMAUVIN.</speaker>
<p id="15">
	<s id="1">C'est ce petit homme-là qui vous tient au coeur, apparemment ? </s>
	<s id="2">Et je vous en ai vue vivement éprise, si je ne me trompe.</s>
</p>
</sp>
<sp who='BABET'><speaker>BABET.</speaker>
<p id="16">
	<s id="1">Il y a plus que tout cela, Madame Guimauvin : je suis sa femme.</s>
</p>
</sp>
<sp who='BLAISE'><speaker>BLAISE.</speaker>
<p id="17">
	<s id="1">Comment, sa femme ? </s>
	<s id="2">Ce ne sont morgué pas là des jeux d'enfants, au moins.</s>
</p>
</sp>
<sp who='MADAME GUIMAUVIN'><speaker>MADAME GUIMAUVIN.</speaker>
<p id="18">
	<s id="1">Et la Roche ne m'a jamais parlé de cela, est-il possible ?</s>
</p>
</sp>
<sp who='BLAISE'><speaker>BLAISE.</speaker>
<p id="19">
	<s id="1">Mais pargué votre père a tort de vous vouloir marier, ly, puisque vous vous mariez si bian toute seule.</s>
</p>
</sp>
<sp who='BABET'><speaker>BABET.</speaker>
<p id="20">
	<s id="1">Juge de l'embarras où je suis, Madame Guimauvin.</s>
</p>
</sp>
<sp who='MADAME GUIMAUVIN'><speaker>MADAME GUIMAUVIN.</speaker>
<p id="21">
	<s id="1">Si Valère était ici, encore...</s>
</p>
</sp>
<sp who='BABET'><speaker>BABET.</speaker>
<p id="22">
	<s id="1">Il y devrait être, il y a quinze jours que je n'ai reçu de ses nouvelles.</s>
</p>
</sp>
<sp who='MADAME GUIMAUVIN'><speaker>MADAME GUIMAUVIN.</speaker>
<p id="23">
	<s id="1">Quinze jours ! </s>
	<s id="2">Être si longtemps sans vous écrire !</s>
</p>
</sp>
<sp who='BABET'><speaker>BABET.</speaker>
<p id="24">
	<s id="1">Je ne sais à quoi l'imputer.</s>
</p>
</sp>
<sp who='BLAISE'><speaker>BLAISE.</speaker>
<p id="25">
	<s id="1">À quoi ? </s>
	<s id="2">À ce que vous êtes sa femme. </s>
	<s id="3">Si vous n'étiais que sa maîtresse...</s>
</p>
</sp>
</div2>
<div2 type="scene" n='14'><head>SCÈNE XIV. La Roche botté, Blaise, Babet, Madame Guimauvin.</head>
<sp who='LA ROCHE'><speaker>LA ROCHE.</speaker>
<p id="1">
	<s id="1">Ohé, ohé, ohé. </s>
	<s id="2">Ah la maudite voiture que la Poste, cela n'est bon que pour les lettres, ouf.</s>
</p>
</sp>
<sp who='BLAISE'><speaker>BLAISE.</speaker>
<p id="2">
	<s id="1">Oh palsangué, vela des nouvelles, c'est Monsieu de la Roche en parsonne.</s>
</p>
</sp>
<sp who='LA ROCHE'><speaker>LA ROCHE.</speaker>
<p id="3">
	<s id="1">Votre serviteur, Monsieur Blaise.</s>
</p>
</sp>
<sp who='BABET'><speaker>BABET.</speaker>
<p id="4">
	<s id="1">C'est toi, la Roche. </s>
	<s id="2">Hé bien, mon enfant, où est ton maître ? </s>
	<s id="3">Vient-il ? </s>
	<s id="4">Est-il arrivé ? </s>
	<s id="5">Quand le verrai-je ? </s>
	<s id="6">N'as-tu rien à me dire ?</s>
</p>
</sp>
<sp who='LA ROCHE'><speaker>LA ROCHE.</speaker>
<p id="5">
	<s id="1">Sa chaise de poste vient de rompre à demi lieue d'ici, Madame, il est au désespoir ; il m'a dit de prendre les devants pour...</s>
</p>
</sp>
<sp who='BABET'><speaker>BABET.</speaker>
<p id="5">
	<s id="1">Tu veux me flatter, mon pauvre la Roche : il n'a pas tant d'empressement que tu le dis.</s>
</p>
</sp>
<sp who='LA ROCHE'><speaker>LA ROCHE.</speaker>
<p id="6">
	<s id="1">Il n'a pas tant d'empressement ! </s>
	<s id="2">Je me donne au diable, si sur toute la route nous n'avons pas crevé trois chevaux, et près de deux Postillons. </s>
	<s id="3">La peste, en revenant de l'armée, nous autres amoureux, nous sommes bien plus pressés que quand nous y allons.</s>
</p>
</sp>
<sp who='BABET'><speaker>BABET.</speaker>
<p id="7">
	<s id="1">Il va trouver en arrivant des chagrins qu'il n'a pas prévus.</s>
</p>
</sp>
<sp who='LA ROCHE'><speaker>LA ROCHE.</speaker>
<p id="8">
	<s id="1">Comment, des chagrins ! </s>
	<s id="2">Qu'est-ce à dire ? </s>
	<s id="3">Monsieur le Médecin saurait-il quelque chose ? </s>
	<s id="4">Le mariage n'a pas eu l'indiscrétion de se déclarer de lui-même, peut-être ? </s>
	<s id="5">Et vous voilà encore d'assez belle taille, à ce qu'il me semble.</s>
</p>
</sp>
<sp who='BABET'><speaker>BABET.</speaker>
<p id="9">
	<s id="1">Voici mon père, éloigne-toi, va te débotter, et reviens ici parler à Madame Guimauvin, ou à moi ; on a des choses de conséquence à te dire.</s>
</p>
</sp>
<sp who='LA ROCHE'><speaker>LA ROCHE.</speaker>
<p id="10">
	<s id="1">Je ne tarderai pas à vous rejoindre.</s>
</p>
</sp>
</div2>
<div2 type="scene" n='15'><head>SCÈNE XV. Monsieur Grognet, Babet, Madame Guimauvin.</head>
<sp who='MONSIEUR GROGNET'><speaker>MONSIEUR GROGNET.</speaker>
<p id="1">
	<s id="1">Qui étiez-vous donc là, mademoiselle ma fille ! </s>
	<s id="2">Vous avez toujours quelque affaire que je ne sais pas : voilà qui est étrange.</s>
</p>
</sp>
<sp who='BABET'><speaker>BABET.</speaker>
<p id="2">
	<s id="1">Je suis avec Madame Guimauvin, mon père.</s>
</p>
</sp>
<sp who='MONSIEUR GROGNET'><speaker>MONSIEUR GROGNET.</speaker>
<note type="L">Mugueter : Courtiser, comme fait le muguet. [L]</note>
<p id="3">
	<s id="1">Avec Madame Guimauvin, et avec un maître fripon, que je connais pour le valet de chambre de ce petit Officier qui vous muguetait ce printemps, et que je vous ai défendu de voir.</s>
</p>
</sp>
<sp who='BABET'><speaker>BABET.</speaker>
<p id="4">
	<s id="1">Mon père...</s>
</p>
</sp>
<sp who='MADAME GUIMAUVIN'><speaker>MADAME GUIMAUVIN.</speaker>
<p id="5">
	<s id="1">Il en a quelque air, Monsieur cela est vrai, vous avez raison : mais il me semble pourtant que ce n'est pas lui ; l'autre a le nez plus grand et la barbe plus longue.</s>
</p>
</sp>
<sp who='MONSIEUR GROGNET'><speaker>MONSIEUR GROGNET.</speaker>
<p id="6">
	<s id="1">La barbe plus longue ! </s>
	<s id="2">Oh bien, pour éviter les querelles que nous pourrions avoir là-dessus, je vous marie dès demain ? </s>
	<s id="3">Je vous en avertis.</s>
</p>
</sp>
<sp who='BABET'><speaker>BABET.</speaker>
<p id="7">
	<s id="1">Dès demain, mon père !</s>
</p>
</sp>
<sp who='MONSIEUR GROGNET'><speaker>MONSIEUR GROGNET.</speaker>
<p id="8">
	<s id="1">Et de grand matin, même. </s>
	<s id="2">Monsieur_le_Baron va vous donner le bal, une vingtaine de mes malades, avec qui nous ferons médianox, signeront le Contrat que je vais faire dresser, et vous serez mariée en sortant de table</s>
</p>
</sp>
<sp who='BABET'><speaker>BABET.</speaker>
<p id="9">
	<s id="1">Quelle extrémité !</s>
</p>
</sp>
<sp who='MADAME GUIMAUVIN'><speaker>MADAME GUIMAUVIN.</speaker>
<p id="10">
	<s id="1">Il n'y a rien de mieux concerté. </s>
	<s id="2">Que Monsieur votre père prend bien ses mesures !</s>
</p>
</sp>
<sp who='MONSIEUR GROGNET'><speaker>MONSIEUR GROGNET.</speaker>
<p id="11">
	<s id="1">Ce Monsieur_le_Baron de Saint Aubin est un homme riche, sans enfants, qui lui assure la moitié de son bien, et qui n'a pas deux mois à vivre.</s>
</p>
</sp>
<sp who='MADAME GUIMAUVIN'><speaker>MADAME GUIMAUVIN.</speaker>
<p id="12">
	<s id="1">Quelle trouvaille ! </s>
	<s id="2">Une demie douzaine de mari comme cela, seulement : voilà une fortune faite au bout de l'année.</s>
</p>
</sp>
<sp who='MONSIEUR GROGNET'><speaker>MONSIEUR GROGNET.</speaker>
<p id="13">
	<s id="1">N'est-il pas vrai ?</s>
</p>
</sp>
<sp who='MADAME GUIMAUVIN'><speaker>MADAME GUIMAUVIN.</speaker>
<p id="14">
	<s id="1">Assurément.</s>
</p>
</sp>
<sp who='BABET'><speaker>BABET.</speaker>
<p id="15">
	<s id="1">Je suis contente de la mienne, je n'en veux point d'autre, et je me donnerai plutôt la mort que de consentir à ce mariage.</s>
</p>
</sp>
<sp who='MONSIEUR GROGNET'><speaker>MONSIEUR GROGNET.</speaker>
<p id="16">
	<s id="1">Comment, insolente ?</s>
</p>
</sp>
<sp who='MADAME GUIMAUVIN'><speaker>MADAME GUIMAUVIN.</speaker>
<p id="17">
	<s id="1">Ne vous emportez pas, Monsieur, et laissez-moi lui parler en particulier, je la réduirai, je vous en réponds.</s>
</p>
</sp>
<sp who='MONSIEUR GROGNET'><speaker>MONSIEUR GROGNET.</speaker>
<p id="18">
	<s id="1">Oui, tu as de l'esprit, tâche de lui faire entendre raison, je te prie.</s>
</p>
</sp>
<sp who='MADAME GUIMAUVIN'><speaker>MADAME GUIMAUVIN.</speaker>
<p id="19">
	<s id="1">Je le ferai, je vous assure ; je vous la garantis mariée, moi : vous pouvez compter là-dessus, c'est une affaire faite.</s>
</p>
</sp>
<sp who='MONSIEUR GROGNET'><speaker>MONSIEUR GROGNET.</speaker>
<p id="20">
	<s id="1">Si tu viens à bout de la persuader, je reconnaîtrai ce service-là, je te le promets.</s>
</p>
</sp>
<sp who='MADAME GUIMAUVIN'><speaker>MADAME GUIMAUVIN.</speaker>
<p id="21">
	<s id="1">Ce n'est point l'intérêt qui me fait agir, Monsieur, et...</s>
</p>
</sp>
<sp who='MONSIEUR GROGNET'><speaker>MONSIEUR GROGNET.</speaker>
<p id="22">
	<s id="1">Tu as chez toi de vieilles drogues gâtées je les ferai toutes consommer à mes malades, je t'en donne ma parole.</s>
</p>
</sp>
</div2>
<div2 type="scene" n='19'><head>SCÈNE XVI. Madame Guimauvin, Babet.</head>
<sp who='BABET'><speaker>BABET.</speaker>
<p id="1">
	<s id="1">Que devenir ? </s>
	<s id="2">Comment faire, Madame Guimauvin ?</s>
</p>
</sp>
<sp who='MADAME GUIMAUVIN'><speaker>MADAME GUIMAUVIN.</speaker>
<p id="2">
	<s id="1">Le bonhomme est pressant, cela est incommode.</s>
</p>
</sp>
<sp who='BABET'><speaker>BABET.</speaker>
<p id="3">
	<s id="1">Conçois-tu rien de plus embarrassant que l'état où je suis ?</s>
</p>
</sp>
<sp who='MADAME GUIMAUVIN'><speaker>MADAME GUIMAUVIN.</speaker>
<p id="4">
	<s id="1">L'arrivée du petit Officier nous tirera d'intrigue. </s>
	<s id="2">On ne peut se marier en secondes noces, avant que d'être veuve, une fois ; et les maris ne sont pas comme les amants, on ne les prend que les uns après les autres.</s>
</p>
</sp>
</div2>
<div2 type="scene" n='17'><head>SCÈNE XVII. Madame Guimauvin, Babet, La Roche.</head>
<sp who='LA ROCHE'><speaker>LA ROCHE.</speaker>
<p id="1">
	<s id="1">Me voilà débotté, Madame, et en disposition de recevoir vos ordres. </s>
	<s id="2">Çà, de quoi s'agit-il ? </s>
	<s id="3">Voyons.</s>
</p>
</sp>
<sp who='MADAME GUIMAUVIN'><speaker>MADAME GUIMAUVIN.</speaker>
<p id="2">
	<s id="1">Il s'agit de faire entendre raison à Monsieur Grognet.</s>
</p>
</sp>
<sp who='LA ROCHE'><speaker>LA ROCHE.</speaker>
<p id="3">
	<s id="1">Cela sera difficile : et à propos de quoi, s'il vous plaît, fait-il le ridicule ? </s>
	<s id="2">Et trouve-t-il mauvais que nous ayons pris une alliance secrète dans sa famille ?</s>
</p>
</sp>
<sp who='BABET'><speaker>BABET.</speaker>
<p id="4">
	<s id="1">Il ne sait rien de cette alliance : mais il veut m'en faire prendre une autre.</s>
</p>
</sp>
<sp who='LA ROCHE'><speaker>LA ROCHE.</speaker>
<p id="5">
	<s id="1">Quoi ! </s>
	<s id="2">Ce n'est que cela ? </s>
	<s id="3">Voilà une belle bagatelle !</s>
</p>
</sp>
<sp who='BABET'><speaker>BABET.</speaker>
<p id="6">
	<s id="1">Tu traites cela de bagatelle ?</s>
</p>
</sp>
<sp who='LA ROCHE'><speaker>LA ROCHE.</speaker>
<p id="7">
	<s id="1">Oui, Madame, la polygamie est un cas pendable, à la vérité : mais à cela près, elle a son mérite ? </s>
	<s id="2">Et moi, qui vous parle, moi, dans toutes nos villes de quartier d'hiver, je ne manque jamais de faire quelque alliance : c'est ma folie.</s>
</p>
</sp>
<sp who='MADAME GUIMAUVIN'><speaker>MADAME GUIMAUVIN.</speaker>
<p id="8">
	<s id="1">Oh, cesse de plaisanter, la Roche ; on n'est point dans une situation assez tranquille, pour...</s>
</p>
</sp>
<sp who='LA ROCHE'><speaker>LA ROCHE.</speaker>
<p id="9">
	<s id="1">Je me donne au diable si je plaisante, cela est comme je vous le dis. </s>
	<s id="2">Je suis un garçon fort réglé, moi, j'aime à tenir ménage partout où je me trouve.</s>
</p>
</sp>
<sp who='MADAME GUIMAUVIN'><speaker>MADAME GUIMAUVIN.</speaker>
<p id="10">
	<s id="1">Fort bien. </s>
	<s id="2">Si le maître et le valet sont de même caractère, vous avez beau jeu, Madame.</s>
</p>
</sp>
<sp who='LA ROCHE'><speaker>LA ROCHE.</speaker>
<note type="L">Diablezot : On [le] dit aussi ironique aux hableurs, pour montrer qu'on ne croit riende ce qu'ils disent. Il y a apparence que cela vient d'une imprécation tronquée, et qu'on a voulu dire Allez au diable. [F]</note>
<note type="L">Morigéner : Bien instruit, celui ou celle qu'on a bien élevé en lui formant les moeurs. [R]</note>
<p id="11">
	<s id="1">Oh, diablezot, c'est un petit poli, que mon maître, un fidèle, un pasteur... </s>
	<s id="2">Sans la fureur qu'il a pour le vin, le jeu, et les femmes, ce serait bien le garçon le mieux morigéné...</s>
</p>
</sp>
<sp who='BABET'><speaker>BABET.</speaker>
<p id="12">
	<s id="1">Je meurs de peur que mon père revienne, et qu'il ne le voie encore avec nous.</s>
</p>
</sp>
<sp who='MADAME GUIMAUVIN'><speaker>MADAME GUIMAUVIN.</speaker>
<p id="13">
	<s id="1">Voilà un beau ménagement. </s>
	<s id="2">Ne faudrait-il pas bien qu'il sache vos affaires ?</s>
</p>
</sp>
<sp who='BABET'><speaker>BABET.</speaker>
<p id="14">
	<s id="1">Qu'il les sache du moins le plus tard qu'il sera possible. </s>
	<s id="2">Allons chez moi, Madame Guimauvin.</s>
</p>
</sp>
<sp who='MADAME GUIMAUVIN'><speaker>MADAME GUIMAUVIN.</speaker>
<p id="15">
	<s id="1">Très volontiers. </s>
	<s id="2">Allons, aussi bien y a-t-il des gens qui m'y attendent.</s>
</p>
</sp>
<sp who='BABET'><speaker>BABET.</speaker>
<p id="16">
	<s id="1">Demeure ici, la Roche, pour attendre ton maître ; et sitôt qu'il sera venu, dis-lui qu'il nous vienne trouver, je te prie.</s>
</p>
</sp>
<sp who='LA ROCHE'><speaker>LA ROCHE.</speaker>
<p id="17">
	<s id="1">Je n'aurai pas la peine de lui dire deux fois, je vous assure.</s>
</p>
</sp>
</div2>
<div2 type="scene" n='18'><head>SCÈNE XVIII.</head>
<sp stage="alone" who='LA ROCHE'><speaker>LA ROCHE, seul.</speaker>
<note type="L">Dragonne : A la dragonne, loc. adv. D'une façon hardie, leste, égrillarde. [L]</note>
<p id="1">
	<s id="1">Voici pourtant une affaire assez délicate ; et si Monsieur mon maître, par aventure, était las de son mariage, comme ce n'est qu'un mariage à la dragonne, nous pourrions bien...</s>
</p>
</sp>
</div2>
<div2 type="scene" n='19'><head>SCÈNE XIX. Le Baron, La Roche.</head>
<sp who='LE BARON'><speaker>LE BARON.</speaker>
<note type="L">Pendard : Par exagération, celui, celle qui est digne de pendaison, qui ne vaut rien du tout. [F]</note>
<p id="1">
	<s id="1">J'ai promis à monsieur Grognet... </s>
	<s id="2">N'est-ce pas là ce pendart de la Roche ?</s>
</p>
</sp>
<sp who='LA ROCHE'><speaker>LA ROCHE.</speaker>
<p id="2">
	<s id="1">Voilà Monsieur_le_Baron, je pense ?</s>
</p>
</sp>
<sp who='LE BARON'><speaker>LE BARON.</speaker>
<p id="3">
	<s id="1">C'est le valet de chambre de mon coquin de fils, c'est lui-même.</s>
</p>
</sp>
<sp who='LA ROCHE'><speaker>LA ROCHE.</speaker>
<p id="4">
	<s id="1">Qu'est-ce que le bonhomme vient faire ici ? </s>
	<s id="2">Lui aurait-on donné quelque avis de notre mariage ?</s>
</p>
</sp>
<sp who='LE BARON'><speaker>LE BARON.</speaker>
<p id="5">
	<s id="1">Hé, la Roche, la Roche ?</s>
</p>
</sp>
<sp who='LA ROCHE'><speaker>LA ROCHE.</speaker>
<p id="6">
	<s id="1">Comment c'est vous, Monsieur ? </s>
	<s id="2">Quelle surprise ! </s>
	<s id="3">À Bourbon, vous ! </s>
	<s id="4">Qui diantre vous y amène ?</s>
</p>
</sp>
<sp who='LE BARON'><speaker>LE BARON.</speaker>
<p id="7">
	<s id="1">Tu ne t'attendais pas de m'y voir, n'est-ce pas ? </s>
	<s id="2">Mais j'y suis venu pour vivre longtemps, et pour vous faire enrager tous tant que vous êtes, à force de santé.</s>
</p>
</sp>
<sp who='LA ROCHE'><speaker>LA ROCHE.</speaker>
<p id="8">
	<s id="1">Nous faire enrager à force de santé ! </s>
	<s id="2">Hélas, Monsieur, vous n'en sauriez tant avoir qu'on vous en souhaite ; et vous en crèveriez, que nous en serions ravis, je vous assure.</s>
</p>
</sp>
<sp who='LE BARON'><speaker>LE BARON.</speaker>
<p id="9">
	<s id="1">Tu es un bon maraud. </s>
	<s id="2">Et qui te fait venir ici toi ? </s>
	<s id="3">Que fait ton maître à présent ? </s>
	<s id="4">Où est-il ? </s>
	<s id="5">Dis.</s>
</p>
</sp>
<sp who='LA ROCHE'><speaker>LA ROCHE.</speaker>
<p id="10">
	<s id="1">À présent, Monsieur, il est dans sa chaise de poste.</s>
</p>
</sp>
<sp who='LE BARON'><speaker>LE BARON.</speaker>
<p id="11">
	<s id="1">Voilà une plaisante réponse, dans sa chaise de poste.</s>
</p>
</sp>
<sp who='LA ROCHE'><speaker>LA ROCHE.</speaker>
<p id="12">
	<s id="1">Oui, Monsieur ; et si vous en voulez savoir davantage, sa chaise de poste est dans une ornière : mais j'espère qu'elle en sortira, et qu'ils arriveront bientôt ici tous deux ce compagnie.</s>
</p>
</sp>
<sp who='LE BARON'><speaker>LE BARON.</speaker>
<p id="13">
	<s id="1">Il vient à Bourbon ?</s>
</p>
</sp>
<sp who='LA ROCHE'><speaker>LA ROCHE.</speaker>
<p id="14">
	<s id="1">Oui, Monsieur.</s>
</p>
</sp>
<sp who='LE BARON'><speaker>LE BARON.</speaker>
<p id="15">
	<s id="1">Le fâcheux contretemps ! </s>
	<s id="2">Écoute, va dire à ton maître que je suis ici, que je ne l'y veux point voir, entends-tu ?</s>
</p>
</sp>
<sp who='LA ROCHE'><speaker>LA ROCHE.</speaker>
<p id="16">
	<s id="1">Cela ne l'empêchera pas d'y venir, Monsieur. </s>
	<s id="2">Au contraire, il n'a point d'argent, et nous vous trouvons le plus à propos du monde.</s>
</p>
</sp>
<sp who='LE BARON'><speaker>LE BARON.</speaker>
<p id="17">
	<s id="1">Oui, oui, je lui en donnerai, il n'a qu'à s'y attendre. </s>
	<s id="2">Écoute, s'il s'avise de se renommer de moi, ni de dire à personne que je suis son père...</s>
</p>
</sp>
<sp who='LA ROCHE'><speaker>LA ROCHE.</speaker>
<p id="18">
	<s id="1">Il ne manquera pas, sitôt qu'il sera arrivé, Monsieur...</s>
</p>
</sp>
<sp who='LE BARON'><speaker>LE BARON.</speaker>
<p id="19">
	<s id="1">Je ne le veux point voir, te dis-je.</s>
</p>
</sp>
<sp who='LA ROCHE'><speaker>LA ROCHE.</speaker>
<p id="20">
	<s id="1">Vous le verrez, je vous l'amènerai moi-même.</s>
</p>
</sp>
<sp who='LE BARON'><speaker>LE BARON.</speaker>
<p id="21">
	<s id="1">Je le déshériterai si je le vois ; et je te ferai donner cent coups d'étrivières, à toi, si tu me l'amènes.</s>
</p>
</sp>
<sp who='LA ROCHE'><speaker>LA ROCHE.</speaker>
<p id="22">
	<s id="1">Adieu donc, Monsieur, sur ce pied-là je me tiens dispensé de la visite.</s>
</p>
</sp>
</div2>
<div2 type="scene" n='20'><head>SCÈNE XX.</head>
<sp stage="alone" who='LA ROCHE'><speaker>LA ROCHE, seul.</speaker>
<p id="1">
	<s id="1">Ouais, que veut dire ceci ? </s>
	<s id="2">Je n'y comprends rien. </s>
	<s id="3">Comme on nous traite !</s>
</p>
</sp>
</div2>
<div2 type="scene" n='21'><head>SCÈNE XXI. Blaise, Valère, La Roche.</head>
<sp who='BLAISE'><speaker>BLAISE.</speaker>
<p id="1">
	<s id="1">Tenez, Monsieur, alle était ici tout à l'heure, et vela encore Monsieur de la Roche qui vous dira...</s>
</p>
</sp>
<sp who='VALÈRE'><speaker>VALÈRE.</speaker>
<p id="2">
	<s id="1">Que viens-je d'apprendre en arrivant, mon pauvre la Roche ?</s>
</p>
</sp>
<sp who='LA ROCHE'><speaker>LA ROCHE.</speaker>
<p id="3">
	<s id="1">Vous ne savez que la moitié des nouvelles, Monsieur. </s>
	<s id="2">On veut marier votre femme, cela n'est rien ; votre père est ici, c'est le diable.</s>
</p>
</sp>
<sp who='VALÈRE'><speaker>VALÈRE.</speaker>
<p id="4">
	<s id="1">Mon père est ici ! </s>
	<s id="2">L'as-tu vu ?</s>
</p>
</sp>
<sp who='VALÈRE'><speaker>VALÈRE.</speaker>
<p id="5">
	<s id="1">Oui, vraiment, et nous nous sommes parlé même.</s>
</p>
</sp>
<sp who='VALÈRE'><speaker>VALÈRE.</speaker>
<p id="6">
	<s id="1">Que t'a-t-il dit ?</s>
</p>
</sp>
<sp who='LA ROCHE'><speaker>LA ROCHE.</speaker>
<p id="7">
	<s id="1">Que vous êtes un coquin, que je suis un pendart ; qu'il vous déshériterait, et qu'il me ferait donner les étrivières.</s>
</p>
</sp>
<sp who='VALÈRE'><speaker>VALÈRE.</speaker>
<p id="8">
	<s id="1">Il est donc instruit, apparemment ?</s>
</p>
</sp>
<sp who='LA ROCHE'><speaker>LA ROCHE.</speaker>
<p id="9">
	<s id="1">Non, Monsieur, c'est par abondance de coeur ce qu'il en dit, un petit fond d'estime et d'amitié qu'il vous conserve.</s>
</p>
</sp>
<sp who='VALÈRE'><speaker>VALÈRE.</speaker>
<p id="10">
	<s id="1">Que je suis malheureux ! </s>
	<s id="2">Et la charmante Babet, l'as-tu vue ? </s>
	<s id="3">T'a-t-elle expliqué le dessein de son père ? </s>
	<s id="4">Sais-tu...</s>
</p>
</sp>
<sp who='LA ROCHE'><speaker>LA ROCHE.</speaker>
<p id="11">
	<s id="1">Il veut la marier, c'est tout ce que j'en sais, elle est au désespoir.</s>
</p>
</sp>
<sp who='BLAISE'><speaker>BLAISE.</speaker>
<p id="12">
	<s id="1">Je le crois bien. </s>
	<s id="2">Alle perdrait au change, vous valez mieux au bout de votre petit doigt, que sti que n'an ly veut bailler ne vaut en tout son corps. </s>
	<s id="3">Vous le varrez tantôt, il loge itou cheux nous, c'est Monsieu le Baron de saint Aubin qu'on l'appelle.</s>
</p>
</sp>
<sp who='VALÈRE'><speaker>VALÈRE.</speaker>
<p id="13">
	<s id="1">Le Baron de saint Aubin !</s>
</p>
</sp>
<sp who='BLAISE'><speaker>BLAISE.</speaker>
<p id="14">
	<s id="1">Vous le connaissez peut-être ?</s>
</p>
</sp>
<sp who='VALÈRE'><speaker>VALÈRE.</speaker>
<p id="15">
	<s id="1">La Roche, mon pauvre la Roche.</s>
</p>
</sp>
<sp who='LA ROCHE'><speaker>LA ROCHE.</speaker>
<p id="16">
	<s id="1">Oh, par ma foi en voici bien d'une autre ; je ne m'étonne plus qu'il soit fâché de nous savoir ici, il ne veut pas que nous soyons de la noce.</s>
</p>
</sp>
<sp who='VALÈRE'><speaker>VALÈRE.</speaker>
<p id="17">
	<s id="1">Mon père, se vouloir marier à son âge !</s>
</p>
</sp>
<sp who='BLAISE'><speaker>BLAISE.</speaker>
<p id="18">
	<s id="1">Quoi, ce vieux Baron, c'est Monsieur votre père.</s>
</p>
</sp>
<sp who='VALÈRE'><speaker>VALÈRE.</speaker>
<p id="19">
	<s id="1">Lui-même.</s>
</p>
</sp>
<sp who='BLAISE'><speaker>BLAISE.</speaker>
<p id="20">
	<s id="1">Palsangué, votre père est un vilain marle.</s>
</p>
</sp>
<sp who='VALÈRE'><speaker>VALÈRE.</speaker>
<p id="21">
	<s id="1">Quelles mesures prendre, mon pauvre la Roche.</s>
</p>
</sp>
<sp who='LA ROCHE'><speaker>LA ROCHE.</speaker>
<p id="22">
	<s id="1">Aucunes. </s>
	<s id="2">Monsieur votre père ne saurait épouser votre femme, premièrement.</s>
</p>
</sp>
<sp who='BLAISE'><speaker>BLAISE.</speaker>
<p id="23">
	<s id="1">Oh parguenne non ; on ne baille point de dispense pour ça, il aura biau faire.</s>
</p>
</sp>
<sp who='VALÈRE'><speaker>VALÈRE.</speaker>
<p id="24">
	<s id="1">Mais pour empêcher son mariage, il faudra déclarer le mien.</s>
</p>
</sp>
<sp who='LA ROCHE'><speaker>LA ROCHE.</speaker>
<note type="L">Prednre langue : aller aux renseignements, s'informer. [L]</note>
<p id="25">
	<s id="1">Sans doute ; et comme la grande affaire est de le déclarer bien à propos, j'en fais la mienne. </s>
	<s id="2">Mademoiselle Babet vous attend chez Madame Guimauvin, qui est une femme de conseil et d'expédition : allez prendre langue avec elle, et me laissez ici attendre le bonhomme de pied ferme.</s>
</p>
</sp>
<sp who='VALÈRE'><speaker>VALÈRE.</speaker>
<p id="26">
	<s id="1">Je ne sais où demeure Madame Guimauvin.</s>
</p>
</sp>
<sp who='BLAISE'><speaker>BLAISE.</speaker>
<p id="27">
	<s id="1">Je m'en vais vous y mener, c'est ma commère. </s>
</p>
</sp>
</div2>
<div2 type="scene" n='22'><head>SCÈNE XXII.</head>
<sp stage="alone" who='LA ROCHE'><speaker>LA ROCHE, seul.</speaker>
<note type="L">Penard : terme injurieux qu'on donne quelquefois aux hommes âgés. [F]</note>
<p id="1">
	<s id="1">Le vieux penard qui vient Eaux de Bourbon épouser sa bru : il n'y aurait ma foi, qu'à le laisser faire, nous verrions de belles choses.</s>
</p>
</sp>
</div2>
<div2 type="scene" n='23'><head>SCÈNE XXIII. La Marquise, Le Chevalier, La Roche.</head>
<sp stage="toward" who='LA MARQUISE'><speaker>LA MARQUISE, au Chevalier.</speaker>
<p id="2">
	<s id="1">Voilà qui est fait, cela se rencontre le mieux du monde.</s>
</p>
</sp>
<sp who='LE CHEVALIER'><speaker>LE CHEVALIER.</speaker>
<p id="3">
	<s id="1">Exécutons de bonne foi les conditions au moins ; à moi l'argent comptant, à vous la dupe et ses dépendances.</s>
</p>
</sp>
<sp who='LA ROCHE'><speaker>LA ROCHE.</speaker>
<p id="4">
	<s id="1">Voici deux personnes de ma connaissance ; quel marché font-ils ensemble ?</s>
</p>
</sp>
<sp who='LE CHEVALIER'><speaker>LE CHEVALIER.</speaker>
<p id="5">
	<s id="1">Hé voilà l'homme dont nous parlions tantôt, Madame, le cousin valet de chambre. </s>
	<s id="2">Serviteur, Monsieur de la Roche.</s>
</p>
</sp>
<sp who='LA ROCHE'><speaker>LA ROCHE.</speaker>
<p id="6">
	<s id="1">Ton valet, Lépine. </s>
	<s id="2">Bonjour, ma cousine la Marquise.</s>
</p>
</sp>
<sp who='LA MARQUISE'><speaker>LA MARQUISE.</speaker>
<p id="7">
	<s id="1">Bonjour, Monsieur, bonjour... </s>
	<s id="2">Ne vous avisez pas au moins de faire connaître ici que...</s>
</p>
</sp>
<sp who='LA ROCHE'><speaker>LA ROCHE.</speaker>
<p id="8">
	<s id="1">Non, non, je suis bon Prince, je sais vivre, ma cousine.</s>
</p>
</sp>
<sp who='LE CHEVALIER'><speaker>LE CHEVALIER.</speaker>
<p id="9">
	<s id="1">Prends garde aussi, je te prie...</s>
</p>
</sp>
<sp who='LA ROCHE'><speaker>LA ROCHE.</speaker>
<p id="10">
	<s id="1">Ne te mets point en peine. </s>
	<s id="2">Je n'ignore pas aussi le respect que je te dois devant le monde, pourvu que tu le paies.</s>
</p>
</sp>
<sp who='LE CHEVALIER'><speaker>LE CHEVALIER.</speaker>
<p id="11">
	<s id="1">Je suis en fonds, nous ferons bien les choses.</s>
</p>
</sp>
<sp who='LA ROCHE'><speaker>LA ROCHE.</speaker>
<p id="12">
	<s id="1">Cela va donc comme il faut ? </s>
	<s id="2">Y a-t-il ici bien des dupes d'amour et de jeu cette année ?</s>
</p>
</sp>
<sp who='LA MARQUISE'><speaker>LA MARQUISE.</speaker>
<p id="13">
	<s id="1">Il ne s'y en est jamais moins trouvé, je pense. </s>
	<s id="2">Nous sommes tous deux obligés de nous attacher à la même personne.</s>
</p>
</sp>
<sp who='LA ROCHE'><speaker>LA ROCHE.</speaker>
<p id="14">
	<s id="1">Voilà un heureux mortel, il faut qu'il ait bien du mérite, ce gentilhomme-là, pour s'attirer ainsi une préférence si avantageuse. </s>
	<s id="2">Hé ! </s>
	<s id="3">Qui est-il, par parenthèse ? </s>
	<s id="4">Ne pourrai-je point aussi de mon côté... </s>
	<s id="5">Quand nous serions trois à travailler sur le même sujet, les choses n'en iraient pas plus mal, à ce qu'il me semble.</s>
</p>
</sp>
<sp who='LE CHEVALIER'><speaker>LE CHEVALIER.</speaker>
<p id="15">
	<s id="1">C'est un certain vieux Baron de Saint Aubin.</s>
</p>
</sp>
<sp who='LA ROCHE'><speaker>LA ROCHE.</speaker>
<p id="16">
	<s id="1">Monsieur de Saint Aubin ! </s>
	<s id="2">Vous en revenez-là : vous avez donc rompu avec le grand page ?</s>
</p>
</sp>
<sp who='LA MARQUISE'><speaker>LA MARQUISE.</speaker>
<p id="17">
	<s id="1">Je ne feignais d'aimer celui-là, que pour animer la passion de l'autre, et pour le déterminer au mariage.</s>
</p>
</sp>
<sp who='LA ROCHE'><speaker>LA ROCHE.</speaker>
<p id="18">
	<s id="1">Votre dessein a réussi, il va se marier : mais à la vérité, ce n'est pas vous que cela regarde.</s>
</p>
</sp>
<sp who='LA MARQUISE'><speaker>LA MARQUISE.</speaker>
<p id="19">
	<s id="1">Il va se marier ?</s>
</p>
</sp>
<sp who='LE CHEVALIER'><speaker>LE CHEVALIER.</speaker>
<p id="20">
	<s id="1">À la fille du Médecin, je gage ? </s>
	<s id="2">Ne vous disais-je pas bien que j'en soupçonnais quelque chose ?</s>
</p>
</sp>
</div2>
<div2 type="scene" n='24'><head>SCÈNE XXIV. Blaise, La Marquise, La Roche, Le Chevalier.</head>
<sp who='BLAISE'><speaker>BLAISE.</speaker>
<p id="1">
	<s id="1">Hé vite, hé tôt, dépêchez-vous, on a affaire de vous cheux la commère Guimauvin, Monsieur de la Roche...</s>
</p>
</sp>
<sp who='LA MARQUISE'><speaker>LA MARQUISE.</speaker>
<p id="2">
	<s id="1">Chez Madame Guimauvin ? </s>
	<s id="2">Quelles liaisons...</s>
</p>
</sp>
<sp who='LA ROCHE'><speaker>LA ROCHE.</speaker>
<p id="3">
	<s id="1">C'est un petit conseil que nous allons tenir contre le mariage de Monsieur de Saint Aubin, apparemment ; vous y pouvez venir si vous voulez, vous ne serez point suspecte.</s>
</p>
</sp>
<sp who='LA MARQUISE'><speaker>LA MARQUISE.</speaker>
<p id="4">
	<s id="1">Je prends trop d'intérêt à la chose pour ne pas être du conseil. </s>
	<s id="2">Allons.</s>
</p>
</sp>
</div2>
<div2 type="scene" n='25'><head>SCÈNE XXV. Blaise, Le Chevalier.</head>
<sp who='LE CHEVALIER'><speaker>LE CHEVALIER.</speaker>
<p id="1">
	<s id="1">Voici Monsieur Grognet et le Baron.</s>
</p>
</sp>
<sp who='BLAISE'><speaker>BLAISE.</speaker>
<p id="2">
	<s id="1">Ils ne s'attendont pas à la pièce pue n'an leur va faire.</s>
</p>
</sp>
</div2>
<div2 type="scene" n='26'><head>SCÈNE XXVI. Monsieur Grognet, Le Baron, Le Chevalier, Blaise.</head>
<sp who='MONSIEUR GROGNET'><speaker>MONSIEUR GROGNET.</speaker>
<p id="1">
	<s id="1">Oui, ma fille signera tantôt, je vous en réponds, on s'est chargé de lui faire entendre raison là-dessus.</s>
</p>
</sp>
<sp who='LE BARON'><speaker>LE BARON.</speaker>
<p id="2">
	<s id="1">Ah ! </s>
	<s id="2">Vous voilà, Monsieur le Chevalier ?</s>
</p>
</sp>
<sp who='LE CHEVALIER'><speaker>LE CHEVALIER.</speaker>
<p id="3">
	<s id="1">Vous voulez bien, Messieurs, qu'on vous félicite l'un et l'autre de l'heureuse alliance que vous contractez.</s>
</p>
</sp>
<sp who='LE BARON'><speaker>LE BARON.</speaker>
<p id="4">
	<s id="1">Comment donc, nous ne venons que de signer le Contrat, et vous savez déjà la chose ?</s>
</p>
</sp>
<sp who='BLAISE'><speaker>BLAISE.</speaker>
<p id="5">
	<s id="1">Si n'an la sait ? </s>
	<s id="2">Tous les petits enfants du pays se préparont à faire charivari à votre noce. </s>
	<s id="3">Queu tintamarre !</s>
</p>
</sp>
</div2>
<div2 type="scene" n='27'><head>SCÈNE XXVII. Le Baron, Monsieur Grognet, Le Chevalier, Blaise, La Présidente.</head>
<sp who='LA PRÉSIDENTE'><speaker>LA PRÉSIDENTE.</speaker>
<p id="1">
	<s id="1">Ah ! </s>
	<s id="2">Les petits dissimulés, qui viennent ensemble de signer au Contrat de mariage, et qui ne m'en avaient rien dit.</s>
</p>
</sp>
<sp who='MONSIEUR GROGNET'><speaker>MONSIEUR GROGNET.</speaker>
<p id="2">
	<s id="1">Le secret est éventé, mon gendre : mais il n'importe.</s>
</p>
</sp>
<sp who='LA PRÉSIDENTE'><speaker>LA PRÉSIDENTE.</speaker>
<p id="3">
	<s id="1">Vous êtes bien content de vous, Monsieur_le_Baron ?</s>
</p>
</sp>
<sp who='LE BARON'><speaker>LE BARON.</speaker>
<p id="4">
	<s id="1">Je ne me pas d'aise, Madame ; et le ravissement où je suis me fait oublier que je suis malade.</s>
</p>
</sp>
<sp who='LE CHEVALIER'><speaker>LE CHEVALIER.</speaker>
<note type="L">Avénement : Venue, arrivée, Vieillit en ce sens. [L]</note>
<p id="5">
	<s id="1">Il faudra pourtant vous ménager, et dans un avénement...</s>
</p>
</sp>
<sp who='LE BARON'><speaker>LE BARON.</speaker>
<p id="6">
	<s id="1">Oui, vous avez raison, je ne me porte pas bien. </s>
	<s id="2">Si nous faisions commencer notre mascarade de bonne heure ? </s>
	<s id="3">J'ai un petit somme à faire avant le médianox.</s>
</p>
</sp>
<sp who='BLAISE'><speaker>BLAISE.</speaker>
<note type="L">Violoneux : Violonneux : mot pejoratif pour désigner . un joueur de violon.</note>
<p id="7">
	<s id="1">Hé, pargué ; vous n'avez qu'à dire, je m'en vas charcher le violoneux, et avartir tout le monde : ne vous boutez pas en peine.</s>
</p>
</sp>
</div2>
<div2 type="scene" n='28'><head>SCÈNE XXVIII. La Présidente, Le Baron, Le Chevalier, Monsieur Grognet.</head>
<sp who='LA PRÉSIDENTE'><speaker>LA PRÉSIDENTE.</speaker>
<p id="1">
	<s id="1">Ne seriez-vous pas d'avis que nous nous masquassions aussi, pou vous divertir ?</s>
</p>
</sp>
<sp who='LE BARON'><speaker>LE BARON.</speaker>
<p id="2">
	<s id="1">Oui da, cela n'est pas mal imaginé. </s>
	<s id="2">Qu'en dites-vous, Monsieur le Chevalier ?</s>
</p>
</sp>
<sp who='LE CHEVALIER'><speaker>LE CHEVALIER.</speaker>
<p id="3">
	<s id="1">Moi ! </s>
	<s id="2">Je ferai tout ce qu'on voudra : je suis la complaisance même.</s>
</p>
</sp>
<sp who='MONSIEUR GROGNET'><speaker>MONSIEUR GROGNET.</speaker>
<p id="4">
	<s id="1">Hé, comment nous masquer ?</s>
</p>
</sp>
<sp who='LE BARON'><speaker>LE BARON.</speaker>
<p id="5">
	<s id="1">Comment ? </s>
	<s id="2">Vous en Cupidon, par exemple, Monsieur le Chevalier en Chauve-souris, Madame la Présidente en Satyre, et moi en Bergère.</s>
</p>
</sp>
<sp who='LE CHEVALIER'><speaker>LE CHEVALIER.</speaker>
<p id="6">
	<s id="1">J'ai des habits pour Madame et pour moi, laissez-nous faire. </s>
	<s id="2">Allons, Madame.</s>
</p>
</sp>
</div2>
<div2 type="scene" n='29'><head>SCÈNE XXIX. Madame Guimauvin, Babet, Monsieur Grognet, Le Baron.</head>
<sp who='MADAME GUIMAUVIN'><speaker>MADAME GUIMAUVIN.</speaker>
<p id="1">
	<s id="1">Vivat, Monsieur, j'ai persuadé : mon éloquence est triomphante. </s>
	<s id="2">Voilà Mademoiselle votre fille qui vient de signer le Contrat, je l'ai menée moi-même chez le Notaire.</s>
</p>
</sp>
<sp who='BABET'><speaker>BABET.</speaker>
<p id="2">
	<s id="1">Oui, je me soumets à vos volontés, mon père, et je n'ai qu'à vous remercier du choix que vous avez bien voulu faire</s>
</p>
</sp>
<sp who='MONSIEUR GROGNET'><speaker>MONSIEUR GROGNET.</speaker>
<p id="3">
	<s id="1">Je vous l'avais bien dit, Monsieur_le_Baron, qu'elle serait raisonnable.</s>
</p>
</sp>
<sp who='LE BARON'><speaker>LE BARON.</speaker>
<p id="4">
	<s id="1">Je suis le plus heureux mortel...</s>
</p>
</sp>
</div2>
<div2 type="scene" n='30'><head>SCÈNE XXX. Le Baron, Monsieur Grognet, La Présidente, Blaise.</head>
<sp who='BLAISE'><speaker>BLAISE.</speaker>
<p id="1">
	<s id="1">Tatigué, que j'allons nous divartir, vela toute l'infirmerie de Bourbon que je vous amène : des poumoniques qui jouons de la flûte, des enrhumés qui chantont, et des boiteux qui faisont la capriole.</s>
</p>
</sp>
<sp who='LE BARON'><speaker>LE BARON.</speaker>
<p id="2">
	<s id="1">C'est la manie du siècle : chacun veut faire ce qui ne lui convient point.</s>
</p>
</sp>
<sp who='BLAISE'><speaker>BLAISE.</speaker>
<p id="3">
	<s id="1">Morgué, c'est vrai. </s>
	<s id="2">Vous qui épousez une jeune parsonne, par exemple... </s>
	<s id="3">Mais n'an vous corrigera Vous n'y êtes pas encore.</s>
</p>
</sp>
<sp who='LE BARON'><speaker>LE BARON.</speaker>
<note type="L">Faquin : Crocheteur, homme de la lie du peuple, vil et méprisable. [F]</note>
<p id="4">
	<s id="1">Que veut donc dire ce faquin-là ?</s>
</p>
</sp>
<sp who='BLAISE'><speaker>BLAISE.</speaker>
<p id="5">
	<s id="1">Hé, morgué, ne vous fâchez pas, vela de la joie.</s>
</p>
</sp>
</div2>
<div2 type="scene" n='30'><head>SCÈNE XXXI. Le Baron, Monsieur Grognet, La Roche, La Présidente, Valère, Madame Guimauvin, Blaise, Babet.</head>
<stage type="title">Marche de la Mascarade.</stage>
<sp who='TOUS LES ACTEURS ET ACTRICES'><speaker>TOUS LES ACTEURS ET ACTRICES de la Mascarade chantent en se plaçant.</speaker>
	<l id='21'>Buvons tous rasade de ces eaux, </l>
	<l id='22'>On dit que c'est un remède à tous maux.</l>
</sp>
<sp who='LE BARON'><speaker>LE BARON.</speaker>
<p id="1">
	<s id="1">Voilà une petite drôlerie assez bizarre : et cela n'est pas mal troussé pour la Province.</s>
</p>
</sp>
<sp stage="costume" who='LA ROCHE'><speaker>LA ROCHE, déguisé.</speaker>
<p id="2">
	<s id="1">Oh diable ! </s>
	<s id="2">Fines gens s'en sont mêlés aussi ; Et voilà Monsieur votre fils qui a bien voulu lui-même se donner la peine...</s>
</p>
</sp>
<sp who='MONSIEUR GROGNET'><speaker>MONSIEUR GROGNET.</speaker>
<p id="3">
	<s id="1">Comment, son fils ?</s>
</p>
</sp>
<sp who='LE BARON'><speaker>LE BARON.</speaker>
<p id="4">
	<s id="1">Ah, pendart que tu es ! </s>
	<s id="2">Ne t'avais-je pas défendu...</s>
</p>
</sp>
<sp who='LA ROCHE'><speaker>LA ROCHE.</speaker>
<p id="5">
	<s id="1">Oui, Monsieur, les visites sérieuses : mais comme tout le monde est bienvenu au bal, nous avons pris l'occasion de vous venir rendre nos devoirs en masque.</s>
</p>
</sp>
<sp stage="dress" who='VALÈRE'><speaker>VALÈRE, ôtant son masque.</speaker>
<p id="6">
	<s id="1">Je ne puis assez vous témoignez, mon père, la joie que me donne le nouvel établissement que vous voulez faire en ce pays-ci, et je vous assure que bien loin de m'opposer...</s>
</p>
</sp>
<sp who='LE BARON'><speaker>LE BARON.</speaker>
<p id="7">
	<s id="1">Je n'ai que faire de votre compliment, ni de votre aveu, Monsieur mon fils, et...</s>
</p>
</sp>
<sp who='LA ROCHE'><speaker>LA ROCHE.</speaker>
<p id="8">
	<s id="1">J'ai pourtant ouï dire que si, moi, Monsieur ; et je ne crois pas que sans notre permission...</s>
</p>
</sp>
<sp who='LE BARON'><speaker>LE BARON.</speaker>
<p id="9">
	<s id="1">Qu'est-ce à dire ? </s>
	<s id="2">Je voudrais bien...</s>
</p>
</sp>
<sp who='MADAME GUIMAUVIN'><speaker>MADAME GUIMAUVIN.</speaker>
<p id="10">
	<s id="1">Ils vous la donneront, ne vous fâchez point. </s>
	<s id="2">Tenez, Monsieur, ne serez-vous pas ravi d'avoir une belle-mère aussi aimable que cette charmante personne ?</s>
</p>
</sp>
<sp who='VALÈRE'><speaker>VALÈRE.</speaker>
<p id="11">
	<s id="1">Ma belle-mère, elle ? </s>
	<s id="2">Tu rêves ! </s>
	<s id="3">Madame Guimauvin : cela ne se peut pas, c'est ma femme.</s>
</p>
</sp>
<sp stage="together" who='LE BARON, MONSIEUR GROGNET'><speaker>LE BARON et MONSIEUR GROGNET.</speaker>
<p id="12">
	<s id="1">Sa femme !</s>
</p>
</sp>
<sp who='BLAISE'><speaker>BLAISE.</speaker>
<p id="13">
	<s id="1">Vous ne saviez pas stila ; il y a plus de six mois que l'affaire est faite.</s>
</p>
</sp>
<sp who='MONSIEUR GROGNET'><speaker>MONSIEUR GROGNET.</speaker>
<p id="14">
	<s id="1">Qu'est-ce que cela signifie ?</s>
</p>
</sp>
<sp who='MADAME GUIMAUVIN'><speaker>MADAME GUIMAUVIN.</speaker>
<note typ="L">Seing privé : Signature qui n'a point été faite en présence d'un officier public. [L] Un billet sous seing privé ne porte point d'hypothèque jusqu'à ce qu'il foit reconnu. [F]</note>
<note typ="L">Seing privé : Signature qui n'a point été faite en présence d'un officier public. [L] Un billet sous seing privé ne porte point d'hypothèque jusqu'à ce qu'il foit reconnu. [F]</note>
<p id="15">
	<s id="1">Ils n'étaient mariés que sous seing privé, je pense : mais le Contrat que vous venez de faire, ratifie la chose.</s>
</p>
</sp>
<sp who='LE BARON'><speaker>LE BARON.</speaker>
<p id="16">
	<s id="1">Comment donc, le Contrat que nous venons de faire ?</s>
</p>
</sp>
<sp who='LA ROCHE'><speaker>LA ROCHE.</speaker>
<p id="17">
	<s id="1">Oui, Monsieur, ils l'ont signé aussi, c'est une chose réglée.</s>
</p>
</sp>
<sp who='MONSIEUR GROGNET'><speaker>MONSIEUR GROGNET.</speaker>
<p id="18">
	<s id="1">Mais, c'est à Guillaume Évariste de Saint Aubin que j'ai marié ma fille, moi.</s>
</p>
</sp>
<sp who='LA ROCHE'><speaker>LA ROCHE.</speaker>
<p id="19">
	<s id="1">Hé bien, justement, voilà l'affaire, le père et le fils portent le même nom, et nous profitons de la ressemblance.</s>
</p>
</sp>
<sp who='LE BARON'><speaker>LE BARON.</speaker>
<p id="19">
	<s id="1">Oui... </s>
	<s id="2">mais je ne prétends pas, moi...</s>
</p>
</sp>
<sp who='BLAISE'><speaker>BLAISE.</speaker>
<p id="20">
	<s id="1">Morgué, ly a du malentendu là-dedans : vous prétendez seigner comme mari, et ils prétendons que vous avez seigné comme père.</s>
</p>
</sp>
<sp who='LE BARON'><speaker>LE BARON.</speaker>
<p id="21">
	<s id="1">Oh, je leur ferai bien voir...</s>
</p>
</sp>
<sp who='MADAME GUIMAUVIN'><speaker>MADAME GUIMAUVIN.</speaker>
<p id="22">
	<s id="1">Vous perdrez votre procès, Monsieur, ils ont six mos d'avance.</s>
</p>
</sp>
<sp who='LE BARON'><speaker>LE BARON.</speaker>
<p id="23">
	<s id="1">Ah ! </s>
	<s id="2">Je crève, j'enrage ; et voilà de quoi déranger tout le bien que les Eaux de Bourbon m'auraient pu faire.</s>
</p>
</sp>
<sp who='BLAISE'><speaker>BLAISE.</speaker>
<p id="24">
	<s id="1">Jusqu'au revoir. </s>
	<s id="2">Allez vous coucher, Monsieur_le_Baron, vous avez un petit somme à faire.</s>
</p>
</sp>
<sp who='BABET'><speaker>BABET.</speaker>
<p id="25">
	<s id="1">C'est avec la dernière confusion, mon père...</s>
</p>
</sp>
<sp who='MONSIEUR GROGNET'><speaker>MONSIEUR GROGNET.</speaker>
<p id="26">
	<s id="1">Les choses ont mieux tourné que tu ne mérites : va, je te pardonne.</s>
</p>
</sp>
<sp who='VALÈRE'><speaker>VALÈRE.</speaker>
<p id="27">
	<s id="1">Et moi, Monsieur, puis-je espérer aussi...</s>
</p>
</sp>
<sp who='MONSIEUR GROGNET'><speaker>MONSIEUR GROGNET.</speaker>
<p id="28">
	<s id="1">Vous avez pris la place de votre père, faites pour lui les honneurs de la noce.</s>
</p>
</sp>
<sp who='MADAME GUIMAUVIN'><speaker>MADAME GUIMAUVIN.</speaker>
<p id="29">
	<s id="1">Il les fera mieux que personne.</s>
</p>
</sp>
<sp who='BLAISE'><speaker>BLAISE.</speaker>
<p id="30">
	<s id="1">Allons, Messieux des Yaux de Bourbon, vive la joie : ce que n'an se baille de plaisir dans la vie fait morgué plus de bian que toutes les yaux du monde.</s>
</p>
</sp>
</div2>
<div2 type="scene" n='2'><head>DIVERTISSEMENT.</head>
<sp stage="location/sing" who='UN DES ACTEURS'><speaker>UN DES ACTEURS du Divertissement s'avance au bord du Théâtre, avec trois flûtes, et chante l'air suivant.</speaker>
	<l id='23'>On trouve dans cette fontaine </l>
	<l id='24'>La source de la santé ; </l>
	<l id='25'>Et son eau guérit sans peine, </l>
	<l id='26'>Le mal dont on est tourmenté ; </l>
	<l id='27'>Elle ramène </l>
	<l id='28'>La jeunesse et la beauté. </l>
</sp>
<sp stage="location/sing" who='UN PANTALON'><speaker>UN PANTALON prend la place de l'Actrice, et chante.</speaker>
<note type="L">Pantalon : Nom d'un personnage bouffon du théâtre italien, qui porte une culotte longue et qui représente les vieillards. [L]</note>
	<l id='29'>Heureux malades de Bourbon, </l>
	<l id='30'>Chantez, dansez, bannissez la tristesse : </l>
	<l id='31'>Contre la maladie, est-il rien de si bon, </l>
	<l id='32'>Qu'une prise d'allégresse ? </l>
<note type="L">Pantalonne : feminin de Pantalon cité ci-dessus comme personage bouffon. [L]</note>
<stage type="title">Entrée d'une petite Pantalonne, et de deux petits apothicaires.</stage>
</sp>
<sp stage="costume/carry" who='UNE ACTRICE'><speaker>UNE ACTRICE du Divertissement, avec une robe rouge de Médecin, une bouteille à la main.</speaker>
	<l id='33'>De par la Faculté, je viens défendre l'eau ; </l>
	<l id='34'>Contre le mal qui vous possède, </l>
	<l id='35'>Je vous apporte pour remède </l>
	<l id='36'>Un petit doigt de vin nouveau. </l>
	<l id='37'>L'eau n'est qu'une liqueur ingrate, </l>
	<l id='38'>Qui mène tout droit au tombeau ; </l>
<note type="L">Julep : Terme de pharmacie. Potion adoucissante ou calmante dans laquelle il n'entre ni huile, ni substances purgatives, ni poudres ou substances extractives, mais qui est composée simplement d'eau distillée et de sirops. [L]</note>
<note type="L">Hippocrate : Nom propre d'un célèbre Médecin Grec. [T]</note>
	<l id='39'>Les meilleurs juleps d'Hippocrate, </l>
	<l id='40'>Sont ceux qu'on prend dans le tonneau. </l>
<stage type="entrance/costume">Entrée d'un Officier avec des béquilles, d'un malade dans une chaise, et d'un cul-de-jatte.</stage>
	<l id='41'>Médecin, fermez boutique : </l>
	<l id='42'>Si l'on nous permet le vin ; </l>
	<l id='43'>Ce jus divin </l>
	<l id='44'>Fait rire un mélancolique, </l>
	<l id='45'>Et danser un paralytique. </l>
	<l id='46'>Médecin, fermez boutique. </l>
	<l id='47'>Si l'on nous permet le vin. </l>
<stage type="title">I. Entrée d'un Flamand et d'une Flamande.</stage>
</sp>
<sp stage="together" who='UN PANTALON, UN POLICHINELLE'><speaker>UN PANTALON et UN POLICHINELLE chantent.</speaker>
<note type="L">Polichinelle : Nom d'un personnage des farces napolitaines représentant un paysan balourd qui dit de bonnes vérités. [L]</note>
	<l id='48'>Quel bien devez-vous attendre </l>
<note type="L">Rhubarbe : Nom collectif deplusieurs racine employées en médecine, qui toutes appartiennent au genre rheum, polygonées. [L]</note>
	<l id='49'>De la rhubarbe et du séné ? </l>
	<l id='50'>On veut vous surprendre, </l>
<note type="L">Séné : Arbrisseau qui croît au Levant, et dont on nous apporte les feuilles, que l'on nomme aussi Séné. C'est un grand purgatif. [Ac. 1762]</note>
	<l id='51'>Quand on fait prendre, </l>
<note type="L">Récipé : Terme de Medecine. C'est une ordonnance qui contient le remede que doit prendre un malade. [F]</note>
	<l id='52'>Un tel récipé. </l>
	<l id='53'>Un bon lavement, </l>
	<l id='54'>Est toujours un tourment, </l>
	<l id='55'>Qui nous fait pousser bien des cris, </l>
	<l id='56'>Qu'il faut rendre quand on l'a pris. </l>
	<l id='57'>Que le remède est précieux, </l>
	<l id='58'>Qui plaît au goût, ainsi qu'aux yeux ! </l>
	<l id='59'>De-là, je conclus que le vin, </l>
<note type="L">Galien : Nom propre d'homme. Galenus. C'est le nom d'un Médecin célèbre, et non pas d'un Empereur. Galien était de Pergame en Asie ; et florissait sous Trajan et sous Hadrien. Il était fils du plus habile Architecte de la ville. Il étudia la Médecine sous Satyron et Pélops, tous deux très habiles Médecins. Il se fit connaître à Athènes, puis à Aléxandrie, et enfin à Rome, où il écrivit beaucoup. On dit qu'il composa deux cents volumes. Il mourut l'an 140. de J. C. âgé de 70 ans. [T]</note>
	<l id='60'>Malgré Galien, est le vrai médecin. </l>
<stage type="entrance">II. Entrée du Flamand et de la Flamande.</stage>
</sp>
<sp stage="sing" who='LE PANTALON'><speaker>LE PANTALON, chante.</speaker>
	<l id='61'>Tous les buveurs d'eau de Bourbon, </l>
	<l id='62'>N'ont pas besoin d'Apothicaire ; </l>
	<l id='63'>Ces eaux sont dans l'occasion, </l>
	<l id='64'>Un prétexte fort salutaire. </l>
	<l id='65'>Tous les buveurs d'eau de Bourbon, </l>
	<l id='66'>N'ont pas besoin d'Apothicaire. </l>
	<l id='67'>Un joueur Normand ou Gascon, </l>
	<l id='68'>Y fait toujours bien son affaire. </l>
	<l id='69'>Tous les buveurs d'eau de Bourbon, </l>
	<l id='70'>N'ont pas besoin d'Apothicaire. </l>
	<l id='71'>Près du beau sexe un vieux barbon, </l>
	<l id='72'>N'y fait que de l'eau toute claire. </l>
	<l id='73'>Tous les buveurs d'eau de Bourbon, </l>
	<l id='74'>N'ont pas besoin d'Apothicaire. </l>
	<l id='75'>Sans s'attirer mauvais renom, </l>
	<l id='76'>Plus d'une fille y devient mère. </l>
	<l id='77'>Tous les buveurs d'eau de Bourbon, </l>
	<l id='78'>N'ont pas besoin d'Apothicaire. </l>
	<l id='79'>Il s'y fait maint petit poupon, </l>
	<l id='80'>Qui bien souvent a plus d'un père. </l>
	<l id='81'>Tous les buveurs d'eau de Bourbon, </l>
	<l id='82'>N'ont pas besoin d'Apothicaire. </l>
</sp>
</div2>
</div1>
</body>
</text>
</TEI>