<?xml version="1.0" encoding="utf-8" ?>
<TEI xml:lang="fr">
<teiHeader>
		<fileDesc>
			<titleStmt>
				<title>LE CHARIVARI, COMÉDIE</title>
				<author type="texte" ISNI="0000 0001 1022 0873">DANCOURT (1661-1725)</author>
				<date>1699</date>
			</titleStmt>
			<publicationStmt>	
				<publisher>publié par Paul FIEVRE juin 2013, revu mars 2017.</publisher>
				<idno>DANCOURT_CHARIVARI</idno>
			<rights>Creative Commons BY-NC-SA</rights>
			</publicationStmt>
			<SourceDesc>
				<genre>Comédie</genre>
				<inspiration>moeurs</inspiration><structure>Un acte</structure>
				<type>prose</type>
				<periode>1691-1700</periode>
				<taille>(mesure non pertinente)</taille>
				<permalien></permalien>
			</SourceDesc>
		</fileDesc>
</teiHeader>
<text>
	<front>
		<docTitle>
			<titlePart type="main">LE CHARIVARI</titlePart>
			<titlePart type="sub">COMÉDIE</titlePart>
		</docTitle> 
		<docDate value="1697">M. CC. LXXXXVII</docDate>
		<docAuthor id="DANCOURT, Florent Carton dit" bio='dancourt'>Par Dancourt</docAuthor>
		<docImprint>
		<privilege date=""><head></head>
				<p></p>
		</privilege>
			<acheveImprime id=""></acheveImprime>
			<printer id=''></printer>
		</docImprint>
		<performance>
			<premiere date="1697-09-19" location='Théâtre de la rue des Fossés Saint-Germain'>Représentée pour la première fois le 19 Septembre 1797 au Théâtre de la rue des Fossés Saint-Germain.</premiere>
		</performance>
	<castList><head>ACTEURS.</head>
		<castItem><role id="MADAME LORICART" sex="2" type="H" statut='bourgeois' age='A' stat_amour='néant'>MADAME LORICART</role>, mère d'Angélique, et tante de Mariane.</castItem>
		<castItem><role id="MONSIEUR CLÉONTE" sex="1" type="H" statut='bourgeois' age='A' stat_amour='néant'>MONSIEUR CLÉONTE</role>, beau-frère de Madame Loricart. </castItem>
		<castItem><role id="MARIANE" sex="2" type="H" statut='bourgeois' age='A' stat_amour='néant'>MARIANE</role>, nièce de Madame Loricart. </castItem>
		<castItem><role id="ANGÉLIQUE" sex="2" type="H" statut='bourgeois' age='A' stat_amour='néant'>ANGÉLIQUE</role>, fille de Madame Loricart. </castItem>
		<castItem><role id="ÉRASTE" sex="1" type="H" statut='bourgeois' age='A' stat_amour='amuoreux'>ÉRASTE</role>, Amant d'Angélique. </castItem>
		<castItem><role id="CLITANDRE" sex="1" type="H" statut='bourgeois' age='A' stat_amour='amoureux'>CLITANDRE</role>, Amant de Mariane. </castItem>
		<castItem><role id="MATHURINE" sex="2" type="H" statut='servante' age='A' stat_amour='néant'>MATHURINE</role>, servante de Madame Loricart. </castItem>
		<castItem><role id="THIBAUT" sex="1" type="H" statut='jardinier' age='A' stat_amour='néant'>THIBAUT</role>, Jardinier de Madame Loricart. </castItem>
		<castItem><role id="LOLIVE" sex="1" type="H" statut='bourgeois' age='A' stat_amour='amoureux'>LOLIVE</role>, Amoureux de Mathurine. </castItem>
		<castItem><role id="LA FONTAINE" sex="1" type="H" statut="valet" age='A' stat_amour='néant'>LA FONTAINE</role>, valet de Clitandre. </castItem>
		<castItem><role id="LA FLEUR" sex="1" type="H" statut="valet" age='A' stat_amour='néant'>LA FLEUR</role>, valet d'Éraste. </castItem>
		<castItem><role id="LE TABELLION" sex="1" type="H" statut='tabellion' age='A' stat_amour='néant'>LE TABELLION</role>. </castItem>
		<castItem><role id="PAYSANS et PAYSANNNES" sex="9" type="H" statut='paysan' age='A' stat_amour='néant'>Plusieurs Paysans et Paysannes</role>.</castItem>
	</castList>
	<set location="Auteuil" country='France' periode='XVIIème' gps="48.849055, 2.266300">La Scène est à Auteuil.</set>
	</front>
<body>
<div1 type="act" n='1'><head></head>
<div2 type="scene" n='1'><head>SCÈNE I. Éraste, vêtu en Paysan, enveloppé dans un manteau, La Fleur.</head>
<sp who="ÉRASTE"><speaker>ÉRASTE.</speaker>
<p id="1">
	<s id="1">Tenez, la Fleur, ôtez mon manteau, et allez m'attendre au Dauphin avec vos camarades.</s>
</p>
</sp>
<sp who="LA FLEUR"><speaker>LA FLEUR.</speaker>
<p id="2">
	<s id="1">Oui, Monsieur.</s>
</p>
</sp>
<sp who="ÉRASTE"><speaker>ÉRASTE.</speaker>
<p id="3">
	<s id="1">Que je vous y trouve, au moins, si j'ai affaire de vous.</s>
</p>
</sp>
<sp who="LA FLEUR"><speaker>LA FLEUR.</speaker>
<p id="4">
	<s id="1">Nous ne nous éloignerons pas, Monsieur, cela suffit.</s>
</p>
</sp>
</div2>
<div2 type="scene" n='2'><head>SCÈNE II.</head>
<sp stage="alone" who="ÉRASTE"><speaker>ÉRASTE, seul.</speaker>
<p id="1">
	<s id="1">Me voilà déguisé d'une manière à n'être reconnu de personne.</s>
	<s id='2'>Oh !</s>
	<s id='3'>Pour cela il n'y a que la jeunesse, ou l'amour, qui puisse autoriser cette partie de plaisir.</s>
</p>
</sp>
</div2>
<div2 type="scene" n='3'><head>SCÈNE III. La Fontaine, Clitandre aussi vêtu en Paysan.</head>
<sp who="CLITANDRE"><speaker>CLITANDRE.</speaker>
<p id="1">
	<s id="1">La Fontaine, payez ce Fiacre, et le renvoyez, entendez-vous ?</s>
</p>
</sp>
<sp who="LA FONTAINE"><speaker>LA FONTAINE.</speaker>
<p id="2">
	<s id="1">Oui, Monsieur. </s>
	<s id="2">Où mettra-t-on tous ces ustensiles de Musique que vous avez fait apporter ?</s>
</p>
</sp>
<sp who="CLITANDRE"><speaker>CLITANDRE.</speaker>
<p id="3">
	<s id="1">Au premier cabaret ; je ne tarderai pas à vous y joindre.</s>
</p>
</sp>
<sp who="LA FONTAINE"><speaker>LA FONTAINE.</speaker>
<p id="4">
	<s id="1">Nous allons vous y attendre.</s>
</p>
</sp>
</div2>
<div2 type="scene" n='4'><head>SCÈNE IV. Clitandre, Éraste.</head>
<sp who="ÉRASTE"><speaker>ÉRASTE.</speaker>
<p id="1">
	<s id="1">Ce Village n'est pas bien fréquenté aujourd'hui, et je n'y vois aucune apparence de noce.</s>
</p>
</sp>
<sp who="CLITANDRE"><speaker>CLITANDRE.</speaker>
<p id="2">
	<s id="1">Je ne sais où est la maison de Madame Loricart.</s>
</p>
</sp>
</div2>
<div2 type="scene" n='5'><head>SCÈNE V. Lolive, Clitandre, Éraste.</head>
<sp stage="costume" who='LOLIVE'><speaker>LOLIVE, aussi vêtu en paysan.</speaker>
<p id='1'>
	<s id='1'>Je ne connais ni le marié, ni la mariée, et je serai pourtant un des garçons de la noce.</s>
</p>
</sp>
<sp who="ÉRASTE"><speaker>ÉRASTE.</speaker>
<p id="2">
	<s id="1">Un des garçons de la noce ? </s>
	<s id="2">Justement, voilà ce que je cherche.</s>
</p>
</sp>
<sp who="CLITANDRE"><speaker>CLITANDRE.</speaker>
<p id="3">
	<s id="1">Ces deux drôles-ci m'apprendront peut-être ce que je veux savoir.</s>
</p>
</sp>
<sp who="LOLIVE"><speaker>LOLIVE.</speaker>
<p id="4">
	<s id="1">Voilà deux paysans assez bien bâtis, et la canaille de ce pays-ci n'est pas mal faite.</s>
</p>
</sp>
<sp stage="toward" who="ÉRASTE"><speaker>ÉRASTE, à Lolive.</speaker>
<p id="5">
	<s id="1">Serviteur, l'ami.</s>
</p>
</sp>
<sp who="LOLIVE"><speaker>LOLIVE.</speaker>
<p id="6">
	<s id="1">Ton valet, camarade.</s>
</p>
</sp>
<sp who="CLITANDRE"><speaker>CLITANDRE.</speaker>
<p id="7">
	<s id="1">Bonjour, enfants.</s>
</p>
</sp>
<sp who="ÉRASTE"><speaker>ÉRASTE.</speaker>
<p id="8">
	<s id="1">Que veut dire ceci ? </s>
	<s id="2">Me tromperais-je ?</s>
</p>
</sp>
<sp who="CLITANDRE"><speaker>CLITANDRE.</speaker>
<p id="9">
	<s id="1">Est-ce un songe, ou une vérité ?</s>
</p>
</sp>
<sp who="LOLIVE"><speaker>LOLIVE.</speaker>
<p id="10">
	<s id="1">Je me donne au diable, je crois que j'ai la berlue.</s>
</p>
</sp>
<sp who="ÉRASTE"><speaker>ÉRASTE.</speaker>
<p id="11">
	<s id="1">Est-ce toi, Lolive ?</s>
</p>
</sp>
<sp who="LOLIVE"><speaker>LOLIVE.</speaker>
<p id="12">
	<s id="1">Serait-ce vous, Monsieur Éraste ?</s>
</p>
</sp>
<sp who="CLITANDRE"><speaker>CLITANDRE.</speaker>
<p id="13">
	<s id="1">Éraste et Lolive !</s>
</p>
</sp>
<sp who="ÉRASTE"><speaker>ÉRASTE.</speaker>
<p id="14">
	<s id="1">C'est aussi Clitandre, je pense.</s>
</p>
</sp>
<sp who="CLITANDRE"><speaker>CLITANDRE.</speaker>
<p id="15">
	<s id="1">Oui, c'est moi-même.</s>
</p>
</sp>
<sp who="LOLIVE"><speaker>LOLIVE.</speaker>
<note type="L">Masque : Personne masquée. [L]</note>
<p id="16">
	<s id="1">Hé, vraiment oui. </s>
	<s id="2">Masques, où y a-t-il bal ?</s>
</p>
</sp>
<sp who="ÉRASTE"><speaker>ÉRASTE.</speaker>
<note type="L">Diantre : Terme populaire dont se servent ceux qui font scrupule de nommer le Diable. [F]</note>
<p id="17">
	<s id="1">Hé ! </s>
	<s id="2">Que diantre fais-tu ici dans cet équipage ?</s>
</p>
</sp>
<sp who="CLITANDRE"><speaker>CLITANDRE.</speaker>
<p id="18">
	<s id="1">Hé, que diantre y fais-tu toi-même ? </s>
	<s id="2">Parle.</s>
</p>
</sp>
<sp who="ÉRASTE"><speaker>ÉRASTE.</speaker>
<p id="19">
	<s id="1">Hé mais...</s>
</p>
</sp>
<sp who="CLITANDRE"><speaker>CLITANDRE.</speaker>
<p id="20">
	<s id="1">Quoi, mais ?</s>
</p>
</sp>
<sp who="LOLIVE"><speaker>LOLIVE.</speaker>
<note type="L">Equipage : Familièrement. Manière dont une personne est vêtue. [L]</note>
<note type="L">Lièvre : Fig. Courir le même lièvre, ambitionner la même place, rechercher la même femme, etc. [L]</note>
<p id="21">
	<s id="1">Point de finesse, Messieurs, nous sommes tous trois dans le même équipage, nous y faisons tous trois la même chose, et peut-être courons-nous tous trois le même lièvre ?</s>
</p>
</sp>
<sp who="ÉRASTE"><speaker>ÉRASTE.</speaker>
<note type="L">Fait : Convenir de ses faits, s'entendre d'avance sur ce qu'on fera. [L]</note>
<p id="22">
	<s id="1">L'aventure est assez bizarre. </s>
	<s id="2">Oh çà, ne nous trahissons point, éclaircissons-nous doucement, et convenons de nos faits.</s>
</p>
</sp>
<sp who="LOLIVE"><speaker>LOLIVE.</speaker>
<p id="23">
	<s id="1">C'est bien dit, nous sommes tous trois amoureux apparemment : si les objets sont différents, à la bonne heure, on se rendra réciproquement service de bonne amitié : si nous en voulons à la même personne, vous vous égorgerez tous deux, pour voir à qui elle demeurera, et je vous regarderai faire.</s>
</p>
</sp>
<sp who="CLITANDRE"><speaker>CLITANDRE.</speaker>
<p id="24">
	<s id="1">Je ne crois pas que nous poussions la chose jusque-là.</s>
</p>
</sp>
<sp who="ÉRASTE"><speaker>ÉRASTE.</speaker>
<p id="25">
	<s id="1">Çà voyons, parle-moi, franchement, qui t'amène ici ?</s>
</p>
</sp>
<sp who="LOLIVE"><speaker>LOLIVE.</speaker>
<p id="26">
	<s id="1">L'occasion d'une noce.</s>
</p>
</sp>
<sp who="ÉRASTE"><speaker>ÉRASTE.</speaker>
<p id="27">
	<s id="1">C'est aussi ce qui m'y attire.</s>
</p>
</sp>
<sp who="LOLIVE"><speaker>LOLIVE.</speaker>
<p id="28">
	<s id="1">Nous aimons tous trois la danse, à ce que je vois ; j'y viens dans la même intention.</s>
</p>
</sp>
<sp who="CLITANDRE"><speaker>CLITANDRE.</speaker>
<p id="29">
	<s id="1">On m'a fait dire de me déguiser en paysan, d'amener des instruments, et des musiciens.</s>
</p>
</sp>
<sp who="ÉRASTE"><speaker>ÉRASTE.</speaker>
<p id="30">
	<s id="1">On m'a fait dire la même chose.</s>
</p>
</sp>
<sp who="LOLIVE"><speaker>LOLIVE.</speaker>
<p id="31">
	<s id="1">À la musique près, j'ai reçu le même ordre, comme vous voyez.</s>
</p>
</sp>
<sp who="ÉRASTE"><speaker>ÉRASTE.</speaker>
<p id="32">
	<s id="1">La charmante personne que j'aime se nomme Angélique.</s>
</p>
</sp>
<sp who="CLITANDRE"><speaker>CLITANDRE.</speaker>
<p id="33">
	<s id="1">Celle que j'adore, est Mariane.</s>
</p>
</sp>
<sp who="LOLIVE"><speaker>LOLIVE.</speaker>
<p id="34">
	<s id="1">Bon : Vivat, Messieurs, point de rancune, la mienne s'appelle Mathurine.</s>
</p>
</sp>
<sp who="ÉRASTE"><speaker>ÉRASTE.</speaker>
<p id="35">
	<s id="1">Angélique est fille d'une vieille Madame Loricart, qui a une maison dans le Village.</s>
</p>
</sp>
<sp who="CLITANDRE"><speaker>CLITANDRE.</speaker>
<p id="36">
	<s id="1">Mariane est sa nièce.</s>
</p>
</sp>
<sp who="LOLIVE"><speaker>LOLIVE.</speaker>
<p id="37">
	<s id="1">Et Mathurine est la servante : cela est tout à fait heureux. </s>
	<s id="2">Messieurs, nous ne sortirons pas de la famille.</s>
</p>
</sp>
<sp who="ÉRASTE"><speaker>ÉRASTE.</speaker>
<p id="38">
	<s id="1">Angélique est la plus charmante personne.</s>
</p>
</sp>
<sp who="CLITANDRE"><speaker>CLITANDRE.</speaker>
<p id="39">
	<s id="1">Mariane est la plus adorable.</s>
</p>
</sp>
<sp who="LOLIVE"><speaker>LOLIVE.</speaker>
<note type="L">Dondon : Femme ou fille qui a de l'embonpoint et de la fraîcheur. [C]</note>
<p id="40">
	<s id="1">C'est la plus appétissante dondon que Mathurine !</s>
</p>
</sp>
<sp who="CLITANDRE"><speaker>CLITANDRE.</speaker>
<p id="41">
	<s id="1">Mais la Madame Loricart est une vieille folle qu'il n'y a pas moyen d'apprivoiser ; et depuis trois semaines qu'elle est dans ce village, je n'ai pas osé en aborder.</s>
</p>
</sp>
<sp who="ÉRASTE"><speaker>ÉRASTE.</speaker>
<p id="42">
	<s id="1">Je t'en offre autant, c'est une aussi surveillante Madame.</s>
</p>
</sp>
<sp who="LOLIVE"><speaker>LOLIVE.</speaker>
<p id="43">
	<s id="1">Nous l'endormirons, ne vous mettez pas en peine, on ne nous a pas mandés pour rien. </s>
	<s id="2">Il y a une noce dans le village, nos Dames en seront apparemment : ces noces de village sont tumultueuses, on ne nous connaîtra point. </s>
	<s id="3">J'augure bien de notre voyage.</s>
</p>
</sp>
<sp who="ÉRASTE"><speaker>ÉRASTE.</speaker>
<note type="L">Langue : Prendre langue, aller aux renseignements, s'informer. [L]</note>
<p id="44">
	<s id="1">Il faudrait tâcher de prendre langue, et de savoir...</s>
</p>
</sp>
<sp who="LOLIVE"><speaker>LOLIVE.</speaker>
<p id="45">
	<s id="1">Laissez-moi faire. </s>
	<s id="2">Voici la maison de Madame Loricart. </s>
	<s id='3'>Je vais reconnaître la place, et je vous en rendrai compte. </s>
	<s id="4">Où vous trouverai-je ?</s>
</p>
</sp>
<sp who="ÉRASTE"><speaker>ÉRASTE.</speaker>
<p id="46">
	<s id="1">J'ai dit à mes gens de m'attendre au Dauphin.</s>
</p>
</sp>
<sp who="CLITANDRE"><speaker>CLITANDRE.</speaker>
<p id="47">
	<s id="1">Les miens y sont aussi, apparemment.</s>
</p>
</sp>
<sp who="LOLIVE"><speaker>LOLIVE.</speaker>
<p id="48">
	<s id="1">À la bonne heure, j'aime les rendez-vous de cabaret, ils sont heureux. </s>
	<s id="2">Quelqu'un sort de la maison, je vais faire jaser ce compère-là, et vous aurez bientôt de mes nouvelles.</s>
</p>
</sp>
</div2>
<div2 type="scene" n='6'><head>SCÈNE VI. Lolive, Thibaut.</head>
<sp who="THIBAUT"><speaker>THIBAUT.</speaker>
<note type="L">Morgué : Sorte de juron de paysan. [L]</note>
<p id="1">
	<s id="1">Morgué, je ne sais ce que ça veut dire, vela quasiment ma forteune faite, et je ne saurais avoir le coeur joyeux.</s>
</p>
</sp>
<sp who="LOLIVE"><speaker>LOLIVE.</speaker>
<p id="2">
	<s id="1">Voilà une vraie physionomie de nouveau marié, ne serait-ce point celui dont nous venons honorer la noce ?</s>
</p>
</sp>
<sp who="THIBAUT"><speaker>THIBAUT.</speaker>
<note type="C">L'original semble avoir mis biau. Mais il est vraisemblable qu'il faille lire bian pour "bien".</note>
<p id="3">
	<s id="1">Ouais, vela un drôle qui m'examine bian.</s>
</p>
</sp>
<sp who="LOLIVE"><speaker>LOLIVE.</speaker>
<p id="4">
	<s id="1">Je ne me trompe point, c'est lui-même.</s>
</p>
</sp>
<sp who="THIBAUT"><speaker>THIBAUT.</speaker>
<p id="5">
	<s id="1">Il a raison, c'est moi. </s>
	<s id="2">Il faut que ce soit queuqu'un de connaissance.</s>
</p>
</sp>
<sp who="LOLIVE"><speaker>LOLIVE.</speaker>
<p id="6">
	<s id="1">Vous voulez bien qu'on ait l'honneur de vous faire la révérence, et que l'on vous témoigne la joie que l'on a de votre heureux mariage.</s>
</p>
</sp>
<sp who="THIBAUT"><speaker>THIBAUT.</speaker>
<p id="7">
	<s id="1">Mon mariage, à moi ! </s>
	<s id="2">Et comment savez-vous ça ? </s>
	<s id="3">Il faut morgué que vous soyez sorcier, je n'en avons parlé à personne.</s>
</p>
</sp>
<sp who="LOLIVE"><speaker>LOLIVE.</speaker>
<p id="8">
	<s id="1">C'est pourtant une chose publique dans le village, et tout le monde se prépare pour danser à la noce...</s>
</p>
</sp>
<sp who="THIBAUT"><speaker>THIBAUT.</speaker>
<note type="L">Ventregué : altération de Ventrebleu. Espèce de juron euphémique pour ventre de Dieu. [L]</note>
<p id="9">
	<s id="1">Hé, ventregué ce n'est pas ça, c'est celle d'Ambroise et de la grande Margot que vous velez dire ; car pour la mienne, c'est un secret, voyez-vous, il ne faut morgué pas que personne en sache rian.</s>
</p>
</sp>
<sp who="LOLIVE"><speaker>LOLIVE.</speaker>
<p id="10">
	<s id="1">Il n'importe, je vous en félicite, et la part que je prends à tout ce qui vous regarde...</s>
</p>
</sp>
<sp who="THIBAUT"><speaker>THIBAUT.</speaker>
<note type="L">Palsangué : ou Palsanguienne. Jurement de paysan dans l'ancienne comédie. [L]</note>
<p id="11">
	<s id="1">Pargué, je vous en sis bian obligé, je vous remarcie. </s>
	<s id="2">Mais d'où viant cette amitié-là ? </s>
	<s id="3">D'où est-ce que je nous connaissons, s'il vous plaît ?</s>
</p>
</sp>
<sp who="LOLIVE"><speaker>LOLIVE.</speaker>
<p id="12">
	<s id="1">Quoi, vous ne me remettez pas ?</s>
</p>
</sp>
<sp who="THIBAUT"><speaker>THIBAUT.</speaker>
<p id="13">
	<s id="1">Hé, palsangué, comment vous remettre, pisque je ne nous sommes jamais vus ?</s>
</p>
</sp>
<sp who="LOLIVE"><speaker>LOLIVE.</speaker>
<p id="14">
	<s id="1">Cela ne fait rien, c'est moi qui suis le bon ami du cousin de la nièce de ce Curé, qui est parent du beau-frère de ce neveu, dont la tante avait un fils qui était ami de la marraine... là...</s>
</p>
</sp>
<sp who="THIBAUT"><speaker>THIBAUT.</speaker>
<p id="15">
	<s id="1">De ma marraine, à moi ?</s>
</p>
</sp>
<sp who="LOLIVE"><speaker>LOLIVE.</speaker>
<p id="16">
	<s id="1">Oui, justement, de votre marraine.</s>
</p>
</sp>
<sp who="THIBAUT"><speaker>THIBAUT.</speaker>
<p id="17">
	<s id="1">Ah ! </s>
	<s id="2">Que c'était une bonne parsonne que ma marraine, alle m'aimait bian pendant son vivant ; mais du depuis qu'elle est trépassée...</s>
</p>
</sp>
<sp who="LOLIVE"><speaker>LOLIVE.</speaker>
<p id="18">
	<s id="1">Elle est morte, la pauvre femme !</s>
</p>
</sp>
<sp who="THIBAUT"><speaker>THIBAUT.</speaker>
<note type="L">Tatigué : ou tétigué. Altération de tête-dieu dans la bouche des paysans des anciennes comédies. [L]</note>
<p id="19">
	<s id="1">Oh, tatigué, oui, elle est défunte, et son mari m'a joué d'un tour.</s>
</p>
</sp>
<sp who="LOLIVE"><speaker>LOLIVE.</speaker>
<p id="20">
	<s id="1">Comment donc cela ?</s>
</p>
</sp>
<sp who="THIBAUT"><speaker>THIBAUT.</speaker>
<p id="21">
	<s id="1">C'est un Procureur, comme vous savez, que le mari de défunt ma marraine.</s>
</p>
</sp>
<sp who="LOLIVE"><speaker>LOLIVE.</speaker>
<p id="22">
	<s id="1">Vraiment oui, je sais cela.</s>
</p>
</sp>
<sp who="THIBAUT"><speaker>THIBAUT.</speaker>
<p id="23">
	<s id="1">Vous savez donc bian itou qu'il était enragé de ce que sa femme avait un filleul qu'alle aimait tant ?</s>
</p>
</sp>
<sp who="LOLIVE"><speaker>LOLIVE.</speaker>
<p id="24">
	<s id="1">Oh diable oui, il était bien bien fâché, je m'en souviens.</s>
</p>
</sp>
<sp who="THIBAUT"><speaker>THIBAUT.</speaker>
<p id="25">
	<s id="1">Oui, mais il n'osait rian dire ; car de son côté il avait itou une petite filleule, et ils ne savions tous deux rien de ça quand ils s'épousirent.</s>
</p>
</sp>
<sp who="LOLIVE"><speaker>LOLIVE.</speaker>
<p id="26">
	<s id="1">Je le crois bien.</s>
</p>
</sp>
<sp who="THIBAUT"><speaker>THIBAUT.</speaker>
<p id="27">
	<s id="1">Oh dame, sitôt qu'ils furent mari et femme, le parrain fit sottement venir la filleule, la marraine fit bravement venir le filleul : chacun le sian, ce n'est pas trop, n'est-ce pas ? </s>
	<s id="2">La marraine est morte, le parrain m'a fait paysan, et il a fait sa filleule Madame. </s>
	<s id="3">Vous comprenez bian ?</s>
</p>
</sp>
<sp who="LOLIVE"><speaker>LOLIVE.</speaker>
<p id="28">
	<s id="1">Oui, je comprends que vous avez beaucoup perdu à la mort de cette marraine-là.</s>
</p>
</sp>
<sp who="THIBAUT"><speaker>THIBAUT.</speaker>
<note type="L">Gausser : Railler qu'elqu'un, s'en moquer. [F]</note>
<p id="29">
	<s id="1">Tatigué, je m'en gausse, j'ai bian rencontré ; je sommes heureux nous autres filleuls : je me suis fait le Jardinier d'une vieille Madame, qui a pris une si bonne amitié pour moi, que c'est la plus grande piquié du monde.</s>
</p>
</sp>
<sp who="LOLIVE"><speaker>LOLIVE.</speaker>
<p id="30">
	<s id="1">Madame Loricart ?</s>
</p>
</sp>
<sp who="THIBAUT"><speaker>THIBAUT.</speaker>
<p id="31">
	<s id="1">Justement : alle est folle de moi, et je ne sais par où : il y a morgué bian du caprice dans la tête des femmes, car je ne suis pas trop biau, n'est-ce pas ?</s>
</p>
</sp>
<sp who="LOLIVE"><speaker>LOLIVE.</speaker>
<p id="32">
	<s id="1">Vraiment, il n'y a pas d'excès.</s>
</p>
</sp>
<sp who="THIBAUT"><speaker>THIBAUT.</speaker>
<note type="L">Stanpandant : Stapandant, ou Stapendant. Stapendant est pour ce temps pendant, ou pendant ce temps-là. [T]</note>
<p id="33">
	<s id="1">Stanpandant, alle veut m'épouser, c'est sa folie ; je ly avais pourtant offert qu'alle ne m'épousît pas : mais j'ai biau dire, alle n'en veut morgué pas démordre.</s>
</p>
</sp>
<sp who="LOLIVE"><speaker>LOLIVE.</speaker>
<p id="34">
	<s id="1">Quand une femme se met quelque chose dans la cervelle...</s>
</p>
</sp>
<sp who="THIBAUT"><speaker>THIBAUT.</speaker>
<p id="35">
	<s id="1">J'ai opignion que ce qu'alle en fait, c'est pour faire enrager sa fille et sa nièce, qu'alle n'aime point.</s>
</p>
</sp>
<sp who="LOLIVE"><speaker>LOLIVE.</speaker>
<p id="36">
	<s id="1">Ah, ah !</s>
</p>
</sp>
<sp who="THIBAUT"><speaker>THIBAUT.</speaker>
<note type="L">Faire pièce à quelqu'un : lui faire une malice, en user mal avec lui. [L]</note>
<note type="L">Vindication : Vieux mot. Vengeance. [L]</note>
<p id="37">
	<s id="1">Alles ne m'aimont point itou, moi, cette fille et cette nièce ; alles vont avec une Mathuraine, qui est un serpent pour sa malice, alles me fesont toujours queuque pièce : et par vindication, pour faire ma forteune ; vous m'entendez bian ?</s>
</p>
</sp>
<sp who="LOLIVE"><speaker>LOLIVE.</speaker>
<p id="38">
	<s id="1">C'est fort bien fait.</s>
</p>
</sp>
<sp who="THIBAUT"><speaker>THIBAUT.</speaker>
<p id="39">
	<s id="1">Oui, mais motus, au moins ; il ne faut pas qu'on sache rian de ça, voyez-vous ?</s>
</p>
</sp>
<sp who="LOLIVE"><speaker>LOLIVE.</speaker>
<p id="40">
	<s id="1">Non, non, ne craignez rien.</s>
</p>
</sp>
<sp who="THIBAUT"><speaker>THIBAUT.</speaker>
<p id="41">
	<s id="1">Je fesons mystère de ça, comme si je tuions un homme.</s>
</p>
</sp>
<sp who="LOLIVE"><speaker>LOLIVE.</speaker>
<p id="42">
	<s id="1">Vous avez raison.</s>
</p>
</sp>
<sp who="THIBAUT"><speaker>THIBAUT.</speaker>
<p id="43">
	<s id="1">Le Tabellion a déjà eu plus de vingt écus pour qu'il n'en parlît à parsonne, et j'en ai fantaisie qu'il l'a dit à queuqu'un ; car il m'est avis que tout le monde s'en doute, et si je n'en sonne mot, moi, je m'en garde bian.</s>
</p>
</sp>
<sp who="LOLIVE"><speaker>LOLIVE.</speaker>
<p id="44">
	<s id="1">Que parlez-vous de Tabellion ? </s>
	<s id="2">Le contrat est donc dressé, apparemment ?</s>
</p>
</sp>
<sp who="THIBAUT"><speaker>THIBAUT.</speaker>
<note type="L">Appui de la boule : Aller à l'appui de la boule, jouer sa boule de manière qu'elle pousse celle du joueur avec qui l'on est associé ; et figurément, seconder. [L]</note>
<p id="45">
	<s id="1">Oui, voirement, et seigné itou de Madame Loricart, da ; car je ne seigne pas, moi ; et je prenons l'occasion de la noce d'Ambroise pour faire la nôtre à l'appui de la boule : ça n'est pas mal rusé ; n'est-ce pas.</s>
</p>
</sp>
<sp who="LOLIVE"><speaker>LOLIVE.</speaker>
<p id="46">
	<s id="1">Non, vraiment, cela est bien imaginé.</s>
</p>
</sp>
<sp who="THIBAUT"><speaker>THIBAUT.</speaker>
<note type="L">Robe : La profession des gens de judicature. [L]</note>
<p id="47">
	<s id="1">Quand ça sera fait une fois, ça sera fait ; je nous déclarerons, et j'apprendrai à lire et à écrire pour exercer queuque bonne charge de robe.</s>
</p>
</sp>
<sp who="LOLIVE"><speaker>LOLIVE.</speaker>
<p id="48">
	<s id="1">Fort bien.</s>
</p>
</sp>
<sp who="THIBAUT"><speaker>THIBAUT.</speaker>
<p id="49">
	<s id="1">En après ça je deviendrai veuf, et puis vela le garçon, je serai heureux comme un petit roi ; car je ne l'aime pas, moi, Madame Loricart ; et si ce n'était que je m'ennuie d'être Jardinier...</s>
</p>
</sp>
<sp who="LOLIVE"><speaker>LOLIVE.</speaker>
<p id="50">
	<s id="1">Je comprends fort bien cela, il n'y a personne qui n'en fît autant.</s>
</p>
</sp>
<sp who="THIBAUT"><speaker>THIBAUT.</speaker>
<note type="L">Déssaler : Dont on a ôté le sel. Fig. et familièrement Un homme déssalé, un homme fin, rusé. [L]</note>
<p id="51">
	<s id="1">N'est-il pas vrai ? </s>
	<s id="2">Ah, ah ! </s>
	<s id="3">Vela cette dessalée de Mathuraine que je vous disais ; je crois, Dieu me pardonne, qu'alle vous fait des mines.</s>
</p>
</sp>
<sp who="LOLIVE"><speaker>LOLIVE.</speaker>
<p id="52">
	<s id="1">À moi ?</s>
</p>
</sp>
<sp who="THIBAUT"><speaker>THIBAUT.</speaker>
<p id="53">
	<s id="1">Oui, palsanguenne, à vous ; je n'ai point la vue trouble. </s>
	<s id="2">Est-ce que vous la connaîtriais, cette masque-là.</s>
</p>
</sp>
<sp who="LOLIVE"><speaker>LOLIVE.</speaker>
<p id="54">
	<s id="1">Non, je vous assure.</s>
</p>
<stage type="aparte">À part.</stage>
<p id='55'>
	<s id="1">Il ne faut point l'aborder devant cet animal-là. </s>
	<s id="2">Jusqu'au revoir, Monsieur le Jardinier, je vous baise bien les mains.</s>
</p>
</sp>
<sp who="THIBAUT"><speaker>THIBAUT.</speaker>
<p id="56">
	<s id="1">Pargué, je ne nous séparerons pas comme ça, je renouvellerons connaissance.</s>
</p>
</sp>
</div2>
<div2 type="scene" n='7'><head>SCÈNE VII. Lolive, Mathurine, Thibaut.</head>
<sp who="MATHURINE"><speaker>MATHURINE.</speaker>
<p id="1">
	<s id="1">Parlez donc ho, Monsieur Thibaut, Madame est dans le jardin qui vous demande.</s>
</p>
</sp>
<sp who="THIBAUT"><speaker>THIBAUT.</speaker>
<p id="2">
	<s id="1">Pargué, qu'alle attende, alle me verra assez. </s>
	<s id="2">J'allons boire bouteille.</s>
</p>
</sp>
<sp stage="wave" who='LOLIVE'><speaker>LOLIVE, faisant signe qu'il va revenir.</speaker>
<p id='3'>
	<s id="1">Et nous ne tarderons pas à revenir : que Madame ne s'impatiente point.</s>
</p>
</sp>
</div2>
<div2 type="scene" n='8'><head>SCÈNE VIII.</head>
<sp stage="alone" who="MATHURINE"><speaker>MATHURINE, seule.</speaker>
<note type="L">Maroufle : Terme injurieux qu'on donne aux gens gros de corps, et grossiers d'esprit. [F]</note>
<p id="1">
	<s id="1">C'est ce maroufle de jardinier qui est cause que Lolive s'en va sans me dire un mot : il a bian fait, ce visage-là redit tout à Madame, ce sont deux têtes dans le même bonnet ; et la fausse vieille a biau dire que c'est le jardinage qu'elle aime, c'est le jardinier à qui alle en veut, sur ma parole.</s>
</p>
</sp>
</div2>
<div2 type="scene" n='9'><head>SCÈNE IX. Mathurine, Cléonte.</head>
<sp who="CLÉONTE"><speaker>CLÉONTE.</speaker>
<p id="1">
	<s id="1">Bonjour, ma chère Mathurine.</s>
</p>
</sp>
<sp who="MATHURINE"><speaker>MATHURINE.</speaker>
<p id="2">
	<s id="1">Ah ! </s>
	<s id="2">Votre servante, Monsieur Cléonte, soyez le bienvenu, vous danserez à la noce.</s>
</p>
</sp>
<sp who="CLÉONTE"><speaker>CLÉONTE.</speaker>
<p id="3">
	<s id="1">Comment se porte ma belle-soeur, Madame Loricart ?</s>
</p>
</sp>
<sp who="MATHURINE"><speaker>MATHURINE.</speaker>
<note type="L">Si : Pourtant, toutefois. (ce sens vieillit) [L]</note>
<p id="4">
	<s id="1">Toujours tout de même, alle nous fait enrager, comme de coutume ; alle ne veut jamais ce que je voulons, et alle veut toujours ce que je ne voulons pas ; et si je fais tout ce que je puis, moi, pour avoir l'honneur de ses bonnes grâces.</s>
</p>
</sp>
<sp who="CLÉONTE"><speaker>CLÉONTE.</speaker>
<p id="5">
	<s id="1">Elle est d'une humeur fort extraordinaire, cette femme-là ; mais il faut tâcher de s'y accommoder, et prendre des mesures pour concilier vos petits intérêts et ses caprices.</s>
</p>
</sp>
<sp who="MATHURINE"><speaker>MATHURINE.</speaker>
<note type="L">Simplesse : Terme populaire, qui ne se dit qu'en cette phrase proverbiale : Il ne demande qu'amour et simplesse, pour dire, Il n'est pas d'humeur à quereller personne. [F]</note>
<p id="6">
	<s id="1">C'est bien dit, Monsieur, vous parlez d'or, faites de même, je vous seconderons que rian n'y manquera : vous voici venu tout à propos, et je mourions d'envie de vous voir, ces Damoiselles et moi, afin que vous nous conseillissiais ce qu'il faut que je fassions ; car, voyez-vous, je n'y entendons point de malice, je ne demandons qu'amour et simplesse : je vous en croirons ! </s>
	<s id="2">Qu'en pensez-vous, vous n'avez qu'à dire ?</s>
</p>
</sp>
<sp who="CLÉONTE"><speaker>CLÉONTE.</speaker>
<p id="7">
	<s id="1">Mais avant que de vous expliquer ma pensée, il faut que je sois informé des vôtres. </s>
	<s id="2">De quoi est-il question ?</s>
</p>
</sp>
<sp who="MATHURINE"><speaker>MATHURINE.</speaker>
<p id="8">
	<s id="1">Il est question que je sommes amoureuses, conseillez-nous, nous marions-je ?</s>
</p>
</sp>
<sp who="CLÉONTE"><speaker>CLÉONTE.</speaker>
<p id="9">
	<s id="1">C'est le seul parti qu'il y ait à prendre, à ce qu'il me semble.</s>
</p>
</sp>
<sp who="MATHURINE"><speaker>MATHURINE.</speaker>
<p id="10">
	<s id="1">Hé bian, c'est justement le parti que votre belle-soeur ne veut pas que nous prenions.</s>
</p>
</sp>
<sp who="CLÉONTE"><speaker>CLÉONTE.</speaker>
<p id="11">
	<s id="1">Comment donc ? </s>
	<s id="2">Quel est son dessein ?</s>
</p>
</sp>
<sp who="MATHURINE"><speaker>MATHURINE.</speaker>
<p id="12">
	<s id="1">Que je mourions filles.</s>
</p>
</sp>
<sp who="CLÉONTE"><speaker>CLÉONTE.</speaker>
<p id="13">
	<s id="1">Je la vis pourtant, il y a deux mois, dans la résolution de marier sa fille et sa nièce, et elle voulait aussi te faire épouser...</s>
</p>
</sp>
<sp who="MATHURINE"><speaker>MATHURINE.</speaker>
<p id="14">
	<s id="1">Hé ! </s>
	<s id="2">Voirement oui, elle me voulait bailler un homme qui aurait parti quatre jours après pour aller chercher forteune aux antipodes : ho ! </s>
	<s id="3">Je ne veux point d'un mari voyageur. </s>
	<s id="4">Tenez, Monsieur Cléonte, ça ne vaut rian pour l'honneur d'une femme, ni pour le repos de sa conscience.</s>
</p>
</sp>
<sp who="CLÉONTE"><speaker>CLÉONTE.</speaker>
<p id="15">
	<s id="1">Tu as raison : mais pourquoi ma nièce Angélique a-t-elle refusé ce riche Banquier que sa mère lui destinait.</s>
</p>
</sp>
<sp who="MATHURINE"><speaker>MATHURINE.</speaker>
<p id="16">
	<s id="1">Pourquoi, Monsieur ? </s>
	<s id="2">C'était un vieux goûteux qui trépassit, il y a quinze jours : il y a deux mois que nan voulait faire le mariage ; si on l'avait fait, il y a plus de sept semaines qu'il serait entarré. </s>
	<s id="3">Voyez-vous, Mademoiselle Angélique veut se marier pour être mariée, et sa mère la voulait marier pour qu'alle fût veuve ; je m'en rapporte à vous, laqueulle est-ce qui a tort ?</s>
</p>
</sp>
<sp who="CLÉONTE"><speaker>CLÉONTE.</speaker>
<p id="17">
	<s id="1">Je ne puis condamner les sentiments de ma nièce ; si pourtant elle avait suivi ceux de sa mère, elle serait maîtresse d'un gros bien, elle aurait un douaire considérable...</s>
</p>
</sp>
<sp who="MATHURINE"><speaker>MATHURINE.</speaker>
<p id="18">
	<s id="1">Hé ! </s>
	<s id="2">Fi, fi, Monsieur, ce serait un bian mal acquis, je ne voulons point de ça, il n'est rian tel qu'un douaire bian gagné, c'est le plus profitable : des héritiers n'avont rian à dire. </s>
	<s id="3">Pour moi je serai bian aise de n'avoir rian à me reprocher.</s>
</p>
</sp>
<sp who="CLÉONTE"><speaker>CLÉONTE.</speaker>
<p id="19">
	<s id="1">Vous êtes scrupuleuse, à ce que je vois : serait-ce par scrupule aussi que Mademoiselle Mariane n'a point voulu de ce jeune avocat...</s>
</p>
</sp>
<sp who="MATHURINE"><speaker>MATHURINE.</speaker>
<note type="L">Benêt : Idiot, niais, nigaut, qui n'a point vu le monde. [T]</note>
<p id="20">
	<s id="1">Cet avocat, Monsieur ? </s>
	<s id="2">C'est un nigaud, un imbécile ; qu'aurait-elle fait de ce benêt-là ? </s>
	<s id="3">Alle est riche, Mademoiselle Mariane, alle a de quoi faire la forteune d'un homme. </s>
	<s id="4">Oh dame, accoutez, on est bian aise d'avoir queuque chose de bon pour son argent, et puis il m'est avis qu'une honnête femme ne doit point vouloir d'un mari sot.</s>
</p>
</sp>
<sp who="CLÉONTE"><speaker>CLÉONTE.</speaker>
<p id="21">
	<s id="1">Je ne la blâme donc pas, d'avoir refusé celui-là.</s>
</p>
</sp>
<sp who="MATHURINE"><speaker>MATHURINE.</speaker>
<p id="22">
	<s id="1">Vela tout justement, Monsieur, les petites raisons que j'avons eues pour ne vouloir point des maris que nan voulait nous bailler, et pour prendre la libarté d'en choisir d'autres, que je ne prendrons pourtant que bian à propos.</s>
</p>
</sp>
<sp who="CLÉONTE"><speaker>CLÉONTE.</speaker>
<p id="23">
	<s id="1">J'entends bien. </s>
	<s id="2">Ces Damoiselles ont quelque amant dans la tête, n'est-ce pas ?</s>
</p>
</sp>
<sp who="MATHURINE"><speaker>MATHURINE.</speaker>
<note type="L">Rubrique : Ocre rouge artificielle. Titres des livres de droit civil et canon, qu'autrefois on écrivait en rouge. [L]</note>
<p id="24">
	<s id="1">Et moi itou, Monsieur ; je vous les ferons voir, ils sont tous trois dans le village ; et je vous prierons, comme vous êtes Avocat, de nous bailler queuque rubrique, pour en faire accroire à Madame, et pour nous moquer d'elle sous la protection de la Justice.</s>
</p>
</sp>
<sp who="CLÉONTE"><speaker>CLÉONTE.</speaker>
<p id="25">
	<s id="1">Nous verrons cela : et si mes nièces ont fait un bon choix, je ne m'opposerai point à leur bonheur.</s>
</p>
</sp>
<sp who="MATHURINE"><speaker>MATHURINE.</speaker>
<p id="26">
	<s id="1">Je crois que vela Madame. </s>
	<s id="2">Il n'est pas besoin qu'alle sache encore rian de tout ça, entendez-vous ?</s>
</p>
</sp>
<sp who="CLÉONTE"><speaker>CLÉONTE.</speaker>
<p id="27">
	<s id="1">Non, non, ne crains rien.</s>
</p>
</sp>
</div2>
<div2 type="scene" n='10'><head>SCÈNE X. Mathurine, Madame Loricart, Cléonte.</head>
<sp who="MADAME LORICART"><speaker>MADAME LORICART.</speaker>
<p id="1">
	<s id="1">Hé bien, Mathurine, où est donc le Jardinier ? </s>
	<s id="2">Ne t'avais-je pas dit...</s>
</p>
</sp>
<sp who="MATHURINE"><speaker>MATHURINE.</speaker>
<p id="2">
	<s id="1">Oui, Madame : mais...</s>
</p>
</sp>
<sp who="MADAME LORICART"><speaker>MADAME LORICART.</speaker>
<p id="3">
	<s id="1">Ah, ah ! </s>
	<s id="2">Voilà mon beau-frère. </s>
	<s id="3">Qui vous a mandé ? </s>
	<s id="4">Que venez-vous faire ici.</s>
</p>
</sp>
<sp who="CLÉONTE"><speaker>CLÉONTE.</speaker>
<p id="4">
	<s id="1">Vous rendre visite, ma soeur, chercher à vous divertir, et à vous tirer de cette mauvaise humeur où l'on dit que vous prenez plaisir à vous entretenir vous-même.</s>
</p>
</sp>
<sp who="MADAME LORICART"><speaker>MADAME LORICART.</speaker>
<note type="L">Bourru : Fantasque, bizarre, fâcheux. [FC]</note>
<p id="5">
	<s id="1">Où l'on dit, où l'on dit. </s>
	<s id="2">Ah ! </s>
	<s id="3">Que je reconnais bien là mes deux coquines, qui me font passer pour une bourrue, pour une capricieuse. </s>
	<s id="4">N'est-ce point toi aussi qui te mêles...</s>
</p>
</sp>
<sp who="MATHURINE"><speaker>MATHURINE.</speaker>
<p id="6">
	<s id="1">Moi, Madame ? </s>
	<s id="2">Demandez à Monsieur si je vous ai parlé de ça. </s>
	<s id="3">Au contraire, voirement, je vous trouve la Madame la plus joyeuse du monde, quand vous êtes avec votre Jardinier, da.</s>
</p>
</sp>
<sp who="MADAME LORICART"><speaker>MADAME LORICART.</speaker>
<p id="7">
	<s id="1">Il n'y a que lui de raisonnable dans toute la maison.</s>
</p>
</sp>
<sp who="MATHURINE"><speaker>MATHURINE.</speaker>
<p id="8">
	<s id="1">Ça est vrai, Madame, nous sommes des bêtes nous autres ; et Monsieur Cléonte itou n'est qu'un animal en comparaison de Monsieur Thibaut.</s>
</p>
</sp>
<sp who="CLÉONTE"><speaker>CLÉONTE.</speaker>
<p id="9">
	<s id="1">En te remerciant, ma chère Mathurine.</s>
</p>
</sp>
<sp who="MADAME LORICART"><speaker>MADAME LORICART.</speaker>
<p id="10">
	<s id="1">Il ne faut pas prendre garde à ce qu'elle dit. </s>
	<s id="2">Oh, çà, çà, je suis bien aise de vous voir. </s>
	<s id="3">Quand vous en retournez-vous ?</s>
</p>
</sp>
<sp who="CLÉONTE"><speaker>CLÉONTE.</speaker>
<p id="11">
	<s id="1">Quand je m'apercevrai que je vous incommode.</s>
</p>
</sp>
<sp who="MADAME LORICART"><speaker>MADAME LORICART.</speaker>
<p id="12">
	<s id="1">Vous ne m'incommodez point, pourvu que vous ne vous mêliez point de mes affaires.</s>
</p>
</sp>
<sp who="CLÉONTE"><speaker>CLÉONTE.</speaker>
<p id="13">
	<s id="1">Cela suffit.</s>
</p>
</sp>
<sp who="MADAME LORICART"><speaker>MADAME LORICART.</speaker>
<p id="14">
	<s id="1">Que vous me laissiez gouverner ma famille à ma fantaisie.</s>
</p>
</sp>
<sp who="CLÉONTE"><speaker>CLÉONTE.</speaker>
<p id="15">
	<s id="1">Vous êtes la maîtresse.</s>
</p>
</sp>
<sp who="MADAME LORICART"><speaker>MADAME LORICART.</speaker>
<p id="16">
	<s id="1">Que vous ne preniez point mal à propos le parti de vos nièces.</s>
</p>
</sp>
<sp who="CLÉONTE"><speaker>CLÉONTE.</speaker>
<p id="17">
	<s id="1">Je m'en garderai bien.</s>
</p>
</sp>
<sp who="MATHURINE"><speaker>MATHURINE.</speaker>
<p id="18">
	<s id="1">Et que vous faisiez bian des amitiés à maître Thibaut, entendez-vous ?</s>
</p>
</sp>
<sp who="CLÉONTE"><speaker>CLÉONTE.</speaker>
<p id="19">
	<s id="1">Qu'à cela ne tienne.</s>
</p>
</sp>
<sp who="MATHURINE"><speaker>MATHURINE.</speaker>
<p id="20">
	<s id="1">Ces Damoiselles ne le respectont pas assez queuquefois, et ça fâche Madame.</s>
</p>
</sp>
<sp who="MADAME LORICART"><speaker>MADAME LORICART.</speaker>
<p id="21">
	<s id="1">Ce sont des insolentes que je réduirai.</s>
</p>
</sp>
<sp who="CLÉONTE"><speaker>CLÉONTE.</speaker>
<p id="22">
	<s id="1">Vous ferez bien.</s>
</p>
</sp>
<sp who="MADAME LORICART"><speaker>MADAME LORICART.</speaker>
<p id="23">
	<s id="1">Elles me contredisent en toutes choses, et moi de mon côté.</s>
</p>
</sp>
<sp who="CLÉONTE"><speaker>CLÉONTE.</speaker>
<p id="24">
	<s id="1">Vous les contraignez en toutes choses aussi, n'est-ce pas ?</s>
</p>
</sp>
<sp who="MADAME LORICART"><speaker>MADAME LORICART.</speaker>
<p id="25">
	<s id="1">Assurément.</s>
</p>
</sp>
<sp who="MATHURINE"><speaker>MATHURINE.</speaker>
<p id="26">
	<s id="1">C'est bian fait, ce sont des obstinées. </s>
	<s id="2">Tenez, Monsieur, il y a une noce dans le Village, dont alles avont prié qu'on les priit ; et par esprit de contradiction alles n'en voulont pas être, afin que Madame veuille qu'alles en soyont.</s>
</p>
</sp>
<sp who="MADAME LORICART"><speaker>MADAME LORICART.</speaker>
<p id="27">
	<s id="1">Ho je n'en aurai pas le démenti, je fais tous les frais de la noce ; on dansera ici dans ma cour, et je ferai même le festin pour leur faire dépit.</s>
</p>
</sp>
<sp who="CLÉONTE"><speaker>CLÉONTE.</speaker>
<p id="28">
	<s id="1">C'est bien prendre la chose.</s>
</p>
</sp>
<sp who="MATHURINE"><speaker>MATHURINE.</speaker>
<p id="29">
	<s id="1">Alles seront bian attrapées, n'est-ce pas, Monsieur ?</s>
</p>
</sp>
<sp who="CLÉONTE"><speaker>CLÉONTE.</speaker>
<p id="30">
	<s id="1">Sans doute.</s>
</p>
</sp>
<sp who="MADAME LORICART"><speaker>MADAME LORICART.</speaker>
<p id="31">
	<s id="1">Et pour les mortifier davantage, là, pour abaisser leur petit orgueil, je les fais habiller en paysannes.</s>
</p>
</sp>
<sp who="MATHURINE"><speaker>MATHURINE.</speaker>
<p id="32">
	<s id="1">C'est moi qui vous ai baillé cet avis-là Madame.</s>
</p>
</sp>
<sp who="MADAME LORICART"><speaker>MADAME LORICART.</speaker>
<p id="33">
	<s id="1">Cela est vrai, je t'en ai l'obligation.</s>
</p>
</sp>
<sp who="CLÉONTE"><speaker>CLÉONTE.</speaker>
<p id="34">
	<s id="1">Vous prenez le bon parti, il faut dompter ces petits naturels-là.</s>
</p>
</sp>
<sp who="MADAME LORICART"><speaker>MADAME LORICART.</speaker>
<p id="35">
	<s id="1">J'en viendrai à bout, pourvu que vous ne les gâtiez pas, vous : car vous êtes leur bon oncle, à ce qu'elles disent, et vous ne savez non plus gouverner des enfants...</s>
</p>
</sp>
<sp who="CLÉONTE"><speaker>CLÉONTE.</speaker>
<p id="36">
	<s id="1">Ne craignez rien, je vais les voir, et je ne leur donnerai que de bons conseils et des sentiments raisonnables.</s>
</p>
</sp>
</div2>
<div2 type="scene" n='11'><head>SCÈNE XI. Mathurine, Madame Loricart.</head>
<sp who="MATHURINE"><speaker>MATHURINE.</speaker>
<p id="1">
	<s id="1">Avec tout ça, c'est un bonhomme que ce Monsieur Cléonte, et si pourtant il m'est avis que vous n'êtes pas trop aise quand il viant cheux vous.</s>
</p>
</sp>
<sp who="MADAME LORICART"><speaker>MADAME LORICART.</speaker>
<p id="2">
	<s id="1">Vraiment, j'ai bien affaire de lui, n'ai-je pas assez souffert de la mauvaise humeur de feu son frère, sans avoir les fréquentes visites de celui-ci ?</s>
</p>
</sp>
<sp who="MATHURINE"><speaker>MATHURINE.</speaker>
<p id="3">
	<s id="1">Est-ce que feu Monsieur Loricart était de mauvaise himeur, Madame ?</s>
</p>
</sp>
<sp who="MADAME LORICART"><speaker>MADAME LORICART.</speaker>
<note type="L">Cheval de carrosse : Fig. Il est brutal, stupide comme un cheval de carrosse, c'est un vrai cheval de carrosse, se dit d'un homme brutal et stupide. [L]</note>
<p id="4">
	<s id="1">Lui ? </s>
	<s id="2">C'était le plus grand cheval de carrosse, le plus grand brutal. </s>
	<s id="3">Dieu veuille avoir son âme ; il a bien fait de mourir, je n'y pouvais plus vivre.</s>
</p>
</sp>
<sp who="MATHURINE"><speaker>MATHURINE.</speaker>
<p id="5">
	<s id="1">Vela une belle épitaphe ?</s>
</p>
</sp>
<sp who="MADAME LORICART"><speaker>MADAME LORICART.</speaker>
<p id="6">
	<s id="1">Il m'a donné bien des chagrins : mais, ou je ne pourrai, ou je les rendrai bien à Mademoiselle sa fille.</s>
</p>
</sp>
<sp who="MATHURINE"><speaker>MATHURINE.</speaker>
<p id="7">
	<s id="1">À sa fille, Madame ! </s>
	<s id="2">Et n'est-ce point la vôtre ?</s>
</p>
</sp>
<sp who="MADAME LORICART"><speaker>MADAME LORICART.</speaker>
<p id="8">
	<s id="1">Je ne saurais que te dire, le beau-frère, la fille, la nièce, je n'aime point du tout cette parenté-là. </s>
	<s id="2">On n'a point de plus grands ennemis que ses parents, ce sont des espions qui contrôlent perpétuellement tout ce que vous faites, et je n'aime pas être contrôlée, moi.</s>
</p>
</sp>
<sp who="MATHURINE"><speaker>MATHURINE.</speaker>
<note type="L">Récritatif : mot inventé pas Dancourt à partir de récrier qui signifie faire une exclamation sur une chôse, qui surprend, ou qui choque. On dirait actuellement: il n'y a de quoi se récrier.</note>
<p id="9">
	<s id="1">Ça n'est pas récriatif, vous avez raison.</s>
</p>
</sp>
<sp who="MADAME LORICART"><speaker>MADAME LORICART.</speaker>
<p id="10">
	<s id="1">Je suis veuve, j'ai du bien, je ne dépends de personne, je veux faire la fortune de quelqu'un qui m'en sache gré.</s>
</p>
</sp>
<sp who="MATHURINE"><speaker>MATHURINE.</speaker>
<p id="11">
	<s id="1">C'est bian avisé, Madame, faites la mienne, je sis une bonne pâte de criature, je vous remarcierai tant que vous n'aurez à dire.</s>
</p>
</sp>
<sp who="MADAME LORICART"><speaker>MADAME LORICART.</speaker>
<p id="12">
	<s id="1">Oui, j'aurai soin de toi, laisse-moi faire, tu es une fort bonne fille : mais...</s>
</p>
</sp>
<sp who="MATHURINE"><speaker>MATHURINE.</speaker>
<p id="13">
	<s id="1">Ah, j'entends bien ce mais-là, ce n'est pas la frorteune d'une fille que vous voulez faire, c'est celle de queuque garçon, n'est-ce pas ?</s>
</p>
</sp>
<sp who="MADAME LORICART"><speaker>MADAME LORICART.</speaker>
<p id="14">
	<s id="1">Ma famille m'a fait prendre autrefois un mari à sa fantaisie, sans m'en demander mon avis.</s>
</p>
</sp>
<sp who="MATHURINE"><speaker>MATHURINE.</speaker>
<p id="15">
	<s id="1">C'est votre tour à cette heure, d'en prendre un à votre fantaisie, à vous, sans demander l'avis de la famille.</s>
</p>
</sp>
<sp who="MADAME LORICART"><speaker>MADAME LORICART.</speaker>
<p id="16">
	<s id="1">Il me paraît qu'il n'y a rien de plus juste.</s>
</p>
</sp>
<sp who="MATHURINE"><speaker>MATHURINE.</speaker>
<p id="17">
	<s id="1">Non voirement. </s>
	<s id="2">Ah l'heureux Jardinier que ce maître Thibaut !</s>
</p>
</sp>
<sp who="MADAME LORICART"><speaker>MADAME LORICART.</speaker>
<p id="18">
	<s id="1">Hé, qui te dit que c'est lui...</s>
</p>
</sp>
<sp who="MATHURINE"><speaker>MATHURINE.</speaker>
<p id="19">
	<s id="1">Oh, que je ne me trompe point. </s>
	<s id="2">Tenez, Madame, à le voir impartinant comme il est, je me sis quasiment toujours doutée de la chose.</s>
</p>
</sp>
<sp who="MADAME LORICART"><speaker>MADAME LORICART.</speaker>
<p id="20">
	<s id="1">Paix, tais-toi, sur les yeux de ta tête : quoique je sois maîtresse de mes actions, je veux éviter de certaines choses.</s>
</p>
</sp>
<sp who="MATHURINE"><speaker>MATHURINE.</speaker>
<p id="21">
	<s id="1">Oui, c'est bian dit, vous avez raison, on en ferait des chansons, si on savait ça. </s>
	<s id="2">Il y a de maleignes gens dans le Village.</s>
</p>
</sp>
<sp who="MADAME LORICART"><speaker>MADAME LORICART.</speaker>
<p id="22">
	<s id="1">Bon, des chansons ! </s>
	<s id="2">C'est bien là ce que je crains. </s>
	<s id="3">Mais pour ne se pas exposer aux reproches et aux sots discours...</s>
</p>
</sp>
<sp who="MATHURINE"><speaker>MATHURINE.</speaker>
<p id="23">
	<s id="1">Allez, allez, n'en appréhendez point du côté de cheux nous, c'est la même Leune qui gouverne toute votre famille.</s>
</p>
</sp>
<sp who="MADAME LORICART"><speaker>MADAME LORICART.</speaker>
<p id="24">
	<s id="1">Comment donc ? </s>
	<s id="2">Que veux-tu dire ?</s>
</p>
</sp>
<sp who="MATHURINE"><speaker>MATHURINE.</speaker>
<p id="25">
	<s id="1">Je ne sais pas queu vent a soufflé sur la maison ; mais votre fille et votre nièce sont tout aussi folles que vous, je vous en avartis.</s>
</p>
</sp>
<sp who="MADAME LORICART"><speaker>MADAME LORICART.</speaker>
<p id="26">
	<s id="1">Mathurine !</s>
</p>
</sp>
<sp who="MATHURINE"><speaker>MATHURINE.</speaker>
<p id="27">
	<s id="1">Alles voulont itou faire la forteune de queuqu'un.</s>
</p>
</sp>
<sp who="MADAME LORICART"><speaker>MADAME LORICART.</speaker>
<p id="28">
	<s id="1">Qu'est-ce que cela signifie ?</s>
</p>
</sp>
<sp who="MATHURINE"><speaker>MATHURINE.</speaker>
<p id="29">
	<s id="1">Qu'alles avont chacune un amoureux dans le Village.</s>
</p>
</sp>
<sp who="MADAME LORICART"><speaker>MADAME LORICART.</speaker>
<p id="30">
	<s id="1">Ah ! </s>
	<s id="2">Les impertinentes, les ridicules, les extravagantes.</s>
</p>
</sp>
<sp who="MATHURINE"><speaker>MATHURINE.</speaker>
<p id="31">
	<s id="1">Oui, c'est tout comme vous, vous dis-je, alles avont cette fantaisie-là.</s>
</p>
</sp>
<sp who="MADAME LORICART"><speaker>MADAME LORICART.</speaker>
<p id="32">
	<s id="1">Mais voyez ces malheureuses, ces coquines, ces dévergondées : ah ! </s>
	<s id="2">Je leur apprendrai bien...</s>
</p>
</sp>
<sp who="MATHURINE"><speaker>MATHURINE.</speaker>
<p id="33">
	<s id="1">Mais voirement, Madame, alles ne font pas pis que vous ; tout le tort qu'alles avont, c'est qu'alles pourriont mieux faire, qu'alles n'ont qu'à choisir ; et que vous, ce n'est pas de même.</s>
</p>
</sp>
<sp who="MADAME LORICART"><speaker>MADAME LORICART.</speaker>
<p id="34">
	<s id="1">Comment ? </s>
	<s id="2">Comment donc ?</s>
</p>
</sp>
<sp who="MATHURINE"><speaker>MATHURINE.</speaker>
<p id="35">
	<s id="1">Quand on est comme elles, on prend ce qu'on veut : quand on est comme vous, on prend ce qu'on trouve.</s>
</p>
</sp>
<sp who="MADAME LORICART"><speaker>MADAME LORICART.</speaker>
<p id="36">
	<s id="1">Ne va pas leur faire cette confidence, au moins.</s>
</p>
</sp>
<sp who="MATHURINE"><speaker>MATHURINE.</speaker>
<p id="37">
	<s id="1">Non, non, Madame, ne faites pas non plus semblant de savoir ce que je vous ai dit d'elles.</s>
</p>
</sp>
<sp who="MADAME LORICART"><speaker>MADAME LORICART.</speaker>
<p id="38">
	<s id="1">Que mon beau-frère surtout...</s>
</p>
</sp>
<sp who="MATHURINE"><speaker>MATHURINE.</speaker>
<p id="39">
	<s id="1">Je le ferons donner dans le panniau, ne vous mettez pas en peine, je suis pour mon compte itou là-dedans, moi, Madame.</s>
</p>
</sp>
<sp who="MADAME LORICART"><speaker>MADAME LORICART.</speaker>
<p id="40">
	<s id="1">Toi, Mathurine ?</s>
</p>
</sp>
<sp who="MATHURINE"><speaker>MATHURINE.</speaker>
<p id="41">
	<s id="1">Oui, voirement, et tenez vela mon paysan : oh dame, Madame, j'avons chacun le nôtre.</s>
</p>
</sp>
<sp who="MADAME LORICART"><speaker>MADAME LORICART.</speaker>
<p id="42">
	<s id="1">Ce garçon-là n'est pas mal fait, vraiment.</s>
</p>
</sp>
<sp who="MATHURINE"><speaker>MATHURINE.</speaker>
<p id="43">
	<s id="1">N'est-il pas vrai ? </s>
	<s id="2">Vous auriais grondé dans un autre temps, mais j'ons barre sur vous. </s>
	<s id="3">Comme ça vous rend bonne ! </s>
	<s id="4">Approchez, garçon, et faites la révérence à Madame.</s>
</p>
</sp>
</div2>
<div2 type="scene" n='12'><head>SCÈNE XII. Madame Loricart, Lolive, Mathurine.</head>
<sp who="LOLIVE"><speaker>LOLIVE.</speaker>
<p id="1">
	<s id="1">Je suis bien heureux, Madame, d'avoir l'honneur...</s>
</p>
</sp>
<sp who="MADAME LORICART"><speaker>MADAME LORICART.</speaker>
<p id="2">
	<s id="1">Bon jour, mon ami, bon jour. </s>
	<s id="2">Je vais rejoindre mon beau frère, si tu vois Thibaut, envoie-le moi, j'ai quelque chose à lui dire.</s>
</p>
</sp>
</div2>
<div2 type="scene" n='13'><head>SCÈNE XIII. Lolive, Mathurine.</head>
<sp who="LOLIVE"><speaker>LOLIVE.</speaker>
<p id="1">
	<s id="1">Qu'est-ce donc que cela ? </s>
	<s id="2">Madame Loricart me paraît plus traitable que de coutume, elle s'apprivoise, à ce qu'il me semble.</s>
</p>
</sp>
<sp who="MATHURINE"><speaker>MATHURINE.</speaker>
<p id="2">
	<s id="1">C'est notre Jardinier qui l'a apprivoisée ; je l'y passons ses fredaines, alle nous passe les nôtres.</s>
</p>
</sp>
<sp who="LOLIVE"><speaker>LOLIVE.</speaker>
<note type="L">Sur le pied de : à raison de, à proportion de. [L]</note>
<p id="3">
	<s id="1">Cela n'est pas malheureux, et sur ce pied-là, je n'aurai pas de regret à mon mariage, apparemment. </s>
	<s id="2">Pourquoi m'es-tu fait venir ? </s>
	<s id="3">Çà, voyons, de quoi est-il question.</s>
</p>
</sp>
<sp who="MATHURINE"><speaker>MATHURINE.</speaker>
<note type="L">Nipper : S'habiller de nippes. Temre géénral qui se dit tant des habits que des meubles. [F]</note>
<p id="4">
	<s id="1">De nous épouser : je suis bian nippée ! </s>
	<s id="2">J'ai six cents francs, tu as bon esprit, je ne sis pas sotte ; tian, mon garçon, marions-nous, l'ai opignion que nous serons bian ensemble.</s>
</p>
</sp>
<sp who="LOLIVE"><speaker>LOLIVE.</speaker>
<p id="5">
	<s id="1">Mais cela est bien, prompt, Mathurine, comme cette envie-là te prend ! </s>
	<s id="2">Je croyais venir à la noce d'un autre, et c'est de la mienne dont je suis prié.</s>
</p>
</sp>
<sp who="MATHURINE"><speaker>MATHURINE.</speaker>
<p id="6">
	<s id="1">Ça t'accommode-t-il ? </s>
	<s id="2">Vois si tu le veux, vela qui est fait : si tu ne le veux pas, que je ne te voie plus, j'en prendrai queuque autre.</s>
</p>
</sp>
<sp who="LOLIVE"><speaker>LOLIVE.</speaker>
<p id="7">
	<s id="1">Voilà une grosse personne qui aime bien délicatement.</s>
</p>
</sp>
<sp who="MATHURINE"><speaker>MATHURINE.</speaker>
<note type="L">Barguigneux : ou barguigneur, qui barguigne, qui marchande trop, qui est irrésolu et indeterminé. [L]</note>
<p id="8">
	<s id="1">Détermine-toi donc, je hais les barguigneux, dépêche.</s>
</p>
</sp>
<sp who="LOLIVE"><speaker>LOLIVE.</speaker>
<p id="9">
	<s id="1">Mais je ferai tout ce que tu voudras, moi, tu n'as qu'à dire. </s>
	<s id="2">Je t'aime, tu m'aimes aussi, tu as six cent francs, tu me demandes en mariage à moi-même, parce que je suis seul de ma famille : je ne suis pas cruel, je m'accorde à tes désirs ; voilà qui est fini, j'aurai la complaisance de t'épouser.</s>
</p>
</sp>
<sp who="MATHURINE"><speaker>MATHURINE.</speaker>
<note type="L">Magot : Gros singe sans queue du genre des macaques. Fig. et familièrement. Un magot, un homme fort laid. [L]</note>
<p id="10">
	<s id="1">La complaisance ! </s>
	<s id="2">Mais voyez ce magot ?</s>
</p>
</sp>
<sp who="LOLIVE"><speaker>LOLIVE.</speaker>
<p id="11">
	<s id="1">Ne te fâche donc point, nous voilà d'accord de nos faits : travaillons un peu pour le prochain maintenant. </s>
	<s id="2">Il y a dans le Village deux fidèles pasteurs qui attendent de mes nouvelles : ne pourrions-nous point les aboucher avec leurs bergères, et prendre ensemble des mesures...</s>
</p>
</sp>
<sp who="MATHURINE"><speaker>MATHURINE.</speaker>
<p id="12">
	<s id="1">Tu connais les amoureux de nos Demoiselles ?</s>
</p>
</sp>
<sp who="LOLIVE"><speaker>LOLIVE.</speaker>
<p id="13">
	<s id="1">Si je les connais ? </s>
	<s id="2">Ils m'attendent au Dauphin, te dis-je.</s>
</p>
</sp>
<sp who="MATHURINE"><speaker>MATHURINE.</speaker>
<p id="14">
	<s id="1">Va-t-en les chercher, et qu'ils veniont ici, il n'y a plus rian à craindre.</s>
</p>
</sp>
<sp who="LOLIVE"><speaker>LOLIVE.</speaker>
<p id="15">
	<s id="1">Mais sur quel pied se présenteront-ils ? </s>
	<s id="2">Ils sont déguisés en paysans.</s>
</p>
</sp>
<sp who="MATHURINE"><speaker>MATHURINE.</speaker>
<p id="16">
	<s id="1">Je le savons bian, c'est le tant mieux de l'affaire ; il ne faut pas qu'on sache qu'ils sont des Monsieux. </s>
	<s id="2">Fais les venir, et ne t'embarrasse point, tout ira bian.</s>
</p>
</sp>
</div2>
<div2 type="scene" n='14'><head>SCÈNE XIV. Mathurine, Thibaut.</head>
<sp who="THIBAUT"><speaker>THIBAUT.</speaker>
<p id="1">
	<s id="1">Oh palsanguenne, oui, j'ai bian affaire de ça. </s>
	<s id="2">Mais voyez un peu ces nigauds-là à qui ils en avont.</s>
</p>
</sp>
<sp who="MATHURINE"><speaker>MATHURINE.</speaker>
<p id="2">
	<s id="1">Qu'est-ce que c'est donc, Monsieur Thibaut, vous voilà bian de mauvaise himeur ?</s>
</p>
</sp>
<sp who="THIBAUT"><speaker>THIBAUT.</speaker>
<note type="L">Gobager : ou goberger. Se moquer, ou se réjouir. Il est populaire dans les deux sens. [FC]</note>
<p id="3">
	<s id="1">Hé vantregué, qui ne le serait pas ? </s>
	<s id="2">N'an se gobarge de moi dans tout le Village, et les petits enfants couront après moi : oh dame.</s>
</p>
</sp>
<sp who="MATHURINE"><speaker>MATHURINE.</speaker>
<p id="4">
	<s id="1">Est-ce que vous leur avez fait queuque chose.</s>
</p>
</sp>
<sp who="THIBAUT"><speaker>THIBAUT.</speaker>
<p id="5">
	<s id="1">Non, voirement, c'est notre Madame qui est cause de ça.</s>
</p>
</sp>
<sp who="MATHURINE"><speaker>MATHURINE.</speaker>
<p id="6">
	<s id="1">Madame Loricart ?</s>
</p>
</sp>
<sp who="THIBAUT"><speaker>THIBAUT.</speaker>
<note type="L">Aller à la moutarde : Les enfants en vont à la moutarde, se dit de quelque affaire qui est complétement ébruitée. [L]</note>
<p id="7">
	<s id="1">Avec son mariage qu'alle dit qui sera secret, et tout le monde en va à la moutarde.</s>
</p>
</sp>
<sp who="MATHURINE"><speaker>MATHURINE.</speaker>
<p id="8">
	<s id="1">Hé bian, tant mieux pour vous, cela vous fait honneur.</s>
</p>
</sp>
<sp who="THIBAUT"><speaker>THIBAUT.</speaker>
<p id="9">
	<s id="1">Queu peste d'honneur ! </s>
	<s id="2">Ils se gaussont tretous de moi, vous dis-je.</s>
</p>
</sp>
<sp who="MATHURINE"><speaker>MATHURINE.</speaker>
<p id="10">
	<s id="1">Ils ne prenont pas bien la chose.</s>
</p>
</sp>
<sp who="THIBAUT"><speaker>THIBAUT.</speaker>
<note type="L">Franquette : Il n'a d'usage que dans cette phrase adverbiale du style familier, à la franquette, franchement, ingénument, ou sans façon, sans cérémonie. [FC]</note>
<p id="11">
	<s id="1">Morgué, ils n'avont pas tort, il faut se rendre justice. </s>
	<s id="2">Tenez, à la franquette, Madame Mathurine, je nous déshonorons tous deux, Madame Loricart et moi, chacun à notre manière : alle, moi, parce qu'alle est vieille ; moi, alle, parce que je ne sis qu'un paysan : et si dans le fonds, il y va plus du mien que du sien ; car tatigué, je vaux mieux qu'elle, oui, et elle le sait bian, c'est alle qui me recherche.</s>
</p>
</sp>
<sp who="MATHURINE"><speaker>MATHURINE.</speaker>
<p id="12">
	<s id="1">Et tu crois que cela te déshonore de devenir le mari d'une parsonne dont tu n'es que le Jardinier.</s>
</p>
</sp>
<sp who="THIBAUT"><speaker>THIBAUT.</speaker>
<p id="13">
	<s id="1">Hé bian, qu'est-ce que ça fait ?</s>
</p>
</sp>
<sp who="MATHURINE"><speaker>MATHURINE.</speaker>
<p id="14">
	<s id="1">Ça fait ta forteune.</s>
</p>
</sp>
<sp who="THIBAUT"><speaker>THIBAUT.</speaker>
<p id="15">
	<s id="1">Bon, ma forteune, il faut bian qu'alle y trouve son compte, elle, pis que c'est elle qui me prie, vous dit-on : mais palsanguenne, il n'en sera rian, vela qui est résolu.</s>
</p>
</sp>
<sp who="MATHURINE"><speaker>MATHURINE.</speaker>
<p id="16">
	<s id="1">Mais acoutez donc, Monsieu Thibaut, songez bian que Madame est amoureuse de vous, au moins, et que...</s>
</p>
</sp>
<sp who="THIBAUT"><speaker>THIBAUT.</speaker>
<p id="17">
	<s id="1">Ça n'y fait rian : quand elle en devrait crever, alle ne m'aura morgué pas.</s>
</p>
</sp>
<sp who="MATHURINE"><speaker>MATHURINE.</speaker>
<p id="18">
	<s id="1">Mais...</s>
</p>
</sp>
<sp who="THIBAUT"><speaker>THIBAUT.</speaker>
<note type="L">Gausserie : Moquerie, mépris, raillerie. [F]</note>
<note type="L">Branché : Perché, Fig. et familièrement, pendu. [F]</note>
<p id="19">
	<s id="1">Il n'en sera pargué rian, vous dis-je : je sais bian ce qui en arriverait, je sis brutal, je me connais, je n'aime pas les gausseries, je casserais la tête à queuqu'un, qui en trépasserait, la Justice s'en voudrait mêler, et puis crac, vela le marié branché ; le beau commencement de noce ! </s>
	<s id="2">On dame, voyez-vous, j'aime mieux être un Jardinier en bonne santé, qu'un Monsieu pendu, il n'y a point de milieu.</s>
</p>
</sp>
<sp who="MATHURINE"><speaker>MATHURINE.</speaker>
<p id="20">
	<s id="1">Il n'y aura pas moyen de faire entendre raison à cet animal-là.</s>
</p>
</sp>
<sp who="THIBAUT"><speaker>THIBAUT.</speaker>
<p id="21">
	<s id="1">Où est-ce qu'est Madame ? </s>
	<s id="2">Je m'en vais tout franchement ly dire que je ne veux point d'elle. </s>
	<s id="3">Sans adieu, Madame Mathureine.</s>
</p>
</sp>
<sp who="MATHURINE"><speaker>MATHURINE.</speaker>
<p id="22">
	<s id="1">Mais attendez donc...</s>
</p>
</sp>
<sp who="THIBAUT"><speaker>THIBAUT.</speaker>
<p id="23">
	<s id="1">Je n'en démordrai point, vela qui est fini.</s>
</p>
</sp>
</div2>
<div2 type="scene" n='15'><head>SCÈNE XV.</head>
<sp who="MATHURINE"><speaker>MATHURINE.</speaker>
<p id="1">
	<s id="1">Ce brutal-là va faire une sottise qui portera préjudice à nos Damoiselles. </s>
	<s id="2">En voici déjà une, je varrons biantôt l'autre.</s>
</p>
</sp>
</div2>
<div2 type="scene" n='16'><head>SCÈNE XVI. Mariane, Mathurine.</head>
<sp who="MARIANE"><speaker>MARIANE.</speaker>
<p id="1">
	<s id="1">Hé bien, ma chère Mathurine, n'as-tu point de nouvelles d'Éraste et de Clitandre ? </s>
	<s id="2">Ma cousine est, comme moi, dans une impatience...</s>
</p>
</sp>
<sp who="MATHURINE"><speaker>MATHURINE.</speaker>
<p id="2">
	<s id="1">Ils sont tous deux ici, ne vous impatientez plus.</s>
</p>
</sp>
<sp who="MARIANE"><speaker>MARIANE.</speaker>
<p id="3">
	<s id="1">Sais-tu s'ils sont déguisés comme nous leur avons fait dire ?</s>
</p>
</sp>
<sp who="MATHURINE"><speaker>MATHURINE.</speaker>
<p id="4">
	<s id="1">Oui, vous allez les voir, j'ai donné ordre qu'on les amenît.</s>
</p>
</sp>
<sp who="MARIANE"><speaker>MARIANE.</speaker>
<p id="5">
	<s id="1">Ah, Mathurine ! </s>
	<s id="2">Tu n'y songes pas, et ma tante...</s>
</p>
</sp>
<sp who="MATHURINE"><speaker>MATHURINE.</speaker>
<p id="6">
	<s id="1">Que ça ne vous embarrasse point : vous les avez fait venir pour les voir une fois, pour qu'ils sachent ce que vous pensez, et pour savoir ce qu'ils voulont faire ; et il m'est avis qu'ils ne pouvont vous dire ça, à moins qu'ils ne vous parliont, je vous défie de faire autrement.</s>
</p>
</sp>
<sp who="MARIANE"><speaker>MARIANE.</speaker>
<p id="7">
	<s id="1">Mais nous avions projeté, comme tu sais, qu'ils ne paraîtraient ici qu'avec toute la noce, et que pendant qu'on danserait, dans la chaleur du divertissement, nous trouverions moyen de les entretenir, sans que ma tante, toute soupçonneuse qu'elle est, pût s'imaginer que deux paysans fussent nos amants.</s>
</p>
</sp>
<sp who="MATHURINE"><speaker>MATHURINE.</speaker>
<p id="8">
	<s id="1">Oh ! </s>
	<s id="2">Elle s'imaginerait fort bian ça, elle est la maîtresse d'un paysan, afin que vous le sachiais.</s>
</p>
</sp>
<sp who="MARIANE"><speaker>MARIANE.</speaker>
<p id="9">
	<s id="1">Tu perds l'esprit, Mathurine... Ma tante...</s>
</p>
</sp>
<sp who="MATHURINE"><speaker>MATHURINE.</speaker>
<p id="10">
	<s id="1">Est amoureuse du Jardinier... Ne vous l'ai-je pas toujours bian dit ?</s>
</p>
</sp>
<sp who="MARIANE"><speaker>MARIANE.</speaker>
<p id="11">
	<s id="1">Cela n'est pas possible ! </s>
	<s id="2">Ma tante et Thibaut ? </s>
	<s id="3">Cela serait trop plaisant.</s>
</p>
</sp>
<sp who="MATHURINE"><speaker>MATHURINE.</speaker>
<p id="12">
	<s id="1">Oui ; ça est bian réjouissant, n'est-ce pas ?</s>
</p>
</sp>
<sp who="MARIANE"><speaker>MARIANE.</speaker>
<p id="13">
	<s id="1">Ma tante amoureuse à son âge ?</s>
</p>
</sp>
<sp who="MATHURINE"><speaker>MATHURINE.</speaker>
<p id="14">
	<s id="1">Et amoureuse de maître Thibaut encore.</s>
</p>
</sp>
<sp who="MARIANE"><speaker>MARIANE.</speaker>
<note type="L">Prude : Qui est sage et modeste. [F]</note>
<p id="15">
	<s id="1">Elle qui fait si fort la prude, et qui nous prêche continuellement de mépriser tous les hommes du monde ?</s>
</p>
</sp>
<sp who="MATHURINE"><speaker>MATHURINE.</speaker>
<note type="L">Sarmoneur : ou sermneur. Grand parleur qui fait d'ennuyeuses remontrances, de longs discours. [F]</note>
<p id="16">
	<s id="1">Oh ! </s>
	<s id="2">Défiez-vous de ces sarmonneuses-là, alles ne prenont jamais pour elles ce qu'alles disent aux autres.</s>
</p>
</sp>
<sp who="MARIANE"><speaker>MARIANE.</speaker>
<p id="17">
	<s id="1">Oh, je l'attends désormais avec ses sermons et ses remontrances.</s>
</p>
</sp>
<sp who="MATHURINE"><speaker>MATHURINE.</speaker>
<p id="18">
	<s id="1">Je sommes en droit de chapitrer la chapitreuse.</s>
</p>
</sp>
<sp who="MARIANE"><speaker>MARIANE.</speaker>
<p id="19">
	<s id="1">Je ne m'en sens pas de joie, je l'avoue.</s>
</p>
</sp>
</div2>
<div2 type="scene" n='17'><head>SCÈNE XVII. Cléonte, Angélique, Mariane, Mathurine.</head>
<sp who="MARIANE"><speaker>MARIANE.</speaker>
<p id="1">
	<s id="1">Ma chère cousine, ta mère est folle, nous sommes les plus heureuses personnes du monde.</s>
</p>
</sp>
<sp who="ANGÉLIQUE"><speaker>ANGÉLIQUE.</speaker>
<p id="2">
	<s id="1">Tu extravagues toi-même de te figurer cela, et de le regarder comme un bonheur.</s>
</p>
</sp>
<sp who="MARIANE"><speaker>MARIANE.</speaker>
<p id="3">
	<s id="1">Il ne pouvait nous en arriver un plus grand.</s>
</p>
</sp>
<sp who="CLÉONTE"><speaker>CLÉONTE.</speaker>
<p id="4">
	<s id="1">Vous n'y songez pas, ma nièce, de quelle utilité pourrait vous être ce que vous dites, supposé même qu'il fût vrai ?</s>
</p>
</sp>
<sp who="MARIANE"><speaker>MARIANE.</speaker>
<p id="5">
	<s id="1">Vous ne le comprenez pas, parce que ma cousine n'a pas achevé de vous dire toutes nos affaires, et que vous ignorez de quelle nature est la folie de ma tante.</s>
</p>
</sp>
<sp who="CLÉONTE"><speaker>CLÉONTE.</speaker>
<p id="6">
	<s id="1">Je sais que Clitandre vous aime, qu'Éraste est amoureux d'Angélique, que vous êtes sensibles toutes deux au mérite et à la passion de l'un et de l'autre ; et il me semble que bien loin de vous réjouir que votre tante fût folle, vous devriez souhaiter qu'elle fût assez sage pour agréer ces deux alliances.</s>
</p>
</sp>
<sp who="MATHURINE"><speaker>MATHURINE.</speaker>
<p id="7">
	<s id="1">Oh pour stilà, c'est moi qui en réponds, elle sera assez sage pour agrier tous vos mariages, pourvu que vous soyais assez fous pour agrier le sien.</s>
</p>
</sp>
<sp who="CLÉONTE"><speaker>CLÉONTE.</speaker>
<p id="8">
	<s id="1">Comment donc ?</s>
</p>
</sp>
<sp who="ANGÉLIQUE"><speaker>ANGÉLIQUE.</speaker>
<p id="9">
	<s id="1">Je m'y perds : quel galimatias nous fait-on de folie, de mariage de ma mère ? </s>
	<s id="2">Qu'est-ce que cela veut dire ?</s>
</p>
</sp>
<sp who="MATHURINE"><speaker>MATHURINE.</speaker>
<p id="10">
	<s id="1">Ça veut dire que votre mère va épouser son Jardinier.</s>
</p>
</sp>
<sp who="ANGÉLIQUE"><speaker>ANGÉLIQUE.</speaker>
<p id="11">
	<s id="1">Ah, mon oncle !</s>
</p>
</sp>
<sp who="CLÉONTE"><speaker>CLÉONTE.</speaker>
<p id="12">
	<s id="1">Mathurine ?</s>
</p>
</sp>
<sp who="ANGÉLIQUE"><speaker>ANGÉLIQUE.</speaker>
<p id="13">
	<s id="1">Il faut empêcher cela, mon oncle.</s>
</p>
</sp>
<sp who="CLÉONTE"><speaker>CLÉONTE.</speaker>
<p id="14">
	<s id="1">Au contraire, ne nous y opposons point.</s>
</p>
</sp>
<sp who="MATHURINE"><speaker>MATHURINE.</speaker>
<p id="15">
	<s id="1">Monsieur a bon esprit, laissez faire à Madame cette sottise-là, afin qu'alle vous laisse faire les vôtres.</s>
</p>
</sp>
<sp who="MARIANE"><speaker>MARIANE.</speaker>
<p id="16">
	<s id="1">Mais Éraste et Clitandre s'accommoderont-ils, l'un de devenir le gendre, et l'autre le neveu d'un paysan ?</s>
</p>
</sp>
<sp who="MATHURINE"><speaker>MATHURINE.</speaker>
<note type="L">Doutance : Vieux mot. Doute. [Thomas Corneille]</note>
<p id="17">
	<s id="1">La belle doutance, ils se sont bian fait paysans eux-mêmes pour l'amour de vous. </s>
	<s id="2">Tenez, les vela. </s>
	<s id="3">Monsieur, les auriais-vous reconnus ?</s>
</p>
</sp>
<sp who="CLÉONTE"><speaker>CLÉONTE.</speaker>
<p id="18">
	<s id="1">Non vraiment.</s>
</p>
</sp>
</div2>
<div2 type="scene" n='18'><head>SCÈNE XVIII. Cléonte, Éraste, Clitandre, Mariane, Angélique, Mathurine, Lolive.</head>
<sp who="ÉRASTE"><speaker>ÉRASTE.</speaker>
<p id="1">
	<s id="1">C'est leur oncle qui est avec elles, Lolive.</s>
</p>
</sp>
<sp who="LOLIVE"><speaker>LOLIVE.</speaker>
<note type="L">Tout coup vaille : Au trictrac, coup et dés, veut dire que la primauté appartiendra à celui qui amènera le dé le plus fort. Tout coup vaille, arrive ce qu'il pourra. [L]</note>
<p id="2">
	<s id="1">Il n'importe, approchons toujours, tout coup vaille.</s>
</p>
</sp>
<sp who="CLITANDRE"><speaker>CLITANDRE.</speaker>
<p id="3">
	<s id="1">Que notre déguisement ne vous révolte point contre nous, Monsieur : il doit servir au contraire à vous marquer l'excès de la passion que nous avons pour ces adorables personnes ; et vous jugerez de la pureté de nos intentions...</s>
</p>
</sp>
<sp who="CLÉONTE"><speaker>CLÉONTE.</speaker>
<p id="4">
	<s id="1">Je ferais tort à mes nièces d'en douter, Messieurs ; et si Madame Loricart était raisonnable, vous n'auriez pas besoin de paraître ici sous des figures empruntées ; mais...</s>
</p>
</sp>
<sp who="ÉRASTE"><speaker>ÉRASTE.</speaker>
<p id="5">
	<s id="1">Nous serons malheureux sans votre protection, Monsieur.</s>
</p>
</sp>
<sp who="CLÉONTE"><speaker>CLÉONTE.</speaker>
<p id="6">
	<s id="1">Je n'oublierai rien pour vous rendre service.</s>
</p>
</sp>
<sp stage="toward" who='MARIANE'><speaker>MARIANE, à Clitandre.</speaker>
<p id="7">
	<s id="1">Y a-t-il longtemps que vous êtes ici ?</s>
</p>
</sp>
<sp who="CLITANDRE"><speaker>CLITANDRE.</speaker>
<p id="8">
	<s id="1">L'amour m'a fait y voler, belle Mariane.</s>
</p>
</sp>
<sp stage="toward" who='ANGÉLIQUE'><speaker>ANGÉLIQUE, à Éraste.</speaker>
<p id="9">
	<s id="1">Vous êtes venu le dernier, je gage ?</s>
</p>
</sp>
<sp who="ÉRASTE"><speaker>ÉRASTE.</speaker>
<p id="10">
	<s id="1">Vous perdriez, je vous assure.</s>
</p>
</sp>
<sp who="MATHURINE"><speaker>MATHURINE.</speaker>
<p id="11">
	<s id="1">Hé bian, ne vela-t-il pas ? </s>
	<s id="2">Vous vous parlez à l'oreille, il est bian temps de ça, j'ons des affaires communes, faut parler en commun, n'est-il pas vrai, monsieur Cléonte ? </s>
	<s id="3">Oh ça, tenez, vela itou, mon amoureux, je voudrions bian faire ces trois noces-là ; après ce que je vous ai dit, il m'est avis que la chose n'est pas si mal aisée. </s>
	<s id="4">Boutez un peu la main à la pâte, comment nous y prendrons-je ?</s>
</p>
</sp>
<sp who="CLITANDRE"><speaker>CLITANDRE.</speaker>
<p id="12">
	<s id="1">Entrez un peu dans nos intérêts, Monsieur.</s>
</p>
</sp>
<sp who="ÉRASTE"><speaker>ÉRASTE.</speaker>
<p id="13">
	<s id="1">Soyez-nous favorable, de grâce.</s>
</p>
</sp>
<sp who="LOLIVE"><speaker>LOLIVE.</speaker>
<p id="14">
	<s id="1">Prenez pitié de ces enfants-là.</s>
</p>
</sp>
<sp who="MARIANE"><speaker>MARIANE.</speaker>
<p id="15">
	<s id="1">Mon cher petit oncle ?</s>
</p>
</sp>
<sp who="ANGÉLIQUE"><speaker>ANGÉLIQUE.</speaker>
<p id="16">
	<s id="1">Mon bon oncle ?</s>
</p>
</sp>
<sp who="MATHURINE"><speaker>MATHURINE.</speaker>
<p id="17">
	<s id="1">Monsieur Clionte ?</s>
</p>
</sp>
<sp who="CLÉONTE"><speaker>CLÉONTE.</speaker>
<p id="18">
	<s id="1">Je ferai tout ce qui dépendra de moi, je vous le promets. </s>
	<s id="2">Si nous pouvions seulement avoir quelque preuve sérieuse des intentions de ma belle-soeur pour son maître Thibaut...</s>
</p>
</sp>
<sp who="LOLIVE"><speaker>LOLIVE.</speaker>
<note type="L">Charivari : Bruit confus que font des gens du peuple avec des poêles, des bassins et des chaudrons pour faire injure à quelqu'un. On fait les charivaris en dérision des gens d'un âge fort inégal qui se marient.</note>
<p id="19">
	<s id="1">Elles sont publiques dans le village, Monsieur ; et on leur prépare le régal d'un petit charivari même, j'en viens de voir les apprêts.</s>
</p>
</sp>
<sp who="CLÉONTE"><speaker>CLÉONTE.</speaker>
<p id="20">
	<s id="1">Ce peut-être un faux bruit qu'elle désavouera, et qui l'empêchera de s'engager plus avant dans cette fausse démarche.</s>
</p>
</sp>
<sp who="LOLIVE"><speaker>LOLIVE.</speaker>
<note type="L">Parbleu : Sorte de jurement. [L]</note>
<p id="21">
	<s id="1">Oh, parbleu, je la défie de reculer, elle a signé un Contrat, que j'ai vu ; je viens de boire avec maître Thibaut et avec le Tabellion.</s>
</p>
</sp>
<sp who="CLÉONTE"><speaker>CLÉONTE.</speaker>
<p id="22">
	<s id="1">Elle a signé un contrat ? </s>
	<s id="2">Il ne nous en faut pas davantage. </s>
	<s id="3">Allons, mes nièces. </s>
	<s id="4">Suivez-nous, Messieurs.</s>
</p>
<stage type="toward">À Lolive.</stage>
<p id="23">
	<s id="1">Tu sais le logis du Tabellion ?</s>
</p>
</sp>
<sp who="LOLIVE"><speaker>LOLIVE.</speaker>
<p id="24">
	<s id="1">Si je le sais ? </s>
	<s id="2">C'est un de mes anciens amis, un bon vivant, nous avons été ensemble au Collège. </s>
	<s id="3">Je m'en vais vous y mener.</s>
</p>
</sp>
<sp who="MATHURINE"><speaker>MATHURINE.</speaker>
<p id="25">
	<s id="1">Ne faut-il pas que j'aille avec vous, moi ? </s>
	<s id="2">J'y ai affaire, à ce qu'il me semble.</s>
</p>
</sp>
<sp who="MARIANE"><speaker>MARIANE.</speaker>
<p id="26">
	<s id="1">Non, demeure ici, Mathurine, afin d'amuser ma tante, en cas qu'elle s'avisât de demander où nous sommes.</s>
</p>
</sp>
<sp who="MATHURINE"><speaker>MATHURINE.</speaker>
<p id="27">
	<s id="1">Oui ; mais qu'on aille pas m'oublier chez le Tabellion. </s>
	<s id="2">Je veux être itou mariée, Monsieur Clionte.</s>
</p>
</sp>
<sp who="LOLIVE"><speaker>LOLIVE.</speaker>
<p id="28">
	<s id="1">Ne te mets pas en peine, ce sont mes affaires.</s>
</p>
</sp>
</div2>
<div2 type="scene" n='19'><head>SCÈNE XIX.</head>
<sp stage="alone" who="MATHURINE"><speaker>MATHURINE, seule.</speaker>
<p id="1">
	<s id="1">Ça sera trop plaisant, je nous en allons faire une charretée de noces, et c'est celle de Madame Loricart qui est cause de tout ça : queulle bénédiction !</s>
</p>
</sp>
</div2>
<div2 type="scene" n='20'><head>SCÈNE XX. Thibaut, Madame Loricart, Mathurine.</head>
<sp who="THIBAUT"><speaker>THIBAUT.</speaker>
<p id="1">
	<s id="1">Tatigué, Madame, ne vous avisez pas de me frapper, je serions deux, voyez-vous.</s>
</p>
</sp>
<sp stage="carry" who="MADAME LORICART"><speaker>MADAME LORICART, un bâton à la main.</speaker>
<p id="2">
	<s id="1">Tu es un coquin, tu m'épouseras, tu me l'as promis : tu me tiendras parole.</s>
</p>
</sp>
<sp who="MATHURINE"><speaker>MATHURINE.</speaker>
<p id="3">
	<s id="1">Hé, Madame, vous n'y pensez pas ; quel emportement !</s>
</p>
</sp>
<sp who="MADAME LORICART"><speaker>MADAME LORICART.</speaker>
<note type="L">Belître : Gros gueux qui mendie par fainéantise, et qui pourrait bien gagner sa vie. [F]</note>
<note type="L">Gueux : Indigent, qui est réduit à mendier. [FC]</note>
<p id="4">
	<s id="1">Mais, voyez ce fripon, ce maraud, ce bélître, ce gueux, cet impertinent, qui fait difficulté de m'épouser !</s>
</p>
</sp>
<sp who="MATHURINE"><speaker>MATHURINE.</speaker>
<p id="5">
	<s id="1">Il a tort, Madame, je le lui ai déjà dit. </s>
	<s id="2">Est-ce que vous êtes fou, maître Thibaut ?</s>
</p>
</sp>
<sp who="THIBAUT"><speaker>THIBAUT.</speaker>
<p id="6">
	<s id="1">Non, morgué, je ne sis point fou, Madame le sait bian ; je vians de lui dire ce que je vous avais dit, vela ce qui la fâche tant.</s>
</p>
</sp>
<sp who="MADAME LORICART"><speaker>MADAME LORICART.</speaker>
<p id="7">
	<s id="1">Le petit ingrat ! </s>
	<s id="2">C'est quelque mauvais conseil qu'on lui a donné, ma pauvre Mathurine ; car hier encore, signant le Contrat...</s>
</p>
</sp>
<sp who="THIBAUT"><speaker>THIBAUT.</speaker>
<p id="8">
	<s id="1">Vous m'avez attrapé, Madame, l'y a de la tricherie.</s>
</p>
</sp>
<sp who="MADAME LORICART"><speaker>MADAME LORICART.</speaker>
<p id="9">
	<s id="1">Je l'ai attrapé, moi ?</s>
</p>
</sp>
<sp who="THIBAUT"><speaker>THIBAUT.</speaker>
<note type="L">Vergogne : Vieux mot qui signifie honte, et qui ne s'employe plus que dans le burlesque. [F]</note>
<p id="10">
	<s id="1">Oh ! </s>
	<s id="2">Tatigué oui ; vous m'avez fait accroire que de me marier avec vous, ça me ferait de l'honneur, et c'est tout le contraire, ça me fait de la vergogne.</s>
</p>
</sp>
<sp who="MADAME LORICART"><speaker>MADAME LORICART.</speaker>
<p id="11">
	<s id="1">Ah ! </s>
	<s id="2">L'insolent, de quel terme il se sert. </s>
	<s id="3">De la vergogne, moi ? </s>
	<s id="4">De la vergogne ? </s>
	<s id="5">Mais fais-lui donc entendre raison, ma chère Mathurine ; il me fera mourir de chagrin, ce petit perfide-là.</s>
</p>
</sp>
<sp who="THIBAUT"><speaker>THIBAUT.</speaker>
<p id="12">
	<s id="1">Oh, ventregué, Madame, rengainez vos injures, je ne sis point un parfide, voyez-vous ?</s>
</p>
</sp>
<sp who="MATHURINE"><speaker>MATHURINE.</speaker>
<note type="L">Si fait : Sorte d'adverbe qui veut dire pardonnez-moi oui et qui a cours dans le bas style. [R]</note>
<note type="L">Voirement : Qui marque quelque réflexion. Ce mot est bas. [F]</note>
<p id="13">
	<s id="1">Si fait voirement, vous manquez de parole à Madame.</s>
</p>
</sp>
<sp who="MADAME LORICART"><speaker>MADAME LORICART.</speaker>
<p id="14">
	<s id="1">Après les engagements que nous avons ensemble...</s>
</p>
</sp>
<sp who="THIBAUT"><speaker>THIBAUT.</speaker>
<p id="15">
	<s id="1">Les engagements, Madame ? </s>
	<s id="2">Oh palsangué, je ne vous crains point, il ne s'est rian passé entre vous et moi, je sis à couvart du blâme.</s>
</p>
</sp>
<sp who="MADAME LORICART"><speaker>MADAME LORICART.</speaker>
<p id="16">
	<s id="1">N'avons-nous pas un Contrat de mariage ?</s>
</p>
</sp>
<sp who="THIBAUT"><speaker>THIBAUT.</speaker>
<p id="17">
	<s id="1">Ça n'y fait rian, je sis mineur, je reviendrai là contre.</s>
</p>
</sp>
<sp who="MADAME LORICART"><speaker>MADAME LORICART.</speaker>
<p id="18">
	<s id="1">Tu ferais casser notre Contrat, traître ?</s>
</p>
</sp>
<sp who="THIBAUT"><speaker>THIBAUT.</speaker>
<p id="19">
	<s id="1">Assurément, je sis un enfant en comparaison de vous ; l'y a eu de la surprise. </s>
	<s id="2">Si vous n'aviais point babillé encore, vous ou le Tabellion, c'en était pargué fait, j'eusse achevé la sottise, vous me teniais ; mais vous avez jasé, n'an s'est gaussé de moi, vous ne tenez rian.</s>
</p>
</sp>
<sp who="MADAME LORICART"><speaker>MADAME LORICART.</speaker>
<p id="20">
	<s id="1">Que je suis malheureuse !</s>
</p>
</sp>
<sp who="MATHURINE"><speaker>MATHURINE.</speaker>
<p id="21">
	<s id="1">Mais savez-vous bian que vous pardez l'esprit ; vous croyez qu'on se gausse de vous, parce que vous épousez Madame ; on se gaussera bian davantage, si vous ne l'épousez pas.</s>
</p>
</sp>
<sp who="THIBAUT"><speaker>THIBAUT.</speaker>
<p id="22">
	<s id="1">Vous croyez ça ? </s>
	<s id="2">Mais voici qui est admirable, les uns disont d'une façon, les autres disont de l'autre ; on ne sait à qui croire.</s>
</p>
</sp>
<sp who="MATHURINE"><speaker>MATHURINE.</speaker>
<p id="23">
	<s id="1">Ce sont des envieux de votre bonheur, qui vous tenont de mauvais discours.</s>
</p>
</sp>
<sp who="THIBAUT"><speaker>THIBAUT.</speaker>
<p id="24">
	<s id="1">Des envieux ?</s>
</p>
</sp>
<sp who="MADAME LORICART"><speaker>MADAME LORICART.</speaker>
<p id="25">
	<s id="1">Oui, mon cher enfant, des mal intentionnés, qui ne voient notre union qu'avec chagrin.</s>
</p>
</sp>
<sp who="THIBAUT"><speaker>THIBAUT.</speaker>
<p id="26">
	<s id="1">Hé bian, tenez, vela-t-il pas tout juste ? </s>
	<s id="2">C'est encore là ce que j'appréhende. </s>
	<s id="3">Votre biau-frère sera fâché, votre fille enragera, votre nièce fera la meine.</s>
</p>
</sp>
<sp who="MATHURINE"><speaker>MATHURINE.</speaker>
<p id="27">
	<s id="1">Non, je vous réponds du contraire, moi.</s>
</p>
</sp>
<sp who="MADAME LORICART"><speaker>MADAME LORICART.</speaker>
<p id="28">
	<s id="1">Ils en seront tous ravis, pourvu que tu m'aimes, n'est-ce pas, Mathurine ?</s>
</p>
</sp>
<sp who="MATHURINE"><speaker>MATHURINE.</speaker>
<p id="29">
	<s id="1">Oui, Madame, vous avez la meilleure famille...</s>
</p>
</sp>
<sp who="THIBAUT"><speaker>THIBAUT.</speaker>
<p id="30">
	<s id="1">Morgué, pas trop, et puis velez-vous que je vous dise, vous avez de vilaines manières, Madame.</s>
</p>
</sp>
<sp who="MADAME LORICART"><speaker>MADAME LORICART.</speaker>
<p id="31">
	<s id="1">Moi ?</s>
</p>
</sp>
<sp who="THIBAUT"><speaker>THIBAUT.</speaker>
<p id="32">
	<s id="1">Vous tenez là un bâton. </s>
	<s id="2">Oh dame, acoutez, quand je serai le mari, ne croyez pas avoir affaire au Jardinier, je veux être le maître.</s>
</p>
</sp>
<sp who="MADAME LORICART"><speaker>MADAME LORICART.</speaker>
<p id="33">
	<s id="1">Hé bien, tu le seras, je te le promets.</s>
</p>
</sp>
<sp who="THIBAUT"><speaker>THIBAUT.</speaker>
<p id="34">
	<s id="1">Vela qui est donc fait, moyennant tout ça je me raccommode : mais prenez-y garde, au moins.</s>
</p>
<stage type="sing/location">On chante en choeur derrière le théâtre :</stage>
</sp>
<sp who='LE CHOEUR'><speaker>LE CHOEUR.</speaker>
	<l id='1'>Courons faire honneur au mariage </l>
	<l id='2'>De Madame Loricart.</l>
</sp>
<sp who="THIBAUT"><speaker>THIBAUT.</speaker>
<p id="35">
	<s id="1">Queu tintamarre est-ce ça ? </s>
	<s id="2">C'est vous qui nommont, je pense. </s>
	<s id="3">Qu'est-ce que ça signifie : tatigué que de monde !</s>
</p>
<stage type="decor">Le théâtre change.</stage>
</sp>
</div2>
<div2 type="scene" n='21'><head>SCÈNE XXI. Cléonte, Madame Loricart, Thibaut, Mathurine, Mariane, Angélique, Éraste, Clitandre, Lolive, Le Tabellion.</head>
<sp who="CLÉONTE"><speaker>CLÉONTE.</speaker>
<p id="1">
	<s id="1">Voici tout le Village que nous vous amenons, ma soeur, avec les violons de la noce d'Ambroise, pour servir de prélude à la vôtre ; et pour nous réjouir avec vous du bon choix que vous avez fait.</s>
</p>
</sp>
<sp who="THIBAUT"><speaker>THIBAUT.</speaker>
<p id="2">
	<s id="1">Ils savont déjà tretous ça, voyez-vous...</s>
</p>
</sp>
<sp who="MADAME LORICART"><speaker>MADAME LORICART.</speaker>
<p id="3">
	<s id="1">Je ne crois pas, Monsieur, que vous soyez en droit de trouver mauvais...</s>
</p>
</sp>
<sp who="CLÉONTE"><speaker>CLÉONTE.</speaker>
<p id="4">
	<s id="1">Au contraire, Madame, nous en sommes tous ravis, je vous assure ; et Monsieur Thibaut veut bien que je sois le premier à le féliciter.</s>
</p>
</sp>
<sp who="THIBAUT"><speaker>THIBAUT.</speaker>
<p id="5">
	<s id="1">Parguenne, ils prennent bian la chose ; touchez, biau-frère ; embrassez-moi, ma fille ; serviteur ma nièce : et qu'on me baille un fauteuil, Mathureine.</s>
</p>
</sp>
<sp who="CLÉONTE"><speaker>CLÉONTE.</speaker>
<p id="6">
	<s id="1">Voici votre gendre aussi, Monsieur Thibaut, qui vous vient faire la révérence.</s>
</p>
</sp>
<sp who="MADAME LORICART"><speaker>MADAME LORICART.</speaker>
<p id="7">
	<s id="1">Comment, un gendre ?</s>
</p>
</sp>
<sp who="CLÉONTE"><speaker>CLÉONTE.</speaker>
<p id="8">
	<s id="1">Oui, Madame, votre famille augmente à vue d'oeil, comme vous voyez ; et voilà encore un neveu que je vous présente.</s>
</p>
</sp>
<sp who="THIBAUT"><speaker>THIBAUT.</speaker>
<p id="9">
	<s id="1">Alles avont itou chacune un Paysan : on a bon esprit dans cette famille-là, je les en aime davantage.</s>
</p>
</sp>
<sp who="CLÉONTE"><speaker>CLÉONTE.</speaker>
<p id="10">
	<s id="1">Vous ne refuserez pas, Madame, de signer les Contrats de ces deux Demoiselles ?</s>
</p>
</sp>
<sp who="MATHURINE"><speaker>MATHURINE.</speaker>
<note type="L">Domestique : Qui est d'une maison, sous un même chef de famille. En ce sens il se prend pour femme, enfants, hotes, parents et valets. [F]</note>
<p id="11">
	<s id="1">Et le nôtre, Madame, s'il vous plaît ? </s>
	<s id="2">Votre domestique se multiplie itou à l'exemple de la famille.</s>
</p>
</sp>
<sp who="CLÉONTE"><speaker>CLÉONTE.</speaker>
<p id="12">
	<s id="1">Approchez, Monsieur le Tabellion : allons, Madame.</s>
</p>
</sp>
<sp who="LE TABELLION"><speaker>LE TABELLION.</speaker>
<p id="13">
	<s id="1">Mais, Madame, il serait bon de savoir...</s>
</p>
</sp>
<sp who="THIBAUT"><speaker>THIBAUT.</speaker>
<p id="14">
	<s id="1">Hé, fy, morguenne, an ne nous fait point d'empêchement, il serait vilain d'en faire aux autres : allons, seignez ça, ma femme.</s>
</p>
</sp>
<sp who="MADAME LORICART"><speaker>MADAME LORICART.</speaker>
<p id="15">
	<s id="1">Mais, mon fils ?</s>
</p>
</sp>
<sp who="THIBAUT"><speaker>THIBAUT.</speaker>
<p id="16">
	<s id="1">Morgué, seignez, vous dis-je, et ne me le faites pas dire deux fois, vous savez bian que je veux être le maître.</s>
</p>
</sp>
<sp who="CLÉONTE"><speaker>CLÉONTE.</speaker>
<p id="17">
	<s id="1">Je vous assure, monsieur Thibaut, que vous êtes un fort galant homme, et que...</s>
</p>
</sp>
<sp who="THIBAUT"><speaker>THIBAUT.</speaker>
<note type="L">Ablativo : Mot populaire qui ne s'emploie que dans ce cas : ablativo tout en un tas, c'est-à-dire tout ensemble, avec confusion et désordre. [L]</note>
<p id="18">
	<s id="1">Sans compliment tretous, n'an vous en quitte. </s>
	<s id="2">Aimez-moi bian, respectez-moi bian, et je serons bons amis : allons, morgué, ablativo tout en un tas, mettons toutes les noces en une, point de gausserie, et vive la joie ; vela ma forteune faite.</s>
</p>
</sp>
</div2>
<div2 type="scene" n='22'><head>DIVERTISSEMENT DU CHARIVARI.</head>
<sp who='GUILLEMETTE'><speaker>GUILLEMETTE.</speaker>
	<l id='3'>Oh le joyeux assemblage, </l>
	<l id='4'>Accourez y prendre part.</l>
	<l id='5'>Habitants de ce village, </l>
	<l id='6'>Et venez à grand bruit : car </l>
	<l id='7'>Il faut faire honneur au mariage </l>
	<l id='8'>De Madame Loricart. </l>
</sp>
<sp who='LE CHOEUR'><speaker>LE CHOEUR.</speaker>
	<l id='9'>Il faut faire honneur au mariage </l>
	<l id='10'>De Madame Loricart. </l>
</sp>
<sp who='LE TABELLION'><speaker>LE TABELLION.</speaker>
	<l id='11'>Vous autres qui cherchez maris, </l>
	<l id='12'>La trompeuse marchandise : </l>
	<l id='13'>Fillettes, prenez garde à qui </l>
<note type="L">Chalandise : Concours de personnes qui vont acheter dans une même boutique. [T]</note>
	<l id='14'>Vous donnez votre chalandise : </l>
	<l id='15'>Retenez, pour faire un bon choix, </l>
	<l id='16'>Qu'un jeune garçon de village, </l>
	<l id='17'>En ménage, </l>
	<l id='18'>Vaut toujours mieux qu'un vieux bourgeois.</l>
<stage type="title">DIALOGUE.</stage>
</sp>
<sp who='GUILLEMETTE'><speaker>GUILLEMETTE.</speaker>
	<l id='19'>Ma commère Colinette, </l>
	<l id='20'>Ton mari t'aime-t-il bien ? </l>
</sp>
<sp who='COLINETTE'><speaker>COLINETTE.</speaker>
	<l id='21'>En bonne foi, Guillemette, </l>
	<l id='22'>Es-tu contente du tien ? </l>
</sp>
<sp who='GUILLEMETTE'><speaker>GUILLEMETTE.</speaker>
	<l id='23'>Hé, le moyen ? </l>
	<l id='24'>C'est un vaurien, </l>
	<l id='25'>Qui toujours a quelque amourette, </l>
	<l id='26'>Il en compte à la Robinette, </l>
	<l id='27'>À moi seule il ne dit rien ; </l>
	<l id='28'>Quel mari.</l>
</sp>
<sp who='COLINETTE'><speaker>COLINETTE.</speaker>
	<l id='29'>C'est comme le mien.</l>
</sp>
<sp who='GUILLEMETTE'><speaker>GUILLEMETTE.</speaker>
	<l id='30'>Au par dessus Blaise est ivrogne.</l>
</sp>
<sp who='COLINETTE'><speaker>COLINETTE.</speaker>
	<l id='31'>Et Lucas est un sac à vin.</l>
</sp>
<sp who='GUILLEMETTE'><speaker>GUILLEMETTE.</speaker>
	<l id='32'>Qui toujours grogne. </l>
</sp>
<sp who='COLINETTE'><speaker>COLINETTE.</speaker>
	<l id='33'>Qui tempête soir et matin.</l>
</sp>
<sp who='ENSEMBLE'><speaker>ENSEMBLE.</speaker>
	<l id='34'>Ah ! Ma commère, quel chagrin, </l>
	<l id='35'>D'avoir un mari libertin ? </l>
</sp>
<sp who='GUILLEMETTE'><speaker>GUILLEMETTE.</speaker>
	<l id='36'>J'en mourrais sans notre voisin, </l>
	<l id='37'>Qui parfois me tient compagnie.</l>
</sp>
<sp who='COLINETTE'><speaker>COLINETTE.</speaker>
	<l id='38'>Que ferais-je sans Mathurin, </l>
	<l id='39'>Qui me vient voir quand je m'ennuie ? </l>
</sp>
<sp who='ENSEMBLE'><speaker>ENSEMBLE.</speaker>
	<l id='40'>Bien folle qui se marie. </l>
</sp>
<sp who='GUILLEMETTE'><speaker>GUILLEMETTE.</speaker>
	<l id='41'>Malheureuse qui se lie </l>
	<l id='42'>D'un noeud si fort.</l>
</sp>
<sp who='COLINETTE'><speaker>COLINETTE.</speaker>
	<l id='43'>Qui dure tant.</l>
</sp>
<sp who='ENSEMBLE'><speaker>ENSEMBLE.</speaker>
	<l id='44'>Ah ! Quelle manie, </l>
	<l id='45'>Chaque fille en dit autant ; </l>
	<l id='46'>Et pourtant, </l>
	<l id='47'>Toutes en font la folie.</l>
</sp>
<sp who="LE TABELLION"><speaker>LE TABELLION.</speaker>
	<l id='48'>Que le joug du mariage, </l>
	<l id='49'>Est un joug doux et léger ; </l>
	<l id='50'>Telle en a fait un long usage, </l>
	<l id='51'>Qui s'y laisse encore engager. </l>
	<l id='52'>Contre le poids du ménage, </l>
	<l id='53'>On a beau jurer, pester, </l>
	<l id='54'>Le veuvage </l>
	<l id='55'>À tout âge </l>
	<l id='56'>Est plus rude à supporter.</l>
<stage type="music">BRANLE, etc.</stage>
<poem type="chanson">
<lg type="stanza" n="1">
	<l id='57'>Madame Loricart fine, </l>
	<l id='58'>Prend pour époux, </l>
	<l id='59'>Son Jardinier sur sa mine, </l>
	<l id='60'>Qu'en dirons-nous ?</l>
	<l id='61'>Il n'est rien tel qu'un bon mari, </l>
	<l id='62'>Charivari.</l>
</lg>
<lg type="stanza" n="2">
	<l id='63'>La fortune et la naissance </l>
	<l id='64'>Brillent aux yeux ; </l>
	<l id='65'>Mais elle, par préférence, </l>
	<l id='66'>Croit faire mieux, </l>
	<l id='67'>De prendre un manant bien nourri.</l>
	<l id='68'>Charivari.</l>
</lg>
<lg type="stanza" n="3">
	<l id='69'>Filles qui sont toutes neuves, </l>
<note type="C">S'elles : si elles.</note>
	<l id='70'>S'elles avaient </l>
	<l id='71'>L'expérience des veuves, </l>
	<l id='72'>Maris prendraient, </l>
	<l id='73'>Aux champs bien plutôt qu'à Paris, </l>
	<l id='74'>Charivari.</l>
</lg>
<lg type="stanza" n="4">
	<l id='75'>À leur retour de l'armée, </l>
	<l id='76'>Les Officiers </l>
	<l id='77'>Vaudront, dit-on, cette année </l>
	<l id='78'>Des jardiniers ; </l>
	<l id='79'>Que l'on va prendre de ceux-ci !</l>
	<l id='80'>Charivari.</l>
</lg>
<lg type="stanza" n="5">
	<l id='81'>Plaisir vaut mieux que richesse, </l>
	<l id='82'>À ce qu'on dit ; </l>
	<l id='83'>Si notre petite pièce</l>
	<l id='84'>Vous divertit, </l>
	<l id='85'>Demain, Messieurs, revenez-y,</l>
	<l id='86'>Charivari.</l>
</lg>
</poem>
</sp>
</div2>
</div1>
</body>
</text>
</TEI>