<?xml version="1.0" encoding='utf-8'?>
<TEI xml:lang="fr">
<teiHeader>
		<fileDesc>
			<titleStmt>
				<title>L'IMPROMPTU DE SURESNES, COMÉDIE.</title>
				<author born='1661' born_location='Fontainebleau' death='1725' death_location='Courcelles-le-Roi' academie=''>DANCOURT, Florent CARTON dit</author>
			</titleStmt>
			<publicationStmt>	
				<publisher>publié par Paul FIEVRE, août 2014</publisher>
				<idno>DANCOURT_IMPROMPTUSURESNES</idno>
			<rights>Creative Commons BY-NC-SA</rights>
			</publicationStmt>
			<SourceDesc>
				<genre>Comédie-ballet</genre>
				<inspiration>moeurs</inspiration><structure>Un acte, un prologue</structure>
				<type>mixte</type>
				<periode>1711-1720</periode>
				<taille>0-250</taille>
				<permalien></permalien>
			</SourceDesc>
		</fileDesc>
</teiHeader>
<text>
	<front>
		<docTitle>
			<titlePart type="main">L'IMPROMPTU DE SURESNES</titlePart>
			<titlePart type="sub">COMÉDIE-BALLET</titlePart>
		</docTitle> 
		<docDate value='1713'>M. DCC. XIII. AVEC PRIVILÈGE DU ROI.</docDate>
		<docAuthor id='DANCOURT, Florent Carton dit' bio='dancourt'>De Mr DANCOURT</docAuthor>
		<docImprint>
			<acheveImprime id=''></acheveImprime>
		</docImprint>
		<printer id='GUILLAIN'>À PARIS, chez Thomas GUILLLAIN, proche les Augustins, à la descente du Pont-Neuf, à l'image Saint Louis.</printer>
		<performance>
			<premiere date='1713-05-02' location='Suresnes'>Représentée pour la première fois, devant son Altesse Électorale Monseigneur le Duc DE BAVIERE, à Suresnes, le 2 Mai 1713.</premiere>
		</performance>
		<castList><head>ACTEURS DU PROLOGUE.</head>
				<castItem><role id='PHILIS' sex="2" type="H" statut="berger" age="A" stat_amour='néant'>PHILIS</role>. </castItem>
				<castItem><role id='THERSANDRE' sex="1" type="H" statut="berger" age="A" stat_amour='néant'>THERSANDRE</role>. </castItem>
				<castItem><role id='TROUPE de PAYSANS et de PAYSANNES' sex="9" type="H" statut="paysan" age="A" stat_amour='néant'>Troupe de Paysans et de Paysannes</role>. </castItem>
		</castList>
		<castList><head>ACTEURS DE LA COMÉDIE.</head> 
				<castItem><role id='BACCHUS' sex="1" type="D" statut="dieu" age="A" stat_amour='néant'>BACCHUS</role>. </castItem>
				<castItem><role id="L'AMOUR" sex="1" type="D" statut="dieu" age="A" stat_amour='néant'>L'AMOUR</role>.</castItem>
				<castItem><role id='SILENE' sex="1" type="D" statut="demi-dieu" age="A" stat_amour='néant'>SILENE</role>.</castItem>
				<castItem><role id='FORÊT' sex="1" type="H" statut="bourgeois" age="A" stat_amour='néant'>FORÊT</role>. </castItem>
				<castItem><role id='CLITANDRE' sex="1" type="H" statut="aristocrate" age="A" stat_amour='néant'>CLITANDRE</role>. </castItem>
				<castItem><role id='ÉRASTE' sex="1" type="H" statut="aristocrate" age="A" stat_amour='néant'>ÉRASTE</role>. </castItem>
				<castItem><role id='KERPINOT' sex="1" type="H" statut="bourgeois" age="A" stat_amour='néant'>KERPINOT</role>.</castItem>
				<castItem><role id='LE CHEVALIER' sex="1" type="H" statut="chevalier" age="A" stat_amour='néant'>LE CHEVALIER</role>.</castItem>
				<castItem><role id='LA FOLIE' sex="2" type="P" statut="allégorie" age="A" stat_amour='néant'>LA FOLIE</role>.</castItem>
				<castItem><role id='LA VEUVE' sex="2" type="H" statut="bourgeois" age="A" stat_amour='néant'>LA VEUVE</role>.</castItem>
				<castItem><role id='NÉRINE' sex="2" type="H" statut="bourgeois" age="A" stat_amour='néant'>NÉRINE</role>.</castItem>
				<castItem><role id='MADAME PINTERELLE' sex="2" type="H" statut="bourgeois" age="A" stat_amour='néant'>MADAME PINTERELLE</role>.</castItem>
				<castItem><role id='LUCILE' sex="2" type="H" statut="bourgeois" age="A" stat_amour='néant'>LUCILE</role>. </castItem>
				<castItem><role id='CLAUDINE' sex="2" type="H" statut="bourgeois" age="A" stat_amour='néant'>CLAUDINE</role>. </castItem>
		</castList>
		<set location="Suresnes" country="France" periode="XVIIIème" gps="48.869798, 2.219033">Le Théâtre est à Suresnes, sur une terrasse ombragée d'ormes, de tilleuls et de marronniers, aux bords de la Seine. </set>
	</front>
<body>
<div1 type="prologue" n="1"><head>PROLOGUE.</head>
<div2 type="scene" n="1"><head></head>
<sp who="UN PAYSAN"><speaker>PAYSAN conduisant une troupe de Paysans et de Paysannes. </speaker>
	<l id="1">Sur les rivages de la Seine, </l>
	<l id="2">La Paix que la victoire amène, </l>
	<l id="3">Revient dans nos charmants réduits, </l>
<note type="L">Suresnes : commune à l'ouest de Paris. </note>
	<l id="4">Heureux habitants de Suresnes, </l>
	<l id="5">Vous en goûtez les premiers fruits.</l>
</sp>
<sp who="THERSANDRE"><speaker>THERSANDRE. </speaker>
	<l id="6">Depuis que les Dieux sur la terre </l>
	<l id="7">Ont éteint le feu de la guerre, </l>
	<l id="8">Le céleste flambeau </l>
	<l id="9">D'un feu nouveau s'allume, </l>
	<l id="10">Et plus brillant que de coutume, </l>
	<l id="11">Il nous promet un jour plus beau. </l>
</sp>
<sp who="PHILIS"><speaker>PHILIS. </speaker>
	<l id="12">Sensible aux maux de l'univers, </l>
	<l id="13">Il ne jetait sur lui ses regards qu'avec peine, </l>
	<l id="14">Sur les coteaux les raisins étaient verts ; </l>
	<l id="15">Cérès languissait dans la plaine, </l>
	<l id="16">Le Ciel nous redonne la paix, </l>
	<l id="17">Nos vins et nos moissons mûriront désormais. </l>
</sp>
<sp who="CHOEUR"><speaker>CHOEUR. </speaker>
	<l id="18">Le Ciel nous redonne la paix. </l>
	<l id="19">Nos vins et nos moissons mûriront désormais. </l>
<stage type="entrance">ENTRÉE.</stage>
</sp>
<sp who="THERSANDRE"><speaker>THERSANDRE. </speaker>
	<l id="20">Loin des hasards </l>
	<l id="21">Les amours volent </l>
	<l id="22">De toutes parts, </l>
	<l id="23">Et nous consolent </l>
	<l id="24">Des fureurs de Mars. </l>
	<l id="25">Tous les coeurs s'enrôlent </l>
	<l id="26">Sous leurs étendards. </l>
<stage type="entrance">ENTRÉE.</stage>
</sp>
<sp who="PHILIS"><speaker>PHILIS. </speaker>
	<l id="27">Dans cet asile </l>
	<l id="28">L'Onde tranquille </l>
	<l id="29">À regret semble le quitter ; 	</l>
	<l id="30">Et des mers craignant les orages, </l>
	<l id="31">Elle refuse à leurs rivages </l>
	<l id="32">Les tributs qu'elle doit y porter. </l>
</sp>
<sp who="THERSANDRE"><speaker>THERSANDRE. </speaker>
	<l id="33">L'onde craintive </l>
	<l id="34">Et fugitive, </l>
	<l id="35">Tâche en vain de l'arrêter </l>
	<l id="36">Sur cette rive </l>
	<l id="37">Qu'elle a tant de peine à quitter. </l>
	<l id="38">Comblés d'un bonheur extrême, </l>
	<l id="39">Gardons-nous de nous écarter, </l>
	<l id="40">D'un lieu charmant que les Dieux même </l>
	<l id="41">Ne dédaignent pas d'habiter. </l>
</sp>
<sp who="CHOEUR"><speaker>CHOEUR. </speaker>
	<l id="42">Comblés d'un bonheur extrême, </l>
	<l id="43">Gardons-nous de nous écarter, </l>
	<l id="44">D'un lieu charmant que les Dieux même </l>
	<l id="45">Ne dédaignent pas d'habiter. </l>
</sp>
</div2>
</div1>
<div1 type="act" n="2"><head>ACTE UNIQUE</head>
<div2 type="scene" n="1"><head>SCÈNE I. Bacchus, La Folie.</head>
<sp who="BACCHUS"><speaker>BACCHUS. </speaker>
<p id="1">
	<s id="1">Quoi donc la Folie sans l'Amour. </s>
</p>
</sp>
<sp who="LA FOLIE"><speaker>LA FOLIE. </speaker>
<p id="2">
	<s id="1">Est-ce pour vous une nouveauté, Seigneur Bacchus ? </s>
	<s id="2">Il est bien vrai que l'Amour ne va jamais sans la Folie ; mais je vais souvent sans l'Amour. </s>
</p>
</sp>
<sp who="BACCHUS"><speaker>BACCHUS. </speaker>
<p id="3">
	<s id="1">Je vous croyais inséparables. </s>
</p>
</sp>
<sp who="LA FOLIE"><speaker>LA FOLIE. </speaker>
<p id="4">
	<s id="1">Hé, vous voilà bien seul aujourd'hui, tout cela me surprend. </s>
</p>
</sp>
<sp who="BACCHUS"><speaker>BACCHUS. </speaker>
<p id="5">
	<s id="1">J'ai laissé ma suite dans le Village. </s>
</p>
</sp>
<sp who="LA FOLIE"><speaker>LA FOLIE. </speaker>
<p id="6">
	<s id="1">Hé, quel sujet vous y amène ? </s>
</p>
</sp>
<sp who="BACCHUS"><speaker>BACCHUS. </speaker>
<p id="7">
	<s id="1">L'envie de faire plaisir aux heureux habitants de cette agréable contrée ; je ne suis pas la seule divinité qui s'intéresse à leur bonheur. </s>
</p>
</sp>
<sp who="LA FOLIE"><speaker>LA FOLIE. </speaker>
<p id="8">
	<s id="1">Je suis instruite de cela. </s>
</p>
</sp>
<sp who="BACCHUS"><speaker>BACCHUS. </speaker>
<p id="9">
	<s id="1">C'est un pays de vignoble, il est de mon domaine, je prétends le faire valoir, et lui donner des marques sensibles de ma protection. </s>
</p>
</sp>
<sp who="LA FOLIE"><speaker>LA FOLIE. </speaker>
<p id="10">
	<s id="1">Cela est fort louable. </s>
</p>
</sp>
<sp who="BACCHUS"><speaker>BACCHUS. </speaker>
<p id="11">
	<s id="1">Je veux qu'il y ait cette année une très copieuse et très excellente vendange, qu'on puisse faire passer pour du vin de Champagne. </s>
</p>
</sp>
<sp who="LA FOLIE"><speaker>LA FOLIE. </speaker>
<p id="12">
	<s id="1">Cela ne sera pas nouveau ; mais ces bienfaits-là ne seront que pour les Vignerons, et il faut que tout le monde se ressente ici de l'honneur de votre présence. </s>
</p>
</sp>
<sp who="BACCHUS"><speaker>BACCHUS. </speaker>
<p id="13">
	<s id="1">Il ne tiendra pas à moi, je vous assure. </s>
</p>
</sp>
<sp who="LA FOLIE"><speaker>LA FOLIE. </speaker>
<p id="14">
	<s id="1">Nous avons deux jeunes filles qui ont grand besoin de votre secours, et nous vous prions, l'Amour et moi, de vous unir avec nous pour les rendre heureuses. </s>
</p>
</sp>
<sp who="BACCHUS"><speaker>BACCHUS. </speaker>
<p id="15">
	<s id="1">Très volontiers, vraiment, et qui sont-elles ?</s>
</p>
</sp>
<sp who="LA FOLIE"><speaker>LA FOLIE. </speaker>
<p id="16">
	<s id="1">L'une est fille d'un vieil usurier de Marchand de vin, qui a fait fortune, et l'autre est la nièce de son associé ; ils ne veulent pas qu'elles épousent deux jeunes gens de Paris, qui les aiment éperdument. </s>
</p>
</sp>
<sp who="BACCHUS"><speaker>BACCHUS. </speaker>
<p id="17">
	<s id="1">Sont-elles du village ? </s>
	<s id="2">Y demeurent-elles ? </s>
</p>
</sp>
<sp who="LA FOLIE"><speaker>LA FOLIE. </speaker>
<p id="18">
	<s id="1">Oui, dans la maison d'un des deux amants dont le père a loué les caves pour en faire un magasin d'assez bon vin.</s>
</p>
</sp>
<sp who="BACCHUS"><speaker>BACCHUS. </speaker>
<p id="19">
	<s id="1">En a-t-il grande provision ? </s>
</p>
</sp>
<sp who="LA FOLIE"><speaker>LA FOLIE. </speaker>
<p id="20">
	<s id="1">Oui, sans doute. </s>
</p>
</sp>
<sp who="BACCHUS"><speaker>BACCHUS. </speaker>
<p id="21">
	<s id="1">Cela est bon, je travaillerai à cela, il en faut faire la consommation, voilà de bonne besogne. </s>
</p>
</sp>
<sp who="LA FOLIE"><speaker>LA FOLIE. </speaker>
<p id="22">
	<s id="1">Mais c'est au mariage des filles qu'il faut songer plutôt qu'à la consommation du vin. </s>
</p>
</sp>
<sp who="BACCHUS"><speaker>BACCHUS. </speaker>
<p id="23">
	<s id="1">Ne vous mettez pas en peine, l'un nous mènera à l'autre : je vais faire un tour dans les vignes, et je me rends ici dans un moment. .</s>
</p>
</sp>
<sp who="LA FOLIE"><speaker>LA FOLIE. </speaker>
<p id="24">
	<s id="1">Je vous y attends. </s>
</p>
</sp>
<sp who="BACCHUS"><speaker>BACCHUS. </speaker>
<p id="25">
	<s id="1">Ayez soin de votre côté d'entretenir les filles et leurs amants dans des sentiments judicieux et raisonnables, tels que vous êtes capable d'en inspirer. </s>
</p>
</sp>
<sp who="LA FOLIE"><speaker>LA FOLIE. </speaker>
<p id="26">
	<s id="1">Laissez-moi faire, je ne les quitterai point, et je ne me ferai pourtant point connaître à eux, que pour les assurer de votre protection. </s>
</p>
</sp>
</div2>
<div2 type="scene" n="2"><head>SCÈNE II. Éraste, Lucile.</head>
<sp who="ÉRASTE"><speaker>ÉRASTE. </speaker>
<p id="1">
	<s id="1">Savez-vous bien, ma chère Lucile, que vous me mettez au désespoir ? </s>
</p>
</sp>
<sp who="LUCILE"><speaker>LUCILE. </speaker>
<p id="2">
	<s id="1">Je plains fort l'état où vous êtes. Ma situation n'est pas meilleure. </s>
</p>
</sp>
<sp who="ÉRASTE"><speaker>ÉRASTE. </speaker>
<p id="3">
	<s id="1">Quoi ! </s>
	<s id="2">Nous cesserions de nous voir ?</s>
</p>
</sp>
<sp who="LUCILE"><speaker>LUCILE. </speaker>
<p id="4">
	<s id="1">Il faut bien s'y résoudre. </s>
</p>
</sp>
<sp who="ÉRASTE"><speaker>ÉRASTE. </speaker>
<p id="5">
	<s id="1">Et vous cesserez de m'aimer ?</s>
</p>
</sp>
<sp who="LUCILE"><speaker>LUCILE. </speaker>
<p id="6">
	<s id="1">Je ne vous dis pas cela, mon coeur dépend de moi, je vous l'ai donné, je vous le laisse, ma volonté dépend de celle de mes parents, je la soumets à ce qu'ils me prescrivent. </s>
</p>
</sp>
<sp who="ÉRASTE"><speaker>ÉRASTE. </speaker>
<p id="7">
	<s id="1">Ah ! </s>
	<s id="2">Lucile, Lucile ! </s>
	<s id="3">Que l'amour est faible dans un coeur où le devoir se fait écouter ! </s>
</p>
</sp>
<sp who="LUCILE"><speaker>LUCILE. </speaker>
<p id="8">
	<s id="1">Éraste, Éraste que le coeur souffre se s'assujettir au devoir ! </s>
</p>
</sp>
<sp who="ÉRASTE"><speaker>ÉRASTE. </speaker>
<p id="9">
	<s id="1">Hé ! </s>
	<s id="2">Pourquoi s'en faire l'esclave ? Mon père me défend de m'attacher à vous, il me déshérite si je vous épouse. Ai-je cessé de vous rendre des soins ? </s>
	<s id="3">Ai-je changé de résolution ? </s>
</p>
</sp>
<sp who="LUCILE"><speaker>LUCILE. </speaker>
<p id="10">
	<s id="1">Non, je n'ai pas lieu de m'en plaindre. </s>
</p>
</sp>
<sp who="ÉRASTE"><speaker>ÉRASTE. </speaker>
<p id="11">
	<s id="1">Hé ! </s>
	<s id="2">Ne rougissez-vous point, dites-moi, d'être si timide, quand je marque tant de fermeté ? </s>
</p>
</sp>
<sp who="LUCILE"><speaker>LUCILE. </speaker>
<p id="12">
	<s id="1">Ce qu'on pardonne à votre sexe ; ne serait pas excusable dans le nôtre. </s>
</p>
</sp>
<sp who="ÉRASTE"><speaker>ÉRASTE. </speaker>
<p id="13">
	<s id="1">En vérité charmante Lucile, vos chimères et vos scrupules me déconcertent, faites pour moi ce que je fais pour vous, ou je croirai que vous ne m'aimez point. </s>
</p>
</sp>
<sp who="LUCILE"><speaker>LUCILE. </speaker>
<p id="14">
	<s id="1">Mais quel parti prendre, et quel espoir nous peut flatter ? </s>
	<s id="2">Vous êtes homme de famille, vos parents se mésallieraient en consentant à notre mariage, mon père est un bon Bourgeois de Suresnes, qui vient de faire fortune dans son négoce, il ne veut point entrer dans une famille qui mépriserait peut-être la sienne. </s>
	<s id="3">Ah ! </s>
	<s id="4">Mon cher Éraste, que notre bonheur est éloigné ! </s>
</p>
</sp>
<sp who="ÉRASTE"><speaker>ÉRASTE. </speaker>
<p id="15">
	<s id="1">Moins que vous ne pensez. </s>
	<s id="2">Commençons par désobéir, et mettons les choses dans un état qui puisse ôter à nos familles l'espérance de nous désunir. </s>
</p>
</sp>
<sp who="LUCILE"><speaker>LUCILE. </speaker>
<p id="16">
	<s id="1">Il y a de la folie dans votre proposition. </s>
</p>
</sp>
<sp who="ÉRASTE"><speaker>ÉRASTE. </speaker>
<p id="17">
	<s id="1">Il n'y a que de l'amour, je vous jure. </s>
</p>
</sp>
<sp who="LUCILE"><speaker>LUCILE. </speaker>
<p id="18">
	<s id="1">L'Amour vous donne des idées bien extravagantes. </s>
</p>
</sp>
<sp who="ÉRASTE"><speaker>ÉRASTE. </speaker>
<p id="19">
	<s id="1">Les plus folles sont quelquefois justifiées par l'événement. </s>
</p>
</sp>
<sp who="LUCILE"><speaker>LUCILE. </speaker>
<p id="20">
	<s id="1">Les idées folles déshonorent, et l'événement ne justifie point. </s>
</p>
</sp>
</div2>
<div2 type="scene" n="3"><head>SCÈNE III. Nérine, Éraste, Lucile.</head>
<sp who="NÉRINE"><speaker>NÉRINE. </speaker>
<p id="1">
	<s id="1">Qu'est-ce que c'est, mes enfants, qu'y a-t-il de nouveau ? </s>
	<s id="2">Vous voilà dans les réflexions dans les grandes phrases, poussez-vous les beaux sentiments ? </s>
</p>
</sp>
<sp who="ÉRASTE"><speaker>ÉRASTE. </speaker>
<p id="2">
	<s id="1">Venez, charmante Nérine, venez m'aider à persuader votre aimable compagne de ne pas désespérer un amant que vous savez bien qui l'adore </s>
</p>
</sp>
<sp who="NÉRINE"><speaker>NÉRINE.</speaker>
<p id="3">
	<s id="1">Comment ? </s>
	<s id="2">Que parlez-vous de désespoir ? </s>
	<s id="3">Tu n'y songes donc pas, Lucile ? </s>
	<s id="4">Un amant désespéré n'est propre à rien : ils sont rares, les amants, et il est important de les ménager, quand on en a de bons. </s>
</p>
</sp>
<sp who="LUCILE"><speaker>LUCILE.</speaker>
<p id="4">
	<s id="1">Mon père vient de me défendre absolument de voir Éraste. </s>
</p>
</sp>
<sp who="NÉRINE"><speaker>NÉRINE.</speaker>
<p id="5">
	<s id="1">Le grand malheur ! </s>
	<s id="2">Tu l'en aimeras davantage. </s>
</p>
</sp>
<sp who="ÉRASTE"><speaker>ÉRASTE.</speaker>
<p id="6">
	<s id="1">Elle est résolue de lui obéir. </s>
</p>
</sp>
<sp who="NÉRINE"><speaker>NÉRINE.</speaker>
<p id="7">
	<s id="1">Voilà une sotte résolution, c'est une imbécile. </s>
</p>
</sp>
<sp who="LUCILE"><speaker>LUCILE.</speaker>
<p id="8">
	<s id="1">Quoi, ru ne penserais pas comme moi ? </s>
</p>
</sp>
<sp who="NÉRINE"><speaker>NÉRINE.</speaker>
<note type="L">Da : On écrivait autrefois Dea. Interjection qui sert à augmenter l'affirmation ou la dénégation : c'est un terme populaire. [F]</note>
<p id="9">
	<s id="1">Oui da, le premier mouvement pourrait bien m'inspirer quelque faiblesse, mais la réflexion vient au secours des personnes qui aiment ; et l'esprit sert à bien des choses, par exemple. </s>
</p>
</sp>
<sp who="LUCILE"><speaker>LUCILE.</speaker>
<p id="10">
	<s id="1">Comment, par exemple ? </s>
</p>
</sp>
<sp who="NÉRINE"><speaker>NÉRINE.</speaker>
<p id="11">
	<s id="1">Mon oncle vient de me défendre aussi de voir Clitandre. </s>
</p>
</sp>
<sp who="LUCILE"><speaker>LUCILE.</speaker>
<p id="12">
	<s id="1">Quoi tout de bon ? </s>
</p>
</sp>
<sp who="NÉRINE"><speaker>NÉRINE.</speaker>
<p id="13">
	<s id="1">Très sérieusement. </s>
	<s id="2">Pourquoi veux-tu que mon oncle soit plus raisonnable que ton père ? </s>
</p>
</sp>
<sp who="LUCILE"><speaker>LUCILE.</speaker>
<p id="14">
	<s id="1">Ils se sont donné le mot apparemment. </s>
</p>
</sp>
<sp who="NÉRINE"><speaker>NÉRINE.</speaker>
<p id="15">
	<s id="1">Ils sont associés pour leur négoce, ils ont voulu faire aussi société de caprice. </s>
</p>
</sp>
<sp who="LUCILE"><speaker>LUCILE.</speaker>
<p id="16">
	<s id="1">Et quel est ton dessein, Nérine ? </s>
</p>
</sp>
<sp who="NÉRINE"><speaker>NÉRINE.</speaker>
<p id="17">
	<s id="1">Mon dessein ? </s>
	<s id="2">Je viens d'envoyer chercher Clitandre tout à l'heure. </s>
</p>
</sp>
<sp who="ÉRASTE"><speaker>ÉRASTE.</speaker>
<p id="18">
	<s id="1">Vous voyez, Lucile ? </s>
</p>
</sp>
<sp who="LUCILE"><speaker>LUCILE.</speaker>
<p id="19">
	<s id="1">Tu n'y songes pas vraiment. </s>
</p>
</sp>
<sp who="NÉRINE"><speaker>NÉRINE.</speaker>
<p id="20">
	<s id="1">Je n'y songe pas ? </s>
	<s id="2">Il faut bien lui signifier l'ordre et les menaces que l'on m'a faites en cas de contravention. </s>
</p>
</sp>
<sp who="LUCILE"><speaker>LUCILE.</speaker>
<p id="21">
	<s id="1">Vous voyez, Éraste. </s>
</p>
</sp>
<sp who="NÉRINE"><speaker>NÉRINE.</speaker>
<p id="22">
	<s id="1">Lui faire bien voit toutes les conséquences qu'il y aurait de ne pas obéir. </s>
</p>
</sp>
<sp who="LUCILE"><speaker>LUCILE.</speaker>
<p id="23">
	<s id="1">Je ne suis pas seule de mon sentiment. </s>
</p>
</sp>
<sp who="NÉRINE"><speaker>NÉRINE.</speaker>
<p id="24">
	<s id="1">Afin qu'il m'ait plus d'obligation de n'en rien faire, et que la passion que nous avons l'un pour l'autre s'augmente par les difficultés. </s>
</p>
</sp>
<sp who="ÉRASTE"><speaker>ÉRASTE.</speaker>
<p id="25">
	<s id="1">On aime plus tendrement que vous, Lucile. </s>
</p>
</sp>
<sp who="LUCILE"><speaker>LUCILE.</speaker>
<p id="26">
	<s id="1">Mais, ma chère Nérine… </s>
</p>
</sp>
<sp who="NÉRINE"><speaker>NÉRINE.</speaker>
<p id="27">
	<s id="1">Chacun pense à sa manière ; mon enfant, voilà la mienne. </s>
</p>
</sp>
<sp who="LUCILE"><speaker>LUCILE.</speaker>
<p id="28">
	<s id="1">Et quel objet te proposes-tu ? </s>
</p>
</sp>
<sp who="NÉRINE"><speaker>NÉRINE.</speaker>
<p id="29">
	<s id="1">D'aimer et d'être aimée : d'attendre, du temps et de la fortune, un changement à la nôtre ; mériter par la persévérance un bonheur que les obstacles auront rendu plus sensible. </s>
</p>
</sp>
<sp who="ÉRASTE"><speaker>ÉRASTE.</speaker>
<p id="30">
	<s id="1">Que Clitandre est heureux ! </s>
	<s id="2">Et que ma destinée est différente de celle de mon ami ! </s>
</p>
</sp>
<sp who="NÉRINE"><speaker>NÉRINE.</speaker>
<p id="31">
	<s id="1">Oh ! Je vous réponds bien qu'elle sera pareille. </s>
	<s id="2">Le père et l'oncle défendent de concert, il faut que la fille et la nièce s'entendent de même.</s>
</p>
</sp>
</div2>
<div2 type="scene" n="4"><head>SCÈNE IV. Clitandre, Éraste, Lucile, Nérine.</head>
<sp who="CLITANDRE"><speaker>CLITANDRE.</speaker>
<p id="1">
	<s id="1">Que vient-on de m'apprendre, ma chère Nérine ?</s>
</p>
</sp>
<sp who="NÉRINE"><speaker>NÉRINE.</speaker>
<p id="2">
	<s id="1">Que je voulais vous parler. </s>
</p>
</sp>
<sp who="CLITANDRE"><speaker>CLITANDRE.</speaker>
<p id="3">
	<s id="1">Pour me dire de ne plus vous voir. </s>
</p>
</sp>
<sp who="NÉRINE"><speaker>NÉRINE.</speaker>
<p id="4">
	<s id="1">Non, je ne vous ferez pas ce compliment-là ; c'est le style de mon oncle, mais ce n'est pas le mien : et comme nous pensons différemment, cela fait que nous ne nous exprimons pas toujours de même. </s>
</p>
</sp>
<sp who="CLITANDRE"><speaker>CLITANDRE.</speaker>
<p id="5">
	<s id="">Qu'ai-je fait pour m'attirer cette disgrâce de sa part ? </s>
</p>
</sp>
<sp who="ÉRASTE"><speaker>ÉRASTE.</speaker>
<p id="6">
	<s id="1">Qu'ai-je fait pour m'en attirer autant de la part du père de Lucile ?</s>
</p>
</sp>
<sp who="CLITANDRE"><speaker>CLITANDRE.</speaker>
<p id="7">
	<s id="">Comment ? </s>
</p>
</sp>
<sp who="ÉRASTE"><speaker>ÉRASTE.</speaker>
<p id="8">
	<s id="1">Nous sommes dans le même cas l'un et l'autre, et nous en ignorons le sujet. </s>
</p>
</sp>
<sp who="NÉRINE"><speaker>NÉRINE.</speaker>
<note type="L">Traverser : Susciter des obstacles pour empêcher le succès de quelque entreprise. [Acad. 1762]</note>
<p id="9">
	<s id="1">Cela est bien difficile à deviner ! </s>
	<s id="2">Vous avez paru nous aimer, nous en avons paru contentes : le bonheur d'autrui leur fait peine, ils cherchent à le traverser. </s>
</p>
</sp>
<sp who="CLITANDRE"><speaker>CLITANDRE.</speaker>
<p id="10">
	<s id="">Ils ont été les premiers à nous souhaiter dans leur maison. </s>
</p>
</sp>
<sp who="NÉRINE"><speaker>NÉRINE.</speaker>
<p id="11">
	<s id="1">Je le crois bien, vous aviez un millier de pistoles à y dépenser, et vous n'en vouliez qu'à la cave. </s>
	<s id="2">L'espèce vous manque, vous prenez à crédit, et vous vous attachez aux filles ; cela fait une grande différence, voyez-vous. </s>
</p>
</sp>
<sp who="ÉRASTE"><speaker>ÉRASTE.</speaker>
<p id="12">
	<s id="1">Nous n'obtiendrons jamais leur aveu. </s>
</p>
</sp>
<sp who="NÉRINE"><speaker>NÉRINE.</speaker>
<p id="13">
	<s id="1">Nous l'aurons par force ou par adresse. </s>
</p>
</sp>
<sp who="CLITANDRE"><speaker>CLITANDRE.</speaker>
<p id="14">
	<s id="">Comment nous y prendre ? </s>
</p>
</sp>
<sp who="NÉRINE"><speaker>NÉRINE.</speaker>
<p id="15">
	<s id="1">C'est ce qu'il faudra voir. </s>
	<s id="2">Le temps et l'Amour travailleront pour nous.</s>
</p>
</sp>
</div2>
<div2 type="scene" n="5"><head>SCÈNE V. La Folie, Lucile, Nérine, Éraste, Clitandre.</head>
<sp who="LA FOLIE"><speaker>LA FOLIE.</speaker>
<p id="1">
	<s id="1">Et la Folie ne vous sera pas inutile. </s>
</p>
</sp>
<sp who="LUCILE"><speaker>LUCILE.</speaker>
<p id="2">
	<s id="1">La Folie ? </s>
</p>
</sp>
<sp who="LA FOLIE"><speaker>LA FOLIE.</speaker>
<note type="L">Commerce : Se dit aussi de la correspondance, de l'intelligence qui est entre les particuliers, soit pour des affaires, soit pour des études, ou simplement pour entretenir l'amitié. [T]</note>
<p id="3">
	<s id="1">Comment donc ? </s>
	<s id="2">Vous me méconnaissez tous quatre, et vous me regardez à deux fois ? </s>
	<s id="3">Ce n'est pourtant pas d'aujourd'hui que nous avons commerce ensemble. </s>
</p>
</sp>
<sp who="NÉRINE"><speaker>NÉRINE.</speaker>
<p id="4">
	<s id="1">La Folie, soit. </s>
	<s id="2">Nous ne nous défendons point d'être de votre domaine. </s>
	<s id="3">Nous sommes encore d'âge à cela. </s>
</p>
</sp>
<sp who="LUCILE"><speaker>LUCILE.</speaker>
<p id="5">
	<s id="1">Pour moi, je ne sais pas ce que cela veut dire : mais en vous voyant, je me confirme tout à fait dans la résolution d'obéir aux lois de l'Amour, plutôt qu'à celles de mon père. </s>
</p>
</sp>
<sp who="NÉRINE"><speaker>NÉRINE.</speaker>
<p id="6">
	<s id="1">J'aurai les mêmes égards pour mon oncle. </s>
</p>
</sp>
<sp who="CLITANDRE"><speaker>CLITANDRE.</speaker>
<p id="7">
	<s id="">Il n'y a point d'extrémité où je ne me porte. </s>
</p>
</sp>
<sp who="ÉRASTE"><speaker>ÉRASTE.</speaker>
<p id="8">
	<s id="1">Il n'y a point de violence dont je ne sois capable.</s>
</p>
</sp>
<sp who="CLITANDRE"><speaker>CLITANDRE.</speaker>
<p id="9">
	<s id="">Contre ma famille et la vôtre. </s>
</p>
</sp>
<sp who="ÉRASTE"><speaker>ÉRASTE.</speaker>
<p id="10">
	<s id="1">Contre toute la terre ensemble. </s>
</p>
</sp>
<sp who="CLITANDRE"><speaker>CLITANDRE.</speaker>
<p id="11">
	<s id="1">Pour m'unir à l'aimable Nérine. </s>
</p>
</sp>
<sp who="ÉRASTE"><speaker>ÉRASTE.</speaker>
<p id="12">
	<s id="1">Pour posséder la charmante Lucile. </s>
</p>
</sp>
<sp who="LA FOLIE"><speaker>LA FOLIE.</speaker>
<p id="13">
	<s id="1">Les jolies gens ! </s>
	<s id="2">Voilà de mes traits, je me reconnais. </s>
</p>
</sp>
<sp who="LUCILE"><speaker>LUCILE.</speaker>
<p id="14">
	<s id="1">Mais quels moyens mettre en usage… </s>
</p>
</sp>
<sp who="LA FOLIE"><speaker>LA FOLIE.</speaker>
<p id="15">
	<s id="1">Ne vous inquiétez point, on travaille pour vous. </s>
</p>
</sp>
<sp who="NÉRINE"><speaker>NÉRINE.</speaker>
<p id="16">
	<s id="1">Comment ? </s>
</p>
</sp>
<sp who="LA FOLIE"><speaker>LA FOLIE.</speaker>
<p id="17">
	<s id="1">L'Amour, Bacchus et moi, nous agirons de concert pour vous rendre service. </s>
</p>
</sp>
<sp who="CLITANDRE"><speaker>CLITANDRE.</speaker>
<p id="18">
	<s id="1">Bacchus, l'Amour et la Folie s'intéressent à notre sort ! </s>
</p>
</sp>
<sp who="LA FOLIE"><speaker>LA FOLIE.</speaker>
<p id="19">
	<s id="1">Cela vous étonne ? </s>
	<s id="2">Vous êtes deux jolis ivrognes. </s>
	<s id="3">Vos maîtresses sont faites pour l'Amour ; vous l'êtes tous quatre pour la Folie. </s>
	<s id="4">Nous cherchons tous trois à vous faire plaisir. </s>
</p>
</sp>
<sp who="NÉRINE"><speaker>NÉRINE.</speaker>
<p id="20">
	<s id="1">Ce que c'est que d'avoir du mérite, il ne manque jamais d'être récompensé. </s>
</p>
</sp>
<sp who="LA FOLIE"><speaker>LA FOLIE.</speaker>
<p id="21">
	<s id="">Voici Bacchus avec votre père, éloignons-nous : tout en marchant je vous instruirai de ce que vous aurez à faire.</s>
</p>
</sp>
</div2>
<div2 type="scene" n="6"><head>SCÈNE VI. Bacchus, Foret.</head>
<sp who="BACCHUS"><speaker>BACCHUS.</speaker>
<p id="1">
	<s id="1">Vous êtes un fripon, Monsieur le Marchand de Vin, d'en faire de si gros magasins pour le renchérir. </s>
	<s id="2">Voilà une nouvelle manoeuvre ; Mais pour vous punir, je rendrai les vendanges prochaines si abondantes, que vous vous repentirez de votre usurière précaution. </s>
</p>
</sp>
<sp who="FORÊT"><speaker>FORÊT.</speaker>
<p id="2">
	<s id="1">Puissant Dieu des buveurs, pouvais-je mieux marquer mon respect pour vous et pour votre divine liqueur, qu'en la conservant chèrement comme j'ai fait. </s>
</p>
</sp>
<sp who="BACCHUS"><speaker>BACCHUS.</speaker>
<p id="3">
	<s id="1">Oui, pour la vendre plus cher de jour en jour, et détruire presque entièrement le culte de ma divinité. </s>
	<s id="2">Comment diable, depuis près de trois ans je n'ai presque pas remarqué que personne se soit mis en état de me faire véritablement honneur, tant l'avarice des usuriers, comme vous, a pris soin de faire triompher dans le monde mes deux grands ennemis, la soif et la sobriété. </s>
</p>
</sp>
<sp who="FORÊT"><speaker>FORÊT.</speaker>
<p id="4">
	<s id="1">Cela commence à revenir, Seigneur Bacchus, et vous n'avez pas lieu de vous plaindre. </s>
</p>
</sp>
<sp who="BACCHUS"><speaker>BACCHUS.</speaker>
<note type="L">Guet : Garde qu'on fait pour découvrir quelque chose, ou pour surprendre. Se dit aussi d'une compagnie entière qui fait la patrouille, ou d'un corps de garde qu'on pose sur des passages, soit pour empêcher les surprises des ennemis, soit pour prendre les voleurs, ou ceux qui troublent le repos de la ville. [F]</note>
<note type="L">Petit maître : Fig. et familièrement. Petit-maître, jeune homme qui a de la recherche dans sa parure, et un ton avantageux avec les femmes. [L]</note>
<p id="5">
	<s id="1">Qu'est-ce à dire : Je n'ai pas lieu de me plaindre ? </s>
	<s id="2">Il y a un temps infini qu'on ne voit plus de Bourgeois ivres dans les rues, ni de petits Maîtres entre deux vins rendre hommage au beau sexe dans les bosquets des Tuileries. </s>
	<s id="3">On ne bat plus le Guet à Paris ; on ne casse plus de lanternes. </s>
	<s id="4">Quelle honte est-ce là, Monsieur le Vinotier ! </s>
	<s id="5">Oh, j'y veux mettre ordre. </s>
</p>
</sp>
<sp who="FORÊT"><speaker>FORÊT.</speaker>
<note type="L">Vinotier : Qui tient une vinoterie; boutique de marchand de vin. [SP] </note>
<p id="6">
	<s id="1">Ce n'est pas ma faute, je vous assure. </s>
</p>
</sp>
<sp who="BACCHUS"><speaker>BACCHUS.</speaker>
<p id="7">
	<s id="1">Ce n'est pas votre faute ? </s>
	<s id="2">Ce n'est pas la seule qu'on vous impute ; vous ne vous contentez pas d'empêcher de boire, vous ne voulez pas qu'on se marie. </s>
</p>
</sp>
<sp who="FORÊT"><speaker>FORÊT.</speaker>
<p id="8">
	<s id="1">Moi, Seigneur ! </s>
</p>
</sp>
<sp who="BACCHUS"><speaker>BACCHUS.</speaker>
<p id="9">
	<s id="1">Oui, vous. </s>
	<s id="2">Je sais de vos nouvelles, et vous avez un associé qui est dans le même cas, à ce qu'on m'a dit ; mais je vous corrigerai l'un et l'autre, ou je vous ruinerai tous deux. Je vous en avertis. </s>
</p>
</sp>
<sp who="FORÊT"><speaker>FORÊT.</speaker>
<p id="10">
	<s id="1">Hé ! </s>
	<s id="2">Ne sommes-nous pas déjà tout ruinés, si vous rendez, cette année, les vignes si fertiles ? </s>
</p>
</sp>
<sp who="BACCHUS"><speaker>BACCHUS.</speaker>
<p id="11">
	<s id="1">Oh ! </s>
	<s id="2">Pour cet article-là, je vous en réponds. </s>
</p>
</sp>
<sp who="FORÊT"><speaker>FORÊT.</speaker>
<p id="12">
	<s id="1">Ah, malheureux que je suis ! </s>
	<s id="2">Me voilà perdu : que deviendrai-je ? </s>
	<s id="3">Hé, miséricorde, Seigneur Bacchus, laissez geler les vignes, je vous prie, et ne me refusez pas votre protection, pour me faire débiter le vin vieux qui me reste. </s>
</p>
</sp>
<sp who="BACCHUS"><speaker>BACCHUS.</speaker>
<p id="13">
	<s id="1">Ce maraud-là me présente une plaisante Requête ! </s>
	<s id="2">Voilà comme sont les hommes. </s>
	<s id="3">Ils ne nous adressent des prières que par rapport à leur intérêt. </s>
</p>
</sp>
<sp who="FORÊT"><speaker>FORÊT.</speaker>
<p id="14">
	<s id="1">Si vous me refusez, j'irai me pendre de désespoir, et vous perdriez un fidèle serviteur. </s>
</p>
</sp>
<sp who="BACCHUS"><speaker>BACCHUS.</speaker>
<p id="15">
	<s id="1">Je ne perdrais pas grand-chose, et le Public y gagnerait. </s>
	<s id="2">Mais il n'importe, je suis bon, j'aime à faire plaisir. </s>
	<s id="3">Voyons un peu si tu te rendras digne de mes faveurs ; l'as-tu acheté bien cher ce vin vieux ? </s>
</p>
</sp>
<sp who="FORÊT"><speaker>FORÊT.</speaker>
<p id="16">
	<s id="1">Qu'est-il besoin de vous le dire ? </s>
	<s id="2">La conscience des hommes est-elle inconnue aux Divinités ? </s>
</p>
</sp>
<sp who="BACCHUS"><speaker>BACCHUS.</speaker>
<p id="17">
	<s id="1">Non, la conscience de ceux qui en ont : mais comme les Marchands de vin n'en ont guère, je ne saurais lire dans la tienne. </s>
	<s id="2">Prends garde à ne me pas mentir pourtant. </s>
</p>
</sp>
<sp who="FORÊT"><speaker>FORÊT.</speaker>
<p id="18">
	<s id="1">S'il faut vous dire la vérité ? </s>
</p>
</sp>
<sp who="BACCHUS"><speaker>BACCHUS.</speaker>
<p id="19">
	<s id="1">Oui, vraiment. </s>
</p>
</sp>
<sp who="FORÊT"><speaker>FORÊT.</speaker>
<note type="L">Contrelettre : Acte qui en détruit un autre, où il y a de la simulation, qui contient une déclaration contraire. [F]</note>
<p id="20">
	<s id="1">Depuis trois ou quatre ans, d'intelligence avec les Vignerons et les Courtiers, nous y mettions un prix fort haut, dont on nous donnait des contrelettres. </s>
</p>
</sp>
<sp who="BACCHUS"><speaker>BACCHUS.</speaker>
<p id="21">
	<s id="1">Fort bien. </s>
</p>
</sp>
<sp who="FORÊT"><speaker>FORÊT.</speaker>
<p id="22">
	<s id="1">Ce prix servait de règle au Bourgeois délicat et au riche gourmet, chacun se pressait d'en avoir ; les aisés se ruinaient, l'artisan souffrait, le malheureux languissait, le Brasseur gagnait, et nous ne perdions pas nous autres. </s>
</p>
</sp>
<sp who="BACCHUS"><speaker>BACCHUS.</speaker>
<p id="23">
	<s id="1">Il n'y a rien à dire à cela, tu as profité de l'occasion. </s>
	<s id="2">Oh bien, pour prix de m'avoir dit la vérité, je te ferai défaire de ton vin vieux. </s>
</p>
</sp>
<sp who="FORÊT"><speaker>FORÊT.</speaker>
<p id="24">
	<s id="1">Que je vous aurai d'obligation ! </s>
	<s id="2">Mais comment m'y prendre ? </s>
</p>
</sp>
<sp who="BACCHUS"><speaker>BACCHUS.</speaker>
<p id="25">
	<s id="1">Cela ne sera pas bien difficile. </s>
	<s id="2">Ton magasin est dans le Village ? </s>
</p>
</sp>
<sp who="FORÊT"><speaker>FORÊT.</speaker>
<p id="26">
	<s id="1">Oui, Seigneur. </s>
</p>
</sp>
<sp who="BACCHUS"><speaker>BACCHUS.</speaker>
<p id="27">
	<s id="1">Dans une grande maison ? </s>
</p>
</sp>
<sp who="FORÊT"><speaker>FORÊT.</speaker>
<p id="28">
	<s id="1">Toutes des plus jolies. </s>
</p>
</sp>
<sp who="BACCHUS"><speaker>BACCHUS.</speaker>
<note typ="L">Cabinet de verdure : Petit lieu couvert dans un jardin. [L]</note>
<p id="29">
	<s id="1">Beau jardon, cabinets de verdure, chambres, appartements proprement meublés ? </s>
</p>
</sp>
<sp who="FORÊT"><speaker>FORÊT.</speaker>
<p id="30">
	<s id="1">Oui, il y a de tout cela, vous avez raison. </s>
</p>
</sp>
<sp who="BACCHUS"><speaker>BACCHUS.</speaker>
<note type="L">Guinguette : Petit cabaret hors de la ville, où l'on va faire des parties de plaisir, des repas. [FC]</note>
<note type="L">Pratique : chalandise, chaland. Chaland se dit plutôt des marchands, et pratique des Ouvriers. [FC]</note>
<p id="31">
	<s id="1">Laisse-moi faire le reste, je te fournirai un bon Cuisinier, des garçons actifs et vigilants, de jolies servantes : et nous établiront une petite guinguette, où je ne te laisserai pas manquer de pratiques, et j'en serai le maître garçon, moi. </s>
</p>
</sp>
<sp who="FORÊT"><speaker>FORÊT.</speaker>
<note type="L">Maître garçon : celui qui est le premier entre ses compagnons dans une maison, dans une boutique, etc. [L]</note>
<p id="32">
	<s id="1">Bacchus le maître garçon de ma guinguette ! </s>
	<s id="2">Il en deviendra bientôt le maître. </s>
</p>
</sp>
</div2>
<div2 type="scene" n="7"><head>SCÈNE VII. Bacchus, Foret, Claudine.</head>
<sp who="CLAUDINE"><speaker>CLAUDINE.</speaker>
<p id="1">
	<s id="1">Hé vite, Monsieu, dépêchez-vous.</s>
</p>
</sp>
<sp who="FORÊT"><speaker>FORÊT.</speaker>
<p id="2">
	<s id="">Qu'est-ce qu'il y a ? </s>
</p>
</sp>
<sp who="CLAUDINE"><speaker>CLAUDINE.</speaker>
<p id="3">
	<s id="1">Tout est au pillage dans votre magasin. </s>
</p>
</sp>
<sp who="FORÊT"><speaker>FORÊT.</speaker>
<p id="4">
	<s id="">Comment donc ? </s>
</p>
</sp>
<sp who="CLAUDINE"><speaker>CLAUDINE.</speaker>
<p id="5">
	<s id="1">Les portes se sont ouvartes d'elles-mêmes ; il y a je ne sais combian de garçons qui tiront le vin dans de grandes cruches, les broches tournent dans toutes les cheminées. </s>
	<s id="2">Il est tombé dans la maison une nuée d'affamés qui feront la cuisine jusques dans le jardin, et ils disont comme ça, qu'il y en a encore davantage de l'autre côté de l'iau, qui s'apprêtont à venir faire comme eux. </s>
</p>
</sp>
<sp who="BACCHUS"><speaker>BACCHUS.</speaker>
<p id="6">
	<s id="">Voilà des effets de ma protection, Monsieur Foret ; cela ne commence pas mal, comme vous voyez. </s>
</p>
</sp>
<sp who="FORÊT"><speaker>FORÊT.</speaker>
<p id="7">
	<s id="">Il est vrai, mais… </s>
</p>
</sp>
<sp who="CLAUDINE"><speaker>CLAUDINE.</speaker>
<p id="8">
	<s id="1">Venez mettre ordre à ça, s'il vous plaît. </s>
	<s id="2">On ne sait auquel entendre, et ils mettront peut-être le feu à la maison, s'ils ne voyont parsonne à qui parler.</s>
</p>
</sp>
<sp who="FORÊT"><speaker>FORÊT.</speaker>
<p id="9">
	<s id="">Miséricorde, que faut-il que je fasse ? </s>
</p>
</sp>
</div2>
<div2 type="scene" n="8"><head>SCÈNE VIII. Bacchus, Foret.</head>
<sp who="BACCHUS"><speaker>BACCHUS.</speaker>
<note type="L">Malepeste : espèce d'interjection qui exprime la surprise. Voir Molière l'Etroudi, Acte II scène 5.</note>
<p id="1">
	<s id="1">Ne vous embarrassez de rien, c'est mon affaire. </s>
	<s id="2">Commencez par m'envoyer votre jolie fille et sa camarade, cela contiendra tout. </s>
	<s id="3">Malepeste, c'est le meuble le plus nécessaire d'une guinguette, que de jolies filles ! </s>
</p>
</sp>
<sp who="FORÊT"><speaker>FORÊT.</speaker>
<p id="2">
	<s id="1">Mais Monseigneur ? </s>
</p>
</sp>
<sp who="BACCHUS"><speaker>BACCHUS.</speaker>
<p id="3">
	<s id="1">Ne raisonnez point, faites ce qu'on vous dit, et laissez-moi faire. </s>
</p>
</sp>
<sp who="FORÊT"><speaker>FORÊT.</speaker>
<p id="4">
	<s id="1">On me promet une belle fortune, je ne sais pas si on me tiendra parole.</s>
</p>
</sp>
</div2>
<div2 type="scene" n="9"><head>SCÈNE IX. L'Amour, Bacchus, la Folie.</head>
<sp who="L'AMOUR"><speaker>L'AMOUR.</speaker>
<p id="1">
	<s id="1">Mais où m'emmenez-vous, s'il vous plaît ? </s>
	<s id="2">Madame la Folie ? </s>
</p>
</sp>
<sp who="LA FOLIE"><speaker>LA FOLIE.</speaker>
<p id="2">
	<s id="1">À la guinguette, Monsieur l'Amour. </s>
	<s id="2">Avez-vous oublié notre projet, et que nous y avons affaire ? </s>
	<s id="3">Il y a un temps infini que nous n'avons pas fait de petite débauche avec notre gros ami le Dieu du vin. </s>
</p>
</sp>
<sp who="BACCHUS"><speaker>BACCHUS.</speaker>
<p id="3">
	<s id="1">Ce n'est pas ma faute, mes enfants. </s>
</p>
</sp>
<sp who="L'AMOUR"><speaker>L'AMOUR.</speaker>
<p id="4">
	<s id="1">Ni la mienne, Seigneur Bacchus. </s>
</p>
</sp>
<sp who="BACCHUS"><speaker>BACCHUS.</speaker>
<p id="5">
	<s id="1">Ah, ah ! </s>
	<s id="2">L'amour n'est plus aveugle, il me reconnaît en m'abordant. </s>
</p>
</sp>
<sp who="LA FOLIE"><speaker>LA FOLIE.</speaker>
<p id="6">
	<s id="1">Aveugle, lui, est-ce qu'il l'a jamais été ? </s>
	<s id="2">Ce n'était que pour me faire des tracasseries, qu'il se plaignit à Jupiter que je lui avais crevé les yeux ; et pour pouvoir mettre sur mon compte, en m'obligeant de lui servir de guide, toutes les sottises qu'il est très capable de faire par lui-même. </s>
</p>
</sp>
<sp who="L'AMOUR"><speaker>L'AMOUR.</speaker>
<p id="7">
	<s id="1">Hé, là, là, Madame la Folie, un peu doucement, s'il vous plaît, vous ne devez pas trop vous plaindre que par malice ou par raison j'aie su vous attacher à moi. </s>
	<s id="2">Vos plus gracieuses occupations sont celles que je vous donne, et il n'y a guères d'agréables folies que celles que l'amour fait faire. </s>
</p>
</sp>
<sp who="LA FOLIE"><speaker>LA FOLIE.</speaker>
<note type="L">Robe : La profession des gens de judicature. La haute robe, se disait autrefois des premiers magistrats. L'ancienne robe, se disait des familles anciennes de la robe. [L]</note>
<p id="8">
	<s id="1">Il n'y en a pas de moins excusables ; ni qui fassent tant murmurer contre moi. </s>
	<s id="2">N'est-ce pas vous qui m'avez attiré l'indignation de cette famille de robe, dont la grand-mère épousa dernièrement ce joli petit Comte, à qui elle donna tout son bien, et qu'elle a laissé veuf au bout de huit jours ? </s>
</p>
</sp>
<sp who="L'AMOUR"><speaker>L'AMOUR.</speaker>
<p id="9">
	<s id="1">Hé ! </s>
	<s id="2">De quoi vous embarrassez-vous de l'indignation de la famille de robe, quand vous avez le plaisir d'avoir établi la fortune d'un joli homme, qui par plus de cent autres folies saura vous faire honneur de celle que vous avez fait faire en sa faveur ? </s>
</p>
</sp>
<sp who="LA FOLIE"><speaker>LA FOLIE.</speaker>
<p id="10">
	<s id="1">Je ne prends point le change, et j'en veux pour juge notre ami ; c'est à vous que le petit homme sait gré de sa fortune, et c'est à moi que l'on se prend de l'extravagance de la vieille. </s>
</p>
</sp>
<sp who="L'AMOUR"><speaker>L'AMOUR.</speaker>
<p id="11">
	<s id="1">Vous voilà bien malade ; j'ai plus à souffrir que vous des aventures dont nous nous mêlons. Ce jeune Chevalier qu'on croit à l'armée, et qui mange avec des coquettes et des filous le bien de sa mère, dont il ne jouit pas encore, est-ce à vous que l'on se prend de sa conduite ? </s>
	<s id="2">C'est moi qu'on en accuse, quoique je ne m'en mêle, ni de part, ni d'autre : il n'est point amoureux, il n'est point aimé, la folie seule et la débauche ruinent ses affaires, et c'est pourtant l'Amour qu'on rend responsable de l'événement. </s>
</p>
</sp>
<sp who="BACCHUS"><speaker>BACCHUS.</speaker>
<p id="12">
	<s id="1">C'est là notre malheur, à nous autres Divinités ; on nous impute quelquefois des choses où nous n'avons pas la moindre part. </s>
	<s id="2">Un honnête Procureur de ma connaissance donne tous les jours cent coups de pied dans le ventre de Madame sa femme ; on m'en accuse, on dit qu'il est ivre, il n'est qu'amoureux et jaloux ; ce sont vos affaires, et on en fait les miennes. </s>
</p>
</sp>
<sp who="LA FOLIE"><speaker>LA FOLIE.</speaker>
<p id="13">
	<s id="1">Rendons-nous justice, Seigneur Bacchus ; il n'arrive guère de sottises dans le monde, dont nous ne soyons cause, ou tous trois ensemble, ou séparément ; et si vous voulez que je vous dise la vérité, nous n'avons pas là-dessus de grands reproches à nous faire. </s>
</p>
</sp>
<sp who="BACCHUS"><speaker>BACCHUS.</speaker>
<p id="14">
	<s id="">Je ne m'en plains pas, et je laisse penser les hommes comme ils veulent. </s>
</p>
</sp>
<sp who="L'AMOUR"><speaker>L'AMOUR.</speaker>
<p id="15">
	<s id="1">C'est la Folie qui se plaint sans cesse, et qui finit pourtant toute seule quantité d'affaires que nous ne faisons qu'ébaucher. </s>
</p>
</sp>
<sp who="LA FOLIE"><speaker>LA FOLIE.</speaker>
<p id="16">
	<s id="1">C'est moi qui ai commencé celle qui nous rassemble ; mais ce sera vous qui la finirez, s'il vous plaît. </s>
</p>
</sp>
<sp who="L'AMOUR"><speaker>L'AMOUR.</speaker>
<p id="17">
	<s id="1">Très volontiers, je m'intéresse au sort des jolies filles.</s>
</p>
</sp>
</div2>
<div2 type="scene" n="10"><head>SCÈNE X. Bacchus, L'Amour, la Folie, Lucile, Nérine.</head>
<sp who="LA FOLIE"><speaker>LA FOLIE.</speaker>
<p id="1">
	<s id="1">En voici deux que je vous présente. </s>
</p>
</sp>
<sp who="L'AMOUR"><speaker>L'AMOUR.</speaker>
<p id="2">
	<s id="1">Je les connais, les Grâces me les avaient déjà présentées. </s>
</p>
</sp>
<sp who="LA FOLIE"><speaker>LA FOLIE.</speaker>
<p id="3">
	<s id="1">Les Grâces ont pris soin de leur enfance ; mais je sais à présent leur gouvernante, moi. </s>
</p>
</sp>
<sp who="L'AMOUR"><speaker>L'AMOUR.</speaker>
<p id="4">
	<s id="1">Et moi, je me déclare leur protecteur. </s>
</p>
</sp>
<sp who="BACCHUS"><speaker>BACCHUS.</speaker>
<p id="5">
	<s id="1">Hé, que leur ferai-je donc, s'il vous plaît ? </s>
</p>
</sp>
<sp who="LA FOLIE"><speaker>LA FOLIE.</speaker>
<p id="6">
	<s id="1">Le promoteur de leur mariage. </s>
</p>
</sp>
<sp who="BACCHUS"><speaker>BACCHUS.</speaker>
<p id="7">
	<s id="1">Cet emploi-là ne sera pas difficile. </s>
</p>
</sp>
<sp who="LA FOLIE"><speaker>LA FOLIE.</speaker>
<p id="8">
	<s id="1">Voilà de jolies filles de cabaret, au moins. </s>
</p>
</sp>
<sp who="BACCHUS"><speaker>BACCHUS.</speaker>
<note type="L">Vertu de ma vie : Mots burlesques, qui est une sorte de serment de femmes du petit peuple. [R]</note>
<p id="9">
	<s id="1">Vertu de ma vie, quelle provision pour notre guinguette ! </s>
</p>
</sp>
<sp who="L'AMOUR"><speaker>L'AMOUR.</speaker>
<p id="10">
	<s id="1">Je dégarnis mes temples pour faire honneur aux vôtres.</s>
</p>
</sp>
</div2>
<div2 type="scene" n="11"><head>SCÈNE XI. L'Amour, la Folie, Lucile, Nérine, Éraste, Clitandre, Bacchus.</head>
<sp who="L'AMOUR"><speaker>L'AMOUR.</speaker>
<p id="1">
	<s id="1">Voici leurs amants qui se sont faits aussi garçons de cabaret, pour avoir l'honneur de servir sous vos ordres. </s>
</p>
</sp>
<sp who="BACCHUS"><speaker>BACCHUS.</speaker>
<note type="L">Main : Fig. De telle personne à telle autre il n'y a que la main, se dit pour exprimer le rapport étroit qui existe entre les personnes dont on parle. Voir aussi l'Opéra de village. [L]</note>
<p id="2">
	<s id="1">L'imagination me plaît, je leur en sais gré, et voilà deux jeunes drôles qui se présentent bien, au moins. </s>
	<s id="2">Écoutez, mes enfants, de filles de guinguette à garçon de cabaret, il n'y a que la main ; n'allez pas abuser de la protection qu'on vous donne, et anticiper… </s>
</p>
</sp>
<sp who="ÉRASTE"><speaker>ÉRASTE.</speaker>
<p id="3">
	<s id="1">Nous vous le promettons. </s>
</p>
</sp>
<sp who="LA FOLIE"><speaker>LA FOLIE.</speaker>
<p id="4">
	<s id="1">Ils auront peine à tenir parole ; l'air de Suresnes est terriblement dangereux pour ces choses-là. </s>
</p>
</sp>
<sp who="BACCHUS"><speaker>BACCHUS.</speaker>
<p id="5">
	<s id="1">Point, point ; il y a de la bonne foi parmi les ivrognes, c'est la meilleure qualité de mes sujets. </s>
</p>
</sp>
<sp who="L'AMOUR"><speaker>L'AMOUR.</speaker>
<p id="6">
	<s id="1">Oui, mais les moeurs de mon empire sont toutes différentes. </s>
</p>
</sp>
<sp who="LA FOLIE"><speaker>LA FOLIE.</speaker>
<p id="7">
	<s id="1">C'est que vos deux États relèvent des miens ; c'est moi qui en règle la police. </s>
</p>
</sp>
<sp who="BACCHUS"><speaker>BACCHUS.</speaker>
<p id="8">
	<s id="1">N'ayons point de dispute là-dessus, et allons prendre possession de la nouvelle guinguette ; comme maître-garçon, j'y ai ma table, et ce ne sera pas la plus mal servie. </s>
</p>
</sp>
<sp who="L'AMOUR"><speaker>L'AMOUR.</speaker>
<p id="9">
	<s id="1">Nous allons être accablés de monde : il nous faudrait quelqu'un pour écarter un peu la foule, et ne laisser entrer que des masques de connaissances. </s>
	<s id="2">Car tout le monde est aujourd'hui masqué dans le Village. </s>
</p>
</sp>
<sp who="BACCHUS"><speaker>BACCHUS.</speaker>
<p id="10">
	<s id="1">J'ai fait dire au bonhomme Silène de se rendre ici, nous en ferons notre Portier. </s>
</p>
</sp>
<sp who="L'AMOUR"><speaker>L'AMOUR.</speaker>
<p id="11">
	<s id="1">Du bonhomme Silène, il est toujours ivre ! </s>
</p>
</sp>
<sp who="LA FOLIE"><speaker>LA FOLIE.</speaker>
<note type="L">Suisse : Portier. Boire comme un Suisse, i.e. beaucoup. [FC]</note>
<p id="12">
	<s id="1">Tant mieux on le prendra pour un Suisse. </s>
</p>
</sp>
<sp who="L'AMOUR"><speaker>L'AMOUR.</speaker>
<p id="13">
	<s id="1">Mais en attendant qu'il soit venu ? </s>
</p>
</sp>
<sp who="LA FOLIE"><speaker>LA FOLIE.</speaker>
<p id="14">
	<s id="1">J'en ferai les fonctions, moi. </s>
	<s id="2">Je n'aime point demeurer en place, et je ne me plais à table qu'à la fin des repas. </s>
</p>
</sp>
<sp who="LUCILE"><speaker>LUCILE.</speaker>
<p id="15">
	<s id="1">Ne laissez point entrer mon père, Madame, je vous prie. </s>
</p>
</sp>
<sp who="NÉRINE"><speaker>NÉRINE.</speaker>
<p id="16">
	<s id="1">Ni mon oncle de grâce. </s>
</p>
</sp>
<sp who="LA FOLIE"><speaker>LA FOLIE.</speaker>
<p id="17">
	<s id="1">Oh pour cela il sera bien difficile de les en empêcher ; mais leur présence ne gâtera rien. </s>
</p>
</sp>
<sp who="CLITANDRE"><speaker>CLITANDRE.</speaker>
<p id="18">
	<s id="1">Les Dieux se mêlent de nos affaires, en pouvons-nous craindre l'événement ? </s>
</p>
</sp>
</div2>
<div2 type="scene" n="12"><head>SCÈNE XII. L'Amour, la Folie, Bacchus, Lucile, Nérine, Éraste, Clitandre, Kerpinot.</head>
<sp who="KERPINOT"><speaker>KERPINOT en dehors. </speaker>
<p id="1">
	<s id="1">Holà, ho, quelqu'un, du vin, de la glace, et de l'eau cordiale ! </s>
</p>
</sp>
<sp who="L'AMOUR"><speaker>L'AMOUR.</speaker>
<p id="2">
	<s id="1">Voici déjà un honnête garçon, bien accommodé. </s>
</p>
</sp>
<sp who="BACCHUS"><speaker>BACCHUS.</speaker>
<p id="3">
	<s id="1">C'est un de mes favoris, Monsieur de Kerpinot, je le reconnais, tout masqué qu'il est. </s>
</p>
</sp>
<sp who="LA FOLIE"><speaker>LA FOLIE.</speaker>
<p id="4">
	<s id="1">Oh ! </s>
	<s id="2">Monsieur Kerpinot n'est point masqué, il est ivre, c'est son naturel. </s>
</p>
</sp>
<sp who="BACCHUS"><speaker>BACCHUS.</speaker>
<p id="5">
	<s id="1">Prenez soin de lui, il est en bon état. </s>
</p>
</sp>
<sp who="LA FOLIE"><speaker>LA FOLIE.</speaker>
<p id="6">
	<s id="1">Je m'en charge, je vous l'enverrai, vous l'achèverez. </s>
</p>
</sp>
</div2>
<div2 type="scene" n="13"><head>SCÈNE XIII. La Folie, Madame Pinterelle, Kerpinot.</head>
<sp who="KERPINOT"><speaker>KERPINOT.</speaker>
<p id="1">
	<s id="1">Comment donc ! </s>
	<s id="2">Vous me voulez quitter, vous m'abandonnez dans l'occasion, mon adorable, ma divine, ma robuste ! </s>
</p>
</sp>
<sp who="MADAME PINTERELLE"><speaker>MADAME PINTERELLE.</speaker>
<p id="2">
	<s id="1">Holà donc, doucement, tenez-vous, petit badin, ces sortes d'empressements-là sont trop marqués, un peu de modestie. </s>
</p>
</sp>
<sp who="LA FOLIE"><speaker>LA FOLIE.</speaker>
<p id="3">
	<s id="1">Il est avec Madame Pinterelle, une de mes intimes : voilà un joli tête à tête. </s>
</p>
</sp>
<sp who="KERPINOT"><speaker>KERPINOT.</speaker>
<note type="L">Parbleu : Sorte de jurement. Altération de par Dieu. [L]</note>
<p id="4">
	<s id="1">Mais, mais, mais parbleu ! </s>
	<s id="2">Charmante, je ne vous manque point de respect ; et si la vivacité de la passion autorise des mouvements de coeur… qui causent… une palpitation, qu'on n'est pas maître de renfermer dans une imagination toute remplie de vos charmes… </s>
</p>
</sp>
<sp who="MADAME PINTERELLE"><speaker>MADAME PINTERELLE.</speaker>
<p id="5">
	<s id="1">Qu'il parle bien ! </s>
	<s id="2">Qu'il s'exprime juste ! </s>
	<s id="3">Un discours poli, bien soutenu ! </s>
</p>
</sp>
<sp who="KERPINOT"><speaker>KERPINOT.</speaker>
<p id="6">
	<s id="1">Oh ! </s>
	<s id="2">Pour cela, oui, mon discours se soutient mieux que moi, et si mes résolutions avaient autant de fermeté que ma pénétration a d'agrément… </s>
	<s id="3">Hé ! </s>
	<s id="4">Bonjour, ma chère… mon aimable petite folichon. </s>
</p>
</sp>
<sp who="LA FOLIE"><speaker>LA FOLIE.</speaker>
<p id="7">
	<s id="1">Bonjour, Monsieur de Kerpinot, que vous voilà joli garçon ? </s>
	<s id="2">Que vous vous portez bien ! </s>
</p>
</sp>
<sp who="KERPINOT"><speaker>KERPINOT.</speaker>
<p id="8">
	<s id="1">Ma santé ne s'altère point, parce que j'ai soin de boire. </s>
</p>
</sp>
<sp who="MADAME PINTERELLE"><speaker>MADAME PINTERELLE.</speaker>
<p id="9">
	<s id="1">C'est un homme de précaution, que Monsieur de Kerpinot. </s>
</p>
</sp>
<sp who="KERPINOT"><speaker>KERPINOT.</speaker>
<p id="10">
	<s id="1">Hé ! </s>
	<s id="2">Par quelle heureuse aventure… vous n'êtes pas seule ici apparemment ? </s>
</p>
</sp>
<sp who="LA FOLIE"><speaker>LA FOLIE.</speaker>
<p id="11">
	<s id="1">Oh, vraiment non ; c'est moi qui y ai amené plus de la moitié de la Compagnie.</s>
</p>
</sp>
<sp who="KERPINOT"><speaker>KERPINOT.</speaker>
<note type="L">Passy : village hors de Pariau XVIIème siècles, annexé au XVIème arrondissement en 1860.</note>
<p id="12">
	<s id="1">Ah ! </s>
	<s id="2">Que vous avez bien fait ; voici une nouvelle petite guinguette aussi jolie, aussi attirante, je n'ai jamais pu m'empêcher d'y entrer, et si nous venons déjà de faire collation, dans une autre à Passy, Madame et moi, avec mon laquais, sa femme de chambre, notre Fiacre, tous cinq tête à tête. </s>
	<s id="3">Quand on se trouve à la Ginguette, on n'y fait point tant de cérémonie. </s>
</p>
</sp>
<sp who="LA FOLIE"><speaker>LA FOLIE.</speaker>
<p id="13">
	<s id="1">Ce n'est pas d'aujourd'hui que vous vous connaissez, je sais de vos nouvelles, et Madame Pinterelle est depuis longtemps de vos amies. </s>
</p>
</sp>
<sp who="MADAME PINTERELLE"><speaker>MADAME PINTERELLE.</speaker>
<p id="14">
	<s id="1">Le moyen de n'en pas être, il est si engageant. </s>
</p>
</sp>
<sp who="KERPINOT"><speaker>KERPINOT.</speaker>
<note type="L">Cheval de carrosse : Fig. et familièrement. Cheval de carrosse, cheval de bât, gros cheval, ou, simplement, cheval, homme rude, grossier, intraitable. [L]</note>
<p id="15">
	<s id="1">Oh ! </s>
	<s id="2">Point du tout, mignonne, c'est vous qui êtes aimable ; je suis un ivrogne, un brutal, un cheval de carrosse.</s>
</p>
</sp>
<sp who="LA FOLIE"><speaker>LA FOLIE.</speaker>
<p id="16">
	<s id="1">Quelle modestie ! </s>
	<s id="2">Il n'y a point là d'amour-propre. </s>
	<s id="3">Mais que vous ne vous épousez-vous puisque vous vous aimez tant. </s>
</p>
</sp>
<sp who="KERPINOT"><speaker>KERPINOT.</speaker>
<p id="17">
	<s id="1">Hélas ! </s>
	<s id="2">De tout mon coeur, je ne demande pas mieux, moi, quelquefois. Mais Madame Pinterelle a dans l'esprit des contrariétés… </s>
</p>
</sp>
<sp who="MADAME PINTERELLE"><speaker>MADAME PINTERELLE.</speaker>
<p id="18">
	<s id="1">Il ne sait ce qu'il dit, ma chère, c'est délicatesse… </s>
	<s id="2">Je ne veux devoir son engagement qu'à lui-même. </s>
</p>
</sp>
<sp who="KERPINOT"><speaker>KERPINOT.</speaker>
<p id="19">
	<s id="1">Oui, voilà ce qui fait la difficulté. </s>
	<s id="2">Mon amour, à moi est une passion qui est la suite d'une autre ; je ne veux épouser Madame que le soir, et Madame ne veut m'épouser que les matins ? Vous comprenez bien la différence ? </s>
</p>
</sp>
<sp who="MADAME PINTERELLE"><speaker>MADAME PINTERELLE.</speaker>
<p id="20">
	<s id="1">Elle est assez grande, comme vous voyez. </s>
</p>
</sp>
<sp who="LA FOLIE"><speaker>LA FOLIE.</speaker>
<p id="21">
	<s id="1">Point du tout ; du matin au soir seulement, c'est une bagatelle. </s>
</p>
</sp>
<sp who="KERPINOT"><speaker>KERPINOT.</speaker>
<p id="22">
	<s id="1">Ne pourriez-vous point trouver quelque milieu à cela, vous qui êtes si ingénieuse ? </s>
</p>
</sp>
<sp who="LA FOLIE"><speaker>LA FOLIE.</speaker>
<p id="23">
	<s id="1">Cela ne sera pas difficile à accommoder, passez ici la nuit à table. </s>
</p>
</sp>
<sp who="KERPINOT"><speaker>KERPINOT.</speaker>
<p id="24">
	<s id="1">Voilà déjà une bonne proposition, cela m'accommode. </s>
</p>
</sp>
<sp who="LA FOLIE"><speaker>LA FOLIE.</speaker>
<p id="25">
	<s id="1">Comme vous ne serez point couché, le matin vous tiendra lieu du soir, et voilà la difficulté levée. </s>
</p>
</sp>
<sp who="KERPINOT"><speaker>KERPINOT.</speaker>
<p id="26">
	<s id="1">Oui, mais ce matin paraîtra aussi le soir à Madame Pinterelle, c'est une délicate qui veut qu'on l'épouse de sens froid, cela ne se peut pas, ce n'est pas la manière du pays, comme vous savez. </s>
</p>
</sp>
<sp who="LA FOLIE"><speaker>LA FOLIE.</speaker>
<p id="27">
	<s id="1">Je vous ferai changer de sentiment à tous deux. </s>
</p>
</sp>
<sp who="MADAME PINTERELLE"><speaker>MADAME PINTERELLE.</speaker>
<p id="28">
	<s id="1">Je défère beaucoup à vos conseils. </s>
</p>
</sp>
<sp who="LA FOLIE"><speaker>LA FOLIE.</speaker>
<p id="29">
	<s id="1">Allez-vous-en trouver de ma part Bacchus et l'Amour qui tiennent table au fond de ce petit bois, vous ne sortirez pas d'ici sans être d'accord. </s>
</p>
</sp>
<sp who="KERPINOT"><speaker>KERPINOT.</speaker>
<p id="30">
	<s id="1">Le conseil est bon, ma Princesse, il le faut suivre. </s>
</p>
</sp>
<sp who="MADAME PINTERELLE"><speaker>MADAME PINTERELLE.</speaker>
<p id="31">
	<s id="1">L'Amour et le Dieu du vin, voilà bonne compagnie. </s>
</p>
</sp>
<sp who="KERPINOT"><speaker>KERPINOT.</speaker>
<note type="L">Encanailler : Mêler, associer avec de la canaille, avec des gens d'un rang bien inférieur. Voir aussi Dancourt, le Retour de officiers. [L]</note>
<p id="32">
	<s id="1">On ne nous encanaille point, allons ma Princesse : que vous m'allez aimer, et que je m'en vais boire.</s>
</p>
</sp>
</div2>
<div2 type="scene" n="14"><head>SCÈNE XIV. La Folie, la Veuve.</head>
<sp who="LA FOLIE"><speaker>LA FOLIE.</speaker>
<p id="1">
	<s id="1">Voilà une bonne recrue pour la table du Dieu du vin ; mais dans un repas de guinguette, il faut des fous et des folles de toute espèce. En voici une joliment masquée. </s>
</p>
</sp>
<sp who="LA VEUVE"><speaker>LA VEUVE.</speaker>
<p id="2">
	<s id="1">C'est ici le lieu du rendez-vous, et le Chevalier n'y est point encore.</s>
</p>
</sp>
<sp who="LA FOLIE"><speaker>LA FOLIE.</speaker>
<p id="3">
	<s id="1">Je la connais, c'est cette riche Veuve que l'Amour et moi avons rendu si folle d'un cadet Gascon dont nous voulons faire la fortune ; elle est ici sans lui, qu'est-ce que cela veut dire ? </s>
</p>
</sp>
<sp who="LA VEUVE"><speaker>LA VEUVE.</speaker>
<p id="4">
	<s id="1">Hé, bon Dieu ! </s>
	<s id="2">Madame, que faites-vous ici ? </s>
	<s id="3">Quoi ! </s>
	<s id="4">Toute seule à la Guinguette ? </s>
	<s id="5">Je croyais qu'il n'y avait que moi dans le monde assez folle pour cela. </s>
</p>
</sp>
<sp who="LA FOLIE"><speaker>LA FOLIE.</speaker>
<p id="5">
	<s id="1">Le pouvoir de la Folie est moins borné que vous ne croyez ; et si vous êtes folle, comme vous le dites, Madame, vous pouvez vous vanter de l'être en bonne compagnie. </s>
</p>
</sp>
<sp who="LA VEUVE"><speaker>LA VEUVE.</speaker>
<p id="6">
	<s id="1">Je crois l'être, je crois ne l'être pas ; ma folie me parait sage, la sagesse des autres me parait folie. </s>
	<s id="2">Je ne connais personne sans ridicule, les uns plus outrés, les autres moins. </s>
	<s id="3">J'ai les miens, j'en suis persuadée ; mais ils me font plaisir, et je craindrais de les connaître, de crainte de m'en corriger. </s>
</p>
</sp>
<sp who="LA FOLIE"><speaker>LA FOLIE.</speaker>
<p id="7">
	<s id="1">Je ne vous en crois point, moi, Madame, et vous me semblez toute parfaite. </s>
</p>
</sp>
<sp who="LA VEUVE"><speaker>LA VEUVE.</speaker>
<p id="8">
	<s id="1">Rien moins que cela, Madame, j'ai un entêtement insupportable ; je suis esclave des bienséances. </s>
	<s id="2">La crainte de la médisance me tient dans une gêne, dans une contrainte effroyable. </s>
</p>
</sp>
<sp who="LA FOLIE"><speaker>LA FOLIE.</speaker>
<p id="9">
	<s id="1">Quelle simplicité ! </s>
</p>
</sp>
<sp who="LA VEUVE"><speaker>LA VEUVE.</speaker>
<p id="10">
	<s id="1">C'est mon ridicule ; je m'étais flattée que le veuvage me mettrait à portée de jouir un peu des douceurs de la vie, des petits plaisirs innocents que le commerce du monde peut fournir. </s>
</p>
</sp>
<sp who="LA FOLIE"><speaker>LA FOLIE.</speaker>
<p id="11">
	<s id="1">Cela doit être, c'est la règle. </s>
</p>
</sp>
<sp who="LA VEUVE"><speaker>LA VEUVE.</speaker>
<p id="12">
	<s id="1">Ce ne l'est pas chez moi. </s>
	<s id="2">Il y a quinze jours que je suis veuve, et depuis ce temps-là, Madame, nulle satisfaction dans la vie, point de partie de plaisir. </s>
	<s id="3">Il a fallu renoncer aux Spectacles ; plus d'Opéra ni de Comédie, pas de promenade même ; je n'ai de ressource qu'au Bal, parce qu'on s'y déguise, et quelquefois à le Ginguette, cela est sans conséquence. </s>
	<s id="4">Oh ! </s>
	<s id="5">Je suis bienheureuse qu'elle soit à la mode, et que ce plaisir-là n'ait point été connu quand on a fait les règles du veuvage. </s>
</p>
</sp>
<sp who="LA FOLIE"><speaker>LA FOLIE.</speaker>
<p id="13">
	<s id="1">Vous y venez souvent apparemment ? </s>
</p>
</sp>
<sp who="LA VEUVE"><speaker>LA VEUVE.</speaker>
<p id="14">
	<s id="1">Hélas ! </s>
	<s id="2">Si peu, Madame ; Je me refuse à tout, je n'y ai encore soupé que huit ou dix fois depuis quinze jours ; mais je n'étais encore jamais venue dans celle-ci. </s>
</p>
</sp>
<sp who="LA FOLIE"><speaker>LA FOLIE.</speaker>
<p id="15">
	<s id="1">Ce n'est pas une des moins attirantes, et vous attendez compagnie sans doute. </s>
</p>
</sp>
<sp who="LA VEUVE"><speaker>LA VEUVE.</speaker>
<p id="16">
	<s id="1">Compagnie ? </s>
	<s id="2">Non. </s>
	<s id="3">Dans l'état où je suis, il ne me convient pas de voir grand monde ; et pour ne point m'écarter des règles, je me réduis au tête à tête. </s>
</p>
</sp>
<sp who="LA FOLIE"><speaker>LA FOLIE.</speaker>
<p id="17">
	<s id="1">Quelle conduite ! </s>
</p>
</sp>
<sp who="LA VEUVE"><speaker>LA VEUVE.</speaker>
<p id="18">
	<s id="1">C'est avec un jeune homme de Province, qui me recherche, et que je prendrai le parti d'épouser, je pense, non pas par amour ni par faiblesse, mais pour changer de nom ; celui du défunt me fait toujours souvenir de la perte que j'ai faite, cela est trop triste. </s>
</p>
</sp>
<sp who="LA FOLIE"><speaker>LA FOLIE.</speaker>
<p id="19">
	<s id="1">Oui vraiment, et vous ferez bien de vous en défaire tout au plus vite. </s>
</p>
</sp>
<sp who="LA VEUVE"><speaker>LA VEUVE.</speaker>
<p id="20">
	<s id="1">C'est bien mon dessein. </s>
	<s id="2">Voici le petit homme de Province. </s>
</p>
</sp>
<sp who="LA FOLIE"><speaker>LA FOLIE.</speaker>
<p id="21">
	<s id="1">Qu'il est bien fait ! </s>
	<s id="2">Qu'il a bon air ! </s>
</p>
</sp>
<sp who="LA VEUVE"><speaker>LA VEUVE.</speaker>
<p id="22">
	<s id="1">Nous nous aimons à la folie, et nous avons tous deux raison.</s>
</p>
</sp>
</div2>
<div2 type="scene" n="15"><head>SCÈNE XV. La Folie, la Veuve, le Chevalier.</head>
<sp who="LE CHEVALIER"><speaker>LE CHEVALIER.</speaker>
<p id="1">
	<s id="1">Hé, comment donc, la première ici ? </s>
	<s id="2">Oh pour le coup, je suis un fat, belle personne, et vous n'êtes pas faite pour attendre. </s>
</p>
</sp>
<sp who="LA VEUVE"><speaker>LA VEUVE.</speaker>
<p id="2">
	<s id="1">Je n'attends pas seule, au moins Chevalier, et l'amant de Madame n'a ni plus de politesse, ni plus d'empressement que vous. </s>
</p>
</sp>
<sp who="LA FOLIE"><speaker>LA FOLIE.</speaker>
<p id="3">
	<s id="1">Moi, Madame, je n'ai point d'amant, mais on en trouve à la guinguette. </s>
</p>
</sp>
<sp who="LA VEUVE"><speaker>LA VEUVE.</speaker>
<p id="4">
	<s id="1">Un amant de guinguette ? </s>
	<s id="2">La jolie chose ! </s>
</p>
</sp>
<sp who="LE CHEVALIER"><speaker>LE CHEVALIER.</speaker>
<p id="5">
	<s id="1">Hé de grâce, Madame, ne méprisons pas les guinguettes, puisque je leur dois mon bonheur : c'était où nous avons fait connaissance. </s>
</p>
</sp>
<sp who="LA FOLIE"><speaker>LA FOLIE.</speaker>
<p id="6">
	<s id="1">Le hasard ne vous a pas trop mal adressés l'un et l'autre. </s>
</p>
</sp>
<sp who="LE CHEVALIER"><speaker>LE CHEVALIER.</speaker>
<note type="L">Sandis : Espèce de jurement gascon. [L]</note>
 <note type="L">Maltôtier : Celui qui fait la maltôte : impôt levé sous Philippe le Bel, pour la guerre contre les Anglais. Perception d'un droit qui n'est pas dû. Toute espèce de perception d'impôts.</note>
<p id="7">
	<s id="1">Sandis, je m'en loue et l'en remercie ; hé, mardis, vive les guinguettes pour prendre des engagements. </s>
	<s id="2">On s'y connaît, on s'y développe. </s>
	<s id="3">En arrivant à Paris, je me dis d'abord à moi-même, il te faut une occupation, Chevalier. </s>
	<s id="4">Gens du pays sans quelque intrigue, sont les Maltôtiers sans patron. </s>
	<s id="5">Cherchons des belles ; je m'en informe, on me mène au Cours, on y voit les visages qu'au travers des glaces, ce sont des pastels, je n'achète point chat en poche, je veux connaître. </s>
	<s id="6">Je vais aux Comédies, à l'Opéra ; maintes beautés toutes brillantes ; mais aux chandelles, cela m'est suspect. </s>
	<s id="7">Que faire ? </s>
	<s id="8">Il me faut une affaire de coeur absolument. </s>
	<s id="9">Où la prendre pour n'être point trompé ? </s>
	<s id="10">Ma bonne fortune me conduit à la guinguette, j'y vois sans glace et sans chandelles cette belle dame en plein jour, j'en étudie l'esprit et le caractère, j'en surprends le coeur, et j'en deviens fou. Voilà l'histoire, ai-je tort, Madame ? </s>
</p>
</sp>
<sp who="LA FOLIE"><speaker>LA FOLIE.</speaker>
<note type="L">Acheter chat en poche : Conclure une affaire sans examen. [L]</note>
<p id="8">
	<s id="1">Je n'ai garde de trouver cela. </s>
	<s id="2">Il n'y a rien de si joli qu'une passion de guinguette. </s>
</p>
</sp>
<sp who="LA VEUVE"><speaker>LA VEUVE.</speaker>
<p id="9">
	<s id="1">Il n'y a que celles-là de bonnes, mais on n'a que faire de dire d'où on se connaît. </s>
	<s id="2">Oh çà, Chevalier, quand nous marierons-nous ? </s>
</p>
</sp>
<sp who="LE CHEVALIER"><speaker>LE CHEVALIER.</speaker>
<p id="10">
	<s id="1">Quand, Madame ? </s>
	<s id="2">Et quand vous voudrez. </s>
	<s id="3">Suis-je de taille et de pays à dire non dans une affaire ? </s>
	<s id="4">Dès ce soir, dès le moment même. </s>
</p>
</sp>
<sp who="LA VEUVE"><speaker>LA VEUVE.</speaker>
<p id="11">
	<s id="1">Son empressement me charme ; je me fais une idée si gracieuse de vivre avec lui. </s>
</p>
</sp>
<sp who="LE CHEVALIER"><speaker>LE CHEVALIER.</speaker>
<note type="L">Cadédis : Jurement qu'on met habituellement dans la bouche des Gascons. [L]</note>
<p id="12">
	<s id="1">Ah cadédis, laissez-moi faire, je vous attends dans la Province, vous n'y tiendrez pas, vous y mourrez de gloire et de joie. </s>
</p>
</sp>
<sp who="LA FOLIE"><speaker>LA FOLIE.</speaker>
<p id="13">
	<s id="1">De gloire et de joie, cela flatte agréablement. </s>
</p>
</sp>
<sp who="LE CHEVALIER"><speaker>LE CHEVALIER.</speaker>
<p id="14">
	<s id="1">Gouverneurs, Présidents, Directeurs d'affaires, Commis des postes, Gens de plaisir et de bonne chère ; ce sera belle Dame, à qui nous régalera, j'en suis sûr. </s>
</p>
</sp>
<sp who="LA VEUVE"><speaker>LA VEUVE.</speaker>
<p id="15">
	<s id="1">Madame ? </s>
</p>
</sp>
<sp who="LE CHEVALIER"><speaker>LE CHEVALIER.</speaker>
<p id="16">
	<s id="1">Vous aurez le fauteuil chez l'Intendante, au moins, sans contestation. </s>
</p>
</sp>
<sp who="LA FOLIE"><speaker>LA FOLIE.</speaker>
<p id="17">
	<s id="1">Quelle prérogative ! </s>
</p>
</sp>
<sp who="LE CHEVALIER"><speaker>LE CHEVALIER.</speaker>
<p id="18">
	<s id="1">Pour ma famille, je n'en parle pas : le soleil n'a que douze maisons, et nous avons trente châteaux que je parcours toute l'année. </s>
</p>
</sp>
<sp who="LA FOLIE"><speaker>LA FOLIE.</speaker>
<p id="19">
	<s id="1">Toujours en mouvement, on n'a pas le temps de s'ennuyer. </s>
</p>
</sp>
<sp who="LE CHEVALIER"><speaker>LE CHEVALIER.</speaker>
<p id="20">
	<s id="1">Magnificence, grand régal, et de l'argent partout ; nous jouissons entre nous de quatre-vingt-quinze mille livres de rente. </s>
</p>
</sp>
<sp who="LA VEUVE"><speaker>LA VEUVE.</speaker>
<p id="21">
	<s id="1">Et vous êtes l'aîné, Monsieur le Chevalier ? </s>
</p>
</sp>
<sp who="LE CHEVALIER"><speaker>LE CHEVALIER.</speaker>
<note type="L">Fi : Particule qui sert à faire une exclamation pour témoigner le mépris, la haine, l'aversion qu'on a pour quelque personne ou quelque chose. [F]</note>
<p id="22">
	<s id="1">Un Chevalier, l'aîné ? </s>
	<s id="2">Fi donc, Madame, je suis cadet de treize frères. </s>
</p>
</sp>
<sp who="LA VEUVE"><speaker>LA VEUVE.</speaker>
<p id="23">
	<s id="1">Mais les aînés chez vous n'ont-ils pas tout le bien ? </s>
</p>
</sp>
<sp who="LE CHEVALIER"><speaker>LE CHEVALIER.</speaker>
<p id="24">
	<s id="1">Bonne partie quand on partage ; mais le père et la mère vivent, nous jouissons par indivis ; qui plus en prend, plus en possède, et je prétends vous faire voir que je n'ai pas la main mauvaise : cette vie aisée vous conviendra-t-elle ? </s>
</p>
</sp>
<sp who="LA FOLIE"><speaker>LA FOLIE.</speaker>
<p id="25">
	<s id="1">Il, faudrait que Madame fût bien difficile. </s>
	<s id="2">Oh çà, çà, puisque vous voilà si bien d'accord, il faut que vos noces se fassent en bonne compagnie ; l'air de ce pays-ci est admirable pour les mariages. </s>
</p>
</sp>
<sp who="LE CHEVALIER"><speaker>LE CHEVALIER.</speaker>
<p id="26">
	<s id="1">Cadédis, oui, je vous en réponds. </s>
</p>
</sp>
<sp who="LA FOLIE"><speaker>LA FOLIE.</speaker>
<p id="27">
	<s id="">Allez m'attendre dans ce petit bois, et joignez-vous à la compagnie que vous y trouverez à table avec l'Amour, vous n'y serez point de trop. </s>
</p>
</sp>
<sp who="LE CHEVALIER"><speaker>LE CHEVALIER.</speaker>
<p id="28">
	<s id="1">Volontiers, je suis sans façons, et ne refuse ni partie d'amour, ni partie de table, ce sont mes centres. </s>
</p>
</sp>
<sp who="LA VEUVE"><speaker>LA VEUVE.</speaker>
<p id="29">
	<s id="1">Allons, mon cher Chevalier, je me trouve bien partout où vous êtes. </s>
</p>
</sp>
<sp who="LA FOLIE"><speaker>LA FOLIE.</speaker>
<note type="L">Silène : Demi-dieu, fils de Pan et d'une nymphe, père nourricier et compagnon de Bacchus. [L]</note>
<p id="30">
	<s id="1">Voilà une noce bien avancée ; mais ne vois-je pas le bonhomme Silène ? </s>
	<s id="2">C'est lui-même, il est avec le Marchand de vin. Laissons-les ensemble, et allons parcourir un peu tous les échos de la nouvelle guinguette. </s>
</p>
</sp>
</div2>
<div2 type="scene" n="16"><head>SCÈNE XVI. Silène, Foret.</head>
<sp who="SILENE"><speaker>SILENE.</speaker>
<p id="1">
	<s id="1">Ne vous emportez point, mon ami, un peu de douceur et de tranquillité, il n'y aura point de désordre, je vous en réponds. </s>
	<s id="2">Moi, je suis le père de Silène. </s>
	<s id="3">Bacchus m'a donné ordre de faire garder la porte pour éviter les inconvénients ; la pratique donne bien, comme vous voyez, la maison ne désemplit point, on se bat pour entrer. </s>
</p>
</sp>
<sp who="FORÊT"><speaker>FORÊT.</speaker>
<p id="2">
	<s id="1">Il est vrai, on se bat pour entrer ; mais tout le monde sort sans payer. </s>
	<s id="2">Voilà une bonne chienne de pratique, les bords de l'eau sont pleins d'ivrognes, qui emportent des bouteilles, et qui boivent en chemin à la santé du maître-garçon. </s>
</p>
</sp>
<sp who="SILENE"><speaker>SILENE.</speaker>
<p id="3">
	<s id="1">N'ont-ils pas raison ? </s>
	<s id="2">Le maître garçon leur fait crédit, il prend tout sur son compte, ils en ont de la reconnaissance ; voilà d'honnêtes gens, il n'y a rien à dire. </s>
</p>
</sp>
<sp who="FORÊT"><speaker>FORÊT.</speaker>
<p id="4">
	<s id="1">Il prend tout sur son compte ? </s>
	<s id="2">Mais ce n'est pas le mien. </s>
</p>
</sp>
<sp who="SILENE"><speaker>SILENE.</speaker>
<p id="5">
	<s id="1">Vous l'y trouverez, ne vous mettez pas en peine, tout votre vin vieux sera consommé, il n'en restera pas une goutte : oh pour cela, il n'y a que Bacchus qui puisse imaginer des choses comme cela. </s>
</p>
</sp>
<sp who="FORÊT"><speaker>FORÊT.</speaker>
<note type="L">Maugrebleu : interjection. Espèce de juron. Mau pour mal, gré, et bleu par euphémisme pour Dieu : mauvais gré de Dieu. [L]</note>
<p id="6">
	<s id="1">Maugrebleu de l'imagination. </s>
</p>
</sp>
<sp who="SILENE"><speaker>SILENE.</speaker>
<p id="7">
	<s id="1">Paix, paix, taisez-vous, et nous laissez faire, nous rétablirons l'abondance, il faut bien faire renaître le crédit. </s>
</p>
</sp>
<sp who="FORÊT"><speaker>FORÊT.</speaker>
<p id="8">
	<s id="1">Je ne veux point qu'il revive à mes dépens, je n'ai que faire de cela. </s>
</p>
</sp>
<sp who="SILENE"><speaker>SILENE.</speaker>
<p id="9">
	<s id="1">Fi donc, il serait à souhaiter que vous fussiez crevés tous tant que vous êtes, et que le crédit fût ressuscité. </s>
	<s id="2">Oh ! </s>
	<s id="3">Le voilà en bon train. </s>
</p>
</sp>
<sp who="FORÊT"><speaker>FORÊT.</speaker>
<p id="10">
	<s id="1">Et me voilà en train de tout perdre, moi, si cela continue. </s>
</p>
</sp>
<sp who="SILENE"><speaker>SILENE.</speaker>
<p id="11">
	<s id="1">Oh ! </s>
	<s id="2">Non, diable ; nous avons affaire à d'honnêtes gens, tous enfants de Paris ; et j'ai bien recommandé qu'on ne laisse entrer que des personnes de connaissance. </s>
</p>
</sp>
<sp who="FORÊT"><speaker>FORÊT.</speaker>
<note type="L">À bonnes enseignes : à bon titre, avec sûreté, en toute garantie. [L]</note>
<p id="12">
	<s id="1">On laissera entrer qui on voudra ; mais je vais être le Portier, moi, pour ne laisser sortir personne qu'à bonnes enseignes. </s>
</p>
</sp>
<sp who="SILENE"><speaker>SILENE.</speaker>
<note type="L">Enseigne : À bonnes enseignes, à bon titre, avec sûreté, en toute garantie. [L]</note>
<p id="13">
	<s id="1">Qu'à bonnes enseignes ? </s>
	<s id="2">Je ne te le conseille pas, tu t'attireras quelque mauvaise influence. </s>
</p>
</sp>
<sp who="FORÊT"><speaker>FORÊT.</speaker>
<p id="14">
	<s id="1">Que peut-il m'arriver de pis, que d'être ruiné ? </s>
</p>
</sp>
<sp who="SILENE"><speaker>SILENE.</speaker>
<p id="15">
	<s id="1">J'ai encore le bras bon, tout vieillard que je suis, il me reste des forces dont tu feras l'épreuve. </s>
</p>
</sp>
<sp who="FORÊT"><speaker>FORÊT.</speaker>
<p id="16">
	<s id="1">On s'expose à tout pour défendre son bien. </s>
</p>
</sp>
<sp who="SILENE"><speaker>SILENE.</speaker>
<p id="17">
	<s id="1">Je t'abandonnerai aux mécontents, et tu auras cent coups de bâton, prends-y garde. </s>
</p>
</sp>
<sp who="FORÊT"><speaker>FORÊT.</speaker>
<p id="18">
	<s id="1">C'est ce qu'il faudra voir. </s>
</p>
</sp>
</div2>
<div2 type="scene" n="17"><head>SCÈNE XVII. La Folie, Foret, Silène.</head>
<sp who="LA FOLIE"><speaker>LA FOLIE.</speaker>
<p id="1">
	<s id="1">Qu'entends-je ? </s>
	<s id="2">Quel bruit fait-on ? </s>
	<s id="3">Quelle impertinence, quelle audace ? </s>
	<s id="4">Oser faire du désordre dans notre guinguette ? </s>
</p>
</sp>
<sp who="FORÊT"><speaker>FORÊT.</speaker>
<p id="2">
	<s id="1">Votre guinguette, Madame ? </s>
	<s id="2">C'est bien la mienne, puisque c'est mon vin qu'on y boit. </s>
</p>
</sp>
<sp who="LA FOLIE"><speaker>LA FOLIE.</speaker>
<p id="3">
	<s id="1">Ton vin qu'on y boit ! </s>
	<s id="2">Je t'en félicite, il s'en est fait grande consommation. </s>
</p>
</sp>
<sp who="FORÊT"><speaker>FORÊT.</speaker>
<p id="4">
	<s id="1">La consommation est grande, mais il n'y a point de recette. </s>
</p>
</sp>
<sp who="LA FOLIE"><speaker>LA FOLIE.</speaker>
<p id="5">
	<s id="1">Cela est écrit sur le livre, il n'y a rien à perdre, à moins que je ne brûle le livre, et cela pourrait bien arriver ; car je suis la Folie, au moins, défie-toi de mes caprices. </s>
</p>
</sp>
<sp who="FORÊT"><speaker>FORÊT.</speaker>
<p id="6">
	<s id="1">La Folie ? </s>
</p>
</sp>
<sp who="SILENE"><speaker>SILENE.</speaker>
<p id="7">
	<s id="1">Oui, ta patronne, et celle de bien d'autres. </s>
</p>
</sp>
<sp who="FORÊT"><speaker>FORÊT.</speaker>
<p id="8">
	<s id="1">Il a raison, il faut être fou pour confier sa cave au Dieu des ivrognes. </s>
</p>
</sp>
<sp who="SILENE"><speaker>SILENE.</speaker>
<p id="9">
	<s id="1">Surtout quand la Folie s'en mêle. </s>
</p>
</sp>
<sp who="FORÊT"><speaker>FORÊT.</speaker>
<p id="10">
	<s id="1">D'accord, mais les plus courtes folies… </s>
</p>
</sp>
<sp who="LA FOLIE"><speaker>LA FOLIE.</speaker>
<p id="11">
	<s id="1">Sont les mauvaises. </s>
	<s id="2">Les plus suivies sont les meilleures, on s'épargne le moment de la réflexion, Bacchus tient ici table à ses dépens, avec l'Amour. </s>
	<s id="3">Ne te brouille pas avec eux. </s>
</p>
</sp>
<sp who="FORÊT"><speaker>FORÊT.</speaker>
<note type="L">Peindre : Fig. S'achever de peindre, se conduire de manière à se compromettre, à ruiner ses affaires. [L]</note>
<p id="12">
	<s id="1">Avec l'Amour ! </s>
	<s id="2">L'Amour est ici ? </s>
	<s id="3">Voilà de quoi m'achever de peindre. </s>
</p>
</sp>
<sp who="LA FOLIE"><speaker>LA FOLIE.</speaker>
<p id="13">
	<s id="1">Est-ce que nous allons jamais l'un sans l'autre. </s>
</p>
</sp>
<sp who="FORÊT"><speaker>FORÊT.</speaker>
<p id="14">
	<s id="1">L'Amour, Bacchus, et la Folie, le beau trio pour faire fortune ! </s>
	<s id="2">Mais, qu'est-ce que j'entends ?</s>
</p>
<stage type="listen">On entend la symphonie.</stage>
</sp>
<sp who="LA FOLIE"><speaker>LA FOLIE.</speaker>
<p id="15">
	<s id="1">Tu entends d'assez jolies musiques, on a soin de tout, comme tu vois, rien ne manque dans ta guinguette. </s>
</p>
</sp>
</div2>
<div2 type="scene" n="18"><head>SCÈNE XVIII. La Folie, Lucile, Nérine, Foret, Silène, Éraste, Clitandre.</head>
<sp who="FORÊT"><speaker>FORÊT.</speaker>
<p id="1">
	<s id="1">Oh, vraiment non, rien n'y manque, mais il y a quelque chose de trop, de par tous les diables. </s>
</p>
</sp>
<sp who="LA FOLIE"><speaker>LA FOLIE.</speaker>
<p id="2">
	<s id="1">Que pourrait-ce être ? </s>
</p>
</sp>
<sp who="FORÊT"><speaker>FORÊT.</speaker>
<p id="3">
	<s id="1">Ces deux Messieurs que je vois là-bas avec ma fille, et sa compagne, à qui on avait défendu de les voir. </s>
</p>
</sp>
<sp who="LA FOLIE"><speaker>LA FOLIE.</speaker>
<p id="4">
	<s id="1">Tu es mal obéi, comme tu vois. </s>
	<s id="2">Mais pour l'être par de jolies filles, il ne leur faut commander que ce qu'elles souhaitent. </s>
</p>
</sp>
<sp who="FORÊT"><speaker>FORÊT.</speaker>
<p id="5">
	<s id="1">C'est une grande imprudence à elles...</s>
</p>
</sp>
</div2>
<div2 type="scene" n="19"><head>SCÈNE XIX. Bacchus, la Folie, Foret, l'Amour, Lucile, Nérine, Clitandre, Éraste, Silène.</head>
<sp who="LA FOLIE"><speaker>LA FOLIE.</speaker>
<p id="1">
	<s id="1">Taisez-vous, insolent, vous manquez de respect au maître garçon, c'est lui qui se mêle de cette affaire. </s>
</p>
</sp>
<sp who="FORÊT"><speaker>FORÊT.</speaker>
<p id="2">
	<s id="1">Il n'y a respect qui tienne ; ma fille est ma fille, et il ne sera pas dit… </s>
</p>
</sp>
<sp who="BACCHUS"><speaker>BACCHUS.</speaker>
<p id="3">
	<s id="1">Doucement, maraud, c'est moi qui viens de faire ces deux mariages. </s>
</p>
</sp>
<sp who="FORÊT"><speaker>FORÊT.</speaker>
<p id="4">
	<s id="1">Ma fille est mariée sans mon aveu ? </s>
	<s id="2">Et vous, Nérine, sans celui de votre oncle ? </s>
</p>
</sp>
<sp who="NÉRINE"><speaker>NÉRINE.</speaker>
<p id="5">
	<s id="1">Ne suffit-il pas de celui de Bacchus et de l'Amour ? </s>
</p>
</sp>
<sp who="LUCILE"><speaker>LUCILE.</speaker>
<p id="6">
	<s id="1">Le moyen de résister à leurs volontés ? </s>
</p>
</sp>
<sp who="FORÊT"><speaker>FORÊT.</speaker>
<p id="7">
	<s id="1">Oh ! </s>
	<s id="2">Parbleu, j'y résiste, moi. </s>
</p>
</sp>
<sp who="CLITANDRE"><speaker>CLITANDRE.</speaker>
<p id="8">
	<s id="1">Cela est inutile, c'est une chose réglée dans le conseil que l'on vient de tenir à table. </s>
</p>
</sp>
<sp who="FORÊT"><speaker>FORÊT.</speaker>
<p id="9">
	<s id="1">Je me moque de ce conseil-là, j'en appelle.</s>
</p>
</sp>
<sp who="SILENE"><speaker>SILENE. </speaker>
<note type="L">Provision : Terme de jurisprudence. Jugement par provision, jugement exécutoire provisoirement, nonobstant le recours dirigé contre lui. [L]</note>
<p id="10">
	<s id="1">Il n'y a point d'appel, mon bon ami, ce sont des Arrêts de guinguette, qui s'exécutent toujours par provision.</s>
</p>
</sp>
<sp who="FORÊT"><speaker>FORÊT.</speaker>
<p id="11">
	<s id="1">Marier ma fille, et vider mon magasin sans que je reçoive d'argent ! </s>
</p>
</sp>
<sp who="BACCHUS"><speaker>BACCHUS.</speaker>
<p id="12">
	<s id="1">Tu en recevras, donne-toi patience, et fais les choses de bonnes grâces, tout ton vin vieux sera payé le double de ce que tu l'aurais vendu. </s>
</p>
</sp>
<sp who="FORÊT"><speaker>FORÊT.</speaker>
<p id="13">
	<s id="1">Mon vin vieux sera payé double ; et de quelle manière ? </s>
</p>
</sp>
<sp who="BACCHUS"><speaker>BACCHUS.</speaker>
<p id="14">
	<s id="1">Je te donnerai une Lettre de change sur la Fortune, moitié comptant, et le reste après vendanges. </s>
</p>
</sp>
<sp who="LA FOLIE"><speaker>LA FOLIE.</speaker>
<p id="15">
	<s id="1">Et nous l'endosserons l'Amour et moi. </s>
</p>
</sp>
<sp who="FORÊT"><speaker>FORÊT.</speaker>
<p id="16">
	<s id="1">Les bons endosseurs ! </s>
	<s id="2">Ce sera là de bon papier ! </s>
</p>
</sp>
<sp who="L'AMOUR"><speaker>L'AMOUR.</speaker>
<p id="17">
	<s id="1">Oui, oui, ce sera de bon papier. </s>
	<s id="2">Oh ! </s>
	<s id="3">Il n'y a personne sans vanité qui ait jamais eu dans le monde tant de crédit qu'en ont l'Amour et la Folie. </s>
</p>
</sp>
<sp who="FORÊT"><speaker>FORÊT.</speaker>
<p id="18">
	<s id="1">Il faudra donc s'en contenter. </s>
</p>
</sp>
<sp who="BACCHUS"><speaker>BACCHUS.</speaker>
<p id="19">
	<s id="1">Et être de bonne humeur, surtout, ce n'est pas ici une Fête ordinaire, nous faisons cinq noces à la fois, et voilà comme on achalande les Guinguettes. </s>
</p>
</sp>
<sp who="FORÊT"><speaker>FORÊT.</speaker>
<p id="20">
	<s id="1">Comment, cinq noces à la fois ; voudriez-vous aussi me remarier, moi ? </s>
</p>
</sp>
<sp who="BACCHUS"><speaker>BACCHUS.</speaker>
<p id="21">
	<s id="1">Te remarier ! </s>
	<s id="2">Es-tu veuf ? </s>
</p>
</sp>
<sp who="FORÊT"><speaker>FORÊT.</speaker>
<p id="22">
	<s id="1">Morbleu, non ! </s>
	<s id="2">Mais par votre moyen, avec un de ces Arrêts de Guinguettes, qui s'exécutent par provision, on pourrait toujours en attendant… </s>
</p>
</sp>
<sp who="BACCHUS"><speaker>BACCHUS.</speaker>
<p id="23">
	<s id="1">Cela viendra quelqu'un de ces jours, épouse Claudine, ta servante, ce sont les allures des Marchands de Vin ; pour aujourd'hui, célébrons les mariages de ta fille et de sa camarade, avec leurs amants. </s>
</p>
</sp>
<sp who="L'AMOUR"><speaker>L'AMOUR.</speaker>
<p id="24">
	<s id="1">Celui du Chevalier et de la Veuve. </s>
</p>
</sp>
<sp who="LA FOLIE"><speaker>LA FOLIE.</speaker>
<p id="25">
	<s id="1">De Monsieur Kerpinot, et de Madame Pinterelle. </s>
</p>
</sp>
<sp who="BACCHUS"><speaker>BACCHUS.</speaker>
<p id="26">
	<s id="1">Et le mien avec la Folie ? </s>
</p>
</sp>
<sp who="LA FOLIE"><speaker>LA FOLIE.</speaker>
<p id="27">
	<s id="1">Voilà qui est fait, je le veux bien, vous n'en ferez pas dédit, et la plus grande folie que la Folie puisse faire, c'est d'épouser le Dieu des ivrognes. </s>
</p>
</sp>
<sp who="L'AMOUR"><speaker>L'AMOUR.</speaker>
<p id="28">
	<s id="1">Écoutez, voilà bien des mariages, prenez-y garde ; ce n'est pas là le moyen de me garder longtemps parmi vous. </s>
</p>
</sp>
<sp who="BACCHUS"><speaker>BACCHUS.</speaker>
<p id="29">
	<s id="1">Vous y demeurerez plus que vous ne croyez. </s>
	<s id="2">C'est votre élément, que les Guinguettes. </s>
	<s id="3">Allons, Messieurs de la Symphonie, de la Musique tendre, un peu folle, où il y ait quelque air d'ivresse en ma faveur. </s>
</p>
</sp>
<sp who="LA FOLIE"><speaker>LA FOLIE.</speaker>
<p id="30">
	<s id="1">Vous serez content. </s>
	<s id="2">C'est le caractère des Musiciens de la Guinguette. </s>
</p>
</sp>
</div2>
<div2 type="divertissement" n="20"><head>DIVERTISSEMENT.</head>
<sp who="L'AMOUR"><speaker>L'AMOUR.</speaker>
	<l id="46">Oh, la charmante retraite ! </l>
	<l id="47">De la félicité parfaite </l>
	<l id="48">C'est ici l'heureux séjour. </l>
</sp>
<sp who="CHOEUR"><speaker>CHOEUR. </speaker>
	<l id="49">Oh, la charmante retraite ! </l>
	<l id="50">De la félicité parfaite </l>
	<l id="51">C'est ici l'heureux séjour. </l>
</sp>
<sp stage="together" who="PHILIS, L'AMOUR ET THERSANDRE"><speaker>PHILIS, L'AMOUR ET THERSANDRE.</speaker>
	<l id="52">Avec Bacchus on passe tout le jour, </l>
	<l id="53">On donne la nuit à l'Amour, </l>
	<l id="54">Et ce qui fait le charme de la vie, </l>
	<l id="55">On est avec eux tour à tour </l>
	<l id="56">Sans jamais quitter la Folie.</l>
</sp>
<sp who="L'AMOUR"><speaker>L'AMOUR.</speaker>
	<l id="57">Oh, la charmante retraite ! </l>
	<l id="58">De la félicité parfaite </l>
	<l id="59">C'est ici l'heureux séjour. </l>
</sp>
<sp who="CHOEUR"><speaker>CHOEUR. </speaker>
	<l id="60">Oh, la charmante retraite ! </l>
	<l id="61">De la félicité parfaite </l>
	<l id="62">C'est ici l'heureux séjour. </l>
<stage type="danse">PASSE-PIED.</stage>
<note type="L">Passe-pied : Danse à trois temps et d'un mouvement très rapide. [L]</note>
</sp>
<sp who="PHILIS"><speaker>PHILIS. </speaker>
<note type="L">Passe-pied : Danse à trois temps et d'un mouvement très rapide. Air de cette danse ; il a la mesure du menuet ; mais le mouvement en est plus vif. [L]</note>
	<l id="63">Trop de contrainte </l>
	<l id="64">Dans les beaux jours </l>
	<l id="65">Révolte toujours ; </l>
	<l id="66">On en fait sa plainte </l>
	<l id="67">Au Dieu des Amours, </l>
	<l id="68">Il vient au secours </l>
	<l id="69">D'une âme atteinte </l>
	<l id="70">D'une juste crainte, </l>
	<l id="71">Et la contrainte </l>
	<l id="72">Dans les beaux jours </l>
	<l id="73">Révolte toujours. </l>
<stage type="danse">MENUET.</stage>
</sp>
<sp who="LA FOLIE"><speaker>LA FOLIE.</speaker>
<note type="L">Menuet : espèce de danse, dont les pas sont prompts et menus. Il est composé d'un coupé, d'un pas relevé, et d'un balancement. Il commence en battant. Il est de mesure ou mouvement ternaire. [F] </note>
	<l id="74">Sans la Folie </l>
	<l id="75">Vos plus beaux jours </l>
	<l id="76">Languiraient toujours ; </l>
	<l id="77">Sa douce manie </l>
	<l id="78">Est d'un grand secours </l>
	<l id="79">Au Dieu des Amours, </l>
	<l id="80">Quand il s'ennuie </l>
	<l id="81">Près d'une Silvie. </l>
	<l id="82">Sans la Folie </l>
	<l id="83">Vos plus beaux jours </l>
	<l id="84">Languiraient toujours. </l>
<stage type="danse">RIGAUDON.</stage>
</sp>
<sp who="L'AMOUR"><speaker>L'AMOUR.</speaker>
<note type="L">Rigaudon : Ancienne danse d'un mouvement vif sur un air à deux temps ; elle se dansait à deux personnes. Le pas : les pieds étant assemblés, on plie les genoux, on fait deux jetés successivement du pied droit et du pied gauche, puis on plie, on saute et on retombe en assemblé à la troisième position ; tout cela se fait sur place, sans avancer ni reculer. [L]</note>
	<l id="85">La bonne chère </l>
	<l id="86">Des plus longe jours, </l>
	<l id="87">En fait les plus courts. </l>
	<l id="88">Quand Bacchus veut plaire </l>
	<l id="89">Au Dieu des Amours, </l>
	<l id="90">Son puissant secours </l>
	<l id="91">Rend la Bergère </l>
	<l id="92">Plus vive et moins fière. </l>
	<l id="93">La bonne chère </l>
	<l id="94">Des plus longe jours, </l>
	<l id="95">En fait les plus courts. </l>
<stage type="danse">MENUET.</stage>
</sp>
<sp stage="drunk" who="KERPINOT"><speaker>KERPINOT, ivrogne. </speaker>
	<l id="96">Le Dimanche et les Lundis </l>
	<l id="97">Je cours de Guinguette en Guinguette, </l>
	<l id="98">J'y retourne les Mardis </l>
	<l id="99">Et Mercredis ; </l>
	<l id="100">Et dans ces douces retraites </l>
	<l id="101">Je passe aussi les Jeudis </l>
	<l id="102">Et Vendredis. </l>
	<l id="103">Amour, serait-ce la peine </l>
	<l id="104">D'en sortir les Samedis ! </l>
	<l id="105">Non, comme j'ai commencé la semaine </l>
	<l id="106">Avec Bacchus je la finis. </l>
<stage type="entrance">ENTRÉE.</stage>
</sp>
<sp who="L'AMOUR"><speaker>L'AMOUR.</speaker>
	<l id="107">Ne quittons point cet aimable séjour, </l>
	<l id="108">Aux doux plaisirs tout ici nous convie, </l>
	<l id="109">Pour plaire à l'Amour </l>
	<l id="110">Avec la Folie </l>
	<l id="111">Bacchus s'allie </l>
	<l id="112">Dans cet heureux jour. </l>
<stage type="danse">BRANLE.</stage>
</sp>
<sp who="PHILIS"><speaker>PHILIS. </speaker>
<note type="L">Branle : se dit figurément du commencement d'une affaire, lorsqu'on la met en train d'aller, qu'on lui donne le premier mouvement. [T]</note>
	<l id="113">Dans ces lieux l'Amour amène </l>
	<l id="114">Les plaisirs, les jeux, les ris ; </l>
	<l id="115">Des plus doux noeuds il enchaîne </l>
	<l id="116">Les coeurs de ses feux épris, </l>
	<l id="117">Chacun déserte Paris </l>
	<l id="118">Pour venir rire à Suresnes. </l>
</sp>
<sp who="THERSANDRE"><speaker>THERSANDRE. </speaker>
	<l id="119">Suivons le cours de la Seine </l>
	<l id="120">Dans cet aimable pays, </l>
	<l id="121">Le doux penchant qui l'entraîne </l>
	<l id="122">Vers ces bords des Dieux chéris, </l>
	<l id="123">Invite à quitter Paris </l>
	<l id="124">Pour venir rire à Suresnes.</l>
</sp>
<sp who="L'AMOUR"><speaker>L'AMOUR.</speaker>
	<l id="125">Qu'aucune Beauté n'y vienne </l>
	<l id="126">Sans des Amants favoris ; </l>
	<l id="127">À l'autre bord de la Seine </l>
	<l id="128">Faisons rester les Maris, </l>
	<l id="129">Aucun fâcheux n'est admis </l>
	<l id="130">Dans les plaisirs de Suresnes.</l>
</sp>
<sp who="FORÊT"><speaker>FORÊT.</speaker>
	<l id="131">Bacchus et le bon Silène </l>
	<l id="132">Font les honneurs du logis ; </l>
	<l id="133">Ils versent à tasse pleine </l>
	<l id="134">Tout mon vin vieux rouge ou gris, </l>
	<l id="135">Et nous font quitter Paris </l>
	<l id="136">Pour venir boire à Suresnes.</l>
</sp>
<sp who="LA FOLIE"><speaker>LA FOLIE.</speaker>
	<l id="137">Ceux qu'ici l'Amour amène, </l>
<note type="L">Céladon : Vert pâle : tafetas, ruban céladon. L'Astrée d'Urfé a enrichi la langue de ce mot, au figuré. On dit, d'un homme à beaux sentiments, en matière de galanterie, que c'est un céladon. [FC]</note>
<note type="L">Cypris : Qui signifie proprement une femme de Cypre, mais qui ne se dit que de Vénus, à qui cette île était consacrée. [T]</note>
	<l id="138">Ou Céladon ou Cloris, </l>
	<l id="139">S'exposeraient à la haine </l>
	<l id="140">De la Reine de Cypris, </l>
	<l id="141">S'ils retournaient à Paris </l>
	<l id="142">Sans folâtrer à Suresnes. </l>
</sp>
<sp who="BACCHUS"><speaker>BACCHUS.</speaker>
	<l id="143">Par Bacchus tout droit d'aubaine </l>
	<l id="144">Sur les vins y sont remis ; </l>
	<l id="145">Les filles sont du domaine </l>
<note type="L">Vénus : Fausse Divinité des Païens, les Poètes ont feint qu'elle est la mère des Grâces et des Amours. Son fils est Cupidon. [T]</note>
	<l id="146">De Vénus et de son fils. </l>
<note type="L">Morbleu : Sorte de jurement en usage même parmi les gens de bon ton. [L]</note>
	<l id="147">Morbleu, quittez tous Paris, </l>
	<l id="148">Venez habiter Suresnes.</l>
</sp>
<sp who="LUCILE"><speaker>LUCILE.</speaker>
	<l id="149">Que le passeur du bac prenne </l>
<note type="L">Adonis : jeune homme d'une beauté remarquable, était, suivant les Grecs,le fruit du commerce incestueux de Cinyras avec sa fille Myrrha. Il fut changé en anémone. [B]</note>
	<l id="150">Le nom de chaque Adonis, </l>
	<l id="151">Qui vient avec sa Climène </l>
	<l id="152">Dans nos aimables réduits, </l>
	<l id="153">Et sort exprès de Paris </l>
	<l id="154">Pour venir rire à Suresnes.</l>
</sp>
<sp who="LA FOLIE"><speaker>LA FOLIE.</speaker>
<note type="L">Thalie : Une des neuf muses, présidait à la comédie et à l'épigramme. Thalie est aussi l'une des trois grâces. [B]</note>
 <note type="L">Melpomène : Nom d'une des neuf Muses, à laquelle on attribue l'invention du chant, de l'harmonie musicale et de la tragédie.</note>
	<l id="155">Thalie avec Melpomène </l>
	<l id="156">Dans ces lieux nous ont conduits ; </l>
	<l id="157">Ces Déesses de la Scène, </l>
	<l id="158">Des soins que nous avons pris, </l>
	<l id="159">Nous ont assuré pour prix </l>
	<l id="160">L'honneur de plaire à Suresnes. </l>
</sp>
<sp who='TOUS'><speaker>TOUS LES ACTEURS ET ACTRICES chantent en refrain ces deux vers.</speaker> 
	<l id="161">C'est pour nous un digne prix </l>
	<l id="162">De pouvoir plaire à Suresnes.</l>
</sp>
<sp who="LA FOLIE"><speaker>LA FOLIE.</speaker>
	<l id="163">Pour faire honneur à la Scène </l>
	<l id="164">Les soins que nous avons pris </l>
	<l id="165">De Thalie et Melpomène </l>
	<l id="166">Recevront un digne prix, </l>
	<l id="167">Si nous avons à Paris </l>
	<l id="168">Même foule qu'à Suresnes. </l>
</sp>
</div2>
</div1>
</body>
</text>
</TEI>