<?xml version="1.0" encoding='utf-8'?>
<TEI xml:lang="fr">
<teiHeader>
		<fileDesc>
			<titleStmt>
				<title>LE RETOUR DES OFFICIERS, COMÉDIE</title>
				<author born='1661' born_location='Fontainebleau' death='1725' death_location='Courcelles-le-Roi' academie=''>DANCOURT, Florent CARTON dit</author>
			</titleStmt>
			<publicationStmt>	
				<publisher>publié par Paul FIEVRE, Mai 2011, revu mars 2017</publisher>
				<idno>DANCOURT_RETORUDESOFFICIERS</idno>
			<rights>Creative Commons BY-NC-SA</rights>
			</publicationStmt>
			<SourceDesc>
				<genre>Comédie</genre>
				<inspiration>moeurs</inspiration><structure>Un acte</structure>
				<type>prose</type>
				<periode>1691-1700</periode>
				<taille>(mesure non pertinente)</taille>
				<permalien></permalien>
			</SourceDesc>
		</fileDesc>
</teiHeader>
<text>
	<front>
		<docTitle>
			<titlePart type="main">LE RETOUR DES OFFICIERS</titlePart>
			<titlePart type="sub">COMÉDIE</titlePart>
		</docTitle> 
		<docDate value='1697'>M. DC. XCVII, AVEC PRIVILÈGE DU ROI.</docDate>
		<docAuthor id='DANCOURT, Florent Carton dit' bio='dancourt'>De Mr DANCOURT</docAuthor>
		<docImprint>
		<privilege id=''><head>.</head>
		</privilege>
		<acheveImprime id=''></acheveImprime>
		</docImprint>
		<printer id='GUILLAIN'>À PARIS, chez Thomas GUILLLAIN, proche les Augustins, à la descente du Pont-Neuf, à l'image Saint Louis.</printer>
		<performance>
			<premiere date='1697-19-19' location='Théâtre de la rue des Fossés Saint-Germain'>Représentée pour la première fois le 19 ocotbre 1697 au Théâtre de la rue des Fossés Saint-Germain.</premiere>
		</performance>
		<castList><head>ACTEURS</head>
			<castItem><role id='MONSIEUR RAPINEAU' sex="1" type="H" statut='bourgeois' age='A' stat_amour='néant'>MONSIEUR RAPINEAU</role>, sous-Fermier.</castItem>
			<castItem><role id='MONSIEURS DES BALIVEEAUX' sex="1" type="H" statut='bourgeois' age='A' stat_amour='néant'>MONSIEUR DES BALIVEAUX</role>, Conseiller.</castItem>
			<castItem><role id='MADAME THOMAS' sex="2" type="H" statut='bourgeois' age='A' stat_amour='néant'>MADAME THOMAS</role>.</castItem>
			<castItem><role id='HNERIETTE' sex="2" type="H" statut='bourgeois' age='A' stat_amour='néant'>HENRIETTE</role>, fille de Madame Thomas.</castItem>
			<castItem><role id='ISABELLE' sex="2" type="H" statut='bourgeois' age='A' stat_amour='néant'>ISABELLE</role>, nièce de Madame Thomas.</castItem>
			<castItem><role id='TOINETTE' sex="2" type="H" statut='servante' age='A' stat_amour='néant'>TOINETTE</role>.</castItem>
			<castItem><role id='CLITANDE' sex="1" type="H" statut='officier' age='A' stat_amour='néant'>CLITANDRE</role>, Officier Gascon.</castItem>
			<castItem><role id='ÉRASTE' sex="1" type="H" statut='officier' age='A' stat_amour='néant'>ÉRASTE</role>, Officier.</castItem>
			<castItem><role id='MATURIN' sex="1" type="H" statut='bourgeois' age='A' stat_amour='néant'>MATURIN</role>, frère de Monsieur Rapineau.</castItem>
			<castItem><role id='UN LAQUAIS' sex="1" type="H" statut='laquais' age='A' stat_amour='néant'>UN LAQUAIS</role> de Monsieur Rapineau.</castItem>
			<castItem><role id='UN VIELLEUX' sex="1" type="H" statut='vielleux' age='A' stat_amour='néant'>UN VIELLEUX</role>, aveugle.</castItem>
			<castItem><role id='FLAMANDS' sex="9" type="H" statut='peuple' age='A' stat_amour='néant'>PLUSIEURS FLAMANDS et FLAMANDES</role>.</castItem> 
		</castList>
		<set location="Péronne" country="France" periode="XVIIème" gps="49.933071, 2.933353">La Scène est à Péronne.</set>
	</front>
<body>
<div1 type="act" n='1'><head></head>
<stage type="decor">Le théâtre s'ouvre par un air Italien. </stage>
<div2 type="scene" n='1'><head>SCÈNE I. Monsieur Rapineau, Maturin.</head>
<sp who="MONSIEUR RAPINEAU"><speaker>MONSIEUR RAPINEAU.</speaker>
<p id='1'>
	<s id='1'>Est-il possible que mes soins, mon amour, mes assiduités, mes empressements, les petits régals que je donne, les dépenses où je m'engage, ne toucheront point le coeur de mon inhumaine : et ne devrai-je qu'aux ordres de sa mère le bonheur de la posséder ? </s>
</p>
</sp>
<sp who="MATURIN"><speaker>MATURIN.</speaker>
<note type="L">Morgué : Sorte de juron de paysan. [F]</note>
<p id='2'>
	<s id='1'>Morgué, vela bian de la musique pardue ; et si vous velez que je vous parle franchement, il m'est avis que vous êtes un benêt de faire tout ça. </s>
</p>
</sp>
<sp who="MONSIEUR RAPINEAU"><speaker>MONSIEUR RAPINEAU.</speaker>
<note type="L">Benêt : idiot, niais, nigaud, qui n'a point vu le monde. [F]</note>
<p id='3'>
	<s id='1'>Comment ? </s>
	<s id='2'>Comment donc un benêt ? </s>
</p>
</sp>
<sp who="MATURIN"><speaker>MATURIN.</speaker>
<p id='4'>
	<s id='1'>Ne vous fâchez point, je sommes tous seuls ; et quoiqu'il soit bian plus de midi en ville, il est encore de bon matin chez Madame Thomas. </s>
	<s id='2'>Vous faites coucher toute la maison à trois heures après minuit, on ne s'y lève qu'à proportion ; votre musique n'a réveillé parsonne. </s>
	<s id='3'>On ne nous voit, ni on ne nous entend, je pouvons nous dire familièrement ce que je pensons. </s>
</p>
</sp>
<sp who="MONSIEUR RAPINEAU"><speaker>MONSIEUR RAPINEAU.</speaker>
<p id='5'>
	<s id='1'>Non, s'il vous plaît, point de familiarité : vous savez bien sous quelles conditions je vous ai tiré du Village, pour vous pousser dans la Finance ? </s>
</p>
</sp>
<sp who="MATURIN"><speaker>MATURIN.</speaker>
<note type="L">Rat de cave : Familièrement et par injure, rats de cave, les commis des aides, et aujourd'hui, des contributions indirectes qui visitent les caves. [L]</note>
<p id='6'>
	<s id='1'>Palsanguenne, oui, me voilà bian poussé, je suis rat de cave, et rat de cave de campagne encore ; et au train que vous prenez, vous, vous pourriez bian le redevenir : car vous l'avez été vous aussi, ne vous en déplaise, et c'est le premier degré de la forteune, à ce que vous dites. </s>
</p>
</sp>
<sp who="MONSIEUR RAPINEAU"><speaker>MONSIEUR RAPINEAU.</speaker>
<note type="L">Regrats : Vente, en détail et de seconde main, de menues denrées, particulièrement du sel, des grains, du charbon. [L]</note>
<note type="L">Sous-fermier : Celui, celle qui prend des biens ou des droits à sous-ferme. [L]</note>
<p id='7'>
	<s id='1'>Qu'est-ce à dire ? </s>
	<s id='2'>Moi, redevenir Rat de cave ? </s>
	<s id='3'>Moi, Adjudicataire des regrats de Péronne, sous-fermier des aides de l'Élection de Saint-Quentin ? </s>
	<s id='4'>Quelle impertinence ! </s>
</p>
</sp>
<sp who="MATURIN"><speaker>MATURIN.</speaker>
<note tyep="L">Élection : Anciennement. Nom des tribunaux où l'on jugeait en première instance tout ce qui avait rapport aux tailles, aux aides et aux gabelles. [L]</note>
<note tyep="L">Maltotier : Celui qui fait la maltôte qui est un Impôt levé sous Philippe le Bel, pour la guerre contre les Anglais ou Toute espèce de perception d'impôts.. Maltôtier n'est plus un terme d'administration ; c'est un terme d'histoire ou de dénigrement. [L]</note>
<p id='8'>
	<s id='1'>Impertinence ! </s>
	<s id='2'>Oh dame acoutez, Monsieur le Sous-farmier de Saint-Quentin, quoique vous sayez tout ça, vous êtes mon frère, oui ; et sans notre oncle le Portier de ce gros Maltoutier, qui nous fit venir tout petit, pour être laquais… </s>
</p>
</sp>
<sp who="MONSIEUR RAPINEAU"><speaker>MONSIEUR RAPINEAU.</speaker>
<p id='9'>
	<s id='1'>Laquais, moi ? </s>
	<s id='2'>Moi, laquais ? </s>
	<s id='3'>J'étais en pension chez lui, vous ne savez ce que vous dites. </s>
</p>
</sp>
<sp who="MATURIN"><speaker>MATURIN.</speaker>
<p id='10'>
	<s id='1'>Cela est vrai, vous étiez nourri dans la maison ; mais comme vous ne payiez rien, et qu'il vous habillait encore par-dessus le marché, vous portiez la queue à Madame sa femme par reconnaissance. </s>
	<s id='2'>Acoutez, c'est morgué ce qui vous a fait ce que vous êtes. </s>
</p>
</sp>
<sp who="MONSIEUR RAPINEAU"><speaker>MONSIEUR RAPINEAU.</speaker>
<p id='11'>
	<s id='1'>Monsieur Maturin, Monsieur Maturin… </s>
</p>
</sp>
<sp who="MATURIN"><speaker>MATURIN.</speaker>
<note type="L">Glorieux : est aussi celui qui a acquis de la gloire par son merite, par son savoir, par sa vertu, ou de ce qui donne de la gloire. [F]</note>
<p id='12'>
	<s id='1'>Vous enragez que je vous dise tout ça ; car vous êtes glorieux, et je ne sais pas de qui vous tenez ; je ne sommes pas comme ça dans notre famille. </s>
</p>
</sp>
<sp who="MONSIEUR RAPINEAU"><speaker>MONSIEUR RAPINEAU.</speaker>
<p id='13'>
	<s id='1'>Écoutez donc, il n'y a qu'un mot qui serve, je vous ai dit que je ne prétendais pas qu'on sût qui vous êtes, j'ai de bonnes raisons pour cela. </s>
	<s id='2'>Si vous faites tant qu'on vienne à le soupçonner seulement, je vous renverrai planter vos choux dans votre Village. </s>
</p>
</sp>
<sp who="MATURIN"><speaker>MATURIN.</speaker>
<p id='14'>
	<s id='1'>Oh palsangué, j'irai bian tout seul ; aussi bian j'enrage quand je vous vois faire ici toutes les sottises que vous faites. </s>
	<s id='2'>J'ai du naturel, moi, je ne sis pas comme vous. </s>
</p>
</sp>
<sp who="MONSIEUR RAPINEAU"><speaker>MONSIEUR RAPINEAU.</speaker>
<p id='15'>
	<s id='1'>Je n'ai que faire de votre naturel, taisez-vous. </s>
</p>
</sp>
<sp who="MATURIN"><speaker>MATURIN.</speaker>
<p id='16'>
	<s id='1'>Si vous n'étiez pas mon frère, est-ce que je me soucierais qu'on se moquit de vous ? </s>
</p>
</sp>
<sp who="MONSIEUR RAPINEAU"><speaker>MONSIEUR RAPINEAU.</speaker>
<p id='17'>
	<s id='1'>Ce ne sont pas là vos affaires. </s>
</p>
</sp>
<sp who="MATURIN"><speaker>MATURIN.</speaker>
<note type="L">Si fait : Sorte d'adverbe qui veut dire pardonnez-moi oui et qui a cours dans le bas style. [R]</note>
<p id='18'>
	<s id='1'>Si fait, vous êtes mon frère une fois. </s>
</p>
</sp>
<sp who="MONSIEUR RAPINEAU"><speaker>MONSIEUR RAPINEAU.</speaker>
<p id='19'>
	<s id='1'>Encore ? </s>
</p>
</sp>
<sp who="MATURIN"><speaker>MATURIN.</speaker>
<p id='20'>
	<s id='1'>Le coeur me saigne de vous voir dépenser notre bian à être amoureux d'une parsonne qui ne vous aime point. </s>
</p>
</sp>
<sp who="MONSIEUR RAPINEAU"><speaker>MONSIEUR RAPINEAU.</speaker>
<p id='21'>
	<s id='1'>Qui ne m'aime point ! </s>
	<s id='2'>Qui vous a dit cela ? </s>
</p>
</sp>
<sp who="MATURIN"><speaker>MATURIN.</speaker>
<p id='22'>
	<s id='1'>Hé, morgué, vous le disiez vous-même tout à l'heure encore, et si pourtant vous ne laissez pas de ly bailler toujours des cadeaux, des festins, de la musique. </s>
	<s id='2'>N'est-ce pas aujourd'hui encore que vous leur amenez des violons, et que vous leur baillez à souper ? </s>
</p>
</sp>
<sp who="MONSIEUR RAPINEAU"><speaker>MONSIEUR RAPINEAU.</speaker>
<p id='23'>
	<s id='1'>Je n'aime ni les frères, ni les contrôleurs, Monsieur Maturin. </s>
</p>
</sp>
<sp who="MATURIN"><speaker>MATURIN.</speaker>
<note type="C">Corbie : Nom de lieu. Corbeia. Il y a la vieille et nouvelle Corbie. La vieille Corbie, est une petite ville de Picardie sur la Somme, dans le petit pays appellé Santerre. [T]</note>
<p id='24'>
	<s id='1'>Ce que j'en dis, n'est pas que j'en parle : mais cet argent-là serait bian mieux employé à faire subsister notre soeur Nicole, qui garde des vaches auprès de Corbie, et le cousin Guillaume, qui n'est que le bediau d'une petite paroisse. </s>
</p>
</sp>
<sp who="MONSIEUR RAPINEAU"><speaker>MONSIEUR RAPINEAU.</speaker>
<p id='25'>
	<s id='1'>Oh, finirez-vous ? </s>
	<s id='2'>Si vous me parlez jamais de ces gens-là, vous n'avez qu'à faire votre paquet, et les aller joindre, entendez-vous ? </s>
	<s id='3'>Je vous révoque. </s>
	<s id='4'>Ces gueux-là, quand cela commence à faire fortune, cela est d'une insolence… </s>
</p>
</sp>
</div2>
<div2 type="scene" n='2'><head>SCÈNE II.</head>
<sp stage="alone" who='MATURIN'><speaker>MATURIN, seul. </speaker>
<p id='1'>
	<s id='1'>Morgué, tope, je me tians révoqué : Il me déplaît par trop d'être le rat de cave de mon frère, et de le voir Monsieur ; j'aimerais palsanguenne mieux être le valet d'un autre.</s>
</p>	
</sp>
</div2>
<div2 type="scene" n='3'><head>SCÈNE III. Toinette, Maturin.</head>
<sp who="TOINETTE"><speaker>TOINETTE.</speaker>
<p id='1'>
	<s id='1'>Votre servante, Monsieur Maturin. </s>
</p>
</sp>
<sp who="MATURIN"><speaker>MATURIN.</speaker>
<p id='2'>
	<s id='1'>Votre valet, Mademoiselle Toinette, comment vous en va ? </s>
</p>
</sp>
<sp who="TOINETTE"><speaker>TOINETTE.</speaker>
<p id='3'>
	<s id='1'>Moi, je suis toute malade ; et je voudrais que le diable vous eût emporté, vous et votre Monsieur Rapineau, avec sa chienne de musique : cet animal-là nous assassine tous les soirs de grands repas, on en a des indigestions toute la nuit ; et quand on a commencé à s'endormir, il vous envoie des réveille-matin aussi désagréables… </s>
</p>
</sp>
<sp who="MATURIN"><speaker>MATURIN.</speaker>
<p id='4'>
	<s id='1'>Oui, des chansons en latin, où lui-même il n'entend goutte, non plus que les autres. </s>
	<s id='2'>Il est bian fou de faire tout ça pour votre Mademoiselle Henriette, alle ne l'en aime pas davantage. </s>
</p>
</sp>
<sp who="TOINETTE"><speaker>TOINETTE.</speaker>
<p id='5'>
	<s id='1'>Elle ne le hait pas tant que dans les commencements : mais voilà l'hiver qui approche, cela reviendra. </s>
</p>
</sp>
<sp who="MATURIN"><speaker>MATURIN.</speaker>
<p id='6'>
	<s id='1'>Comment donc ça ? </s>
</p>
</sp>
<sp who="TOINETTE"><speaker>TOINETTE.</speaker>
<p id='7'>
	<s id='1'>Quand il n'y a que de la robe et de la Finance dans le commerce, les Sous-fermiers brillent, on les trouvent passables : mais sitôt qu'on revoit des Officiers, ces autres Messieurs-là deviennent si laids, si laids… </s>
</p>
</sp>
<sp who="MATURIN"><speaker>MATURIN.</speaker>
<p id='8'>
	<s id='1'>J'entends. </s>
	<s id='2'>Le nôtre aura bientôt son congé, n'est-ce pas ? </s>
</p>
</sp>
<sp who="TOINETTE"><speaker>TOINETTE.</speaker>
<p id='9'>
	<s id='1'>Je crois qu'on doit aujourd'hui commencer à lui faire la mine, on boudera demain plus sérieusement ; dans trois ou quatre jours on lui cherchera querelle, et on lui fermera la porte au nez sur la fin de la semaine. </s>
</p>
</sp>
<sp who="MATURIN"><speaker>MATURIN.</speaker>
<p id='10'>
	<s id='1'>Bon, tant mieux ; il vient de me bailler mon congé. </s>
</p>
</sp>
<sp who="TOINETTE"><speaker>TOINETTE.</speaker>
<p id='11'>
	<s id='1'>Votre congé ? </s>
</p>
</sp>
<sp who="MATURIN"><speaker>MATURIN.</speaker>
<p id='12'>
	<s id='1'>Oui, j'étais Rat de cave comme vous savez ; et par amiquié depuis qu'il est ici, je l'y sarvais parfois de valet de chambre, je ne suis rian de tout ça ; je charche condition : si vous en saviez queuque bonne où on portît la queue, par exemple, ça porte bonne chance. </s>
</p>
</sp>
<sp who="TOINETTE"><speaker>TOINETTE.</speaker>
<p id='13'>
	<s id='1'>Vous êtes trop formé pour cela, Monsieur Maturin, cette condition-là serait difficile à trouver. </s>
</p>
</sp>
<sp who="MATURIN"><speaker>MATURIN.</speaker>
<p id='14'>
	<s id='1'>Morgué point, je prendrai la première venue. </s>
</p>
</sp>
<sp who="TOINETTE"><speaker>TOINETTE.</speaker>
<p id='15'>
	<s id='1'>À moins de vous faire cocher ou secrétaire. </s>
</p>
</sp>
<sp who="MATURIN"><speaker>MATURIN.</speaker>
<note type="L">Tétigué : interj. Altération de tête-dieu dans la bouche des paysans des anciennes comédies. [L]</note>
<p id='16'>
	<s id='1'>Non, tatigué, laquais, n'an s'en trouve bien, et si je m'en étais avisé plus jeune… </s>
	<s id='2'>Je me recommande à vous, Mademoiselle Toinette. </s>
	<s id='3'>Voici queuque une de vos Damoiselles. </s>
	<s id='4'>Sans adieu je vas charcher forteune. </s>
</p>
</sp>
</div2>
<div2 type="scene" n='4'><head>SCÈNE IV. Henriette, Toinette.</head>
<sp who="HENRIETTE"><speaker>HENRIETTE.</speaker>
<p id='1'>
	<s id='1'>Ma chère Toinette, je suis dans le dernier désespoir. </s>
</p>
</sp>
<sp who="TOINETTE"><speaker>TOINETTE.</speaker>
<p id='2'>
	<s id='1'>Qu'y a-t-il donc ? </s>
	<s id='2'>Qu'est-il arrivé de nouveau ? </s>
</p>
</sp>
<sp who="HENRIETTE"><speaker>HENRIETTE.</speaker>
<p id='3'>
	<s id='1'>J'en mourrai, je le sens bien, je n'y pourrai survivre. </s>
</p>
</sp>
<sp who="TOINETTE"><speaker>TOINETTE.</speaker>
<note type="L">Diantre : Terme populaire dont se servent ceux qui font scrupule de nommer le Diable. [F]</note>
<p id='4'>
	<s id='1'>Et que diantre, à qui en avez-vous, s'il vous plaît ? </s>
</p>
</sp>
<sp who="HENRIETTE"><speaker>HENRIETTE.</speaker>
<p id='5'>
	<s id='1'>Ma mère vient de me déclarer qu'elle veut absolument que je me marie. </s>
</p>
</sp>
<sp who="TOINETTE"><speaker>TOINETTE.</speaker>
<p id='6'>
	<s id='1'>Mais cela n'est point si tragique, à ce qu'il me semble ; ce n'est point encore une chose faite. </s>
	<s id='2'>Et, qui est ce mortel-là qui s'expose à vous épouser sans votre permission. </s>
</p>
</sp>
<sp who="HENRIETTE"><speaker>HENRIETTE.</speaker>
<p id='7'>
	<s id='1'>Ce vilain Monsieur Rapineau, qui nous a voulu suivre malgré nous en ce pays-ci, sous prétexte de ses affaires. </s>
</p>
</sp>
<sp who="TOINETTE"><speaker>TOINETTE.</speaker>
<p id='8'>
	<s id='1'>Ah, le traître ! </s>
	<s id='2'>Il paraissait n'avoir point d'autre but que celui de dépenser son argent, de vous régaler, en attendant mieux, et il a des vues secrètes ? </s>
	<s id='3'>Il s'adresse à Madame votre mère, sans vous en rien dire ? </s>
</p>
</sp>
<sp who="HENRIETTE"><speaker>HENRIETTE.</speaker>
<p id='9'>
	<s id='1'>Il y a trois semaines qu'il ménage son esprit : mais ce n'est que d'hier qu'il a sa parole. </s>
</p>
</sp>
<sp who="TOINETTE"><speaker>TOINETTE.</speaker>
<note type="L">Maroufle : Terme injurieux qu'on donne aux gens gros de corps, et grossiers d'esprit. [F]</note>
<p id='10'>
	<s id='1'>Par ma foi, Madame, voilà un insolent maroufle, je ne saurais m'en taire. </s>
	<s id='2'>Je le regardais, moi, comme un homme sans conséquence, un oiseau de passage, que l'hiver chasserait avec les hirondelles. </s>
</p>
</sp>
<sp who="HENRIETTE"><speaker>HENRIETTE.</speaker>
<p id='11'>
	<s id='1'>Que je suis malheureuse. </s>
</p>
</sp>
<sp who="TOINETTE"><speaker>TOINETTE.</speaker>
<p id='12'>
	<s id='1'>Allez, allez, ne vous affligez point plus que de raison, il nous vient du secours, le quartier d'hiver approche. </s>
</p>
</sp>
<sp who="HENRIETTE"><speaker>HENRIETTE.</speaker>
<p id='13'>
	<s id='1'>Il y a quatre jours que je n'ai pas de nouvelles d'Éraste, et ma cousine ne reçoit point de lettres de Clitandre. </s>
</p>
</sp>
<sp who="TOINETTE"><speaker>TOINETTE.</speaker>
<p id='14'>
	<s id='1'>Tant mieux, Madame, c'est bon signe, ils vous en apporteront eux-mêmes ; ils savent bien que nous sommes à Péronne, et dès qu'ils pourront quitter l'armée, ils viendront d'abord ici, apparemment.</s>
</p>
</sp>
</div2>
<div2 type="scene" n='5'><head>SCÈNE V. Henriette, Isabelle, Toinette.</head>
<sp who="ISABELLE"><speaker>ISABELLE.</speaker>
<p id='1'>
	<s id='1'>Grande et réjouissante nouvelle, ma cousine. </s>
</p>
</sp>
<sp who="TOINETTE"><speaker>TOINETTE.</speaker>
<note type="L">Vivat : mot emprunté du Latin, et dont on se sert pour applaudir, pour approuver, Tout le monde cria vivat. Il est du style familier. [T]</note>
<p id='2'>
	<s id='1'>Vivat, Madame, vos amants sont arrivés, je gage. </s>
</p>
</sp>
<sp who="HENRIETTE"><speaker>HENRIETTE.</speaker>
<p id='3'>
	<s id='1'>Serait-il possible ? </s>
</p>
</sp>
<sp who="ISABELLE"><speaker>ISABELLE.</speaker>
<p id='4'>
	<s id='1'>C'en est un qui m'arrive, à moi.</s>
</p>
</sp>
<sp who="HENRIETTE"><speaker>HENRIETTE.</speaker>
<p id='5'>
	<s id='1'>Serait-ce Clitandre, ma chère cousine ? </s>
</p>
</sp>
<sp who="ISABELLE"><speaker>ISABELLE.</speaker>
<p id='6'>
	<s id='1'>Non, c'est Monsieur des Baliveaux. </s>
</p>
</sp>
<sp who="TOINETTE"><speaker>TOINETTE.</speaker>
<p id='7'>
	<s id='1'>Monsieur des Baliveaux, le frère de cet imbécile d'abbé, Madame ? </s>
</p>
</sp>
<sp who="ISABELLE"><speaker>ISABELLE.</speaker>
<note type="L">Petit-collet : Un homme à petit collet, ou, simplement, un petit collet, un homme d'église, ainsi dit à cause de ce collet que les ecclésiastiques portaient plus petit. En mauvaise part, celui qui affectait de porter un petit collet et de se donner des manières dévotes. Le petit collet, la profession ecclésiastique. [L]</note>
<note type="L">Présidial : Compagnie de Juges établie dans les villes considerables pour y juger les appellations des Juges subalternes et des villages dans des matieres mediocrement importantes. [F]</note>
<p id='8'>
	<s id='1'>C'est l'Abbé lui-même. </s>
	<s id='2'>Il a quitté le petit-collet, son frère est mort, il est devenu l'aîné de la famille, Conseiller au Présidial d'Abbeville ; et il vient en hâte, à ce qu'on dit, pour faire hommage à mes charmes, de sa nouvelle succession. </s>
</p>
</sp>
<sp who="HENRIETTE"><speaker>HENRIETTE.</speaker>
<p id='9'>
	<s id='1'>Ah, le fatigant personnage ? </s>
</p>
</sp>
<sp who="ISABELLE"><speaker>ISABELLE.</speaker>
<note type="L">Conseiller : se dit plus regulierement des Officiers Royaux de Judicature. [F]</note>
<p id='10'>
	<s id='1'>Il sera peut-être moins ridicule en Conseiller qu'en abbé : au pis aller, ce sera une nouvelle figure qui nous réjouira. </s>
</p>
</sp>
<sp who="TOINETTE"><speaker>TOINETTE.</speaker>
<p id='11'>
	<s id='1'>Oh ! </s>
	<s id='2'>Pour cela vous êtes furieusement fille, il n'y a point de nouveauté qui ne vous fasse plaisir. </s>
</p>
</sp>
<sp who="ISABELLE"><speaker>ISABELLE.</speaker>
<p id='12'>
	<s id='1'>J'en demeure d'accord, et je ne suis pas fâchée même quelquefois que le Printemps vienne, pour changer un peu de compagnie. </s>
</p>
</sp>
<sp who="HENRIETTE"><speaker>HENRIETTE.</speaker>
<p id='13'>
	<s id='1'>Tu n'y songe pas, cousine, c'est le temps du départ, que le Printemps, tout le monde va à l'armée, on ne voit plus aucun Officier. </s>
</p>
</sp>
<sp who="ISABELLE"><speaker>ISABELLE.</speaker>
<p id='14'>
	<s id='1'>Hé qu'importe ? </s>
	<s id='2'>On les a vus six mois, n'est-ce pas assez ? </s>
	<s id='3'>C'est cette absence-là qui les fait valoir : et crois-moi, cousine, on les trouverait aussi ennuyeux que d'autres, si on les voyait toute l'année. </s>
</p>
</sp>
<sp who="TOINETTE"><speaker>TOINETTE.</speaker>
<p id='15'>
	<s id='1'>Cela se pourrait fort bien, au moins ; et il me semble, à moi, qui en ai fait l'expérience, qu'une passion d'hiver est bien usée, et qu'elle tire diantrement sur ses fins quand le mois de mars arrive. </s>
</p>
</sp>
<sp who="HENRIETTE"><speaker>HENRIETTE.</speaker>
<p id='16'>
	<s id='1'>Je suis d'un caractère bien différent : le départ d'Éraste m'a fat de la peine, j'ai trouvé son absence insupportable, et je languis après son retour. </s>
</p>
</sp>
<sp who="TOINETTE"><speaker>TOINETTE.</speaker>
<p id='17'>
	<s id='1'>Cela ne vous a pas empêchée de vous bien réjouir pendant tout l'Été, et de faire bonne chère quand nous allions à Ivry avec Monsieur Rapineau, et que Robert apprêtait le souper à la maison de ce libraire. </s>
</p>
</sp>
<sp who="HENRIETTE"><speaker>HENRIETTE.</speaker>
<p id='18'>
	<s id='1'>Tu crois que cela me faisait plaisir ? </s>
	<s id='2'>Ma mère le voulait, j'obéissais. </s>
</p>
</sp>
<sp who="TOINETTE"><speaker>TOINETTE.</speaker>
<p id='19'>
	<s id='1'>Quelle complaisance ! </s>
	<s id='2'>Cela est vrai, vous étiez de la plus mauvaise humeur du monde, et je me souviens que vous pensâtes crever de rire à cette partie que nous fîmes du temps des bains dans les îles de Charenton. </s>
</p>
</sp>
<sp who="ISABELLE"><speaker>ISABELLE.</speaker>
<p id='20'>
	<s id='1'>Oh ! </s>
	<s id='2'>Pour ce jour-là tu ne peux t'en défendre, tu avais oublié l'absence d'Éraste, cousine. </s>
</p>
</sp>
<sp who="HENRIETTE"><speaker>HENRIETTE.</speaker>
<p id='21'>
	<s id='1'>Oui, j'en conviens, je me divertis fort : mais par malice, je t'assure, et par la seule satisfaction de berner un ennuyeux d'été. </s>
</p>
</sp>
<sp who="TOINETTE"><speaker>TOINETTE.</speaker>
<p id='22'>
	<s id='1'>Ce pauvre diable de Monsieur Rapineau ! </s>
	<s id='2'>Le coeur me saigne quand j'y songe. </s>
	<s id='3'>C'est pourtant moi qui lui avais fait cacher sa chemise et ses habits tandis qu'il se baignait, et qui fus cause qu'il fut obligé de grelotter dans la rivière pendant tout le souper, qui se faisait à ses dépens. </s>
</p>
</sp>
<sp who="HENRIETTE"><speaker>HENRIETTE.</speaker>
<p id='23'>
	<s id='1'>Je ne l'ai jamais tant aimé que ce jour-là. </s>
</p>
</sp>
<sp who="ISABELLE"><speaker>ISABELLE.</speaker>
<p id='24'>
	<s id='1'>Parce que nous le vîmes une heure de moins, et qu'il était dans l'eau jusqu'au cou. </s>
</p>
</sp>
<sp who="HENRIETTE"><speaker>HENRIETTE.</speaker>
<p id='25'>
	<s id='1'>Je voudrais qu'il en eût aujourd'hui quatre pieds par-dessus la tête, le bourreau qu'il est. </s>
</p>
</sp>
<sp who="ISABELLE"><speaker>ISABELLE.</speaker>
<p id='26'>
	<s id='1'>Ah, ah ! </s>
	<s id='2'>Cousine, et que t'a-t-il donc fait ? </s>
</p>
</sp>
<sp who="TOINETTE"><speaker>TOINETTE.</speaker>
<p id='27'>
	<s id='1'>Rien encore, Dieu merci, Madame : mais il a de mauvaises intentions. </s>
	<s id='2'>Savez-vous bien qu'il prétend épouser, cet animal-là ? </s>
</p>
</sp>
<sp who="ISABELLE"><speaker>ISABELLE.</speaker>
<p id='28'>
	<s id='1'>Il faut le noyer, tu as raison, je suis de ton avis. </s>
</p>
</sp>
<sp who="HENRIETTE"><speaker>HENRIETTE.</speaker>
<p id='29'>
	<s id='1'>Paix, taisons-nous, voici ma mère.</s>
</p>
</sp>
</div2>
<div2 type="scene" n='6'><head>SCÈNE VI. Madame Thomas, Henriette, Isabelle, Toinette.</head>
<sp who="MADAME THOMAS"><speaker>MADAME THOMAS.</speaker>
<p id='1'>
	<s id='1'>Ah, vous voilà ! </s>
	<s id='2'>Je vous cherchais, et je suis bien aise de vous trouver toutes trois ensemble. </s>
</p>
</sp>
<sp who="TOINETTE"><speaker>TOINETTE.</speaker>
<p id='2'>
	<s id='1'>Vous aimez la bonne compagnie, Madame, nous savons bien cela. </s>
</p>
</sp>
<sp who="MADAME THOMAS"><speaker>MADAME THOMAS.</speaker>
<p id='3'>
	<s id='1'>J'ai quelque chose à vous dire, à quoi vous ne vous attendez pas, et qui vous fâchera. </s>
</p>
</sp>
<sp who="ISABELLE"><speaker>ISABELLE.</speaker>
<p id='4'>
	<s id='1'>Ne nous le dites donc point, ma tante, nous ne sommes pas curieuses. </s>
</p>
</sp>
<sp who="MADAME THOMAS"><speaker>MADAME THOMAS.</speaker>
<p id='5'>
	<s id='1'>Je viens d'apprendre que Clitandre et Éraste sont ici. </s>
</p>
</sp>
<sp who="ISABELLE"><speaker>ISABELLE.</speaker>
<p id='6'>
	<s id='1'>Ah, ma chère tante ! </s>
</p>
</sp>
<sp who="HENRIETTE"><speaker>HENRIETTE.</speaker>
<p id='7'>
	<s id='1'>Ma pauvre Toinette ? </s>
</p>
</sp>
<sp who="TOINETTE"><speaker>TOINETTE.</speaker>
<p id='8'>
	<s id='1'>Je vous le disais bien, voilà du secours, Madame. </s>
</p>
</sp>
<sp who="ISABELLE"><speaker>ISABELLE.</speaker>
<p id='9'>
	<s id='1'>Ils sont ici, ma tante, et vous croyez que cela doit nous chagriner ? </s>
</p>
</sp>
<sp who="MADAME THOMAS"><speaker>MADAME THOMAS.</speaker>
<p id='10'>
	<s id='1'>Oui, ma nièce ; car je vous défends de les voir, entendez-vous ? </s>
</p>
</sp>
<sp who="HENRIETTE"><speaker>HENRIETTE.</speaker>
<p id='11'>
	<s id='1'>Ah, ma mère ! </s>
</p>
</sp>
<sp who="MADAME THOMAS"><speaker>MADAME THOMAS.</speaker>
<p id='12'>
	<s id='1'>Je prétends être obéie, et je ne veux pas qu'ils mettent le pied chez moi, ni eux, ni toutes ces connaissances de l'année passée, que l'hiver va ramener. </s>
</p>
</sp>
<sp who="ISABELLE"><speaker>ISABELLE.</speaker>
<p id='13'>
	<s id='1'>Ne plus voir Clitandre, Madame ? </s>
</p>
</sp>
<sp who="MADAME THOMAS"><speaker>MADAME THOMAS.</speaker>
<p id='14'>
	<s id='1'>Non, ma nièce. </s>
</p>
</sp>
<sp who="HENRIETTE"><speaker>HENRIETTE.</speaker>
<p id='15'>
	<s id='1'>Renoncer aux visites d'Éraste ? </s>
</p>
</sp>
<sp who="MADAME THOMAS"><speaker>MADAME THOMAS.</speaker>
<p id='16'>
	<s id='1'>Oui, ma fille. </s>
</p>
</sp>
<sp who="TOINETTE"><speaker>TOINETTE.</speaker>
<p id='17'>
	<s id='1'>Hé, pourquoi cela, Madame, s'il vous plaît ? </s>
</p>
</sp>
<sp who="MADAME THOMAS"><speaker>MADAME THOMAS.</speaker>
<p id='18'>
	<s id='1'>Pourquoi, coquine ? </s>
	<s id='2'>C'est bien à toi de me demander des raisons ? </s>
	<s id='3'>Mais voyez cette insolente ! </s>
</p>
</sp>
<sp who="TOINETTE"><speaker>TOINETTE.</speaker>
<p id='19'>
	<s id='1'>Je vous demande pardon, Madame : mais je suis surprise que vous vouliez troubler un commerce aussi innocent que celui de … </s>
</p>
</sp>
<sp who="MADAME THOMAS"><speaker>MADAME THOMAS.</speaker>
<p id='20'>
	<s id='1'>Innocent tant qu'il vous plaira, je sais bien ce que je dis, et des connaissances d'Hiver ne valent rien pour l'établissement des filles. </s>
</p>
</sp>
<sp who="TOINETTE"><speaker>TOINETTE.</speaker>
<p id='21'>
	<s id='1'>Ma foi, Madame, celles d'Été ne sont pas moins dangereuses, et les promenades d'Ivry et des îles de Charenton… </s>
</p>
</sp>
<sp who="MADAME THOMAS"><speaker>MADAME THOMAS.</speaker>
<p id='22'>
	<s id='1'>Vous êtes une impertinente, j'avais mes vues quand j'ai donné les mains à ces parties-là. </s>
	<s id='2'>Oh çà, ma fille, je vous ai expliqué les sentiments où je suis pour Monsieur Rapineau, vous prendrez votre parti là-dessus, s'il vous plaît. </s>
</p>
</sp>
<sp who="TOINETTE"><speaker>TOINETTE.</speaker>
<p id='23'>
	<s id='1'>Il est tout pris, nous n'en voulons point. </s>
</p>
</sp>
<sp who="MADAME THOMAS"><speaker>MADAME THOMAS.</speaker>
<p id='24'>
	<s id='1'>Et pour vous, ma nièce, je vous destine à Monsieur des Baliveaux. </s>
</p>
</sp>
<sp who="ISABELLE"><speaker>ISABELLE.</speaker>
<p id='25'>
	<s id='1'>À Monsieur des Baliveaux, ma tante ! </s>
	<s id='2'>Quoi, c'est pour cela qu'il vient ici ? </s>
</p>
</sp>
<sp who="MADAME THOMAS"><speaker>MADAME THOMAS.</speaker>
<p id='26'>
	<s id='1'>Oui. </s>
	<s id='2'>Vous le connaissez, vous l'avez vu Abbé, il est Conseiller maintenant. </s>
	<s id='3'>C'est un fort honnête garçon, tout jeune, qui n'a pas plus de quarante-huit ou quarante-neuf ans, fort riche, et qui a une Terre auprès d'Amiens, où l'on vend plus de canards par an, que dans tout le reste de la Province. </s>
</p>
</sp>
<sp who="ISABELLE"><speaker>ISABELLE.</speaker>
<p id='27'>
	<s id='1'>Je suis bien sa très humble servante, ma tante, je n'ai que faire de lui, ni de ses canards. </s>
</p>
</sp>
<sp who="MADAME THOMAS"><speaker>MADAME THOMAS.</speaker>
<p id='28'>
	<s id='1'>Vous y ferez vos petites réflexions, je vous en donne tout le loisir ; mais vous pouvez compter que je ne veux point voir de gens de guerre, ni dans ma maison, ni dans ma famille. </s>
</p>
</sp>
<sp who="HENRIETTE"><speaker>HENRIETTE.</speaker>
<p id='29'>
	<s id='1'>Mais, ma mère… </s>
</p>
</sp>
<sp who="MADAME THOMAS"><speaker>MADAME THOMAS.</speaker>
<p id='30'>
	<s id='1'>Je n'en veux point, vous dis-je, je connais le fort et le faible de tous les états de la vie. </s>
	<s id='2'>Votre père était Greffier, à vous, il m'a laissé du bien : le vôtre avait la Ferme du Tabac, il est mort riche. </s>
	<s id='3'>Ils avaient un frère Capitaine de cavalerie, qui mourut l'année passée aux Invalides. </s>
	<s id='4'>Point de disputes, Mesdemoiselles, un financier, un homme de robe, ou un couvent, et le congé à ces deux Messieurs surtout ; que je ne les voie pas davantage. </s>
</p>
</sp>
<sp who="TOINETTE"><speaker>TOINETTE.</speaker>
<p id='31'>
	<s id='1'>Cette femme-là s'explique clairement, il n'y a pas moyen de faire semblant de ne pas l'entendre. </s>
</p>
</sp>
</div2>
<div2 type="scene" n='7'><head>SCÈNE VII. Henriette, Isabelle, Toinette.</head>
<sp who="HENRIETTE"><speaker>HENRIETTE.</speaker>
<p id='1'>
	<s id='1'>Moi, j'épouserais Monsieur Rapineau ? </s>
</p>
</sp>
<sp who="ISABELLE"><speaker>ISABELLE.</speaker>
<p id='2'>
	<s id='1'>Je serais femme de Monsieur des Baliveaux ? </s>
</p>
</sp>
<sp who="TOINETTE"><speaker>TOINETTE.</speaker>
<p id='3'>
	<s id='1'>Vous voilà aussi mal loties l'une que l'autre, et vous n'aurez rien à vous reprocher ; mais enfin la chose n'est pas sans remède. </s>
</p>
</sp>
<sp who="HENRIETTE"><speaker>HENRIETTE.</speaker>
<p id='4'>
	<s id='1'>Mais tu connais l'humeur impérieuse de ma mère : comment lui faire changer de sentiment ? </s>
</p>
</sp>
<sp who="TOINETTE"><speaker>TOINETTE.</speaker>
<p id='5'>
	<s id='1'>Comment ? </s>
	<s id='2'>C'est la profession d'Éraste et de Clitandre qui l'effarouche, c'est celle de ces deux autres qui lui a gagné le coeur ? </s>
</p>
</sp>
<sp who="ISABELLE"><speaker>ISABELLE.</speaker>
<p id='6'>
	<s id='1'>Cela est vrai. </s>
</p>
</sp>
<sp who="TOINETTE"><speaker>TOINETTE.</speaker>
<p id='7'>
	<s id='1'>Hé bien, ne pourrions-nous point ménager un petit troc entre ces Messieurs ? </s>
</p>
</sp>
<sp who="HENRIETTE"><speaker>HENRIETTE.</speaker>
<p id='8'>
	<s id='1'>Comment ? </s>
</p>
</sp>
<sp who="TOINETTE"><speaker>TOINETTE.</speaker>
<p id='9'>
	<s id='1'>Faire deux Officiers de vos deux benêt, et jeter les deux Officiers dans la Robe et dans la Finance. </s>
	<s id='2'>Je me chargerai quasi, moi, de les faire consentir tous quatre à la chose. </s>
</p>
</sp>
<sp who="ISABELLE"><speaker>ISABELLE.</speaker>
<p id='10'>
	<s id='1'>Clitandre, Conseiller d'Abbeville ! </s>
</p>
</sp>
<sp who="HENRIETTE"><speaker>HENRIETTE.</speaker>
<p id='11'>
	<s id='1'>Éraste, Sous-fermier des regrats ! </s>
</p>
</sp>
<sp who="TOINETTE"><speaker>TOINETTE.</speaker>
<p id='12'>
	<s id='1'>Pourquoi non ? </s>
	<s id='2'>Quel inconvénient y trouvez-vous ? </s>
</p>
</sp>
<sp who="HENRIETTE"><speaker>HENRIETTE.</speaker>
<p id='13'>
	<s id='1'>Je crois que je ne l'aimerais plus, Toinette. </s>
</p>
</sp>
<sp who="ISABELLE"><speaker>ISABELLE.</speaker>
<p id='14'>
	<s id='1'>Je m'imagine que je ne le pourrais souffrir. </s>
</p>
</sp>
<sp who="TOINETTE"><speaker>TOINETTE.</speaker>
<note type="L">Mort de ma vie : autre serment qui sert à affirmer avec une sorte d'impatience. [L]</note>
<p id='15'>
	<s id='1'>Je vois bien qu'il n'y a que de l'imagination dans votre fait. </s>
	<s id='2'>Hé, mort de ma vie, sont-ce les emplois qui déshonorent les hommes ? </s>
	<s id='3'>Ce sont les hommes qui ridiculisent leurs emplois. </s>
	<s id='4'>Les gens d'esprit et de mérite sont toujours les mêmes dans tout ce qu'ils font ; un sot ne cesse point de l'être. </s>
	<s id='5'>Clitandre est un fort joli homme d'épée, ce sera un fort aimable Conseiller. </s>
	<s id='6'>Monsieur des Baliveaux est un Conseiller ridicule, il sera très impertinent capitaine. </s>
</p>
</sp>
<sp who="HENRIETTE"><speaker>HENRIETTE.</speaker>
<p id='16'>
	<s id='1'>Il me semble qu'elle a raison, cousine. </s>
</p>
</sp>
<sp who="TOINETTE"><speaker>TOINETTE.</speaker>
<p id='17'>
	<s id='1'>Laissez-moi faire. </s>
	<s id='2'>Voici déjà vos deux amants, il faut leur proposer la chose ; s'ils y topent, c'est une affaire faite.</s>
</p>
</sp>
</div2>
<div2 type="scene" n='8'><head>SCÈNE VIII. Clitandre, Éraste, Henriette, Isabelle, Toinette.</head>
<sp who="CLITANDRE"><speaker>CLITANDRE.</speaker>
<p id='1'>
	<s id='1'>Hé ! </s>
	<s id='2'>Bonjour, charmantes. Mesdemoiselles, quel plaisir de vous revoir après six grands mois de campagne. Mais vous retrouve-t-on fidèles, et sommes-nous les bienvenus ? </s>
</p>
</sp>
<sp who="ISABELLE"><speaker>ISABELLE.</speaker>
<p id='2'>
	<s id='1'>Vous mériteriez peu que votre retour fît plaisir, si vous doutiez de la joie qu'il nous donne. </s>
</p>
</sp>
<sp who="HENRIETTE"><speaker>HENRIETTE.</speaker>
<p id='3'>
	<s id='1'>Il revient aussi écervelé qu'il est parti, cousine. </s>
</p>
</sp>
<sp who="ÉRASTE"><speaker>ÉRASTE.</speaker>
<p id='4'>
	<s id='1'>Et moi plus amoureux que jamais, Madame. </s>
</p>
</sp>
<sp who="HENRIETTE"><speaker>HENRIETTE.</speaker>
<p id='5'>
	<s id='1'>Je juge de votre coeur par les mouvements du mien, et je veux croire… </s>
</p>
</sp>
<sp who="CLITANDRE"><speaker>CLITANDRE.</speaker>
<note type="L">Amadis : Manche de robe qui s'applique exactement sur le bras et se boutonne sur le poignet. Amadis, nom du héros d'un roman célèbre du moyen âge et qui vient de amare, aimer. [L]</note>
<p id='6'>
	<s id='1'>Je me donne au diable, c'est un Amadis que votre Éraste, pour l'amour s'entend ; je le suis pour la valeur, moi ; il n'a fait que languir, </s>
</p>
<stage type="toward">À Isabelle. </stage>
<p id='7'>
	<s id='1'>Soupirer, gémir toute la campagne. </s>
	<s id='2'>J'aime aussi fortement que lui, mais pas si sottement : nous sommes de deux sortes de caractères, tous deux bons, mais bien différents ; il est langoureux, et je suis drôle, et je suis drôle, n'est-il pas vrai ? </s>
	<s id='3'>Bonjour, Toinette. </s>
</p>
</sp>
<sp who="TOINETTE"><speaker>TOINETTE.</speaker>
<p id='8'>
	<s id='1'>Votre très humble servante, Monsieur. </s>
</p>
</sp>
<sp who="CLITANDRE"><speaker>CLITANDRE.</speaker>
<p id='9'>
	<s id='1'>Nous voilà de retour. </s>
	<s id='2'>Hé donc, épouserons-nous cette fois ? </s>
	<s id='3'>Le quartier d'hiver sera long, il durera l'année, et passe. </s>
</p>
</sp>
<sp who="HENRIETTE"><speaker>HENRIETTE.</speaker>
<p id='10'>
	<s id='1'>Vous ne retournerez plus à l'armée, Éraste ? </s>
</p>
</sp>
<sp who="ÉRASTE"><speaker>ÉRASTE.</speaker>
<p id='11'>
	<s id='1'>Non, Madame, on dit la paix faite. </s>
</p>
</sp>
<sp who="CLITANDRE"><speaker>CLITANDRE.</speaker>
<p id='12'>
	<s id='1'>Je vous en suis caution, moi. </s>
	<s id='2'>Je tirai l'autre jour au fourrage le dernier coup de pistolet, je pense, et je ne tuai personne en signe de paix, j'ai fermé la guerre. </s>
</p>
</sp>
<sp who="TOINETTE"><speaker>TOINETTE.</speaker>
<p id='13'>
	<s id='1'>Vous allez la renouveler ici, car vous y avez des rivaux, je vous en avertis. </s>
</p>
</sp>
<sp who="CLITANDRE"><speaker>CLITANDRE.</speaker>
<note type="L">Robin : Homme de robe. C'est un robin, ce sont des robins. Il ne se dit que par mépris. [FC]</note>
<p id='14'>
	<s id='1'>Des rivaux ? </s>
	<s id='2'>Sont-ils beaucoup en nombre ? </s>
	<s id='3'>Jeunes ou vieux ? </s>
	<s id='4'>Robins ou autres gens ? </s>
	<s id='5'>Pacifiques ou mutins ? </s>
	<s id='6'>Faudra-t-il couper des oreilles ? </s>
	<s id='7'>Je suis expéditif ; parlez. </s>
</p>
</sp>
<sp who="ISABELLE"><speaker>ISABELLE.</speaker>
<p id='15'>
	<s id='1'>Il ne faudra que gagner l'esprit de ma tante, et lui faire changer les résolutions qu'elle a prises. </s>
</p>
</sp>
<sp who="CLITANDRE"><speaker>CLITANDRE.</speaker>
<p id='16'>
	<s id='1'>Quoi ! </s>
	<s id='2'>C'est Madame Thomas qui nous fait le tour ? Elle n'est pas de nos amies, et j'ai tant menti pour le mériter, je lui ai dit plus de vingt fois qu'elle était et jeune et jolie. </s>
</p>
</sp>
<sp who="TOINETTE"><speaker>TOINETTE.</speaker>
<p id='17'>
	<s id='1'>C'est ce qui vous fait tort, peut-être, elle songe à vous pour elle-même ; que sait-on ? </s>
</p>
</sp>
<sp who="CLITANDRE"><speaker>CLITANDRE.</speaker>
<note type="L">Cadédis : Jurement qu'on met habituellement dans la bouche des Gascons. [L]</note>
<p id='18'>
	<s id='1'>Ah ! </s>
	<s id='2'>Cadedis, je le voudrais, sans conséquence au moins, Madame ; je lui ferais voir du pays. </s>
	<s id='3'>J'aime à ruiner les vieilles, c'est ma folie : mais je n'épouse que les jeunes. </s>
	<s id='4'>N'appréhendez point de me perdre. </s>
</p>
</sp>
<sp who="ÉRASTE"><speaker>ÉRASTE.</speaker>
<p id='19'>
	<s id='1'>Serait-ce aussi Madame votre mère, belle Henriette, qui s'opposerait à mon bonheur. </s>
</p>
</sp>
<sp who="HENRIETTE"><speaker>HENRIETTE.</speaker>
<p id='20'>
	<s id='1'>Il vaut bien mieux que les difficultés viennent de sa part que de la mienne, vous aurez moins de peine à les surmonter. </s>
</p>
</sp>
<sp who="CLITANDRE"><speaker>CLITANDRE.</speaker>
<p id='21'>
	<s id='1'>Çà, ne battons point le pays, sans compliments de part et d'autre ; parlons clair et bref. </s>
	<s id='2'>Nous vous aimons toujours, nous aimez-vous en continuant ? </s>
</p>
</sp>
<sp who="ISABELLE"><speaker>ISABELLE.</speaker>
<p id='22'>
	<s id='1'>Je suis incapable d'en aimer d'autre. </s>
</p>
</sp>
<sp who="CLITANDRE"><speaker>CLITANDRE.</speaker>
<p id='23'>
	<s id='1'>Bon, voilà bien parler. </s>
	<s id='2'>Et vous ? </s>
</p>
</sp>
<sp who="HENRIETTE"><speaker>HENRIETTE.</speaker>
<p id='24'>
	<s id='1'>Je n'ai ni moins de constance, ni moins de résolution que ma cousine. </s>
</p>
</sp>
<sp who="CLITANDRE"><speaker>CLITANDRE.</speaker>
<p id='25'>
	<s id='1'>Hé bien donc, nous voilà d'accord, faut=-il tant de façon ? </s>
	<s id='2'>Épousons : qui nous en empêche ? </s>
</p>
</sp>
<sp who="HENRIETTE"><speaker>HENRIETTE.</speaker>
<p id='26'>
	<s id='1'>Sans le consentement de ma mère ? </s>
</p>
</sp>
<sp who="ISABELLE"><speaker>ISABELLE.</speaker>
<p id='27'>
	<s id='1'>Sans l'aveu de ma tante ? </s>
</p>
</sp>
<sp who="CLITANDRE"><speaker>CLITANDRE.</speaker>
<p id='28'>
	<s id='1'>Son aveu ! </s>
	<s id='2'>Son consentement ! </s>
	<s id='3'>Nous sommes les parties intéressées, le nôtre ne suffit-il pas ? </s>
	<s id='4'>Je trouverais le sien de trop : diable emporte qui s'en soucie. </s>
</p>
</sp>
<sp who="ISABELLE"><speaker>ISABELLE.</speaker>
<p id='29'>
	<s id='1'>Mais la bienséance et la raison… </s>
</p>
</sp>
<sp who="CLITANDRE"><speaker>CLITANDRE.</speaker>
<p id='30'>
	<s id='1'>Je ne connais point ces animaux-là, et quand je suis auprès de vous, je n'ai que de l'amour, Madame. </s>
</p>
</sp>
<sp who="ÉRASTE"><speaker>ÉRASTE.</speaker>
<p id='31'>
	<s id='1'>Je ne suis pas moins passionné que toi : mais je comprends bien cependant que si madame Thomas nous est contraire, il n'y a pas d'apparence… </s>
</p>
</sp>
<sp who="TOINETTE"><speaker>TOINETTE.</speaker>
<p id='32'>
	<s id='1'>Voulez-vous vous en reposer sur moi ? </s>
	<s id='2'>Pour peu que vous vouliez me seconder, je me charge de vous la rendre favorable… </s>
</p>
</sp>
<sp who="CLITANDRE"><speaker>CLITANDRE.</speaker>
<p id='33'>
	<s id='1'>Nous peinerons dans cette affaire, la vieille est mutine. </s>
	<s id='2'>Mais voyons, n'importe, comment s'y prendre ? </s>
</p>
</sp>
<sp stage="toward" who="TOINETTE"><speaker>TOINETTE, à Clitandre.</speaker>
<p id='34'>
	<s id='1'>Demeurez ici avec moi, vous. </s>
	<s id='2'>Et vous, allez voir Madame avec ces Demoiselles ; quoique elle ait ordonné qu'on vous donnât votre congé, elle ne refusera pas votre première visite. </s>
</p>
</sp>
<sp who="HENRIETTE"><speaker>HENRIETTE.</speaker>
<p id='35'>
	<s id='1'>Mais Toinette… </s>
</p>
</sp>
<sp who="TOINETTE"><speaker>TOINETTE.</speaker>
<p id='36'>
	<s id='1'>Ne craignez rien, faites ce qu'on vous dit, et gardez-vous, surtout, de contredire votre mère, quelque chose qu'elle vous dise. </s>
	<s id='2'>Allez. </s>
</p>
</sp>
</div2>
<div2 type="scene" n='9'><head>SCÈNE IX. Clitandre, Toinette.</head>
<sp who="TOINETTE"><speaker>TOINETTE.</speaker>
<p id='1'>
	<s id='1'>Pour nous, maintenant songeons un peu… </s>
</p>
</sp>
<sp who="CLITANDRE"><speaker>CLITANDRE.</speaker>
<p id='2'>
	<s id='1'>Je te vois venir ; tu vas me rendre l'intrigant de ces deux affaires, tu me crois plus d'esprit qu'à l'autre. </s>
</p>
</sp>
<sp who="TOINETTE"><speaker>TOINETTE.</speaker>
<p id='3'>
	<s id='1'>Vous ne seriez pas de votre pays, si vous n'en aviez davantage. </s>
</p>
</sp>
<sp who="CLITANDRE"><speaker>CLITANDRE.</speaker>
<p id='4'>
	<s id='1'>Tu sais mon faible, tu me loues. </s>
	<s id='2'>Çà, de quoi s'agit-il ? </s>
	<s id='3'>Voyons. </s>
</p>
</sp>
<sp who="TOINETTE"><speaker>TOINETTE.</speaker>
<p id='5'>
	<s id='1'>D'écartez vos rivaux, et de vous rendre heureux. </s>
	<s id='2'>Si vous étiez homme à quitter l'épée pour la robe ? </s>
</p>
</sp>
<sp who="CLITANDRE"><speaker>CLITANDRE.</speaker>
<p id='6'>
	<s id='1'>Comment, cadedis, volontiers. </s>
	<s id='2'>Autre faible par où tu me prends. </s>
	<s id='3'>Vive la robe en temps de paix, la guerre est finie ; plus d'ennemis à vaincre, plus de gloire à prétendre ; je pends la lame au croc, on n'a qu'à dire. </s>
</p>
</sp>
<sp who="TOINETTE"><speaker>TOINETTE.</speaker>
<p id='7'>
	<s id='1'>C'est déjà quelque chose. </s>
	<s id='2'>Mais répondriez-vous bien que votre ami Éraste, de son côté, n'eût point de répugnance à se faire financier, lui ? </s>
</p>
</sp>
<sp who="CLITANDRE"><speaker>CLITANDRE.</speaker>
<note type="L">Sandis : Espèce de jurement gascon. Sang, et dis pour Dieu. [L]</note>
<note type="L">Balle : Fig. et populairement. Enfant de la balle, enfant d'un maître de jeu de paume, et, par extension, toute personne élevée dans la profession de sa famille. [L]</note>
<p id='8'>
	<s id='1'>Financier, sandis, financier. </s>
	<s id='2'>Quel fat ne voudrait pas l'être ? </s>
	<s id='3'>Je te réponds de lui, c'est un enfant de la balle, il est né dans un grenier à sel. </s>
	<s id='4'>Baste, si le parti ne lui duit pas, je le prends pour moi. </s>
	<s id='5'>Mais tu te railles de nous, je pense. </s>
</p>
</sp>
<sp who="TOINETTE"><speaker>TOINETTE.</speaker>
<note type="L">Baste : Elle marque le dédain ; il n'importe. [L]</note>
<note type="L">Duire : Dresser, accoutumer à quelque chose. [T]</note>
<p id='9'>
	<s id='1'>Non sérieusement, faites-vous de Robe, et lui partisan, je vous fais épouser vos maîtresses.</s>
</p>
</sp>
<sp who="CLITANDRE"><speaker>CLITANDRE.</speaker>
<note type="L">Partisan : Anciennement. Celui qui faisait des partis ou sociétés pour la levée de certains impôts. [L]</note>
<p id='10'>
	<s id='1'>Mais écoute donc, ma chère Toinette, je vais te parler confidemment. </s>
	<s id='2'>Pour être de robe, il faut une charge, pour une charge il faut de l'argent. </s>
</p>
</sp>
<sp who="TOINETTE"><speaker>TOINETTE.</speaker>
<p id='11'>
	<s id='1'>Et vous n'en avez guères, peut-être ? </s>
</p>
</sp>
<sp who="CLITANDRE"><speaker>CLITANDRE.</speaker>
<p id='12'>
	<s id='1'>Moins que très peu, ma pauvre enfant : il vient force noblesse de chez nous, mais point de Lettres de change. </s>
	<s id='2'>Tu es bonne personne, nous nous connaissons depuis longtemps, c'est toi qui m'as produit ici, le nid est bon, tu sais mes besoins, il faut me servir, je fais ta fortune. </s>
</p>
</sp>
<sp who="TOINETTE"><speaker>TOINETTE.</speaker>
<p id='13'>
	<s id='1'>Je ne demande pas mieux, comme vous voyez. </s>
</p>
</sp>
<sp who="CLITANDRE"><speaker>CLITANDRE.</speaker>
<p id='14'>
	<s id='1'>Commençons par le mariage, ayons d'abord la nièce et l'argent, je me fais après tout ce qu'on voudra. </s>
</p>
</sp>
<sp who="TOINETTE"><speaker>TOINETTE.</speaker>
<p id='15'>
	<s id='1'>Il faut commencer par vous faire quelque chose. </s>
	<s id='2'>Vous accommoderiez-vous d'être Conseiller d'un petit Présidial ? </s>
</p>
</sp>
<sp who="CLITANDRE"><speaker>CLITANDRE.</speaker>
<p id='16'>
	<s id='1'>Conseiller d'un Présidial ! </s>
	<s id='2'>Conseiller du Diable en cas de besoin. </s>
	<s id='3'>Hors le Sergent et le Procureur, je ne sais rien qui me répugne. </s>
</p>
</sp>
<sp who="TOINETTE"><speaker>TOINETTE.</speaker>
<p id='17'>
	<s id='1'>Tenez, voici un galant homme dont je veux vous faire avoir la Charge à bon marché. </s>
</p>
</sp>
<sp who="CLITANDRE"><speaker>CLITANDRE.</speaker>
<note type="L">Crieur : Celui qui fait la proclamation des ordonnances, l'annonce des enchères, etc. Un crieur public. Les crieurs de la bourse. Un crieur de bulletins. [L]</note>
<p id='18'>
	<s id='1'>La Charge de cet homme ? </s>
	<s id='2'>C'est un crieur d'enterrement. </s>
</p>
</sp>
<sp who="TOINETTE"><speaker>TOINETTE.</speaker>
<p id='19'>
	<s id='1'>C'est votre rival, Monsieur des Baliveaux. </s>
</p>
</sp>
<sp who="CLITANDRE"><speaker>CLITANDRE.</speaker>
<note type="L">Encanailler : Mêler, associer avec de la canaille, avec des gens d'un rang bien inférieur. [L]</note>
<p id='20'>
	<s id='1'>Mon rival ! </s>
	<s id='2'>On m'encanaille de la sorte ? </s>
</p>
</sp>
<sp who="TOINETTE"><speaker>TOINETTE.</speaker>
<p id='21'>
	<s id='1'>Paix, ne dites mot, et me laissez faire.</s>
</p>
</sp>
</div2>
<div2 type="scene" n='10'><head>SCÈNE X. Des Baliveaux, Clitandre, Toinette, Maturin.</head>
<sp who="DES BALIVEAUX"><speaker>DES BALIVEAUX.</speaker>
<p id='1'>
	<s id='1'>Oh çà, voilà qui est donc fait. </s>
	<s id='2'>Je vous retiens à mon service. </s>
	<s id='3'>Comment vous appelez-vous. </s>
</p>
</sp>
<sp who="MATURIN"><speaker>MATURIN.</speaker>
<p id='2'>
	<s id='1'>Maturin, Monsieur. </s>
</p>
</sp>
<sp who="DES BALIVEAUX"><speaker>DES BALIVEAUX.</speaker>
<p id='3'>
	<s id='1'>Maturin, bon, tant mieux ; voilà un nom qui me plaît. </s>
	<s id='2'>Allons donc, Maturin, ne quittez point ma queue, de peur qu'on ne me prenne pour un avocat. </s>
	<s id='3'>Je suis un Conseiller, entendez-vous ? </s>
</p>
</sp>
<sp who="MATURIN"><speaker>MATURIN.</speaker>
<p id='4'>
	<s id='1'>Oui, Monsieur, alle ne tombera point, je l'attacherais plutôt à ma ceinture. </s>
</p>
</sp>
<sp who="CLITANDRE"><speaker>CLITANDRE.</speaker>
<p id='5'>
	<s id='1'>Mais cadedis, je suis déshonoré, Toinette, d'être en compromis avec ce visage. </s>
</p>
</sp>
<sp who="TOINETTE"><speaker>TOINETTE.</speaker>
<p id='6'>
	<s id='1'>Que vous importe ? </s>
	<s id='2'>Vous serez le préféré, et lui la dupe de l'aventure. </s>
	<s id='3'>Éloignez-vous pour un moment sans nous perdre de vue, et réglez-vous sur le personnage que vous m'allez voir faire. </s>
</p>
</sp>
<sp who="CLITANDRE"><speaker>CLITANDRE.</speaker>
<note type="L">Merveilles : Merveilleusement. [SP]</note>
<p id='7'>
	<s id='1'>Pousse donc, allons, et chante sur quelle note tu voudras, je t'accompagnerai de merveilles.</s>
</p>
</sp>
</div2>
<div2 type="scene" n='11'><head>SCÈNE XI. Des Baliveaux, Toinette, Maturin.</head>
<sp who="DES BALIVEAUX"><speaker>DES BALIVEAUX.</speaker>
<p id='1'>
	<s id='1'>Il faut avouer que j'ai bonne mine comme ça, c'est une belle chose qu'une charge de robe. </s>
</p>
</sp>
<sp who="TOINETTE"><speaker>TOINETTE.</speaker>
<p id='2'>
	<s id='1'>Que vois-je ? </s>
	<s id='2'>Monsieur l'Abbé des Baliveaux en robe longue ! </s>
	<s id='3'>Vous seriez-vous fait Procureur ou Commissaire, Monsieur ?</s>
</p>
</sp>
<sp stage="toward" who='DES BALIVEAUX'><speaker>DES BALIVEAUX, regardant derrière lui. </speaker>
<p id='3'>
	<s id='1'>Procureur ou Commissaire ! </s>
	<s id='2'>Maturin ? </s>
</p>
</sp>
<sp who="MATURIN"><speaker>MATURIN.</speaker>
<p id='4'>
	<s id='1'>Je ne lâcherai rien, Monsieur, ne vous boutez pas en peine. </s>
</p>
</sp>
<sp who="DES BALIVEAUX"><speaker>DES BALIVEAUX.</speaker>
<p id='5'>
	<s id='1'>Je suis Conseiller, ne voyez-vous pas bien ? </s>
</p>
</sp>
<sp who="TOINETTE"><speaker>TOINETTE.</speaker>
<p id='6'>
	<s id='1'>Ah ! </s>
	<s id='2'>Je vous demande pardon, je n'y prenais pas garde. </s>
	<s id='3'>Mais vous avez là un domestique de ma connaissance, si je ne me trompe, </s>
</p>
</sp>
<sp who="DES BALIVEAUX"><speaker>DES BALIVEAUX.</speaker>
<p id='7'>
	<s id='1'>Oui, c'est un garçon que j'ai pris en arrivant dans l'hôtellerie où je suis descendu de dessus mon cheval. </s>
</p>
</sp>
<sp who="MATURIN"><speaker>MATURIN.</speaker>
<p id='8'>
	<s id='1'>J'ai pourtant trouvé condition tout du premier coup, comme vous voyez. </s>
</p>
</sp>
<sp who="TOINETTE"><speaker>TOINETTE.</speaker>
<p id='9'>
	<s id='1'>Et vous l'avez déjà fait habiller de deuil ? </s>
</p>
</sp>
<sp who="DES BALIVEAUX"><speaker>DES BALIVEAUX.</speaker>
<p id='10'>
	<s id='1'>Non, c'est mon justaucorps que je lui ai fait mettre en attendant ; comme j'ai pris ma Robe qui était dans ma valise, pour venir voir ces Dames en cérémonie, je n'ai affaire que du pourpoint dessous, et cela sert à deux fins ; car il me faut un laquais pour porter ma queue quand je fais des visites, et j'ai oublié d'amener le mien, parce que je n'ai qu'un cheval. </s>
</p>
</sp>
<sp who="TOINETTE"><speaker>TOINETTE.</speaker>
<p id='11'>
	<s id='1'>On ne peut trop soutenir les prérogatives de la Charge. </s>
</p>
</sp>
<sp who="DES BALIVEAUX"><speaker>DES BALIVEAUX.</speaker>
<p id='12'>
	<s id='1'>Oh, allez, allez, je les soutiens bien de toutes manières. </s>
	<s id='2'>J'ai déjà eu querelle avec notre Président, et si il n'y a que trois jours que je suis reçu. </s>
</p>
</sp>
<sp who="TOINETTE"><speaker>TOINETTE.</speaker>
<p id='13'>
	<s id='1'>Est-il possible ? </s>
</p>
</sp>
<sp who="DES BALIVEAUX"><speaker>DES BALIVEAUX.</speaker>
<note type="L">River son clou : River un clou, rabattre avec le marteau la pointe qui dépasse l'épaisseur d'une planche ; et fig. River à quelqu'un son clou, lui répliquer vertement. [L]</note>
<p id='14'>
	<s id='1'>Cet animal-là veut que je ne m'asseye qu'au bout d'en bas, parce que je suis le dernier venu, et moi je suis de meilleure maison que lui. </s>
	<s id='2'>Oh, je lui rivai l'autre jour son clou ; il me déchira ma robe, et il m'appela sot en pleine audience devant tout le monde ; mais cela n'en demeurera pas là. </s>
</p>
</sp>
<sp who="TOINETTE"><speaker>TOINETTE.</speaker>
<p id='15'>
	<s id='1'>Vous en aurez raison. </s>
</p>
</sp>
<sp who="DES BALIVEAUX"><speaker>DES BALIVEAUX.</speaker>
<p id='16'>
	<s id='1'>Oh je lui revaudrai, sur ma parole. </s>
	<s id='2'>Le Procès est déjà commencé ; et si je n'étais pas si amoureux, je pousserais la chose bien plus vigoureusement. </s>
	<s id='3'>Mais l'amour me débauche, je quitte tout pour les beaux yeux de Mademoiselle Isabelle. </s>
</p>
</sp>
<sp who="TOINETTE"><speaker>TOINETTE.</speaker>
<p id='17'>
	<s id='1'>Quoi, c'est Mademoiselle Isabelle qui vous attire en ce pays-ci ? </s>
	<s id='2'>C'est d'elle que vous êtes amoureux ? </s>
</p>
</sp>
<sp who="DES BALIVEAUX"><speaker>DES BALIVEAUX.</speaker>
<p id='18'>
	<s id='1'>J'en perds l'esprit, Mademoiselle Toinette, et sa tante le sait bien : c'est elle qui m'a écrit de venir l'épouser. </s>
	<s id='2'>Oh dame, je suis devenu un bon parti, voyez-vous ? </s>
</p>
</sp>
<sp who="TOINETTE"><speaker>TOINETTE.</speaker>
<p id='19'>
	<s id='1'>Je n'en doute point ; mais… </s>
</p>
</sp>
<sp who="DES BALIVEAUX"><speaker>DES BALIVEAUX.</speaker>
<p id='20'>
	<s id='1'>Et je deviendrai bien meilleur encore. </s>
	<s id='2'>Tenez, depuis que je suis en train d'hériter, il me vient du bien de tous les côtés. </s>
	<s id='3'>Il y aura Mardi quinze jours que mon frère mourut de la colique ; le Vendredi suivant on fit l'enterrement de ma mère, qui avait rendu l'âme la veille, et cinq jours après mon oncle le Chanoine trépassa par apoplexie : cela est bienheureux au moins. </s>
</p>
</sp>
<sp who="TOINETTE"><speaker>TOINETTE.</speaker>
<p id='21'>
	<s id='1'>Oui, vraiment. </s>
	<s id='2'>Que de successions ! </s>
</p>
</sp>
<sp who="DES BALIVEAUX"><speaker>DES BALIVEAUX.</speaker>
<note type="L">Jeter on plomb : Fig. Jeter son plomb sur quelqu'un ou quelque chose, former un dessein qui a pour objet cette personne ou cette chose. [L]</note>
<note type="L">Rengendrer : Engendrer de nouveau. [L]</note>
<p id='22'>
	<s id='1'>Ah, ah ! </s>
	<s id='2'>Me voilà bientôt tout seul, Dieu merci, c'est ce qui fait que j'ai jeté mon plomb sur Mademoiselle Isabelle, pour me rengendrer de la famille. </s>
</p>
</sp>
<sp who='TOINETTE'><speaker>TOINETTE. </speaker>
<p id='23'>
	<s id='1'>Ma foi, Monsieur des Baliveaux, vous vous y prenez mal pour l'obtenir.</s>
</p>
</sp>
<sp who="DES BALIVEAUX"><speaker>DES BALIVEAUX.</speaker>
<p id='24'>
	<s id='1'>Comment donc ? </s>
</p>
</sp>
<sp who="TOINETTE"><speaker>TOINETTE.</speaker>
<p id='25'>
	<s id='1'>Je vous avertis qu'elle a pour tous les gens de robe une aversion épouvantable. </s>
</p>
</sp>
<sp who="DES BALIVEAUX"><speaker>DES BALIVEAUX.</speaker>
<p id='26'>
	<s id='1'>Que me dites-vous là ? </s>
</p>
</sp>
<sp who="TOINETTE"><speaker>TOINETTE.</speaker>
<p id='27'>
	<s id='1'>C'est son antipathie, vous dis-je ; et si vous voulez que je vous parle franchement, je ne vois point d'autre moyen de vous en faire aimer, que de vous faire d'épée. </s>
</p>
</sp>
<sp who="DES BALIVEAUX"><speaker>DES BALIVEAUX.</speaker>
<p id='27'>
	<s id='1'>D'épée, moi ? </s>
	<s id='2'>Moi aller à l'armée ? </s>
	<s id='3'>Non, je suis votre valet, je ne veux point me faire tuer dans le temps que j'hérite. </s>
</p>
</sp>
<sp who="TOINETTE"><speaker>TOINETTE.</speaker>
<p id='28'>
	<s id='1'>Comment, vous faire tuer ? </s>
	<s id='2'>Vous moquez-vous ? </s>
	<s id='3'>On ne tuera plus, la paix est faite. </s>
</p>
</sp>
<sp who="DES BALIVEAUX"><speaker>DES BALIVEAUX.</speaker>
<p id='29'>
	<s id='1'>Ah ! </s>
	<s id='2'>Vraiment, cela est vrai, vous avez raison, je n'y songeais pas. </s>
	<s id='3'>Oh bien, bien, puisque la paix est faite, j'irai à la guerre. </s>
</p>
</sp>
<sp who="TOINETTE"><speaker>TOINETTE.</speaker>
<p id='30'>
	<s id='1'>Vous prenez fort bien votre temps. </s>
	<s id='2'>Il vous faut d'abord acheter une Compagnie. </s>
</p>
</sp>
<sp who="DES BALIVEAUX"><speaker>DES BALIVEAUX.</speaker>
<p id='31'>
	<s id='1'>Une Compagnie ! </s>
	<s id='2'>Ah ! </s>
	<s id='3'>Que je m'en vais bien faire soutenir Monsieur le Président, quand je serai Capitaine. </s>
</p>
</sp>
<sp who="MATURIN"><speaker>MATURIN.</speaker>
<p id='32'>
	<s id='1'>Capitaine, morgué ! </s>
	<s id='2'>Ça ne vaut rian. </s>
	<s id='3'>Il m'enrôlerait, peut-être, prenons garde à nous.</s>
</p>
</sp>
</div2>
<div2 type="scene" n='12'><head>SCÈNE XII. Clitandre, Des Baliveaux, Toinette, Maturin.</head>
<sp who="CLITANDRE"><speaker>CLITANDRE.</speaker>
<p id='1'>
	<s id='1'>Console-moi, ma chère Toinette : je suis le plus infortuné mortel qui soit sous la calotte du firmament. </s>
</p>
</sp>
<sp who="TOINETTE"><speaker>TOINETTE.</speaker>
<p id='2'>
	<s id='1'>Qu'avez-vous donc, Monsieur ? </s>
</p>
</sp>
<sp who="CLITANDRE"><speaker>CLITANDRE.</speaker>
<p id='3'>
	<s id='1'>Il faudra m'y résoudre ; je changerai d'état, oui, j'en changerai. </s>
	<s id='2'>Mais que vois-je ? </s>
	<s id='3'>Ah, Ciel ! </s>
	<s id='4'>Le joli Magistrat, l'aimable petit homme de robe ! </s>
</p>
</sp>
<sp who="DES BALIVEAUX"><speaker>DES BALIVEAUX.</speaker>
<p id='4'>
	<s id='1'>Hai, hai, hai, hai. </s>
</p>
</sp>
<sp who="CLITANDRE"><speaker>CLITANDRE.</speaker>
<p id='5'>
	<s id='1'>Il est fait au tour. </s>
	<s id='2'>Quelle physionomie ! </s>
</p>
</sp>
<sp who="DES BALIVEAUX"><speaker>DES BALIVEAUX.</speaker>
<p id='6'>
	<s id='1'>Hai, hai, hai, qui est ce Monsieur-là, Mademoiselle Toinette ? </s>
</p>
</sp>
<sp who="TOINETTE"><speaker>TOINETTE.</speaker>
<p id='7'>
	<s id='1'>Un Officier, des parents de la famille. </s>
	<s id='2'>Tâchez de gagner les bonnes grâces de cet homme-là, c'est lui qui peut tout sur l'esprit de votre maîtresse. </s>
</p>
</sp>
<sp who="DES BALIVEAUX"><speaker>DES BALIVEAUX.</speaker>
<p id='8'>
	<s id='1'>Laissez-moi faire, je vais lui faire un petit compliment bien troussé. </s>
	<s id='2'>Bonjour, Monsieur, votre serviteur, comment vous portez-vous ? </s>
</p>
</sp>
<sp who="CLITANDRE"><speaker>CLITANDRE.</speaker>
<p id='9'>
	<s id='1'>À vous rendre toutes sortes de services. </s>
	<s id='2'>Que je vous embrasse, mon charmant Monsieur, que je vous étouffe de caresses, s'il m'est possible. </s>
</p>
</sp>
<sp who="DES BALIVEAUX"><speaker>DES BALIVEAUX.</speaker>
<p id='10'>
	<s id='1'>Hai, hai, hai. Hé bien, vous voyez, je me fais aimer de qui je veux. </s>
</p>
</sp>
<sp who="TOINETTE"><speaker>TOINETTE.</speaker>
<p id='11'>
	<s id='1'>Cela est vrai. </s>
	<s id='2'>Vous avez un visage qui frappe d'abord. </s>
</p>
</sp>
<sp who="CLITANDRE"><speaker>CLITANDRE.</speaker>
<p id='12'>
	<s id='1'>Que j'envie votre sort, mon cher Monsieur, et votre profession, surtout. </s>
</p>
</sp>
<sp who="DES BALIVEAUX"><speaker>DES BALIVEAUX.</speaker>
<p id='13'>
	<s id='1'>Ma profession ? </s>
	<s id='2'>Et pourquoi, s'il vous plaît ? </s>
</p>
</sp>
<sp who="CLITANDRE"><speaker>CLITANDRE.</speaker>
<p id='14'>
	<s id='1'>Me le demandez-vous ? </s>
	<s id='2'>Je suis épris d'une personne dont la tante a l'entêtement de la robe, et l'on me rebute, l'on me désespère, parce que je suis Capitaine. </s>
</p>
</sp>
<sp who="DES BALIVEAUX"><speaker>DES BALIVEAUX.</speaker>
<p id='15'>
	<s id='1'>Mademoiselle Toinette ? </s>
</p>
</sp>
<sp who="TOINETTE"><speaker>TOINETTE.</speaker>
<p id='16'>
	<s id='1'>Monsieur ? </s>
</p>
</sp>
<sp who="DES BALIVEAUX"><speaker>DES BALIVEAUX.</speaker>
<p id='17'>
	<s id='1'>Mais voilà qui est admirable. </s>
</p>
</sp>
<sp who="TOINETTE"><speaker>TOINETTE.</speaker>
<p id='18'>
	<s id='1'>Tout le monde n'a pas les mêmes sentiments, comme vous voyez, et cela se rencontre le plus à propos du monde : s'il y avait moyen…</s>
</p>
</sp>
<sp who="CLITANDRE"><speaker>CLITANDRE.</speaker>
<p id='19'>
	<s id='1'>Je suis un grand chien, n'est-ce pas ? </s>
	<s id='2'>Un grand misérable ? </s>
</p>
</sp>
<sp who="DES BALIVEAUX"><speaker>DES BALIVEAUX.</speaker>
<p id='20'>
	<s id='1'>Allez, allez, Monsieur, consolez-vous, je suis tout de même. </s>
</p>
</sp>
<sp who="CLITANDRE"><speaker>CLITANDRE.</speaker>
<p id='21'>
	<s id='1'>Comment ? </s>
	<s id='2'>Comment donc ? </s>
	<s id='3'>Expliquez-vous, je n'entends point. </s>
</p>
</sp>
<sp who="DES BALIVEAUX"><speaker>DES BALIVEAUX.</speaker>
<p id='22'>
	<s id='1'>Je suis amoureux de Mademoiselle Isabelle, qui a l'entêtement de l'épée, comme vous savez ? </s>
</p>
</sp>
<sp who="CLITANDRE"><speaker>CLITANDRE.</speaker>
<p id='23'>
	<s id='1'>Oui, je le sais, je vous en réponds. </s>
</p>
</sp>
<sp who="DES BALIVEAUX"><speaker>DES BALIVEAUX.</speaker>
<p id='24'>
	<s id='1'>Et Mademoiselle Toinette dit qu'elle ne m'aimera point, si je demeure conseiller. </s>
</p>
</sp>
<sp who="CLITANDRE"><speaker>CLITANDRE.</speaker>
<p id='25'>
	<s id='1'>Comment ! </s>
	<s id='2'>Elle vous détestera, la peste m'étouffe. </s>
</p>
</sp>
<sp who="DES BALIVEAUX"><speaker>DES BALIVEAUX.</speaker>
<p id='26'>
	<s id='1'>Si vous vouliez, il y aurait un accommodement qui pourrait… </s>
</p>
</sp>
<sp who="CLITANDRE"><speaker>CLITANDRE.</speaker>
<p id='27'>
	<s id='1'>Un accommodement ! </s>
	<s id='2'>Ah ! </s>
	<s id='3'>Je vous entends, hé, de tout mon coeur, qu'à cela ne tienne : vous m'avez gagné l'âme, je ne sais par où, je me mettrais en pièces pour vous faire service. </s>
</p>
</sp>
<sp who="DES BALIVEAUX"><speaker>DES BALIVEAUX.</speaker>
<p id='28'>
	<s id='1'>Monsieur ! </s>
	<s id='2'>Hai, hai, hai.</s>
</p>
</sp>
<sp who="TOINETTE"><speaker>TOINETTE.</speaker>
<note type="L">Naître coiffé : On dit qu'un enfant est né coiffé, quand il vient au monde avec une espèce de membrane, qu'on apèle coiffe, que le peuple regarde comme un présage de bonheur. De-là, l'expression proverbiale, qui dit, d'un homme heureux, qu'il est né coiffé. [FC]</note>
<p id='29'>
	<s id='1'>Vous êtes né coiffé, Monsieur des Baliveaux. </s>
</p>
</sp>
<sp who="CLITANDRE"><speaker>CLITANDRE.</speaker>
<p id='30'>
	<s id='1'>Voilà qui est fait, Monsieur, je vous donne ma Compagnie, elle est complète d'hommes, de chevaux, d'équipage, poussez votre bonne fortune : je vous la mets sur la tête, faites-en des choux et des raves. </s>
</p>
</sp>
<sp who="DES BALIVEAUX"><speaker>DES BALIVEAUX.</speaker>
<p id='31'>
	<s id='1'>Mais Monsieur, il faudrait convenir… </s>
</p>
</sp>
<sp who="CLITANDRE"><speaker>CLITANDRE.</speaker>
<p id='32'>
	<s id='1'>Non, Monsieur, point de convention, jamais de marchés avec moi, j'agis sans intérêt : je ne vous demande que votre amitié et votre robe seulement. </s>
</p>
</sp>
<sp who="DES BALIVEAUX"><speaker>DES BALIVEAUX.</speaker>
<p id='33'>
	<s id='1'>Que ma robe, Monsieur, que ma robe ? </s>
</p>
</sp>
<sp who="CLITANDRE"><speaker>CLITANDRE.</speaker>
<p id='34'>
	<s id='1'>Non, vous dis-je, et quelque petite charge, pour avoir droit de la porter. </s>
	<s id='2'>Vous en avez une, apparemment ? </s>
</p>
</sp>
<sp who="DES BALIVEAUX"><speaker>DES BALIVEAUX.</speaker>
<p id='35'>
	<s id='1'>Oui, Monsieur. </s>
</p>
</sp>
<sp who="CLITANDRE"><speaker>CLITANDRE.</speaker>
<p id='36'>
	<s id='1'>Je la prendrai par forme de pot de vin : allons, venez chez le premier tabellion, je vais vous y signer ma démission, et vous me donnerez la robe, avec un papier pour le reste. </s>
</p>
</sp>
<sp who="DES BALIVEAUX"><speaker>DES BALIVEAUX.</speaker>
<p id='37'>
	<s id='1'>Que je vous ai d'obligation ? </s>
</p>
</sp>
<sp who="TOINETTE"><speaker>TOINETTE.</speaker>
<p id='38'>
	<s id='1'>Allez vite, ne perdez point de temps : voilà une bonne affaire. </s>
</p>
</sp>
<sp stage="pull/costume" who='MATURIN'><speaker>MATURIN, en le tirant par la queue de la robe. </speaker>
<p id='39'>
	<s id='1'>Avec votre parmission, Monsieur, une petite parole. </s>
	<s id='2'>Puisque vous allez bailler la robe, il ne faudra plus porter la queue, et vous aurez besoin de votre justaucorps. </s>
	<s id='3'>Que deviendrai-je donc, moi ? </s>
</p>
</sp>
<sp who="DES BALIVEAUX"><speaker>DES BALIVEAUX.</speaker>
<note type="L">condition : Domesticité, place de domestique. Bonne ou mauvaise condition. [FC]</note>
<p id='40'>
	<s id='1'>Mais je n'ai plus que faire de toi, tu n'as qu'à chercher condition, je te remercie. </s>
</p>
</sp>
<sp who="MATURIN"><speaker>MATURIN.</speaker>
<p id='41'>
	<s id='1'>Vous n'avez plus que faire de moi ? </s>
</p>
</sp>
<sp who="DES BALIVEAUX"><speaker>DES BALIVEAUX.</speaker>
<p id='42'>
	<s id='1'>Non. </s>
</p>
</sp>
<sp who="MATURIN"><speaker>MATURIN.</speaker>
<p id='43'>
	<s id='1'>Morgué, tenez donc, vela votre peste de queue, je m'en vais vous reporter votre casaque, et rechercher la mienne. </s>
</p>
</sp>
<sp who="CLITANDRE"><speaker>CLITANDRE.</speaker>
<p id='44'>
	<s id='1'>Allons, venez, mon cher Monsieur des Baliveaux, dépêchons ; je grille de vous obliger par-devant notaire.</s>
</p>
</sp>
</div2>
<div2 type="scene" n='13'><head>SCÈNE XIII. Toinette, Maturin.</head>
<sp who="TOINETTE"><speaker>TOINETTE.</speaker>
<p id='1'>
	<s id='1'>Votre nouvelle condition n'a pas beaucoup duré, monsieur Maturin.</s>
</p>
</sp>
<sp who="MATURIN"><speaker>MATURIN.</speaker>
<note type="L">Pargué : Jurements patois de l'ancienne comédie, pour pardieu. [L]</note>
<p id='2'>
	<s id='1'>Pargué non, je ne sis pas chanceux : mais morgué n'importe, je ne me rebuterai point, j'ai en tête de faire forteune moi tout seul, sans avoir obligation à parsonne ; je rencontrerai mieux une autre fois. Jusqu'au revoir, Mademoiselle Toinette.</s>
</p>
</sp>
</div2>
<div2 type="scene" n='14'><head>SCÈNE XIV. Isabelle, Toinette.</head>
<sp who="ISABELLE"><speaker>ISABELLE.</speaker>
<p id='1'>
	<s id='1'>Hé bien, ma chère Toinette, qu'as-tu fait de Clitandre ? </s>
</p>
</sp>
<sp who="TOINETTE"><speaker>TOINETTE.</speaker>
<p id='2'>
	<s id='1'>Je l'ai mis aux prises avec le Seigneur des Baliveaux. </s>
	<s id='2'>Vos affaires sont en bon chemin. </s>
	<s id='3'>Mais celles de votre cousine, comment vont-elles. </s>
</p>
</sp>
<sp who="ISABELLE"><speaker>ISABELLE.</speaker>
<p id='3'>
	<s id='1'>La voici avec ma tante.</s>
</p>
</sp>
</div2>
<div2 type="scene" n='15'><head>SCÈNE XV. Madame Thomas, Isabelle, Henriette, Toinette, Éraste.</head>
<sp who="MADAME THOMAS"><speaker>MADAME THOMAS.</speaker>
<p id='1'>
	<s id='1'>Je vous le demande en grâce, Monsieur, ne revenez pas chez moi davantage. </s>
</p>
</sp>
<sp who="ÉRASTE"><speaker>ÉRASTE.</speaker>
<p id='2'>
	<s id='1'>Je vous le demande à genoux, Madame ; ne me donnez point un ordre auquel il m'est impossible d'obéir. </s>
</p>
</sp>
<sp who="MADAME THOMAS"><speaker>MADAME THOMAS.</speaker>
<p id='3'>
	<s id='1'>Impossible, Monsieur ? </s>
</p>
</sp>
<sp who="ÉRASTE"><speaker>ÉRASTE.</speaker>
<p id='4'>
	<s id='1'>Oui, Madame, suis-je le maître de cesser d'adorer la charmante Henriette ? </s>
</p>
</sp>
<sp who="MADAME THOMAS"><speaker>MADAME THOMAS.</speaker>
<p id='5'>
	<s id='1'>Adorez-la de loin, Monsieur, et supprimez vos visites. </s>
</p>
</sp>
<sp who="TOINETTE"><speaker>TOINETTE.</speaker>
<p id='6'>
	<s id='1'>Madame a raison, Monsieur, vous êtes de vrais gâte-filles, tout tant que vous êtes, vous autres Officiers ; et quand vous en avez fréquenté quelqu'une, on a toutes les peines du monde à lui remettre un bon vernis sur la réputation. </s>
</p>
</sp>
<sp who="MADAME THOMAS"><speaker>MADAME THOMAS.</speaker>
<p id='7'>
	<s id='1'>Cela est vrai, mesdemoiselles : entendez-vous ? </s>
</p>
</sp>
<sp who="TOINETTE"><speaker>TOINETTE.</speaker>
<p id='8'>
	<s id='1'>Oui, ces Messieurs-là ne songent qu'à la bagatelle. </s>
	<s id='2'>S'ils avaient de bonnes intentions encore, des vues pour le mariage, par exemple, Madame n'est point assez ridicule… </s>
</p>
</sp>
<sp who="ÉRASTE"><speaker>ÉRASTE.</speaker>
<p id='9'>
	<s id='1'>Me soupçonne-t-on d'en avoir jamais eu d'autres ? </s>
	<s id='2'>L'unique but de mes désirs, ce que je souhaite le plus au monde, ce serait d'avoir l'honneur d'être le gendre de Madame. </s>
</p>
</sp>
<sp who="TOINETTE"><speaker>TOINETTE.</speaker>
<p id='10'>
	<s id='1'>Hé que diantre ne parlez-vous ? </s>
	<s id='2'>Voici qui change bien la chose, Madame. </s>
</p>
</sp>
<sp who="MADAME THOMAS"><speaker>MADAME THOMAS.</speaker>
<p id='11'>
	<s id='1'>Non, cela ne change rien, Mademoiselle Toinette, j'ai pris mon parti, et je ne veux point que ma fille épouse un homme d'épée. </s>
</p>
</sp>
<sp who="TOINETTE"><speaker>TOINETTE.</speaker>
<p id='12'>
	<s id='1'>Un homme d'épée ! </s>
	<s id='2'>J'entre dans vos sentiments, cela est vrai. </s>
	<s id='3'>De quoi sert une épée dans un ménage ? </s>
	<s id='4'>Le mariage est fait pour multiplier le genre humain, et des épées ne servent qu'à le détruire. </s>
	<s id='5'>Il faut se rendre à cela, Monsieur, qu'avez-vous à dire ? </s>
</p>
</sp>
<sp who="ÉRASTE"><speaker>ÉRASTE.</speaker>
<note type="C">Le père de Jean Racine était président d'un Grenier à Sel à La Ferté-Millon. C'est une charge non annoblissante.</note>
<note type="L">Passer condamnation : Condamnation, se dit aussi des choses qu'on blâme, qu'on n'approuve point. Au Palais on dit, Passer condamnation, subir condamnation ; pour dire, Acquiescer à la demande ou à la sentence de la partie. On dit aussi ordinairement, Passer condamnation ; pour dire, Avouer qu'on a tort, et demeurer d'accord de ce qu'on a dit au contraire. [L]</note>
<p id='13'>
	<s id='1'>Rien, Toinette, je passe condamnation pour l'épée. </s>
	<s id='2'>J'ai un oncle Président d'un Grenier à Sel, qui me persécute pour me faire prendre sa charge.</s>
</p>
</sp>
<sp who="TOINETTE"><speaker>TOINETTE.</speaker>
<note type="L">Grenier à sel : Lieu où l'on débitait le sel sous la surveillance de l'autorité. [L]</note>
<p id='14'>
	<s id='1'>Président d'un Grenier à Sel ! </s>
	<s id='2'>Quelle trouvaille, Madame ! </s>
</p>
</sp>
<sp who="MADAME THOMAS"><speaker>MADAME THOMAS.</speaker>
<p id='15'>
	<s id='1'>Président d'où il vous plaira, j'ai donné ma parole à Monsieur Rapineau, je la lui tiendrai en dépit de tout le monde ; et à Monsieur des Baliveaux aussi, ma nièce : entendez-vous ? </s>
</p>
</sp>
<sp who="TOINETTE"><speaker>TOINETTE.</speaker>
<p id='16'>
	<s id='1'>C'est ce qu'il faudra voir.</s>
</p>
</sp>
</div2>
<div2 type="scene" n='16'><head>SCÈNE XVI. Des Baliveaux, Madame Thomas, Henriette, Isabelle, Éraste, Toinette.</head>
<sp stage="costume" who='DES BALIVEAUX'><speaker>DES BALIVEAUX, en officier. </speaker>
<p id='1'>
	<s id='1'>Votre très humble valet, Mesdames. </s>
	<s id='2'>Vous voyez un nouvel Officier qui avait bien de l'impatience d'avoir l'honneur de posséder l'avantage de vous faire ses très humbles révérences. </s>
</p>
</sp>
<sp who="MADAME THOMAS"><speaker>MADAME THOMAS.</speaker>
<p id='2'>
	<s id='1'>Comment, c'est Monsieur des Baliveaux ? </s>
</p>
</sp>
<sp who="DES BALIVEAUX"><speaker>DES BALIVEAUX.</speaker>
<p id='3'>
	<s id='1'>À vous rendre mes très humbles services, Mesdames. </s>
</p>
</sp>
<sp who="MADAME THOMAS"><speaker>MADAME THOMAS.</speaker>
<p id='4'>
	<s id='1'>Comment donc, Monsieur, quel équipage est-ce là ? </s>
	<s id='2'>Ne m'aviez-vous pas mandé que vous étiez Conseiller ! </s>
</p>
</sp>
<sp who="DES BALIVEAUX"><speaker>DES BALIVEAUX.</speaker>
<note type="L">Fi : particule qui sert à faire une explcamation pour témoigner le mépris, la haine, l'aversion qu'on a pour quelque personne ou quelque chose.</note>
<p id='5'>
	<s id='1'>Conseiller, moi ! </s>
	<s id='2'>Je ne l'ai jamais été. </s>
	<s id='3'>Hé fi donc, Madame, ne parlez point de cela. </s>
</p>
</sp>
<sp who="TOINETTE"><speaker>TOINETTE.</speaker>
<p id='6'>
	<s id='1'>Fort bien, Monsieur des Baliveaux. </s>
</p>
</sp>
<sp who="MADAME THOMAS"><speaker>MADAME THOMAS.</speaker>
<p id='7'>
	<s id='1'>Vous ne vous êtes pas fait recevoir Conseiller, Monsieur ? </s>
</p>
</sp>
<sp who="DES BALIVEAUX"><speaker>DES BALIVEAUX.</speaker>
<p id='8'>
	<s id='1'>Non, vraiment, Madame, le Ciel m'en préserve ; j'aime trop Mademoiselle votre nièce pour faire une sottise comme celle-là, et je sais bien qu'il ne lui faut que des Capitaines. </s>
</p>
</sp>
<sp who="HENRIETTE"><speaker>HENRIETTE.</speaker>
<p id='9'>
	<s id='1'>Que je te trouve heureuse, ma cousine, et qu'il est gracieux dans cet habit-là ? </s>
</p>
</sp>
<sp who="DES BALIVEAUX"><speaker>DES BALIVEAUX.</speaker>
<p id='10'>
	<s id='1'>Oh, Mademoiselle, très humble serviteur, serviteur très humble. </s>
</p>
</sp>
<sp who="ÉRASTE"><speaker>ÉRASTE.</speaker>
<p id='11'>
	<s id='1'>Je n'ai jamais vu de Général qui eût cet air-là. </s>
</p>
</sp>
<sp who="DES BALIVEAUX"><speaker>DES BALIVEAUX.</speaker>
<p id='12'>
	<s id='1'>Serviteur très humble, Monsieur, très humble serviteur. </s>
</p>
</sp>
<sp who="ISABELLE"><speaker>ISABELLE.</speaker>
<p id='13'>
	<s id='1'>Quel amas de mérite et de charmes ! </s>
	<s id='2'>Il n'y a pas moyen d'y résister. </s>
</p>
</sp>
<sp who="DES BALIVEAUX"><speaker>DES BALIVEAUX.</speaker>
<p id='14'>
	<s id='1'>Vous me confondez, vous m'extasiez, Mademoiselle. </s>
	<s id='2'>Ma pauvre Toinette, que je te suis redevable. </s>
</p>
</sp>
<sp who="TOINETTE"><speaker>TOINETTE.</speaker>
<p id='15'>
	<s id='1'>Votre servante très humble, Monsieur, votre très humble servante. </s>
</p>
</sp>
<sp who="DES BALIVEAUX"><speaker>DES BALIVEAUX.</speaker>
<p id='16'>
	<s id='1'>Oh çà, çà, Madame Thomas, procédons au contrat, j'ai une rage d'être votre neveu. </s>
</p>
</sp>
<sp who="MADAME THOMAS"><speaker>MADAME THOMAS.</speaker>
<p id='17'>
	<s id='1'>Je vous conseille de la modérer, Monsieur, car vous ne le serez point assurément. </s>
</p>
</sp>
<sp who="DES BALIVEAUX"><speaker>DES BALIVEAUX.</speaker>
<p id='18'>
	<s id='1'>Comme elle se moque, Toinette. </s>
	<s id='2'>Allons donc, je n'aime point les semblants, moi, je parle tout de bon. </s>
</p>
</sp>
<sp who="MADAME THOMAS"><speaker>MADAME THOMAS.</speaker>
<p id='19'>
	<s id='1'>Et je vous parle sérieusement aussi : vous n'êtes pas conseiller, vous n'aurez pas ma nièce. </s>
</p>
</sp>
<sp who="DES BALIVEAUX"><speaker>DES BALIVEAUX.</speaker>
<p id='20'>
	<s id='1'>Ah, ah !</s>
</p>
</sp>
</div2>
<div2 type="scene" n='17'><head>SCÈNE XVII. Des Baliveaux, Madame Thomas, Henriette, Isabelle, Clitandre, Éraste, Toinette.</head>
<sp stage="costume" who='CLITANDRE'><speaker>CLITANDRE, en robe. </speaker>
<p id='1'>
	<s id='1'>Et moi qui le suis, Conseiller, Madame, l'aurai-je, cette nièce ? </s>
	<s id='2'>Hé donc ?</s>
</p>
</sp>
<sp who="MADAME THOMAS"><speaker>MADAME THOMAS.</speaker>
<p id='2'>
	<s id='1'>C'est votre Clitandre, ma nièce, si je ne me trompe ? </s>
</p>
</sp>
<sp who="CLITANDRE"><speaker>CLITANDRE.</speaker>
<p id='3'>
	<s id='1'>C'est l'adorateur de vos volontés, Madame, un vrai Caméléon d'amour. </s>
	<s id='2'>L'épée vous déplaît, je la quitte, et je la donne à ce nigaud. </s>
</p>
</sp>
<sp who="DES BALIVEAUX"><speaker>DES BALIVEAUX.</speaker>
<p id='4'>
	<s id='1'>Qu'est-ce à dire, nigaud ? </s>
</p>
</sp>
<sp who="CLITANDRE"><speaker>CLITANDRE.</speaker>
<p id='5'>
	<s id='1'>Vous aimez la robe, et je l'endosse ; je me suis approprié la sienne et sa charge, tout pour l'honneur de vos bonnes grâces, Madame. </s>
	<s id='2'>Vous savez bien pour qui je brûle, ne me rendrez-vous point heureux ? </s>
</p>
</sp>
<sp who="MADAME THOMAS"><speaker>MADAME THOMAS.</speaker>
<p id='6'>
	<s id='1'>Vous avez pris le bon parti, Monsieur ; et si ma nièce a pour vous des sentiments favorables, je vous promets de ne m'y point opposer. </s>
</p>
</sp>
<sp who="ISABELLE"><speaker>ISABELLE.</speaker>
<p id='7'>
	<s id='1'>Ma tante ! </s>
</p>
</sp>
<sp who="DES BALIVEAUX"><speaker>DES BALIVEAUX.</speaker>
<p id='8'>
	<s id='1'>Comment donc, Mademoiselle Toinette, c'est de ma maîtresse qu'il est amoureux ? </s>
	<s id='2'>Est-ce que ce n'est pas sa cousine ? </s>
</p>
</sp>
<sp who="TOINETTE"><speaker>TOINETTE.</speaker>
<p id='9'>
	<s id='1'>Cela n'y fait rien ; ils vont être encore plus proches parents que cela, selon toutes les apparences. </s>
</p>
</sp>
<sp who="MADAME THOMAS"><speaker>MADAME THOMAS.</speaker>
<p id='10'>
	<s id='1'>Que tardez-vous à vous expliquer, ma nièce ? </s>
	<s id='2'>Avez-vous de la répugnance pour ce que je vous propose ? </s>
	<s id='3'>Je le souhaite, et je vous le commande même. </s>
</p>
</sp>
<sp who="ISABELLE"><speaker>ISABELLE.</speaker>
<p id='11'>
	<s id='1'>Je vous demande pardon, ma tante, mon coeur est pour Monsieur des Baliveaux. </s>
</p>
</sp>
<sp who="DES BALIVEAUX"><speaker>DES BALIVEAUX.</speaker>
<p id='12'>
	<s id='1'>Hai, hai, hai, hai. </s>
</p>
</sp>
<sp who="TOINETTE"><speaker>TOINETTE.</speaker>
<p id='13'>
	<s id='1'>Je vous ai dit vrai, comme vous voyez. </s>
</p>
</sp>
<sp who="ISABELLE"><speaker>ISABELLE.</speaker>
<p id='14'>
	<s id='1'>Mais le respect et la raison me déterminent à vous obéir. </s>
</p>
</sp>
<sp who="DES BALIVEAUX"><speaker>DES BALIVEAUX.</speaker>
<p id='15'>
	<s id='1'>Oh dame, Madame Thomas. </s>
</p>
</sp>
<sp who="MADAME THOMAS"><speaker>MADAME THOMAS.</speaker>
<p id='16'>
	<s id='1'>Ôtez-vous de là, vous êtes un benêt. </s>
</p>
</sp>
<sp who="DES BALIVEAUX"><speaker>DES BALIVEAUX.</speaker>
<p id='17'>
	<s id='1'>Comme on me traite, Mademoiselle Toinette. </s>
</p>
</sp>
<sp who="TOINETTE"><speaker>TOINETTE.</speaker>
<p id='18'>
	<s id='1'>Laissez la faire, puisqu'elle vous aime, vous avez l'avantage, une fois. </s>
</p>
</sp>
<sp who="DES BALIVEAUX"><speaker>DES BALIVEAUX.</speaker>
<p id='19'>
	<s id='1'>Cela est vrai, son coeur est pour moi. </s>
	<s id='2'>Oh bien, bien, qu'il l'épouse, je ne m'en soucie guères. </s>
	<s id='3'>Je suis capitaine toujours, j'y donne mon consentement aussi, je veux signer le contrat et être de la noce : nous verrons qui sera le plus sot de nous deux. </s>
</p>
</sp>
<sp who="CLITANDRE"><speaker>CLITANDRE.</speaker>
<p id='20'>
	<s id='1'>Vous nous ferez honneur, Monsieur des Baliveaux. </s>
</p>
</sp>
<sp who="MADAME THOMAS"><speaker>MADAME THOMAS.</speaker>
<p id='21'>
	<s id='1'>Voici Monsieur Rapineau le plus à propos du monde, c'est le mari que je destine à ma fille. </s>
</p>
</sp>
<sp who="CLITANDRE"><speaker>CLITANDRE.</speaker>
<p id='22'>
	<s id='1'>Monsieur Rapineau ? </s>
	<s id='2'>Non, Madame, voilà mon ami, topez à lui, nous sommes deux inséparables. </s>
</p>
</sp>
</div2>
<div2 type="scene" n='18'><head>SCÈNE XVIII. Monsieur Rapineau, Des Baliveaux, Madame Thomas, Henriette, Isabelle, Éraste, Clitandre, Toinette.</head>
<sp who="MONSIEUR RAPINEAU"><speaker>MONSIEUR RAPINEAU.</speaker>
<p id='1'>
	<s id='1'>Les violons ont pensé nous manquer, Madame ; ils étaient retenus par je ne sais combien de gens de toutes façons, qui font une espèce de mascarade de Flandres, et qui se réjouissent ensemble de ce qu'on vient de leur dire que la paix est faite ; mais ce sera un surcroît de plaisir pour nous, et voici toute la bande que je vous amène. </s>
</p>
</sp>
<sp who="MADAME THOMAS"><speaker>MADAME THOMAS.</speaker>
<p id='2'>
	<s id='1'>Nous vous sommes obligés, Monsieur Rapineau, de songer ainsi à nous désennuyer dans la Province ; et l'on reconnaîtra tous ces petits soins. </s>
</p>
</sp>
<sp who="MONSIEUR RAPINEAU"><speaker>MONSIEUR RAPINEAU.</speaker>
<p id='3'>
	<s id='1'>Ah, Madame ! </s>
</p>
</sp>
<sp who="CLITANDRE"><speaker>CLITANDRE.</speaker>
<p id='4'>
	<s id='1'>C'est moi qu'il en faut remercier, Madame, la façon de mascarade est de mon idée. </s>
	<s id='2'>Quand cela sera fait, que je vous parle, Monsieur Rapineau, j'ai quelque petit compliment à vous faire. </s>
</p>
</sp>
<sp who="MONSIEUR RAPINEAU"><speaker>MONSIEUR RAPINEAU.</speaker>
<p id='5'>
	<s id='1'>Vous me ferez, s'il vous plaît, Monsieur, l'honneur d'être d'un souper que je donne ce soir à ces dames. </s>
</p>
</sp>
<sp who="CLITANDRE"><speaker>CLITANDRE.</speaker>
<p id='6'>
	<s id='1'>Il y a un souper encore ? </s>
	<s id='2'>Je ne vous parle qu'après le souper. </s>
</p>
</sp>
<sp who="MONSIEUR RAPINEAU"><speaker>MONSIEUR RAPINEAU.</speaker>
<p id='7'>
	<s id='1'>Quand il vous plaira, Monsieur. </s>
	<s id='2'>Allons, enfants, avancez, et faites de votre mieux.</s>
</p>
<stage type="title">Marche des Acteurs du Divertissement.</stage>
</sp>
</div2>
<div2 type="scene" n='19'><head>SCÈNE XIX. Monsieur Rapineau, Madame Thomas, Des Baliveaux, Henriette, Isabelle, Éraste, Clitandre, Toinette, Maturin.</head>
<sp who="MONSIEUR RAPINEAU"><speaker>MONSIEUR RAPINEAU.</speaker>
<p id='1'>
	<s id='1'>Hé bien, Madame, la mascarade ? </s>
</p>
</sp>
<sp who="MADAME THOMAS"><speaker>MADAME THOMAS.</speaker>
<p id='2'>
	<s id='1'>Elle est gracieuse et bien imaginée. </s>
</p>
</sp>
<sp who="TOINETTE"><speaker>TOINETTE.</speaker>
<p id='3'>
	<s id='1'>La bonne figure ! </s>
	<s id='2'>Voyez donc, Madame, Monsieur Maturin qui est le garçon de l'aveugle ! </s>
</p>
</sp>
<sp who="MONSIEUR RAPINEAU"><speaker>MONSIEUR RAPINEAU.</speaker>
<p id='4'>
	<s id='1'>Ah, le bourreau ! </s>
	<s id='2'>Que vient-il faire ici ? </s>
	<s id='3'>Comment s'est-il fourré là ? </s>
</p>
</sp>
<sp who="DES BALIVEAUX"><speaker>DES BALIVEAUX.</speaker>
<p id='5'>
	<s id='1'>C'est le laquais que j'avais, Mademoiselle Toinette. </s>
</p>
</sp>
<sp who="MADAME THOMAS"><speaker>MADAME THOMAS.</speaker>
<p id='6'>
	<s id='1'>Il est assez plaisamment déguisé. </s>
</p>
</sp>
<sp who="MATURIN"><speaker>MATURIN.</speaker>
<p id='7'>
	<s id='1'>Déguisé, Madame, il n'y a point de déguisement là-dedans, c'est morgué tout de bon. </s>
</p>
</sp>
<sp who="MADAME THOMAS"><speaker>MADAME THOMAS.</speaker>
<p id='8'>
	<s id='1'>Comment tout de bon ? </s>
</p>
</sp>
<sp who="MATURIN"><speaker>MATURIN.</speaker>
<p id='9'>
	<s id='1'>Oui, Madame, je veux apprendre à gagner ma vie, les parents en usont trop mal, il ne faut dépendre de parsonne. </s>
</p>
</sp>
<sp who="MONSIEUR RAPINEAU"><speaker>MONSIEUR RAPINEAU.</speaker>
<p id='10'>
	<s id='1'>Voyons le divertissement, Madame, et laissez-là… </s>
</p>
</sp>
<sp who="MATURIN"><speaker>MATURIN.</speaker>
<p id='11'>
	<s id='1'>Oui, divartissez-vous, et ne me faites pas parler, Madame. </s>
</p>
</sp>
<sp who="TOINETTE"><speaker>TOINETTE.</speaker>
<p id='12'>
	<s id='1'>Vous avez trouvé là une mauvaise condition, Monsieur Maturin. </s>
</p>
</sp>
<sp who="MATURIN"><speaker>MATURIN.</speaker>
<p id='13'>
	<s id='1'>Je voudrais morgué qu'alle fût encore plus piètre, pour ly faire plus de honte, à ce tigre-là. </s>
</p>
</sp>
<sp who="MADAME THOMAS"><speaker>MADAME THOMAS.</speaker>
<p id='14'>
	<s id='1'>Comment donc, quel tigre ? </s>
	<s id='2'>Que veut-il dire ? </s>
</p>
</sp>
<sp who="MONSIEUR RAPINEAU"><speaker>MONSIEUR RAPINEAU.</speaker>
<p id='15'>
	<s id='1'>Vous vous amusez-là, Madame… </s>
	<s id='2'>Va, va-t'en, mon enfant. </s>
</p>
</sp>
<sp who="MATURIN"><speaker>MATURIN.</speaker>
<p id='16'>
	<s id='1'>Comment va-t'en ? </s>
	<s id='2'>Je ne dépends plus de vous. </s>
	<s id='3'>Il m'a ôté ma commission : mais… </s>
</p>
</sp>
<sp who="MADAME THOMAS"><speaker>MADAME THOMAS.</speaker>
<p id='17'>
	<s id='1'>Il t'a ôté ta commission, qui ? </s>
</p>
</sp>
<sp who="MATURIN"><speaker>MATURIN.</speaker>
<p id='18'>
	<s id='1'>Votre Monsieur Rapineau, Madame. </s>
	<s id='2'>Voyez le biau plaisir d'avoir une peste de parenté comme ça. </s>
</p>
</sp>
<sp who="MONSIEUR RAPINEAU"><speaker>MONSIEUR RAPINEAU.</speaker>
<p id='19'>
	<s id='1'>Ah, le traître ! </s>
	<s id='2'>Je suis perdu. </s>
</p>
</sp>
<sp who="MADAME THOMAS"><speaker>MADAME THOMAS.</speaker>
<p id='20'>
	<s id='1'>Tu es parent de Monsieur Rapineau ? </s>
</p>
</sp>
<sp who="MATURIN"><speaker>MATURIN.</speaker>
<p id='21'>
	<s id='1'>Un tantinet, Madame ; il est le fils de mon père et de ma mère. </s>
</p>
</sp>
<sp who="MADAME THOMAS"><speaker>MADAME THOMAS.</speaker>
<p id='22'>
	<s id='1'>Monsieur Rapineau ? </s>
</p>
</sp>
<sp who="MONSIEUR RAPINEAU"><speaker>MONSIEUR RAPINEAU.</speaker>
<p id='23'>
	<s id='1'>C'est un homme qui n'est bon à rien, qui ne veut rien faire, Madame, on l'abandonne à sa mauvaise destinée. </s>
</p>
</sp>
<sp who="CLITANDRE"><speaker>CLITANDRE.</speaker>
<note type="L">Tirer : Terme familier. Aller, s'acheminer. [L]</note>
<p id='24'>
	<s id='1'>Voilà un enfant de bonne maison ! </s>
	<s id='2'>C'est là le gendre que vous vouliez, ma tante ? </s>
	<s id='3'>Je serais donc le cousin d'un garçon d'aveugle ? </s>
	<s id='4'>Cadedis, tirez, Monsieur Rapineau, tirez. </s>
</p>
</sp>
<sp who="MONSIEUR RAPINEAU"><speaker>MONSIEUR RAPINEAU.</speaker>
<p id='25'>
	<s id='1'>Monsieur… </s>
</p>
</sp>
<sp who="CLITANDRE"><speaker>CLITANDRE.</speaker>
<p id='26'>
	<s id='1'>Disparaissez et promptement : mais que le souper nous demeure, et n'y venez pas. </s>
</p>
</sp>
<sp who="MONSIEUR RAPINEAU"><speaker>MONSIEUR RAPINEAU.</speaker>
<p id='27'>
	<s id='1'>Madame ! </s>
</p>
</sp>
<sp who="MADAME THOMAS"><speaker>MADAME THOMAS.</speaker>
<p id='28'>
	<s id='1'>Votre alliance ne peut faire honneur ni plaisir, Monsieur ; vous avez trop peu soin de votre famille. </s>
</p>
</sp>
<sp who="MONSIEUR RAPINEAU"><speaker>MONSIEUR RAPINEAU.</speaker>
<p id='29'>
	<s id='1'>Ah, malheureux ! </s>
	<s id='2'>De quoi es-tu cause ? </s>
</p>
</sp>
<sp who="MATURIN"><speaker>MATURIN.</speaker>
<p id='30'>
	<s id='1'>Tatigué, pourquoi m'avez-vous révoqué ? </s>
	<s id='2'>Vous vela révoqué, vous, j'en suis bien aise. </s>
</p>
</sp>
<sp who="CLITANDRE"><speaker>CLITANDRE.</speaker>
<p id='31'>
	<s id='1'>N'en faisons pas à deux fois. </s>
	<s id='2'>Vous venez de l'échapper belle ; il vous faut un gendre. </s>
	<s id='3'>Embrassez votre maman, cousine. </s>
	<s id='4'>Allons, mon ami, remercie, Madame. </s>
</p>
</sp>
<sp who="MADAME THOMAS"><speaker>MADAME THOMAS.</speaker>
<p id='32'>
	<s id='1'>Mais, mais… </s>
</p>
</sp>
<sp who="ÉRASTE"><speaker>ÉRASTE.</speaker>
<p id='33'>
	<s id='1'>Madame ! </s>
</p>
</sp>
<sp who="CLITANDRE"><speaker>CLITANDRE.</speaker>
<p id='34'>
	<s id='1'>Allons de la résolution, Madame Thomas. </s>
</p>
</sp>
<sp who="MADAME THOMAS"><speaker>MADAME THOMAS.</speaker>
<p id='35'>
	<s id='1'>Hé bien, qu'il ait la charge de son oncle, et je consens à tout. </s>
</p>
</sp>
<sp who="ÉRASTE"><speaker>ÉRASTE.</speaker>
<p id='36'>
	<s id='1'>Il n'est rien que je ne fasse, Madame, pour avoir l'honneur de vous appartenir. </s>
</p>
</sp>
<sp who="CLITANDRE"><speaker>CLITANDRE.</speaker>
<p id='37'>
	<s id='1'>Allons, enfants, de votre meilleur, nous avons tous le coeur en joie, nous prendrons tous part à la fête.</s>
</p>
<stage type="title">PRELUDIO.</stage>
	<l id='1'>No, no, non voglio amarti piu : </l>
	<l id='2'>Fingi d'amar mi, </l>
	<l id='3'>Per disperar mi, </l>
	<l id='4'>E semper m'inganni tu. </l>
	<l id='5'>Se vaghe son le tue bellezze, </l>
	<l id='6'>Amare son piu le tue asprezze. </l>
	<l id='7'>E poi che m'inganni tu, </l>
	<l id='8'>No, no, non voglio amarti piu : </l>
	<l id='9'>Adagia che nel alma regna la pace, </l>
	<l id='10'>D'el tuo splendor non vo la face : </l>
	<l id='11'>E poi che m'inganni tu, </l>
	<l id='12'>No, no, non voglio amarti piu : </l>
</sp>
</div2>
<div2 type="scene" n='20'><head>DIVERTISSEMENT.</head>
<stage type="decor">Le théâtre représente une Kermesse, ou Foire de Flandre.</stage>
<stage type="happy">Plusieurs personnes de différentes nations se réjouissent du retour de la paix, et ridiculisent Monsieur des Baliveaux, qui leur a été recommandé par Clitandre. </stage>
<sp stage="together" who='MONSIEUR TOUVENEL, FLAMAND'><speaker>MONSIEUR TOUVENEL, FLAMAND. </speaker>
	<l id='13'>Accourez par monts et par vaux, </l>
	<l id='14'>Par bois et par plaines, </l>
	<l id='15'>Pour voir le joli Capitaine </l>
	<l id='16'>Des Baliveaux. </l>
	<l id='17'>Il a quitté la robe pour l'épée ; </l>
<note type="L">Salamalec : Terme de plaisanterie. Au sens propre, qui n'est plus usité, salut. Etym. Salutation arabe, de salam (2nd a long), salut, et aleik, sur toi : salut sur toi.[L]</note>
<note type="L">Pompée [-106 - -48] : général et homme politique romain, marié, entre autres, à Julia fille de Jules César. synonyme d'homme victorieux et brave. </note>
	<l id='18'>Salamalec à ce nouveau Pompée. </l>
</sp>
<sp who='LE CHOEUR'><speaker>LE CHOEUR. </speaker>
	<l id='19'>Salamalec à ce nouveau Pompée. </l>
<stage type="entrance">Entrée de Flamands ivres, tenant des pots de bière avec des pipes à leurs bouches.</stage>
</sp>
<sp stage="together" who='MADEMOISELLE GODEFROI, FLAMANDE'><speaker>MADEMOISELLE GODEFROI, FLAMANDE. </speaker>
	<l id='20'>Gens de Code et de Finance, </l>
	<l id='21'>Voici la paix, ne craignez plus les coups, </l>
	<l id='22'>Puisque l'amour n'est pas pour vous, </l>
	<l id='23'>Aux champs de Mars montrez votre vaillance : </l>
	<l id='24'>Et vous guerriers, pour cette fois, </l>
	<l id='25'>Pendez au croc le cimeterre ; </l>
	<l id='26'>Ou bien, si vous voulez encore faire la guerre, </l>
	<l id='27'>Empruntez de l'amour et l'arc et le carquois. </l>
<stage type="entrance">Entrée de Monsieur Froment et de Mademoiselle Godefroi.</stage>
</sp>
<sp who="MATURIN"><speaker>MATURIN.</speaker>
	<l id='28'>Vidons encore ce pot de bière, </l>
	<l id='29'>Compère Piarre, </l>
	<l id='30'>Mon voisin, </l>
	<l id='31'>Je crois, Dieu merci, qu'à la fin</l>
	<l id='32'>Nous voilà quittes de la guarre ; </l>
	<l id='33'>Et l'on dit que delà l'iau, </l>
	<l id='34'>Il est venu plus d'un battiau, </l>
	<l id='35'>Tout chargé d'or et d'émeraudes, </l>
	<l id='36'>Dont je ferons des gorges chaudes ; </l>
	<l id='37'>Tout chacun va vivre content, </l>
	<l id='38'>J'aurons la paix et de l'argent. </l>
</sp>
<sp who='LE CHOEUR'><speaker>LE CHOEUR. </speaker>
	<l id='39'>Tout chacun va vivre content, </l>
	<l id='40'>J'aurons la paix et de l'argent. </l>
<stage type="entrance">Entrée de Dangeville et de Lolotte.</stage>
</sp>
<sp who="CLITANDRE"><speaker>CLITANDRE.</speaker>
	<l id='41'>Cadedis, la plaisante chose, </l>
	<l id='42'>La drôle de métamorphose ! </l>
	<l id='43'>Cujas est devenu Dragon ; </l>
	<l id='44'>Si je n'étais las de la guerre, </l>
	<l id='45'>Je me ferais le maître de la terre, </l>
	<l id='46'>Avec un pareil escadron. </l>
	<l id='47'>Mais je présume, </l>
	<l id='48'>Que le bras </l>
	<l id='49'>De ces soldats, </l>
	<l id='50'>Dans les combats, </l>
	<l id='51'>Ne serait pas, </l>
	<l id='52'>Si redoutable que leur plume. </l>
<stage type="entrance">Entrée de Monsieur Froment et de Mademoiselle du Féï. </stage>
<stage type="entrance">Entrée de Mademoiselle Godefroi seule.</stage>
<stage type="title">Air. </stage>
	<l id='53'>Prenez parti, jeunes fillettes, </l>
	<l id='54'>Prenez parti, la paix est faite ; </l>
	<l id='55'>Et les maris vont se donner. </l>
	<l id='56'>Quand tout est calme sur la terre, </l>
	<l id='57'>Il faut songer à réparer </l>
	<l id='58'>Les dommages qu'a faits la guerre. </l>
<stage type="title">BRANLE. </stage>
</sp>
<sp who='MONSIEUR TOUVENEL'><speaker>MONSIEUR TOUVENEL. </speaker>
	<l id='59'>Que l'Amour nous fasse tout faire, </l>
	<l id='60'>Quand une belle a su nous plaire, </l>
	<l id='61'>Pour cela, je le crois fort bien ; </l>
	<l id='62'>Mais qu'un sot changeant de figure, </l>
	<l id='63'>Puisse aussi changer de nature, </l>
	<l id='64'>Pour cela, je n'en croirai rien.</l>
</sp>
<sp who="MATURIN"><speaker>MATURIN.</speaker>
	<l id='65'>Qu'un Rat de cave inexorable, </l>
	<l id='66'>Soit un jour emporté du Diable, </l>
	<l id='67'>Pour cela, je le crois fort bien ; </l>
	<l id='68'>Mais qu'un Maltôtier veuille rendre </l>
	<l id='69'>Ce que sa griffe a su vous prendre, </l>
	<l id='70'>Pour cela, je n'en croirai rien. </l>
</sp>
<sp who='MADEMOISELLE LOLOTTE'><speaker>MADEMOISELLE LOLOTTE. </speaker>
<note type="L">Coquette : Ce mot se prend en mauvaise part. Celle qui s'ajuste pour donner dans la vue des galants. Celle qui aime qu'on lui dise des douceurs, qui se plaît aux fleurettes que l'on lui conte, et qui n'a pas d'attachement qui lui fasse peine. [R]</note>
	<l id='71'>Qu'une Coquette aime et reprenne </l>
	<l id='72'>Un Amant que l'hiver ramène, </l>
	<l id='73'>Pour cela, je le crois fort bien ; </l>
	<l id='74'>Mais que pendant l'Été la Belle, </l>
	<l id='75'>À d'autres ait été cruelle, </l>
	<l id='76'>Pour cela, je n'en croirai rien.</l>
</sp>
<sp who="DES BALIVEAUX"><speaker>DES BALIVEAUX.</speaker>
	<l id='77'>Qu'un Gascon, homme fort habile, </l>
	<l id='78'>Se crève quand il soupe en ville ; </l>
	<l id='79'>Pour cela, je le crois fort bien ; </l>
	<l id='80'>Mais qu'il ait des lettres de change, </l>
	<l id='81'>Ou bien qu'à ses dépens il mange, </l>
	<l id='82'>Pour cela, je n'en croirai rien. </l>
</sp>
<sp who='MADEMOISELLE GODEFROI'><speaker>MADEMOISELLE GODEFROI. </speaker>
<note type="L">Traitant : C'est un nom qu'on donne maintenant aux Gens d'affaires qui prennent les Fermes du Roi, et se chargent du recouvrement des deniers et impositions : c'est au lieu de celui de Partisan, qui est devenu odieux. [T]</note>
<note type="L">Hirondelle : Oiseau de passage qui paraît au printemps. Dans ce passage : Quand vient le printemps, les militaires retournent à l'armée et laisser la place auprès des belles aux civils, mais dès le retout de l'hiver, les militaires reviennent en ville et reprennent la place des civils auprès des belles.</note>
	<l id='83'>Qu'un Traitant voyant l'hirondelle, </l>
	<l id='84'>Fasse le blocus d'une belle, </l>
	<l id='85'>Pour cela, je le crois fort bien ; </l>
	<l id='86'>Mais que malgré tout son manège, </l>
	<l id='87'>L'hiver il ne lève le siège, </l>
	<l id='88'>Pour cela, je n'en croirai rien. </l>
<stage type="explicit">Fin de Le Retour des Officiers. </stage>
</sp>
</div2>
</div1>
</body>
</text>
</TEI>