<?xml version="1.0" encoding='utf-8'?>
<TEI xml:lang="fr">
<teiHeader>
		<fileDesc>
			<titleStmt>
				<title>LA DÉSOLATION DES JOUEUSES, COMÉDIE EN UN ACTE</title>
				<author born='1661' born_location='Fontainebleau' death='1725' death_location='Courcelles-le-Roi' academie=''>DANCOURT, Florent CARTON dit</author>
			</titleStmt>
			<publicationStmt>	
				<publisher>publié par Paul FIEVRE, juin 2012, revu mars 2017</publisher>
				<idno>DANCOURT_DESOLATIONDESJOUEUSES</idno>
			<rights>Creative Commons BY-NC-SA</rights>
			</publicationStmt>
			<SourceDesc>
				<genre>Comédie</genre>
				<inspiration>moeurs</inspiration><structure>Un acte</structure>
				<type>prose</type>
				<periode>1681-1690</periode>
				<taille>(mesure non pertinente)</taille>
				<permalien></permalien>
			</SourceDesc>
		</fileDesc>
</teiHeader>
<text>
	<front>
		<docTitle>
			<titlePart type="main">LA DÉSOLATION DES JOUEUSES</titlePart>
			<titlePart type="sub">COMÉDIE EN UN ACTE</titlePart>
		</docTitle> 
		<docDate value='1687'>M. DC. CXXXVII, AVEC PRIVILÈGE DU ROI.</docDate>
		<docAuthor id='DANCOURT, Florent Carton dit' bio='dancourt'>De Mr DANCOURT</docAuthor>
		<docImprint>
		<privilege id=''>
			<head></head>
			<p></p>
		</privilege>
			<acheveImprime id=''></acheveImprime>
		</docImprint>
		<printer id=''></printer>
		<performance>
			<premiere date='1687-08-23' location='Hôtel Guénégaud'>Réprésenté pour la première fois le 23 août 1687 au Théâtre de l'Hôtel Guénégaud.</premiere>
		</performance>
			
		<castList><head>ACTEURS</head>
			<castItem><role id='DORIMÈNE' sex="2" type="H" statut="bourgeois" age="A" stat_amour='néant'>DORIMÈNE</role>, mère d'Angélique.</castItem>
			<castItem><role id='ANGÉLIQUE' sex="2" type="H" statut="bourgeois" age="A" stat_amour='amoureux'>ANGÉLIQUE</role>, fille de Dorimène.</castItem>
			<castItem><role id='LA COMTESSE' sex="2" type="H" statut="comte" age="A" stat_amour='néant'>LA COMTESSE</role>.</castItem>
			<castItem><role id='L INENDANTE' sex="2" type="H" statut="intendant" age="A" stat_amour='néant'>L'INTENDANTE</role>.</castItem>
			<castItem><role id='ÉRASTE' sex="1" type="H" statut="bourgeois" age="A" stat_amour='néant'>ÉRASTE</role>.</castItem>
			<castItem><role id='CLITANDRE' sex="1" type="H" statut="bourgeois" age="A" stat_amour='néant'>CLITANDRE</role>.</castItem>
			<castItem><role id='LE CAISSIER' sex="1" type="H" statut="caissier" age="A" stat_amour='néant'>LE CAISSIER</role>.</castItem>
			<castItem><role id='MONSIEUR TOPASE' sex="1" type="H" statut="bourgeois" age="A" stat_amour='néant'>MONSIEUR TOPASE</role>.</castItem>
			<castItem><role id='DORANTE' sex="1" type="H" statut="bourgeois" age="A" stat_amour='amoureux'>DORANTE</role>, amant d'Angélique.</castItem>
			<castItem><role id='MERLIN' sex="1" type="H" statut="valet" age="A" stat_amour='néant'>MERLIN</role>, valet de Dorante.</castItem>
			<castItem><role id='LE CHEVALIER DE BELLEMONTE' sex="1" type="H" statut="chevalier" age="A" stat_amour='néant'>LE CHEVALIER DE BELLEMONTE</role>.</castItem>
			<castItem><role id='LISETTE' sex="2" type="H" statut="servante" age="A" stat_amour='néant'>LISETTE</role>.</castItem>
			<castItem><role id='UN MARQUIS' sex="1" type="H" statut="marquis" age="A" stat_amour='néant'>UN MARQUIS</role>.</castItem>
			<castItem><role id='UN LAQUAIS' sex="1" type="H" statut="laquais" age="A" stat_amour='néant'>UN LAQUAIS</role> de Dorimène.</castItem>
		</castList>
		<set location="Paris" country="France" periode="XVIIème" gps="48.856614, 2.352222">La scène est à Paris Chez Dorimène.</set>
	</front>
<body>
<div1 type="act" n='1'><head>LA DÉSOLATION DES JOUEUSES</head>
<div2 type="scene" n='1'><head>SCÈNE PREMIÈRE. Angélique, Lisette.</head>
<sp who='LISETTE'><speaker>LISETTE.</speaker>
<p id='1'>
	<s id='1'>Quand Madame votre mère en devrait enrager cent fois davantage, je ne saurais m'empêcher d'en être ravie, et je gage que vous en êtes pour le moins aussi contente que moi.</s>
</p>
</sp>
<sp who='ANGÉLIQUE'><speaker>ANGÉLIQUE.</speaker>
<p id='2'>
	<s id='1'>Je t'avoue, Lisette, que je voudrais de tout mon coeur que ce ne fût point uue fausse nouvelle, et que ce qu'on nous en disait hier au soir se confirmât aujourd'hui.</s>
</p>
</sp>
<sp who='LISETTE'><speaker>LISETTE.</speaker>
<p id='3'>
	<s id='1'>Cela est tout confirmé, il n'est encore venu ni joueur ni joueuse d'aujourd'hui. </s>
	<s id='2'>Voilà déjà la cohue écartée, Dieu merci ! </s>
	<s id='3'>Et je sais bien pour moi, que si j'avais gouverné la police, il y a longtemps que l'affaire serait faite, et qu'on ne parlerait plus de ces maudits jeux, qui causent tant de désordre, et qui m'ont fait passer tant de nuits sans me coucher.</s>
</p>
</sp>
<sp who='ANGÉLIQUE'><speaker>ANGÉLIQUE.</speaker>
<p id='4'>
	<s id='1'>Ce ne sont point les veilles qui me fatiguent, et le jeu même ne me déplairait pent-être point si fort, si l'on jouait ailleurs que chez ma mère mais, que cette maison soit une Académie ouverte à toutes sortes de gens ; que tout ce qu'il y a de fainéants, de ridicules et d'extravagants, pour ne rien dire de plus fâcheux, soient les bienvenus dans ce logis ; que dans mon cabinet, à ma toilette même, je sois éternellement obsédée de quelque visage désagréable, à qui je n'ose dire : vous me fatiguez, parce qu'il perd quelquefois son argent avec ma mère en vérité : c'est un supplice dont je serai bien aise d'être débarrassée.</s>
</p>
</sp>
<sp who='LISETTE'><speaker>LISETTE.</speaker>
<note type="C">Une ordonnance du 24 nov. 1694 interdit les jeux de hasard. (voir BnF RES G-F- 15 (7,FOL 103)]</note>
<p id='5'>
	<s id='1'>À propos de cet argent qu'on perd quelquefois contre Madame votre mère je n'y faisais pas réflexion d'abord, et je ne sais si vous avez tout à fait raison d'être bien aise de ce nouveau règlement. </s>
	<s id='2'>Le lansquenet défendu va rogner ses rentes et son équipage, et vous n'en serez peut-être pas mieux. </s>
	<s id='3'>Je commence à n'être plus si réjouie.</s>
</p>
</sp>
<sp who='ANGÉLIQUE'><speaker>ANGÉLIQUE.</speaker>
<p id='6'>
	<s id='1'> Ah ! </s>
	<s id='2'>Plût au ciel, Lisette, être la plus malheureuse demoiselle du royaume, et que ma mère ne fût jamais entrée dans ce commerce.</s>
</p>
</sp>
<sp who='LISETTE'><speaker>LISETTE.</speaker>
<p id='7'>
	<s id='1'>Voilà des sentiments fort nobles, assurément, et je ne doute point que Dorante n'ait beaucoup contribué à vous les inspirer. </s>
	<s id='2'>Franchement, Madame, c'est un fort honnête homme, et il faut qu'il vous aime bien tendrement, pour ne s'être point rebuté des manières de Madame votre mère et du refus qu'elle fit à la personne qui vous demanda pour lui il y a quelques mois.</s>
</p>
</sp>
<sp who='ANGÉLIQUE'><speaker>ANGÉLIQUE.</speaker>
<p id='8'>
	<s id='1'>Je ne sais ; il me semble que dans l'état où sont les choses, si la nouvelle est vraie, il devrait être ici.</s>
</p>
</sp>
<sp who='LISETTE'><speaker>LISETTE.</speaker>
<p id='9'>
	<s id='1'>Vous avez raison, Dorante devrait être ici. </s>
	<s id='2'>Je l'ai fait avertir dès le matin, comme vous me l'avez commandé et il viendra bientôt, assurément.</s>
</p>
</sp>
<sp who='ANGÉLIQUE'><speaker>ANGÉLIQUE.</speaker>
<p id='10'>
	<s id='1'>Le voici, Lisette.</s>
</p>
</sp>
<sp who='LISETTE'><speaker>LISETTE.</speaker>
<p id='11'>
	<s id='1'>Je vous disais-je pas bien qu'il ne tarderait guère ?</s>
</p>
</sp>
</div2>
<div2 type="scene" n='2'><head>SCÈNE II. Dorante, Angélique, Lisette.</head>
<sp who='DORANTE'><speaker>DORANTE.</speaker>
<p id='1'>
	<s id='1'>Hé bien ! </s>
	<s id='2'>Madame, puis-je espérer que le changement dont on parle aujourd'hui dans tout Paris, fera changer les sentiments de Madame votre mère, et croyez-vous qu'elle me pardonne maintenant de n'être pas joueur de profession ?</s>
</p>
</sp>
<sp who='LISETTE'><speaker>LISETTE.</speaker>
<p id='2'>
	<s id='1'>Je le crois, pour moi, et il me semble qu'il n'y a pas lieu d'en douter, puisque voilà vos sentiments justifiés par arrêt.</s>
</p>
</sp>
<sp who='ANGÉLIQUE'><speaker>ANGÉLIQUE.</speaker>
<p id='3'>
	<s id='1'>Je vous réponds de mon coeur, Dorante ; mais je ne puis vous répondre de ma mère. </s>
	<s id='2'>Je vous ai déjà dit les raisons, qui jusqu'ici, je crois, l'ont rendue contraire à votre amour. </s>
	<s id='3'>Elle m'a parlé tant de fois, et en des termes si avantageux, du chevalier de Bellemonte, que je la soupçonne de m'avoir destinée pour lui, dans l'espérance de quelque fortune considérable, qu'il lui avait promis de faire au lansquenet.</s>
</p>
</sp>
<sp who='LISETTE'><speaker>LISETTE.</speaker>
<p id='4'>
	<s id='1'>Oh ! </s>
	<s id='2'>Bien, bien ! </s>
	<s id='3'>Votre mère n'a eu que cette visée, vos affaires vont le mieux du monde, et voilà les espérances et la fortune du chevalier bien aventurées.</s>
</p>
</sp>
<sp who='DORANTE'><speaker>DORANTE.</speaker>
<p id='5'>
	<s id='1'>Le chevalier est un aventurier tombé des nues, qu'on ne connaît que par le jeu, et qui ne subsistait que par là, comme mille autres de son caractère.</s>
</p>
</sp>
<sp who='LISETTE'><speaker>LISETTE.</speaker>
<p id='6'>
	<s id='1'>Voilà bien des chevaliers à l'hôpital. </s>
	<s id='2'>Que de banqueroutes !</s>
</p>
</sp>
<sp who='DORANTE'><speaker>DORANTE.</speaker>
<p id='7'>
	<s id='1'>Le chevalier de Bellemonte ! </s>
	<s id='2'>Si cela est, je suis bien vengé de Madame votre mère, par l'indignité du rival qu'elle me préférait.</s>
</p>
</sp>
<sp who='LISETTE'><speaker>LISETTE.</speaker>
<p id='8'>
	<s id='1'>Oh ! </s>
	<s id='2'>ça, ça, laissons là la bagatelle, s'il vous plaît, et venons au fait. </s>
	<s id='3'>Comment nous y prendrons-nous ? </s>
	<s id='4'>Qui ferons-nous parler à Madame ?</s>
</p>
</sp>
<sp who='DORANTE'><speaker>DORANTE.</speaker>
<p id='9'>
	<s id='1'>Tu sais de quel air mon oncle fut refusé ?</s>
</p>
</sp>
<sp who='LISETTE'><speaker>LISETTE.</speaker>
<p id='10'>
	<s id='1'>D'accord ; mais Monsieur votre oncle se portait à merveille quand on le refusa, et il est fort mal à présent.</s>
</p>
</sp>
<sp who='DORANTE'><speaker>DORANTE.</speaker>
<p id='11'>
	<s id='1'>Il ne peut pas vivre longtemps encore. </s>
	<s id='2'>Je viens d'envoyer chez lui, et l'on m'en viendra dire ici des nouvelles.</s>
</p>
</sp>
<sp who='LISETTE'><speaker>LISETTE.</speaker>
<p id='12'>
	<s id='1'>Voilà des conjectures merveilleuses, au moins. </s>
	<s id='2'>Le lansquenet défendu, et un oncle presque à l'agonie ! </s>
	<s id='3'>Vos affaires ne sont point désespérées, vous dis-je.</s>
</p>
</sp>
<sp who='DORANTE'><speaker>DORANTE.</speaker>
<p id='13'>
	<s id='1'>Eh bien ! Crois-tu que je puisse hasarder une seconde demande ?</s>
</p>
</sp>
<sp who='LISETTE'><speaker>LISETTE.</speaker>
<p id='14'>
	<s id='1'>Oui ; mais par qui la ferons-nous faire, cette demande ?</s>
</p>
</sp>
<sp who='DORANTE'><speaker>DORANTE.</speaker>
<p id='15'>
	<s id='1'>Je ne sais.</s>
</p>
</sp>
<sp who='LISETTE'><speaker>LISETTE.</speaker>
<note type="L">Fosse : tombe.</note>
<p id='16'>
	<s id='1'>Si vous aviez quelque riche grand'mère sur le bord de sa fosse, cela serait d'un fort grand poids.</s>
</p>
</sp>
<sp who='DORANTE'><speaker>DORANTE.</speaker>
<p id='17'>
	<s id='1'>Je n'en ai point.</s>
</p>
</sp>
<sp who='LISETTE'><speaker>LISETTE.</speaker>
<p id='18'>
	<s id='1'>Faites parler par le médecin de votre oncle, et qu'il lui promette de le dépêcher incessamment.</s>
</p>
</sp>
<sp who='ANGÉLIQUE'><speaker>ANGÉLIQUE.</speaker>
<p id='19'>
	<s id='1'>Cela ne servirait de rien, tant que l'entêtement de ma mère durerait pour le chevalier.</s>
</p>
</sp>
<sp who='LISETTE'><speaker>LISETTE.</speaker>
<p id='20'>
	<s id='1'>Eh ! </s>
	<s id='2'>Comment faudrait-il faire pour la désentêter?</s>
</p>
</sp>
<sp who='DORANTE'><speaker>DORANTE.</speaker>
<p id='21'>
	<s id='1'>J'ai depuis quelques jours un maître fripon avec moi, que je crois reconnaître, et qui ne s'est point fait mon valet sans quelque dessein. </s>
	<s id='2'>Il pourrait bien nous être utile dans cette affaire.</s>
</p>
</sp>
<sp who='LISETTE'><speaker>LISETTE.</speaker>
<p id='22'>
	<s id='1'>Le voici tout à propos, comme si vous l'aviez mandé.</s>
</p>
</sp>
</div2>
<div2 type="scene" n='3'><head>SCÈNE III. Dorante, Angélique, Lisette, Merlin.</head>
<sp who='MERLIN'><speaker>MERLIN.</speaker>
<p id='1'>
	<s id='1'>Je viens de chez Monsieur votre oncle, Monsieur, comme vous me l'aviez ordonné.</s>
</p>
</sp>
<sp who='DORANTE'><speaker>DORANTE.</speaker>
<p id='2'> 
	<s id='1'>Eh bien en quel état est-il ? </s>
	<s id='2'>Comment va sa maladie ?</s>
</p>
</sp>
<sp who='MERLIN'><speaker>MERLIN.</speaker>
<p id='3'>
	<s id='1'>Le mieux du monde, il ne passera pas la journée. </s>
	<s id='2'>Il vous demande pour une affaire de conséquence, et on est venu trois on quatre fois vous chercher.</s>
</p>
</sp>
<sp who='ANGÉLIQUE'><speaker>ANGÉLIQUE.</speaker>
<p id='4'>
	<s id='1'>Sachez ce qu'il vous veut, Dorante, et ne négligez point cette affaire.</s>
</p>
</sp>
<sp who='DORANTE'><speaker>DORANTE.</speaker>
<p id='5'>
	<s id='1'>Voyons donc auparavant, de grâce...</s>
</p>
</sp>
<sp who='MERLIN'><speaker>MERLIN.</speaker>
<p id='6'>
	<s id='1'>Madame a raison, Monsieur. </s>
	<s id='2'>Les oncles ne sont point des gens à négliger, et surtout dans les occasions comme celle-ci.</s>
</p>
</sp>
<sp who='DORANTE'><speaker>DORANTE.</speaker>
<p id='7'>
	<s id='1'>Mais, belle Angélique, nous n'avons point examiné de quelle manière nous pourrions détromper Madame votre mère du chevalier de Bellemonte.</s>
</p>
</sp>
<sp who='LISETTE'><speaker>LISETTE.</speaker>
<p id='8'>
	<s id='1'>Dépêchez-vous donc de l'examiner et de conclure.</s>
</p>
</sp>
<sp who='DORANTE'><speaker>DORANTE.</speaker>
<p id='9'>
	<s id='1'>Oh, ça ! </s>
	<s id='2'>Merlin, il faut me rendre un service, mon ami.</s>
</p>
</sp>
<sp who='MERLIN'><speaker>MERLIN.</speaker>
<p id='10'>
	<s id='1'>Vous savez, Monsieur, que depuis le peu de temps que j'ai l'honneur d'être à vous, je me suis toujours volontiers acquitté des commissions que vous m'avez données. </s>
	<s id='2'>Je vous ai pris en affection, et je suis content de vous, je vous assure. </s>
	<s id='3'>Expliquez-moi votre affaire, que je voie si elle n'est point trop difficile, et si je me ferai prier, ou non.</s>
</p>
</sp>
<sp stage="toward" who='ANGÉLIQUE'><speaker>ANGÉLIQUE, à Merlin.</speaker>
<p id='11'>
	<s id='1'>Ah ! </s>
	<s id='2'>Mon pauvre enfant ! </s>
	<s id='3'>Tâche à faire ce qu'on te dira, et sois assuré d'une parfaite récompense. </s>
	<s id='4'>Je te donnerai...</s>
</p>
</sp>
<sp who='DORANTE'><speaker>DORANTE.</speaker>
<p id='12'>
	<s id='1'>Bon, Madame, c'est bien l'argent qui le gouverne. </s>
	<s id='2'>Vous ne le connaissez pas, Madame, il ne tient qu'à lui d'en avoir autant qu'homme de France.</s>
</p>
</sp>
<sp stage="aparte" who='MERLIN'><speaker>MERLIN, à part.</speaker>
<p id='13'>
	<s id='1'>Comment diantre ! </s>
	<s id='2'>M'aurait-il reconnu ?</s>
</p>
</sp>
<sp who='DORANTE'><speaker>DORANTE.</speaker>
<p id='14'>
	<s id='1'>Demandez-lui si je me trompe.</s>
</p>
</sp>
<sp who='MERLIN'><speaker>MERLIN.</speaker>
<p id='15'>
	<s id='1'>Monsieur.</s>
</p>
</sp>
<sp who='DORANTE'><speaker>DORANTE.</speaker>
<p id='16'>
	<s id='1'>Eh ! </s>
	<s id='2'>Allons, allons, partons franchement, mon ami. </s>
	<s id='3'>Je suis bon prince, comme tu vois, je me connais en gens, et toute ta science ne se borne point à bien faire un message, et à peigner une perruque. </s>
	<s id='4'>Plaît-il ?</s>
</p>
</sp>
<sp who='MERLIN'><speaker>MERLIN.</speaker>
<p id='17'>
	<s id='1'>Monsieur.</s>
</p>
</sp>
<sp who='DORANTE'><speaker>DORANTE.</speaker>
<p id='18'>
	<s id='1'>Qu'en penses-tu, Lisette ? </s>
	<s id='2'>Regarde-le un peu. </s>
	<s id='3'>Hem ! </s>
	<s id='4'>Qu'en dis-tu ?</s>
</p>
</sp>
<sp who='LISETTE'><speaker>LISETTE.</speaker>
<p id='19'>
	<s id='1'>Je lui trouve quelque chose de grand, quelque chose d'illustre dans la physionomie.</s>
</p>
</sp>
<sp who='MERLIN'><speaker>MERLIN.</speaker>
<p id='20'>
	<s id='1'>Ma physionomie est assez heureuse.</s>
</p>
<stage type="aparte">À part.</stage>
<p id='21'>
	<s id='1'>J'enrage, me voilà découvert.</s>
</p>
</sp>
<sp who='DORANTE'><speaker>DORANTE.</speaker>
<p id='22'>
	<s id='1'>Nous nous sommes vus quelque part, et tu ne te nommais pas Merlin en ce temps-là. </s>
	<s id='2'>Tu es un adroit, mon ami.</s>
</p>
</sp>
<sp who='MERLIN'><speaker>MERLIN.</speaker>
<stage type="aparte">À part.</stage>
<p id='23'>
	<s id='1'>Tout est perdu.</s>
</p>
<stage type="loud">Haut.</stage>
<p id='24'>
	<s id='1'>Monsieur, je ne me remets pas.</s>
</p>
</sp>
<sp who='DORANTE'><speaker>DORANTE.</speaker>
<p id='25'>
	<s id='1'>Là, ne te trouble point. </s>
	<s id='2'>Mon dessein n'est pas de te nuire, au contraire mais puisque tu m'as fait l'honneur de me choisir pour ton maître, il est juste que je profite de tes petits talents.</s>
</p>
</sp>
<sp who='MERLIN'><speaker>MERLIN.</speaker>
<p id='26'>
	<s id='1'>Monsieur...</s>
</p>
</sp>
<sp who='LISETTE'><speaker>LISETTE.</speaker>
<p id='27'>
	<s id='1'>Eh ! </s>
	<s id='2'>Mort de ma vie ! </s>
	<s id='3'>Tu fais bien des façons pour avouer la chose. </s>
	<s id='4'>Est-ce un si grand crime, et n'y a-t-il pas aujourd'hui mille honnêtes gens qui s'en mêlent ?</s>
</p>
</sp>
<sp who='MERLIN'><speaker>MERLIN.</speaker>
<note type="L">Bagatelle : chose de peu d'importance, et qui ne mérite presque pas d'être considérée ; petite production de l'esprit. [F] </note>
<p id='28'>
	<s id='1'>Eh bien ! </s>
	<s id='2'>Monsieur, puisqu'il faut dire comme vont les choses, il est vrai qne je me suis autrefois mêlé de quelques petites bagatelles, mais je vous assure que j'ai tout oublié. </s>
	<s id='3'>Je ne vous conseille pas de jouer de moitié avec moi, je vous ferais perdre infailliblement.</s>
</p>
</sp>
<sp who='DORANTE'><speaker>DORANTE.</speaker>
<p id='29'>
	<s id='1'>Non, non, garde les trente pistoles, je ne te les ai pas données pour jouer de moitié. </s>
	<s id='2'>C'est déjà quelque chose que de s'être mêlé autrefois de la bagatelle, et il n'est pas que tu n'en saches assez pour ce qu'il nous faut.</s>
</p>
</sp>
<sp who='MERLIN'><speaker>MERLIN.</speaker>
<p id='30'>
	<s id='1'>Mais au moins, Monsieur, je vous prie de ne me point engager dans quelque mauvaise affaire. </s>
	<s id='2'>Je ne suis pas encore trop bien raccommodé avec la justice, et nous boudons ensemble depuis quelque temps.</s>
</p>
</sp>
<sp who='DORANTE'><speaker>DORANTE.</speaker>
<p id='31'>
	<s id='1'>Ce sont les petits différends que tu as eus avec elle qui t'ont fait mettre en condition, n'est-ce pas ?</s>
</p>
</sp>
<sp who='MERLIN'><speaker>MERLIN.</speaker>
<p id='32'>
	<s id='1'>Mais, Monsieur, puisque vous devinez si bien les choses, je ne vous nierai point que quelques unes de ces petites bagatelles, quelques décrets mal purgés, m'ont fait résoudre à me mettre auprès de quelque honnête personne qui eût soin de moi, et qui m'honorât de sa protection en cas de besoin.</s>
</p>
</sp>
<sp who='DORANTE'><speaker>DORANTE.</speaker>
<p id='33'>
	<s id='1'>Tu peux t'assurer de tout cela avec moi, si tu me sers sans me trahir. </s>
	<s id='2'>Ne connaîtrais-tu point un certain chevalier de Bellemonte, par hasard ? </s>
	<s id='3'>Les habiles gens se connaissent ordinairement.</s>
</p>
</sp>
<sp who='MERLIN'><speaker>MERLIN.</speaker>
<p id='34'>
	<s id='1'>Le chevalier de Bellemonte ?</s>
</p>
</sp>
<sp who='LISETTE'><speaker>LISETTE.</speaker>
<p id='35'>
	<s id='1'>Rêve un peu, tâche de rappeler ta mémoire.</s>
</p>
</sp>
<sp who='DORANTE'><speaker>DORANTE.</speaker>
<p id='36'>
	<s id='1'>Il est peut-être de tes amis.</s>
</p>
</sp>
<sp who='ANGÉLIQUE'><speaker>ANGÉLIQUE.</speaker>
<p id='37'>
	<s id='1'>Vous rêvez, Dorante, de croire que le chevalier soit ami de votre valet.</s>
</p>
</sp>
<sp who='DORANTE'><speaker>DORANTE.</speaker>
<p id='38'>
	<s id='1'>Non, non, Madame, cette pensée n'est pas sans fondement, et je vous réponds qu'il n y a pas quatre ans que Merlin était chevalier d'aussi grande conséquence que celui à qui nons avons affaire.</s>
</p>
</sp>
<sp who='MERLIN'><speaker>MERLIN.</speaker>
<p id='39'>
	<s id='1'>Ah ! </s>
	<s id='2'>C'est à Lyon que vous m'avez vu, sans doute ! </s>
	<s id='3'>Je n'ai jamais été chevalier que dans cette ville-là.</s>
</p>
</sp>
<sp who='DORANTE'><speaker>DORANTE.</speaker>
<p id='40'>
	<s id='1'>Que vous disais-je, Madame ? </s>
	<s id='2'>Eh bien, crois-tu connaître celui que je t'ai nommé ?</s>
</p>
</sp>
<sp who='MERLIN'><speaker>MERLIN.</speaker>
<p id='41'>
	<s id='1'>Ce nom de Bellemonte a assez l'air de quelques unes de nos seigneuries, mais il me semble que je n'en ai pas encore ouï parler.</s>
</p>
</sp>
<sp who='LISETTE'><speaker>LISETTE.</speaker>
<p id='42'>
	<s id='1'>Il faut lui faire voir le chevalier, il le connaîtra peut-être.</s>
</p>
</sp>
<sp who='MERLIN'><speaker>MERLIN.</speaker>
<p id='43'>
	<s id='1'>Je pourrais bien le voir sans le connaître, car on change de personnages dans le monde. </s>
	<s id='2'>Tantôt on est marquis, tantôt chevalier, puis marchand, quelquefois abbé, financier souvent. </s>
	<s id='3'>Que sais-je, moi ? </s>
	<s id='4'>Dans la dernière affaire qui m'est arrivée, je faisais le commissaire.</s>
</p>
</sp>
<sp who='ANGÉLIQUE'><speaker>ANGÉLIQUE.</speaker>
<p id='44'>
	<s id='1'>Il nous dit là des choses assez particulières.</s>
</p>
</sp>
<sp who='DORANTE'><speaker>DORANTE.</speaker>
<p id='45'>
	<s id='1'>Il en fait beaucoup, Madame, je vous assure.</s>
</p>
</sp>
<sp who='LISETTE'><speaker>LISETTE.</speaker>
<p id='46'>
	<s id='1'>Le joli garçon !</s>
</p>
</sp>
<sp who='DORANTE'><speaker>DORANTE.</speaker>
<p id='47'>
	<s id='1'>Comment ferons-nous ?</s>
</p>
</sp>
<sp who='MERLIN'><speaker>MERLIN.</speaker>
<p id='48'>
	<s id='1'>Si vous pouvez me faire jouer avec votre homme, pour peu que nous travaillions ensemble tête-à-tête je vous dirai bientôt ce qu'il fait, de quelle école il est sorti, et quelque chose de plus peut-être.</s>
</p>
</sp>
<sp who='DORANTE'><speaker>DORANTE.</speaker>
<p id='49'>
	<s id='1'>Me réponds-tu de cela ?</s>
</p>
</sp>
<sp who='MERLIN'><speaker>MERLIN.</speaker>
<p id='50'>
	<s id='1'>Oui, Monsieur, je vous en réponds. </s>
	<s id='2'>Nous nous connaissons en joueurs, nous autres, comme les peintres se connaissent en tableaux.</s>
</p>
</sp>
<sp who='LISETTE'><speaker>LISETTE.</speaker>
<p id='51'>
	<s id='1'>Cela est admirable.</s>
</p>
</sp>
<sp who='DORANTE'><speaker>DORANTE.</speaker>
<p id='52'>
	<s id='1'>Viens, suis-moi ; et pendant que j'irai chez mon oncle, va prendre un de mes habits. </s>
	<s id='2'>Je te mettrai aux prises avec notre homme.</s>
</p>
</sp>
<sp who='ANGÉLIQUE'><speaker>ANGÉLIQUE.</speaker>
<p id='53'>
	<s id='1'>Où croyez-vous le pouvoir joindre, Dorante ?</s>
</p>
</sp>
<sp who='DORANTE'><speaker>DORANTE.</speaker>
<p id='54'>
	<s id='1'>Que Lisette se trouve dans votre chambre, je veux que la scène se passe dans votre cabinet. </s>
	<s id='2'>Adieu, voilà Madame votre mère. </s>
	<s id='3'>Je suis ici dans quelques moments.</s>
</p>
</sp>
<sp who='LISETTE'><speaker>LISETTE.</speaker>
<p id='55'>
	<s id='1'>Oh parbleu ! </s>
	<s id='2'>Monsieur le chevalier, nous saurons ce que vous savez faire.</s>
</p>
</sp>
</div2>
<div2 type="scene" n='4'><head>SCÈNE IV. Dorimène, Angélique, Lisette, Topase.</head>
<sp who='DORIMÈNE'><speaker>DORIMÈNE.</speaker>
<p id='1'>
	<s id='1'>Oui, Monsieur, la résolution en est prise, et c'est à vous de voir si vous me pouvez faire toucher cet argent aussitôt que je serai arrivée.</s>
</p>
</sp>
<sp stage="aparte/toward" who='LISETTE'><speaker>LISETTE, à part a Angélique.</speaker>
<p id='2'>
	<s id='1'>Quel pèlerinage va-t-elle faire ?</s>
</p>
</sp>
<sp who='ANGÉLIQUE'><speaker>ANGÉLIQUE.</speaker>
<p id='3'>
	<s id='1'>Je ne sais.</s>
</p>
</sp>
<sp who='DORIMÈNE'><speaker>DORIMÈNE.</speaker>
<p id='4'>
	<s id='1'>À quoi rêvez-vous ?</s>
</p>
</sp>
<sp who='TOPASE'><speaker>TOPASE.</speaker>
<p id='5'>
	<s id='1'>Ce n'est point la somme qui m'embarrasse et, Dieu merci, nous sommes en état, mes correspondants et moi, de faire tous les jours de plus grosses affaires mais les bijoux que vous avez envoyés ce matin chez moi, ne valent point, à beaucoup près, l'argent que vous en voulez avoir ; et vous savez, Madame, que dans le temps où nous sommes, on ne se charge guère de bijoux qu'on ne les ait à grand marche.</s>
</p>
</sp>
<sp who='DORIMÈNE'><speaker>DORIMÈNE.</speaker>
<p id='6'>
	<s id='1'>Bons dieux ! </s>
	<s id='2'>Monsieur Topase, que vous faites le difficile, comme si nous ne savions pas de quel profit vous sont les bijoux, et combien vous faites votre compte à les vendre trois fois plus qu'ils ne valent aux jeunes gens de famille, qu'on vous adresse quand ils ont affaire d'argent.</s>
</p>
</sp>
<sp who='TOPASE'><speaker>TOPASE.</speaker>
<p id='7'>
	<s id='1'>Cela va bien changer, Madame ; le lansquenet défendu nous coupe la gorge, et voilà le commerce ruiné en France.</s>
</p>
</sp>
<sp who='DORIMÈNE'><speaker>DORIMÈNE.</speaker>
<p id='8'>
	<s id='1'>Cela est vrai, Paris va devenir désert assurément, si l'on ne réforme cette défense.</s>
</p>
</sp>
<sp who='TOPASE'><speaker>TOPASE.</speaker>
<p id='9'>
	<s id='1'>Paris ? </s>
	<s id='2'>Paris verra ce qu'il perd, en nous perdant surtout.</s>
</p>
</sp>
<sp stage="low/toward" who='ANGÉLIQUE'><speaker>ANGÉLIQUE, bas à Lisette.</speaker>
<p id='10'>
	<s id='1'>Ah ! </s>
	<s id='2'>Bons dieux ! </s>
	<s id='3'>Lisette, aurait-elle fait dessein d'aller demeurer à la campagne ?</s>
</p>
</sp>
<sp who='LISETTE'><speaker>LISETTE.</speaker>
<p id='11'>
	<s id='1'>J'en meurs de peur, aussi bien que vous.</s>
</p>
</sp>
<sp who='DORIMÈNE'><speaker>DORIMÈNE.</speaker>
<p id='12'>
	<s id='1'>Mon pauvre Monsieur Topase, mon départ ne peut être trop prompt à ma fantaisie. </s>
	<s id='2'>Finissons notre affaire le plus tôt que nous pourrons.</s>
</p>
</sp>
<sp who='TOPASE'><speaker>TOPASE.</speaker>
<p id='13'>
	<s id='1'>Relâchez-vous de quelque chose, Madame, et nous n'aurons pas de peine à conclure. </s>
	<s id='2'>Je vous fournirai les quinze mille livres, en belles et bonnes lettres de change, payables à vue.</s>
</p>
</sp>
<sp who='DORIMÈNE'><speaker>DORIMÈNE.</speaker>
<p id='14'>
	<s id='1'>Je passerai chez vous cette après-dinée, et nous terminerons toutes choses.</s>
</p>
</sp>
<sp who='TOPASE'><speaker>TOPASE.</speaker>
<p id='15'>
	<s id='1'>Je vous attendrai, Madame.</s>
</p>
</sp>
</div2>
<div2 type="scene" n='5'><head>SCÈNE V. Dorimène, Angélique, Lisette.</head>
<sp who='DORIMÈNE'><speaker>DORIMÈNE.</speaker>
<p id='1'>
	<s id='1'>Eh bien, ma fille, voilà un terrible coup à quoi je ne m'attendais guère. </s>
	<s id='2'>Tout est ruiné, ma fille, voilà ta fortune perdue, ma pauvre enfant.</s>
</p>
</sp>
<sp who='ANGÉLIQUE'><speaker>ANGÉLIQUE.</speaker>
<p id='2'>
	<s id='1'>Comment donc, Madame ?</s>
</p>
</sp>
<sp who='DORIMÈNE'><speaker>DORIMÈNE.</speaker>
<p id='3'>
	<s id='1'>Comment ? </s>
	<s id='2'>Le chevalier de Bellemonte allait gagner tout l'argent de Paris, et j'avais parole qu'il t'épouserait.</s>
</p>
</sp>
<sp who='ANGÉLIQUE'><speaker>ANGÉLIQUE.</speaker>
<p id='4'>
	<s id='1'>Je vous suis bien redevable, Madame, des vues que vous aviez pour ma fortune ; mais le chevalier...</s>
</p>
</sp>
<sp who='DORIMÈNE'><speaker>DORIMÈNE.</speaker>
<p id='5'>
	<s id='1'>Ce ne sont point des chimères. </s>
	<s id='2'>Il a des secrets admirables pour gagner à coup sûr au lansquenet.</s>
</p>
</sp>
<sp who='LISETTE'><speaker>LISETTE.</speaker>
<p id='6'>
	<s id='1'>Et cela, sans qu'il y ait la moindre petite ombre de friponnerie. </s>
	<s id='2'>Il est adroit comme un singe, au moins.</s>
</p>
</sp>
<sp who='DORIMÈNE'><speaker>DORIMÈNE.</speaker>
<p id='7'>
	<s id='1'>Oh ! </s>
	<s id='2'>Pour cela, il joue le plus honnêtement du monde. </s>
	<s id='3'>N'est-il pas vrai, Lisette ?</s>
</p>
</sp>
<sp who='LISETTE'><speaker>LISETTE.</speaker>
<p id='8'>
	<s id='1'>Oui, Madame. </s>
	<s id='2'>Je le veux croire, Madame, pour lui faire honneur, et pour vous faire plaisir ; mais en vérité...</s>
</p>
</sp>
<sp who='DORIMÈNE'><speaker>DORIMÈNE.</speaker>
<p id='9'>
	<s id='1'>Il ne nous reste qu'une petite ressource dans notre affliction, et je suis bien aise de vous informer du dessein où nous sommes, le chevalier et moi.</s>
</p>
</sp>
<sp stage="low/toward" who='ANGÉLIQUE'><speaker>ANGÉLIQUE, bas à Lisette.</speaker>
<p id='10'>
	<s id='1'>Ah, Lisette ! </s>
	<s id='2'>Voilà une ressource qui me fait trembler.</s>
</p>
</sp>
<sp who='DORIMÈNE'><speaker>DORIMÈNE.</speaker>
<p id='11'>
	<s id='1'>Qu'avez-vous ?</s>
</p>
</sp>
<sp who='ANGÉLIQUE'><speaker>ANGÉLIQUE.</speaker>
<p id='12'>
	<s id='1'>Rien, Madame.</s>
</p>
</sp>
<sp who='DORIMÈNE'><speaker>DORIMÈNE.</speaker>
<p id='13'>
	<s id='1'>Je crois, ma fille, que vous serez ravie de ma résolution ; les jeunes personnes sont ordinairement bien aises de voyager.</s>
</p>
</sp>
<sp stage="aparte" who='LISETTE'><speaker>LISETTE, à part.</speaker>
<p id='14'>
	<s id='1'>En voici bien une autre.</s>
</p>
</sp>
<sp who='ANGÉLIQUE'><speaker>ANGÉLIQUE.</speaker>
<p id='15'>
	<s id='1'>Comment donc, Madame, où voulez-vous aller ?</s>
</p>
</sp>
<sp who='DORIMÈNE'><speaker>DORIMÈNE.</speaker>
<p id='16'>
	<s id='1'>En Angleterre, ma fille.</s>
</p>
</sp>
<sp who='ANGÉLIQUE'><speaker>ANGÉLIQUE.</speaker>
<p id='17'>
	<s id='1'>En Angleterre, Madame !</s>
</p>
</sp>
<sp who='LISETTE'><speaker>LISETTE.</speaker>
<p id='18'>
	<s id='1'>Passer la mer comme des hirondelles !</s>
</p>
</sp>
<sp who='ANGÉLIQUE'><speaker>ANGÉLIQUE.</speaker>
<p id='19'>
	<s id='1'>Avez-vous bien songé, Madame...</s>
</p>
</sp>
<sp who='DORIMÈNE'><speaker>DORIMÈNE.</speaker>
<p id='20'>
	<s id='1'>J'ai fait toutes les réflexions qu'il a fallu faire. </s>
	<s id='2'>C'est un Pérou que l'Angleterre pour un habile joueur comme le chevalier, et la plupart de ces gros milords ne savent que faire de leur argent.</s>
</p>
</sp>
<sp stage="aparte" who='ANGÉLIQUE'><speaker>ANGÉLIQUE, à part.</speaker>
<p id='21'>
	<s id='1'>Ah ! </s>
	<s id='2'>Juste ciel, que je suis malheureuse.</s>
</p>
</sp>
<sp who='DORIMÈNE'><speaker>DORIMÈNE.</speaker>
<p id='22'>
	<s id='1'>Quand nous aurons épuisé l'Angleterre, nous passerons en Hollande. </s>
	<s id='2'>Il y a de bonnes bourses en ce pays-là.</s>
</p>
</sp>
<sp who='LISETTE'><speaker>LISETTE.</speaker>
<p id='23'>
	<s id='1'>Assurément ; et si vous ruinez la Hollande, je vous conseille de ne pas aller plus loin, Madame, et de regagner Paris au plus vite.</s>
</p>
</sp>
<sp who='DORIMÈNE'><speaker>DORIMÈNE.</speaker>
<p id='24'>
	<s id='1'>Moi, je n'y remettrai les pieds de ma vie, que le lansquenet n'y soit rétabli.</s>
</p>
</sp>
</div2>
<div2 type="scene" n='6'><head>SCÈNE VI. Dorimène, La Contesse, Angélique, Lisette.</head>
<sp who='LISETTE'><speaker>LISETTE.</speaker>
<p id='1'>
	<s id='1'>Voilà Madame_la_Comtesse qui fera le voyage avec vous, si vous voulez.</s>
</p>
</sp>
<sp who='LA-COMTESSE'><speaker>LA COMTESSE.</speaker>
<p id='2'>
	<s id='1'>Bonjour, ma chère. </s>
	<s id='2'>Qu'est-ce que c'est donc que ceci ? </s>
	<s id='3'>Où est tout notre monde aujourd'hui ? </s>
	<s id='4'>Quels paresseux ! </s>
	<s id='5'>Le chevalier n'est point encore venu ? </s>
	<s id='6'>Où est Monsieur l'abbé, ma mignonne ? </s>
	<s id='7'>Et le petit caissier, je ne le vois point. </s>
	<s id='8'>Il faut que la marquise soit malade, puisqu'elle n'est point arrivée la première.</s>
</p>
</sp>
<sp stage="aparte" who='LISETTE'><speaker>LISETTE, à part.</speaker>
<p id='3'>
	<s id='1'>Diantre soit de l'extravagante !</s>
</p>
</sp>
<sp who='LA-COMTESSE'><speaker>LA COMTESSE.</speaker>
<p id='4'>
	<s id='1'>Allons donc, des tables, des cartes. </s>
	<s id='2'>Quel abandonnement ! </s>
	<s id='3'>Il n'y a encore rien de préparé.</s>
</p>
</sp>
<sp who='DORIMÈNE'><speaker>DORIMÈNE.</speaker>
<p id='5'>
	<s id='1'>Eh ! </s>
	<s id='2'>Madame quel contre-temps de plaisanterie !</s>
</p>
</sp>
<sp who='LA-COMTESSE'><speaker>LA COMTESSE.</speaker>
<p id='6'>
	<s id='1'>Je ne vins point hier, mais vous n'avez point de reproche à me faire, je ne sortis pas de la journée je m'étais purgée par précaution, et je ne voulais voir personne.</s>
</p>
</sp>
<sp who='LISETTE'><speaker>LISETTE.</speaker>
<p id='7'>
	<s id='1'>Ah ! </s>
	<s id='2'>Ah ! </s>
	<s id='3'>Vous ne savez donc pas encore les nouvelles ?</s>
</p>
</sp>
<sp who='LA-COMTESSE'><speaker>LA COMTESSE.</speaker>
<p id='8'>
	<s id='1'>Pardonnez-moi j'en sais quelqu'une. </s>
	<s id='2'>Notre jeune Allemand m'a conté ce matin à ma toilette quelque chose de particulier. </s>
	<s id='3'>La petite procureuse, j'en suis fâchée vraiment, c'est une bonne petite femme. </s>
	<s id='4'>Elle emprunta, il y a quelques jours, sur un collier de mille écus, six vingt pistoles, qu'elle perdit ici le lendemain.</s>
</p>
</sp>
<sp who='DORIMÈNE'><speaker>DORIMÈNE.</speaker>
<p id='9'>
	<s id='1'>Eh bien, Madame, le collier faux qu'elle avait acheté pour remplacer le sien, n'était point tout à fait semblable. </s>
	<s id='2'>Monsieur le procureur s'en est aperçu, et il l'a querellée d'une manière épouvantable.</s>
</p>
</sp>
<sp who='LISETTE'><speaker>LISETTE.</speaker>
<p id='10'>
	<s id='1'>Le ridicule !</s>
</p>
</sp>
<sp who='LA-COMTESSE'><speaker>LA COMTESSE.</speaker>
<p id='11'>
	<s id='1'>N'a-t-elle pas fait un grand crime, de perdre six vingt pistoles ? </s>
	<s id='2'>Mais ces bourgeois sont bien brutaux, ma mignonne.</s>
</p>
</sp>
<sp who='DORIMÈNE'><speaker>DORIMÈNE.</speaker>
<p id='12'>
	<s id='1'>Oh ! </s>
	<s id='2'>Pour cela, leurs manières sont bien différentes de celles des gens de qualité.</s>
</p>
</sp>
<sp stage="aparte" who='ANGÉLIQUE'><speaker>ANGÉLIQUE, à part.</speaker>
<p id='13'>
	<s id='1'>Je suis dans un étrange accablement, Lisette.</s>
</p>
</sp>
<sp stage="low" who='LISETTE'><speaker>LISETTE, bas.</speaker>
<p id='14'>
	<s id='1'>Allez vous reposer dans votre cabinet. </s>
	<s id='2'>Je vous avertirai quand Dorante sera venu.</s>
</p>
</sp>
</div2>
<div2 type="scene" n='7'><head>SCÈNE VII. Dorimène, La Comtesse, Clitandre, Lisette.</head>
<sp who='LA-COMTESSE'><speaker>LA COMTESSE.</speaker>
<p id=''>
	<s id='1'>Ah ! </s>
	<s id='2'>Ah ! </s>
	<s id='3'>Le troupeau se rassemble à la fin. </s>
	<s id='4'>Voilà Clitandre le bel esprit.</s>
</p>
</sp>
<sp who='CLITANDRE'><speaker>CLITANDRE.</speaker>
<p id='2'>
	<s id='1'>Madame, je vous donne le bonjour.</s>
</p>
</sp>
<sp who='LA-COMTESSE'><speaker>LA COMTESSE.</speaker>
<p id='3'>
	<s id='1'>Qu'il est triste, ma bonne ! </s>
	<s id='2'>Bonjour, Clitandre. </s>
	<s id='3'>Allons ! </s>
	<s id='4'>Gai ! </s>
	<s id='5'>Gai ! </s>
	<s id='6'>Il perdit hier son argent, je gage.</s>
</p>
</sp>
<sp who='CLITANDRE'><speaker>CLITANDRE.</speaker>
<p id='4'>
	<s id='1'>Eh Madame, plût an ciel que j'eusse perdu mille pistoles, et que ce malheur-là ne fût point arrivé.</s>
</p>
</sp>
<sp who='DORIMÈNE'><speaker>DORIMÈNE.</speaker>
<p id='5'>
	<s id='1'>Ah ! </s>
	<s id='2'>Clilandre, que je vous sais bon gré d'être sensible à cet accident.</s>
</p>
</sp>
<sp who='LA-COMTESSE'><speaker>LA COMTESSE.</speaker>
<p id='6'>
	<s id='1'>Comment donc ? </s>
	<s id='2'>Que voulez-vous dire ? </s>
	<s id='3'>Vous êtes, je crois, de concert pour me plaisanter l'un et l'autre. </s>
	<s id='4'>Plus je vous regarde, et moins je vous comprends tous deux. </s>
	<s id='5'>Quel malheur ? </s>
	<s id='6'>Quel accident ? </s>
	<s id='7'>De quoi parlez-vous? Il semble que vous prévoyiez la fin du monde, et qu'elle soit prête d'arriver.</s>
</p>
</sp>
<sp who='CLITANDRE'><speaker>CLITANDRE.</speaker>
<p id='7'>
	<s id='1'>Madame_la_Comtesse ignore apparemment que le lansquenet est défendu.</s>
</p>
</sp>
<sp who='LA-COMTESSE'><speaker>LA COMTESSE.</speaker>
<p id='8'>
	<s id='1'>On a défendu le lansquenet ?</s>
</p>
</sp>
<sp who='CLITANDRE'><speaker>CLITANDRE.</speaker>
<p id='9'>
	<s id='1'>Eh, oui, Madame, on a défendu le lansquenet !</s>
</p>
</sp>
<sp who='LA-COMTESSE'><speaker>LA COMTESSE.</speaker>
<p id='10'>
	<s id='1'>Vous vous moquez, Clitandre, cela ne se peut pas, et c'est comme si l'on défendait de dormir.</s>
</p>
</sp>
<sp who='CLITANDRE'><speaker>CLITANDRE.</speaker>
<p id='11'>
	<s id='1'>Pour moi, j'aimerais autant qu'on m'eût défendu le boire et le manger.</s>
</p>
</sp>
<sp who='DORIMÈNE'><speaker>DORIMÈNE.</speaker>
<p id='12'>
	<s id='1'>Il est vrai qu'il vaut autant mourir.</s>
</p>
</sp>
<sp who='LA-COMTESSE'><speaker>LA COMTESSE.</speaker>
<p id='13'>
	<s id='1'>Mais cela ne se peut pas, vous dis-je encore une fois.</s>
</p>
</sp>
<sp who='CLITANDRE'><speaker>CLITANDRE.</speaker>
<p id='14'>
	<s id='1'>Eh ! </s>
	<s id='2'>Madame_la_Comtesse, je vous dis ce que tout Paris sait, ce que tout Paris dit, et ce que j'ai entendu publier ce matin sous mes fenêtres.</s>
</p>
</sp>
<sp who='LA-COMTESSE'><speaker>LA COMTESSE.</speaker>
<p id='15'>
	<s id='1'>Ah ! </s>
	<s id='2'>Publier ? </s>
	<s id='3'>Publier, c'est autre chose. </s>
	<s id='4'>Ces publications sont pour le peuple, pour les laquais, pour la canaille, à qui l'on fait bien de défendre certains jeux qui ne sont faits que pour les gens de qualité.</s>
</p>
</sp>
<sp who='CLITANDRE'><speaker>CLITANDRE.</speaker>
<p id='16'>
	<s id='1'>Oui, Madame, vous avez raison ce sont les laquais et la canaille à qui l'on défend de jouer le lansquenet, sous peine de mille écus d'amende.</s>
</p>
</sp>
<sp who='LA-COMTESSE'><speaker>LA COMTESSE.</speaker>
<p id='17'>
	<s id='1'>Mille écus ! </s>
	<s id='2'>Mille écus ! </s>
	<s id='3'>Mais vraiment vous n'y songez pas, vous avez mal entendu, Clitandre ; et il me semble que si la défense était pour les personnes de condition, ils valent assez la peine qu'on leur signifie la chose chez eux, sans le leur publier au coin des rues.</s>
</p>
</sp>
<sp who='CLITANDRE'><speaker>CLITANDRE.</speaker>
<p id='18'>
	<s id='1'>Que voulez-vous que je vous dise, Madame ? </s>
	<s id='2'>Ce sont des affaires qui se font ordinairement ainsi.</s>
</p>
</sp>
<sp who='UN-LAQUAIS'><speaker>UN LAQUAIS.</speaker>
<p id='19'>
	<s id='1'>Voilà Madame l'intendante dans votre antichambre, qui se trouve mal,	je crois.</s>
</p>
</sp>
<sp who='DORIMÈNE'><speaker>DORIMÈNE.</speaker>
<p id='20'>
	<s id='1'>Voyez ce que c'est, Lisette.</s>
</p>
</sp>
<sp who='LA-COMTESSE'><speaker>LA COMTESSE.</speaker>
<p id='21'>
	<s id='1'>Est-ce cette intendante qui perdit tant d'argent il y a huit jours ?</s>
</p>
</sp>
<sp who='DORIMÈNE'><speaker>DORIMÈNE.</speaker>
<p id='22'>
	<s id='1'>Elle-même.</s>
</p>
</sp>
<sp who='CLITANDRE'><speaker>CLITANDRE.</speaker>
<p id='23'>
	<s id='1'>Oh parbleu ! </s>
	<s id='2'>Elle a de quoi perdre. </s>
	<s id='3'>Son mari a ruiné le maître dont il gouverne les affaires, mais je crois qu'il sera bientôt ruiné lui-même par les dépenses de sa femme.</s>
</p>
</sp>
</div2>
<div2 type="scene" n='8'><head>SCËNE VIII. Dorimène, La Comtesse, L'Intendante, Clitandre, Lisette.</head>
<sp who='L-INTENDANTE'><speaker>L'INTENDANTE.</speaker>
<p id='1'>
	<s id='1'>Un fauteuil, ma pauvre Lisette, un fauteuil. </s>
	<s id='2'>Ah ! </s>
	<s id='3'>Je n'en puis plus.</s>
</p>
</sp>
<sp who='DORIMÈNE'><speaker>DORIMÈNE.</speaker>
<p id='2'>
	<s id='1'>Qu'est-ce que ceci ? </s>
	<s id='2'>Madame l'intendante qui se meurt !</s>
</p>
</sp>
<sp who='L-INTENDANTE'><speaker>L'INTENDANTE.</speaker>
<p id='3'>
	<s id='1'>Ah ! </s>
	<s id='2'>Le moyen de vivre, après un coup comme celui-là. </s>
	<s id='3'>On ne jouera plus au lansquenet !</s>
</p>
</sp>
<sp who='LISETTE'><speaker>LISETTE.</speaker>
<p id='4'>
	<s id='1'>Allons, allons, Madame, contre fortune bon coeur ; vous jouerez à quelqu'autre jeu, où vous gagnerez davantage.</s>
</p>
</sp>
<sp stage="toward" who='CLITANDRE'><speaker>CLITANDRE, à la Comtesse.</speaker>
<p id='5'>
	<s id='1'>Vous le voyez, Madame, la publication est pour tout le monde, et vous ne pouvez pas dire qu'une intendante ne soit une personne de fort grosse qualité.</s>
</p>
</sp>
<sp who='L-INTENDANTE'><speaker>L'INTENDANTE.</speaker>
<p id='6'>
	<s id='1'>Eh ! </s>
	<s id='2'>Mon pauvre Clitandre, que me sert-il d'en avoir la qualité ? </s>
	<s id='3'>Ai-je plus de privilège que les autres ? </s>
	<s id='4'>Et le lansquenet... </s>
	<s id='5'>Ah ! </s>
	<s id='6'>Lisette, je me meurs !</s>
</p>
</sp>
<sp who='LISETTE'><speaker>LISETTE.</speaker>
<p id='7'>
	<s id='1'>Madame a raison ; quoiqu'elle soit femme de qualité, le lansquenet n'est-il pas aussi bien défendu pour elle que pour sa belle-soeur, qui n'est que la femme d'un apothicaire ?</s>
</p>
</sp>
<sp who='CLITANDRE'><speaker>CLITANDRE.</speaker>
<p id='8'>
	<s id='1'>Elle me ferait rire, malgré mon chagrin.</s>
</p>
</sp>
<sp stage="toward" who='LISETTE'><speaker>LISETTE, à l'Intendante.</speaker>
<p id='9'>
	<s id='1'>Eh ! </s>
	<s id='2'>Allons, allons, Madame ? </s>
	<s id='3'>Revenez à vous. </s>
	<s id='4'>S'il vous plaît.</s>
</p>
</sp>
<sp who='LA-COMTESSE'><speaker>LA COMTESSE.</speaker>
<p id='10'>
	<s id='1'>Mais vraiment, c'est tout de bon qu'elle est évanouie.</s>
</p>
</sp>
<sp who='DORIMÈNE'><speaker>DORIMÈNE.</speaker>
<p id='11'>
	<s id='1'>Évanouie !</s>
</p>
</sp>
<sp who='CLITANDRE'><speaker>CLITANDRE.</speaker>
<p id='12'>
	<s id='1'>Parbleu ! </s>
	<s id='2'>Il n'y a point à rire de cela, Mesdames.</s>
</p>
</sp>
<sp who='LA-COMTESSE'><speaker>LA COMTESSE.</speaker>
<note type="L">Eau de la reine de Hongrie : est une distillation qui se fait au bain de sable des fleurs de romarin mondées de leurs calices sans aucune partie de l'herbe, dans de l'esprit de vin bien rectifié. [F] [ce parfum renferme : romarin, lavande, berga, jasmin, cirse, ambre.]</note>
<p id='13'>
	<s id='1'>Eh ! </s>
	<s id='2'>Tôt, tôt, de l'eau de la reine de Hongrie, du papier brûlé, du vinaigre : il faut commencer par la délacer.</s>
</p>
</sp>
<sp who='LISETTE'><speaker>LISETTE.</speaker>
<p id='14'>
	<s id='1'>Bon, bon, laissez-moi faire seulement, j'ai dans ma poche un remède bien meilleur que tous ceux-là.</s>
</p>
</sp>
<sp who='DORIMÈNE'><speaker>DORIMÈNE.</speaker>
<p id='15'>
	<s id='1'>Un jeu de cartes ! </s>
	<s id='2'>Qu'en veux-tu faire ?</s>
</p>
</sp>
<sp who='LISETTE'><speaker>LISETTE.</speaker>
<p id='16'>
	<s id='1'>C'est un jeu de lansquenet, et il n'y a point de joueuse que cela ne ressuscite en moins de rien. </s>
	<s id='2'>Vous allez voir.</s>
</p>
</sp>
<sp who='CLITANDRE'><speaker>CLITANDRE.</speaker>
<p id='17'>
	<s id='1'>Elle est folle, Madame. </s>
	<s id='2'>Il faut songer sérieusement à cet évanouissement-là.</s>
</p>
</sp>
<sp who='L-INTENDANTE'><speaker>L'INTENDANTE.</speaker>
<p id='18'>
	<s id='1'>Ah ! </s>
	<s id='2'>Juste ciel !</s>
</p>
</sp>
<sp who='LISETTE'><speaker>LISETTE.</speaker>
<p id='19'>
	<s id='1'>Eh bien que vous ai-je dit ?</s>
</p>
</sp>
<sp who='LA-COMTESSE'><speaker>LA COMTESSE.</speaker>
<p id='20'>
	<s id='1'>Voilà qui est tout à fait extraordinaire.</s>
</p>
</sp>
<sp who='LISETTE'><speaker>LISETTE.</speaker>
<note type="C">La poudre de sympathie qu'on fait avec du vitriol séché, est une pure charlatannerie, quoique dise le chevalier Digby dans le discours qu'il a fait pour en justifier les effets, et l'expérience. [F]</note>
<p id='21'>
	<s id='1'>C'est une belle chose que la sympathie. </s>
	<s id='2'>N'est-il pas vrai ?</s>
</p>
</sp>
<sp who='DORIMÈNE'><speaker>DORIMÈNE.</speaker>
<p id='22'>
	<s id='1'>Allons Madame. </s>
	<s id='2'>Quel accablement est-ce là !</s>
</p>
</sp>
<sp who='L-INTENDANTE'><speaker>L'INTENDANTE.</speaker>
<p id='23'>
	<s id='1'>Je n'en reviendrai point, Madame, que vous ne ne m'ayez promis de m'accorder une grâce.</s>
</p>
</sp>
<sp who='DORIMÈNE'><speaker>DORIMÈNE.</speaker>
<p id='24'>
	<s id='1'>Vous êtes en droit de me commander, Madame, je fais gloire de vous obéir.</s>
</p>
</sp>
<sp who='L-INTENDANTE'><speaker>L'INTENDANTE.</speaker>
<p id='25'>
	<s id='1'>Je suis bienheureuse que Madame_la_Comtesse et Clitandre se rencontrent ici.</s>
</p>
</sp>
<sp who='CLITANDRE'><speaker>CLITANDRE.</speaker>
<p id='26'>
	<s id='1'>Puis-je vous être utile à quelque chose, Madame ?</s>
</p>
</sp>
<sp who='LA-COMTESSE'><speaker>LA COMTESSE.</speaker>
<p id='27'>
	<s id='1'>Je suis tout à votre service ; ordonnez, me voilà prête.</s>
</p>
</sp>
<sp who='L-INTENDANTE'><speaker>L'INTENDANTE.</speaker>
<p id='28'>
	<s id='1'>Il viendra quelques personnes encore, que je prierai de la même chose, et je ne crois pas qu'elles me refusent.</s>
</p>
</sp>
<sp who='DORIMÈNE'><speaker>DORIMÈNE.</speaker>
<p id='29'>
	<s id='1'>Parlez, Madame, que souhaitez-vous ?</s>
</p>
</sp>
<sp who='L-INTENDANTE'><speaker>L'INTENDANTE.</speaker>
<p id='30'>
	<s id='1'>Je voudrais bien, Madame, que malgré la défense, nous jouissions encore de quelques reprises de lansquenet.</s>
</p>
</sp>
<sp who='LA-COMTESSE'><speaker>LA COMTESSE.</speaker>
<p id='31'>
	<s id='1'>Madame l'intendante a raison, Madame. </s>
	<s id='2'>Allons, allons, des cartes seulement vite, dépêchons. </s>
	<s id='3'>Nous ne manquerons pas de joueuses, sur ma parole.</s>
</p>
</sp>
<sp who='DORIMÈNE'><speaker>DORIMÈNE.</speaker>
<p id='32'>
	<s id='1'>Mais vous n'y songez pas, Madame, et les mille écus que l'on court risque de payer ? </s>
	<s id='2'>Les affronts à quoi l'on s'expose...</s>
</p>
</sp>
<sp who='LA-COMTESSE'><speaker>LA COMTESSE.</speaker>
<p id='33'>
	<s id='1'>Bon, bon, bon, voilà de belles bagatelles ! </s>
	<s id='2'>Qui est-ce qui saura que nous jouons ? </s>
	<s id='3'>Nous serons tous intéressés à ne le point dire et quand nous serions surpris une fois le mois, ce n'est pas une affaire. </s>
	<s id='4'>Il faudra payer les mille écus, comme l'on paie les cartes, il n'y a rien de plus facile.</s>
</p>
</sp>
<sp who='L-INTENDANTE'><speaker>L'INTENDANTE.</speaker>
<p id='34'>
	<s id='1'>Oui, Madame_la_Comtesse le prend bien. </s>
	<s id='2'>Allons, Madame, de grâce, commençons à jouer, je vous en conjure.</s>
</p>
</sp>
<sp who='DORIMÈNE'><speaker>DORIMÈNE.</speaker>
<p id='35'>
	<s id='1'>Mais, Madame, j'ai peut-être plus de passion pour le jeu que vous n'en témoignez vous-même ; mais vous savez de quelle conséquence...</s>
</p>
</sp>
<sp who='L-INTENDANTE'><speaker>L'INTENDANTE.</speaker>
<p id='36'>
	<s id='1'>Eh ! </s>
	<s id='2'>Madame, nous ne jouerons que jusqu'à ce que j'aie regagné les mille pistoles que je perdis la semaine dernière. </s>
	<s id='3'>Après cela, je vous promets de renoncer au jeu pour toute ma vie.</s>
</p>
</sp>
<sp who='DORIMÈNE'><speaker>DORIMÈNE.</speaker>
<p id='37'>
	<s id='1'>Mais, Madame, si vous continuez à perdre ?</s>
</p>
</sp>
<sp who='L-INTENDANTE'><speaker>L'INTENDANTE.</speaker>
<p id='38'>
	<s id='1'>Mais, Madame, je gagnerai indubitablement. </s>
	<s id='2'>Je n'ai engagé mes pierreries que sur ce pied-là, et il faut que je les retire dans six semaines au plus tard, car Monsieur l'Intendant arrive.</s>
</p>
</sp>
<sp who='LA-COMTESSE'><speaker>LA COMTESSE.</speaker>
<p id='39'>
	<s id='1'>Ah ! </s>
	<s id='2'>Voilà notre petit caissier qui sait la nouvelle, car il parait bien en colère.</s>
</p>
</sp>
</div2>
<div2 type="scene" n='9'><head>SCÈNE IX. Dorimène, La Comtesse, L'intendante, Le Caissier, Clitandre.</head>
<sp who='LE-CAISSIER'><speaker>LE CAISSIER.</speaker>
<p id='1'>
	<s id='1'>Comment donc, Madame ! </s>
	<s id='2'>Est-ce que l'on ne joue pas aujourd'hui ? </s>
	<s id='3'>Je ne vois point de carosses à votre porte, personne dans le logis. </s>
	<s id='4'>Qu'est-ce que cela veut dire ?</s>
</p>
</sp>
<sp who='LA-COMTESSE'><speaker>LA COMTESSE.</speaker>
<p id='2'>
	<s id='1'>Monsieur, faites-nous justice de cette défense-là.</s>
</p>
</sp>
<sp who='L-INTENDANTE'><speaker>L'INTENDANTE.</speaker>
<p id='3'>
	<s id='1'>Faites-moi raison Monsieur, du procédé de Madame, qui ne veut plus que l'on joue chez elle au lansquenet, de peur qu'il ne lui en coûte mille écus. </s>
	<s id='2'>Cela se doit-il faire, Monsieur, et n'est-ce pas une chose qui crie vengeance ?</s>
</p>
</sp>
<sp who='LE-CAISSIER'><speaker>LE CAISSIER.</speaker>
<p id='4'>
	<s id='1'>Il n'y aurait plus ici de lansquenet ! </s>
	<s id='2'>Oh ! </s>
	<s id='3'>Parbleu ! </s>
	<s id='4'>Je prétends bien qu'on y joue, moi, et nous verrons si j'en aurai le démenti.</s>
</p>
</sp>
<sp who='CLITANDRE'><speaker>CLITANDRE.</speaker>
<p id='5'>
	<s id='1'>Ah ! </s>
	<s id='2'>Ah ! </s>
	<s id='3'>Voici un homme d'un assez plaisant caractère.</s>
</p>
</sp>
<sp who='DORIMÈNE'><speaker>DORIMÈNE.</speaker>
<p id='6'>
	<s id='1'>Monsieur ! </s>
	<s id='2'>Monsieur Surat ! </s>
	<s id='3'>Vous vous oubliez ; et vous devriez un peu songer qu'on ne parle point de la sorte dans une maison comme la mienne.</s>
</p>
</sp>
<sp who='LE-CAISSIER'><speaker>LE CAISSIER.</speaker>
<p id='7'>
	<s id='1'>Oh ! </s>
	<s id='2'>Ventrebleu Madame, on y jouera comme de coutume, ou je ferai beau bruit pour mon argent, je vous en réponds.</s>
</p>
</sp>
<sp who='DORIMÈNE'><speaker>DORIMÈNE.</speaker>
<p id='8'>
	<s id='1'>Que voulez-vous donc dire, pour votre argent ?</s>
</p>
</sp>
<sp who='LE-CAISSIER'><speaker>LE CAISSIER.</speaker>
<p id='9'>
	<s id='1'>Oui, Madame, pour mon argent ; morbleu je suis ruiné si l'on ne joue ; mais, ventrebleu ! </s>
	<s id='2'>Vous jouerez les uns et les autres jusqu'à ce que je sois payé de ce qui m'est dû. </s>
	<s id='3'>Je suis au désespoir, voyez-vous, et j'ai déjà voulu me pendre trois fois depuis ce matin.</s>
</p>
</sp>
<sp who='CLITANDRE'><speaker>CLITANDRE.</speaker>
<p id='10'>
	<s id='1'>Le pauvre diable ! </s>
	<s id='2'>Il me fait pitié.</s>
</p>
</sp>
<sp who='LE-CAISSIER'><speaker>LE CAISSIER.</speaker>
<p id='11'>
	<s id='1'>Monsieur, Monsieur Clitandre, vous, Madame_la_Comtesse, et vous, Madame, je vous en fais les juges, s'il vous plaît. </s>
	<s id='2'>Vous êtes des personnes raisonnables, et vous savez avec quelle bonne foi j'ai prêté mon argent au tiers et au quart depuis près de deux ans.</s>
</p>
</sp>
<sp who='CLITANDRE'><speaker>CLITANDRE.</speaker>
<p id='12'>
	<s id='1'>Assurément, c'est un bon garçon qui ne cherchait qu'à faire plaisir.</s>
</p>
</sp>
<sp who='LE-CAISSIER'><speaker>LE CAISSIER.</speaker>
<p id='13'>
	<s id='1'>À l'un cinquante pistoles, à l'autre deux cents mille écus à celui-ci, quatre cents écus à celui-là. </s>
	<s id='2'>Il m'est du plus de vingt-cinq mille francs l'heure qu'il est, Monsieur ; et je n'ai point d'autres sûretés que de vieilles cartes à poste.</s>
</p>
</sp>
<sp who='LA-COMTESSE'><speaker>LA COMTESSE.</speaker>
<p id='14'>
	<s id='1'>Voilà l'argent perdu, si l'on ne joue plus.</s>
</p>
</sp>
<sp who='LE-CAISSIER'><speaker>LE CAISSIER.</speaker>
<p id='15'>
	<s id='1'>Oh Madame, on jouera, s'il vous plaît ; têtebleu ! </s>
	<s id='2'>Je n'en serai pas la dupe. </s>
	<s id='3'>Où diantre pourrais-je rattraper tous ceux qui me doivent ? </s>
	<s id='4'>Pour deux ou trois personnes qui voudront bien payer, il y en aurait cinquante dont je ne tirerais jamais un sou. </s>
	<s id='5'>Voilà Monsieur Clitandre qui me doit cent cinquante pistoles, par exemple, je sais bien pour lui qu'il ne se fera pas tirer l'oreille mais...</s>
</p>
</sp>
<sp who='CLITANDRE'><speaker>CLITANDRE.</speaker>
<p id='16'>
	<s id='1'>Moi, parbleu, je ne vous dois payer qu'à carte laissée. </s>
	<s id='2'>Faites-moi jouer si vous voulez que je m'acquitte.</s>
</p>
</sp>
<sp who='LE-CAISSIER'><speaker>LE CAISSIER.</speaker>
<p id='17'>
	<s id='1'>Eh bien Madame, que me feront les fripons, si les honnêtes gens agissent de cette manière ? </s>
	<s id='2'>Oh ! </s>
	<s id='3'>Têtebleu ! </s>
	<s id='4'>Je vous ferai jouer, je vous en réponds. </s>
	<s id='5'>Allons, Madame, des cartes, je vous en prie, ou je vais tout tuer.</s>
</p>
</sp>
<sp who='DORIMÈNE'><speaker>DORIMÈNE.</speaker>
<p id='18'>
	<s id='1'>Monsieur ! </s>
	<s id='2'>Monsieur le caissier ! </s>
	<s id='3'>Si je fais monter quelques laquais...</s>
</p>
</sp>
<sp who='LE-CAISSIER'><speaker>LE CAISSIER.</speaker>
<p id='19'>
	<s id='1'>Ventrebleu Madame, qu'on donne des cartes, ou je tuerai quelqu'un, vous dis-je encore une fois.</s>
</p>
</sp>
<sp who='DORIMÈNE'><speaker>DORIMÈNE.</speaker>
<p id='20'>
	<s id='1'>Vous êtes un fou, mon ami, et c'est en fou que je vais vous faire traiter. </s>
	<s id='2'>Holà quelqu'un.</s>
</p>
</sp>
<sp who='L-INTENDANTE'><speaker>L'INTENDANTE.</speaker>
<p id='21'>
	<s id='1'>Eh ! </s>
	<s id='2'>Madame.</s>
</p>
</sp>
<sp who='LE-CAISSIER'><speaker>LE CAISSIER.</speaker>
<p id='22'>
	<s id='1'>Oui, Madame, je suis fou, et je suis en droit de l'être pour les vingt-cinq mille francs qu'il m'en coûte.</s>
</p>
</sp>
<sp who='LA-COMTESSE'><speaker>LA COMTESSE.</speaker>
<p id='23'>
	<s id='1'>Le pauvre petit bonhomme ! </s>
	<s id='2'>Il a raison dans le fond, cet argent-là n'est peut-être pas à lui, et je le trouve fort embarrassé.</s>
</p>
</sp>
<sp who='LE-CAISSIER'><speaker>LE CAISSIER.</speaker>
<p id='24'>
	<s id='1'>C'est justement cela, Madame. </s>
	<s id='2'>Il faut que je rende mes comptes au premier jour, et il y aura plus de vingt-cinq mille francs à dire.</s>
</p>
</sp>
<sp who='L-INTENDANTE'><speaker>L'INTENDANTE.</speaker>
<p id='25'>
	<s id='1'>Il me fait songer a mes pierreries ; il faut que nous jouions, Madame, absolument, vous avez beau faire.</s>
</p>
</sp>
<sp who='LE-CAISSIER'><speaker>LE CAISSIER.</speaker>
<p id='26'>
	<s id='1'>Eh, morbleu Madame, je vous en conjure.</s>
</p>
</sp>
<sp who='LA-COMTESSE'><speaker>LA COMTESSE.</speaker>
<p id='27'>
	<s id='1'>Allons, ma mignonne ; un peu de pitié pour ce pauvre petit bonhomme.</s>
</p>
</sp>
<sp who='DORIMÈNE'><speaker>DORIMÈNE.</speaker>
<p id='28'>
	<s id='1'>Mais, Madame, je ne veux point qu'il m'en coûte mille écus.</s>
</p>
</sp>
<sp who='LA-COMTESSE'><speaker>LA COMTESSE.</speaker>
<p id='29'>
	<s id='1'>Par charité, ma bonne.</s>
</p>
</sp>
<sp who='DORIMÈNE'><speaker>DORIMÈNE.</speaker>
<p id='30'>
	<s id='1'>Je ne suis point en état de faire des charités si considérables.</s>
</p>
</sp>
<sp who='LE-CAISSIER'><speaker>LE CAISSIER.</speaker>
<p id='31'>
	<s id='1'>Têtebleu ! </s>
	<s id='2'>Madame, cela n'est pas bien. </s>
	<s id='3'>Vous me mettez au désespoir, je me pendrai absolument ; mais je tuerai quelqu'un avant que de me pendre.</s>
</p>
</sp>
<sp who='DORIMÈNE'><speaker>DORIMÈNE.</speaker>
<p id='32'>
	<s id='1'>Vous êtes un extravagant. </s>
	<s id='2'>Faites-vous payer comme il vous plaira, et prenez-vous de vos chagrins à ceux qui vous doivent.</s>
</p>
</sp>
<sp who='LE-CAISSIER'><speaker>LE CAISSIER.</speaker>
<p id='33'>
	<s id='1'>Non, morbleu c'est à vous : c'est vous qui avez profité de mon argent. </s>
	<s id='2'>Vous ne m'engagiez à le prêter aux joueurs, qu'afin de le leur gagner dans la suite ; mais, par la morbleu ! </s>
	<s id='3'>Je passerai cet article-là dans mes comptes, et vous aurez affaire à forte partie.</s>
</p>
</sp>
<sp who='CLITANDRE'><speaker>CLITANDRE.</speaker>
<p id='34'>
	<s id='1'>Cette affaire-ci est plus fâcheuse pour lui que pour un autre, et je vous assure qu'il perd beaucoup.</s>
</p>
</sp>
</div2>
<div2 type="scene" n='10'><head>SCÈNE X. Dorimène, La Comtesse, L'Intendante, Éraste, Clitandre, Lisette.</head>
<sp who='ÉRASTE'><speaker>ÉRASTE.</speaker>
<p id='1'>
	<s id='1'>Eh ! </s>
	<s id='2'>Bons dieux ! </s>
	<s id='3'>Mesdames, qu'avez-vous fait à ce pauvre petit caissier ? </s>
	<s id='4'>Je viens de le rencontrer, il sort d'ici dans une rage épouvantable.</s>
</p>
</sp>
<sp who='LA-COMTESSE'><speaker>LA COMTESSE.</speaker>
<p id='2'>
	<s id='1'>Il prend les choses à coeur, le petit homme.</s>
</p>
</sp>
<sp who='L-INTENDANTE'><speaker>L'INTENDANTE.</speaker>
<p id='3'>
	<s id='1'>N'a-t-il pas raison de se désespérer ? </s>
	<s id='2'>Je ne sais qui me tient que je n'en fasse autant ; et si trois ou quatre personnes de résolution voulaient se désespérer avec moi, cela ferait peut-être ouvrir les yeux sur les désordres que cette défense va causer.</s>
</p>
</sp>
<sp who='ÉRASTE'><speaker>ÉRASTE.</speaker>
<p id='4'>
	<s id='1'>Oh ! </s>
	<s id='2'>Pour cela, Madame, il est sûr qu'on n'a point fait assez de réflexion sur les inconvénients qui en peuvent arriver.</s>
</p>
</sp>
<sp who='DORIMÈNE'><speaker>DORIMÈNE.</speaker>
<p id='5'>
	<s id='1'>Vous pensez vous moquer, Éraste ; mais je vous assure qu'il y a bien des choses à dire là-dessus.</s>
</p>
</sp>
<sp who='ÉRASTE'><speaker>ÉRASTE.</speaker>
<p id='6'>
	<s id='1'>Moi, Madame, je ne raille point ; et il faut savoir à combien de choses et à combien de gens le lansquenet était utile.</s>
</p>
</sp>
<sp who='CLITANDRE'><speaker>CLITANDRE.</speaker>
<p id='7'>
	<s id='1'>Cela passe l'imagination.</s>
</p>
</sp>
<sp who='ÉRASTE'><speaker>ÉRASTE.</speaker>
<p id='8'>
	<s id='1'>Une dame recevait-elle un bijou considérable de quelque amant, le mari n'avait rien à dire, sa femme l'avait gagné au lansquenet.</s>
</p>
</sp>
<sp who='LA-COMTESSE'><speaker>LA COMTESSE.</speaker>
<p id='9'>
	<s id='1'>Il a raison, cela était fort commode.</s>
</p>
</sp>
<sp who='ÉRASTE'><speaker>ÉRASTE.</speaker>
<p id='10'>
	<s id='1'>Un fils de famille empruntait à grosses usures, faisait une dépense enragée, le père ne s'embarrassait pas de cela. </s>
	<s id='2'>Il admirait le bonheur de son fils et l'utilité du lansquenet.</s>
</p>
</sp>
<sp who='L-INTENDANTE'><speaker>L'INTENDANTE.</speaker>
<p id='11'>
	<s id='1'>Cela est vrai, Madame, il y a mille gens intéressés dans cette affaire, et il faut représenter toutes ces choses-là.</s>
</p>
</sp>
<sp who='ÉRASTE'><speaker>ÉRASTE.</speaker>
<p id='12'>
	<s id='1'>Moi, qui vous parle, moi, je suis à présent l'homme du monde le plus embarrassé.</s>
</p>
</sp>
<sp who='CLITANDRE'><speaker>CLITANDRE.</speaker>
<p id='13'>
	<s id='1'>Comment donc ? </s>
	<s id='2'>Que vous importe à vous que le lansquenet soit défendu ? </s>
	<s id='3'>Vous ne jouiez quasi-point, non plus que Dorante.</s>
</p>
</sp>
<sp who='ÉRASTE'><speaker>ÉRASTE.</speaker>
<p id='14'>
	<s id='1'>Cela est vrai mais, on croyait que je jouais du moins, et le lansquenet me servait à ménager la réputation de vingt femmes que je considère et quelque dépense que je fisse, j'en faisais honneur au lansquenet.</s>
</p>
</sp>
<sp who='LA-COMTESSE'><speaker>LA COMTESSE.</speaker>
<p id='15'>
	<s id='1'>Eh bien, voilà vingt femmes perdues de réputation. </s>
	<s id='2'>Madame, on n'a point pensé à tout cela assurément.</s>
</p>
</sp>
<sp who='DORIMÈNE'><speaker>DORIMÈNE.</speaker>
<p id='16'>
	<s id='1'>Bon, Madame, ce n'est rien encore que ce qu'il dit là ; mais tous les jeunes gens de Paris, que voilà désoeuvrés à l'heure qu'il est, qui ne savent où donner de la tête.</s>
</p>
</sp>
<sp who='LISETTE'><speaker>LISETTE.</speaker>
<p id='17'>
	<s id='1'>Pour moi je tremble des occupations qu'ils se vont faire.</s>
</p>
</sp>
</div2>
<div2 type="scene" n='11'><head>SCÈNE XI. Dorimène, La Comtesse, L'Intendante, Angélique, Clitandre, Éraste, Lisette.</head>
<sp who='DORIMÈNE'><speaker>DORIMÈNE.</speaker>
<p id='1'>
	<s id='1'>Ah vous voilà ! </s>
	<s id='2'>D'où venez-vous, Angélique ?</s>
</p>
</sp>
<sp who='ANGÉLIQUE'><speaker>ANGÉLIQUE.</speaker>
<p id='2'>
	<s id='1'>Je viens de votre chambre, où j'ai laissé Monsieur le chevalier, qui joue au piquet avec un jeune homme que je ne connais point. </s>
	<s id='2'>Dorante les regarde jouer.</s>
</p>
</sp>
<sp who='LISETTE'><speaker>LISETTE.</speaker>
<p id='3'>
	<s id='1'>Ma foi, je ne les ai regardés qu'un moment, et la tête m'en fait mal. </s>
	<s id='2'>Il n'y a rien de plus triste que ce piquet ; et c'est ce jeu là qu'il fallait défendre, et non pas le lansquenet, qui est le plus beau jeu du monde, le plus universel, et celui où l'on peut faire le moins de friponneries.</s>
</p>
</sp>
<sp who='CLITANDRE'><speaker>CLITANDRE.</speaker>
<p id='4'>
	<s id='1'>Mais, cela me passe en effet. </s>
	<s id='2'>Attaquer directement ce pauvre lansquenet, et souffrir tous les autres jeux.</s>
</p>
</sp>
<sp who='LISETTE'><speaker>LISETTE.</speaker>
<p id='5'>
	<s id='1'>Oui, pourquoi ne pas défendre ces vilains jeux d'exercice, oui l'on gagne le plus souvent de bonnes pleurésies, et où l'on court risque à tous moments d'être assommé de quelques coups de balle ?</s>
</p>
</sp>
<sp who='LA-COMTESSE'><speaker>LA COMTESSE.</speaker>
<p id='6'>
	<s id='1'>Oh ! </s>
	<s id='2'>Pour moi, je vous réponds que si on ne rétablit le lansquenet, j'apprendrai à jouer à la paume, assurément. </s>
	<s id='3'>Car enfin, il faut bien qu'une femme de qualité joue, et je ne comprends pas qu'il y ait d'autres jeux pour les gens de qualité, que la paume et le lansquenet. </s>
	<s id='4'>N'est-il pas vrai, ma mignonne ?</s>
</p>
</sp>
<sp who='ANGÉLIQUE'><speaker>ANGÉLIQUE.</speaker>
<p id='7'>
	<s id='1'>Vous avez raison, Madame.</s>
</p>
</sp>
</div2>
<div2 type="scene" n='12'><head>SCÈNE XII. Dorimène, La Comtesse, L'Intendante, Le Marquis, Éraste, Clitandre, Angélique, Lisette.</head>
<sp who='LE-MARQUIS'><speaker>LE MARQUIS.</speaker>
<p id='1'>
	<s id='1'>Allégresse Madame, allégresse ! </s>
	<s id='2'>Tout va le mieux du monde, nous jouerons malgré les jaloux, je cours pour vous en avertir.</s>
</p>
</sp>
<sp who='L-INTENDANTE'><speaker>L'INTENDANTE.</speaker>
<p id='2'>
	<s id='1'>Mon pauvre marquis, que je vous embrasse pour une si bonne nouvelle !</s>
</p>
</sp>
<sp who='LA-COMTESSE'><speaker>LA COMTESSE.</speaker>
<p id='3'>
	<s id='1'>Le ciel en soit loué ! </s>
	<s id='2'>Je savais bien, moi, que cette défense ne pouvait pas durer. </s>
	<s id='3'>Allons recouvrons le temps perdu, s'il vous plaît, Messieurs.</s>
</p>
</sp>
<sp who='CLITANDRE'><speaker>CLITANDRE.</speaker>
<p id='4'>
	<s id='1'>Serait-il possible, marquis, que ce n'eût été qu'une fausse alarme ?</s>
</p>
</sp>
<sp who='DORIMÈNE'><speaker>DORIMÈNE.</speaker>
<p id='5'>
	<s id='1'>Tout Paris l'aurait prise mal à propos ?</s>
</p>
</sp>
<sp who='LE-MARQUIS'><speaker>LE MARQUIS.</speaker>
<p id='6'>
	<s id='1'>Non, vraiment, ce n'est point une fausse alarme, et la défense est très expresse.</s>
</p>
</sp>
<sp who='ÉRASTE'><speaker>ÉRASTE.</speaker>
<p id='7'>
	<s id='1'>Que venez-vous donc nous dire ?</s>
</p>
</sp>
<sp who='LA-COMTESSE'><speaker>LA COMTESSE.</speaker>
<p id='8'>
	<s id='1'>Il ne fallait point tant accourir.</s>
</p>
</sp>
<sp who='L-INTENDANTE'><speaker>L'INTENDANTE.</speaker>
<p id='9'>
	<s id='1'>Vous moquez-vous, Monsieur_le_Marquis ?</s>
</p>
</sp>
<sp who='LE-MARQUIS'><speaker>LE MARQUIS.</speaker>
<p id='10'>
	<s id='1'>Non, Madame, et malgré la rigueur de la défense, il ne tiendra qu'à vous de jouer tant qu'il vous plaira, et sans craindre les commissaires.</s>
</p>
</sp>
<sp who='LA-COMTESSE'><speaker>LA COMTESSE.</speaker>
<p id='11'>
	<s id='1'>Si je joue tant qu'il me plaira, je jouerai le jour et la nuit, assurément.</s>
</p>
</sp>
<sp who='DORIMÈNE'><speaker>DORIMÈNE.</speaker>
<p id='12'>
	<s id='1'>Proposez-nous donc votre expédient.</s>
</p>
</sp>
<sp who='ÉRASTE'><speaker>ÉRASTE.</speaker>
<p id='13'>
	<s id='1'>Il va vous proposer de jouer sur les tuiles, entre deux gouttières.</s>
</p>
</sp>
<sp who='LA-COMTESSE'><speaker>LA COMTESSE.</speaker>
<note type="L">Bassette : jeu de cartes qui a été fort commun ces dernière années. Il se joue avec un jeu entier de cartes (...) Chacun des joueurs choisit une carte, sur laquelle il couche ce qu'il veut. Les banquiers tirent deux cartes à la fois. Quand elles se rencontrent pareilles à celles où on a couché de l'argent, la première fait gagner de l'argent, la seconde le fait perdre. [F] </note>
<p id='14'>
	<s id='1'>J'y avais déjà songé, et je me souviens que j'y ai joué, plus de de vingt fois en ma vie, à la bassette.</s>
</p>
</sp>
<sp who='L-INTENDANTE'><speaker>L'INTENDANTE.</speaker>
<p id='15'>
	<s id='1'>Eh bien Madame, puisque vous y avez joué à la bassette, nous pouvons bien y jouer au lansquenet, sans difficulté. </s>
	<s id='2'>Il fait fort beau cette après-dinée, allons.</s>
</p>
</sp>
<sp who='CLITANDRE'><speaker>CLITANDRE.</speaker>
<p id='16'>
	<s id='1'>Si quelqu'un vient pour nous surprendre, il sera fort aise de le faire sauter dans la rue.</s>
</p>
</sp>
<sp who='LA-COMTESSE'><speaker>LA COMTESSE.</speaker>
<p id='17'>
	<s id='1'>Assurément, et sans le jeter par les fenêtres ; même, on dira qu'allait-il faire là ?</s>
</p>
</sp>
<sp who='LISETTE'><speaker>LISETTE.</speaker>
<p id='18'>
	<s id='1'>Par ma foi, l'expédient des tuiles est bel et bon ; mais vous seriez plus fraîchement dans la cave, à ce qu'il me semble, et on ne s'aviserait jamais d'aller vous chercher parmi des tonneaux.</s>
</p>
</sp>
<sp who='L-INTENDANTE'><speaker>L'INTENDANTE.</speaker>
<p id='19'>
	<s id='1'>Eh bien soit ! </s>
	<s id='2'>Le grenier ou la cave, il ne m'importe, pourvu que je joue.</s>
</p>
</sp>
<sp who='LE-MARQUIS'><speaker>LE MARQUIS.</speaker>
<p id='20'>
	<s id='1'>Ce que j'ai à vous dire vaut mieux que tout ce que vous pouvez vous imaginer ; et, à l'heure que je vous parle, il y a déjà plus de huit personnes qui ont commencé à jouer.</s>
</p>
</sp>
<sp who='LA-COMTESSE'><speaker>LA COMTESSE.</speaker>
<p id='21'>
	<s id='1'>Eh ! </s>
	<s id='2'>Dites-nous donc promptement où c'est.</s>
</p>
</sp>
<sp who='LE-MARQUIS'><speaker>LE MARQUIS.</speaker>
<p id='22'>
	<s id='1'>Au faubourg Saint-Antoine. </s>
	<s id='2'>Que ceci soit secret au moins.</s>
</p>
</sp>
<sp who='DORIMÈNE'><speaker>DORIMÈNE.</speaker>
<p id='23'>
	<s id='1'>Au faubourg Saint-Antoine ?</s>
</p>
</sp>
<sp who='LE-MARQUIS'><speaker>LE MARQUIS.</speaker>
<note type="L">Masure : petite maison mal bâtie, ou vieux logis qui est abandonné, et qui tombe en ruine. [F]</note>
<p id='24'>
	<s id='1'>Oui, Madame, dans une de ces vieilles masures qui paraissent abandonnées ; on se trouvera à une certaine heure, les carrosses demeureront à cent pas, l'un d'un côté, l'autre de l'autre ; et l'on jouera aussi beau jeu que dans l'hôtel le mieux meublé, je vous en réponds.</s>
</p>
</sp>
<sp who='CLITANDRE'><speaker>CLITANDRE.</speaker>
<p id='25'>
	<s id='1'>On découvrira ce manège, à la fin.</s>
</p>
</sp>
<sp who='LE-MARQUIS'><speaker>LE MARQUIS.</speaker>
<p id='26'>
	<s id='1'>Point du tout ; l'assemblée ne se tiendra pas toujours au même endroit, et l'on se promènera de faubourg en faubourg, et de masure en masure.</s>
</p>
</sp>
<sp who='ÉRASTE'><speaker>ÉRASTE.</speaker>
<p id='27'>
	<s id='1'>Voilà bien de la peine et bien de l'embarras.</s>
</p>
</sp>
<sp who='LISETTE'><speaker>LISETTE.</speaker>
<p id='28'>
	<s id='1'>Cette assemblée aura assez l'air d'un petit Sabbat, à ce qu'il me semble ?</s>
</p>
</sp>
<sp who='L-INTENDANTE'><speaker>L'INTENDANTE.</speaker>
<p id='29'>
	<s id='1'>Eh ! </s>
	<s id='2'>Sabbat tant qu'il vous plaira ; il n'y a rien que je ne fasse pour regagner mes pierreries.</s>
</p>
</sp>
<sp who='LISETTE'><speaker>LISETTE.</speaker>
<p id='30'>
	<s id='1'>Cela est bien louable ; mais, si je vous proposais un expédient cent fois meilleur que tous les vôtres ?</s>
</p>
</sp>
<sp who='LA-COMTESSE'><speaker>LA COMTESSE.</speaker>
<p id='31'>
	<s id='1'>Oh ! </s>
	<s id='2'>La masure est admirable, le marquis nous conduira.</s>
</p>
</sp>
<sp who='LISETTE'><speaker>LISETTE.</speaker>
<p id='32'>
	<s id='1'>Un bateau serait bien meilleur.</s>
</p>
</sp>
<sp who='L-INTENDANTE'><speaker>L'INTENDANTE.</speaker>
<p id='33'>
	<s id='1'>Un bateau ?</s>
</p>
</sp>
<sp who='LISETTE'><speaker>LISETTE.</speaker>
<note type="L">Pont Rouge : pont en bois de Paris édifié en 1632, il reliait la rue du Bac et le Pavillon de Flore du Palais du Louvre. Il a été remplacé par le Pont-Royal. </note>
<p id='34'>
	<s id='1'>Oui, Madame, un bateau. </s>
	<s id='2'>On prend un bateau au Pont-Rouge, et l'on va, jouant, jusqu'à Saint-Cloud, et si vous n'avez pas regagné votre argent, et que le coeur vous en dise, vous pourrez descendre jusqu'à Rouen, et Madame sera, par ce moyen, à demi-chemin de l'Angleterre.</s>
</p>
</sp>
<sp who='LA-COMTESSE'><speaker>LA COMTESSE.</speaker>
<p id='35'>
	<s id='1'>Quelqu'un y veut-il venir ? </s>
	<s id='2'>Pour moi, je suis toute prête.</s>
</p>
</sp>
</div2>
<div2 type="scene" n='13'><head>SCÈNE XIII. Dorimène, La Comtesse, L'Intendante, Le Chevalier, Angélique, Clitandre, Dorante, Éraste, Lisette, Merlin.</head>
<sp who='LE-CHEVALIER'><speaker>LE CHEVALIER.</speaker>
<p id='1'>
	<s id='1'>Oh ! </s>
	<s id='2'>Cadedis ! </s>
	<s id='3'>Vous êtes un fripon vous-même !</s>
</p>
</sp>
<sp who='DORIMÈNE'><speaker>DORIMÈNE.</speaker>
<p id='2'>
	<s id='1'>Quel bruit entends-je ?</s>
</p>
</sp>
<sp who='LA-COMTESSE'><speaker>LA COMTESSE.</speaker>
<p id='3'>
	<s id='1'>C'est la voix du chevalier.</s>
</p>
</sp>
<sp who='ANGÉLIQUE'><speaker>ANGÉLIQUE.</speaker>
<p id='4'>
	<s id='1'>Qu'est-ce donc, Monsieur, quel désordre est ceci ?</s>
</p>
</sp>
<sp who='MERLIN'><speaker>MERLIN.</speaker>
<p id='5'>
	<s id='1'>Un coquin, qui file la carte.</s>
</p>
</sp>
<sp who='LE-CHEVALIER'><speaker>LE CHEVALIER.</speaker>
<p id='6'>
	<s id='1'>Un maraud, qui porte à l'écart.</s>
</p>
</sp>
<sp who='ÉRASTE'><speaker>ÉRASTE.</speaker>
<p id='7'>
	<s id='1'>Qu'est-ce que ceci veut dire ?</s>
</p>
</sp>
<sp who='MERLIN'><speaker>MERLIN.</speaker>
<p id='8'>
	<s id='1'>Cela n'est pas bien, Madame, de souffrir des fripons dans votre maison !</s>
</p>
</sp>
<sp who='LE-CHEVALIER'><speaker>LE CHEVALIER.</speaker>
<p id='9'>
	<s id='1'>Tais-toi, misérable ! </s>
	<s id='2'>Vous avez grand tort, Dorante, de produire ici des gens de ce caractère.</s>
</p>
</sp>
<sp who='DORANTE'><speaker>DORANTE.</speaker>
<p id='10'>
	<s id='1'>Je vous demande pardon, Monsieur le chevalier ; mais je vous crois aussi honnêtes gens l'un que l'autre.</s>
</p>
</sp>
<sp who='MERLIN'><speaker>MERLIN.</speaker>
<p id='11'>
	<s id='1'>Moi, Monsieur, je ne voudrais pas changer ma conscience contre la sienne.</s>
</p>
</sp>
<sp who='LE-CHEVALIER'><speaker>LE CHEVALIER.</speaker>
<p id='12'>
	<s id='1'>Un gueux, qui a vingt fois mérité les galères car je te remets à présent, je t'ai reconnu à ta manière. </s>
	<s id='2'>C'était toi qui faisais le marchand de vin dans le carrosse de Dijon.</s>
</p>
</sp>
<sp who='MERLIN'><speaker>MERLIN.</speaker>
<p id='13'>
	<s id='1'>Et toi, le marchand de boeufs ; je m'en souviens.</s>
</p>
</sp>
<sp who='LE-CHEVALIER'><speaker>LE CHEVALIER.</speaker>
<p id='14'>
	<s id='1'>Va, souviens-toi plutôt de la manière dont tu sortis de Rouen, où l'intendant te voulait faire pendre.</s>
</p>
</sp>
<sp who='MERLIN'><speaker>MERLIN.</speaker>
<p id='15'>
	<s id='1'>Et toi, des coups de bâton qu'on te donna à Auxerre, pour avoir filouté mille écus au fils de ce marchand de marée.</s>
</p>
</sp>
<sp who='ÉRASTE'><speaker>ÉRASTE.</speaker>
<p id='16'>
	<s id='1'>Voilà des circonstances fâcheuses.</s>
</p>
</sp>
<sp who='LE-CHEVALIER'><speaker>LE CHEVALIER.</speaker>
<p id='17'>
	<s id='1'>Eh ! </s>
	<s id='2'>Messieurs, chassez cet insolent, je vous prie.</s>
</p>
</sp>
<sp who='MERLIN'><speaker>MERLIN.</speaker>
<note type="L">Ringrave : ou Rhingrave, nom qu'on donnait autrefois à une sorte de culotte ou haut-de-chausse fort ample, attachée par le bas avec plusieurs rubans.</note>
<p id='18'>
	<s id='1'>Je ne me le suis pas remis d'abord, mais je le reconnais à sa ringrave. </s>
	<s id='2'>Voyez-vous cette grande culotte ? </s>
	<s id='3'>Vous ne lui en avez jamais vu d'autre, je gage ?</s>
</p>
</sp>
<sp who='L-INTENDANTE'><speaker>L'INTENDANTE.</speaker>
<p id='19'>
	<s id='1'>Je ne l'avais pas encore remarqué.</s>
</p>
</sp>
<sp who='LE-CHEVALIER'><speaker>LE CHEVALIER.</speaker>
<p id='20'>
	<s id='1'>Nous sommes tous intéressés à ne pas souffrir ce maraud davantage dans une si honnête compagnie.</s>
</p>
</sp>
<sp who='DORIMÈNE'><speaker>DORIMÈNE.</speaker>
<p id='21'>
	<s id='1'>À quoi se terminera tout ceci ?</s>
</p>
</sp>
<sp who='MERLIN'><speaker>MERLIN.</speaker>
<p id='22'>
	<s id='1'>Voyez, voyez, sous sa ringrave, Madame !</s>
</p>
</sp>
<sp who='LA-COMTESSE'><speaker>LA COMTESSE.</speaker>
<p id='23'>
	<s id='1'>Vraiment, vous vous moquez, je n'y veux point regarder !</s>
</p>
</sp>
<sp who='LE-CHEVALIER'><speaker>LE CHEVALIER.</speaker>
<p id='24'>
	<s id='1'>Ce malheureux m'impatiente. </s>
	<s id='2'>Faites-le sortir, Messieurs, je vous en conjure.</s>
</p>
</sp>
<sp who='MERLIN'><speaker>MERLIN.</speaker>
<note type="L">Equipot : est une espèce de petit tronc ou boîte, qui est dans la boutique des barbiers, ou les garçons mettent tout l'argent qu'ils reçoivent de la façon des barbes, qu'ils partagent ensuite avec le maître. [F]</note>
<p id='25'>
	<s id='1'>Regardez, regardez, Messieurs. </s>
	<s id='2'>Tout son bonheur est là-dessous, dans un esquipot.</s>
</p>
</sp>
<sp who='LE-MARQUIS'><speaker>LE MARQUIS.</speaker>
<p id='26'>
	<s id='1'>Dans un esquipot !</s>
</p>
</sp>
<sp who='LE-CHEVALIER'><speaker>LE CHEVALIER.</speaker>
<p id='27'>
	<s id='1'>Messieurs, cela ne se pratique point.</s>
</p>
</sp>
<sp who='DORANTE'><speaker>DORANTE.</speaker>
<p id='28'>
	<s id='1'>Ne vous fâchez pas, Monsieur le chevalier !</s>
</p>
</sp>
<sp who='MERLIN'><speaker>MERLIN.</speaker>
<p id='29'>
	<s id='1'>Voyez, voyez, il s'en servait tout à l'heure avec moi, et il n a pas eu le temps de l'ôter.</s>
</p>
</sp>
<sp who='LE-CHEVALIER'><speaker>LE CHEVALIER.</speaker>
<p id='30'>
	<s id='1'>Cela ne se fait point, cadedis ! </s>
	<s id='2'>Madame, empêchez chez vous le désordre, c'est une pièce qu'on me fait.</s>
</p>
</sp>
<sp who='ÉRASTE'><speaker>ÉRASTE.</speaker>
<p id='31'>
	<s id='1'>Oh ! </s>
	<s id='2'>Parbleu ! </s>
	<s id='3'>L'esquipot n'est point un mensonge.</s>
</p>
</sp>
<sp who='LE-CHEVALIER'><speaker>LE CHEVALIER.</speaker>
<p id='32'>
	<s id='1'>Monsieur, je me prends à vous de cette insulte.</s>
</p>
</sp>
<sp who='ÉRASTE'><speaker>ÉRASTE.</speaker>
<p id='33'>
	<s id='1'>Va, misérable, je t'en ferai raison à coups de canne !</s>
</p>
</sp>
<sp who='LE-CHEVALIER'><speaker>LE CHEVALIER.</speaker>
<p id='34'>
	<s id='1'>Madame, Madame, vous souffrez qu'on me traite de cette sorte dans votre logis ?</s>
</p>
</sp>
<sp who='LA-COMTESSE'><speaker>LA COMTESSE.</speaker>
<p id='35'>
	<s id='1'>Un esquipot à Monsieur le chevalier de Bellemonte ! </s>
	<s id='2'>Je le croyais le plus honnête homme de toute la Gascogne.</s>
</p>
</sp>
<sp who='MERLIN'><speaker>MERLIN.</speaker>
<p id='36'>
	<s id='1'>Lui, Madame ? </s>
	<s id='2'>Il est bas Normand, je vous en réponds !</s>
</p>
</sp>
<sp who='LE-CHEVALIER'><speaker>LE CHEVALIER.</speaker>
<p id='37'>
	<s id='1'>Par la sandis, je te mettrai les oreilles à l'écart !</s>
</p>
</sp>
<sp who='MERLIN'><speaker>MERLIN.</speaker>
<note type="L">Falaise : ville de Normandie dans le département du Calvados, où est né Guillaume le Conquérant.</note>
<p id='38'>
	<s id='1'>Parce qu'il parle gascon, vous le croyez de Gascogne ? </s>
	<s id='2'>Mais c'est le fils d'un barbier de Falaise, ou le diable m'emporte !</s>
</p>
</sp>
<sp who='LE-CHEVALIER'><speaker>LE CHEVALIER.</speaker>
<p id='39'>
	<s id='1'>Oh ! </s>
	<s id='2'>Bien, bien, continue. </s>
	<s id='3'>Puisque l'on veut plaisanter, je plaisante mieux qu'homme du monde.</s>
</p>
</sp>
<sp who='DORIMÈNE'><speaker>DORIMÈNE.</speaker>
<p id='40'>
	<s id='1'>Ôte-toi d'ici, misérable, et ne parais jamais où je serai !</s>
</p>
</sp>
<sp who='LE-CHEVALIER'><speaker>LE CHEVALIER.</speaker>
<p id='41'>
	<s id='1'>Ouais, ceci passe la raillerie ! </s>
	<s id='2'>Dorante, ne me poussez pas davantage.</s>
</p>
</sp>
<sp who='DORIMÈNE'><speaker>DORIMÈNE.</speaker>
<p id='42'>
	<s id='1'>Sors donc, maroufle, ou je te donnerai mille soufflets !</s>
</p>
</sp>
<sp stage="toward" who='LE-CHEVALIER'><speaker>LE CHEVALIER, à Dorimène.</speaker>
<p id='43'>
	<s id='1'>Par la sandis, Madame, vous n'en usez pas bien ! </s>
	<s id='2'>Je sors.</s>
</p>
</sp>
<sp who='DORIMÈNE'><speaker>DORIMÈNE.</speaker>
<p id='44'>
	<s id='1'>Je te reconduirai jusqu'à la porte.</s>
</p>
</sp>
<sp who='CLITANDRE'><speaker>CLITANDRE.</speaker>
<p id='45'>
	<s id='1'>Oui, oui, reconduisez celui-là, nous aurons soin de celui-ci.</s>
</p>
</sp>
</div2>
<div2 type="scene" n='14'><head>SCÈNE XIV. Dorimène, La Comtesse, L'Intendante, Le Marquis, Angélique, Clitandre, Éraste, Lisette, Merlin.</head>
<sp who='MERLIN'><speaker>MERLIN.</speaker>
<p id='1'>
	<s id='1'>Eh, Messieurs !</s>
</p>
</sp>
<sp who='ÉRASTE'><speaker>ÉRASTE.</speaker>
<p id='2'>
	<s id='1'>Iras-tu ?</s>
</p>
</sp>
<sp who='DORIMÈNE'><speaker>DORIMÈNE.</speaker>
<p id='3'>
	<s id='1'>Eh ! </s>
	<s id='2'>De grâce, épargnez-le un peu, je vous prie.</s>
</p>
</sp>
<sp who='MERLIN'><speaker>MERLIN.</speaker>
<p id='4'>
	<s id='1'>Messieurs, ne nous mettez point dehors en même temps, il m'assommerait dans la rue.</s>
</p>
</sp>
<sp who='DORANTE'><speaker>DORANTE.</speaker>
<p id='5'>
	<s id='1'>Faites grâce à mon valet, je vous en conjure. </s>
	<s id='2'>Il est plus honnête homme que l'autre ; c'est moi qui lui ai fait jouer ce personnage pour détromper Madame, et lui faire voir quel homme c'était que le chevalier.</s>
</p>
</sp>
<sp who='DORIMÈNE'><speaker>DORIMÈNE.</speaker>
<p id='6'>
	<s id='1'>Je suis ravie d'être désabusée, Dorante, et je vous donne ma fille, pourvu que vous appreniez à jouer, et que vous veniez avec moi en Angleterre.</s>
</p>
</sp>
<sp who='DORANTE'><speaker>DORANTE.</speaker>
<p id='7'>
	<s id='1'>Je vous suivrai partout, Madame.</s>
</p>
</sp>
<sp who='L-INTENDANTE'><speaker>L'INTENDANTE.</speaker>
<p id='8'>
	<s id='1'>Nous jouerons donc quelque reprise de lansquenet en faveur du mariage ?</s>
</p>
</sp>
<sp who='DORANTE'><speaker>DORANTE.</speaker>
<p id='9'>
	<s id='1'>Nous ferons tout ce qu'il vous plaira, Madame.</s>
</p>
</sp>
<sp who='MERLIN'><speaker>MERLIN.</speaker>
<p id='10'>
	<s id='1'>Et si l'on veut, je fournirai les cartes.</s>
</p>
</sp>
</div2>
</div1>
</body>
</text>
</TEI>
