<?xml version="1.0" encoding='utf-8'?>
<TEI xml:lang="fr">
<teiHeader>
		<fileDesc>
			<titleStmt>
				<title>NOUVEAU PROLOGUE, ET NOUVEAUX DIVERTISSEMENTS POUR LA COMÉDIE DES AMANTS MAGNIFIQUES</title>
				<author type="texte" ISNI="0000 0001 1022 0873">DANCOURT (1661-1725)</author>
				<date>1699</date>
			</titleStmt>
			<publicationStmt>	
				<p>publié par Paul FIEVRE novembre 2013, revu mars 2017.</p>
				<idno>DANCOURT_AMANTS</idno>
			<rights>Creative Commons BY-NC-SA</rights>
			</publicationStmt>
			<SourceDesc>
				<genre>Comédie</genre>
				<inspiration>mythologie</inspiration>			<structure>Deux actes</structure>
				<type>vers</type>
				<periode>1701-1710</periode>
				<taille>250-500</taille>
				<permalien></permalien>
				<liens>
					<lien type="texte cité">Amants magnifiques (les) de Molière</lien>
				</liens>	
			</SourceDesc>
		</fileDesc>
</teiHeader>
<text>
	<front>
		<docTitle>
			<titlePart type="main">NOUVEAU PROLOGUE, ET NOUVEAUX DIVERTISSEMENTS</titlePart>
			<titlePart type="sub">POUR LA COMÉDIE DES AMANTS MAGNIFIQUES</titlePart>
		</docTitle> 
		<docDate value="1704">M. CC. IV.</docDate>
		<docAuthor id="DANCOURT, Florent Carton dit" bio='dancourt'>Par Dancourt</docAuthor>
		<docImprint>
		<privilege date=""><head></head>
		</privilege>
			<acheveImprime id=""></acheveImprime>
			<printer id=''></printer>
		</docImprint>
		<performance>
			<premiere date="1704-06-23" location='Théâtre de la rue des Fossés Saint-Germain'>Représentée pour la première fois le 23 Juin 1704.</premiere>
		</performance>
	<castList><head>ACTEURS.</head>
		<castItem><role id="LA FORTUNE" sex="1" type="P" statut='allégorie' age='A' stat_amour='néant'>LA FORTUNE</role>.</castItem>
		<castItem><role id="NEPTUNE" sex="1" type="D" statut='dieu' age='A' stat_amour='néant'>NEPTUNE</role>.</castItem>
		<castItem><role id="L'AMOUR" sex="1" type="D" statut='dieu' age='A' stat_amour='néant'>L'AMOUR</role>.</castItem>
		<castItem><role id="PEUPLE" sex="9" type="H" statut='peuple' age='A' stat_amour='néant'>PLUSIEURS HABITANTS</role> et Habitantes de la Vallée de Tempé.</castItem>
		<castItem><role id="TRITONS" sex="1" type="D" statut='triton' age='A' stat_amour='néant'>TRITONS</role>.</castItem>
		<castItem><role id="NÉRÉIDES" sex="2" type="D" statut='néreide' age='A' stat_amour='néant'>NÉRÉIDES</role>, etc.</castItem>
	</castList>
	<set location="Lieu mythologique" country='Pays mythologique' periode='Temps mythologiques' gps="(N/A)">La Scène est dans la Vallée de Tempé.</set>
</front>
<body>
<div1 type="act" n='1'><head>PROLOGUE.</head>
<div2 type="scene" n='1'><head>SCÈNE I.</head>
<sp stage="alone" who='LA FORTUNE'><speaker>LA FORTUNE, seule. </speaker>
<note type="L">Fortune : Terme du polythéisme gréco-romain. Divinité qui présidait aux hasards de la vie. Le temple de la Fortune. Les anciens représentaient la Fortune sous forme d'une femme, tantôt assise et tantôt debout, ayant un gouvernail, avec une roue à côté d'elle, pour marquer son inconstance, et tenant dans sa main une corne d'abondance. [L]</note>
	<l id='1'>Dans ce Vallon délicieux </l>
	<l id='2'>Que de ses dons simples, mais précieux, </l>
	<l id='3'>La nature paraît avoir, par préférence, </l>
	<l id='4'>Orné même aux dépens de tous les autres lieux, </l>
	<l id='5'>Joignons tout ce que l'art et la magnificence, </l>
	<l id='6'>Ont de plus grand, de plus ingénieux. </l>
	<l id='7'>Deux Princes, deux rivaux, pleins d'une ardeur extrême, </l>
	<l id='8'>Unissent tous leurs soins pour dompter la fierté </l>
	<l id='9'>D'un jeune objet qui, contre Vénus même, </l>
	<l id='10'>Peut disputer de la beauté. </l>
	<l id='11'>Dans ces aimables lieux sa mère l'a conduite. </l>
	<l id='12'>Les Princes à ses yeux font briller tour à tour </l>
	<l id='13'>Tout ce qui peut relever leur mérite, </l>
	<l id='14'>Et faire éclater leur amour. </l>
	<l id='15'>Ils m'ont prise pour leur Déesse, </l>
	<l id='16'>Tous deux également m'ont adressé leurs voeux ; </l>
	<l id='17'>C'est au doux succès de leurs feux, </l>
	<l id='18'>Que la Fortune s'intéresse. </l>
	<l id='19'>Mais quoi que je fasse pour eux, </l>
	<l id='20'>Un seul peut obtenir la main de la Princesse, </l>
	<l id='21'>Et de qui que ce soit des deux </l>
	<l id='22'>Que l'on couronne la tendresse, </l>
	<l id='23'>D'autres bienfaits avec largesse </l>
	<l id='24'>Consoleront le malheureux. </l>
<note type="L">Nymphe : Dans le polythéisme gréco-latin, divinité des fleuves, des bois, des montagnes. [L]</note>
<note type="L">Sylvain : Dieu des forêts, dans le polythéisme romain. [L]</note>
	<l id='25'>Nymphes, Sylvains, et vous, ô Troupe fortunée ! </l>
	<l id='26'>Pour qui le Soleil dans son cours </l>
	<l id='27'>N'a jamais fait que de beaux jours, </l>
<note type="L">Pénée : Nom propre d'une grande rivière de la Grèce. Peneus. Elle a sa source dans les montagnes de Mezzovo, qui séparent l'Épire de la Thessalie, coule dans cette dernière province, y baigne Janna, Trica, Tricala et Larissa, et va se décharger dans le golfe de Salonichi, entre les montagnes de Lacha et Cossowo. [T]</note>
	<l id='28'>Tranquilles habitants des rives du Pénée, </l>
	<l id='29'>J'ai besoin de votre secours. </l>
	<l id='30'>Ajoutez aux douceurs charmantes </l>
	<l id='31'>Qu'on goûte en cet heureux séjour, </l>
	<l id='32'>De tendres jeux, et des fêtes galantes, </l>
	<l id='33'>Qui puissent inspirer l'amour. </l>
	<l id='34'>Par votre exemple invitez la Princesse </l>
	<l id='35'>À ne pas résister à des charmes si doux ; </l>
	<l id='36'>Et si son coeur se rend à la tendresse, </l>
	<l id='37'>Si par vos soins elle prend un époux, </l>
	<l id='38'>Je joindrai dans ces lieux le don de la richesse </l>
	<l id='39'>À ce que la nature a déjà fait pour vous.</l>
	<l id='40'>Mais quoi ? Nul ici ne s'empresse </l>
	<l id='41'>De répondre à ce que je veux ? </l>
	<l id='42'>Ne suis-je donc plus la Déesse </l>
	<l id='43'>Par qui les mortels sont heureux ? </l>
	<l id='44'>Pour avoir méprisé tant de voeux qu'on m'adresse, </l>
	<l id='45'>Essuierai-je à mon tour le reproche honteux </l>
	<l id='46'>D'avoir eu l'indigne faiblesse </l>
	<l id='47'>De former d'inutiles voeux ? </l>
<note type="L">Neptune : Terme du polythéisme latin. Divinité présidant à la mer, et l'un des douze grands dieux. [L]</note>
	<l id='48'>Neptune, puissant Dieu des ondes, </l>
	<l id='49'>Toi dont le vaste Empire est soumis à mes lois, </l>
	<l id='50'>Sors pour quelques moments de tes grottes profondes, </l>
	<l id='51'>Et sois attentif à ma voix ; </l>
	<l id='52'>Punis ces peuples pleins d'audace, </l>
	<l id='53'>Qui méprisent de m'obéir : </l>
	<l id='54'>Que tes flots écumeux viennent les engloutir, </l>
	<l id='55'>Que de ces beaux vallons les mers prennent la place, </l>
	<l id='56'>Et qu'on ne puisse avoir l'orgueil de s'applaudir, </l>
	<l id='57'>D'avoir impunément mérité ma disgrâce. </l>
<stage type="entrance">Neptune sort de la mer. </stage>
</sp>
</div2>
<div2 type="scene" n='2'><head>SCÈNE II. Neptune, La Fortune.</head>
<sp who='NEPTUNE'><speaker>NEPTUNE.</speaker>
	<l id='58'>Ma fille, (car toujours pour toi </l>
	<l id='59'>J'ai conservé des sentiments de père) </l>
	<l id='60'>Comme moi l'on te peint légère, </l>
	<l id='61'>De grâce en tout imite-moi. </l>
	<l id='62'>Je mets un frein aux mers que je tiens sous ma loi, </l>
	<l id='63'>Mets-en, ma fille, à ta colère, </l>
	<l id='64'>Pardonne aux Peuples de tes bords </l>
	<l id='65'>Le peu d'empressement qu'ils marquent de te plaire. </l>
	<l id='66'>Tes promesses et tes trésors </l>
	<l id='67'>Sont des biens dont ils n'ont que faire ; </l>
	<l id='68'>En vain tu crois gagner leurs coeurs </l>
	<l id='69'>Par l'espoir de la récompense, </l>
	<l id='70'>Les richesses et les grandeurs </l>
	<l id='71'>Ne touchent point des coeurs nés pour l'Indépendance ; </l>
	<l id='72'>Il ne cherche point tes faveurs,</l>
	<l id='73'>Et ne craignent point ta puissance. </l>
</sp>
<sp who='LA FORTUNE'><speaker>LA FORTUNE.</speaker>
	<l id='74'>Hé ! Quels mortels pourraient ne la pas redouter ? </l>
</sp>
<sp who='NEPTUNE'><speaker>NEPTUNE.</speaker>
	<l id='75'>Ceux qui n'ont rien à craindre, et rien à souhaiter. </l>
	<l id='76'>Les Habitants de ces belles retraites, </l>
	<l id='77'>Qui, par des décrets éternels, </l>
	<l id='78'>Ressentent des douceurs parfaites </l>
	<l id='79'>Dont jouissent les Immortels. </l>
	<l id='80'>Qui, sans soins, sans désirs, dans l'heureuse innocence, </l>
	<l id='81'>Ne font fumer l'encens sur nos Autels, </l>
	<l id='82'>Que par amour et par reconnaissance. </l>
	<l id='83'>Presque au-dessus des demi-Dieux, </l>
	<l id='84'>Il ne faut pas qu'aucun de nous prétende </l>
	<l id='85'>Les gouverner d'un air impérieux, </l>
	<l id='86'>Et c'est en les payant enfin qu'on leur commande. </l>
	<l id='87'>Venez, accourez à la voix </l>
	<l id='88'>De Neptune qui vous appelle : </l>
	<l id='89'>C'est sans vouloir vous imposer de lois, </l>
	<l id='90'>Que la Fortune attend de votre zèle, </l>
	<l id='91'>Qu'aujourd'hui vous fassiez pour elle, </l>
	<l id='92'>Ce que pour d'autres Dieux vous fîtes tant de fois. </l>
	<l id='93'>Joignez-vous aux Nymphes des bois. </l>
<note type="L">Triton : Terme de mythologie. Dieu de la mer, que la Fable fait fils de Neptune et d'Amphitrite, qui a figure humaine et dont le corps se termine en poisson. [L]</note>
<note type="L">Néréïde : Divinités fabuleuses des païens, qu'ils croyaient habiter dans la mer. On voit leurs noms et leurs généalogies dans Hésiode en sa Théogonie. Les Néréïdes étaient cinquante. Elles étaient filles de Nérée et de Doride. [T]</note>
	<l id='94'>Les Tritons et les Néréides </l>
	<l id='95'>Vont quitter, comme moi, leurs demeures humides, </l>
	<l id='96'>Pour former avec vous des concerts et des jeux, </l>
	<l id='97'>Nobles amusements d'une aimable jeunesse, </l>
	<l id='98'>Qui puissent attirer les regards curieux </l>
	<l id='99'>De l'incomparable Princesse, </l>
	<l id='100'>Que deux Princes rivaux régalent en ces lieux. </l>
	<l id='101'>Au pied de ce coteau qui nous cache la plaine, </l>
	<l id='102'>Cette jeune Cour se promène. </l>
	<l id='103'>On entend une symphonie par échos. </l>
	<l id='104'>Le bruit de vos concerts commence à retentir, </l>
	<l id='105'>Hâtons-nous, commençons la fête. </l>
	<l id='106'>Du spectacle qu'on leur apprête, </l>
	<l id='107'>Les échos vont les avertir ? </l>
</sp>
</div2>
<div2 type="scene" n='3'><head>SCÈNE III. Neptune, La Fortune, plusieurs Habitants et Habitantes de la Vallée de Tempé, Tritons, etc.</head>
<stage type="entrance">Entrée.</stage>
<stage type="title">Air.</stage>
<sp who='UNE HABITANTE'><speaker>UNE HABITANTE de la Vallée de Tempé.</speaker>
<note type="L">Tempé : Vallée de Thessalie entre le mont Ossa et l'Olympe. [L]</note>
	<l id='108'>Sur cet agréable rivage, </l>
	<l id='109'>Où les zéphyrs règnent toujours, </l>
	<l id='110'>En amour, comme en voyage, 	</l>
	<l id='111'>Sans crainte on s'engage ; </l>
	<l id='112'>On n'a jamais que de beaux jours, </l>
	<l id='113'>On n'y ressent aucun orage, </l>
	<l id='114'>Et l'inconstance des amours </l>
	<l id='115'>N'y fait jamais d'Amant volage. </l>
<stage type="entrance">Entrée.</stage>
<stage type="title">Air.</stage>
</sp>
<sp who='UN HABITANT'><speaker>UN HABITANT de la Vallée de Tempé.</speaker>
	<l id='116'>Que la Princesse est jeune et belle ! </l>
	<l id='117'>Nymphes, ne vous irritez pas </l>
	<l id='118'>De ne pas l'emporter sur elle. </l>
	<l id='119'>La mère des Amours, Vénus est immortelle, </l>
	<l id='120'>Et Vénus même a moins d'appas. </l>
<stage type="entrance">Entrée.</stage>
<stage type="title">Air.</stage>
</sp>
<sp who='UN HABITANT'><speaker>UN HABITANT de la Vallée de Tempé.</speaker>
	<l id='121'>Dans l'Empire des Amours, </l>
	<l id='122'>Et sur les flots de Neptune, </l>
	<l id='123'>J'ai fait voyage de long cours, </l>
	<l id='124'>Toujours aidé de la Fortune. </l>
	<l id='125'>Qui ne risque rien a grand tort ; </l>
	<l id='126'>Quand on échappe du naufrage, </l>
	<l id='127'>On goûte mieux un heureux sort, </l>
	<l id='128'>Et c'est assez souvent l'orage </l>
	<l id='129'>Qui nous amène dans le port. </l>
</sp>
</div2>
<div2 type="scene" n='4'><head>SCÈNE IV. Neptune, La Fortune, l'Amour, etc.</head>
<stage type="entrance">Entrée.</stage>
<sp stage="entrance/fly" who="L'AMOUR"><speaker>L'AMOUR, paraît sur un nuage.</speaker>
	<l id='130'>Dans les jeux et dans les concerts, </l>
	<l id='131'>On ne trouva jamais ma présence importune ; </l>
	<l id='132'>Et je viens du plus haut des airs, </l>
	<l id='133'>Voir cette fête peu commune, </l>
	<l id='134'>Que d'accord avec la Fortune, </l>
	<l id='135'>Ordonne ici le Dieu des mers. </l>
</sp>
<sp who='LA FORTUNE'><speaker>LA FORTUNE.</speaker>
	<l id='136'>Nulle fête sans vous ne saurait être belle, </l>
	<l id='137'>Les plus doux jeux vous sont tous consacrés, </l>
	<l id='138'>Et l'on attend de vous que pour faveur nouvelle, </l>
	<l id='139'>À ceux-ci vous présiderez : </l>
	<l id='140'>Ainsi que moi, Neptune s'intéresse </l>
	<l id='141'>À favoriser les Amants, </l>
	<l id='142'>Qui cherchent à toucher le coeur de la Princesse. </l>
</sp>
<sp who="L'AMOUR"><speaker>L'AMOUR.</speaker>
	<l id='143'>Je destine à l'un d'eux les biens les plus charmants. </l>
	<l id='144'>Jusqu'ici la Princesse à mon pouvoir rebelle, </l>
	<l id='145'>En vain voudra dissimuler </l>
	<l id='146'>Les feux dont elle va brûler ; </l>
	<l id='147'>Et mes traits aujourd'hui doivent triompher d'elle. </l>
	<l id='148'>Sûr de cette victoire en ce charmant séjour, </l>
	<l id='149'>J'ai donné rendez-vous au Dieu de l'Hyménée ; </l>
	<l id='150'>Par lui dans cette jeune Cour, </l>
	<l id='151'>Ma suite et la sienne amenée, </l>
	<l id='152'>Termineront cet heureux jour, </l>
	<l id='153'>Et vous verrez l'heureuse destinée </l>
	<l id='154'>Que peut faire l'hymen d'accord avec l'Amour. </l>
<stage type="together">Duo.</stage>
	<l id='155'>Quels doux plaisirs </l>
	<l id='156'>Le Dieu des Amours donne, </l>
	<l id='157'>Quand on fait ce qu'il ordonne ! </l>
	<l id='158'>Quels doux plaisirs ; </l>
	<l id='159'>Qu'ici l'Écho ne résonne </l>
	<l id='160'>Que de nos tendres soupirs. </l>
</sp>
</div2>
</div1>
<div1 type="act" n='2'><head>INTERMÈDES.</head>
<div2 type="scene" n='1'><head>Ier INTERMÈDE.</head>
<stage type="entrance/danse/music">Cléonice présente à la Princesse Ériphyle, des Musiciennes et des Danseurs, qui veulent entrer à son service, et qui lui donnent le Divertissement qui suit. </stage>
<note type="L">Éripgyle : Soeur d'Adraste, Roi d'Argos. Monsieur de Voltaire a donné en 1732. une Tragédie qui a pour sujet la mort d'Eriphyle. [T]</note>
<sp who='CLÉONICE'><speaker>CLÉONICE.</speaker>
	<l id='161'>Cruel Amour, tyran des coeurs, </l>
	<l id='162'>Que tu te plais à nous séduire, </l>
	<l id='163'>Par l'appas des tendres douceurs, </l>
	<l id='164'>Dont l'espoir flatteur nous attire ! </l>
	<l id='165'>Cruel amour, tyran des coeurs, </l>
	<l id='166'>Que l'on souffre sous ton empire ! </l>
	<l id='167'>Si quand on ressent tes ardeurs, </l>
	<l id='168'>Le devoir défend de le dire. </l>
	<l id='169'>Amour, adoucis les rigueurs </l>
	<l id='170'>Des lois qu'on a su nous prescrire, </l>
	<l id='171'>Et fais sentir à nos Vainqueurs </l>
	<l id='172'>Le même feu qui nous inspire. </l>
	<l id='173'>Cruel Amour, tyran des coeurs, </l>
	<l id='174'>Que tu te plais à nous séduire, </l>
	<l id='175'>Par l'appas des tendres douceurs, </l>
	<l id='176'>Dont l'espoir flatteur nous attire ! </l>
<stage type="entrance">Entrée.</stage>
</sp>
<sp who='UN MUSICIEN'><speaker>UN MUSICIEN.</speaker>
	<l id='177'>Je sais aimer et souffrir sans me plaindre, </l>
	<l id='178'>Et je sais mieux encore être heureux sans parler, </l>
	<l id='179'>Mépris, faveurs, rien ne saurait éteindre </l>
	<l id='180'>La vive ardeur dont je me sens brûler. </l>
	<l id='181'>Dans vos beaux yeux je vois briller </l>
	<l id='182'>Des feux que vous voulez contraindre, </l>
	<l id='183'>Et que vous sentez redoubler. </l>
	<l id='184'>Est-ce amour ou courroux ? Dois-je espérer ou craindre ? </l>
<stage type="together">Duo.</stage>
	<l id='185'>Un jeune coeur qui commence d'aimer </l>
	<l id='186'>Tremble assez souvent de le dire ; </l>
	<l id='187'>La bouche n'ose l'exprimer, </l>
	<l id='188'>Dans les regards, heureux qui le peut lire. </l>
<stage type="entrance">Entrée gaie.</stage>
</sp>
</div2>
<div2 type="scene" n='2'><head>IIème INTERMÈDE.</head>
<sp who='LA NYMPHE'><speaker>LA NYMPHE de la Vallée de Tempé.</speaker>
	<l id='189'>Venez, Princesse charmante, </l>
	<l id='190'>Répondez à nos désirs, </l>
	<l id='191'>Et ne méprisez pas les innocents plaisirs </l>
	<l id='192'>Que notre désert vous présente. </l>
	<l id='193'>N'y cherchez point l'éclat des fêtes de la Cour ; </l>
	<l id='194'>On ne parle ici que d'amour, </l>
	<l id='195'>Ce n'est que d'amour qu'on y chante. </l>
</sp>
<sp who='LE FAUNE'><speaker>UN FAUNE.</speaker>
	<l id='196'>Vous mentez Nymphe, vous mentez ; </l>
	<l id='197'>Et quelque soin que l'Amour prenne, </l>
	<l id='198'>Ses plaisirs sont ici moins chantés, </l>
<note type="L">Bacchus : Nom d'un Dieu des Païens. Bacchus était fils de Jupiter et de Proserpine, selon une hymne attribuée à Orphée : mais selon Homère, dans l'hymne qu'il a faite à l'honneur de Bacchus, selon Hésiode, Theogon. v. 941. selon une autre hymne attribuée à Orphée, et selon le sentiment général des poètes, il était fils de Jupiter et de Sémélé. [T]</note>
<note tppe="L">Silène : Demi-dieu, fils de Pan et d'une nymphe, père nourricier et compagnon de Bacchus. [L]</note>
	<l id='199'>Que Bacchus et le bon Silène. </l>
	<l id='200'>Il n'est qu'un temps </l>
	<l id='201'>Où les Amants </l>
	<l id='202'>Goûtent un sort digne d'envie. </l>
	<l id='203'>On aime pour quelques moments, </l>
	<l id='204'>On peut boire toute sa vie. </l>
</sp>
<sp who='CORIDON'><speaker>CORIDON.</speaker>
	<l id='205'>Loin d'ici, Faune téméraire, </l>
	<l id='206'>Qui semblez mépriser l'Amour, </l>
	<l id='207'>C'est le chagrin de ne plus savoir plaire, </l>
	<l id='208'>Qui vous fait faire </l>
	<l id='209'>À Bacchus votre cour. </l>
<stage type="sing">Il chante.</stage>
	<l id='210'>Quand d'une Nymphe adorable </l>
	<l id='211'>On a souffert mille refus, </l>
	<l id='212'>On croit se consoler à table </l>
	<l id='213'>Des plaisirs que l'on a perdus. </l>
	<l id='214'>On aime tant qu'on est aimable, </l>
	<l id='215'>Et l'on boit quand on ne l'est plus. </l>
</sp>
<sp who='LE FAUNE'><speaker>LE FAUNE.</speaker>
	<l id='216'>Je suis toujours aimable, et si toujours je bois, </l>
	<l id='217'>Et souvent et beaucoup ; mais toi,</l>
	<l id='218'>Si ta morale est véritable, </l>
	<l id='219'>Sans avoir eu jamais le bonheur d'être aimable, </l>
	<l id='220'>Tu seras sans plaisir plus ivrogne que moi. </l>
</sp>
<sp who='CORIDON'><speaker>CORIDON.</speaker>
	<l id='221'>Voici la beauté que j'adore. </l>
	<l id='222'>L'Amour en ma faveur conduit ici ses pas ; </l>
	<l id='223'>La Belle encore </l>
	<l id='224'>Ne sait pas </l>
	<l id='225'>Quel feu me dévore. </l>
	<l id='226'>Rendons hommage à ses appas, </l>
	<l id='227'>Apprenons-lui ce qu'elle ignore. </l>
</sp>
<sp who='LE FAUNE'><speaker>LE FAUNE.</speaker>
	<l id='228'>Je vois venir de ce côté </l>
	<l id='229'>Une jeune beauté, </l>
	<l id='230'>Dont sans vanité </l>
	<l id='231'>Je ne serai pas rebuté ; </l>
	<l id='232'>Car elle aime à boire, </l>
	<l id='233'>Elle en fait gloire. 	</l>
	<l id='234'>Ô la douce félicité ; </l>
	<l id='235'>Quelle victoire, </l>
	<l id='236'>D'en être à tes yeux bien traité ? </l>
	<l id='237'>Sus, sus, voyons, esprit malade, </l>
	<l id='238'>Amoureux fade, </l>
	<l id='239'>Qui de nous deux aura le plutôt surmonté </l>
	<l id='240'>La fierté </l>
<note type="L">Dryade : Terme du polythéisme gréco-latin. Divinités qui faisaient leur demeure dans les bois, et qui y présidaient. [L]</note>
	<l id='241'>De ta Nymphe ou de ma Dryade, </l>
<note type="L">Rasade : Vase rempli jusqu'aux bords. [L]</note>
	<l id='242'>En attendant je bois rasade </l>
	<l id='243'>À leur santé. </l>
</sp>
<sp who='CORIDON'><speaker>CORIDON.</speaker>
	<l id='244'>Nymphes, vous voyez deux amants, </l>
	<l id='245'>Qui n'ont rien tant à coeur que de vous pouvoir plaire. </l>
</sp>
<sp who='LE FAUNE'><speaker>LE FAUNE.</speaker>
	<l id='246'>Oh, s'il vous plaît, dans cette affaire </l>
	<l id='247'>N'expliquez que vos sentiments ; </l>
	<l id='248'>Et pour les miens, laissez-moi dire et faire. </l>
</sp>
<sp who='CORIDON'><speaker>CORIDON.</speaker>
	<l id='249'>Depuis longtemps, charmé de vos divins appas, </l>
	<l id='250'>Je languis nuit et jour, je brûle, je soupire. </l>
</sp>
<sp who='LE FAUNE'><speaker>LE FAUNE.</speaker>
	<l id='251'>J'aime à boire, à chanter, à folâtrer, à rire. </l>
	<l id='252'>Vous me plaisez beaucoup ; mais je ne languis pas. </l>
</sp>
<sp who='PHILIS'><speaker>PHILIS.</speaker>
	<l id='253'>Bon, sans perdre temps à nous dire </l>
	<l id='254'>Ce que tous deux vous avez dans le coeur, </l>
	<l id='255'>Prenez le soin de nous instruire </l>
	<l id='256'>De vos talents, de votre humeur. </l>
</sp>
<sp who='LE FAUNE'><speaker>LE FAUNE.</speaker>
	<l id='257'>C'est un beau fils, un fidèle Pasteur, </l>
	<l id='258'>Et moi je suis un pétulant Satyre. </l>
	<l id='259'>Il va vous chanter son martyre, </l>
	<l id='260'>Je vous chanterai mon ardeur. </l>
</sp>
<sp who='CORIDON'><speaker>CORIDON.</speaker>
	<l id='261'>Aux beautés les plus cruelles </l>
	<l id='262'>J'adresse toujours mes voeux ; </l>
	<l id='263'>Les coeurs à l'amour rebelles </l>
	<l id='264'>Tôt ou tard sentent ses feux. </l>
	<l id='265'>Pour nous faire aimer des Belles </l>
	<l id='266'>Soyons-en bien amoureux ; </l>
	<l id='267'>Soyons discrets et fidèles </l>
	<l id='268'>Pour être longtemps heureux. </l>
</sp>
<sp who='CORINNE'><speaker>CORINNE.</speaker>
	<l id='269'>Hé bien ! Là, parlez donc, faut-il tant hésiter ? </l>
	<l id='270'>As-tu besoin d'un Interprète ? </l>
	<l id='271'>Quand on trouve ce qu'on souhaite, </l>
	<l id='272'>Doit-on tarder à l'accepter ? </l>
	<l id='273'>Tu l'aimes, je le vois, c'est une affaire faite. </l>
	<l id='274'>Vous pouvez espérer, Pasteur, sans vous flatter </l>
	<l id='275'>Ce silence obstiné découvre sa faiblesse, </l>
	<l id='276'>Et ses regards se déclarent pour vous. </l>
	<l id='277'>La bouche sert à marquer le courroux, </l>
	<l id='278'>Les yeux expliquent la tendresse. </l>
</sp>
<sp who='LE FAUNE'><speaker>LE FAUNE.</speaker>
	<l id='279'>Je sers et Bacchus et l'Amour ; </l>
	<l id='280'>Bacchus me fait aimer, l'Amour m'excite à boire. </l>
	<l id='281'>Jeune Nymphe, veux-tu m'en croire ? </l>
	<l id='282'>Sers aussi ces Dieux tour à tour. </l>
	<l id='283'>Nous brûlerons d'une ardeur éternelle, </l>
	<l id='284'>Le vin augmentera nos feux, </l>
	<l id='285'>Il te rendra cent fois plus belle, </l>
	<l id='286'>Et moi cent fois plus amoureux. </l>
	<l id='287'>Hé bien ! Qu'en penses-tu ! N'as-tu rien à dire ? </l>
	<l id='288'>Je te vois là tout je ne sais comment ; </l>
	<l id='289'>C'est bon signe pour moi vraiment. </l>
	<l id='290'>Jeune Nymphe qu'Amour inspire, </l>
	<l id='291'>Est volontiers confuse auprès d'un tendre amant, </l>
	<l id='292'>Qui lui vient amoureusement </l>
	<l id='293'>De faire entendre son martyre. </l>
	<l id='294'>Enfin l'augure que j'en tire, </l>
	<l id='295'>Est que l'on est très sûrement </l>
	<l id='296'>Contente de mon compliment. </l>
</sp>
<sp who='CORINNE'><speaker>CORINNE.</speaker>
	<l id='297'>D'accord, c'est trop longtemps me taire, </l>
	<l id='298'>Et Bacchus et l'Amour ont des charmes pour moi : </l>
	<l id='299'>Boire, aimer tour à tour, voilà bien mon affaire, </l>
	<l id='300'>J'aime fort volontiers, fort volontiers je bois ; </l>
	<l id='301'>Mais, Satyre, je ne veux faire </l>
	<l id='302'>Ni l'un ni l'autre avecque toi. </l>
</sp>
<sp who='LE FAUNE'><speaker>LE FAUNE.</speaker>
	<l id='303'>Tu te trompes, Dryade folle, </l>
	<l id='304'>Si tu crois mon coeur enflammé </l>
	<l id='305'>Au point d'être fort alarmé </l>
	<l id='306'>De désobligeante parole.</l>
	<l id='307'>À ces sottises-là je suis accoutumé. </l>
	<l id='308'>Ma flamme méprisée avec le vin s'envole ; </l>
	<l id='309'>Et quand je ne suis pas aimé, </l>
	<l id='310'>Voilà comme je me console.</l>
<stage type="entrance">Entrée.</stage>
<stage type="together">Duo.</stage>
	<l id='311'>Quand on méprise un coeur tendre, </l>
	<l id='312'>De le guérir Bacchus prend soin. </l>
	<l id='313'>Ah, quel remède ! Heureux qui le sait prendre, </l>
	<l id='314'>Mais plus heureux qui n'en a pas besoin. </l>
<stage type="entrance">Entrée de Dryades et de Faunes.</stage>
</sp>
</div2>
<div2 type="scene" n='3'><head>III INTERMÈDE.</head>
<sp stage="toward" who='PAN'><speaker>PAN, aux Princesses.</speaker>
	<l id='315'>Des fêtes qu'ici l'on vous donne, </l>
	<l id='316'>Princesses, les Dieux sont jaloux. </l>
	<l id='317'>Et vous voyez Pan qui vient en personne, </l>
	<l id='318'>Avec respect se présenter à vous : </l>
	<l id='319'>Mais de peur que l'on ne raisonne, </l>
	<l id='320'>Qu'avec les Dieux des Bois vous avez rendez-vous, </l>
<note type="L">Flore : Terme de la religion des anciens Latins. La déesse des fleurs. [L]</note>
<note type="L">Pomone : Terme du polythéisme latin. La déesse des fruits. [L]</note>
	<l id='321'>Deux Déesses, Flore et Pomone, </l>
	<l id='322'>Ont bien voulu se joindre à nous. </l>
	<l id='323'>Tandis que l'une et l'autre à l'envi vous régalent, </l>
	<l id='324'>De ce que leur empire a de plus précieux, </l>
	<l id='325'>Qu'en cette grotte elles étalent </l>
	<l id='326'>Fleurs dont les doux parfums dans ces forêts s'exhalent, </l>
	<l id='327'>Fruits pour le goût délicieux, </l>
	<l id='328'>Souffrez, pour occuper vos oreilles, vos yeux, </l>
	<l id='329'>Que nos faunes et nos Dryades, </l>
	<l id='330'>Animés par les tendres sons </l>
	<l id='331'>Des plus amoureuses chansons, </l>
	<l id='332'>Fassent de légères gambades </l>
	<l id='333'>À l'ombre de ces beaux buissons. </l>
<stage type="entrance">Entrée de Faunes.</stage>
</sp>
<sp who='UN FAUNE'><speaker>UN FAUNE.</speaker>
	<l id='334'>Quand un Faune amoureux </l>
	<l id='335'>Trouve une Nymphe au pied d'un hêtre, </l>
	<l id='336'>Pour devenir heureux </l>
	<l id='337'>On croit qu'il n'a qu'à vouloir l'être. </l>
	<l id='338'>Mais quand nos Nymphes une fois </l>
	<l id='339'>Suivent d'Amour les douces lois, </l>
	<l id='340'>Tous nos efforts sont inutiles </l>
	<l id='341'>Pour déranger leur premier choix. </l>
	<l id='342'>Les Nymphes des Villes </l>
	<l id='343'>Sont moins difficiles </l>
	<l id='344'>Que celles des Bois. </l>
</sp>
<sp who='LA DRYADE'><speaker>UNE DRYADE.</speaker>
	<l id='345'>Dans ces agréables Bocages </l>
	<l id='346'>Tout cède aux charmes de l'Amour ; </l>
	<l id='347'>La nature dans ce séjour </l>
	<l id='348'>Lui rend ses plus parfaits hommages. </l>
	<l id='349'>Les Rossignols sous les feuillages </l>
	<l id='350'>Chantent mille plaisirs nouveaux, </l>
	<l id='351'>Et le doux murmure des eaux </l>
	<l id='352'>Parle d'amour à nos rivages. </l>
</sp>
<sp stage="sing" who='MADEMOISELLE SALLÉ'><speaker>MADEMOISELLE SALLÉ, chante.</speaker>
	<l id='353'>Ici les Nymphes des Fontaines </l>
	<l id='354'>Brûlent d'amour au fond des flots, </l>
	<l id='355'>Et l'on n'entretient les Échos </l>
	<l id='356'>Que de plaisirs, jamais de peines. </l>
<stage type="entrance">Entrée.</stage>
</sp>
<sp who='LA DRYADE'><speaker>LA DRYADE.</speaker>
	<l id='357'>Quand dans un coeur </l>
	<l id='358'>L'Amour se glisse, </l>
	<l id='359'>À ce vainqueur </l>
	<l id='360'>Sans résistance il faut qu'on obéisse. </l>
</sp>
<sp who='PAN'><speaker>PAN.</speaker>
	<l id='361'>Ce petit Dieu </l>
	<l id='362'>Souvent dans l'âme </l>
	<l id='363'>Allume un feu, </l>
	<l id='364'>Dont la raison veut surmonter la flamme. </l>
</sp>
<sp who='LA DRYADE'><speaker>LA DRYADE.</speaker>
	<l id='365'>Mais en tous lieux </l>
	<l id='366'>L'Amour égale </l>
	<l id='367'>Hommes et Dieux ; </l>
<note type="L">Aurore : Lumière qui paraît avant que le soleil soit sur l'horizon. Il n'y a rien de plus agréable à voir que le lever de l'aurore, ce sont les nuées éclairées des rayons du soleil. Les Poètes en font une Divinité, dont Céphale était amoureux. [F]</note>
<note type="L">Céphale : Fils de Déjonée, Roi de Phocide, épousa Procris, soeur d'Orithie, Roi d'Athènes. Céphale était bisaïeul d'Ulysse. Euripide dit que l'Aurore enleva aux Cieux Céphale après la mort de Procris. [T]</note>
	<l id='368'>Et sans rougir, l'Aurore aima Céphale. </l>
</sp>
<sp who='PAN'><speaker>PAN.</speaker>
	<l id='369'>Un fier honneur </l>
	<l id='370'>En vain condamne </l>
	<l id='371'>Le choix d'un coeur. </l>
<note type="L">Diane : Nom propre d'une Déesse des anciens païens. Les Grecs l'appellent Artemis. Diane était fille de Jupiter et de Latone, soeur jumelle d'Apollon, née avec lui, dans l'île de Délos, et élevée avec lui, comme le disent Hésiode dans sa Théogonie, v. 14. et 918, et Homère dans l'Hymne qu'il a fait à sa louange, et tous les poètes. [T]</note>
	<l id='372'>Eudimion fut l'Amant de Diane. </l>
<stage type="entrance">Entrée.</stage>
</sp>
</div2>
<div2 type="scene" n='4'><head>IV INTERMÈDE.</head>
<stage type="music/dream">Cet Intermède est un Concert Italien que l'on fait entendre à la Princesse, qui est fort occupée de ses rêveries.</stage>
<sp who='UNE MUSICIENNE'><speaker>UNE MUSICIENNE.</speaker>
	<l id='373'>Teneri cuori, </l>
	<l id='374'>Che vogate </l>
	<l id='375'>Sui mar dei Amori, </l>
	<l id='376'>Non temete, </l>
	<l id='377'>Sospirate : </l>
	<l id='378'>Il vento dei sospiri </l>
	<l id='379'>Accende gli ardori ; </l>
	<l id='380'>E' dolce il vento </l>
	<l id='381'>Che conduce al porto. </l>
	<l id='382'>Teneri cuori, </l>
	<l id='383'>Che vogate </l>
	<l id='384'>Sui mar dei Amori, </l>
	<l id='385'>Non temete, </l>
	<l id='386'>Sospirate. </l>
<stage type="explicit">Dernières paroles de la dernière Scène, qui doivent servir à amener le cinquième Intermède. </stage>
</sp>
<sp who='TIMOCLES'><speaker>TIMOCLES.</speaker>
<p id='1'>
	<s id='1'>Peut-être, Madame ; qu'on ne goûtera pas longtemps la joie du mépris que l'on fait de nous.</s>
</p>
</sp>
<sp who='ARISTIONE'><speaker>ARISTIONE.</speaker>
<p id='2'>
	<s id='1'>Je pardonne toutes ces menaces aux chagrins d'un amour qui se croit offensé, et nous n'en goûterons pas avec moins de tranquillité les délices du charmant séjour où nous sommes.</s>
</p>
</sp>
<sp who='CLITIDAS'><speaker>CLITIDAS.</speaker>
<p id='3'>
	<s id='1'>Oh, pour cela non, Madame, et l'on ne s'en réjouira que mieux. </s>
	<s id='2'>J'ai remarqué tout aujourd'hui que les fêtes dont ces Princes ont pris soin de vous régaler, n'ont pas trop diverti la Princesse ; son esprit était occupé...</s>
</p>
</sp>
<sp who='ÉRIPHYLE'><speaker>ÉRIPHYLE.</speaker>
<p id='4'>
	<s id='1'>Clitidas...</s>
</p>
</sp>
<sp who='CLITIDAS'><speaker>CLITIDAS.</speaker>
<note type="L">Larisse : Nom propre d'une grande ville et Archiépiscopale. Elle est dans la Thessalie, sur le Pénée, environ à dix lieues de son embouchure dans le golfe de Salonichi. [T]</note>
<p id='5'>
	<s id='1'>Je ne dis rien du coeur, Madame, je ne parle que de l'esprit ; et à présent que par un incident tout à fait heureux, il est, grâces au Ciel devenu plus libre, s'il vous plaisait, Madame, vous pourriez prendre le régal d'un petit Divertissement champêtre que j'ai ordonné moi-même à tout hasard, pour vous dédommager du sérieux et de l'ennui des autres. </s>
	<s id='2'>C'est une fille du pays, qui est un peu ma parente, qui vient d'épouser un jeune Matelot d'auprès de Larisse. </s>
</p>
</sp>
<sp who='ÉRIPHYLE'><speaker>ÉRIPHYLE.</speaker>
<p id='6'>
	<s id='1'>Ce sera, je crois, quelque chose de fort beau que ce Divertissement champêtre.</s>
</p>
</sp>
<sp who='ARISTIONE'><speaker>ARISTIONE.</speaker>
<p id='7'>
	<s id='1'>Voyons, ma fille. </s>
	<s id='2'>De simples choses amusent quelquefois agréablement ; et le zèle qu'il a de vous plaire, mérite de n'être pas refusé. </s>
</p>
</sp>
<sp who='CLITIDAS'><speaker>CLITIDAS.</speaker>
<p id='8'>
	<s id='1'>Ah, qu'on est heureux de servir des Princesses qui reçoivent avec tant de bonté les soins qu'on prend de leur être agréable ! Je vais faire venir tout mon monde, et... </s>
</p>
	<l id='387'>La Fortune sur un nuage. </l>
	<l id='388'>J'ai favorisé vos rivaux : </l>
	<l id='389'>Mais de leur intérêt enfin je me sépare, </l>
<note type="L">Sostrate : Jeune homme de la ville de Palée en Achaïe, que l'on dit avoir été l'ami d'Hercule. Après sa mort le Héros qui vivait encore, lui fit élever un tombeau, et se coupa les cheveux sur sa sépulture. [T]</note>
	<l id='390'>Sostrate ; et sans être bizarre, </l>
	<l id='391'>Je puis prendre parti pour un jeune héros, </l>
	<l id='392'>Pour qui l'Amour lui-même se déclare. </l>
	<l id='393'>Après avoir causé vos maux, </l>
	<l id='394'>Il faut bien que je les répare : </l>
	<l id='395'>Jouissez du sort le plus doux, </l>
	<l id='396'>La Fortune et l'Hymen, et l'Amour sont pour vous. </l>
</sp>
<sp who="L'AMOUR"><speaker>L'AMOUR sur un nuage.</speaker>
	<l id='397'>Sostrate, et vous, jeune Princesse, </l>
	<l id='398'>Reconnaissez le Dieu qui vient de vous unir </l>
	<l id='399'>De la plus parfaite tendresse. </l>
	<l id='400'>Servez tous deux d'exemple aux siècles à venir. </l>
	<l id='401'>Le bizarre Dieu d'Hyménée, </l>
	<l id='402'>Qui souvent des heureux amants, </l>
	<l id='403'>Sitôt qu'ils sont époux, changent la destinée, </l>
	<l id='404'>Ne prépare pour vous que les plus doux moments. </l>
	<l id='405'>Pour mériter toujours sa faveur et la mienne, </l>
	<l id='406'>Qui vous promet tant de félicité, </l>
	<l id='407'>Modelez-vous sur la simplicité </l>
	<l id='408'>Des époux qu'en ces lieux Clitidas vous amène. </l>
</sp>
</div2>
<div2 type="scene" n='5'><head>V INTERMÈDE. Plusieurs personnes de la noce.</head>
<stage type="entrance">Entrée.</stage>
<sp who='LE MARIÉ'><speaker>LE MARIÉ.</speaker>
	<l id='409'>Puisque l'Amour nous a préposés pour modèle </l>
	<l id='410'>Du bonheur que l'Hymen vous doit faire éprouver, </l>
	<l id='411'>Voyez-nous faire, et vous allez trouver </l>
	<l id='412'>Une façon sûre et nouvelle </l>
	<l id='413'>De vivre longtemps mariés, </l>
	<l id='414'>Sans pouvoir en être ennuyés </l>
	<l id='415'>Il n'est point cependant de plaisir dans la vie, </l>
	<l id='416'>Qui tôt ou tard ne fatigue ou n'ennuie ; </l>
	<l id='417'>Mais le moyen de ne s'en pas lasser, </l>
	<l id='418'>C'est de les savoir bien placer, </l>
	<l id='419'>Et d'avoir soin qu'on les diversifie. </l>
	<l id='420'>Les prendre tour à tour, rire, chanter, danser, </l>
	<l id='421'>Toujours en bonne compagnie, </l>
	<l id='422'>Et ne se point embarrasser </l>
	<l id='423'>Si sa femme est de la partie. </l>
	<l id='424'>Époux entre eux doivent laisser </l>
	<l id='425'>Et chacune et chacun vivre à sa fantaisie. </l>
	<l id='426'>Le temps est si doux à passer : </l>
	<l id='427'>La bonne chère vient quand la danse est finie ; </l>
	<l id='428'>On boit longtemps, puis on défie </l>
	<l id='429'>Les chagrins de l'Hymen de venir traverser </l>
	<l id='430'>Une félicité de la sorte établie. </l>
	<l id='431'>On dort sans se faire bercer... </l>
	<l id='432'>Pour moi je n'y sais point d'autre cérémonie. </l>
	<l id='433'>Le lendemain c'est à recommencer.</l>
<stage type="entrance">Entrée.</stage>
<stage type="music">Air.</stage>
	<l id='434'>Sans jalousie </l>
	<l id='435'>Nous vivons tous ; </l>
	<l id='436'>Nous tenons pour fous </l>
	<l id='437'>Les Époux </l>
	<l id='438'>Atteints de cette frénésie. </l>
	<l id='439'>En rendez-vous </l>
	<l id='440'>Avec les belles, </l>
	<l id='441'>Sans exiger des faveurs d'elles, </l>
	<l id='442'>On a les plaisirs les plus doux. </l>
	<l id='443'>Et parmi nous </l>
	<l id='444'>Les femmes ne sont fidèles </l>
	<l id='445'>Qu'aux maris chagrins et jaloux. </l>
<stage type="entrance">Entrée.</stage>
<stage type="music">Air.</stage>
	<l id='446'>Ne craignez point, jeunes fillettes, </l>
	<l id='447'>Que trop d'amants suivent vos pas ; </l>
	<l id='448'>Leurs feux, leurs soins, leurs chansonnettes, </l>
	<l id='449'>Donnent du lustre ç vos appas. </l>
	<l id='450'>Le mal n'est pas </l>
	<l id='451'>D'être coquettes ; </l>
	<l id='452'>C'est la manière dont vous l'êtes </l>
	<l id='453'>Qui fait souvent trop de fracas. </l>
<note tye="L">Branle : Est une espèce de danse de plusieurs personnes, qui se tiennent par la main, et qui se mènent tour-à-tour. [FC]</note>
	<l id='454'>Branle pour finir. </l>
	<l id='455'>À ma mère il faut un gendre, </l>
	<l id='456'>Et chacun lui fait la cour : </l>
	<l id='457'>Elle pourrait s'y méprendre, </l>
	<l id='458'>J'en ai su prendre </l>
<note type="L">Fait au tour : Qui est parfaitement bien fait. [FC]</note>
	<l id='459'>Un fait au tour. </l>
	<l id='460'>Dépêchons, Hâtons-nous de nous rendre : </l>
	<l id='461'>Qu'il est doux de céder à l'Amour ! </l>
	<l id='462'>L'Hymen est un esclavage </l>
	<l id='463'>Où l'on aime à s'engager. </l>
	<l id='464'>De bon coeur fillette sage </l>
	<l id='465'>Du mariage </l>
	<l id='466'>Court le danger. </l>
	<l id='467'>On craint peu les chagrins du ménage, </l>
	<l id='468'>Et l'on trouve à s'en dédommager. </l>
	<l id='469'>Quand à l'hymen on s'engage </l>
	<l id='470'>Dans la fleur de son printemps, </l>
	<l id='471'>On a souvent l'avantage </l>
	<l id='472'>D'un doux veuvage </l>
	<l id='473'>Dans ses beaux ans. </l>
	<l id='474'>On ne sent les chagrins du ménage </l>
	<l id='475'>Qu'au moment qu'ils durent trop longtemps. </l>
</sp>
</div2>
</div1>
</body>
</text>
</TEI>