<?xml version="1.0" encoding='utf-8'?>
<TEI xml:lang="fr">
<teiHeader>
		<fileDesc>
			<titleStmt>
				<title>L'ILLUSTRE THÉÂTRE, COMÉDIE</title>
				<author born='1839' born_location='' death='1909' death_location='' academie=''>DES ESSARTS, Emmanuel</author>
			</titleStmt>
			<publicationStmt>	
				<publisher>publié par Paul FIEVRE, août 2017</publisher>
				<idno>DESESSARTS_ILLUSTRETHEATRE</idno>
			<rights>Creative Commons BY-NC-SA</rights>
			</publicationStmt>
			<SourceDesc>
				<genre>Comédie</genre>
				<inspiration>vie littéraire</inspiration>				<structure>Un acte</structure>
				<type>vers</type>
				<periode>1821-1830</periode>
				<taille>500-750</taille>
				<permalien>http://gallica.bnf.fr/ark:/12148/bpt6k5468767p</permalien>
			</SourceDesc>
		</fileDesc>
</teiHeader>
<text>
	<front>
		<docTitle>
			<titlePart type="main">L'ILLUSTRE THÉÂTRE</titlePart>
			<titlePart type="sub">COMÉDIE EN UN ACTE</titlePart>
		</docTitle> 
		<docDate value='1900'>1900</docDate>
		<docAuthor id='DES ESSARTS, Emmanuel' bio='desessarts'>EMMANUEL DES ESSARTS</docAuthor>
		<docImprint>
			<acheveImprime id='BOUCHER'>IMPRIMERIE ANTH[OIN]E BOUCHER, RUE DES BONS ENFANTS, n°34.</acheveImprime>
		</docImprint>
		<printer id=''>MOULINS CRÉPIN-LEBLOND IMPRIMEUR-ÉDITEUR 14, Avenue de la Gare, 14</printer>
		<performance>
			<premiere date="1900-01-15" location="Théâtre de l'Odéon">Comédie en un acte, représentée au Théâtre national de l'Odéon, le 15 janvier 1900, à l'occasion du 278e anniversaire de la naissance de Molière.</premiere>
		</performance>
		<castList><head>PERSONNAGES, Artistes de la création.</head>
			<castItem><role id="MOLIÈRE" sex="1" type="H" statut='auteur' age='A' stat_amour='néant'>MOLIÈRE</role>, M. Coste.</castItem>
			<castItem><role id="LÉONARD DE POURCEAUGNAC" sex="1" type="H" statut='auteur' age='A' stat_amour='néant'>LÉONARD DE POURCEAUGNAC</role>, M. Frère.</castItem>
			<castItem><role id="JEAN-GASPARD TRUFALDIN" sex="1" type="H" statut='auteur' age='A' stat_amour='néant'>JEAN-GASPARD TRUFALDIN</role>, hôtelier. M. Berthier.</castItem>
			<castItem><role id="BÉJART" sex="1" type="H" statut='auteur' age='A' stat_amour='néant'>BÉJART</role>, comédien. M. Caillaud.</castItem>
			<castItem><role id="MADELEINE BÉJART" sex="2" type="H" statut='auteur' age='A' stat_amour='néant'>MADELEINE BÉJART</role>, comédienne. Mme Sinly.</castItem>
			<castItem><role id="MADEMOISELLE DU PARC" sex="2" type="H" statut='auteur' age='A' stat_amour='néant'>MADEMOISELLE DU PARC</role>, comédienne. Melle Mitzi-Dalti.</castItem>
		</castList>
		<set location="Limoges" country="France" periode="XVIIème" gps="45.833619, 1.261105">La scène se passe en l'Hôtellerie du « Soleil d'Or », à Limoges, en 1658.</set>
	</front>
<body>
<div1 type="act" n="1"><head>L'ILLUSTRE THÉÂTRE</head>
<div2 type="scene" n="1"><head>SCÈNE I. Léonard de Pourceaugnac, Trufaldin.</head>
<sp who="POURCEAUGNAC"><speaker>POURCEAUGNAC.</speaker>
	<l id="1">Reconnaissez enfin que j'ai l'esprit subtil.</l>
</sp>
<sp stage="aparte" who="TRUFALDIN"><speaker>TRUFALDIN, à part.</speaker>
	<l id="2">Quand ce maudit bavard me délivrera-t-il ?</l>
</sp>
<sp who="POURCEAUGNAC"><speaker>POURCEAUGNAC.</speaker>
	<l id="3">Avouez que je suis vraiment un habile homme</l>
	<l id="4">Et que dans leur cerveau tous les docteurs de Rome</l>
	<l id="5">N'auraient pu concerter meilleur tour de renard.</l>
	<l id="6">Pour se débarrasser des gens, que Léonard</l>
	<l id="7" syll="4" part="i">De Pourceaugnac.</l>
</sp>
<sp stage="aparte" who="TRUFALDIN"><speaker>TRUFALDIN, à lui-même.</speaker>
	<l id="7" syll="8" part="f">Il est superbe d'impudence.</l>
<stage type="toward">À Pourceaugnac.</stage>
	<l id="8">Je me serais passé de votre confidence,</l>
	<l id="9">Mais je vous répondrai qu'en cette occasion</l>
	<l id="10">Vous n'avez pas commis une belle action.</l>
	<l id="11">Sur de pauvres acteurs, pleins de verve fantasque,</l>
	<l id="12">Vous avez déchaîné les sifflets en bourrasque,</l>
	<l id="13">Sournoisement, feignant d'être leur bon ami ;</l>
	<l id="14">Et moi, qui ne dis pas les choses à demi,</l>
	<l id="15">Moi, Gaspard Trufaldin, simple hôtelier, je juge</l>
	<l id="16">Que vous fûtes l'auteur d'un très vilain grabuge,</l>
	<l id="17">Et ne voudrais pour rien entrer dans ce mic-mac,</l>
	<l id="18">Messire Léonard, baron de Pourceaugnac.</l>
</sp>
<sp who="POURCEAUGNAC"><speaker>POURCEAUGNAC.</speaker>
	<l id="19">Ça, maître Trufaldin, pas de mot qui mal sonne!</l>
	<l id="20">Lorsque je me confie à vous-même, en personne,</l>
	<l id="21">Sachez-le bien, monsieur le serveur de repas,</l>
	<l id="22" syll="6" part="i">Je vous offre un honneur...</l>
</sp>
<sp who="TRUFALDIN"><speaker>TRUFALDIN.</speaker>
	<l id="22" syll="6" part="f">Que je n'accepte pas.</l>
</sp>
<sp who="POURCEAUGNAC"><speaker>POURCEAUGNAC.</speaker>
	<l id="23">Holà ! patientez. Ecoutez donc la suite,</l>
	<l id="24">Quand moi je vous soumets mon plan et ma conduite.</l>
	<l id="25">C'est l'amour qui me rend de la sorte inventif,</l>
	<l id="26">Et j'ai fait le trompeur pour le plus doux motif.</l>
	<l id="27">Sinon, aurais-je pu surmonter cette épreuve ?</l>
	<l id="28">J'aime, et bientôt je pense épouser une veuve,</l>
	<l id="29">Madame de Meilhan, qui me trouve accompli.</l>
	<l id="30">Tout allait pour le mieux, sans obstacle, sans pli ;</l>
	<l id="31">Mais, parmi les ardeurs d'une flamme idolâtre,</l>
	<l id="32">J'apprends que les acteurs de VIllustre Théâtre,</l>
	<l id="33">Comédiens errants venus de l'Angoumois</l>
	<l id="34">À Limoges, joueront ici tout un grand mois...</l>
	<l id="35">Un siècle! C'était trop pour mon humeur jalouse !</l>
</sp>
<sp who="TRUFALDIN"><speaker>TRUFALDIN.</speaker>
	<l id="36" syll="9" part="i">Mais quel péril avant la noce.</l>
</sp>
<sp who="POURCEAUGNAC"><speaker>POURCEAUGNAC.</speaker>
	<l id="36" syll="3" part="f">Mon épouse</l>
	<l id="37">Prochaine, et que j'estime aussi pure qu'un lis,</l>
	<l id="38">Autrefois, sous le nom d'Estelle de Surlis,</l>
	<l id="39">Fut une actrice en vogue et vraiment non pareille.</l>
	<l id="40" syll="6" part="i">Une actrice à Bordeaux.</l>
</sp>
<sp stage="aparte" who="TRUFALDIN"><speaker>TRUFALDIN, à lui-même.</speaker>
	<l id="40" syll="6" part="f">C'est un nom qui réveille</l>
	<l id="41" syll="4" part="i">Ma mémoire.</l>
</sp>
<sp who="POURCEAUGNAC"><speaker>POURCEAUGNAC.</speaker>
	<l id="41" syll="8" part="f">La troupe où brilla mon amour</l>
	<l id="42">Est celle qui chez nous rêvait ce long séjour</l>
	<l id="43">Et que mon piège hier fit tomber dans la nasse.</l>
</sp>
<sp who="TRUFALDIN"><speaker>TRUFALDIN.</speaker>
	<l id="44">D'un bois anticipé craigniez-vous la menace ?</l>
</sp>
<sp who="POURCEAUGNAC"><speaker>POURCEAUGNAC.</speaker>
	<l id="45">Non ! Mais j'avais grand'peur que ces comédiens</l>
	<l id="46">Ne pussent ramener aux souvenirs anciens</l>
	<l id="47">Mon infante, et troubler d'une vague pensée</l>
	<l id="48">Du noble Léonard l'auguste fiancée.</l>
	<l id="49">J'ai juré le départ de tous ces suborneurs</l>
	<l id="50">D'impertinents conseils malencontreux donneurs.</l>
	<l id="51">Redoutant à bon droit leur humeur cavalière,</l>
	<l id="52">Pour sauver mon hymen j'ai fait siffler Molière.</l>
</sp>
<sp stage="aparte" who="TRUFALDIN"><speaker>TRUFALDIN, à part.</speaker>
	<l id="53">La troupe de Molière ! Et moi qui la logeais !</l>
</sp>
<sp who="POURCEAUGNAC"><speaker>POURCEAUGNAC.</speaker>
	<l id="54">Maintenant que tu sais mes intimes projets,</l>
	<l id="55">Je m'en vais courtiser ma belle aux bras d'albâtre.</l>
	<l id="56">J'entends venir messieurs de l'Illustre Théâtre</l>
	<l id="57">Qui marmonnent avec leurs ramages divers ;</l>
	<l id="58">Je ne veux rencontrer ces beaux diseurs de vers</l>
	<l id="59">Qu'à l'heure où pour partir ils franchiront ta porte.</l>
	<l id="60" syll="6" part="i">Bon vêpre, Trufaldin...</l>
<stage type="exit">Il sort précipitamment.</stage>
</sp>
</div2>
<div2 type="scene" n="2"><head>SCÈNE II. Trufaldin, puis Béjart, Madeleine Béjart, Mademoiselle du Parc.</head>
<sp stage="location/threat" who="TRUFALDIN"><speaker>TRUFALDIN, de loin, montrant le poing à Pourceaugnac.</speaker>
	<l id="60" syll="6" part="f">Que le diable t'emporte !</l>
	<l id="61">Satan puisse étrangler le traître que tu fus !</l>
	<l id="62">Mais voici nos acteurs : comme ils ont l'air confus !</l>
	<l id="63">Et c'est ainsi qu'un sot peut traiter le génie.</l>
</sp>
<sp who="BÉJART"><speaker>BÉJART.</speaker>
	<l id="64" syll="4" part="i">Bonjour, Comus.</l>
</sp>
<sp who="MADELEINE"><speaker>MADELEINE.</speaker>
	<l id="64" syll="2" part="m">Bonjour !</l>
</sp>
<sp stage="abrupt" who="TRUFALDIN"><speaker>TRUFALDIN, avec une feinte brusquerie.</speaker>
	<l id="64" syll="6" part="f">Bonsoir la compagnie !</l>
<stage type="toward/exit">À lui-même en sortant.</stage>
	<l id="65">J'ai l'air de fuir. Je vais avec des soins loyaux</l>
	<l id="66">Pour tous ces braves gens cuire des aloyaux.</l>
</sp>
</div2>
<div2 type="scene" n="3"><head>SCÈNE III. Béjart, Madeleine, Mademoiselle du Parc.</head>
<sp who="MADEMOISELLE DU PARC"><speaker>MADEMOISELLE DU PARC.</speaker>
	<l id="67">Cet aubergiste affecte une mine bourrue.</l>
</sp>
<sp who="BÉJART"><speaker>BÉJART.</speaker>
	<l id="68">Il nous ferait jeter dès ce soir dans la rue</l>
	<l id="69">Que je n'en serais pas certes bien étonné.</l>
</sp>
<sp who="MADELEINE"><speaker>MADELEINE.</speaker>
	<l id="70" syll="6" part="i">Aussi quel insuccès !</l>
</sp>
<sp who="BÉJART"><speaker>BÉJART.</speaker>
	<l id="70" syll="6" part="f">J'en reste consterné ;</l>
	<l id="71">Car nous n'étions pas faits à ces mésaventures.</l>
	<l id="72">Quel orage ! On eût cru vraiment que les toitures</l>
	<l id="73">S'écroulaient sur nos fronts, tant la salle en émoi</l>
	<l id="74" syll="4" part="i">Criait, hurlait ! </l>
</sp>
<sp who="MADEMOISELLE DU PARC"><speaker>MADEMOISELLE DU PARC.</speaker>
	<l id="74" syll="6" part="m">J'en suis inconsolable.</l>
</sp>
<sp who="MADELEINE"><speaker>MADELEINE.</speaker>
	<l id="74" syll="2" part="f">Et moi</l>
	<l id="75">Je voudrais consoler de ces sottes furies</l>
	<l id="76">Notre ami qui se perd en sombres rêveries.</l>
</sp>
<sp who="BÉJART"><speaker>BÉJART.</speaker>
	<l id="77">Triste ou gai, c'est toujours l'esprit contemplateur.</l>
	<l id="78">Il ne sourcillait point, lorsque le spectateur</l>
	<l id="79">Fit partir les sifflets comme d'une volière.</l>
	<l id="80">Son maintien assuré disait: « Je suis Molière! »</l>
	<l id="81">Ses yeux calmes faisaient appel à l'avenir.</l>
</sp>
</div2>
<div2 type="scene" n="4"><head>SCÈNE IV. Les mêmes, Molière.</head>
<sp stage="location" who="MOLIÈRE"><speaker>MOLIÈRE du fond de la scène : il a entendu les dernières paroles de Béjart.</speaker>
	<l id="82">Pourtant je ne veux pas, ami, vous retenir,</l>
	<l id="83">Si l'arrêt qu'un public brutal me signifié</l>
	<l id="84">Venait mettre à néant votre philosophie.</l>
	<l id="85">Pour la première fois je suis découragé.</l>
</sp>
<sp who="MADEMOISELLE DU PARC"><speaker>MADEMOISELLE DU PARC.</speaker>
	<l id="86">Qu'est-ce à dire, patron ? Vous nous donnez congé ?</l>
</sp>
<sp who="MOLIÈRE"><speaker>MOLIÈRE.</speaker>
	<l id="87">Moi vous quitter ! Non pas ! Car vous m'êtes fidèles.</l>
</sp>
<sp who="BÉJART"><speaker>BÉJART.</speaker>
	<l id="88">Tous, jusqu'à Ragueneau, le moucheur de chandelles.</l>
</sp>
<sp who="MOLIÈRE"><speaker>MOLIÈRE.</speaker>
	<l id="89">Vous, Madeleine, et vous, du Parc, et toi, Béjart,</l>
	<l id="90">Vous êtes à jamais les frères de mon art.</l>
	<l id="91">Mais j'attendais bien mieux de cette vieille ville.</l>
	<l id="92">Au renom élégant, à l'allure civile,</l>
	<l id="93">Où pour nous accueillir le parler limousin</l>
	<l id="94">De notre cher Midi nous semblait le cousin.</l>
	<l id="95">Sous ce ciel bleu soufflait une brise d'Espagne.</l>
	<l id="96">Et maintenant pour nous quelle entrée en campagne !</l>
	<l id="97">Comment poursuivre encore, après de tels décris,</l>
	<l id="98">La saison qui devait nous mener à Paris !</l>
<note type="L">Thespis d'Icare : inventeur de la tragédie grecque.</note>
	<l id="99">C'est le char de Thespis qui s'embourbe en province.</l>
</sp>
<sp who="BÉJART"><speaker>BÉJART.</speaker>
	<l id="100">Monseigneur de Conti, ce magnifique prince,</l>
	<l id="101">T'a promis un début au Louvre, chez le Roi.</l>
</sp>
<sp who="MOLIÈRE"><speaker>MOLIÈRE.</speaker>
	<l id="102">Mais qui pouvait prévoir ce brusque désarroi,</l>
	<l id="103">Quand plus d'une cité nous fut hospitalière ?</l>
</sp>
<sp who="MADELEINE"><speaker>MADELEINE.</speaker>
	<l id="104" syll="3" part="i">Montpellier.</l>
</sp>
<sp who="MADEMOISELLE DU PARC"><speaker>MADEMOISELLE DU PARC.</speaker>
	<l id="104" syll="3" part="m">Pézenas !</l>
</sp>
<sp who="BÉJART"><speaker>BÉJART.</speaker>
	<l id="104" syll="6" part="f">Où notre cher Molière,</l>
	<l id="105">Chez le barbier loquace, assis dans un fauteuil.</l>
	<l id="106">Observait les chalands d'un rapide coup d'oeil.</l>
</sp>
<sp who="MADELEINE"><speaker>MADELEINE.</speaker>
<note type="L">Contadin(e) : originaire de Comtat Venaissin, c'est à dire Avignon et sa région en tant qu'État pontifical.</note>
	<l id="107">Avignon qu'égayaient les brunes Comtadines !</l>
</sp>
<sp who="MADEMOISELLE DU PARC"><speaker>MADEMOISELLE DU PARC.</speaker>
	<l id="108">Béziers où les beautés ont des façons badines !</l>
</sp>
<sp who="BÉJART"><speaker>BÉJART.</speaker>
	<l id="109">Pays de rires prompts et surtout de bons vins !</l>
</sp>
<sp who="MOLIÈRE"><speaker>MOLIÈRE.</speaker>
	<l id="110">Pays d'espoirs sans borne et de songes divins !</l>
</sp>
<sp who="BÉJART"><speaker>BÉJART.</speaker>
	<l id="111">Faut-il qu'un seul échec ainsi te déconcerte !</l>
</sp>
<sp who="MOLIÈRE"><speaker>MOLIÈRE.</speaker>
	<l id="112">Du glorieux Paris la route était ouverte.</l>
	<l id="113">Elle se ferme, hélas ! Car l'affront ressenti</l>
	<l id="114">Peut nous aliéner le prince de Conti.</l>
	<l id="115">Je le sais défiant et ce doute m'atterre.</l>
</sp>
<sp who="MADELEINE"><speaker>MADELEINE.</speaker>
	<l id="116">Un prince qui vous eût choisi pour secrétaire !</l>
</sp>
<sp who="MOLIÈRE"><speaker>MOLIÈRE.</speaker>
	<l id="117" syll="6" part="i">Hier, mais aujourd'hui...</l>
<stage type="enthousiasm">S'exaltant.</stage>
	<l id="117" syll="6" part="f">Paris où j'ai rêvé</l>
	<l id="118">Par moi seul le théâtre antique relevé !</l>
	<l id="119">Paris, ville natale, où j'espérais sans faute</l>
	<l id="120">Restaurer l'art profond de Térence et de Plaute,</l>
<note type="L">Mascaron : Terme d'architecture. Figure de tête faite en caprice, qu'on met aux fontaines, aux portes, aux clefs des arcades. [L]</note>
	<l id="121">Opposant le modèle humain au mascaron</l>
<note type="L">Scarron, Paul (1610-1660) : poète, auteur dramatique et romancier. Excella dans le style burlesque.</note>
	<l id="122">Que laisse grimacer l'art grossier de Scarron.</l>
	<l id="123">Paris ! Où j'entrevis, devançant les années,</l>
	<l id="124">Le rajeunissement des Muses surannées,</l>
	<l id="125">L'épanouissement de la Thalie en fleur,</l>
	<l id="126">Quand j'allais écouter comme un ensorceleur</l>
<note type="L">Tabarin : Bouffon très grossier, valet et associé de Mondor. Ce Mondor était un charlatan et vendeur de Baume, qui au commencement du dernier siècle [XVIIème NdR] établissait son théâtre sur des tréteaux, dans la place Dauphine(...). [Leiris]</note>
	<l id="127">Tabarin et saisir la gaîté qui pétille</l>
<note type="L">Gautier-Garguille : C'est le nom d'un fameux Baladin, d'où est venue cette façon de parler : C'est un franc Gautier-Garguille ; pour dire, Un franc sot, un franc badin. D'autres disent, C'est un fin Gautier, et entendent ce proverbe d'un homme qui fait bien son marché et ses affaires. [T]</note>
	<l id="128">Au jeu naïf et vrai du gros Gautier Garguille,</l>
	<l id="129">Ou quand je m'oubliais à recueillir les sons</l>
	<l id="130">Des violons voisins de l'hôtel de Soissons !</l>
	<l id="131">C'est bien là que parmi les folles et les sages</l>
	<l id="132">Mes vingt ans ont tenté dé francs apprentissages.</l>
	<l id="133">On m'a prédit la gloire en plus d'un cabaret</l>
<note type="L">Faret, Nicolas [1596-1646] : poète médiocre, né en 1596 à Bourg en Bresse, mort en 1646 était secrétaire du Comte d'Harcourt. Il fut un des premiers membres de l'Académie française et fut lié avec Vaugelas, Saint-Amand, etc. [B] Assidu du cabaret selon Boileau.</note>
	<l id="134">Où trônait Saint-Amant assisté de Faret.</l>
	<l id="135">J'étais né Poquelin, et, couronné de lierre,</l>
	<l id="136">Les poètes buveurs m'ont baptisé Molière !</l>
	<l id="137">Molière ! Je voulais perpétuer ce nom</l>
<note type="L">Lignon : Rivière du Forez en France rendu célèbre par Honoré d'Urfé, dans sa pastorale L'Astrée.</note>
	<l id="138">Par de fades rondeaux riverains du Lignon</l>
	<l id="139">Non pas, mais par des vers aux cadences hardies,</l>
	<l id="140">Amples alexandrins de larges comédies,</l>
	<l id="141">Hérauts retentissants du Bien, oui, par des vers</l>
	<l id="142">Persécuteurs des sots, punisseurs des pervers,</l>
	<l id="143">Et proclamant enfin, sans pose doctorale,</l>
	<l id="144">La vérité virile et la saine morale.</l>
	<l id="145">Je faisais, dans mon rêve immense, illimité.</l>
	<l id="146">Tenir la vie entière et la société...</l>
	<l id="147">Et ce rêve, aspirant aux sphères éternelles,</l>
	<l id="148">Tombe sur des tréteaux et se brise les ailes !</l>
</sp>
<sp who="MADELEINE"><speaker>MADELEINE.</speaker>
	<l id="149" syll="3" part="i">Pauvre ami !</l>
</sp>
<sp who="BÉJART"><speaker>BÉJART.</speaker>
	<l id="149" syll="9" part="f">Ça, Molière, il faut te remonter,</l>
	<l id="150">Ressaisir ta vaillance ordinaire, et dompter</l>
	<l id="151">Par de nouveaux efforts l'inconstante fortune !</l>
</sp>
<sp who="MADEMOISELLE DU PARC"><speaker>MADEMOISELLE DU PARC.</speaker>
	<l id="152">Hâtons-nous de quitter une ville importune</l>
	<l id="153">Où rien à notre abord ne fut aimable et bon.</l>
</sp>
<sp who="MADELEINE"><speaker>MADELEINE.</speaker>
	<l id="154" syll="6" part="i">Ici pas un bouquet !</l>
</sp>
<sp who="MADEMOISELLE DU PARC"><speaker>MADEMOISELLE DU PARC.</speaker>
	<l id="154" syll="6" part="f">Ici pas un bonbon !</l>
</sp>
<sp who="MADELEINE"><speaker>MADELEINE.</speaker>
	<l id="155">Pas vin jeune seigneur roucoulant sous la fraise</l>
	<l id="156">Un sonnet dont on rit et dont on est fort aise !</l>
</sp>
<sp who="MADEMOISELLE DU PARC"><speaker>MADEMOISELLE DU PARC.</speaker>
	<l id="157">Pas un seul bel-esprit vous offrant le régal</l>
	<l id="158">D'un dizain louangeur ou d'un fin madrigal !</l>
</sp>
<sp who="BÉJART"><speaker>BÉJART.</speaker>
	<l id="159">Nous devons excepter de ce vaste anathème</l>
	<l id="160">Un galant qui nous prise, un lettré qui nous aime,</l>
	<l id="161">Le baron Léonard de Pourceaugnac ! En lui</l>
	<l id="162" syll="6" part="i">J'ai pleine confiance.</l>
0</sp>
<sp who="MADELEINE"><speaker>MADELEINE.</speaker>
	<l id="162" syll="6" part="f">Il respire l'ennui.</l>
</sp>
<sp who="MADEMOISELLE DU PARC"><speaker>MADEMOISELLE DU PARC.</speaker>
	<l id="163" syll="6" part="i">Il ferait fuir l'amour.</l>
</sp>
<sp who="MOLIÈRE"><speaker>MOLIÈRE.</speaker>
	<l id="163" syll="6" part="f">Il paraît faux et louche.</l>
</sp>
<sp who="BÉJART"><speaker>BÉJART.</speaker>
<note typ="L">Scaramouche : Personnage bouffon de l'ancienne comédie italienne habillé de noir de la tête aux pieds. [L]</note>
	<l id="164">Ce n'est pas le rival joyeux de Scaramouche,</l>
	<l id="165">Soit, ni le favori du petit dieu malin,</l>
	<l id="166" syll="6" part="i">Mais je le crois loyal.</l>
</sp>
<sp who="MOLIÈRE"><speaker>MOLIÈRE.</speaker>
<note type="L">ätelin : Nom d'un personnage d'une vieille comédie de la fin du XIVe siècle ou du commencement du XVe, qui, par ses flatteries, se fait vendre à crédit du drap, et, par de vaines paroles et des contes en l'air, échappe au payement. </note>
	<l id="166" syll="6" part="f">Je le sens patelin.</l>
</sp>
<sp who="BÉJART"><speaker>BÉJART.</speaker>
	<l id="167">En attendant, voici l'hôtelier qui dévale</l>
	<l id="168">Vers nous, et qui sans doute à fort bref intervalle.</l>
	<l id="169">Criant sa note avec des gestes furibonds,</l>
	<l id="170">Nous exterminera comme des vagabonds.</l>
</sp>
</div2>
<div2 type="scene" n="5"><head>SCÈNE V. Les mêmes, Trufaldin.</head>
<sp stage="toward" who="TRUFALDIN"><speaker>TRUFALDIN, à lui-même.</speaker>
	<l id="171">Quelque mauvaise idée éclôt dans leur cervelle.</l>
	<l id="172">Ils me jugent arabe et turc... Je me révèle</l>
	<l id="173" syll="4" part="i">Ami des arts,</l>
<stage type="toward">Aux acteurs.</stage>
	<l id="173" syll="8" part="f">Salut à nos comédiens.</l>
	<l id="174">Je craignais de troubler vos doctes entretiens.</l>
	<l id="175">Je n'ai qu'un mot à dire et je vais disparaître.</l>
</sp>
<sp who="MOLIÈRE"><speaker>MOLIÈRE.</speaker>
	<l id="176">Voilà donc ton quart d'heure, ô Rabelais mon maître !</l>
</sp>
<sp stage="toward" who="BÉJART"><speaker>BÉJART, à Molière.</speaker>
	<l id="177">Ce roi des marmitons me paraît exigeant :</l>
	<l id="178" syll="8" part="i">Il va vous demander son dû.</l>
</sp>
<sp stage="toward" who="MOLIÈRE"><speaker>MOLIÈRE, à Béjart.</speaker>
	<l id="178" syll="4" part="f">J'ai de l'argent.</l>
	<l id="179" syll="4" part="i">Rassure-toi !</l>
<stage type="toward">À Trufaldin.</stage>
	<l id="179" syll="8" part="f">Bonhomme, apprêtez votre note !</l>
</sp>
<sp who="TRUFALDIN"><speaker>TRUFALDIN.</speaker>
	<l id="180">Pour qui me prenez-vous, Monsieur ? Une linotte</l>
	<l id="181">Pourrait seule ignorer, méconnaître l'honneur</l>
	<l id="182">Que j'eus de vous loger. Aucun puissant seigneur,</l>
	<l id="183">De ses pages nombreux devançant la filière,</l>
	<l id="184">N'obtiendrait les égards que je dois à Molière.</l>
	<l id="185">Je suis un connaisseur et date de longtemps.</l>
	<l id="186">J'habitais à Paris et j'ai pendant vingt ans</l>
	<l id="187">D'applaudir les acteurs gardé le privilège.</l>
</sp>
<sp who="BÉJART"><speaker>BÉJART.</speaker>
	<l id="188" syll="6" part="i">Que faisiez-vous</l>
</sp>
<sp who="TRUFALDIN"><speaker>TRUFALDIN.</speaker>
	<l id="188" syll="6" part="f">J'étais un portier de collège</l>
	<l id="189">Et n'ai guère changé d'offices diurnaux</l>
	<l id="190">En quittant les gradus pour prendre les fourneaux ;</l>
<note type="L">Lésine : Épargne sordide jusque dans les moindres choses.[L]</note>
	<l id="191">Car, avec plus de peine et surtout de lésine.</l>
<note type="L">Fricasser : Fig. et très familièrement. Faire périr, perdre. [L]</note>
	<l id="192">Je fricassais alors du latin de cuisine.</l>
</sp>
<sp who="MOLIÈRE"><speaker>MOLIÈRE.</speaker>
	<l id="193" syll="6" part="i">Ah ! Le plaisant compère !</l>
</sp>
<sp who="MADELEINE"><speaker>MADELEINE.</speaker>
	<l id="193" syll="6" part="f">Oh ! L'hôtelier badin !</l>
</sp>
<sp who="MADEMOISELLE DU PARC"><speaker>MADEMOISELLE DU PARC.</speaker>
	<l id="194" syll="4" part="i">Et tu t'appelles ?...</l>
</sp>
<sp who="TRUFALDIN"><speaker>TRUFALDIN.</speaker>
	<l id="194" syll="8" part="f">Jean-Paul-Gaspard Trufaldin,</l>
	<l id="195" syll="4" part="i">Pour vous servir !</l>
</sp>
<sp who="MOLIÈRE"><speaker>MOLIÈRE.</speaker>
	<l id="195" syll="8" part="f">Beau nom qu'aussitôt je dédie</l>
	<l id="196">À mon oeuvre prochaine, alerte comédie</l>
	<l id="197">Que nous jouerons bientôt dans les murs de Lyon.</l>
</sp>
<sp who="BÉJART"><speaker>BÉJART.</speaker>
	<l id="198">À merveille ! Voilà le réveil du lion.</l>
</sp>
<sp stage="toward" who="MADELEINE"><speaker>MADELEINE, à Trufaldin.</speaker>
	<l id="199">Nous te devons, Gaspard, ce retour de Molière</l>
	<l id="200">A l'espérance, à la vaillance familière.</l>
</sp>
<sp who="MADEMOISELLE DU PARC"><speaker>MADEMOISELLE DU PARC.</speaker>
	<l id="201" syll="4" part="i">Sois notre ami !</l>
</sp>
<sp who="BÉJART"><speaker>BÉJART.</speaker>
	<l id="201" syll="6" part="f">Partage, avec mons Pourceaugnac</l>
	<l id="202" syll="3" part="i">Notre coeur.</l>
</sp>
<sp stage="toward" who="TRUFALDIN"><speaker>TRUFALDIN, à part.</speaker>
	<l id="202" syll="9" part="f">S'ils savaient tout le fond de son sac !</l>
</sp>
<sp stage="watch/location" who="BÉJART"><speaker>BÉJART, regardant à la fenêtre.</speaker>
	<l id="203">Je vois venir ce cher Pourceaugnac... Quelle fête !</l>
</sp>
<sp who="MADELEINE"><speaker>MADELEINE.</speaker>
	<l id="204" syll="4" part="i">Quel air penaud !</l>
</sp>
<sp who="MADEMOISELLE DU PARC"><speaker>MADEMOISELLE DU PARC.</speaker>
	<l id="204" syll="8" part="f">Serait-ce une méchante bête ?</l>
</sp>
<sp stage="low" who="MOLIÈRE"><speaker>MOLIÈRE, à demi voix.</speaker>
	<l id="205">C'est un fourbe pris à son piège, un imposteur.</l>
	<l id="206">Croyez en cette fois mon regard scrutateur !</l>
<note type="L">Cytise : Genre de plantes légumineuses, dont le cytisus laburnum est le type. [L]</note>
	<l id="207">Ainsi que le chevreau courant vers le cytise,</l>
	<l id="208">Souvent l'hypocrisie attire la sottise.</l>
</sp>
</div2>
<div2 type="scene" n="6"><head>SCÈNE VI ET DERNIÈRE. Les mêmes, Pourceaugnac.</head>
<sp stage="aparte" who="POURCEAUGNAC"><speaker>POURCEAUGNAC, à lui-même.</speaker>
	<l id="209">Ah ! Je suis furieux et viens me consoler</l>
<note type="L">Histrion : Nom, chez les Romains, des acteurs qui jouaient dans les bouffonneries grossières importées d'Étrurie. [L]</note>
	<l id="210">À voir ces histrions prestement détaler,</l>
	<l id="211">Sans doute humiliés par la morne lacune</l>
<note type="L">Pécune : Terme vieilli et familier. Argent comptant. [L]</note>
	<l id="212">Qu'établit dans la bourse une absente pécune,</l>
	<l id="213">Je suis furieux ; car je leur dois mon malheur.</l>
</sp>
<sp who="MADELEINE"><speaker>MADELEINE.</speaker>
	<l id="214" syll="6" part="i">Approchez,damoiseau !</l>
</sp>
<sp who="MADEMOISELLE DU PARC"><speaker>MADEMOISELLE DU PARC.</speaker>
	<l id="214" syll="6" part="f">Beau mignon cajoleur,</l>
	<l id="215">A faire votre cour vous ne semblez pas leste.</l>
</sp>
<sp stage="curious" who="BÉJART"><speaker>BÉJART, avec intérêt.</speaker>
	<l id="216" syll="6" part="i">Qu'avez-vous, Léonard ?</l>
</sp>
<sp who="TRUFALDIN"><speaker>TRUFALDIN.</speaker>
	<l id="216" syll="1" part="m">Quoi ?</l>
</sp>
<sp who="POURCEAUGNAC"><speaker>POURCEAUGNAC.</speaker>
	<l id="216" syll="5" part="f">J'enrage et je peste.</l>
	<l id="217">Oui ! J'allais épouser une veuve aux beaux yeux,</l>
	<l id="218">Un trésor, je l'avoue, encor plus radieux,</l>
	<l id="219">Madame de Meilhan qui fut votre compagne.</l>
</sp>
<sp stage="toward" who="TRUFALDIN"><speaker>TRUFALDIN, à Madeleine.</speaker>
	<l id="220">Il ne possédera ses châteaux qu'en Espagne.</l>
</sp>
<sp who="POURCEAUGNAC"><speaker>POURCEAUGNAC.</speaker>
	<l id="221">Cette veuve, autrefois Estelle de Surfis,</l>
	<l id="222">Que je m'habituais à nommer ma Philis,</l>
	<l id="223">À l'instant, par un mot formel, me congédie.</l>
	<l id="224">Un traître, dont je veux punir la perfidie,</l>
	<l id="225">M'aurait, dans un poulet à ma belle adressé,</l>
	<l id="226">D'un je ne sais quel crime en secret dénoncé,</l>
	<l id="227">Et je suis un coupable aux yeux de la marquise</l>
	<l id="228">Qui faisait de mon coeur une place conquise.</l>
	<l id="229">Moi qu'elle avait si vite accueilli comme un preux,</l>
	<l id="230">Elle me chasse ainsi qu'un gothique lépreux.</l>
<note type="L">Chopper : Fig. Se tromper lourdement. [L]</note>
	<l id="231">Mon coursier choppe au but, ma nef échoue en rade,</l>
	<l id="232">Et je suis expulsé par votre camarade.</l>
</sp>
<sp who="MOLIÈRE"><speaker>MOLIÈRE.</speaker>
	<l id="233" syll="6" part="i">Le pauvre homme !</l>
</sp>
<sp who="POURCEAUGNAC"><speaker>POURCEAUGNAC.</speaker>
	<l id="233" syll="6" part="f">Plaignez-moi ! Je cours au trépas.</l>
	<l id="234" syll="2" part="i">J'ai dit...</l>
</sp>
<sp who="BÉJART"><speaker>BÉJART.</speaker>
	<l id="234" syll="4" part="f">L'infortuné !</l>
</sp>
<sp who="TRUFALDIN"><speaker>TRUFALDIN.</speaker>
	<l id="234" syll="6" part="f">Mais ce qu'il ne dit pas,</l>
	<l id="235">Ô Molière promis à la gloire immortelle,</l>
	<l id="236">C'est le sens du billet reçu par son Estelle</l>
	<l id="237">Et qui fut à coup sûr un bon avertisseur.</l>
	<l id="238">Ce billet justicier décelant sa noirceur</l>
	<l id="239">Fut rédigé par moi d'après sa confidence.</l>
</sp>
<sp who="MOLIÈRE"><speaker>MOLIÈRE.</speaker>
	<l id="240" syll="6" part="i">Je l'eusse parié !</l>
</sp>
<sp who="POURCEAUGNAC"><speaker>POURCEAUGNAC.</speaker>
	<l id="240" syll="6" part="f">Lamentable imprudence !</l>
</sp>
<sp who="TRUFALDIN"><speaker>TRUFALDIN.</speaker>
	<l id="241">Cet homme qui vous a choyés, ce Léonard</l>
	<l id="242">Qui, flatteur, vous a pris dans son lourd traquenard.</l>
	<l id="243">Était votre ennemi. Par lui fut déchaînée</l>
	<l id="244">D'aboyeurs à sa solde une meute effrénée.</l>
	<l id="245">Il vous aurait offert de l'encens et des fleurs,</l>
	<l id="246">Mais c'est lui qui paya la clique des siffleurs,</l>
<note type="L">Cabale :  Fig. Les menées secrètes de gens qui s'entendent pour un même dessein. [L]</note>
	<l id="247">C'est lui qui soudoya l'éphémère cabale.</l>
</sp>
<sp stage="toward" who="BÉJART"><speaker>BÉJART, à Pourceaugnac.</speaker>
	<l id="248" syll="3" part="i">Visigoth !</l>
</sp>
<sp stage="toward" who="MADELEINE"><speaker>MADELEINE, de même.</speaker>
	<l id="248" syll="3" part="m">Ostrogoth !</l>
</sp>
<sp stage="toward" who="MADEMOISELLE DU PARC"><speaker>MADEMOISELLE DU PARC, de même.</speaker>
<note type="L">Lestrygon : Fig. Un Lestrygon, une personne barbare. [L]</note>
	<l id="248" syll="3" part="m">Lestrygon !</l>
</sp>
<sp stage="toward" who="TRUFALDIN"><speaker>TRUFALDIN, de même.</speaker>
	<l id="248" syll="3" part="f">Cannibale !</l>
</sp>
<sp stage="toward" who="MOLIÈRE"><speaker>MOLIÈRE, de même.</speaker>
	<l id="249">Fourbe ! Tu ne vaux pas nos trop justes mépris</l>
<note type="L">Pilori : Poteau où l'on attachait le criminel avec un carcan au cou, pour l'exposer à la vue du peuple ; à Paris, c'était une tour de pierre, au milieu de laquelle était un pivot de bois, portant une machine qui avait des trous pour passer la tête et les bras. [L]</note>
	<l id="250">Et pourtant je te dois ta place aux piloris.</l>
</sp>
<sp who="BÉJART"><speaker>BÉJART.</speaker>
	<l id="251">Il la mérite bien, car, sans cet aubergiste,</l>
	<l id="252">Nous étions victimes par ce moderne Egisthe.</l>
</sp>
<sp who="POURCEAUGNAC"><speaker>POURCEAUGNAC.</speaker>
	<l id="253">Être ainsi bafoué devant tous ces témoins !</l>
</sp>
<sp who="MADELEINE"><speaker>MADELEINE.</speaker>
	<l id="254" syll="6" part="i">Allez courir la veuve !</l>
</sp>
<sp who="MADEMOISELLE DU PARC"><speaker>MADEMOISELLE DU PARC.</speaker>
	<l id="254" syll="6" part="f">Allez manger vos foins !</l>
</sp>
<sp stage="estonish" who="POURCEAUGNAC"><speaker>POURCEAUGNAC, effaré.</speaker>
	<l id="255" syll="2" part="i">Je fuis...</l>
</sp>
<sp who="MOLIÈRE"><speaker>MOLIÈRE.</speaker>
	<l id="255" syll="10" part="f">Ne fuyez pas avant que je n'imprime</l>
	<l id="256">Sur ce front orgueilleux le stigmate d'un crime :</l>
	<l id="257">Car une forfaiture est un crime éternel.</l>
	<l id="258">Vous nous aviez offert votre appui fraternel ;</l>
	<l id="259">Vous nous avez trompés... Je me charge du reste !</l>
<stage type="turn/toward">Se tournant vers les comédiens.</stage>
	<l id="260">Je veux le châtier comme un nouvel Oreste,</l>
	<l id="261">Un Oreste bouffon pour qui j'inventerai</l>
	<l id="262">Non l'antique Euménide au fouet exaspéré,</l>
	<l id="263">Mais, lancés à sa piste en guise de sicaires,</l>
<note type="L">Matassins : Nom qu'on donnait autrefois à certains danseurs, qui portaient des corselets, des morions dorés, des sonnettes aux jambes et l'épée à la main avec un bouclier. Une entrée de matassins. [L]</note>
	<l id="264">Des matassins vengeurs et des apothicaires.</l>
<stage type="toward">À Pourceaugnac.</stage>
	<l id="265">De notre éloignement vainement tu te ris.</l>
	<l id="266">Je saurai te reprendre, ô traître, dans Paris</l>
	<l id="267">Et t'immortaliser par d'étranges postures,</l>
	<l id="268">Gentillâtre promis aux seringues futures !</l>
<stage type="exit/frighten">Pourceaugnac sort, affolé.</stage>
</sp>
<sp who="BÉJART"><speaker>BÉJART.</speaker>
<note type="L">Ardélion : Homme qui fait l'empressé et se mêle de tout. Inusité. [L]</note>
	<l id="269">Il faut donner la chasse à cet ardélion.</l>
</sp>
<sp stage="stop" who="MOLIÈRE"><speaker>MOLIÈRE, l'arrêtant du geste.</speaker>
	<l id="270">Non ! Maintenant, amis, en route pour Lyon !</l>
	<l id="271">Là nous réparerons notre échec de Limoges</l>
	<l id="272">Par une ample moisson de lauriers et d'éloges.</l>
	<l id="273">Et je ferai jaillir de mon front enhardi,</l>
	<l id="274">Tout prêts à s'envoler, les vers de L'Étourdi !...</l>
<stage type="decor">RIDEAU.</stage>
</sp>
</div2>
</div1>
</body>
</text>
</TEI>