<?xml version="1.0" encoding="utf-8" ?>
<TEI xml:lang="fr">
	<teiHeader>
		<fileDesc>
			<titleStmt>
				<title>LA MORT DE COCHON</title>
				<author born='1638' born_location='Paris' death='1694' death_location='Paris' academie=''>DESHOULIÈRES, Antoinette du Ligier de la Garde</author>
			</titleStmt>
			<publicationStmt>	
				<publisher>publié par Paul FIEVRE, juin 2014, revu mars 2017</publisher>
				<idno>DESHOULIERES_MORTDECOCHON</idno>
			<rights>Creative Commons BY-NC-SA</rights>
			</publicationStmt>
			<SourceDesc>
				<genre>Tragédie</genre>
				<inspiration>histoire</inspiration>				<structure>Un acte</structure>
				<type>vers</type>
				<periode>1681-1690</periode>
				<taille>250-500</taille>
				<permalien>http://gallica.bnf.fr/ark:/12148/bpt6k58219568/f282.image</permalien>
			</SourceDesc>
		</fileDesc>
	</teiHeader>
	<text>
		<front>
			<docTitle>
				<titlePart type="main">LA MORT DE COCHON</titlePart>
				<titlePart type="sub">Chien de M. le Maréchal de Vivonne</titlePart>
				<titlePart type="sub">TRAGEDIE</titlePart>
			</docTitle>
			<docDate value="1688">1688</docDate>
			<docAuthor id='DESHOULIÈRES, Antoinette du Ligier de la Garde' bio='deshoulieres'>Par Antoinette Des Houlières</docAuthor>
			<docImprint>
				<privilege id="17**-**-**"></privilege>
				<printer id=""></printer>
				<acheveImprime id="17**-**-**"></acheveImprime>
			</docImprint>
			<performance>
				<premiere date="(non représentée)" location='(non représentée)'></premiere>
			</performance>
		<castList><head>ACTEURS</head>
			 <castItem><role id="GRISETTE" sex="2" type="B" statut='animal' age='A' stat_amour='Cochon'>GRISETTE</role>, Chatte de Madame Deshoulieres, Amante de Cochon.</castItem>
			 <castItem><role id="MIMY" sex="2" type="B" statut='animal' age='A' stat_amour='Gristte'>MIMY</role>, Chatte de Mademoiselle Deshoulieres, Amant de Grisette.</castItem>
			 <castItem><role id="MARMUSE" sex="1" type="B" statut='animal' age='A' stat_amour='néant'>MARMUSE</role>, Chat de Madame Deshoulieres, Confident de Mimy.</castItem>
			 <castItem><role id="CAFAR" sex="1" type="B" statut='animal' age='A' stat_amour='néant'>CAFAR</role>, Chat des Minimes de Chaillot, Député des Chats du Village.</castItem>
			 <castItem><role id="TROUPES DE CHATS" sex="9" type="A" statut='animal' age='A' stat_amour='néant'>TROUPES DE CHATS du voisinage</role>.</castItem>
			 <castItem><role id="L'AMOUR" sex="1" type="D" statut='dieu' age='A' stat_amour='néant'>L'AMOUR</role>.</castItem>
		 </castList>
		<set location="Paris" country="France" periode="XVIIème" gps="48.856614, 2.352222">La Scène est à Paris, dans la Maison de Madame Deshoulières. Le Théâtre s'ouvre, et représente une Terrasse de plein pied aux Gouttières.</set>
		<note>Texte tiré du tome 2 des Oeuvres de Madame Deshoulières (1798) pp 276-291. [BnF YE-20108] </note>
</front>
<body>
<div1 type="act" n='1'><head></head>
<div2 type="scene" n='1'><head>SCÈNE PREMIÈRE. Mimy, Marmuse, Choeur de chats du voisinage.</head>
<sp who='MIMY'><speaker>MIMY.</speaker>
	<l id="1">Je ne puis plus souffrir les rigueurs dont Grisette</l>
	<l id="2">Paye mes soins et mon tourment ;</l>
	<l id="3">Pour Cochon, tu le sais, l'ingrate me maltraite.</l>
	<l id="4">Ciel ! Quel dérèglement !</l>
	<l id="5">Une chatte choisit un chien pour son amant !</l>
	<l id="6">Conçois-tu bien, mon cher Marmuse</l>
	<l id="7">L'excès des peines que je sens ?</l>
	<l id="8">Depuis deux ans</l>
	<l id="9">Un vilain chien possède un coeur qu'on me refuse.</l>
</sp>
<sp who="MARMUSE"><speaker>MARMUSE.</speaker>
	<l id="10">À votre désespoir, Mimy,</l>
	<l id="11">Je ne puis exprimer combien je suis sensible ;</l>
	<l id="12">J'ai vers la belle gloire une pente terrible ;</l>
	<l id="13">Et de plus, je suis votre ami.</l>
	<l id="14">Croyez-moi, quittez une Chatte</l>
	<l id="15">Assez peu délicate</l>
	<l id="16">Pour préférer un chien au plus parfait des chats.</l>
</sp>
<sp who="MIMY"><speaker>MIMY.</speaker>
	<l id="17">Je ne saurais cesser d'adorer ses appas.</l>
	<l id="18">Mais il faut aujourd'hui que ma vengeance éclate.</l>
	<l id="19">Ami, ne m'abandonne pas ;</l>
	<l id="20">Viens m'aider à punir une maîtresse ingrate.</l>
</sp>
<sp who="MARMUSE"><speaker>MARMUSE.</speaker>
	<l id="21">Quand il faut vous servir, pour moi rien n'est sacré.</l>
	<l id="22">Allons, je vous offre ma patte,</l>
	<l id="23">Disposez-en à votre gré.</l>
</sp>
</div2>
<div2 type="scene" n='2'><head>SCÈNE II. Mimy, Marmuse, Cafar, Choeur de chats du voisinage.</head>
<sp who="CAFAR"><speaker>CAFAR.</speaker>
	<l id="24">Apprenez, beaux Matous, une grande nouvelle.</l>
	<l id="25">Cochon vient de perdre le jour ;</l>
	<l id="26">Une rage affreuse et cruelle</l>
	<l id="27">À Grisette a ravi l'objet de son amour.</l>
</sp>
<sp who="MARMUSE"><speaker>MARMUSE.</speaker>
	<l id="28">Le coeur de Grisette</l>
	<l id="29">Est donc à louer,</l>
	<l id="30">Avec la coquette</l>
	<l id="31">Qui veut se jouer ?</l>
	<l id="32">Pour moi, qui me pense</l>
	<l id="33">Un Chat d'importance,</l>
	<l id="34">Je ne ferai rien</l>
	<l id="35">Qui vous fasse dire</l>
	<l id="36">Que mon coeur aspire</l>
	<l id="37">Aux restes d'un Chien.</l>
</sp>
<sp who="MIMY"><speaker>MIMY.</speaker>
	<l id="38">Quelle main favorable a lavé notre injure</l>
	<l id="39">Dans le sang de ce Chien maudit :</l>
	<l id="40">Cafar, faites-nous le récit</l>
	<l id="41">De cette agréable aventure.</l>
</sp>
<sp who="MARMUSE"><speaker>MARMUSE.</speaker>
	<l id="42">Ne vas pas imiter le style triomphant</l>
	<l id="43">D'un genre de Mortels que Beaux-Esprits on nomme.</l>
	<l id="44">La mouche entre leurs mains devient un éléphant ;</l>
	<l id="45">Et l'on pourrait aller de Paris jusqu'à Rome,</l>
	<l id="46">Avant qu'ils eussent dit le chagrin d'un enfant</l>
	<l id="47">À qui l'on dérobe une pomme.</l>
</sp>
<sp who="CAFAR"><speaker>CAFAR.</speaker>
	<l id="48">Je n'ai garde d'être si sot.</l>
	<l id="49">Un village ici près, qu'on appelle Chaillot,</l>
	<l id="50">Agréable, abondant, vaste, peuplé tout comme.</l>
</sp>
<sp who="MARMUSE"><speaker>MARMUSE.</speaker>
	<l id="51">Justement, t'y voilà. Nous pouvons faire une somme</l>
	<l id="52">Avant que nous soyons à la mort de Cochon.</l>
	<l id="53">Harangueur fastueux, dont l'éloquence assomme?</l>
	<l id="54">Puisse-t-on de ta peau bientôt faire un manchon !</l>
</sp>
<sp stage="toward" who='CAFAR'><speaker>CAFAR, à Mimy.</speaker>
	<l id="55">Ce fou vous est-il nécessaire ?</l>
</sp>
<sp who="MIMY"><speaker>MIMY.</speaker>
	<l id="56">Ne vous amusez pas à ses emportements.</l>
</sp>
<sp who="CAFAR"><speaker>CAFAR.</speaker>
	<l id="57">Sachez donc que depuis un temps,</l>
	<l id="58">Chaillot est devenu le séjour ordinaire</l>
	<l id="59">D'un Maréchal vaillant comme défunt César,</l>
	<l id="60">Sage comme un sCaton, savant comme un Homère.</l>
</sp>
<sp who="MARMUSE"><speaker>MARMUSE.</speaker>
	<l id="61">Halte-là, mon ami Cafar ;</l>
	<l id="62">L'éloge n'est pas ton affaire.</l>
	<l id="63">Nous connaissons ce Maréchal,</l>
	<l id="64">Ce qu'il a fait, ce qu'il peut faire :</l>
	<l id="65">Et nous l'aimons, foi d'animal.</l>
</sp>
<sp stage="toward" who='CAFAR'><speaker>CAFAR, à Mimy.</speaker>
	<l id="66">Ne voulez-vous pas faire taire</l>
	<l id="67">Ce petit fripon de Matou ?</l>
</sp>
<sp stage="toward" who='MIMY'><speaker>MIMY, à Marmuse.</speaker>
	<l id="68">Ah ! Marmuse, écoutez, si vous voulez me plaire.</l>
</sp>
<sp who="MARMUSE"><speaker>MARMUSE.</speaker>
	<l id="69">Qu'il me soit donc permis, de bâiller tout mon soûl.</l>
</sp>
<sp who="CAFAR"><speaker>CAFAR.</speaker>
	<l id="70">Cochon trop orgueilleux des faveurs de son maître,</l>
	<l id="71">De tous les autres Chiens attirant le courroux,</l>
	<l id="72">C'en est trop, dirent-ils, vengeons-nous, vengeons-nous.</l>
	<l id="73">Il faut nous défaire d'un traître.</l>
	<l id="74">La rage à cet instant vient s'offrir devant eux :</l>
	<l id="75">Qu'un de vous aujourd'hui, dit-elle, me reçoive ;</l>
	<l id="76">Sans qu'on s'en aperçoive,</l>
	<l id="77">Je punirai cet orgueilleux.</l>
	<l id="78">Cirron, sans tarder davantage,</l>
	<l id="79">Ouvre toute son âme à la cruelle rage.</l>
	<l id="80">D'abord ce Chien adroit</l>
	<l id="81">Parcourut le village,</l>
	<l id="82">Puis vint prendre Cochon par un vilain endroit,</l>
	<l id="83">Et l'envoya là-bas tout droit.</l>
</sp>
<sp who="MIMY"><speaker>MIMY.</speaker>
	<l id="84">La fortune pour nous devient donc favorable.</l>
	<l id="85">Ce Chien, ce rival redoutable,</l>
	<l id="86">Pour qui nos tendres soins ont été négligés,</l>
	<l id="87">A subi des destins l'arrêt irrévocable ;</l>
	<l id="88">Mais peut-être les maux dont l'Amour nous accable</l>
	<l id="89">N'en seront pas plus soulagés.</l>
	<l id="90">Grisette pleurera ses plaisirs dérangés.</l>
	<l id="91">Quand on aime, est-ce un avantage</l>
	<l id="92">De voir du fier objet à qui l'on rend hommage</l>
	<l id="93">Les beaux yeux toujours affligés ?</l>
</sp>
<sp who='CHOEUR DE CHATS'><speaker>CHOEUR DE CHATS.</speaker>
	<l id="94">Miaou, miaou, nous sommes tous vengés.</l>
</sp>
<sp stage="toward" who='MARMUSE'><speaker>MARMUSE, à Mimy.</speaker>
	<l id="95">Au lieu de vous répandre en de belles paroles,</l>
	<l id="96">Nous ferions mieux d'aller à pas bien ménagés,</l>
	<l id="97">Dérober là-bas quelques soles,</l>
	<l id="98">Ou de certains chapons de graisse tous chargés,</l>
	<l id="99">Que je sais qu'on n'a pas mangés.</l>
</sp>
<sp who="MIMY"><speaker>MIMY.</speaker>
	<l id="100">Marmuse, un autre soin m'occupe.</l>
</sp>
<sp who="MARMUSE"><speaker>MARMUSE.</speaker>
	<l id="101">En héros de roman, comme une franche dupe,</l>
	<l id="102">Cher Ami, vous vous érigez.</l>
</sp>
<sp who='CHOEUR DE CHATS'><speaker>CHOEUR DE CHATS.</speaker>
	<l id="103">Miaou, miaou, nous sommes tous vengés.</l>
</sp>
</div2>
<div2 type="scene" n='3'><head>SCÈNE III. Grisette, Mimy, Marmuse, Cafar, Choeur de chats du voisinage.</head>
<sp who="GRISETTE"><speaker>GRISETTE.</speaker>
	<l id="104">Cruels Matous, qu'osez-vous dire ?</l>
	<l id="105">Songez-vous que vous m'outragez ?</l>
</sp>
<sp who='CHOEUR DE CHATS'><speaker>CHOEUR DE CHATS.</speaker>
	<l id="106">Miaou, miaou, nous sommes tous vengés.</l>
</sp>
<sp who="GRISETTE"><speaker>GRISETTE.</speaker>
	<l id="107">À mes cruels ennuis je ne saurais suffire.</l>
	<l id="108">Mon juste désespoir va finir mes malheurs ;</l>
	<l id="109">Miaou, miaou, coulez, coulez mes pleurs.</l>
	<l id="110">Malgré la haine naturelle</l>
	<l id="111">Que le Ciel, en naissant, imprima dans nos coeurs,</l>
	<l id="112">Cochon désarma mes rigueurs,</l>
	<l id="113">Et je perdis pour lui le beau nom de cruelle.</l>
	<l id="114">Miaou, miaou, coulez, coulez mes pleurs.</l>
</sp>
<sp who="MARMUSE"><speaker>MARMUSE.</speaker>
	<l id="115">Grisette, rougissez de vos folles douleurs.</l>
</sp>
<sp who='CHOEUR DE CHATS'><speaker>CHOEUR DE CHATS.</speaker>
	<l id="116">Grisette, rougissez de vos folles douleurs.</l>
</sp>
<sp who="GRISETTE"><speaker>GRISETTE.</speaker>
	<l id="117">Non, ce n'est point assez de pleurer ce que j'aime,</l>
	<l id="118">Son trépas demande le mien.</l>
	<l id="119">Mourons pour cet illustre Chien ;</l>
	<l id="120">À ses mânes errants immolons-nous nous-même.</l>
	<l id="121">Non, ce n'est point assez de pleurer ce que j'aime,</l>
	<l id="122">Son trépas demande le mien.</l>
</sp>
<sp who="MIMY"><speaker>MIMY.</speaker>
	<l id="123">Ce n'est donc pas assez, Chatte injuste et barbare,</l>
	<l id="124">D'avoir trahi votre gloire</l>
	<l id="125">Par une passion bizarre ?</l>
	<l id="126">Quand la mort d'un rival rallume mon espoir,</l>
	<l id="127">Il faut encor me faire voir</l>
	<l id="128">Tout ce qu'à mon amour votre douleur prépare ?</l>
	<l id="129">Craignez que cette patte... Ah ! ma raison s'égare.</l>
	<l id="130" part="i">Je frissonne... Je meurs...</l>
</sp>
<sp stage="toward" who='MARMUSE'><speaker>MARMUSE, à Mimy.</speaker>
	<l id="130" part="f">Bonsoir.</l>
<stage type="toward">À Grisette.</stage>
	<l id="131">C'est un diable quand on l'irrite ;</l>
	<l id="132">Ne vous exposez pas à son ardent courroux :</l>
	<l id="133">A contenter ses feux tout en lui vous invite.</l>
	<l id="134">Cochon n'avait d'autre mérite</l>
	<l id="135">Que celui d'être aimé d'un héros et de vous.</l>
</sp>
<sp who="GRISETTE"><speaker>GRISETTE.</speaker>
	<l id="136">Son choix autorisait ma fatale faiblesse.</l>
	<l id="137">On sait pour mon amant la douleur qui le presse.</l>
	<l id="138">Mon cher Cochon était le plus beau des Toutous.</l>
	<l id="139">Miaou, miaou.</l>
</sp>
<sp who="MARMUSE"><speaker>MARMUSE.</speaker>
	<l id="140">Peste de Miaous !</l>
	<l id="141">Beauté capricieuse,</l>
	<l id="142">Soyez un peu moins précieuse ;</l>
	<l id="143">Le ridicule suit de bien près les grands goûts.</l>
	<l id="144">Cet assemblage de merveilles,</l>
	<l id="145">Ce Cochon, ce Chien tant aimé,</l>
	<l id="146">Était sans queue et sans oreilles.</l>
	<l id="147">Il fut, dit-on, sauvé de l'égout de Marseille ;</l>
	<l id="148">Et Cochon fut nommé,</l>
	<l id="149">Tant il avait de l'air de cette bête immonde.</l>
	<l id="150">Il sortait de sa gueule une certaine odeur</l>
	<l id="151">Qui se faisait sentir de cent pas à la ronde.</l>
	<l id="152">Il ne lui restait plus qu'un oeil distillateur.</l>
	<l id="153">C'était, à cela près, le plus beau Chien du monde.</l>
</sp>
<sp who="GRISETTE"><speaker>GRISETTE.</speaker>
	<l id="154">Non, Cochon était fait</l>
	<l id="155">Pour enflammer un coeur.</l>
</sp>
<sp who='CHOEUR DE CHATS'><speaker>CHOEUR DE CHATS.</speaker>
	<l id="156">Pour faire mal au coeur.</l>
</sp>
<sp who="MARMUSE"><speaker>MARMUSE.</speaker>
	<l id="157">Durant tout le cour de sa vie</l>
	<l id="158">Il ne se passa jour, je n'en excepte aucun,</l>
	<l id="159">Qu'il ne lui prit une sincère envie</l>
	<l id="160">De dévorer toujours quelqu'un :</l>
	<l id="161">Chapons, Perdrix, entraient dans sa panse profonde,</l>
	<l id="162">Sans qu'il prit soin de les mâcher.</l>
	<l id="163">Caresses ni bienfaits ne pouvaient le toucher ;</l>
	<l id="164">C'était, à cela près, le meilleur Chien du monde.</l>
</sp>
<sp who="GRISETTE"><speaker>GRISETTE.</speaker>
	<l id="165">Ose-t-on à mon coeur porter de pareils coups !</l>
	<l id="166">Ah ! Que d'horreurs, et quel blasphème,</l>
	<l id="167">Redoutez, médisants Matous,</l>
	<l id="168">Redoutez ma fureur extrême ;</l>
	<l id="169">Tremblez, tremblez tous.</l>
	<l id="170">Toi, divine Vénus, dont je suis descendue,</l>
	<l id="171">Viens ici défendre mes droits.</l>
	<l id="172">Ne laisse pas pour moi ta tendresse inconnue ;</l>
	<l id="173">Punis des habitants des toits</l>
	<l id="174">La brutale et dure insolence.</l>
	<l id="175">C'est en moi ton sang qu'on offense.</l>
</sp>
<sp who="MARMUSE"><speaker>MARMUSE.</speaker>
	<l id="176">Nous redoutons peu sa vengeance ;</l>
	<l id="177">Un Chat au bord du Nil fut jadis son époux,</l>
	<l id="178">Et nous avons fait connaissance</l>
	<l id="179">Tandis qu'elle était parmi nous.</l>
	<l id="180">Cessez donc d'invoquer la charmante Déesse ;</l>
	<l id="181">Redonnez-vous à votre espèce,</l>
	<l id="182">Votre destin sera plus doux.</l>
</sp>
<sp who='CHOEUR DE CHATS'><speaker>CHOEUR DE CHATS.</speaker>
	<l id="183">Redonnez-vous à votre espèce,</l>
	<l id="184">Votre destin sera plus doux.</l>
</sp>
<sp who="GRISETTE"><speaker>GRISETTE.</speaker>
	<l id="185">Je dois à Cochon ma tendresse.</l>
	<l id="186">Dussiez-vous être encor mille fois plus jaloux.</l>
	<l id="187">Vous verrez à quel point pour lui je m'intéresse.</l>
</sp>
<sp who='CHOEUR DE CHATS'><speaker>CHOEUR DE CHATS.</speaker>
	<l id="188">Redonnez-vous à votre espèce,</l>
	<l id="189">Votre destin sera plus doux.</l>
</sp>
<sp who="MARMUSE"><speaker>MARMUSE.</speaker>
<stage type="title">Menuet.</stage>
	<l id="190">Il faut n'être pas mal folle</l>
	<l id="191">Pour aimer un amant mort.</l>
	<l id="192">Les Humains en sont d'accord :</l>
	<l id="193">On apprend à leur école</l>
	<l id="194">Que l'absent a toujours tort.</l>
</sp>
<sp who="MIMY"><speaker>MIMY.</speaker>
	<l id="195">L'ingrate a déjà fait retraite,</l>
	<l id="196">Elle fuit mes feux irrités.</l>
	<l id="197">Ah ! cruelle Chatte, arrêtez,</l>
	<l id="198">Grisette, Grisette, Grisette.</l>
</sp>
<sp who='CHOEUR DE CHATS'><speaker>CHOEUR DE CHATS.</speaker>
	<l id="199">Grisette, Grisette, Grisette.</l>
	<l id="200">Ah ! Cruelle chatte, arrêtez.</l>
</sp>
</div2>
<div2 type="scene" n='4'><head>SCÈNE IV. L'Amour, Mimy, Marmuse, Choeur de Chats.</head>
<sp who="L'AMOUR"><speaker>L'AMOUR à califourchon sur une gouttière.</speaker>
	<l id="201">Tendre Matou, laissez-la faire :</l>
	<l id="202">Votre infortune finira ;</l>
	<l id="203">J'en jure par mon arc, j'en jure par ma mère.</l>
	<l id="204">La constance est une chimère,</l>
	<l id="205">Dont Grisette se lassera.</l>
</sp>
<sp who='CHOEUR DE CHATS'><speaker>CHOEUR DE CHATS.</speaker>
	<l id="206">Croyons, croyons l'Amour ; ce Dieu nous vengera.</l>
</sp>
</div2>
</div1>
</body>
</text>
</TEI>