<?xml version="1.0" encoding="utf-8" ?>
<TEI xml:lang="fr">
<teiHeader>
		<fileDesc>
			<titleStmt>
				<title>LA VEUVE COQUETTE, COMÉDIE</title>
				<author born='1693' born_location='' death='1774' death_location='' academie=''>DESPORTES, Claude-François</author>
				<date>1721</date>
			</titleStmt>
			<publicationStmt>	
				<publisher>publié par Paul FIEVRE décembre 2014</publisher>
				<idno>DESPORTES_VEUVECOQUETTE</idno>
			<rights>Creative Commons BY-NC-SA</rights>
			</publicationStmt>
			<SourceDesc>
				<genre>Comédie</genre>
				<inspiration>moeurs</inspiration><structure>Un acte</structure>
				<type>mixte</type>
				<periode>1721-1730</periode>
				<taille>250-500</taille>
				<permalien></permalien>
			</SourceDesc>
		</fileDesc>
</teiHeader>
<text>
	<front>
		<docTitle>
			<titlePart type="main">LA VEUVE COQUETTE</titlePart>
			<titlePart type="sub">COMÉDIE EN UN ACTE</titlePart>
			<titlePart type="sub">avec un divertissement</titlePart>
		</docTitle> 
		<docDate value="1758">1758.</docDate>
		<docAuthor id="DESPORTES, Claude-François" bio='desportes'>Par Mr Desportes.</docAuthor>
		<docImprint>
			<privilege date=""><head>APPROBATI0N</head>
				<p>J'ai lu par ordre de Monseigneur le Garde des Sceaux, La Veuve Coquette, suite du Nouveau Théâtre Italien. À Paris ce 31. Janvier 1731.</p>
				<p>Signé, DANCHET</p>
			</privilege>
			<acheveImprime id=""></acheveImprime>
			<printer id="BRIASSON">À PARIS, Chez Briasson, rue saint Jacques. à la Science. Même Boutique.</printer>
		</docImprint>
		<performance>
			<premiere date="1721-10-19" location="Hôtel de Bourgogne">Représenté pour la première fois par les Comédiens Italiens ordinaires du Roi, le 19 Octobre 1721.</premiere>
		</performance>
<div type="preface"><head></head>
<p class="texte"></p>
</div>
	<castList><head>ACTEURS</head>
		<castItem><role id="FLAMINIA" sex="2" type="H" statut='bourgeois' age='A' stat_amour='néant'>FLAMINIA</role>, Veuve Coquette.</castItem>
		<castItem><role id="SILVIA" sex="2" type="H" statut='bourgeois' age='A' stat_amour='néant'>SILVIA</role>, sa Fille. </castItem>
		<castItem><role id="SPINETTE" sex="2" type="H" statut='suivante' age='A' stat_amour='néant'>SPINETTE</role>, sa Suivante. </castItem>
		<castItem><role id="MARIO" sex="1" type="H" statut='bourgeois' age='A' stat_amour='néant'>MARIO</role>, Amant de Silvia. </castItem>
		<castItem><role id="ARLEQUIN" sex="1" type="H" statut="valet" age='A' stat_amour='néant'>ARLEQUIN</role>, Valet de Mario. </castItem>
		<castItem><role id="MONSIEUR RHUBARBINI" sex="1" type="H" statut='médecin' age='A' stat_amour='néant'>MONSIEUR RHUBARBINI</role>, Médecin. </castItem>
		<castItem><role id="TRIVELIN" sex="1" type="H" statut="valet" age='A' stat_amour='néant'>TRIVELIN</role>, son Valet. </castItem>
		<castItem><role id="UN NOTAIRE" sex="1" type="H" statut='notaire' age='A' stat_amour='néant'>UN NOTAIRE</role>.</castItem>
		<castItem><role id="DANSEURS et CHANTEURS" sex="9" type="H" statut='musicien' age='A' stat_amour='néant'>Plusieurs DANSEURS et CHANTEURS du Divertissement</role>.</castItem>
	</castList>
	<set location="Paris" country="France" periode="XVIIIème" gps="48.856614, 2.352222">La Scène est à Paris chez la Veuve.</set>
	</front>
<body>
<div1 type="act" n='1'><head>LA VEUVE COQUETTE</head>
<div2 type="scene" n='1'><head>SCÈNE PREMIÈRE. Monsieur Rhubarbini, Trivelin,</head>
<sp who='TRIVELIN'><speaker>TRIVELIN.</speaker>
<p id="1">
	<s id="1">Monsieur, on n'entre point : je vous l'avais bien dit, depuis deux jours, que je vous sers, je connais déjà cette maison, il n'y est jour que sur le soir. </s>
	<s id='2'>Madame Flaminia ne sera pas sitôt visible ; vraiment je suis sûr qu'à l'heure qu'il est son visage n'est pas à moitié fait.</s>
</p>
</sp>
<sp who='MONSIEUR RHUBARBINI'><speaker>MONSIEUR RHUBARBINI.</speaker>
<p id="2">
	<s id="1">Je ne prétends pas lui causer d'incommodité ; mais Trivelin, un médecin a quelquefois des privilèges... </s>
</p>
</sp>
<sp who='TRIVELIN'><speaker>TRIVELIN.</speaker>
<note type="L">Appareil : Disposition de ce qui a grandeur ou pompe. Pompe magnificence. [L]</note>
<p id="3">
	<s id="1">II n'y a médecin qui tienne, on ne la voit point, vous dis-je, qu'elle n'ait mis du moins le premier appareil. </s>
	<s id='2'>N'a-t-elle pas raison ? </s>
	<s id='3'>On ne doit pas lever la toile que les décorations ne soient posées : encore avec toutes ces précautions votre Veuve aurait bon besoin de ne paraître que de loin et aux lumières comme les perspectives de théâtre.</s>
</p>
</sp>
<sp who='MONSIEUR RHUBARBINI'><speaker>MONSIEUR RHUBARBINI.</speaker>
<note type="L">Simples : C'est un nom général qu'on donne à toutes les herbes et plantes, parce qu'elles ont chacune leur vertu particulière pour servir d'un remède simple. [F]</note>
<p id="4">
	<s id="1">Il est vrai que ses appas ne sont pas tout-à-fait de la dernière édition, mais elle en sera plus mûre, et plus convenable pour être la femme d'un fameux médecin ; je sais bien qu'une femme ressemble à ces simples et à ces plantes inconnues dont on ne connaît la vertu que par expérience, et lorsqu'il n'est plus temps de guérir le mal qu'elles ont fait, mais tu sais aussi que le bien de Madame Flaminia est la pierre d'aimant dont la vertu attractive m'entraîne auprès d'elle : une veuve pécunieuse est un excellent préservatif contre les crudités de la fortune.</s>
</p>
</sp>
<sp who='TRIVELIN'><speaker>TRIVELIN.</speaker>
<note type="L">Galbanon : Galbanum, terme de pharmacie. C'est une gomme qui se peut dissoudre dans des liqueurs aqueuses. On dit, qu'un homme donne du galbanum, lorsqu'il promet beaucoup de choses pour en tenir peu. </note>
<p id="5">
	<s id="1">Bon, un médecin a bien besoin de cela ! </s>
	<s id='2'>Et un médecin étranger encore : car il en est de ces Messieurs comme des étoffes, des porcelaines, et des curiosités, plus elles viennent de loin et plus cher on les paye. </s>
	<s id='3'>Mais pour revenir à votre veuve, croyez-vous qu'elle ne vous donne pas un peu de galbanon ?</s>
</p>
</sp>
<sp who='MONSIEUR RHUBARBINI'><speaker>MONSIEUR RHUBARBINI.</speaker>
<p id="6">
	<s id="1">Et d'où te procède un tel soupçon ?</s>
</p>
</sp>
<sp who='TRIVELIN'><speaker>TRIVELIN.</speaker>
<p id="7">
	<s id="1">Voyez-vous, Monsieur : une coquette et un médecin sont deux grands charlatans. </s>
	<s id='2'>L'une avec ses minauderies et son manège amuse plusieurs amants, dont chacun en particulier croit être le fortuné ; ET l'autre avec de grands mots que personne n'entend, et qu'il n'entend quelquefois pas lui-même, en impose aux ignorants... </s>
	<s id='3'>Oh il y a une grande conformité entre ces deux professions-là ! </s>
	<s id='4'>Mais dans cette occasion-ci le médecin pourrait bien être la dupe de la Coquette.</s>
</p>
</sp>
<sp who='MONSIEUR RHUBARBINI'><speaker>MONSIEUR RHUBARBINI.</speaker>
<p id="8">
	<s id="1">Oh, finis tes beaux arguments, et songe seulement à t'insinuer comme je t'ai dit auprès de la suivante de ce logis pour connaître et anatomiser les dispositions du coeur de sa maîtresse à mon égard. </s>
	<s id='2'>Quelque affaire que j'ai ne me permet pas de l'attendre, je serai bientôt de retour.</s>
</p>
<stage type="exit">Il sort.</stage>
</sp>
</div2>
<div2 type="scene" n='2'><head>SCÈNE II.</head>
<sp stage="alone" who='TRIVELIN'><speaker>TRIVELIN, seul.</speaker>
<p id='1'>
	<s id='1'>Anatomiser le coeur d'une femme ! </s>
	<s id='2'>Mon Maître n'y songe pas, toute la Faculté y perdrait son Latin... </s>
	<s id=''>Mais je vois Spinette avec la fille de la Veuve, attendons qu'elle sois seule pour lui parler.</s>
</p>
</sp>
</div2>
<div2 type="scene" n='3'><head>SCÈNE III. Silvia, Spinette.</head>
<sp who="SILVIA"><speaker>SILVIA.</speaker>
<p id="1">
	<s id="1">Ah ! </s>
	<s id='2'>Ma chère Spinette, promenons un peu mes inquiétudes , je suis sur les épines. </s>
	<s id='"'>C'est aujourd'hui que Mario, de mon consentement, doit enfin parler à ma mère et me demander en mariage ; que je crains qu'elle ne refuse ses propositions, et qu'elle n'ait d'autres vues contraires à mes désirs !</s>
</p>
</sp>
<sp who='SPINETTE'><speaker>SPINETTE. </speaker>
<p id='2'>
	<s id='1'>Tout franc, votre crainte n'est pas sans fondement. </s>
	<s id='2'>Votre mère est une goulue qui ne veut, je crois, que pour elle des amants ou des maris, et qui prend pour son compte tous ceux qui viennent ici pour vous faire la cour.</s>
</p>
</sp>
<sp who='SILVIA'><speaker>SILVIA.</speaker>
<p id='3'>
	<s id='1'>Quand l'amour que j'ai pour Mario ne me ferait pas souhaiter d'être unie avec lui, j'aurais bien des raisons d'aspirer au mariage : tu sais avec quelle sévérité je suis retenue, il semble que ma mère ne me puisse souffrir.</s>
</p>
</sp>
<sp who='SPINETTE'><speaker>SPINETTE. </speaker>
<p id='4'>
	<s id='1'>Bon : est-ce que les mères coquettes peuvent aimer de grandes filles comme vous ?</s>
</p>
</sp>
<sp who='SILVIA'><speaker>SILVIA.</speaker>
<p id='5'>
	<s id='1'>Oh bien, moi, je suis pourtant bien lasse de me voir toujours traitée comme une petite fille, je ne suis plus à la bavette...</s>
</p>
</sp>
<sp who='SPINETTE'><speaker>SPINETTE. </speaker>
<p id='6'>
	<s id='1'>Je le vois bien vraiment, et l'affaire dont vous me parlez ne demande rien d'enfant.</s>
</p>
</sp>
<sp who="SILVIA"><speaker>SILVIA.</speaker>
<p id="7">
	<s id="1">Mais Spinette , dis-moi, n'est-il pas bien triste aussi à mon âge, dans un temps où tous les jours de ma vie devraient être marqués par autant de plaisirs, de me voir renfermée au logis comme une recluse, pendant que ma mère va au bal, aux spectacles ? </s>
	<s id='2'>Comment elle me fait un crime du moindre ajustement, lorsqu'il n'y a rien de trop beau pour elle ; elle me gronde dès qu'elle me voit seulement parler à quelqu'un, et veut toujours que j'aie un fichu noué jusques sous le menton, comme si...</s>
</p>
</sp>
<sp who='SPINETTE'><speaker>SPINETTE. </speaker>
<p id='8'>
	<s id='1'>Comme s'il était défendu d'user de ses avantages. II vaudrait autant ne pas avoir... quelque chose, que de ne pas s'en faire honneur.</s>
</p>
</sp>
<sp who="SILVIA"><speaker>SILVIA.</speaker>
<p id="9">
	<s id="1">Enfin n'est-ce pas le monde renversé de voir des femmes sur le retour prétendre avoir des amants, et défendre aux jeunes filles d'en avoir ? </s>
	<s id='2'>Et en bonne foi, une mère à certain âge ne devrait-elle pas songer à la retraite et abjurer la coquetterie ?</s>
</p>
</sp>
<sp who='SPINETTE'><speaker>SPINETTE. </speaker>
<p id="10">
	<s id="1">Oui, et faire recevoir sa fille en survivance.</s>
</p>
</sp>
<sp who="SILVIA"><speaker>SILVIA.</speaker>
<p id="11">
	<s id="1">Spinette tâche un peu, je te prie, de sonder adroitement ma mère sur mon chapitre. </s>
	<s id='2'>Préviens-là en faveur de Mario. </s>
	<s id='3'>Il me semble qu'il ne lui déplaît pas, et les soins qu'il a pris par mon avis, de lui dire des douceurs et de la cajoler sans cesse sur sa beauté a dû le mettre assez bien dans son esprit. </s>
	<s id='4'>Parle pour lui... </s>
</p>
</sp>
<sp who='SPINETTE'><speaker>SPINETTE.</speaker>
<p id="11">
	<s id="1">Je suis portée d'inclination à vous rendre service, mais vous connaissez l'humeur entière de votre mère. </s>
	<s id='2'>Je ferai ce que je pourrai. </s>
	<s id='3'>Je croiq qu'elle m'appelle. </s>
	<s id='4'>Adieu.</s>
</p>
</sp>
</div2>
<div2 type="scene" n='4'><head>SCÈNE IV.</head>
<sp stage="alone" who='SILVIA'><speaker>SILVIA, seule.</speaker>
<p id="1">
	<s id="1">Qu'une mère sévère rend un amant aimable ! </s>
	<s id='2'>Et que la contrainte où l'on nous retient assaisonne bien l'idée agréable que nous nous formons naturellement du mariage ! </s>
	<s id='3'>Je voudrais voir Mario pour raisonner encore sur le tour que nous prendrons... </s>
	<s id='4'>Mais j'aperçois son valet.</s>
</p>
</sp>
</div2>
<div2 type="scene" n='5'><head>SCÈNE V. Arlequin, Silvia.</head>
<sp who="SILVIA"><speaker>SILVIA.</speaker>
<p id="1">
	<s id="1">Arlequin que fait ton maître ?</s>
</p>
</sp>
<sp who='ARLEQUIN'><speaker>ARLEQUIN.</speaker>
<p id="2">
	<s id="1">Mademoiselle, il est toujours amoureux comme un Diable, il pense à vous sans cesse, dès le matin, à déjeuner, à diner, à souper, et toute la nuit.</s>
</p>
</sp>
<sp stage="aparte" who='SILVIA'><speaker>SILVIA, à part.</speaker>
<p id="3">
	<s id="1">Il faut que je le questionne un peu : comment sais-tu cela ? </s>
	<s id='2'>Il te l'a donc dit ?</s>
</p>
</sp>
<sp who='ARLEQUIN'><speaker>ARLEQUIN.</speaker>
<p id="4">
	<s id="1">Vraiment, ne savez vous pas qu'un homme ne tait pas mieux son amour qu'une femme un secret ? </s>
	<s id='2'>Je n'entends autre chose à mes oreilles que... </s>
	<s id='3'>Arlequin n'est-il pas vrai que Silvia est la plus belle, la plus charmante, la plus adorable personne du monde ? </s>
	<s id='4'>Arlequin ne trouves-tu pas ses yeux les plus beaux... </s>
	<s id='5'>Arlequin ne trouves-tu pas sa bouche... la plus jolie... </s>
	<s id='6'>Arlequin ne trouves-tu pas sa taille... </s>
	<s id='7'>Enfin que sais-je moi.</s>
</p>	
</sp>
<sp stage="aparte" who='SILVIA'><speaker>SILVIA, à part.</speaker>
<p id="5">
	<s id="1">Que tu me fais de plaisir de me dire cela ! </s>
	<s id='2'>Tout ce qui sert à me prouver l'amour de Mario m'enchante toujours. </s>
</p>
</sp>
<sp who='ARLEQUIN'><speaker>ARLEQUIN.</speaker>
<p id="6">
	<s id="1">Vous en parlez bien à votre aise. </s>
	<s id='2'>Depuis que mon Maître vous aime, à peine ai-je le temps de manger et de dormir ; la sotte chose qu'un Maître amoureux ! </s>
	<s id='3'>Tantôt emporté, tantôt tranquille, tantôt bien aise, tantôt fâché, tantôt..</s>
</p>
<stage type="anger">Il fait l'homme en colére.</stage>
<p id='7'>
	<s id='1'>Ah mon cher Arlequin je suis au désespoir. </s>
	<s id='2'>L'ingrate, la perfide, la changeuse Silvia me trompe, elle me préfère peut-être quelque rival.</s>
</p>
</sp>
<sp who="SILVIA"><speaker>SILVIA.</speaker>
<p id="8">
	<s id="1">Comment donc Arlequin ? Il avait grand tort de s'imaginer cela.</s>
</p>
</sp>
<sp who='ARLEQUIN'><speaker>ARLEQUIN.</speaker>
<p id="9">
	<s id="1">C'est ce que je lui disais quelquefois aussi...</s>
</p>
<stage type="expression">Il fait l'homme transporté de joie. </stage>
<p id="10">
	<s id="1">Ah mon cher Arlequin je suis au comble de la joie ! </s>
	<s id='2'>Silvia m'aime, je n'en puis plus doute...</s>
</p>
<stage type="lazzis/exit">Gesticulant, sort.</stage>
<p id='11'>
	<s id='1'>Oui charmante Silvia, je vous aimerai toujours... toujours...</s>
</p>
</sp>
<sp who="SILVIA"><speaker>SILVIA.</speaker>
<p id="12">
	<s id="1">Doucement donc Arlequin, tu gesticules un peu trop.</s>
</p>
</sp>
<sp who='ARLEQUIN'><speaker>ARLEQUIN.</speaker>
<p id="13">
	<s id="1">C'est pour mieux exprimer la chose.</s>
</p>
</sp>
<sp who="SILVIA"><speaker>SILVIA.</speaker>
<p id="14">
	<s id="1">Oh tes expressions sont trop fortes, on dirait que tu serais amoureux toi-même.</s>
</p>
</sp>
<sp who='ARLEQUIN'><speaker>ARLEQUIN.</speaker>
<p id="15">
	<s id="1">Hé ne le suis-je pas ? </s>
	<s id='2'>Cela se gagne apparemment ; car moi qui n'aimais que le bon vin, les bonbons, les macarons, et qui avais toujours tenu bon contre l'amour, j'ai laissé prendre mon coeur par votre traîtresse de Spinette qui me fait enrager.</s>
</p>
</sp>
<sp who="SILVIA"><speaker>SILVIA.</speaker>
<p id="16">
	<s id="1">Elle a tort, et je parlerai pour toi. </s>
	<s id='2'>Mais je m'amuse ici et je ne voulais que savoir si ton maître est chez lui.</s>
</p>
</sp>
<sp who='ARLEQUIN'><speaker>ARLEQUIN.</speaker>
<p id="17">
	<s id="1">Non, il est allé je crois vous préparer un petit régal. </s>
	<s id='2'>Car j'ai entendu parler de violons, de basses, de flûtes, de hautbois, de tambours, de trompettes marines... de...</s>
</p>
</sp>
<sp who="SILVIA"><speaker>SILVIA.</speaker>
<p id="18">
	<s id="1">Oh tu m'étourdis avec tes instrument s: quand il sera revenu dis-lui qu'il tâche de me voir, et que j'ai à lui parler.</s>
</p>
</sp>
</div2>
<div2 type="scene" n='6'><head>SCÈNE VI. Arlequin, Trivelin.</head>
<sp stage="toward/exit" who='ARLEQUIN'><speaker>ARLEQUIN, à Silvia qui sort.</speaker>
<p id="1">
	<s id="1">Je n'y manquerai pas. </s>
	<s id='2'>Mais que vois je ! </s>
	<s id='3'>Ne me trompai-je pas ? </s>
	<s id='4'>Je crois que c'est...</s>
</p>

</sp>
<sp who='TRIVELIN'><speaker>TRIVELIN. </speaker>
<p id='2'>
	<s id='1'>Je crois que je vois.... </s>
	<s id='2'>Eh parbleu c'est lui-même.. Arlequin.</s>
</p>
</sp>
<sp who='ARLEQUIN'><speaker>ARLEQUIN.</speaker>
<p id="17">
	<s id="1">Trivelin ! </s>
	<s id='2'>Eh bonjour mon ami ; que je suis aise de te revoir après t'avoir perdu de vue si longtemps !</s>
</p>
<stage type="kiss">Ils s'embrassent.</stage>
</sp>
<sp who='TRIVELIN'><speaker>TRIVELIN. </speaker>
<p id='4'>
	<s id='1'>Je suis ravi de te rencontrer. </s>
	<s id='2'>Par quel hasard dans cette maison ?</s>
</p>
</sp>
<sp who='ARLEQUIN'><speaker>ARLEQUIN.</speaker>
<p id='5'>
	<s id='1'>Je suis chez mon maître, qui loge ici et qui est amoureux d'une jeune personne qui demeure dans cet autre appartement ; mais toi que fais-tu ?</s>
</p>
</sp>
<sp who='TRIVELIN'><speaker>TRIVELIN.</speaker>
<p id='6'>
	<s id='1'>Mes aventures seraient longues à te conter. </s>
	<s id='2'>Tu sais que j'ai toujours eu peine à me résoudre de me tenir dans le service et d'y enterrer les talents que j'ai pour la fourberie : j'ai essayé plus d'une fois de m'élever, mais le monde aujourd'hui a l'esprit si malfait que je me suis vu réduit à me mettre dans mon premier état. </s>
	<s id='3'>J'ai quitté depuis peu le service d'un petit maître qui ne me payait mes gages qu'en coups de canne, et je me suis mis d'hier dans la médecine.</s>
</p>
</sp>
<sp who='ARLEQUIN'><speaker>ARLEQUIN. </speaker>
<p id='7'>
	<s id=''>Dans la médecine !</s>
</p>
</sp>
<sp who='TRIVELIN'><speaker>TRIVELIN.</speaker>
<p id='8'>
	<s id=''>Oui, je sers un médecin qui couche en joue une veuve qui demeure céans, mais je suis peu content de ma condition, il ne me nourrit que de diète, et j'y suffoque d'inanition.</s>
</p>
</sp>
<sp who='ARLEQUIN'><speaker>ARLEQUIN. </speaker>
<p id='9'>
	<s id='1'>Mauvaise nourriture ! </s>
	<s id='2'>Eh comment se comme cette veuve ?</s>
</p>
</sp>
<sp who='TRIVELIN'><speaker>TRIVELIN.</speaker>
<p id='10'>
	<s id='1'>Flaminia.</s>
</p>
</sp>
<sp who='ARLEQUIN'><speaker>ARLEQUIN. </speaker>
<p id='11'>
	<s id='1'>Eh c'est la mère de la maîtresse de mon maître ! </s>
	<s id='2'>Une femme qui était jeune autrefois, n'est-ce pas ? </s>
	<s id='3'>Et qui a la rage d'être aimée... </s>
	<s id='4'>Et ton Maître l'aime-t-il ?</s>
</p>
</sp>
<sp who='TRIVELIN'><speaker>TRIVELIN.</speaker>
<p id='12'>
	<s id='1'>Bon, un médecin se mêler d'aimer ! </s>
	<s id='2'>Il vise au matrimonium ; la veuve est riche, dit-on, et le pèlerin aime le bien avec concupiscence. </s>
	<s id='3'>Il m'a donné commission de m'informer à Spinette des espérances qu'il peut former...</s>
</p>
</sp>
<sp stage="faint/tender" who='ARLEQUIN'><speaker>ARLEQUIN, se pâmant de tendresse.</speaker>
<p id='13'>
	<s id='1'>Ah ! </s>
	<s id='2'>Trivelin quel nom viens-tu de dire ?</s>
</p>
</sp>
<sp who='TRIVELIN'><speaker>TRIVELIN.</speaker>
<p id='14'>
	<s id='1'>Comment donc ?</s>
</p>
</sp>
<sp who='ARLEQUIN'><speaker>ARLEQUIN. </speaker>
<p id='15'>
	<s id='1'>Ah ! </s>
	<s id='2'>Trivelin... </s>
	<s id='3'>L'amour me transporte pour cette Spinette. </s>
	<s id='4'>Je crois que j'en deviendrai fou. </s>
	<s id='5'>C'est une cruelle, une tigresse qui... </s>
	<s id='6'>Mais je vois mon Maître.</s>
</p>
</sp>
</div2>
<div2 type="scene" n='7'><head>SCÈNE VII. Arlequin, Trivelin, Mario.</head>
<sp who="MARIO"><speaker>MARIO.</speaker>
<p id="1">
	<s id="1">Ne vois-je pas un de mes anciens valets ? </s>
	<s id='2'>C'est Trivelin !</s>
</p>
</sp>
<sp who='ARLEQUIN'><speaker>ARLEQUIN. </speaker>
<p id='2'>
	<s id='1'>Oui, Monsieur, c'est un des plus habiles fripons...</s>
</p>
</sp>
<sp who="TRIVELIN"><speaker>TRIVELIN.</speaker>
<p id="3">
	<s id="1">Ah Monsieur Arlequin vous me rendez confus.</s>
</p>
</sp>
<sp who='ARLEQUIN'><speaker>ARLEQUIN. </speaker>
<p id='4'>
	<s id='1'>De plus c'est le valet de votre beau-père, ou peu s'en faut.</s>
</p>
</sp>
<sp who='MARIO'><speaker>MARIO. </speaker>
<p id='5'>
	<s id='1'>Comment ?</s>
</p>
</sp>
<sp who='TRIVELIN'><speaker>TRIVELIN. </speaker>
<p id="6">
	<s id="1">Oui Monsieur, je sers Monsieur Rhubarbini qui pourchasse cette veuve de vos voisines, Flaminia.</s>
</p>
</sp>
<sp who="MARIO"><speaker>MARIO.</speaker>
<p id="7">
	<s id="1">Quoi, cette femme à son âge songerait à se remarier !</s>
</p>
</sp>
<sp who="TRIVELIN"><speaker>TRIVELIN.</speaker>
<p id="8">
	<s id="1">Vraiment elle n'aurait qu'à vous entendre tenir ce discours ?</s>
</p>
</sp>
<sp who="MARIO"><speaker>MARIO.</speaker>
<p id="9">
	<s id="1">Je sais que je serais perdu. </s>
	<s id='2'>Amant de la fille, il faut que je cajole la mère : c'est une demi-vieille coquette qui semble seule vouloir ignorer les sentiments que j'ai pour sa fille. </s>
	<s id='3'>Il faut pourtant m'expliquer. </s>
	<s id='4'>Arlequin, n'a-t-elle point encore paru ?</s>
</p>
</sp>
<sp who="ARLEQUIN"><speaker>ARLEQUIN.</speaker>
<p id="10">
	<s id="1">Bon, avant qu'elle ait achevé de s'atiffer, la nuit sera venue. </s>
	<s id='2'>Une demi-vieille à sa toilette ne finit point. </s>
	<s id='3'>C'est une mouche par-ci, une agaçante par-là, un peu de rouge encore, un arrangement de bouche, une tournure d'yeux... </s>
	<s id='4'>Ces sortes de femmes n'ont point de meilleur ami que leur miroir : c'est l'unique confident à qui elles se montrent telles qu'elles sont, pour en obtenir l'art de paraître ce qu'elles ne sont pas... </s>
	<s id='5'>Mais à propos j'ai vu sa fille qui veut vous parler, elle vous attend dans son appartement.</s>
</p>
</sp>
<sp who='MARIO'><speaker>MARIO.</speaker>
 <p id='11'>
	<s id='1'>Eh que ne le disais-tu donc ? </s>
	<s id='2'>Courons voir ma chère Silvia.</s>
</p>
</sp>
</div2>
<div2 type="scene" n='8'><head>SCÈNE VIII. Arlequin, Trivelin.</head>
<sp who="ARLEQUIN"><speaker>ARLEQUIN.</speaker>
<p id="1">
	<s id="1">Et moi, ma chère Spinette. </s>
	<s id='2'>Mais Trivelin, toi qui as tant d'esprit, apprends-moi comme il faut faire pour toucher une cruelle.</s>
</p>
</sp>
<sp who='TRIVELIN'><speaker>TRIVELIN.</speaker>
<p id='2'>
	<s id='1'>C'est selon. </s>
	<s id='2'>Il faut prendre les femmes par leur faible... </s>
	<s id='3'>Elles aiment les airs évaporés, libres ; trop de sagesse les gêne... </s>
	<s id='4'>N'as-tu pas vu de ces jeunes débraillés, et brusquement polis, qui voltigent sur les théâtres autour des actrices ?</s>
</p>	
</sp>
<sp who='ARLEQUIN'><speaker>ARLEQUIN.</speaker>
<p id='3'>
	<s id='1'>Oh vraiment oui.</s>
</p>
</sp>
<sp who='TRIVELIN'><speaker>TRIVELIN.</speaker>
<p id='4'>
	<s id='1'>Imite bien leurs façons...</s>
</p>
<stage type="lazzis">Il lui fait faire tous tes gestes.</stage>
<p id='4'>
	<s id='1'>Le chapeau sur l'un des yeux, la main dans la ceinture, une épaule plus haute que l'autre...</s>
</p>
<stage type="proud">D'un ton de petit maître. </stage>
<p id='5'>
	<s id='1'>Je me donne au Diable ma chère, vous êtes d'un brillant à éblouir. </s>
	<s id='2'>Voulez-vous me faire languir longtemps ? </s>
	<s id='3'>Dieu me damne je vous adore, je vous idolâtre... </s>
	<s id='4'>Hé donc à qui tient-il que vous ne m'accordiez quelque légère faveur... beaucoup gesticuler surtout, les Dames aiment les amants pantomimes. </s>
</p>
<stage type="lazzis">Il gesticule, Arlequin se défend faisant la femme.</stage>
</sp>
<sp who='ARLEQUIN'><speaker>ARLEQUIN. </speaker>
<p id='6'>
	<s id='1'>Mais, vous n'y songez pas, Chevalier, arrêtez vous donc.</s>
</p>
</sp>
<sp who='TRIVELIN'><speaker>TRIVELIN.</speaker>
<p id='7'>
	<s id='1'>Spinette vient, songe à jouer ton rôle.</s>
</p>
</sp>
</div2>
<div2 type="scene" n='9'><head>SCÈNE IX. Spinette, Arlequin, Trivelin.</head>
<sp who='TRIVELIN'><speaker>TRIVELIN.</speaker>
<p id="1">
	<s di="1">Je viens de la part de Monsieur Rhubarbini savoir l'état de la santé de Madame Flaminia, et lui dire qu'il aura l'honneur de la voir aujourd'hui. </s>
	<s id='2'>Mais Mademoiselle Spinette, à parler franchement, mon maître ne se flatte-t-il point dans ses espérances, et croyez-vous que votre Dame réponde à son amour ?</s>
</p>
</sp>
<sp who='SPINETTE'><speaker>SPINETTE. </speaker>
<p id="2">
	<s id="1">Je ne puis vous rien dire de positif là-dessus. </s>
	<s id='2'>Le coeur d'une coquette est un labyrinthe où l'on se perd, et dont elle ignore souvent elle même les détours : qu'il fasse toujours de son coté ce qu'il pourra, il viendra peut-être quelque bon moment.</s>
</p>
</sp>
<sp who='TRIVELIN'><speaker>TRIVELIN.</speaker>
<p id='3'>
	<s id='1'>Je vous remercie, je vais retrouver mon Maître.</s>
</p>
</sp>
</div2>
<div2 type="scene" n='10'><head>SCÈNE X. Arlequin, Sspinette.</head>
<sp who='ARLEQUIN'><speaker>ARLEQUIN.</speaker>
<p id='1'>
	<s id='1'>Où vas-tu donc si vite Spinette ?</s>
</p>
</sp>
<sp who="SPINETTE"><speaker>SPINETTE.</speaker>
<p id="2">
	<s id="1">Que veux-tu ?</s>
</p>
</sp>
<sp who='ARLEQUIN'><speaker>ARLEQUIN.</speaker>
<p id='3'>
	<s id='1'>Eh la regarde-moi.</s>
</p>
</sp>
<sp who="SPINETTE"><speaker>SPINETTE.</speaker>
<p id="4">
	<s id="1">Hé bien je te regarde.</s>
</p>
</sp>
<sp who='ARLEQUIN'><speaker>ARLEQUIN.</speaker>
<p id='5'>
	<s id='1'>Que tu es rude ! </s>
	<s id='2'>N'entends-tu pas ce que je te veux dire ?</s>
</p>
</sp>
<sp who="SPINETTE"><speaker>SPINETTE.</speaker>
<p id="6">
	<s id="1">Non vraiment.</s>
</p>
<stage type="lazzis">Arlequin fait toutes les postures de petit Maître que lui a montré Trivelin, il tire sa tabatière, chante, danse, etc.</stage>
<p id='7'>
	<s id='1'>Arlequin que veux-tu donc dire avec tous tes gestes ?</s>
</p>
</sp>
<sp stage="confuse" who='ARLEQUIN'><speaker>ARLEQUIN, embrouillant dans son discours.</speaker>
<p id='8'>
	<s id='1'>Ah ma chère, de par tous les diables, vous êtes belle comme un petit démon... les beaux yeux que... votre ardeur... a fait naître dans le coeur... de mon amour... tout cela est cause que... vos appas... et vos charmes... </s>
</p>
<stage type="lazzis">En gesticulant.</stage>
<p id='9'>
	<s id='1'>Enfin il vous aime à la folie.</s>
</p>
</sp>
<sp who="SPINETTE"><speaker>SPINETTE.</speaker>
<p id="10">
	<s id="1">Quel diantre de galimatias me fais-tu donc là ? </s>
	<s id='2'>Je n'y entends rien.</s>
</p>
</sp>
<sp stage="offended" who='ARLEQUIN'><speaker>ARLEQUIN, se dépitant.</speaker>
<p id="11">
	<s id="1">Que diable aussi pourquoi chercher tant de grands mots ? </s>
	<s id='2'>Tiens, je ne saurais sortir de mon naturel. </s>
	<s id='3'>Faut-il tant de façons pour te dire que je t'aime de tout mon coeur, et que...</s>
</p>
</sp>
<sp who="SPINETTE"><speaker>SPINETTE.</speaker>
<p id="12">
	<s id="1">Tais-toi. </s>
	<s id='2'>J'entends ma Maîtresse. </s>
	<s id='3'>Je serais perdue si elle te voyait. </s>
	<s id='4'>Elle veut qu'on ne cajole qu'elle dans la maison.</s>
</p>
</sp>
<sp who='ARLEQUIN'><speaker>ARLEQUIN.</speaker>
<p id='13'>
	<s id='1'>Spinette, seulement un baiser, en rabattant sur les droits du mari...</s>
</p>
</sp>
<sp who='SPINETTE'><speaker>SPINETTE.</speaker>
<p id='14'>
	<s id='1'>Eh va, va, on dit que les maris en rabattent toujours assez.</s>
</p>
</sp>
<sp who='ARLEQUIN'><speaker>ARLEQUIN.</speaker>
<p id='15'>
	<s id=''>Adieu donc barbare Spinette.</s>
</p>
</sp>
<sp who="SPINETTE"><speaker>SPINETTE.</speaker>
<p id="16">
	<s id="1">Adieu amoureux Arlequin.</s>
</p>
</sp>
</div2>
<div2 type="scene" n='11'><head>SCÈNE XI. Flaminia, Spinette.</head>
<sp who='FLAMINIA'><speaker>FLAMINIA.</speaker>
<p id="1">
	<s id="1">Quoi, Spinette, il n'est venu personne ?... </s>
	<s id='2'>Personne... </s>
	<s id='3'>En vérité voilà qui me confond. </s>
	<s id='4'>Quel dérangement ! </s>
	<s id='5'>Quel relâchement de visites ! </s>
	<s id='6'>Je n'ai jamais vu une telle disette d'hommes ! </s>
	<s id='7'>Ne pas voir un chapeau à la toilette d'une femme comme moi ! </s>
	<s id='8'>Cela est choquant ! </s>
</p>
<stage type="watch">En se mirant.</stage>
<p id="2">
	<s id="1">Le dépit que j'en avais sera cause que je serai coiffée tout de travers.</s>
</p>
</sp>
<sp who="SPINETTE"><speaker>SPINETTE.</speaker>
<p id="3">
	<s id="1">Vous vous moquez, Madame, jamais vous n'avez été si bien. </s>
	<s id='2'>Vous embellissez chaque jour, ET votre jeunesse croît avec le temps.</s>
</p>
</sp>
<sp stage="proud" who='FLAMINIA'><speaker>FLAMINIA, en se carrant. </speaker>
<p id="4">
	<s id="1">Cette fille a du goût. </s>
	<s id='2'>Tout de bon me trouves-tu...</s>
</p>
</sp>
<sp who='SPINETTE'><speaker>SPINETTE. </speaker>
<p id='5'>
	<s id='1'>On ne peut pas mieux.</s>
</p>
</sp>
<sp who="FLAMINIA"><speaker>FLAMINIA.</speaker>
<p id="6">
	<s id="1">Il ne me manque que de l'embonpoint mais Monsieur Rhubarbini m'a promis qu'il m'engraisserait.</s>
</p>
</sp>
<sp who='SPINETTE'><speaker>SPINETTE. </speaker>
<p id='7'>
	<s id='1'>À propos, il est venu ici Monsieur Rhubarbini, et il reviendra... </s>
	<s id='2'>Mais le voici Madame.</s>
</p>
</sp>
</div2>
<div2 type="scene" n='12'><head>SCÈNE XII. Monsieur Rhubarbini, Flaminia, Spinette.</head>
<sp who='FLAMINIA'><speaker>FLAMINIA.</speaker>
<p id='1'>
	<s id='1'>Ah Monsieur Rhubarbini nous parlions de vous, et voila Spinette qui soutenait vos intérêts.</s>
</p>
</sp>
<sp who='MONSIEUR RHUBARBINI'><speaker>MONSIEUR RHUBARBINI. </speaker>
<p id="2">
	<s id="1">Elle ne sert pas un ingrat, Madame, et je voudrais qu'elle eut besoin de mon ministère pour lui en marquer ma gratitude.</s>
</p>
</sp>
<sp who='SPINETTE'><speaker>SPINETTE.</speaker>
<p id='3'>
	<s id='1'>Oh je vous suis bien obligée, je n'ai que faire de médecin... ni d'embonpoint.</s>
</p>
</sp>
<sp who='MONSIEUR RHUBARBINI'><speaker>MONSIEUR RHUBARBINI.</speaker>
<note type="L">Emétique : est un remède qui purge avec violence par haut et par bas. fait de la poudre et du beurre d'antimoine préparé, dont on a séparé les sels corrosifs par plusieurs lotions. [F]</note>
<p id='4'>
	<s id='1'>Mais vous, Madame, jusqu'à quand voulez-vous différer de mettre un baume spécifique aux vives blessures que m'ont fait vos appas ? </s>
	<s id='2'>L'amour qui circule dans mes veines enflamme tellement mes poumons, qu'il n'y a que l'émétique de vos faveurs qui puisse guérir la fièvre dont brûle mon coeur.</s>
</p>
</sp>
<sp stage="aparte" who='SPINETTE'><speaker>SPINETTE, à part.</speaker>
<p id='5'>
	<s id='1'>Voilà une déclaration d'amour purgative, sur ma parole.</s>
</p>
</sp>
<sp who='FLAMINIA'><speaker>FLAMINIA.</speaker>
<p id='6'>
	<s id='1'>Mon Dieu, Monsieur Rhubarbini, que vous êtes pressant ! </s>
	<s id='2'>Je ne suis point en état d'entendre de pareils discours ; ils renouvellent les chagrins de mon veuvage. </s>
	<s id='3'>Quand j'entends seulement parler d'engagement, il me prend des vapeurs...</s>
</p>
</sp>
<sp who='MONSIEUR RHUBARBINI'><speaker>MONSIEUR RHUBARBINI.</speaker>
<p id='7'>
	<s id='1'>Une prise d'un second mariage guérira ces vapeurs de veuvage. </s>
	<s id='2'>Mais tous vos discours ne dénotent que trop que votre empressement n'est pas égal au mien. </s>
	<s id='3'>Pour vous je néglige mon Art, tous mes malades se plaignent de moi, à l'heure que je vous parle, un malade de qualité m'attend, j'oublie en vous voyant que le mal presse.</s>
</p>
</sp>
<sp stage="aparte" who='SPINETTE'><speaker>SPINETTE, à part.</speaker>
<p id='8'>
	<s id='1'>C'est peut-être tant mieux pour le malade.</s>
</p>
</sp>
<sp who='FLAMINIA'><speaker>FLAMINIA. </speaker>
<p id='9'>
	<s id='1'>Ah Monsieur Rhubarbini, c'en est trop , allez voir votre malade de qualité ; je serais fâchée que mes appas coûtassent la vie à quelqu'un.</s>
</p>
</sp>
<sp who='MONSIEUR RHUBARBINI'><speaker>MONSIEUR RHUBARBINI.</speaker>
<p id='10'>
	<s id='1'>Si ce sacrifice vous étAit agréable...</s>
</p>
</sp>
<sp who='FLAMINIA'><speaker>FLAMINIA. </speaker>
<p id='11'>
	<s id='1'>Non vraiment, je ne veux point de tels sacrifices, et si ce n'est assez de vous prier d'y aller, je vous l'ordonne.</s>
</p>
</sp>
<sp who='MONSIEUR RHUBARBINI'><speaker>MONSIEUR RHUBARBINI.</speaker>
<p id='12'>
	<s id='1'>Puisque telle est votre ordonnance, j'y vais donc : mais je reviens aussitôt, et ne vous quitte plus qu'au préalable vous n'ayez dûment éclairci mon fort et vos intentions.</s>
</p>
</sp>
</div2>
<div2 type="scene" n='13'><head>SCÈNE XIII. Flaminia, Spinette.</head>
<sp who='SPINETTE'><speaker>SPINETTE.</speaker>
<p id="1">
	<s id="">Cet homme-là est pressant, oui !</s>
</p>
</sp>
<sp who="FLAMINIA"><speaker>FLAMINIA.</speaker>
<p id="2">
	<s id="1">Il faut ménager tout le monde, Spinette, ne fut-ce que pour faire nombre. </s>
	<s id='2'>Le nombre des amants sied bien : cela sert toujours à tenir en respect celui qu'on favorise.</s>
</p>
</sp>
<sp who='SPINETTE'><speaker>SPINETTE.</speaker>
<p id='3'>
	<s id='1'>C'est l'entendre. </s>
	<s id='2'>Mais ce n'est donc pas celui-ci qui...</s>
</p>
</sp>
<sp who='FLAMINIA'><speaker>FLAMINIA.</speaker>
<p id="4">
	<s id="1">Monsieur Rhubarbini m'aime beaucoup , et je l'estime surtout à cause du soin qu'il prend d'entretenir ma beauté par ses secrets : mais si je me résous à reprendre un second mari, c'est des mains de l'amour même que je veux le tenir.</s>
</p>
</sp>
<sp who="SPINETTE"><speaker>SPINETTE.</speaker>
<p id="5">
	<s id="1">Quel sera cet heureux mortel ?</s>
</p>
</sp>
<sp who='FLAMINIA'><speaker>FLAMINIA. </speaker>
<p id="6">
	<s id="1">Effectivement dans le grand nombre de soupirants qu'attirent ici mes attraits, il est difficile de démêler.</s>
</p>
</sp>
<sp who="SPINETTE"><speaker>SPINETTE.</speaker>
<p id="7">
	<s id="1">Quoi ! </s>
	<s id='2'>Tous ceux qui viennent ici soupirent pour vous ?</s>
</p>
</sp>
<sp who='FLAMINIA'><speaker>FLAMINIA.</speaker>
<p id="8">
	<s id="1">Et pour qui donc ?</s>
</p>
</sp>
<sp who="SPINETTE"><speaker>SPINETTE.</speaker>
<p id="9">
	<s id="1">Je crois que votre fille...</s>
</p>
</sp>
<sp who='FLAMINIA'><speaker>FLAMINIA.</speaker>
<p id="10">
	<s id="1">Ma fille ! </s>
	<s id='2'>Ma fille ! </s>
	<s id='3'>Y a-t-il de la comparaison d'elle à moi ? </s>
	<s id='4'>Une petite mijaurée ! </s>
	<s id='5'>Il faut un certain art pour conquérir un coeur qu'on n'acquiert que par l'usage. </s>
	<s id='6'>Enfin donc tu n'as pu pénétrer quel est mon vainqueur ?</s>
</p>
</sp>
<sp who="SPINETTE"><speaker>SPINETTE.</speaker>
<p id="11">
	<s id="1">Non vraiment.</s>
</p>
</sp>
<sp who='FLAMINIA'><speaker>FLAMINIA.</speaker>
<p id="12">
	<s id="1">Devrais-tu avoir tant de peine à te l'imaginer ? </s>
	<s id='2'>Mario... </s>
</p>
</sp>
<sp stage="toward" who="SPINETTE"><speaker>SPINETTE, à Mario.</speaker>
<p id="13">
	<s id="1">Voici bien autre chose !</s>
</p>
<stage type="aparte">À part.</stage>
<p id='14'>
	<s id='1'>Je rougis.</s>
</p>
</sp>
<sp who='FLAMINIA'><speaker>FLAMINIA.</speaker>
<p id="15">
	<s id="1">Ah Spinette ! </s>
	<s id='2'>Ce qui me plaît surtout de lui, c'est son respect et sa timidité : croirais-tu bien que depuis qu'il vient ici, ses regards seuls m'ont parlé de sa passion, et que sa bouche ne m'en a rien dit ?</s>
</p>
</sp>
<sp who="SPINETTE"><speaker>SPINETTE.</speaker>
<p id="16">
	<s id="1">Mais si cet amour était imaginaire...</s>
</p>
</sp>
<sp who='FLAMINIA'><speaker>FLAMINIA.</speaker>
<p id="17">
	<s id="1">En tout cas je ne serais pas embarrassée où trouver un époux, et je pourrais rabattre sur le médecin, mais je suis sûre que Mario m'aime. </s>
	<s id='2'>Je te dirai même que depuis quelques jours, il semble qu'en me regardant avec des yeux pleins d'amour, il ait quelque chose à me dire qu'il n'ose pourtant me déclarer ; mais c'est être trop timide , et je veux aujourd'hui, par un air plus désarmé de rigueurs, l'enhardir à m'expliquer des désirs que je brûle de contenter : le voici... </s>
	<s id='3'>Laisse-nous, je veux le faire parler.</s>
</p>
</sp>
</div2>
<div2 type="scene" n='14'><head>SCÈNE XIV. Flaminia, Silvia, Mario.</head>
<sp stage="toward/entrance" who='SILVIA'><speaker>SILVIA, à Mario en entrant.</speaker>
<p id="1">
	<s id="1">Je vois ma mère, Mario, parlez, puissiez-vous en obtenir ce que vous demandez !</s>
</p>
</sp>
<sp stage="abrupt/toward" who='FLAMINIA'><speaker>FLAMINIA, à Silvia rudement. </speaker>
<p id="2">
	<s id="1">Qu'est-ce donc Mademoiselle, qui vous fait prendre la liberté de vous mettre ainsi de la Compagnie, et de venir ici sans qu'on vous demande ? </s>
	<s id='2'>Ne vous l'ai-je pas défendu? rentrez ...</s>
</p>
<stage type="wave/toward">À Silvia qui fait la révérence.</stage>
<p id='3'>
	<s id='1'>Rentrez-vous dis-je.</s>
</p>
</sp>
</div2>
<div2 type="scene" n='15'><head>SCÈNE XV. Flaminia, Mario.</head>
<sp who='MARIO'><speaker>MARIO.</speaker>
<p id="1">
	<s id="1">Ah, Madame, que vous m'intimidez encore par votre colère ! </s>
	<s id="2">Et que cette mauvaise humeur est d'un fâcheux augure pour mes espérances.</s>
</p>
</sp>
<sp stage="sweet" who='FLAMINIA'><speaker>FLAMINIA, se radoucissant. </speaker>
<p id="2">
	<s id="1">Approchez, Monsieur, approchez ; cette mauvaise humeur ne vous regarde pas, et elle aurait peine à tenir contre votre présence. </s>
	<s id='2'>Pourquoi tant de timidité ? </s>
	<s id='3'>Des hommes comme vous ne sont pas faits pour former des espérances vaines auprès des Dames qui sont connaisseuses en mérite... </s>
</p>
<stage type="tender">Tendrement.</stage>
<p id='3'>
	<s id='1'>Parlez, on est peut-être disposée plus que vous ne pensez à vous accorder ce que vous pourriez souhaiter.</s>
</p>
</sp>
<sp who='MARIO'><speaker>MARIO. </speaker>
<p id='4'>
	<s id='1'>Votre accueil me rassure un peu : il y a longtemps que je balance à vous parler de la chose du monde qui importe le plus au bonheur de ma vie : j'aime, et si l'amour rompt mon silence, il portera l'excuse de mon audace. </s>
	<s id='2'>Madame c'est de vous que dépend mon destin, c'est à vous seule que je dois avoir recours, et c'est à vous aussi que je m'adresse pour soulager le feu violent qui m'enflamme.</s>
</p>
</sp>
<sp who='FLAMINIA'><speaker>FLAMINIA.</speaker>
<p id='5'>
	<s id='1'>Eh croyez-vous que l'on soit à s'en apercevoir ? </s>
	<s id='2'>Votre discrétion ne m'a pas empêché de pénétrer votre secret, j'en suis instruite comme vous, l'amour a d'autres expressions que le langage ordinaire, et souvent les yeux lui servent de truchements, votre respect m'a touché, et je vous en estime davantage...</s>
</p>
</sp>
<sp who='MARIO'><speaker>MARIO.</speaker>
<p id='6'>
	<s id='1'>Ah, Madame, puisque vous avez pénétré, et que vous voyez sans courroux cet ardent amour, me permettrez-vous d'étendre mes vues jusqu'à l'honneur de vous appartenir de plus près par les noeuds d'un hymen où tendent tous mes voeux ? </s>
	<s id='2'>Que vos bontés ne se lassent pas, je sens que je ne pourrais survivre à vos refus...</s>
</p>
</sp>
<sp who='FLAMINIA'><speaker>FLAMINIA.</speaker>
<p id='7'>
	<s id='1'>On s'intéresse trop à vos jours, et l'on vous aurait moins fait languir si vous aviez parlé plutôt. </s>
	<s id='2'>Quelque répugnance qu'on m'ait vu jusqu'ici pour une telle affaire, je consens peur l'amour de vous à l'engagement dont vous me voulez parler...</s>
</p>
</sp>
<sp stage="enthousisasm" who='MARIO'><speaker>MARIO, avec transport.</speaker>
<p id='8'>
	<s id='1'>Ah Madame, je suis le plus heureux des humains, souffrez qu'à vos genoux...</s>
</p>
</sp>
<sp who='FLAMINIA'><speaker>FLAMINIA.</speaker>
<p id='9'>
	<s id='1'>Arrêtez... </s>
	<s id='2'>Arrêtez, vos transports sont trop violents...</s>
</p>
</sp>
<sp who='MARIO'><speaker>MARIO.</speaker>
<p id='10'>
	<s id='1'>Agréez que je presse mon bonheur, et que je vous donne ce soir un petit divertissement qui puisse servir de prélude à la signature du Contrat.</s>
</p>
</sp>
<sp who='FLAMINIA'><speaker>FLAMINIA.</speaker>
<p id='11'>
	<s id='1'>Qui pourrait vous rien refuser ? </s>
	<s id='2'>Vous ne me parlez point des conventions du mariage ?</s>
</p>
</sp>
<sp who='MARIO'><speaker>MARIO.</speaker>
<p id='12'>
	<s id='1'>Madame, c'est m'offenser que de me croire capable de penser à ces sortes de choses.</s>
</p>
</sp>
<sp who="FLAMINIA"><speaker>FLAMINIA.</speaker>
<p id="13">
	<s id="1">Quelle générosité, quelle noblesse de sentiments ! </s>
	<s id='2'>C'est donc à moi de songer à vos intérêts puisque vous les négligez.</s>
</p>
</sp>
<sp who='MARIO'><speaker>MARIO.</speaker>
<p id='14'>
	<s id='1'>Eh de quoi voudriez-vous qu'un amant transporté de la joie de posséder ce qu'il aime allât s'embarrasser ? </s>
	<s id='2'>Vous êtes équitable, puis-je mieux faire que de m'en rapporter à vous ?</s>
</p>
</sp>
<sp who="FLAMINIA"><speaker>FLAMINIA.</speaker>
<p id="15">
	<s id="1">Vous ne vous mettez pas en mauvaises mains, et l'on ne més-usera pas de votre déférence, je ne ferai pas les choses à demi, et pour vous le prouver, à la réserve de cent mille francs...</s>
</p>
<stage type="low/toward">Bas et à part.</stage>
<p id="16">
	<s id="1">C'est le bien de ma fille que je ne puis engager.</s>
</p>
<stage type="loud">Haut.</stage>
<p id='17'>
	<s id='1'>Je vous donne tout mon bien qui se monte à trois fois autant.</s>
</p>
</sp>
<sp who='MARIO'><speaker>MARIO.</speaker>
<p id='18'>
	<s id='1'>Ah, Madame, modérez l'excès de vos libéralités, c'est me rendre confus, et mon amour en aura moins de mérite.</s>
</p>
</sp>
<sp who="FLAMINIA"><speaker>FLAMINIA.</speaker>
<p id="19">
	<s id="1">Plus vous résistez à recevoir mes offres, et plus vous méritez qu'on vous force de les accepter : je ne vous demande pour prix de ce que je fais pour vous que de presser la conclusion de cet hymen : passez vous-même chez mon notaire que vous connaissez, et faites dresser le Contrat selon mes intentions.</s>
</p>
</sp>
<sp who='MARIO'><speaker>MARIO.</speaker>
<p id='20'>
	<s id='1'>Agréable commandement ! </s>
	<s id='2'>J'en ai plus d'impatience que vous : que je suis heureux ! </s>
	<s id='3'>Non je n'aurais jamais pensé que vous eussiez été si favorable à mes désirs ! </s>
	<s id='4'>J'y cours.</s>
</p>
</sp>
<sp who="FLAMINIA"><speaker>FLAMINIA.</speaker>
<p id="21">
	<s id="1">Allez, et que l'amour vous prête ses ailes pour revenir plus promptement.</s>
</p>
</sp>
</div2>
<div2 type="scene" n='16'><head>SCENE XVI.</head>
<sp stage="alone" who='FLAMINIA'><speaker>FLAMINIA, seule.</speaker>
<p id="1">
	<s id="1">Non, je ne puis mieux faire que de m'attacher cet aimable homme, à quelque prix que ce soit, il le mérite bien comme il m'aime ! </s>
	<s id='2'>Je m'en étais bien doutée, oh ce n'est pas à moi qu'un amant en fait accroire...</s>
</p>
</sp>
</div2>
<div2 type="scene" n='17'><head>SCÈNE XVII. Silvia, Flaminia.</head>
<sp who='SILVIA'><speaker>SILVIA.</speaker>
<p id="1">
	<s id="1">Après la nouvelle que Mario vient de m'apprendre, quoiqu'il ne m'en ait dit qu'un mot en courant, Madame, je croirais manquer à ce que je vous dois, si je ne venais pas d'abord vous témoigner le plaisir que je ressens de...</s>
</p>
</sp>
<sp who="FLAMINIA"><speaker>FLAMINIA.</speaker>
<p id="2">
	<s id="1">C'est prendre le bon parti : je suis bien aise de vous voir ainsi regarder la chose du bon côté : vous vous en trouverez bien, Mario est galant homme...</s>
</p>
</sp>
<sp who='SILVIA'><speaker>SILVIA.</speaker>
<p id="3">
	<s id="1">Quelle joie pour moi de vous entendre ainsi vanter un homme qui... </s>
	<s id='2'>Mais j'aperçoìs Monsieur Rhubarbini.</s>
</p>
</sp>
</div2>
<div2 type="scene" n='18'><head>SCÈNE XVIII. Flaminia, Silvia, Rhubarbini, Trivelin.</head>
<sp stage="aparte" who='FLAMINIA'><speaker>FLAMINIA, à part.</speaker>
<p id="1">
	<s id="1">Ah l'insuportable homme ! </s>
	<s id="2">N'en serai-je jamais défaite ?</s>
</p>
</sp>
<sp who='MONSIEUR RHUBARBINI'><speaker>MONSIEUR RHUBARBINI. </speaker>
<p id="2">
	<s id="1">Madame, dussent crever tous mes malades, je me dérobe enfin à mes visites afin de cultiver une si belle plante médicinale pour mon amour.</s>
</p>
</sp>
<sp who="FLAMINIA"><speaker>FLAMINIA.</speaker>
<note type="C">Médécinale, le terme est inexact, il s'agit prebablement d'une licence que l'auteur s'accorde pour montrer la méconnaissance de Flaminia.</note>
<p id="3">
	<s id="1">Oh Monsieur Rhubarbini, si vous prétendez encore m'étourdir de vos douceurs médecinales, vous ferez mieux d'aller voir chez vous si l'on vous demande.</s>
</p>
</sp>
<sp who='MONSIEUR RHUBARBINI'><speaker>MONSIEUR RHUBARBINI à Trivelin.</speaker>
<p id="4">
	<s id="1">Trivelin, qu'est-ce ceci ? </s>
	<s id='2'>Je ne m'attendais pas à cet accès-là.</s>
</p>
</sp>
<sp who='TRIVELIN'><speaker>TRIVELIN.</speaker>
<p id='5'>
	<s id='1'>Elle vous traite déjà en mari.</s>
</p>
</sp>
<sp who='MONSIEUR RHUBARBINI'><speaker>MONSIEUR RHUBARBINI.</speaker>
<note type="L">Mordicant : Ce qui est acide et piquant. [F]</note>
<note type="L">Dulcifiant : Qualificatif tiré du verbe dulcifier : Terme de chimie. Rendre doux, ôter les sels du corps. [F]</note>
<p id="6">
	<s id="1">Madame, d'où vous vient donc cette humeur mordicante ? </s>
	<s id='2'>Tantôt quand je vous ai fait l'exposition de mon amour, vous avez par des mots plus dulcifiants flatté mes espérances ; après m'avoir fait languir si longtemps, pourriez vous...</s>
</p>
</sp>
<sp stage="laugh" who="FLAMINIA"><speaker>FLAMINIA, riant.</speaker>
<p id="7">
	<s id="1">Ah, ah, ah ! </s>
	<s id='2'>Il faut que vous soyez bien dupe mon pauvre Monsieur Rhubarbini de croire qu'une femme comme moi puisse jeter les yeux sur une figure comme la vôtre !</s>
</p>
</sp>
<sp who='TRIVELIN'><speaker>TRIVELIN.</speaker>
<p id='8'>
	<s id='1'>Elle ne vous flatte point.</s>
</p>
</sp>
<sp who="FLAMINIA"><speaker>FLAMINIA.</speaker>
<p id="9">
	<s id="1">Vous seriez bon tout au plus à être le pis aller de quelque femme qui n'aurait pas à choisir.</s>
</p>
</sp>
<sp stage="aparte" who='SILVIA'><speaker>SILVIA, à part.</speaker>
<p id='10'>
	<s id='1'>Monsieur le Médecin n'a pas une trop bonne réception.</s>
</p>
</sp>
<sp who='MONSIEUR RHUBARBINI'><speaker>MONSIEUR RHUBARBINI.</speaker>
<p id='11'>
	<s id='1'>Comment on traite ici un fameux Médecin ! </s>
	<s id='2'>Ô tempora ô mores ! </s>
	<s id='3'>Eh que pourriez vous trouver de mieux à votre âge ?</s>
</p>
</sp>
<sp stage="laugh" who="FLAMINIA"><speaker>FLAMINIA, riant.</speaker>
<p id="12">
	<s id="1">À mon âge ! </s>
	<s id='2'>À mon âge ! </s>
	<s id='4'>On est fort déchirée, à votre avis ? </s>
	<s id='5'>Et l'on ne doit plus prétendre à la conquête d'un homme jeune, aimable... </s>
	<s id='6'>Eh non on n'a pas de certains agréments...</s>
</p>
</sp>
<sp stage="toward" who='MONSIEUR RHUBARBINI'><speaker>MONSIEUR RHUBARBINI, à Trivelin. </speaker>
<p id='13'>
	<s id='1'>Il faut que quelque vapeur lui ait monté dans la région supérieure...</s>
</p>
</sp>
<sp stage="laugh" who="FLAMINIA"><speaker>FLAMINIA, riant.</speaker>
<p id="14">
	<s id="1">Demeurez, demeurez seulement pour être confondu, vous verrez des apprêts de noces...</s>
</p>
<stage type="laugh">Riant. </stage>
<p id='15'>
	<s id='1'>Ah,ah, pour la rareté du fait, il faut que vous ouvriez le bal.</s>
</p>
</sp>
<sp stage="aparte" who='SILVIA'><speaker>SILVIA, à part. </speaker>
<p id='16'>
	<s id='1'>C'est de ma noce apparemment que ma mère veut parler.</s>
</p>
<stage type="loud/ironic">Haut et ironiquement.</stage>
<p id='17'>
	<s id='1'>Je crois que Monsieur Rhubarbini s'en tirera bien, il a l'air à la danse.</s>
</p>
</sp>
<sp stage="anger" who='MONSIEUR RHUBARBINI'><speaker>MONSIEUR RHUBARBINI, en colère. </speaker>
<p id='18'>
	<s id='1'>Ces discours à la fin me gonflent la rate.</s>
</p>
</sp>
<sp who="SILVIA"><speaker>SILVIA.</speaker>
<p id="19">
	<s id="1">Je vois Mario avec le notaire.</s>
</p>
<stage type="aparte">À part.</stage>
<p id='20'>
	<s id='1'>Que je suis contente !</s>
</p>
</sp>
</div2>
<div2 type="scene" n='19'><head>SCÈNE XIX. Rhubarbini, Flaminia, Sylvia, Mario, un notaire et Trivelin.</head>
<sp who='FLAMINIA'><speaker>FLAMINIA au Net tire.</speaker>
<p id='1'>
	<s id='1'>Approchez Monsieur.</s>
</p>
<stage type="toward/tender">À Mario tendrement.</stage>
<p id='2'>
	<s id='1'>Avez-vous fait mettre sur le contrat les clauses que je vous ai dit ?</s>
</p>
</sp>
<sp who='MARIO'><speaker>MARIO.</speaker>
<p id='3'>
	<s id='1'>Oui Madame, ah pourrai-je jamais reconnaître tant de bienfaits ? </s>
	<s id='2'>Si vous souhaitez, on vous fera la lecture des articles.</s>
</p>
</sp>
<sp who='FLAMINIA'><speaker>FLAMINIA.</speaker>
<p id='4'>
	<s id='1'>Il n'en est pas besoin, dès que vous en êtes content, je signe aveuglement.</s>
</p>
<stage type="write/toward">Elle signe, et dit à Silvia.</stage>
<p id='5'>
	<s id='1'>Ne signez-vous pas Mademoiselle ?</s>
</p>
</sp>
<sp who='SILVIA'><speaker>SILVIA.</speaker>
<p id='6'>
	<s id='1'>Le devoir d'une fille est l'obéissance.</s>
</p>
<stage type="write/toward">Elle signe et Mario aussi.</stage>
</sp>
<sp who='FLAMINIA'><speaker>FLAMINIA au Notaire.</speaker>
<p id='7'>
	<s id='1'>Monsieur c'en est fait, et vous n'avez qu'à emporter ce contrat, je vois nos musiciens et nos danseurs qui viennent tout à propos.</s>
</p>
</sp>
</div2>
<div2 type="scene" n='20'><head>SCÈNE XX. Les Musiciens et les Danseurs paraissent, précédés d'Arlequin et de Spinette.</head>
<sp who='SILVIA'><speaker>SILVIA.</speaker>
<p id='1'>
	<s id='1'>Ce n'est pas tout ma mère, et voilà encore un mariage à faire : Arlequin et Spinette s'aiment, si vous vouliez...</s>
</p>
</sp>
<sp who="FLAMINIA"><speaker>FLAMINIA.</speaker>
<p id="2">
	<s id="1">J'y donne mon consentement, allons qu'on ne parle plus que de joie, et que les mariés commencent le bal.</s>
</p>
<stage type="music/danse">Ici les Violons, jouent un menuet, Flaminia présente, comme pour danser, sa main à Mario qui lui fait une grande révérence, passe par derrière elle, et va prendre la main de Silvia qui s'avance à lui, et ils se mettent en devoir de danser.</stage>
</sp>
<sp who='FLAMINIA'><speaker>FLAMINIA.</speaker>
<p id='3'>
	<s id='1'>La joie le trouble. </s>
	<s id='2'>Eh quoi que faites vous Mario ? </s>
</p>
</sp>
<sp who='MARIO'><speaker>MARIO.</speaker>
<p id='4'>
	<s id='1'>Ce que vous m'ordonnez, Madame.</s>
</p>
</sp>
<sp who='SILVIA'><speaker>SILVIA.</speaker>
<p id='5'>
	<s id='1'>Nous ne faisons, ma mère, que ce que vous nous avez dit.</s>
</p>
</sp>
<sp who='FLAMINIA'><speaker>FLAMINIA prenant la main de Mario.</speaker>
<p id="6">
	<s id="1">Mais vraiment vous vous méprenez.</s>
</p>
<stage type="toward">À Silvia.</stage>
<p id='7'>
	<s id='1'>Et vous je vous apprendrai...</s>
</p>
</sp>
<sp who="SILVIA"><speaker>SILVIA.</speaker>
<p id="8">
	<s id="1">N'avez-vous pas dit que les mariés commencent le bal ?</s>
</p>
</sp>
<sp who='FLAMINIA'><speaker>FLAMINIA.</speaker>
<p id='9'>
	<s id='1'>Eh bien ?</s>
</p>
</sp>
<sp who='SILVIA'><speaker>SILVIA. </speaker>
<p id='10'>
	<s id='1'>Eh bien ma mère, c'est donc moi qui dois le commencer avec Monsieur.</s>
</p>
</sp>
<sp who='FLAMINIA'><speaker>FLAMINIA. </speaker>
<p id='11'>
	<s id='1'>Elle est folle, ne dirAit-on pas que c'est elle qu'on marie, et dont on vient de signer le contrat ?</s>
</p>
</sp>
<sp who="SILVIA"><speaker>SILVIA.</speaker>
<p id="12">
	<s id="1">Eh de qui donc ma mère ? </s>
</p>
</sp>
<sp stage="toward" who='FLAMINIA'><speaker>FLAMINIA, à Mario toute interdite. </speaker>
<p id="13">
	<s id="1">La demande est comique, il faut que la tête lui ait tournée.</s>
</p>
</sp>
<sp who="SILVIA"><speaker>SILVIA.</speaker>
<p id="14">
	<s id="1">Que veut donc dire ma mère ? </s>
	<s id=''>Non la tête ne m'a point tournée, et c'est vous qui vous trompez assurément.</s>
</p>
</sp>
<sp who="FLAMINIA"><speaker>FLAMINIA.</speaker>
<p id="15">
	<s id="1">Oh je ne puis plus tenir... </s>
	<s id='2'>Retirez-vous petite fille...</s>
</p>
</sp>
<sp who="SILVIA"><speaker>SILVIA.</speaker>
<p id="16">
	<s id="1">Je ne la suis plus, et je veux que Mario développe cette énigme.</s>
</p>
</sp>
<sp who="FLAMINIA"><speaker>FLAMINIA à Mario comme stupéfaite.</speaker>
<p id="17">
	<s id="1">Faites-là donc taire, et lui dites que c'est moi.</s>
</p>
</sp>
<sp who='MARIO'><speaker>MARIO.</speaker>
<p id="18">
	<s id="1">Ma foi, Madame, vous me voyez si interdit que je ne sais que vous dire.</s>
</p>
</sp>
<sp who="FLAMINIA"><speaker>FLAMINIA.</speaker>
<p id="19">
	<s id="1">II n'y a pas tant à rêver, ouvrez le bal avec celle que vous regardez comme votre épouse.</s>
</p>
</sp>
<sp who='MARIO'><speaker>MARIO faisant la révérence à Flaminia.</speaker>
<p id="20">
	<s id="1">Puisque vous me permettez de m'expliquer.</s>
</p>
<stage type="get">Prenant la main de Silvia.</stage>
<p id="21">
	<s id="1">Je n'en aurai jamais d'autre que l'aimable Silvia.</s>
</p>
</sp>
<sp who='FLAMINIA'><speaker>FLAMINIA. </speaker>
<p id='22'>
	<s id='1'>Silvia, Ciel qu'entends-je ! </s>
	<s id='2'>Et le contrat...</s>
</p>
</sp>
<sp who='MARIO'><speaker>MARIO.</speaker>
<p id="23">
	<s id="1">Le contrat est rempli de son nom et du mien, vous le devez savoir.</s>
</p>
</sp>
<sp who="FLAMINIA"><speaker>FLAMINIA.</speaker>
<p id="24">
	<s id="1">Me serais-je en effet abusée à ce point !</s>
</p>
<stage type="toward">À Mario.</stage>
<p id='25'>
	<s id='1'>Perfide ! </s>
	<s id='2'>Quoi ces transports d'amour n'étaient pas...</s>
</p>
</sp>
<sp who='MARIO'><speaker>MARIO.</speaker>
<p id="26">
	<s id="1">Je vois que nous nous sommes mal entendus, mais j'étais dans la bonne foi, et vous interprétiez pour vous ce que je n'adressais qu'à votre fille...</s>
</p>
</sp>
<sp stage="abrupt" who='FLAMINIA'><speaker>FLAMINIA, rudement. </speaker>
<p id='27'>
	<s id=''>Vous êtes un fat, et je ne souffrirai pas... </s>
</p>
</sp>
<sp who='MARIO'><speaker>MARIO.</speaker>
<p id="28">
	<s id="1">L'équivoque est fâcheuse pour vous, mais trouvez bon que j'use de mes avantages, vous avez signé.</s>
</p>
</sp>
<sp who='MONSIEUR RHUBARBINI'><speaker>MONSIEUR RHUBARBINI. </speaker>
<p id='29'>
	<s id='1'>Madame, croyez-moi, il faut avaler la pilule.</s>
</p>
</sp>
<sp who='FLAMINIA'><speaker>FLAMINIA.</speaker>
<p id='30'>
	<s id='1'>Je crève de dépit... </s>
	<s id='2'>Hon... </s>
	<s id='3'>Je me fuis liée moi-même, j'ai signé, et pour comble de malheur je me suis dépouillée des trois quarts de mon bien.</s>
</p>
</sp>
<sp stage="toward" who='MONSIEUR RHUBARBINI'><speaker>MONSIEUR RHUBARBINI, à Trivelin. </speaker>
<p id='31'>
	<s id='1'>Des trois quarts de son bien !</s>
</p>
</sp>
<sp who='TRIVELIN'><speaker>TRIVELIN. </speaker>
<p id='32'>
	<s id='1'>Allons nous-en Monsieur, il n'y a plus rien à épouser ici.</s>
</p>
</sp>
<sp stage="think" who='FLAMINIA'><speaker>FLAMINIA, après un moment de réflexion.</speaker>
<p id="33">
	<s id="1">Mais je suis bien sotte de m'affliger ainsi de la perte d'un extravagant, elle est aisée à réparer, et Monsieur le Médecin voudra bien.</s>
</p>
</sp>
<sp who='MONSIEUR RHUBARBINI'><speaker>MONSIEUR RHUBARBINI. </speaker>
<p id='34'>
	<s id='1'>Madame, par pari refertur, vous m'avez maltraité, chacun a son tour, et la saignée que vous avez fait à votre bien, m'a guéri de mon inflammation amoureuse, je vous baise les mains.</s>
</p>
</sp>
<sp stage="offended" who='FLAMINIA'><speaker>FLAMINIA, outrée.</speaker>
<p id="35">
	<s id="1">Quoi tout me trahit ! </s>
	<s id='2'>À quelle honte suis-je exposée ! </s>
	<s id='3'>Ouf... </s>
	<s id='4'>J'ai le coeur si serré... que je ne puis parler... </s>
	<s id='5'>Je suis... </s>
	<s id='6'>Je suis désespérée.</s>
</p>
<stage type="exit">Elle sort.</stage>
</sp>
</div2>
<div2 type="scene" n='21'><head>SCÈNE XXI.</head>
<sp who='MONSIEUR RHUBARBINI'><speaker>MONSIEUR RHUBARBINI.</speaker>
<p id='1'>
	<s id='1'>L'équivoque était plaisante.</s>
</p>
</sp>
<sp who="SILVIA"><speaker>SILVIA.</speaker>
<p id="2">
	<s id="1">Ah Mario ! </s>
	<s id='2'>Notre union me coûtera l'amitié de ma mère, elle ne me le pardonnera jamais.</s>
</p>
</sp>
<sp who='MARIO'><speaker>MARIO. </speaker>
<p id="2">
	<s id="1">Nous l'apaiserons avec le temps, belle Silvia ; oublions les sujets de tristesse, et voyons notre petit divertissement que Monsieur le médecin honorera s'il veut de sa présence.</s>
</p>
</sp>
<sp who='SPINETTE'><speaker>SPINETTE. </speaker>
<p id='3'>
	<s id='1'>Arlequin dis-moi un peu, n'y a-t-il point aussi de quiproquo entre nous ?</s>
</p>	
</sp>
<sp who='ARLEQUIN'><speaker>ARLEQUIN.</speaker>
<p id="4">
	<s id="1">Oh pour cela non, je t'aime, tu m'aimes, je me marie avec toi, tu te maries avec moi, il n'y a point là de quiproquo comme tu vois.</s>
</p>
<stage type="danse">Après quelques danses.</stage>
</sp>
<sp stage="sing" who='UN MUSICIEN'><speaker>UN MUSICIEN, chante.</speaker>
	<l id='1'>Chantons, célébrons en ce jour,</l>
	<l id='2'>Le manège rusé d'une veuve Coquette,</l>
	<l id='3'>Qui de plusieurs amants fait l'essai tour à tour</l>
	<l id='4'>Et d'un nouvel époux cherche à faire l'emplette.</l>
	<l id='5'>Chantons, célébrons en ce jour,</l>
	<l id='6'>Le manège rusé d'une veuve Coquette,</l>
	<l id='7'>Telle qu'on croit novice aux mystères d'amour ,</l>
	<l id='8'>Veuve en herbe ; souvent passe encore pour fillette</l>
	<l id='9'>Chantons, célébrons en ce jour,</l>
	<l id='10'>Le manège rusé d'une veuve Coquette.</l>
<stage type="toward">À Monsieur Rhubarbini.</stage>
	<l id='11'>Ce docteur à mine profonde</l>
	<l id='12'>De prendre femme a quitté le dessein :</l>
	<l id='13'>Il a raison, ma foi peupler le monde,</l>
	<l id='14'>N'est pas le fait d'un Médecin.</l>
</sp>
<sp stage="sing" who='MONSIEUR RHUBARBINI'><speaker>MONSIEUR RHUBARBINI, répond sur le même air.</speaker>
	<l id='15'>Malgré nos fautes imprévues</l>
	<l id='16'>En pleure-t-il moins dans notre coffre-fort ?</l>
	<l id='17'>Lorsque la terre a couvert nos bévues,</l>
	<l id='18'>Ceux qui font morts ont toujours tort.</l>
</sp>
<sp who='SILVIA'><speaker>SILVIA.</speaker>
	<l id='19'>Quoiqu'on dise du mariage,</l>
	<l id='20'>Il faut qu'il soit d'un doux usage ,</l>
	<l id='21'>On a beau nous épouvanter,</l>
	<l id='22'>Rien ne nous en détourne.</l>
	<l id='23'>La jeune fille en veut tâter,</l>
	<l id='24'>Et la veuve y retourne.</l>
</sp>
</div2>
<div2 type="scene" n='22'><head>VAUDEVILLE.</head>
<sp who='ENSEMBLE'><speaker>ENSEMBLE.</speaker>
<poem type="vaudeville">
<lg n="1">
	<l id='25'>La plus fière douleur s'apaise :</l>
<note type="C">Il existe une comédie nommé Le Matronne d'Ephèse de Fatouville (1682) et un opéra-comique de Louis Fuzelier (1714).</note>
	<l id='26'>Comme la Matrone d'Ephèse, </l>
	<l id='27'>Une veuve est elle aux abois ?</l>
	<l id='28'>Un vivant de joyeux minois</l>
	<l id='29'>À la ragaillardir est prête,</l>
	<l id='30'>Et fait si bien du premier coup, zeste,</l>
	<l id='31'>Qu'à l'hymen elle reprend goût.</l>
	<l id='32'>Un amant avant l'hyménée,</l>
	<l id='33'>Enchanté de sa destinée,</l>
	<l id='34'>Croit que ses feux seront sans fin.</l>
	<l id='35'>L'hymen souhaité vient enfin,</l>
	<l id='36'>La première nuit l'amour reste,</l>
	<l id='37'>Mais souvent le petit malin zeste.</l>
	<l id='38'>S'envole dès le lendemain.</l>
</lg>
<lg n="2">
	<l id='39'>En vain dans son humeur jalouse,</l>
	<l id='40'>Un époux croit de son épouse,</l>
	<l id='41'>Écarter toujours les galants ;</l>
	<l id='42'>Que servent ses soins vigilants,</l>
	<l id='43'>Il ne faut qu'un moment funeste</l>
	<l id='44'>Un jeune gaillard qui plaira, zeste,</l>
	<l id='45'>À sa barbe lui croquera.</l>
</lg>
<lg n="2">
	<l id='46'>Les mères qui font les jeunettes,</l>
	<l id='47'>Ne veulent pas que leurs fillettes</l>
	<l id='48'>Fréquentent les jeunes garçons,</l>
	<l id='49'>Mais pour éluder leurs leçons,</l>
	<l id='50'>Nous en saurons toujours de reste.</l>
	<l id='51'>Quand on le garde trop longtemps, zeste,</l>
	<l id='52'>Notre honneur prend la clef des champs.</l>
</lg>
</poem>
</sp>
<sp stage="toward" who='ARLEQUIN'><speaker>ARLEQUIN, au Parterre.</speaker>
	<l id='53'>Quoique friand de ma nature,</l>
	<l id='54'>J'aime macaron, confiture,</l>
	<l id='55'>Et bon fromage de Milan ;</l>
	<l id='56'>De vos suffrages plus friand,</l>
	<l id='57'>Je les préfère à tout le reste,</l>
	<l id='58'>Je dis des mets les plus musqués, zeste,</l>
	<l id='59'>Messieurs si vous ne me claquez.</l>
</sp>
</div2>
</div1>
</body>
</text>
</TEI>
